example_id,source_example_id,text,label,label_name,split,original_valence_class,annotation_scale,binary_policy,annotation_letter,annotation,top_probability,second_letter,second_probability,probability_margin,probability_A,probability_B,probability_C,probability_D,probability_E
ait-test-2018-En-00008,2018-En-00008,@ArriFaun This was such a great way to start the day lmao 🤣😂,1,positive,test,2,ordinal_-3_to_3,negative=-3..-1; zero=excluded; positive=1..3,B,objectless_general,0.3435329794883728,E,0.2759733200073242,0.06755965948104858,0.07671297341585159,0.3435329794883728,0.15909750759601593,0.14468319714069366,0.2759733200073242
ait-test-2018-En-00011,2018-En-00011,"““In your anger do not sin”: Do not let the sun go down while you are still angry,”\nEphesians 4:26. #blessed #faith #christ #peace",1,positive,test,1,ordinal_-3_to_3,negative=-3..-1; zero=excluded; positive=1..3,E,ambiguous,0.9819214344024658,C,0.013650594279170036,0.9682708382606506,0.0014788293046876788,0.0024191802367568016,0.013650594279170036,0.0005298373871482909,0.9819214344024658
ait-test-2018-En-00013,2018-En-00013,"Mate moaned about racism in Tories, says 90% are racist.I said that's quite a sweeping generalisation to make, quite bigoted in fact #ironic",0,negative,test,-2,ordinal_-3_to_3,negative=-3..-1; zero=excluded; positive=1..3,E,ambiguous,0.7724261283874512,C,0.1480640172958374,0.6243621110916138,0.014118473045527935,0.05673370137810707,0.1480640172958374,0.008657637052237988,0.7724261283874512
ait-test-2018-En-00016,2018-En-00016,"Hailing from Izu Beach, a sparkling ★TWINKLE★ star, it's the newcomer everyone's been waiting for, Yohane♪",1,positive,test,2,ordinal_-3_to_3,negative=-3..-1; zero=excluded; positive=1..3,A,target_directed,0.3877107799053192,B,0.27048560976982117,0.11722517013549805,0.3877107799053192,0.27048560976982117,0.19059303402900696,0.07590338587760925,0.07530724257230759
ait-test-2018-En-00022,2018-En-00022,@RepLeeZeldin Horrible CNN interview.  U can't talk urself out if a paper bag. U don't even buy the crap that was coming out of ur mouth. 👎,0,negative,test,-3,ordinal_-3_to_3,negative=-3..-1; zero=excluded; positive=1..3,E,ambiguous,0.7182736992835999,C,0.15605951845645905,0.562214195728302,0.034938741475343704,0.06627792865037918,0.15605951845645905,0.024450095370411873,0.7182736992835999
ait-test-2018-En-00030,2018-En-00030,@LDN_Muscle a #bright and early session this morning before work! #fullbody #ldnmladies surprised that it actually helped reduce my #doms,1,positive,test,2,ordinal_-3_to_3,negative=-3..-1; zero=excluded; positive=1..3,B,objectless_general,0.4678310751914978,C,0.17257548868656158,0.2952556014060974,0.1197771430015564,0.4678310751914978,0.17257548868656158,0.1015641912817955,0.1382521092891693
ait-test-2018-En-00038,2018-En-00038,@SpacePootler Just ran out of data… #shiver,0,negative,test,-2,ordinal_-3_to_3,negative=-3..-1; zero=excluded; positive=1..3,C,reported_quoted,0.5775125026702881,B,0.20813918113708496,0.3693733215332031,0.058741845190525055,0.20813918113708496,0.5775125026702881,0.06822183728218079,0.08738463371992111
ait-test-2018-En-00041,2018-En-00041,@fuzzbish @LouiseMensch @realDonaldTrump Ha ha! Trump supporter calls someone else a narcissist! #irony,0,negative,test,-1,ordinal_-3_to_3,negative=-3..-1; zero=excluded; positive=1..3,E,ambiguous,0.9011780619621277,C,0.05385869741439819,0.8473193645477295,0.007112178951501846,0.031560059636831284,0.05385869741439819,0.0062909903936088085,0.9011780619621277
ait-test-2018-En-00042,2018-En-00042,"As for me, i fucking don't care how many cars they paraded up and down. None belongs to them anyway! Lol hehehe #fact #sarcasm lol 😉😊😂",1,positive,test,1,ordinal_-3_to_3,negative=-3..-1; zero=excluded; positive=1..3,E,ambiguous,0.9488431811332703,B,0.023449381813406944,0.92539381980896,0.004076944198459387,0.023449381813406944,0.020243067294359207,0.003387301228940487,0.9488431811332703
ait-test-2018-En-00043,2018-En-00043,it takes sadness to know happiness\nabsence to value presence,0,negative,test,-1,ordinal_-3_to_3,negative=-3..-1; zero=excluded; positive=1..3,B,objectless_general,0.33061549067497253,A,0.3085009753704071,0.02211451530456543,0.3085009753704071,0.33061549067497253,0.17921847105026245,0.0753539428114891,0.10631109774112701
ait-test-2018-En-00048,2018-En-00048,"Casper, Wyoming is just about  to witness totality 🌝🌚 #amazing #Eclipse2017",1,positive,test,1,ordinal_-3_to_3,negative=-3..-1; zero=excluded; positive=1..3,B,objectless_general,0.36980462074279785,C,0.3441564738750458,0.025648146867752075,0.11046323925256729,0.36980462074279785,0.3441564738750458,0.07494459301233292,0.10063108056783676
ait-test-2018-En-00051,2018-En-00051,"You aren't weathly until you have something, money can't but. \n #goodmorning   #bless #guidelife #usa #uk #ksa",1,positive,test,1,ordinal_-3_to_3,negative=-3..-1; zero=excluded; positive=1..3,E,ambiguous,0.4290226697921753,C,0.35037052631378174,0.07865214347839355,0.11637020111083984,0.0928768515586853,0.35037052631378174,0.011359748430550098,0.4290226697921753
ait-test-2018-En-00052,2018-En-00052,@VitaCocoUK WOW 😍 This is wonderfully exciting! Would be a very happy treat to win ✨ Thank you for the chance ❤️️ Retweeted &amp; Following 😀,1,positive,test,3,ordinal_-3_to_3,negative=-3..-1; zero=excluded; positive=1..3,A,target_directed,0.5252668261528015,E,0.29708072543144226,0.22818610072135925,0.5252668261528015,0.12505413591861725,0.026833057403564453,0.02576521225273609,0.29708072543144226
ait-test-2018-En-00055,2018-En-00055,Thx @DirectEnergy for hosting us @StampedeShaker ❤️ my boys @TomCochraneMUS @Trooper @Sloanmusic 😍 #great #nite,1,positive,test,3,ordinal_-3_to_3,negative=-3..-1; zero=excluded; positive=1..3,B,objectless_general,0.3415523171424866,C,0.23919489979743958,0.102357417345047,0.15077002346515656,0.3415523171424866,0.23919489979743958,0.10018365830183029,0.1682991236448288
ait-test-2018-En-00075,2018-En-00075,its #easy to be #unhappy 😐,0,negative,test,-3,ordinal_-3_to_3,negative=-3..-1; zero=excluded; positive=1..3,B,objectless_general,0.517033040523529,D,0.16415292024612427,0.3528801202774048,0.15904997289180756,0.517033040523529,0.11077163368463516,0.16415292024612427,0.04899240657687187
ait-test-2018-En-00086,2018-En-00086,@16_vica #strange but #amazing but I #love your #pictures 😍,1,positive,test,3,ordinal_-3_to_3,negative=-3..-1; zero=excluded; positive=1..3,B,objectless_general,0.3477756679058075,C,0.1967957466840744,0.1509799212217331,0.11843806505203247,0.3477756679058075,0.1967957466840744,0.1770092099905014,0.15998129546642303
ait-test-2018-En-00097,2018-En-00097,@BethRigby And you'd even worn an attention-grabbing bright green jacket too...,0,negative,test,-2,ordinal_-3_to_3,negative=-3..-1; zero=excluded; positive=1..3,C,reported_quoted,0.5056338906288147,E,0.19640259444713593,0.3092312812805176,0.05054668337106705,0.19078555703163147,0.5056338906288147,0.05663119629025459,0.19640259444713593
ait-test-2018-En-00115,2018-En-00115,I'm the wholesome drunk that sends people memes and compliments them at 2am on snap,1,positive,test,2,ordinal_-3_to_3,negative=-3..-1; zero=excluded; positive=1..3,E,ambiguous,0.5873926281929016,C,0.17422908544540405,0.41316354274749756,0.021473780274391174,0.14466430246829987,0.17422908544540405,0.07224029302597046,0.5873926281929016
ait-test-2018-En-00134,2018-En-00134,Y'all hate anything y'all not apart of or don't understand.. #miserable,0,negative,test,-2,ordinal_-3_to_3,negative=-3..-1; zero=excluded; positive=1..3,D,mixed,0.2936262786388397,A,0.19836358726024628,0.09526269137859344,0.19836358726024628,0.16708029806613922,0.14326533675193787,0.2936262786388397,0.19766448438167572
ait-test-2018-En-00136,2018-En-00136,@Steph_Ohio @gjarjour @UTAPOUT15 @TheHerd @ColinCowherd Starting a sentence with a conjunction is frowned upon. #ironic,0,negative,test,-2,ordinal_-3_to_3,negative=-3..-1; zero=excluded; positive=1..3,E,ambiguous,0.7391411662101746,C,0.21164676547050476,0.5274944305419922,0.009222415275871754,0.038380216807127,0.21164676547050476,0.001609455794095993,0.7391411662101746
ait-test-2018-En-00139,2018-En-00139,Sam all she fuckin said was about you meeting her rents on Friday which WAS GOING TO HAPPEN ANYWAY YOU DICK #cbb #cbbfinal #arsehole,0,negative,test,-3,ordinal_-3_to_3,negative=-3..-1; zero=excluded; positive=1..3,E,ambiguous,0.9476325511932373,C,0.027699070051312447,0.9199334979057312,0.0020859309006482363,0.020996034145355225,0.027699070051312447,0.0015864690067246556,0.9476325511932373
ait-test-2018-En-00141,2018-En-00141,I love it when my coworker talks to me about the most recent episode of a show I don't watch.... #sarcasm #idontgiveafuck,0,negative,test,-1,ordinal_-3_to_3,negative=-3..-1; zero=excluded; positive=1..3,E,ambiguous,0.8095046877861023,C,0.09064358472824097,0.7188611030578613,0.006754530593752861,0.07031472772359848,0.09064358472824097,0.02278243564069271,0.8095046877861023
ait-test-2018-En-00149,2018-En-00149,"@chuckwoolery I Feel sick reading this, when does it end? #dread #civil war? #sad",0,negative,test,-3,ordinal_-3_to_3,negative=-3..-1; zero=excluded; positive=1..3,E,ambiguous,0.39926043152809143,D,0.21156609058380127,0.18769434094429016,0.07228372246026993,0.1460842788219452,0.1708054542541504,0.21156609058380127,0.39926043152809143
ait-test-2018-En-00150,2018-En-00150,"Just a side #thought, everything takes #time and #effort ... #annoyed",0,negative,test,-2,ordinal_-3_to_3,negative=-3..-1; zero=excluded; positive=1..3,B,objectless_general,0.4551253318786621,C,0.30206945538520813,0.15305587649345398,0.046407684683799744,0.4551253318786621,0.30206945538520813,0.13304226100444794,0.06335524469614029
ait-test-2018-En-00165,2018-En-00165,No offense to the girl next to me but dousing yourself with cheap cologne won't hide your rank smell,0,negative,test,-2,ordinal_-3_to_3,negative=-3..-1; zero=excluded; positive=1..3,B,objectless_general,0.4128512144088745,E,0.1929396688938141,0.21991154551506042,0.07848160713911057,0.4128512144088745,0.18453320860862732,0.13119426369667053,0.1929396688938141
ait-test-2018-En-00178,2018-En-00178,Why do Liberal Americans spend so much time crying? And when they aren't crying they're burning the US flag or protesting! Embarrassing!😲😲🤧🤧,0,negative,test,-2,ordinal_-3_to_3,negative=-3..-1; zero=excluded; positive=1..3,E,ambiguous,0.7757720947265625,C,0.10027385503053665,0.6754982471466064,0.02979353629052639,0.07745859026908875,0.10027385503053665,0.016701890155673027,0.7757720947265625
ait-test-2018-En-00181,2018-En-00181,PUPPY FOR ADOPTIONS !!! Happy pics!! Please SHARE for exposure! Put out the word to good adopter prospects!...,1,positive,test,1,ordinal_-3_to_3,negative=-3..-1; zero=excluded; positive=1..3,E,ambiguous,0.38136640191078186,A,0.2435346096754074,0.13783179223537445,0.2435346096754074,0.13932405412197113,0.1623791605234146,0.07339580357074738,0.38136640191078186
ait-test-2018-En-00183,2018-En-00183,@DavidLammy This kind of abuse is UNBELIEVABLE and an absolute disgrace. It makes me sad to see this #dismayed,0,negative,test,-3,ordinal_-3_to_3,negative=-3..-1; zero=excluded; positive=1..3,E,ambiguous,0.6483688354492188,A,0.26592564582824707,0.3824431896209717,0.26592564582824707,0.04688185080885887,0.01514094416052103,0.023682737722992897,0.6483688354492188
ait-test-2018-En-00186,2018-En-00186,Nicole: we have to go somewhere warm and tropical\nMe: okay where?\nNicole: Oakland\n\nWhy does no one in my life ever look at a map?? #lost,0,negative,test,-1,ordinal_-3_to_3,negative=-3..-1; zero=excluded; positive=1..3,B,objectless_general,0.3470510244369507,C,0.23387838900089264,0.11317263543605804,0.09351036697626114,0.3470510244369507,0.23387838900089264,0.10857328772544861,0.21698686480522156
ait-test-2018-En-00188,2018-En-00188,"My body literally shaking, I ain't running on enough sleep to be getting this pissed off",0,negative,test,-3,ordinal_-3_to_3,negative=-3..-1; zero=excluded; positive=1..3,E,ambiguous,0.7390906810760498,D,0.08288651704788208,0.6562041640281677,0.02565462328493595,0.07974038273096085,0.0726277083158493,0.08288651704788208,0.7390906810760498
ait-test-2018-En-00193,2018-En-00193,Make her burst into laughter bcs of you.,1,positive,test,1,ordinal_-3_to_3,negative=-3..-1; zero=excluded; positive=1..3,B,objectless_general,0.46689721941947937,E,0.40655434131622314,0.060342878103256226,0.057207271456718445,0.46689721941947937,0.045829273760318756,0.023511873558163643,0.40655434131622314
ait-test-2018-En-00196,2018-En-00196,@Chris_Meloni Also? #irony,0,negative,test,-1,ordinal_-3_to_3,negative=-3..-1; zero=excluded; positive=1..3,E,ambiguous,0.927282989025116,C,0.0638105571269989,0.8634724617004395,0.0006221058429218829,0.007553070317953825,0.0638105571269989,0.0007312519010156393,0.927282989025116
ait-test-2018-En-00206,2018-En-00206,Uncharted 4 on Crushing is the least fun I've ever ha splaying a video game  ,0,negative,test,-1,ordinal_-3_to_3,negative=-3..-1; zero=excluded; positive=1..3,B,objectless_general,0.28913694620132446,C,0.23055173456668854,0.058585211634635925,0.1294877529144287,0.28913694620132446,0.23055173456668854,0.17157086730003357,0.1792527437210083
ait-test-2018-En-00213,2018-En-00213,the thing about living near campus during the summer is that it's a ghost town but now everyone is back and im #annoyed,0,negative,test,-3,ordinal_-3_to_3,negative=-3..-1; zero=excluded; positive=1..3,B,objectless_general,0.4566291868686676,D,0.24314986169338226,0.21347932517528534,0.09283250570297241,0.4566291868686676,0.1062174141407013,0.24314986169338226,0.10117103904485703
ait-test-2018-En-00220,2018-En-00220,Don't stop believin' came on in the car and I almost started crying. Who else misses glee. #glee,0,negative,test,-1,ordinal_-3_to_3,negative=-3..-1; zero=excluded; positive=1..3,B,objectless_general,0.33351895213127136,A,0.19216783344745636,0.141351118683815,0.19216783344745636,0.33351895213127136,0.17445695400238037,0.12036777287721634,0.17948845028877258
ait-test-2018-En-00221,2018-En-00221,Life is a #blessing,1,positive,test,3,ordinal_-3_to_3,negative=-3..-1; zero=excluded; positive=1..3,C,reported_quoted,0.36435824632644653,B,0.24520154297351837,0.11915670335292816,0.22191102802753448,0.24520154297351837,0.36435824632644653,0.0698508471250534,0.09867829829454422
ait-test-2018-En-00223,2018-En-00223,'You have an amazing problem here' - @sbxr has spotted a huge privacy issue for TracTAG 😱 #SharkTankAU,0,negative,test,-2,ordinal_-3_to_3,negative=-3..-1; zero=excluded; positive=1..3,C,reported_quoted,0.3588879108428955,B,0.3133549690246582,0.045532941818237305,0.2168419361114502,0.3133549690246582,0.3588879108428955,0.04868018999695778,0.06223501265048981
ait-test-2018-En-00229,2018-En-00229,"@LouiseODonoghu2 You really want Fabinho, lol 😃",1,positive,test,1,ordinal_-3_to_3,negative=-3..-1; zero=excluded; positive=1..3,E,ambiguous,0.37539246678352356,C,0.2995396852493286,0.07585278153419495,0.0505901463329792,0.17305797338485718,0.2995396852493286,0.10141972452402115,0.37539246678352356
ait-test-2018-En-00231,2018-En-00231,@SatisfyingTaste @TheAnimalVines I used to make the peanut butter energy balls all the time. My famjam loved them! #recipes #yummy,1,positive,test,1,ordinal_-3_to_3,negative=-3..-1; zero=excluded; positive=1..3,B,objectless_general,0.3782360255718231,C,0.2866266369819641,0.09160938858985901,0.18270041048526764,0.3782360255718231,0.2866266369819641,0.11548909544944763,0.03694789484143257
ait-test-2018-En-00235,2018-En-00235,"Even though it is raining, sun will shine #AndrewGoldman_I @AndrewGoldman_I #wisdom #think #philosophy #knowledge #life #happy #joy #best",1,positive,test,2,ordinal_-3_to_3,negative=-3..-1; zero=excluded; positive=1..3,C,reported_quoted,0.3670792877674103,B,0.27421534061431885,0.09286394715309143,0.15010207891464233,0.27421534061431885,0.3670792877674103,0.06922045350074768,0.13938286900520325
ait-test-2018-En-00243,2018-En-00243,"You are MINE, my baby, my headache, my love, my smile, my frown, my wrong, my right, my pain, my happiness, my everything.",1,positive,test,3,ordinal_-3_to_3,negative=-3..-1; zero=excluded; positive=1..3,E,ambiguous,0.874441921710968,A,0.06865140795707703,0.8057905435562134,0.06865140795707703,0.015437046065926552,0.026062404736876488,0.015407190658152103,0.874441921710968
ait-test-2018-En-00244,2018-En-00244,i love his smile,1,positive,test,2,ordinal_-3_to_3,negative=-3..-1; zero=excluded; positive=1..3,A,target_directed,0.39426323771476746,B,0.24112370610237122,0.15313953161239624,0.39426323771476746,0.24112370610237122,0.09388824552297592,0.08707224577665329,0.18365253508090973
ait-test-2018-En-00253,2018-En-00253,@WalmartToday your hitting it spot on with your commercials. Love the one with the town coming to eat and bringing chairs. #brilliant,1,positive,test,2,ordinal_-3_to_3,negative=-3..-1; zero=excluded; positive=1..3,E,ambiguous,0.34560999274253845,A,0.30245599150657654,0.043154001235961914,0.30245599150657654,0.2345581203699112,0.08828217536211014,0.02909371815621853,0.34560999274253845
ait-test-2018-En-00260,2018-En-00260,@tenderlove listened to your CUSEC 2015 talk again for inspiration in writing my own conference talk #tornado of #laughs,1,positive,test,2,ordinal_-3_to_3,negative=-3..-1; zero=excluded; positive=1..3,C,reported_quoted,0.9347234964370728,B,0.02483259327709675,0.90989089012146,0.003621239447966218,0.02483259327709675,0.9347234964370728,0.01901857741177082,0.017804047092795372
ait-test-2018-En-00285,2018-En-00285,Goddamn fucking piece of shit panic attacks...,0,negative,test,-3,ordinal_-3_to_3,negative=-3..-1; zero=excluded; positive=1..3,E,ambiguous,0.9786836504936218,C,0.009856495074927807,0.9688271284103394,0.0015415902016684413,0.00710282102227211,0.009856495074927807,0.002815510844811797,0.9786836504936218
ait-test-2018-En-00301,2018-En-00301,the only problem people should have in the morning is burning their tounges on hot coffee (like i just did),0,negative,test,-1,ordinal_-3_to_3,negative=-3..-1; zero=excluded; positive=1..3,B,objectless_general,0.4338427484035492,C,0.20629286766052246,0.22754988074302673,0.14850018918514252,0.4338427484035492,0.20629286766052246,0.07330877333879471,0.13805539906024933
ait-test-2018-En-00308,2018-En-00308,@ClairePotter @Mermaids_March @2minbeachclean Woohoo! Enjoy Claire! Happy Tuesday :D,1,positive,test,3,ordinal_-3_to_3,negative=-3..-1; zero=excluded; positive=1..3,E,ambiguous,0.573753297328949,A,0.15536367893218994,0.41838961839675903,0.15536367893218994,0.10481759160757065,0.08450151979923248,0.08156385272741318,0.573753297328949
ait-test-2018-En-00333,2018-En-00333,"My main concern are the children and his wife thats if she is still stuck with him and if she is, then she's strong af. Jeez 😟",0,negative,test,-3,ordinal_-3_to_3,negative=-3..-1; zero=excluded; positive=1..3,E,ambiguous,0.5274064540863037,B,0.14788059890270233,0.3795258402824402,0.06327304989099503,0.14788059890270233,0.13312357664108276,0.12831631302833557,0.5274064540863037
ait-test-2018-En-00337,2018-En-00337,@realDonaldTrump @seanhannity You are delusional as to what the word GREAT means to America.  #ironic,0,negative,test,-1,ordinal_-3_to_3,negative=-3..-1; zero=excluded; positive=1..3,E,ambiguous,0.9275335669517517,C,0.048392221331596375,0.8791413307189941,0.0027916962280869484,0.019281728193163872,0.048392221331596375,0.002000809647142887,0.9275335669517517
ait-test-2018-En-00358,2018-En-00358,"Why was 6 afraid of 7?\nCause 7 ate 9. BUT, why DID 7 eat 9??\nBecause you should eat 3 squared meals a day! 😜 #jokes #meme #dankmemes #funny",1,positive,test,3,ordinal_-3_to_3,negative=-3..-1; zero=excluded; positive=1..3,E,ambiguous,0.6096900105476379,B,0.14453040063381195,0.4651595950126648,0.10010889917612076,0.14453040063381195,0.1347392499446869,0.010931550525128841,0.6096900105476379
ait-test-2018-En-00359,2018-En-00359,how i drink two 40s and im still somewhat sober ?,0,negative,test,-2,ordinal_-3_to_3,negative=-3..-1; zero=excluded; positive=1..3,E,ambiguous,0.6726682782173157,C,0.1486271619796753,0.5240411162376404,0.01874648593366146,0.14209288358688354,0.1486271619796753,0.01786510832607746,0.6726682782173157
ait-test-2018-En-00362,2018-En-00362,@SteveConteNYC lovely! 😀,1,positive,test,1,ordinal_-3_to_3,negative=-3..-1; zero=excluded; positive=1..3,A,target_directed,0.7103070020675659,E,0.14620961248874664,0.5640974044799805,0.7103070020675659,0.08582719415426254,0.024149272590875626,0.033506911247968674,0.14620961248874664
ait-test-2018-En-00363,2018-En-00363,@MrLeBrun 0 for the summer #irony #totallyrossome #rulebreaker,0,negative,test,-2,ordinal_-3_to_3,negative=-3..-1; zero=excluded; positive=1..3,E,ambiguous,0.47860878705978394,C,0.3201439082622528,0.15846487879753113,0.023474587127566338,0.11881811916828156,0.3201439082622528,0.05895458161830902,0.47860878705978394
ait-test-2018-En-00376,2018-En-00376,@iamjannn And life is a nightmare,0,negative,test,-3,ordinal_-3_to_3,negative=-3..-1; zero=excluded; positive=1..3,E,ambiguous,0.5195646286010742,B,0.2220657914876938,0.29749882221221924,0.07885806262493134,0.2220657914876938,0.13122627139091492,0.04828530177474022,0.5195646286010742
ait-test-2018-En-00383,2018-En-00383,Every GIRL deserves a GUY who can make her SMILE :D,1,positive,test,2,ordinal_-3_to_3,negative=-3..-1; zero=excluded; positive=1..3,E,ambiguous,0.2996484339237213,A,0.24060212075710297,0.05904631316661835,0.24060212075710297,0.19411256909370422,0.07909239828586578,0.1865445226430893,0.2996484339237213
ait-test-2018-En-00384,2018-En-00384,When you tell your boyfriend you want a pot bellied pig and he replies with 'I've already got one' and points at you...😩🐷🐷 ,0,negative,test,-3,ordinal_-3_to_3,negative=-3..-1; zero=excluded; positive=1..3,C,reported_quoted,0.5377684235572815,B,0.2304159551858902,0.3073524832725525,0.033788762986660004,0.2304159551858902,0.5377684235572815,0.0649479404091835,0.13307884335517883
ait-test-2018-En-00398,2018-En-00398,But what about the emails??? #NotHilary #ironic #DonJr #TheEmails,0,negative,test,-2,ordinal_-3_to_3,negative=-3..-1; zero=excluded; positive=1..3,E,ambiguous,0.9273290038108826,C,0.048459962010383606,0.8788690567016602,0.0009594560251571238,0.02083895169198513,0.048459962010383606,0.002412679372355342,0.9273290038108826
ait-test-2018-En-00400,2018-En-00400,I woke up too moody who gon Die today 😠,0,negative,test,-3,ordinal_-3_to_3,negative=-3..-1; zero=excluded; positive=1..3,B,objectless_general,0.38217395544052124,D,0.2641245126724243,0.11804944276809692,0.1530560851097107,0.38217395544052124,0.14901261031627655,0.2641245126724243,0.05163291096687317
ait-test-2018-En-00407,2018-En-00407,madly in love with the love of @ActionBronson for food. &lt;3  &lt;3  &lt;3  #fuckthatis,1,positive,test,3,ordinal_-3_to_3,negative=-3..-1; zero=excluded; positive=1..3,A,target_directed,0.4677107334136963,E,0.23200573027133942,0.23570500314235687,0.4677107334136963,0.11675930768251419,0.06547105312347412,0.11805319041013718,0.23200573027133942
ait-test-2018-En-00408,2018-En-00408,@shaninphxaz @kaskade @SkylarGrey @YouTube Thanks. I appreciate that. It's just bad policy for crowd sourcing. #ironic.,0,negative,test,-2,ordinal_-3_to_3,negative=-3..-1; zero=excluded; positive=1..3,E,ambiguous,0.9341833591461182,C,0.05852862074971199,0.8756547570228577,0.0011693623382598162,0.005147967021912336,0.05852862074971199,0.0009706306154839694,0.9341833591461182
ait-test-2018-En-00417,2018-En-00417,@kylegriffin1 @tkdmike you mean the 🍊🤡 didn't tweet the correction...? #shocking,0,negative,test,-1,ordinal_-3_to_3,negative=-3..-1; zero=excluded; positive=1..3,E,ambiguous,0.4710376560688019,C,0.3103373050689697,0.16070035099983215,0.03471066430211067,0.12857401371002197,0.3103373050689697,0.05534035712480545,0.4710376560688019
ait-test-2018-En-00433,2018-En-00433,had noodles for tea\nyummmmmmy\n#yum #yummy #ddlg #abdl #chgl #noodles,1,positive,test,1,ordinal_-3_to_3,negative=-3..-1; zero=excluded; positive=1..3,C,reported_quoted,0.3673308491706848,A,0.205875962972641,0.16145488619804382,0.205875962972641,0.18126815557479858,0.3673308491706848,0.16578862071037292,0.07973643392324448
ait-test-2018-En-00442,2018-En-00442,Getting an unexpected phone call that instantly cheers you up &amp; makes you smile! :) #week12 #itsthelittlethings #smiles,1,positive,test,3,ordinal_-3_to_3,negative=-3..-1; zero=excluded; positive=1..3,A,target_directed,0.32361137866973877,B,0.28100672364234924,0.042604655027389526,0.32361137866973877,0.28100672364234924,0.04477677121758461,0.11871348321437836,0.2318916767835617
ait-test-2018-En-00443,2018-En-00443,Man having sinuses is some of the weakest shit 😡 my face and head still hurting smh,0,negative,test,-3,ordinal_-3_to_3,negative=-3..-1; zero=excluded; positive=1..3,E,ambiguous,0.44616663455963135,D,0.180921733379364,0.26524490118026733,0.09520858526229858,0.15246155858039856,0.1252414882183075,0.180921733379364,0.44616663455963135
ait-test-2018-En-00445,2018-En-00445,@Monarch Really??? I've had to hang up! ,0,negative,test,-2,ordinal_-3_to_3,negative=-3..-1; zero=excluded; positive=1..3,E,ambiguous,0.6011226177215576,C,0.22377640008926392,0.3773462176322937,0.02656492032110691,0.12416820228099823,0.22377640008926392,0.024367857724428177,0.6011226177215576
ait-test-2018-En-00453,2018-En-00453,I wanted to become the top idol! I will make everyone happy so cheer on me a lot♪,1,positive,test,2,ordinal_-3_to_3,negative=-3..-1; zero=excluded; positive=1..3,E,ambiguous,0.4086267054080963,A,0.2969209849834442,0.1117057204246521,0.2969209849834442,0.1559063196182251,0.05520918592810631,0.08333674818277359,0.4086267054080963
ait-test-2018-En-00466,2018-En-00466,Going to finally start getting ready for my move☺️ ,1,positive,test,1,ordinal_-3_to_3,negative=-3..-1; zero=excluded; positive=1..3,B,objectless_general,0.4151376783847809,A,0.31569725275039673,0.09944042563438416,0.31569725275039673,0.4151376783847809,0.054750192910432816,0.13648125529289246,0.0779336541891098
ait-test-2018-En-00474,2018-En-00474,@HundredRecs Nashville Sound lyric book edition! #glee,1,positive,test,1,ordinal_-3_to_3,negative=-3..-1; zero=excluded; positive=1..3,C,reported_quoted,0.37400349974632263,A,0.2321576178073883,0.14184588193893433,0.2321576178073883,0.22449959814548492,0.37400349974632263,0.08011424541473389,0.08922503143548965
ait-test-2018-En-00480,2018-En-00480,@BBCBreakfast @jeremycorbyn trying his best to derail #Brexit France turn out for #Trump . Corbyn didn't want him to come to UK #ironic,0,negative,test,-1,ordinal_-3_to_3,negative=-3..-1; zero=excluded; positive=1..3,E,ambiguous,0.5218687653541565,C,0.3370665907859802,0.18480217456817627,0.03079473413527012,0.09208808094263077,0.3370665907859802,0.018181877210736275,0.5218687653541565
ait-test-2018-En-00487,2018-En-00487,@sainsburys I been asked for appx 12th time in 48hrs to confirm details to another new rep to deal with my complaint re incompetence #ironic,0,negative,test,-1,ordinal_-3_to_3,negative=-3..-1; zero=excluded; positive=1..3,E,ambiguous,0.9089395999908447,C,0.058042652904987335,0.850896954536438,0.003067687153816223,0.025557052344083786,0.058042652904987335,0.004392934963107109,0.9089395999908447
ait-test-2018-En-00494,2018-En-00494,@RightNewsUK Poor dogs! Have to bite that sun of a bitch! 😠,0,negative,test,-3,ordinal_-3_to_3,negative=-3..-1; zero=excluded; positive=1..3,E,ambiguous,0.8679673671722412,B,0.05088324844837189,0.8170841336250305,0.01781386323273182,0.05088324844837189,0.0392761304974556,0.024059351533651352,0.8679673671722412
ait-test-2018-En-00499,2018-En-00499,No honestly nothing's more attractive than when boys act the hard man in front of their friends😩😩 #sarcasm,0,negative,test,-1,ordinal_-3_to_3,negative=-3..-1; zero=excluded; positive=1..3,E,ambiguous,0.696692705154419,C,0.17992271482944489,0.5167700052261353,0.01530806627124548,0.06674209237098694,0.17992271482944489,0.041334379464387894,0.696692705154419
ait-test-2018-En-00500,2018-En-00500,@ABCTV @AuSenate @annabelcrabb I confess I didn't watch last week. #bad Are you going to do an episode on accessibility?,0,negative,test,-2,ordinal_-3_to_3,negative=-3..-1; zero=excluded; positive=1..3,E,ambiguous,0.3322923183441162,C,0.24483807384967804,0.08745424449443817,0.06422752141952515,0.16217508912086487,0.24483807384967804,0.1964670568704605,0.3322923183441162
ait-test-2018-En-00507,2018-En-00507,That person that #TalksTooMuch it becomes fucking #frustrating &amp; you get #mad but u have to pretend ur interested cos ur a nice person,0,negative,test,-2,ordinal_-3_to_3,negative=-3..-1; zero=excluded; positive=1..3,B,objectless_general,0.36993035674095154,E,0.28538277745246887,0.08454757928848267,0.05492853373289108,0.36993035674095154,0.11940603703260422,0.17035233974456787,0.28538277745246887
ait-test-2018-En-00512,2018-En-00512,Today I'm #grateful for\n\nMy car\nMy phone\nMy thumbs\nGoing on walks\n@Twitter \n\nWhat are you grateful for today?,1,positive,test,2,ordinal_-3_to_3,negative=-3..-1; zero=excluded; positive=1..3,B,objectless_general,0.3886987864971161,D,0.20162349939346313,0.18707528710365295,0.17676308751106262,0.3886987864971161,0.1802518367767334,0.20162349939346313,0.052662789821624756
ait-test-2018-En-00514,2018-En-00514,Just watched #TheDarkTower &amp; I ask how did @StephenKing let them destroy a Literary masterpiece is beyond me. #crap #disappointment #fixit,0,negative,test,-3,ordinal_-3_to_3,negative=-3..-1; zero=excluded; positive=1..3,E,ambiguous,0.7627148032188416,B,0.09834777563810349,0.6643670201301575,0.036033712327480316,0.09834777563810349,0.06958290189504623,0.0333208404481411,0.7627148032188416
ait-test-2018-En-00528,2018-En-00528,@itvnews Pound has dropped despite #UK #Govt proposals - duh it's #BECAUSE of the #idiocy &amp; #arrogance of them that it's #dropped ☹️,0,negative,test,-3,ordinal_-3_to_3,negative=-3..-1; zero=excluded; positive=1..3,E,ambiguous,0.36116963624954224,C,0.2809242606163025,0.08024537563323975,0.1182364746928215,0.18610401451587677,0.2809242606163025,0.05356565862894058,0.36116963624954224
ait-test-2018-En-00538,2018-En-00538,@kwing @greggish @waldojaquith @nps Same thing happened to me the other day buying a tree #irony,0,negative,test,-1,ordinal_-3_to_3,negative=-3..-1; zero=excluded; positive=1..3,E,ambiguous,0.6753355264663696,C,0.20600970089435577,0.46932584047317505,0.015578355640172958,0.08509140461683273,0.20600970089435577,0.017985036596655846,0.6753355264663696
ait-test-2018-En-00544,2018-En-00544,@NathanSykes Happy Tuesday. I hope you have an amazing day. Proud of you &amp; blessed to know you. You make my world better by being in it.❤️,1,positive,test,3,ordinal_-3_to_3,negative=-3..-1; zero=excluded; positive=1..3,A,target_directed,0.5894845724105835,E,0.22894418239593506,0.36054039001464844,0.5894845724105835,0.09435504674911499,0.03735244646668434,0.04986369237303734,0.22894418239593506
ait-test-2018-En-00549,2018-En-00549,What's with that witch saying 2 popular youtubers are dating?! Lol #laughter #MSPDramaIsOverParty,1,positive,test,2,ordinal_-3_to_3,negative=-3..-1; zero=excluded; positive=1..3,E,ambiguous,0.6419920921325684,B,0.1463514268398285,0.49564066529273987,0.061629269272089005,0.1463514268398285,0.1159144714474678,0.03411271050572395,0.6419920921325684
ait-test-2018-En-00557,2018-En-00557,@joerogan I looked at the eclipse without glasses and now I have x-ray vision! #awesomeness,1,positive,test,3,ordinal_-3_to_3,negative=-3..-1; zero=excluded; positive=1..3,E,ambiguous,0.8022139072418213,B,0.07085102051496506,0.7313628792762756,0.04350882023572922,0.07085102051496506,0.04001414775848389,0.04341208562254906,0.8022139072418213
ait-test-2018-En-00560,2018-En-00560,Taking my first #CreativeWriting class this semester. Never before has my grade been based on writing short stories ,1,positive,test,1,ordinal_-3_to_3,negative=-3..-1; zero=excluded; positive=1..3,B,objectless_general,0.47461095452308655,A,0.34735003113746643,0.12726092338562012,0.34735003113746643,0.47461095452308655,0.06996160745620728,0.052984535694122314,0.055092886090278625
ait-test-2018-En-00568,2018-En-00568,@FoodwiseWomen @GilesMacDonogh Thank you 😊,1,positive,test,1,ordinal_-3_to_3,negative=-3..-1; zero=excluded; positive=1..3,A,target_directed,0.5534601807594299,C,0.13503806293010712,0.4184221029281616,0.5534601807594299,0.08155538141727448,0.13503806293010712,0.09938791394233704,0.13055850565433502
ait-test-2018-En-00569,2018-En-00569,@prisonerben1 Try explaining to Joe Public these charities do not simply give offenders 'treats' #despair,0,negative,test,-3,ordinal_-3_to_3,negative=-3..-1; zero=excluded; positive=1..3,B,objectless_general,0.2998463809490204,C,0.2749619781970978,0.024884402751922607,0.07972811907529831,0.2998463809490204,0.2749619781970978,0.08664629608392715,0.25881722569465637
ait-test-2018-En-00579,2018-En-00579,But also tomorrow's goal is to clean my room so like greatttt #sarcasm,0,negative,test,-1,ordinal_-3_to_3,negative=-3..-1; zero=excluded; positive=1..3,E,ambiguous,0.8149208426475525,C,0.08640830963850021,0.7285125255584717,0.012252382934093475,0.06557643413543701,0.08640830963850021,0.020842084661126137,0.8149208426475525
ait-test-2018-En-00580,2018-En-00580,Just tried @GoodmanBakery for the 1st time... GF for 13 yrs &amp; these are some of the best baked goods I've ever had! DF is a bonus! #yummy,1,positive,test,3,ordinal_-3_to_3,negative=-3..-1; zero=excluded; positive=1..3,E,ambiguous,0.3611840009689331,A,0.27441081404685974,0.08677318692207336,0.27441081404685974,0.15730400383472443,0.05874064937233925,0.14836058020591736,0.3611840009689331
ait-test-2018-En-00583,2018-En-00583,@Channel9 how could you put this show on air !! Disrespectful to so many mums and families 😡,0,negative,test,-3,ordinal_-3_to_3,negative=-3..-1; zero=excluded; positive=1..3,E,ambiguous,0.8420360088348389,B,0.08143749088048935,0.7605985403060913,0.022232241928577423,0.08143749088048935,0.038334596902132034,0.015959646552801132,0.8420360088348389
ait-test-2018-En-00584,2018-En-00584,"Koi to uso is off to a great start, enjoying it alot. Hope i don't lose interest midway just like i did with the manga xD",1,positive,test,1,ordinal_-3_to_3,negative=-3..-1; zero=excluded; positive=1..3,B,objectless_general,0.434443861246109,A,0.20342952013015747,0.23101434111595154,0.20342952013015747,0.434443861246109,0.09135961532592773,0.1449083536863327,0.12585869431495667
ait-test-2018-En-00585,2018-En-00585,@MaajidNawaz hahahaha the adverts in your show are begging to recruit teachers. Irony. #irony,1,positive,test,2,ordinal_-3_to_3,negative=-3..-1; zero=excluded; positive=1..3,E,ambiguous,0.9914335012435913,C,0.00632428890094161,0.9851092100143433,0.00015828381583560258,0.0018311066087335348,0.00632428890094161,0.00025288856704719365,0.9914335012435913
ait-test-2018-En-00587,2018-En-00587,'If I allow my worry to consume me - all that I worry about will be given the opportunity to manifest.' ~ #Eleesha ღ #quote #worry #trust,0,negative,test,-2,ordinal_-3_to_3,negative=-3..-1; zero=excluded; positive=1..3,A,target_directed,0.42139947414398193,B,0.22677364945411682,0.1946258246898651,0.42139947414398193,0.22677364945411682,0.1998947113752365,0.0497005321085453,0.10223165154457092
ait-test-2018-En-00588,2018-En-00588,"@NoahWebHouse A review of my book faulted me for spending so much time on Webster's introductory front matter. But I had to, #brilliant!",1,positive,test,1,ordinal_-3_to_3,negative=-3..-1; zero=excluded; positive=1..3,C,reported_quoted,0.45133641362190247,B,0.23319111764431,0.21814529597759247,0.12066638469696045,0.23319111764431,0.45133641362190247,0.01574980653822422,0.17905627191066742
ait-test-2018-En-00589,2018-En-00589,Best evening adult drink w/chocolate #satisfaction is @Nestle DARK hot chocolate + chili powder + cinnamon + whiskey #delicious ☕️,1,positive,test,3,ordinal_-3_to_3,negative=-3..-1; zero=excluded; positive=1..3,B,objectless_general,0.35318925976753235,C,0.33157044649124146,0.021618813276290894,0.10220391303300858,0.35318925976753235,0.33157044649124146,0.10055971890687943,0.112476646900177
ait-test-2018-En-00598,2018-En-00598,@amarakhbaranth1 Not answered my question - when the #AmarnathTerrorAttack perps are killed like rabid dogs will you praise army?,0,negative,test,-2,ordinal_-3_to_3,negative=-3..-1; zero=excluded; positive=1..3,E,ambiguous,0.6117973327636719,C,0.1889585554599762,0.4228387773036957,0.014457831159234047,0.16153544187545776,0.1889585554599762,0.023250889033079147,0.6117973327636719
ait-test-2018-En-00633,2018-En-00633,(y'all) #snap,0,negative,test,-2,ordinal_-3_to_3,negative=-3..-1; zero=excluded; positive=1..3,C,reported_quoted,0.5402611494064331,B,0.23354755342006683,0.3067135810852051,0.10834630578756332,0.23354755342006683,0.5402611494064331,0.055460769683122635,0.06238417699933052
ait-test-2018-En-00637,2018-En-00637,The only thing ironic about the song Ironic is the title. #ironic #notironic,0,negative,test,-2,ordinal_-3_to_3,negative=-3..-1; zero=excluded; positive=1..3,E,ambiguous,0.9615165591239929,C,0.026439398527145386,0.9350771903991699,0.0008519217954017222,0.010517066344618797,0.026439398527145386,0.0006750538595952094,0.9615165591239929
ait-test-2018-En-00642,2018-En-00642,@eavesdropann My pleasure my dear. 😘,1,positive,test,3,ordinal_-3_to_3,negative=-3..-1; zero=excluded; positive=1..3,C,reported_quoted,0.3100736737251282,A,0.2331976443529129,0.07687602937221527,0.2331976443529129,0.21775832772254944,0.3100736737251282,0.11604609340429306,0.12292426824569702
ait-test-2018-En-00643,2018-En-00643,@AGT I am sadden by this #great talent # RIP Brandon Rogers🙏# praying 4 his family may his short life brings you comfort# called home early,0,negative,test,-3,ordinal_-3_to_3,negative=-3..-1; zero=excluded; positive=1..3,A,target_directed,0.5137530565261841,C,0.28207725286483765,0.23167580366134644,0.5137530565261841,0.10458710044622421,0.28207725286483765,0.01636967994272709,0.08321283757686615
ait-test-2018-En-00652,2018-En-00652,@JeffreeStar may I ask a question please #scared,0,negative,test,-2,ordinal_-3_to_3,negative=-3..-1; zero=excluded; positive=1..3,C,reported_quoted,0.43139687180519104,B,0.22777201235294342,0.20362485945224762,0.043785348534584045,0.22777201235294342,0.43139687180519104,0.08875471353530884,0.20829102396965027
ait-test-2018-En-00672,2018-En-00672,when will i ever be happy with myself?,0,negative,test,-2,ordinal_-3_to_3,negative=-3..-1; zero=excluded; positive=1..3,E,ambiguous,0.6741732954978943,B,0.1886521279811859,0.4855211675167084,0.036083951592445374,0.1886521279811859,0.057345785200595856,0.04374485835433006,0.6741732954978943
ait-test-2018-En-00677,2018-En-00677,"@AWilliamson54 dude, you're killing it on KSR #hilarious #AradioNatural",1,positive,test,3,ordinal_-3_to_3,negative=-3..-1; zero=excluded; positive=1..3,E,ambiguous,0.44453126192092896,B,0.24398477375507355,0.2005464881658554,0.07195015251636505,0.24398477375507355,0.16371305286884308,0.07582076638936996,0.44453126192092896
ait-test-2018-En-00684,2018-En-00684,I feel so intimidated talking to chicken now that I know how pretty she is,0,negative,test,-2,ordinal_-3_to_3,negative=-3..-1; zero=excluded; positive=1..3,E,ambiguous,0.5165207386016846,C,0.15362532436847687,0.3628954291343689,0.04467640072107315,0.13680513203144073,0.15362532436847687,0.14837230741977692,0.5165207386016846
ait-test-2018-En-00687,2018-En-00687,"You turned my world with a smile, and you take my heart with a kiss",1,positive,test,3,ordinal_-3_to_3,negative=-3..-1; zero=excluded; positive=1..3,E,ambiguous,0.45074644684791565,A,0.25857099890708923,0.19217544794082642,0.25857099890708923,0.18576417863368988,0.03249799832701683,0.07242041081190109,0.45074644684791565
ait-test-2018-En-00690,2018-En-00690,"@na_dirs Omg you're savage prof, this is hilarious 🤣🤣",1,positive,test,3,ordinal_-3_to_3,negative=-3..-1; zero=excluded; positive=1..3,E,ambiguous,0.4256640076637268,C,0.205964133143425,0.21969987452030182,0.06916509568691254,0.19806846976280212,0.205964133143425,0.1011383980512619,0.4256640076637268
ait-test-2018-En-00691,2018-En-00691,Found out the peraon i liked wanted to that someone else #sadness,0,negative,test,-3,ordinal_-3_to_3,negative=-3..-1; zero=excluded; positive=1..3,C,reported_quoted,0.39615461230278015,B,0.22723053395748138,0.16892407834529877,0.19448739290237427,0.22723053395748138,0.39615461230278015,0.09922157973051071,0.08290589600801468
ait-test-2018-En-00700,2018-En-00700,@christinequinty I just knew. #delightful #Eclipse,1,positive,test,3,ordinal_-3_to_3,negative=-3..-1; zero=excluded; positive=1..3,E,ambiguous,0.9878629446029663,C,0.010219823569059372,0.9776431322097778,0.00021250089048407972,0.0007693032384850085,0.010219823569059372,0.0009355328511446714,0.9878629446029663
ait-test-2018-En-00705,2018-En-00705,Today all India Bank strike? WTH. Was this announced? What's this strike for? ,0,negative,test,-2,ordinal_-3_to_3,negative=-3..-1; zero=excluded; positive=1..3,E,ambiguous,0.8190739154815674,C,0.10741268843412399,0.7116612195968628,0.010407612659037113,0.05703327804803848,0.10741268843412399,0.0060725826770067215,0.8190739154815674
ait-test-2018-En-00707,2018-En-00707,Too much niggas knew where my mum lived so we moved her out 😊 definitely one of the best feelings recently lol,1,positive,test,2,ordinal_-3_to_3,negative=-3..-1; zero=excluded; positive=1..3,B,objectless_general,0.31102675199508667,D,0.24052856862545013,0.07049818336963654,0.1094423159956932,0.31102675199508667,0.16068778932094574,0.24052856862545013,0.17831456661224365
ait-test-2018-En-00713,2018-En-00713,@SpnTentation Thank you! My first solo run!  #excited #andnervous,1,positive,test,2,ordinal_-3_to_3,negative=-3..-1; zero=excluded; positive=1..3,B,objectless_general,0.34863513708114624,D,0.19092118740081787,0.15771394968032837,0.12824518978595734,0.34863513708114624,0.17911455035209656,0.19092118740081787,0.15308387577533722
ait-test-2018-En-00727,2018-En-00727,@GaryClarkJr  seriously best turn out for blues i have ever seen. #amazing,1,positive,test,3,ordinal_-3_to_3,negative=-3..-1; zero=excluded; positive=1..3,A,target_directed,0.41068702936172485,E,0.29580846428871155,0.1148785650730133,0.41068702936172485,0.16762614250183105,0.0775071382522583,0.048371169716119766,0.29580846428871155
ait-test-2018-En-00735,2018-En-00735,@MarcMero Happy Anniversary!! Have a great day!!,1,positive,test,3,ordinal_-3_to_3,negative=-3..-1; zero=excluded; positive=1..3,A,target_directed,0.6269208788871765,E,0.2571779191493988,0.3697429597377777,0.6269208788871765,0.08385653048753738,0.022207142785191536,0.009837607853114605,0.2571779191493988
ait-test-2018-En-00743,2018-En-00743,#Merkel has supported all #Israeli #terror initiatives opposing the #Palestinian bid for membership at the #UN.,0,negative,test,-1,ordinal_-3_to_3,negative=-3..-1; zero=excluded; positive=1..3,C,reported_quoted,0.5314304828643799,B,0.20999638736248016,0.3214340806007385,0.15976779162883759,0.20999638736248016,0.5314304828643799,0.009962392970919609,0.0888429656624794
ait-test-2018-En-00750,2018-En-00750,"Man, don't believe the hype, this #DJKhaled comp is garbage. #sad #terrible #trumpofhiphop",0,negative,test,-3,ordinal_-3_to_3,negative=-3..-1; zero=excluded; positive=1..3,E,ambiguous,0.4593107998371124,B,0.17007876932621002,0.2892320156097412,0.15161868929862976,0.17007876932621002,0.16819222271442413,0.05079955980181694,0.4593107998371124
ait-test-2018-En-00754,2018-En-00754,"@piersmorgan the defender of no competition, really wanted to win that argument #ironic",0,negative,test,-1,ordinal_-3_to_3,negative=-3..-1; zero=excluded; positive=1..3,E,ambiguous,0.8835279941558838,C,0.08421758562326431,0.7993103861808777,0.002761248731985688,0.026613296940922737,0.08421758562326431,0.002879877109080553,0.8835279941558838
ait-test-2018-En-00756,2018-En-00756,I've seen the innocence leave your eyes. I still mourn this death.,0,negative,test,-3,ordinal_-3_to_3,negative=-3..-1; zero=excluded; positive=1..3,E,ambiguous,0.4266268312931061,B,0.1869223713874817,0.2397044599056244,0.185606449842453,0.1869223713874817,0.08787434548139572,0.11297006905078888,0.4266268312931061
ait-test-2018-En-00783,2018-En-00783,Full of #optimism after the FP Summit yesterday. Thanks to @melindagates @FP2020Global @UNFPA and @DFID_UK we're thinking about #HerFuture,1,positive,test,3,ordinal_-3_to_3,negative=-3..-1; zero=excluded; positive=1..3,A,target_directed,0.4250594675540924,E,0.29444581270217896,0.13061365485191345,0.4250594675540924,0.178867906332016,0.019216233864426613,0.08241065591573715,0.29444581270217896
ait-test-2018-En-00787,2018-En-00787,@KokuKokuBoo It's kay. They were my main healer/caster in HW...but not for SB (for now) sadly.,0,negative,test,-3,ordinal_-3_to_3,negative=-3..-1; zero=excluded; positive=1..3,C,reported_quoted,0.46422094106674194,B,0.3400980532169342,0.12412288784980774,0.052391618490219116,0.3400980532169342,0.46422094106674194,0.10204079747200012,0.04124857857823372
ait-test-2018-En-00797,2018-En-00797,What if palindrome were a palindrome? #ironic,0,negative,test,-1,ordinal_-3_to_3,negative=-3..-1; zero=excluded; positive=1..3,E,ambiguous,0.9419028162956238,C,0.042796410620212555,0.8991063833236694,0.0008768123225308955,0.013745928183197975,0.042796410620212555,0.0006780418916605413,0.9419028162956238
ait-test-2018-En-00800,2018-En-00800,These guys really out here disrespecting women while their moms still be doing their laundry. 🤣 ,0,negative,test,-2,ordinal_-3_to_3,negative=-3..-1; zero=excluded; positive=1..3,B,objectless_general,0.4918491244316101,E,0.20803295075893402,0.2838161587715149,0.10325756669044495,0.4918491244316101,0.11393722146749496,0.08292311429977417,0.20803295075893402
ait-test-2018-En-00801,2018-En-00801,@MichaelGrantBks @BethellMarilyn @foxandfriends @realDonaldTrump You are a very bitter person.....sad!!,0,negative,test,-3,ordinal_-3_to_3,negative=-3..-1; zero=excluded; positive=1..3,E,ambiguous,0.5526455044746399,C,0.1870826780796051,0.3655628263950348,0.1491539031267166,0.07657426595687866,0.1870826780796051,0.034543637186288834,0.5526455044746399
ait-test-2018-En-00803,2018-En-00803,Also YAY @ChadHoy that's awesome about TX! &amp;I I'm not sure why but it makes me sad ur leaving Indy cuz it's not like we ever hang lol,0,negative,test,-2,ordinal_-3_to_3,negative=-3..-1; zero=excluded; positive=1..3,B,objectless_general,0.35834938287734985,D,0.24376507103443146,0.1145843118429184,0.08247468620538712,0.35834938287734985,0.08839740604162216,0.24376507103443146,0.2270134687423706
ait-test-2018-En-00804,2018-En-00804,"Morning! Good vibes today people!! It's July 11, 2017 at 09:00AM #goodmorning #twitter #happy",1,positive,test,3,ordinal_-3_to_3,negative=-3..-1; zero=excluded; positive=1..3,A,target_directed,0.5095147490501404,B,0.25862404704093933,0.25089070200920105,0.5095147490501404,0.25862404704093933,0.0286560095846653,0.046787794679403305,0.1564173400402069
ait-test-2018-En-00817,2018-En-00817,@Walu2go @ThisisLukeOwen Yes it is. I especially love the ramble chat love when they go off topic for like ten minutes. #awesomeness,1,positive,test,3,ordinal_-3_to_3,negative=-3..-1; zero=excluded; positive=1..3,B,objectless_general,0.23910263180732727,C,0.22134435176849365,0.017758280038833618,0.13124528527259827,0.23910263180732727,0.22134435176849365,0.19100302457809448,0.21730466187000275
ait-test-2018-En-00820,2018-En-00820,@talkfreelyalway @westbrookdanni Haha 👌🏼it's nice to know you take the time to find out so much about me too #flattered 😘,1,positive,test,3,ordinal_-3_to_3,negative=-3..-1; zero=excluded; positive=1..3,B,objectless_general,0.29422733187675476,C,0.26387903094291687,0.03034830093383789,0.09307051450014114,0.29422733187675476,0.26387903094291687,0.17182861268520355,0.17699450254440308
ait-test-2018-En-00827,2018-En-00827,@passagefoods @TKMaxx_UK @Tesco Yes!!! Thank you. Bought loads today! #happy,1,positive,test,3,ordinal_-3_to_3,negative=-3..-1; zero=excluded; positive=1..3,E,ambiguous,0.566358745098114,A,0.22171440720558167,0.34464433789253235,0.22171440720558167,0.08613907545804977,0.049238938838243484,0.07654882967472076,0.566358745098114
ait-test-2018-En-00830,2018-En-00830,Jon Snow is like a cat with 9 lives #GameOfThrones ,1,positive,test,1,ordinal_-3_to_3,negative=-3..-1; zero=excluded; positive=1..3,C,reported_quoted,0.5089339017868042,B,0.2571827173233032,0.251751184463501,0.11452208459377289,0.2571827173233032,0.5089339017868042,0.05455179139971733,0.06480953097343445
ait-test-2018-En-00831,2018-En-00831,@altontowers Loves the rich!!! Fuck us 'working class folk' and our kids! #fuming #joke #scandalous #disgusting #altontowers  😡😡,0,negative,test,-3,ordinal_-3_to_3,negative=-3..-1; zero=excluded; positive=1..3,E,ambiguous,0.748003363609314,A,0.07581725716590881,0.6721861362457275,0.07581725716590881,0.07114497572183609,0.07301865518093109,0.03201572597026825,0.748003363609314
ait-test-2018-En-00834,2018-En-00834,Lost my glasses right before I'm supposed to see a movie at the Chinese Theater. #pissed,0,negative,test,-3,ordinal_-3_to_3,negative=-3..-1; zero=excluded; positive=1..3,E,ambiguous,0.7878729701042175,A,0.10388597100973129,0.683987021446228,0.10388597100973129,0.04899940267205238,0.04539463669061661,0.01384701207280159,0.7878729701042175
ait-test-2018-En-00841,2018-En-00841,@scatteredmom Totally! He had 3 teenage girls(daughters +a friend) who were freaked out cuz their clothes &amp; bikes were destroyed. #ironic,0,negative,test,-3,ordinal_-3_to_3,negative=-3..-1; zero=excluded; positive=1..3,E,ambiguous,0.74884432554245,C,0.17477820813655853,0.5740661025047302,0.01223431434482336,0.06071487441658974,0.17477820813655853,0.0034282205160707235,0.74884432554245
ait-test-2018-En-00847,2018-En-00847,"@KatRamsland 'call to action by TV host John Oliver, who urged viewers to leave comments expressing their displeasure at the FCC's policies.",0,negative,test,-2,ordinal_-3_to_3,negative=-3..-1; zero=excluded; positive=1..3,C,reported_quoted,0.30087587237358093,E,0.2922564744949341,0.00861939787864685,0.21385201811790466,0.1802099645137787,0.30087587237358093,0.012805731035768986,0.2922564744949341
ait-test-2018-En-00868,2018-En-00868,"@virginmedia I was just on the phone are twenty minutes with 3 people, non could help and then it cut out your end. What's going on? #awful",0,negative,test,-3,ordinal_-3_to_3,negative=-3..-1; zero=excluded; positive=1..3,E,ambiguous,0.38239356875419617,C,0.2747288942337036,0.10766467452049255,0.06054939702153206,0.228266641497612,0.2747288942337036,0.054061535745859146,0.38239356875419617
ait-test-2018-En-00872,2018-En-00872,@PromilaSingh15 Thank you so much Promila aunty 😃,1,positive,test,3,ordinal_-3_to_3,negative=-3..-1; zero=excluded; positive=1..3,C,reported_quoted,0.31786060333251953,D,0.22694559395313263,0.0909150093793869,0.14420753717422485,0.2079009860754013,0.31786060333251953,0.22694559395313263,0.1030852422118187
ait-test-2018-En-00873,2018-En-00873,@OpenreachGB Not sure why a communication company can't communicate in less than five days - ironic #poorcustomerservice #ironic,0,negative,test,-3,ordinal_-3_to_3,negative=-3..-1; zero=excluded; positive=1..3,E,ambiguous,0.902441143989563,C,0.06558743864297867,0.8368536829948425,0.0013205088907852769,0.028362184762954712,0.06558743864297867,0.0022887305822223425,0.902441143989563
ait-test-2018-En-00875,2018-En-00875,@HuffPostUK As comical as this I really do despair for this country.,0,negative,test,-2,ordinal_-3_to_3,negative=-3..-1; zero=excluded; positive=1..3,E,ambiguous,0.5475608706474304,B,0.19132640957832336,0.35623446106910706,0.081764817237854,0.19132640957832336,0.09243474155664444,0.08691327273845673,0.5475608706474304
ait-test-2018-En-00882,2018-En-00882,Mother of two is texting and driving with a 'baby onboard' sticker in the back window #irony,0,negative,test,-1,ordinal_-3_to_3,negative=-3..-1; zero=excluded; positive=1..3,E,ambiguous,0.9695181250572205,C,0.023266291245818138,0.9462518095970154,0.00042250717524439096,0.006378898397088051,0.023266291245818138,0.00041420318302698433,0.9695181250572205
ait-test-2018-En-00886,2018-En-00886,"Just seeing school idols fills me with energy, makes me want to cheer for them and makes me also want to sing and dance together with them!",1,positive,test,3,ordinal_-3_to_3,negative=-3..-1; zero=excluded; positive=1..3,E,ambiguous,0.3109161853790283,B,0.2456202208995819,0.06529596447944641,0.21235910058021545,0.2456202208995819,0.04388584569096565,0.18721869587898254,0.3109161853790283
ait-test-2018-En-00893,2018-En-00893,Woke up with a horrible cloggy summer cold #attractive 😉😩,0,negative,test,-2,ordinal_-3_to_3,negative=-3..-1; zero=excluded; positive=1..3,C,reported_quoted,0.4592539668083191,B,0.248043492436409,0.2112104743719101,0.12459666281938553,0.248043492436409,0.4592539668083191,0.12626822292804718,0.04183770343661308
ait-test-2018-En-00897,2018-En-00897,Of course Molina #bitter,0,negative,test,-2,ordinal_-3_to_3,negative=-3..-1; zero=excluded; positive=1..3,A,target_directed,0.8839686512947083,B,0.05375741049647331,0.8302112221717834,0.8839686512947083,0.05375741049647331,0.03750753775238991,0.0032928611617535353,0.021473463624715805
ait-test-2018-En-00901,2018-En-00901,Feeling all Tuesday blah until @sarahmakesart sent over a bunch of hilarious memes. #spreadthelove ,1,positive,test,2,ordinal_-3_to_3,negative=-3..-1; zero=excluded; positive=1..3,B,objectless_general,0.46282392740249634,D,0.20739351212978363,0.2554304003715515,0.11498579382896423,0.46282392740249634,0.08192811906337738,0.20739351212978363,0.13286861777305603
ait-test-2018-En-00906,2018-En-00906,@kristeen_battle Your AVI♥♥♥A-one #smile #hairstyle #pretty,1,positive,test,1,ordinal_-3_to_3,negative=-3..-1; zero=excluded; positive=1..3,C,reported_quoted,0.28832003474235535,E,0.28814464807510376,0.00017538666725158691,0.22885340452194214,0.09065473079681396,0.28832003474235535,0.10402719676494598,0.28814464807510376
ait-test-2018-En-00908,2018-En-00908,@jessmacf_ But his mannerisms are hilarious !!,1,positive,test,1,ordinal_-3_to_3,negative=-3..-1; zero=excluded; positive=1..3,E,ambiguous,0.6876987218856812,B,0.16583974659442902,0.5218589901924133,0.04401789978146553,0.16583974659442902,0.07933451980352402,0.023109205067157745,0.6876987218856812
ait-test-2018-En-00913,2018-En-00913,@mythos1014 I think I will tomorrow. I ain't ready for all those feels though. 😥,0,negative,test,-2,ordinal_-3_to_3,negative=-3..-1; zero=excluded; positive=1..3,B,objectless_general,0.3357931077480316,D,0.24890421330928802,0.08688889443874359,0.0770551785826683,0.3357931077480316,0.21300345659255981,0.24890421330928802,0.12524406611919403
ait-test-2018-En-00915,2018-En-00915,@jaketapper So badly they talked adoption for 20 min. I would certainly trust what a Russian agent says. #sarcasm,0,negative,test,-2,ordinal_-3_to_3,negative=-3..-1; zero=excluded; positive=1..3,E,ambiguous,0.8518515229225159,C,0.08999314159154892,0.7618584036827087,0.004895780701190233,0.044925544410943985,0.08999314159154892,0.008334056474268436,0.8518515229225159
ait-test-2018-En-00926,2018-En-00926,"Williams Lake on evacuation alert as fires rage near the city of 10,000+. Developments from overnight + forecast - 5am @GlobalBCMorning",0,negative,test,-1,ordinal_-3_to_3,negative=-3..-1; zero=excluded; positive=1..3,E,ambiguous,0.3026634156703949,A,0.28036728501319885,0.022296130657196045,0.28036728501319885,0.15109887719154358,0.235961452126503,0.02990891970694065,0.3026634156703949
ait-test-2018-En-00927,2018-En-00927,@MarkACollett Un-fu**ing-real! So glad I don't live I the UK right now. My heart aches for my British cousins over there. 😞,0,negative,test,-2,ordinal_-3_to_3,negative=-3..-1; zero=excluded; positive=1..3,E,ambiguous,0.32712092995643616,D,0.21925948560237885,0.10786144435405731,0.13033929467201233,0.16323034465312958,0.16004997491836548,0.21925948560237885,0.32712092995643616
ait-test-2018-En-00933,2018-En-00933,“Laugh as much as you breath and love as long as you live.” ~Unknown #laugh,1,positive,test,2,ordinal_-3_to_3,negative=-3..-1; zero=excluded; positive=1..3,A,target_directed,0.5786219835281372,B,0.2674560546875,0.3111659288406372,0.5786219835281372,0.2674560546875,0.04038405790925026,0.028732549399137497,0.08480541408061981
ait-test-2018-En-00939,2018-En-00939,"@INFOSMESSl Happy birthday, hope you have a good day!",1,positive,test,3,ordinal_-3_to_3,negative=-3..-1; zero=excluded; positive=1..3,A,target_directed,0.4279996454715729,B,0.3721860349178314,0.055813610553741455,0.4279996454715729,0.3721860349178314,0.07352060824632645,0.02649502083659172,0.09979872405529022
ait-test-2018-En-00944,2018-En-00944,@SportsCenter No way?! #sarcasm,0,negative,test,-2,ordinal_-3_to_3,negative=-3..-1; zero=excluded; positive=1..3,E,ambiguous,0.983475923538208,C,0.010092834010720253,0.9733830690383911,0.0003793099895119667,0.005498724989593029,0.010092834010720253,0.0005532524082809687,0.983475923538208
ait-test-2018-En-00947,2018-En-00947,Rabbit races ... 😊 .. simply perfect! \n\nSo glad @LeBatardShow and @Stugotz790 are back!,1,positive,test,2,ordinal_-3_to_3,negative=-3..-1; zero=excluded; positive=1..3,E,ambiguous,0.43380066752433777,A,0.40095293521881104,0.03284773230552673,0.40095293521881104,0.07496414333581924,0.05211576074361801,0.03816646710038185,0.43380066752433777
ait-test-2018-En-00953,2018-En-00953,IT WASN'T ENOUGH 😢,0,negative,test,-3,ordinal_-3_to_3,negative=-3..-1; zero=excluded; positive=1..3,E,ambiguous,0.3694123327732086,C,0.3119295537471771,0.057482779026031494,0.07516828924417496,0.15821485221385956,0.3119295537471771,0.08527500927448273,0.3694123327732086
ait-test-2018-En-00954,2018-En-00954,Saddest part about messing up both my legs/ankles? I miss heels. Being a 7fg giant was fun. #sadness,0,negative,test,-3,ordinal_-3_to_3,negative=-3..-1; zero=excluded; positive=1..3,B,objectless_general,0.3305210471153259,A,0.29199275374412537,0.03852829337120056,0.29199275374412537,0.3305210471153259,0.15216463804244995,0.14784888923168182,0.07747270911931992
ait-test-2018-En-00958,2018-En-00958,Signs of Incipient Faggotry are the arsehole quivering and puckering.,0,negative,test,-2,ordinal_-3_to_3,negative=-3..-1; zero=excluded; positive=1..3,E,ambiguous,0.7436277866363525,C,0.1493113487958908,0.5943164229393005,0.03703964501619339,0.06050274148583412,0.1493113487958908,0.009518448263406754,0.7436277866363525
ait-test-2018-En-00975,2018-En-00975,"I actually hate Vision. Coming over from @emiswebsupport is like moving from Man City to QPR. A league below, past it and clouded in chaos.",0,negative,test,-2,ordinal_-3_to_3,negative=-3..-1; zero=excluded; positive=1..3,A,target_directed,0.9680215120315552,E,0.01797585003077984,0.950045645236969,0.9680215120315552,0.008342757821083069,0.0037318309769034386,0.0019280113046988845,0.01797585003077984
ait-test-2018-En-00981,2018-En-00981,"@BettyBowers @BWANA86a Hilarious, coming from a fake female. #ironic",1,positive,test,1,ordinal_-3_to_3,negative=-3..-1; zero=excluded; positive=1..3,E,ambiguous,0.9352359175682068,C,0.04317304491996765,0.8920629024505615,0.0009087437065318227,0.01784604601562023,0.04317304491996765,0.0028362853918224573,0.9352359175682068
ait-test-2018-En-01003,2018-En-01003,@vueling being stuffed into shuttles and airport hotel is not equivalent to arriving in Nice on time. Your #squad could also #smile more 😑,0,negative,test,-1,ordinal_-3_to_3,negative=-3..-1; zero=excluded; positive=1..3,E,ambiguous,0.44461578130722046,C,0.25046801567077637,0.1941477656364441,0.04912789165973663,0.19651025533676147,0.25046801567077637,0.0592779740691185,0.44461578130722046
ait-test-2018-En-01012,2018-En-01012,@itsjordansroom Good Morning to you as well Miss Jordan!! Have a cheerful day!,1,positive,test,2,ordinal_-3_to_3,negative=-3..-1; zero=excluded; positive=1..3,E,ambiguous,0.48590654134750366,A,0.21606846153736115,0.2698380947113037,0.21606846153736115,0.20485062897205353,0.04993780329823494,0.04323653131723404,0.48590654134750366
ait-test-2018-En-01018,2018-En-01018,"When Dino was making a fool of himself with that Ajekun iya stunt, y'll hailing him but a bereaved person got a chance to be joyful = abuse?",0,negative,test,-2,ordinal_-3_to_3,negative=-3..-1; zero=excluded; positive=1..3,D,mixed,0.4869157671928406,E,0.2603529691696167,0.22656279802322388,0.02247084677219391,0.10480878502130508,0.12545166909694672,0.4869157671928406,0.2603529691696167
ait-test-2018-En-01019,2018-En-01019,"@Taylor_Stanton3 @realChadJohnson 0% butt hurt, friend, just tried to make a joke. Should've put #sarcastic at the end.",0,negative,test,-2,ordinal_-3_to_3,negative=-3..-1; zero=excluded; positive=1..3,C,reported_quoted,0.5445143580436707,E,0.3057987093925476,0.23871564865112305,0.017061401158571243,0.08901354670524597,0.5445143580436707,0.04361196234822273,0.3057987093925476
ait-test-2018-En-01021,2018-En-01021,"No, I'm not 'depressed because of the weather,' I'm depressed because I have #depression #sicknotweak",0,negative,test,-3,ordinal_-3_to_3,negative=-3..-1; zero=excluded; positive=1..3,C,reported_quoted,0.45656269788742065,E,0.20148783922195435,0.2550748586654663,0.08497362583875656,0.17130835354328156,0.45656269788742065,0.08566753566265106,0.20148783922195435
ait-test-2018-En-01044,2018-En-01044,"'When I get sad, I stop being sad and be awesome instead. True Story.' \n- Barney Stinson @ActuallyNPH\n#brohosting #motivation #awesomeness",1,positive,test,1,ordinal_-3_to_3,negative=-3..-1; zero=excluded; positive=1..3,B,objectless_general,0.28922808170318604,E,0.28921759128570557,1.049041748046875e-05,0.10448607057332993,0.28922808170318604,0.16433453559875488,0.15273377299308777,0.28921759128570557
ait-test-2018-En-01047,2018-En-01047,Lock him up! Lock him up! #irony,0,negative,test,-1,ordinal_-3_to_3,negative=-3..-1; zero=excluded; positive=1..3,E,ambiguous,0.9950653910636902,B,0.0029229377396404743,0.9921424388885498,0.00019418250303715467,0.0029229377396404743,0.0016660973196849227,0.00015133798297028989,0.9950653910636902
ait-test-2018-En-01050,2018-En-01050,"@COFFEECOWal Really Sad News, it's been a pleasure over the years, all the best for the future.",0,negative,test,-2,ordinal_-3_to_3,negative=-3..-1; zero=excluded; positive=1..3,B,objectless_general,0.40500640869140625,C,0.27996939420700073,0.12503701448440552,0.19741900265216827,0.40500640869140625,0.27996939420700073,0.07237319648265839,0.04523197561502457
ait-test-2018-En-01057,2018-En-01057,That maybe she just lost her job in the recession and is trying out a new career path,0,negative,test,-2,ordinal_-3_to_3,negative=-3..-1; zero=excluded; positive=1..3,B,objectless_general,0.5907924175262451,E,0.11914541572332382,0.4716469943523407,0.07795169204473495,0.5907924175262451,0.10158541053533554,0.11052512377500534,0.11914541572332382
ait-test-2018-En-01079,2018-En-01079,@villodotexe This is the most fucking cursed FEHeroes unit I've ever had the displeasure of seeing,0,negative,test,-2,ordinal_-3_to_3,negative=-3..-1; zero=excluded; positive=1..3,E,ambiguous,0.6811825037002563,B,0.11946730315685272,0.5617151856422424,0.052543189376592636,0.11946730315685272,0.09918498992919922,0.04762198030948639,0.6811825037002563
ait-test-2018-En-01082,2018-En-01082,"Request MRI 2 years ago, Neuro only requested last year, I'm still waiting on appointment  #mssucks #healthcareFail",0,negative,test,-2,ordinal_-3_to_3,negative=-3..-1; zero=excluded; positive=1..3,C,reported_quoted,0.4410858154296875,E,0.24064217507839203,0.20044364035129547,0.050599366426467896,0.20411935448646545,0.4410858154296875,0.06355328857898712,0.24064217507839203
ait-test-2018-En-01084,2018-En-01084,"@jonesy031184 Yeah I've had that, l say hopefully you'll never get it then you horrific waste of skin.",0,negative,test,-2,ordinal_-3_to_3,negative=-3..-1; zero=excluded; positive=1..3,E,ambiguous,0.8416190147399902,C,0.07675530761480331,0.7648637294769287,0.0034176430199295282,0.06577838957309723,0.07675530761480331,0.012429582886397839,0.8416190147399902
ait-test-2018-En-01088,2018-En-01088,@ThePURCompany I have tried #PUR Mojito Lime mints They are #delicious 😘Happy #NationalMojitoDay to all #contest #win ✅💚,1,positive,test,3,ordinal_-3_to_3,negative=-3..-1; zero=excluded; positive=1..3,B,objectless_general,0.2851397693157196,C,0.23949748277664185,0.04564228653907776,0.20264609158039093,0.2851397693157196,0.23949748277664185,0.15312759578227997,0.11958914250135422
ait-test-2018-En-01095,2018-En-01095,Maggie Smith does not get the credit she deserves 😂 hilarious and brilliant actress!,1,positive,test,3,ordinal_-3_to_3,negative=-3..-1; zero=excluded; positive=1..3,E,ambiguous,0.6014592051506042,A,0.261088490486145,0.34037071466445923,0.261088490486145,0.08486606925725937,0.022720208391547203,0.02986600436270237,0.6014592051506042
ait-test-2018-En-01100,2018-En-01100,The way this British(?) lass is bottling it at the crucial points she could well be from Brighton rather than Australia/Croatia #irony,0,negative,test,-1,ordinal_-3_to_3,negative=-3..-1; zero=excluded; positive=1..3,E,ambiguous,0.9345682263374329,C,0.044424429535865784,0.8901438117027283,0.002075104508548975,0.01747097447514534,0.044424429535865784,0.00146119121927768,0.9345682263374329
ait-test-2018-En-01105,2018-En-01105,Is it okay to think you are going to die alone? #sadness,0,negative,test,-3,ordinal_-3_to_3,negative=-3..-1; zero=excluded; positive=1..3,A,target_directed,0.3255041837692261,C,0.2609052062034607,0.06459897756576538,0.3255041837692261,0.21845857799053192,0.2609052062034607,0.05903758853673935,0.13609442114830017
ait-test-2018-En-01112,2018-En-01112,"@_mayatp Looks it's daisy in her natural habitat, doing her natural face, with the natural annoying growl that turns into a terrible bark",0,negative,test,-1,ordinal_-3_to_3,negative=-3..-1; zero=excluded; positive=1..3,B,objectless_general,0.46192750334739685,A,0.17935119569301605,0.282576322555542,0.17935119569301605,0.46192750334739685,0.1525653749704361,0.13062383234500885,0.07553210109472275
ait-test-2018-En-01113,2018-En-01113,#jeremyvine take a slightly dull subject and makes it so tediously boring you actually want to rip your own throat out!,0,negative,test,-3,ordinal_-3_to_3,negative=-3..-1; zero=excluded; positive=1..3,E,ambiguous,0.7485834956169128,B,0.0936451107263565,0.6549383997917175,0.05773656442761421,0.0936451107263565,0.07308629155158997,0.026948606595396996,0.7485834956169128
ait-test-2018-En-01115,2018-En-01115,@skottk @JesseAlderson I'm basically throwing the kitchen sink at this one.,0,negative,test,-2,ordinal_-3_to_3,negative=-3..-1; zero=excluded; positive=1..3,E,ambiguous,0.6230408549308777,D,0.17091242969036102,0.45212841033935547,0.02637234330177307,0.11180483549833298,0.06786947697401047,0.17091242969036102,0.6230408549308777
ait-test-2018-En-01119,2018-En-01119,I cry whenever they call me mico chan 😭,0,negative,test,-3,ordinal_-3_to_3,negative=-3..-1; zero=excluded; positive=1..3,C,reported_quoted,0.47210684418678284,E,0.17894768714904785,0.293159157037735,0.1459949016571045,0.11819329857826233,0.47210684418678284,0.08475718647241592,0.17894768714904785
ait-test-2018-En-01133,2018-En-01133,I'm kinda glad that I know about 2 to 4 people in all my classes that I can talk to #relieved,1,positive,test,2,ordinal_-3_to_3,negative=-3..-1; zero=excluded; positive=1..3,B,objectless_general,0.4134940207004547,C,0.24032102525234222,0.1731729954481125,0.037351205945014954,0.4134940207004547,0.24032102525234222,0.19427594542503357,0.11455778777599335
ait-test-2018-En-01138,2018-En-01138,Marriage is the mourning after the knot before.         #laugh #punoftheday,1,positive,test,1,ordinal_-3_to_3,negative=-3..-1; zero=excluded; positive=1..3,C,reported_quoted,0.40707576274871826,B,0.2330814152956009,0.17399434745311737,0.17349642515182495,0.2330814152956009,0.40707576274871826,0.07831335812807083,0.1080329641699791
ait-test-2018-En-01144,2018-En-01144,I see where Farrah gets her rudeness from. Her mother was as horrible to Dr Drew tonight  as she was. These women need help #TeenMomOG,0,negative,test,-2,ordinal_-3_to_3,negative=-3..-1; zero=excluded; positive=1..3,C,reported_quoted,0.4115833044052124,E,0.25553596019744873,0.15604734420776367,0.062468718737363815,0.22591695189476013,0.4115833044052124,0.04449502006173134,0.25553596019744873
ait-test-2018-En-01151,2018-En-01151,Well played radio station. Playing the song 'Total Eclipse of the Heart' at the start of the eclipse! #Eclipse #brilliant,1,positive,test,2,ordinal_-3_to_3,negative=-3..-1; zero=excluded; positive=1..3,C,reported_quoted,0.3049885034561157,B,0.24845808744430542,0.0565304160118103,0.18908004462718964,0.24845808744430542,0.3049885034561157,0.031896062195301056,0.22557735443115234
ait-test-2018-En-01153,2018-En-01153,I love when gg cheering up eo. Apink rv mamamoo jjang!!!!,1,positive,test,2,ordinal_-3_to_3,negative=-3..-1; zero=excluded; positive=1..3,E,ambiguous,0.35101571679115295,A,0.26447129249572754,0.08654442429542542,0.26447129249572754,0.17871420085430145,0.06976677477359772,0.13603200018405914,0.35101571679115295
ait-test-2018-En-01160,2018-En-01160,"@_lanimoreno and I had Chem, Anatomy, and now IB Sports together (': #amazing",1,positive,test,3,ordinal_-3_to_3,negative=-3..-1; zero=excluded; positive=1..3,B,objectless_general,0.4161708354949951,C,0.2635532319545746,0.15261760354042053,0.12741003930568695,0.4161708354949951,0.2635532319545746,0.12008052319288254,0.07278544455766678
ait-test-2018-En-01166,2018-En-01166,"no offense to those who love k culture, u can love it all you want bbs!! 💖 but i just personally want to get to know my own country's-",1,positive,test,1,ordinal_-3_to_3,negative=-3..-1; zero=excluded; positive=1..3,B,objectless_general,0.30453160405158997,C,0.25070831179618835,0.05382329225540161,0.10686048120260239,0.30453160405158997,0.25070831179618835,0.13836795091629028,0.1995316445827484
ait-test-2018-En-01171,2018-En-01171,i just read an article titled - what 12 indian men think about women's fashion choices and im so done with the internet for today. #ironic,1,positive,test,1,ordinal_-3_to_3,negative=-3..-1; zero=excluded; positive=1..3,E,ambiguous,0.9919992089271545,C,0.0039849611930549145,0.9880142211914062,0.0002780809300020337,0.00352965178899467,0.0039849611930549145,0.00020810026035178453,0.9919992089271545
ait-test-2018-En-01177,2018-En-01177,Whether my glass is half empty or its half full. I'm just grateful I even have a glass and that there's something in it.\n #optimism 🤔,1,positive,test,2,ordinal_-3_to_3,negative=-3..-1; zero=excluded; positive=1..3,B,objectless_general,0.40543627738952637,A,0.29853397607803345,0.10690230131149292,0.29853397607803345,0.40543627738952637,0.10669824481010437,0.13465070724487305,0.05468083918094635
ait-test-2018-En-01188,2018-En-01188,@help_dms___ So good lunch 😊,1,positive,test,3,ordinal_-3_to_3,negative=-3..-1; zero=excluded; positive=1..3,A,target_directed,0.3653183579444885,B,0.24441508948802948,0.12090326845645905,0.3653183579444885,0.24441508948802948,0.1277810037136078,0.15979741513729095,0.10268823802471161
ait-test-2018-En-01195,2018-En-01195,Spread smiles around everywhere you go\n#spreadingsmiles #smiles #healtyliving #LaughOutLoud #happinessallaround,1,positive,test,3,ordinal_-3_to_3,negative=-3..-1; zero=excluded; positive=1..3,A,target_directed,0.4071020483970642,B,0.3266873359680176,0.08041471242904663,0.4071020483970642,0.3266873359680176,0.12931601703166962,0.0711236372590065,0.0657709613442421
ait-test-2018-En-01201,2018-En-01201,"Just when you thought the weather would be peachy for the rest of the day, downpour happens. #murphysucks #ironic",0,negative,test,-3,ordinal_-3_to_3,negative=-3..-1; zero=excluded; positive=1..3,E,ambiguous,0.6208114624023438,B,0.22595562040805817,0.3948558568954468,0.01502216886729002,0.22595562040805817,0.11223676800727844,0.025974007323384285,0.6208114624023438
ait-test-2018-En-01211,2018-En-01211,Can finally start looking forward to my sisters wedding on Friday now the car is sorted ☺️🎉👰🏻 #relieved,1,positive,test,3,ordinal_-3_to_3,negative=-3..-1; zero=excluded; positive=1..3,E,ambiguous,0.2893623113632202,B,0.25594455003738403,0.03341776132583618,0.10290075838565826,0.25594455003738403,0.2125086784362793,0.1392836719751358,0.2893623113632202
ait-test-2018-En-01212,2018-En-01212,TARED tabby abaci rabid each dabs,0,negative,test,-2,ordinal_-3_to_3,negative=-3..-1; zero=excluded; positive=1..3,E,ambiguous,0.8241461515426636,C,0.09217696636915207,0.7319691777229309,0.022728314623236656,0.054261475801467896,0.09217696636915207,0.006687129382044077,0.8241461515426636
ait-test-2018-En-01213,2018-En-01213,I have so many things to look forward to ☺️ #positive  #lifeisgood,1,positive,test,3,ordinal_-3_to_3,negative=-3..-1; zero=excluded; positive=1..3,B,objectless_general,0.33379048109054565,E,0.2331264466047287,0.10066403448581696,0.21633459627628326,0.33379048109054565,0.07263723015785217,0.1441112905740738,0.2331264466047287
ait-test-2018-En-01220,2018-En-01220,Stranger Things S2 25secs teaser! #excited 😲,1,positive,test,3,ordinal_-3_to_3,negative=-3..-1; zero=excluded; positive=1..3,A,target_directed,0.4151224195957184,E,0.2490733414888382,0.1660490781068802,0.4151224195957184,0.20082013309001923,0.06959312409162521,0.06539102643728256,0.2490733414888382
ait-test-2018-En-01236,2018-En-01236,@denisebatters I blame @stephenharper for these terrible terrible rules. ,0,negative,test,-3,ordinal_-3_to_3,negative=-3..-1; zero=excluded; positive=1..3,E,ambiguous,0.6024000644683838,B,0.1582643985748291,0.4441356658935547,0.15216976404190063,0.1582643985748291,0.06050632521510124,0.02665943279862404,0.6024000644683838
ait-test-2018-En-01241,2018-En-01241,"#smiles are great investment. The more we collect, the better we feel.. have a nice smiling day... #goodmorning",1,positive,test,2,ordinal_-3_to_3,negative=-3..-1; zero=excluded; positive=1..3,A,target_directed,0.39471685886383057,E,0.24694107472896576,0.1477757841348648,0.39471685886383057,0.17945431172847748,0.08577332645654678,0.09311440587043762,0.24694107472896576
ait-test-2018-En-01248,2018-En-01248,Hello everyone! How are you? Sinong excited na for live shows? Hahaha don't worry we are too 😃😬,1,positive,test,3,ordinal_-3_to_3,negative=-3..-1; zero=excluded; positive=1..3,B,objectless_general,0.4793994426727295,D,0.15003280341625214,0.32936662435531616,0.14637041091918945,0.4793994426727295,0.11095965653657913,0.15003280341625214,0.11323773860931396
ait-test-2018-En-01256,2018-En-01256,I got striked by #awesomeness and blinding people by all the #glory! #nosleep48,1,positive,test,2,ordinal_-3_to_3,negative=-3..-1; zero=excluded; positive=1..3,E,ambiguous,0.7122357487678528,A,0.12018519639968872,0.5920505523681641,0.12018519639968872,0.08553217351436615,0.05738767236471176,0.02465912140905857,0.7122357487678528
ait-test-2018-En-01264,2018-En-01264,I got to ride with and witness Amanda Coker break a 77 year old bicycling world record. Awesome athlete!  #amandacoker #tdf #relentless,1,positive,test,3,ordinal_-3_to_3,negative=-3..-1; zero=excluded; positive=1..3,A,target_directed,0.4820113182067871,E,0.28791821002960205,0.19409310817718506,0.4820113182067871,0.12962499260902405,0.05340375006198883,0.04704171046614647,0.28791821002960205
ait-test-2018-En-01270,2018-En-01270,@djsantero I'm feeling bad for the family dog.  #nightmare,0,negative,test,-3,ordinal_-3_to_3,negative=-3..-1; zero=excluded; positive=1..3,B,objectless_general,0.2566855847835541,A,0.24098849296569824,0.015697091817855835,0.24098849296569824,0.2566855847835541,0.23672977089881897,0.2409861981868744,0.02460993453860283
ait-test-2018-En-01281,2018-En-01281,Good morning family to all of you who took the time to wish mom a HAPPY BIRTHDAY Thank you from my ❤ love you be blessed,1,positive,test,3,ordinal_-3_to_3,negative=-3..-1; zero=excluded; positive=1..3,A,target_directed,0.46225714683532715,E,0.18241339921951294,0.2798437476158142,0.46225714683532715,0.1814587563276291,0.12486889213323593,0.04900187626481056,0.18241339921951294
ait-test-2018-En-01286,2018-En-01286,@cnn please get Sebstian Gorka off of my tv.  The whole trump admin. needs to stop deflecting by talking about Hillary.  #awful,0,negative,test,-3,ordinal_-3_to_3,negative=-3..-1; zero=excluded; positive=1..3,E,ambiguous,0.6760089993476868,B,0.1307806372642517,0.5452283620834351,0.040883999317884445,0.1307806372642517,0.09992551058530807,0.0524008572101593,0.6760089993476868
ait-test-2018-En-01316,2018-En-01316,The formula of happiness rather than inertia. #elated,1,positive,test,2,ordinal_-3_to_3,negative=-3..-1; zero=excluded; positive=1..3,A,target_directed,0.3084416389465332,C,0.2634218633174896,0.04501977562904358,0.3084416389465332,0.1846199780702591,0.2634218633174896,0.05290751904249191,0.19060909748077393
ait-test-2018-En-01323,2018-En-01323,going to sleep was a bad idea i had a horrible nightmare abt what i hate the most in a nightmare but its fine im ok,0,negative,test,-3,ordinal_-3_to_3,negative=-3..-1; zero=excluded; positive=1..3,B,objectless_general,0.2578190267086029,E,0.2462952733039856,0.01152375340461731,0.1313747614622116,0.2578190267086029,0.1533195823431015,0.211191326379776,0.2462952733039856
ait-test-2018-En-01324,2018-En-01324,"Smiles and laughter are always good, but never forget your Poker Face - Kaito Kid  #DCQuotes",1,positive,test,1,ordinal_-3_to_3,negative=-3..-1; zero=excluded; positive=1..3,B,objectless_general,0.3356953561306,C,0.22616194188594818,0.1095334142446518,0.220785990357399,0.3356953561306,0.22616194188594818,0.12966126203536987,0.08769538253545761
ait-test-2018-En-01330,2018-En-01330,"ENTRYLOG: CSEternity- With time on my hands for half an hour, I feel slightly melancholy, for some reason….\n  .",0,negative,test,-1,ordinal_-3_to_3,negative=-3..-1; zero=excluded; positive=1..3,C,reported_quoted,0.9885041117668152,D,0.006273883394896984,0.9822302460670471,0.0011580531718209386,0.0028568103443831205,0.9885041117668152,0.006273883394896984,0.0012071281671524048
ait-test-2018-En-01338,2018-En-01338,@Za1d hota hai terrorism ka majhab hota hai and dat is Islam soldiers of allah killing innocent people around the world #RadicalIslam,0,negative,test,-2,ordinal_-3_to_3,negative=-3..-1; zero=excluded; positive=1..3,E,ambiguous,0.4938281178474426,C,0.2629433274269104,0.23088479042053223,0.07994913309812546,0.1487164944410324,0.2629433274269104,0.014562901109457016,0.4938281178474426
ait-test-2018-En-01341,2018-En-01341,"@joshgroban Too bad it's a slow news day, huh? #sarcasm",0,negative,test,-1,ordinal_-3_to_3,negative=-3..-1; zero=excluded; positive=1..3,E,ambiguous,0.6238009929656982,B,0.21686452627182007,0.4069364666938782,0.006144725251942873,0.21686452627182007,0.13866521418094635,0.014524556696414948,0.6238009929656982
ait-test-2018-En-01349,2018-En-01349,@DPD_UK apparently u left a calling card... @ which address cos it certainly wasn't the address u were supposed to be delivering 2!!! #awful,0,negative,test,-3,ordinal_-3_to_3,negative=-3..-1; zero=excluded; positive=1..3,E,ambiguous,0.46327483654022217,C,0.23288123309612274,0.23039360344409943,0.0664612203836441,0.1895323544740677,0.23288123309612274,0.047850411385297775,0.46327483654022217
ait-test-2018-En-01351,2018-En-01351,"@alb353 @thehugheslady @TelegraphNews @paulwestonlibgb Here you go, why not lionise this fellow....😒 #sarcasm",0,negative,test,-1,ordinal_-3_to_3,negative=-3..-1; zero=excluded; positive=1..3,E,ambiguous,0.9139861464500427,C,0.06997247040271759,0.8440136909484863,0.0021852042991667986,0.010823825374245644,0.06997247040271759,0.0030322764068841934,0.9139861464500427
ait-test-2018-En-01352,2018-En-01352,"Do you ever fall asleep before you set your alarm, but then the Lord wakes you up on time anyways 🙌🏻 #WontHeDoIt",1,positive,test,1,ordinal_-3_to_3,negative=-3..-1; zero=excluded; positive=1..3,C,reported_quoted,0.3319915235042572,B,0.32539018988609314,0.0066013336181640625,0.08000370115041733,0.32539018988609314,0.3319915235042572,0.09511969983577728,0.16749492287635803
ait-test-2018-En-01364,2018-En-01364,"An email that will never be sent, a message that will remain unsaid, a voice never heard again. #loss #sorrow #Friends",0,negative,test,-3,ordinal_-3_to_3,negative=-3..-1; zero=excluded; positive=1..3,C,reported_quoted,0.48926717042922974,B,0.24126192927360535,0.2480052411556244,0.2060358226299286,0.24126192927360535,0.48926717042922974,0.05033816769719124,0.013096877373754978
ait-test-2018-En-01367,2018-En-01367,"happy birthday girly, hope you have an amazing day :) @kkarlidawson",1,positive,test,3,ordinal_-3_to_3,negative=-3..-1; zero=excluded; positive=1..3,A,target_directed,0.4091840982437134,E,0.2586698830127716,0.15051421523094177,0.4091840982437134,0.1462797075510025,0.0852414071559906,0.10062491148710251,0.2586698830127716
ait-test-2018-En-01380,2018-En-01380,@MGBarbieri @SpalkTalk And just saw your LinkedIn comment after I sent this! Thanks for the message 😀,1,positive,test,2,ordinal_-3_to_3,negative=-3..-1; zero=excluded; positive=1..3,E,ambiguous,0.3403466045856476,C,0.20753051340579987,0.13281609117984772,0.1886615753173828,0.15023091435432434,0.20753051340579987,0.11323035508394241,0.3403466045856476
ait-test-2018-En-01386,2018-En-01386,What a day!!! What a month!!! #solucky #blessed #cloud9 #ecstatic 👰😆🚘💞,1,positive,test,3,ordinal_-3_to_3,negative=-3..-1; zero=excluded; positive=1..3,E,ambiguous,0.796201229095459,A,0.1213156208395958,0.674885630607605,0.1213156208395958,0.027811123058199883,0.016155419871211052,0.03851659223437309,0.796201229095459
ait-test-2018-En-01391,2018-En-01391,I am so freaking annoyed that he constantly feels the need to be a time in my life where I'd be happy with just one monitor on my PC,0,negative,test,-3,ordinal_-3_to_3,negative=-3..-1; zero=excluded; positive=1..3,E,ambiguous,0.7247964143753052,B,0.12029861658811569,0.6044977903366089,0.03683709725737572,0.12029861658811569,0.0640660747885704,0.054001860320568085,0.7247964143753052
ait-test-2018-En-01397,2018-En-01397,"Do what makes you happy, be with who makes you smile, laugh as much as you breathe, and love as long as you live! #f4f",1,positive,test,3,ordinal_-3_to_3,negative=-3..-1; zero=excluded; positive=1..3,A,target_directed,0.5438623428344727,B,0.17137886583805084,0.372483491897583,0.5438623428344727,0.17137886583805084,0.04142269492149353,0.08305759727954865,0.1602785736322403
ait-test-2018-En-01398,2018-En-01398,Going to bed with dry and clean hair. #blessing,1,positive,test,1,ordinal_-3_to_3,negative=-3..-1; zero=excluded; positive=1..3,B,objectless_general,0.3898639976978302,A,0.23372606933116913,0.15613792836666107,0.23372606933116913,0.3898639976978302,0.22580818831920624,0.13334567844867706,0.017256006598472595
ait-test-2018-En-01410,2018-En-01410,"@h258_laura @leiafrater I don't like horror movies, leave me alone",0,negative,test,-2,ordinal_-3_to_3,negative=-3..-1; zero=excluded; positive=1..3,C,reported_quoted,0.3588249683380127,B,0.2657548487186432,0.0930701196193695,0.10922252386808395,0.2657548487186432,0.3588249683380127,0.09521489590406418,0.17098276317119598
ait-test-2018-En-01420,2018-En-01420,I'm dead tired yet can't sleep #wonderful,0,negative,test,-2,ordinal_-3_to_3,negative=-3..-1; zero=excluded; positive=1..3,E,ambiguous,0.45135626196861267,C,0.2439756542444229,0.20738060772418976,0.05780170485377312,0.16480280458927155,0.2439756542444229,0.08206351846456528,0.45135626196861267
ait-test-2018-En-01423,2018-En-01423,God bless him in Hong Kong! #ex ,1,positive,test,1,ordinal_-3_to_3,negative=-3..-1; zero=excluded; positive=1..3,A,target_directed,0.4913278818130493,E,0.21255525946617126,0.27877262234687805,0.4913278818130493,0.15233726799488068,0.10618782043457031,0.03759179636836052,0.21255525946617126
ait-test-2018-En-01430,2018-En-01430,@ggreenwald Macron slips up and has a moment of clarity &amp; common sense...now he is a raging racist. Sounds right. #LiberalLogic,0,negative,test,-2,ordinal_-3_to_3,negative=-3..-1; zero=excluded; positive=1..3,E,ambiguous,0.8185783624649048,C,0.07731065154075623,0.7412676811218262,0.022865889593958855,0.06443659961223602,0.07731065154075623,0.016808491200208664,0.8185783624649048
ait-test-2018-En-01432,2018-En-01432,@SW_Trains Thank you for making me late AGAIN due to &lt;insert excuse here&gt; #sarcasm #fail,0,negative,test,-2,ordinal_-3_to_3,negative=-3..-1; zero=excluded; positive=1..3,E,ambiguous,0.4417436718940735,C,0.32689768075942993,0.11484599113464355,0.0232321135699749,0.17273378372192383,0.32689768075942993,0.035392798483371735,0.4417436718940735
ait-test-2018-En-01439,2018-En-01439,We're just a bunch of sad kids trying to cheer each other up..,0,negative,test,-2,ordinal_-3_to_3,negative=-3..-1; zero=excluded; positive=1..3,C,reported_quoted,0.5161908268928528,B,0.36606481671333313,0.15012601017951965,0.03991870954632759,0.36606481671333313,0.5161908268928528,0.05590854585170746,0.021917041391134262
ait-test-2018-En-01448,2018-En-01448,its horribly gloomy out rn and im flourishing,0,negative,test,-2,ordinal_-3_to_3,negative=-3..-1; zero=excluded; positive=1..3,B,objectless_general,0.4882411062717438,D,0.1615144908428192,0.32672661542892456,0.12713812291622162,0.4882411062717438,0.12846024334430695,0.1615144908428192,0.09464606642723083
ait-test-2018-En-01488,2018-En-01488,"how are you my love? @Hashtag_DonJon love youu!! thanks for the smile, that motivates me to keep going!! 💛 so blessed to have you 😊",1,positive,test,3,ordinal_-3_to_3,negative=-3..-1; zero=excluded; positive=1..3,B,objectless_general,0.28023988008499146,A,0.25997665524482727,0.020263224840164185,0.25997665524482727,0.28023988008499146,0.19517754018306732,0.08653371781110764,0.17807219922542572
ait-test-2018-En-01497,2018-En-01497,@S1dharthM @Asli_Jacqueline @foxstarhindi @krishdk @rajnidimoru Looks fun! 😀 cant wait to watch!,1,positive,test,1,ordinal_-3_to_3,negative=-3..-1; zero=excluded; positive=1..3,E,ambiguous,0.33595022559165955,A,0.23341362178325653,0.10253660380840302,0.23341362178325653,0.21352218091487885,0.07575272768735886,0.14136123657226562,0.33595022559165955
ait-test-2018-En-01498,2018-En-01498,@quick13 i wish she were a servant! i'd have her start at my house by picking up the dog💩in my back yard. #adorable! ... #deplorable!,0,negative,test,-2,ordinal_-3_to_3,negative=-3..-1; zero=excluded; positive=1..3,E,ambiguous,0.631320595741272,B,0.13669604063034058,0.4946245551109314,0.05456248298287392,0.13669604063034058,0.10251542180776596,0.07490552961826324,0.631320595741272
ait-test-2018-En-01507,2018-En-01507,God is #good all the time.,1,positive,test,1,ordinal_-3_to_3,negative=-3..-1; zero=excluded; positive=1..3,E,ambiguous,0.3890848159790039,C,0.34718310832977295,0.04190170764923096,0.16088765859603882,0.08884517848491669,0.34718310832977295,0.013999179005622864,0.3890848159790039
ait-test-2018-En-01519,2018-En-01519,"The dictionary words for #joy are – gladness, cheerfulness, exultation, rapture, pleasure, delight.",1,positive,test,2,ordinal_-3_to_3,negative=-3..-1; zero=excluded; positive=1..3,A,target_directed,0.6522015333175659,B,0.1406210958957672,0.5115804672241211,0.6522015333175659,0.1406210958957672,0.10977619141340256,0.0372505784034729,0.06015055626630783
ait-test-2018-En-01520,2018-En-01520,Won't be making it to surgeon consultation because it's too tough to get me in car today.🙈 #ironic #health #spoonielife #SpoonieProblems,0,negative,test,-2,ordinal_-3_to_3,negative=-3..-1; zero=excluded; positive=1..3,C,reported_quoted,0.5141252875328064,B,0.2903968393802643,0.22372844815254211,0.0373389907181263,0.2903968393802643,0.5141252875328064,0.046269506216049194,0.11186937987804413
ait-test-2018-En-01521,2018-En-01521,Having a bad day @TescoIrl #nightmare,0,negative,test,-3,ordinal_-3_to_3,negative=-3..-1; zero=excluded; positive=1..3,B,objectless_general,0.8046410083770752,C,0.0910354033112526,0.7136055827140808,0.06213737651705742,0.8046410083770752,0.0910354033112526,0.03275234252214432,0.00943388044834137
ait-test-2018-En-01522,2018-En-01522,@BCFC_Community excellent Jnr blues parents Meeting tonite lots of info given cheers all👍 #futuresbright#development baileyu12s #excited 😃⚽,1,positive,test,3,ordinal_-3_to_3,negative=-3..-1; zero=excluded; positive=1..3,B,objectless_general,0.23576265573501587,C,0.21557727456092834,0.020185381174087524,0.1879749745130539,0.23576265573501587,0.21557727456092834,0.14723290503025055,0.21345216035842896
ait-test-2018-En-01530,2018-En-01530,@AlaskaAir as a long time Gold &amp; near Million mile member just had a terrible customer service experience #disappointing,0,negative,test,-2,ordinal_-3_to_3,negative=-3..-1; zero=excluded; positive=1..3,B,objectless_general,0.34793820977211,C,0.2604694366455078,0.08746877312660217,0.06475970894098282,0.34793820977211,0.2604694366455078,0.11463896930217743,0.2121935784816742
ait-test-2018-En-01531,2018-En-01531,"@chrisdrunkpoets @MusicHourUK 💞🛸✨ Love your new music Chris!!!🌟🎯🍎It's otherworldly, like you!! #awesomeness 🦄🧜🏽‍♂️🧜🏽‍♀️🧙🏽‍♀️🧙🏽‍♂️✨🔆",1,positive,test,3,ordinal_-3_to_3,negative=-3..-1; zero=excluded; positive=1..3,E,ambiguous,0.4297349154949188,A,0.24249500036239624,0.18723991513252258,0.24249500036239624,0.14073483645915985,0.10157284140586853,0.0854623019695282,0.4297349154949188
ait-test-2018-En-01532,2018-En-01532,#good to learning #wisdom &lt;&lt; reform (v): make in order to improve something &gt;&gt;,1,positive,test,1,ordinal_-3_to_3,negative=-3..-1; zero=excluded; positive=1..3,C,reported_quoted,0.40705716609954834,B,0.2580837905406952,0.14897337555885315,0.1063304916024208,0.2580837905406952,0.40705716609954834,0.10331451892852783,0.1252141147851944
ait-test-2018-En-01554,2018-En-01554,Avoid facial cleansers containing harsh chemicals which irritate and weaken the protective barrier of skin. Use natural cleansers.,0,negative,test,-2,ordinal_-3_to_3,negative=-3..-1; zero=excluded; positive=1..3,C,reported_quoted,0.5638691186904907,B,0.13454771041870117,0.42932140827178955,0.1210528165102005,0.13454771041870117,0.5638691186904907,0.08827591687440872,0.0922544002532959
ait-test-2018-En-01571,2018-En-01571,"Again, this q. is brought to you by my slight feelings of irritation when I see 'obligated' over 'obliged', and I want to know if I'm right.",0,negative,test,-1,ordinal_-3_to_3,negative=-3..-1; zero=excluded; positive=1..3,B,objectless_general,0.32539474964141846,C,0.23930582404136658,0.08608892560005188,0.10802602767944336,0.32539474964141846,0.23930582404136658,0.11039622873067856,0.21687708795070648
ait-test-2018-En-01578,2018-En-01578,"@AvrilLavigne Mom A. i saw ur insta, why? ur picture black in white, but☝ it's nice ur smile :) winner💕💕🌸🌸🌸",1,positive,test,2,ordinal_-3_to_3,negative=-3..-1; zero=excluded; positive=1..3,A,target_directed,0.7261382341384888,C,0.14327391982078552,0.5828642845153809,0.7261382341384888,0.038595207035541534,0.14327391982078552,0.028172194957733154,0.06382041424512863
ait-test-2018-En-01587,2018-En-01587,"So excited I get to see Pablo Sandoval Saturday in Cuse, instead of Devers #sarcasm",1,positive,test,1,ordinal_-3_to_3,negative=-3..-1; zero=excluded; positive=1..3,E,ambiguous,0.632061243057251,A,0.12366185337305069,0.5083993673324585,0.12366185337305069,0.10534695535898209,0.057800836861133575,0.08112913370132446,0.632061243057251
ait-test-2018-En-01592,2018-En-01592,@KETV Very scary but so glad the nabbed him. Afraid there may be more :(,0,negative,test,-2,ordinal_-3_to_3,negative=-3..-1; zero=excluded; positive=1..3,E,ambiguous,0.5657493472099304,B,0.14835332334041595,0.41739600896835327,0.10786811262369156,0.14835332334041595,0.11579536646604538,0.0622338242828846,0.5657493472099304
ait-test-2018-En-01595,2018-En-01595,I've been awake for 451 days 23 hours and I'm sleepy and tired #weary #raspberrypi #nodered #bot #iot #sunshinecoast,0,negative,test,-2,ordinal_-3_to_3,negative=-3..-1; zero=excluded; positive=1..3,E,ambiguous,0.5896859765052795,C,0.24014164507389069,0.34954434633255005,0.06777965277433395,0.06650811433792114,0.24014164507389069,0.035884592682123184,0.5896859765052795
ait-test-2018-En-01597,2018-En-01597,@beaglerush Do you realize that this literally makes you Hitler? #sarcasm,0,negative,test,-2,ordinal_-3_to_3,negative=-3..-1; zero=excluded; positive=1..3,E,ambiguous,0.9654581546783447,C,0.01825815625488758,0.9472000002861023,0.0010170526802539825,0.013857339508831501,0.01825815625488758,0.0014093847712501884,0.9654581546783447
ait-test-2018-En-01600,2018-En-01600,@titsjpeg Yeah funny and sexy 😍,1,positive,test,3,ordinal_-3_to_3,negative=-3..-1; zero=excluded; positive=1..3,C,reported_quoted,0.3040759265422821,B,0.23817716538906097,0.06589876115322113,0.07995820045471191,0.23817716538906097,0.3040759265422821,0.14692068099975586,0.2308681458234787
ait-test-2018-En-01607,2018-En-01607,Last night was the first night I slept by myself in 3 weeks and it was awful.,0,negative,test,-3,ordinal_-3_to_3,negative=-3..-1; zero=excluded; positive=1..3,B,objectless_general,0.36438995599746704,A,0.23811103403568268,0.12627892196178436,0.23811103403568268,0.36438995599746704,0.08529958873987198,0.15119820833206177,0.16100123524665833
ait-test-2018-En-01609,2018-En-01609,Beautiful morning at the beach on Anna Maria Island with my wife. #vacation #blessed #happy,1,positive,test,3,ordinal_-3_to_3,negative=-3..-1; zero=excluded; positive=1..3,A,target_directed,0.4531376361846924,B,0.3326665461063385,0.12047109007835388,0.4531376361846924,0.3326665461063385,0.0820123702287674,0.09020449221134186,0.041978999972343445
ait-test-2018-En-01612,2018-En-01612,"@Deb_Renee Good morning, you're very welcome awesome lady 🤗 😍",1,positive,test,3,ordinal_-3_to_3,negative=-3..-1; zero=excluded; positive=1..3,B,objectless_general,0.24019965529441833,E,0.23023062944412231,0.00996902585029602,0.15750575065612793,0.24019965529441833,0.21868674457073212,0.15337719023227692,0.23023062944412231
ait-test-2018-En-01613,2018-En-01613,"Aw, bummer. @WckdLbrn (Maura Rankin) blocked me for calling her out as a #bully. Some people just #CantHandleTheTruth, can they?",0,negative,test,-2,ordinal_-3_to_3,negative=-3..-1; zero=excluded; positive=1..3,C,reported_quoted,0.5322557091712952,E,0.26276248693466187,0.2694932222366333,0.034954734146595,0.1283859759569168,0.5322557091712952,0.041641008108854294,0.26276248693466187
ait-test-2018-En-01614,2018-En-01614,So tired. All these freshies and all i'm unhappy at are these volunteers.,0,negative,test,-3,ordinal_-3_to_3,negative=-3..-1; zero=excluded; positive=1..3,B,objectless_general,0.34998759627342224,C,0.3470712900161743,0.002916306257247925,0.042688846588134766,0.34998759627342224,0.3470712900161743,0.1986553817987442,0.061596814543008804
ait-test-2018-En-01619,2018-En-01619,The enjoyment of seeing the same thing your ex did to you happen to them! #karma #😂 #whatgoesaroundcomesaround,1,positive,test,2,ordinal_-3_to_3,negative=-3..-1; zero=excluded; positive=1..3,E,ambiguous,0.5703917145729065,B,0.16737164556980133,0.40302008390426636,0.07853787392377853,0.16737164556980133,0.10246807336807251,0.08123071491718292,0.5703917145729065
ait-test-2018-En-01625,2018-En-01625,@trevschan2 when is fear going to get a truly badass villain? Madison isn't a villan to us.  I'm cheering for the Clarks! Lol,1,positive,test,1,ordinal_-3_to_3,negative=-3..-1; zero=excluded; positive=1..3,B,objectless_general,0.2975779175758362,C,0.24108892679214478,0.056488990783691406,0.12326424568891525,0.2975779175758362,0.24108892679214478,0.14795151352882385,0.19011740386486053
ait-test-2018-En-01630,2018-En-01630,@Kawells00 So bright that kill my heart😂,1,positive,test,3,ordinal_-3_to_3,negative=-3..-1; zero=excluded; positive=1..3,E,ambiguous,0.6170887351036072,B,0.1302318572998047,0.4868568778038025,0.07218651473522186,0.1302318572998047,0.08716544508934021,0.09332741796970367,0.6170887351036072
ait-test-2018-En-01639,2018-En-01639,"To recreate my romantic memories, I'd just put a chip on my shoulder  #masterchefau",0,negative,test,-1,ordinal_-3_to_3,negative=-3..-1; zero=excluded; positive=1..3,C,reported_quoted,0.47677573561668396,B,0.27003908157348633,0.20673665404319763,0.06841618567705154,0.27003908157348633,0.47677573561668396,0.06814932823181152,0.11661961674690247
ait-test-2018-En-01649,2018-En-01649,Really hoping that this is one of those take a leap and it will pay off moments. #optimism 💪🏻✨,1,positive,test,3,ordinal_-3_to_3,negative=-3..-1; zero=excluded; positive=1..3,E,ambiguous,0.34450045228004456,B,0.2801089286804199,0.06439152359962463,0.2564772665500641,0.2801089286804199,0.04859038442373276,0.07032297551631927,0.34450045228004456
ait-test-2018-En-01652,2018-En-01652,"I'm also wheezing really hard. I decided to make up today, and then after I got to work realized it was mbbsd, and now I'm #intimidated",0,negative,test,-2,ordinal_-3_to_3,negative=-3..-1; zero=excluded; positive=1..3,E,ambiguous,0.7280634045600891,B,0.09873904287815094,0.6293243765830994,0.01857900619506836,0.09873904287815094,0.09788566827774048,0.056732866913080215,0.7280634045600891
ait-test-2018-En-01655,2018-En-01655,"I just tore my 2nd meniscus in 2 months what the fuck have you accomplished. But seriously, reaching maniacal laughter pain/WTF, self?-ness",0,negative,test,-2,ordinal_-3_to_3,negative=-3..-1; zero=excluded; positive=1..3,E,ambiguous,0.8652358651161194,B,0.05869726836681366,0.8065385818481445,0.016549410298466682,0.05869726836681366,0.028470246121287346,0.031047195196151733,0.8652358651161194
ait-test-2018-En-01662,2018-En-01662,"Elle: a delicious, dark, perverse work of intrigue, streaked with cruel humour. Superb performance from Isabelle Huppert. A one off #ElleDVD",1,positive,test,1,ordinal_-3_to_3,negative=-3..-1; zero=excluded; positive=1..3,A,target_directed,0.6719644069671631,E,0.30490562319755554,0.36705878376960754,0.6719644069671631,0.010854209773242474,0.009040087461471558,0.0032356989104300737,0.30490562319755554
ait-test-2018-En-01677,2018-En-01677,@JanclydeCEspino at one point this is what i wanted rba sa? hahaha pero di jud oy di jud ☹ what if ga humss ta? 😭,0,negative,test,-2,ordinal_-3_to_3,negative=-3..-1; zero=excluded; positive=1..3,E,ambiguous,0.41848933696746826,B,0.19447015225887299,0.22401918470859528,0.08501185476779938,0.19447015225887299,0.15548637509346008,0.14654229581356049,0.41848933696746826
ait-test-2018-En-01679,2018-En-01679,Shoutout to conservatives screaming demanding corrupt Don Jrs emails like they were Hillary's. #sarcasm #crickets,0,negative,test,-1,ordinal_-3_to_3,negative=-3..-1; zero=excluded; positive=1..3,E,ambiguous,0.7429632544517517,C,0.13127769529819489,0.611685574054718,0.010099577717483044,0.09610987454652786,0.13127769529819489,0.019549529999494553,0.7429632544517517
ait-test-2018-En-01680,2018-En-01680,The best kind of self harm is through the mind #depression,0,negative,test,-3,ordinal_-3_to_3,negative=-3..-1; zero=excluded; positive=1..3,E,ambiguous,0.4033896028995514,C,0.2425294816493988,0.1608601212501526,0.11321387439966202,0.15932464599609375,0.2425294816493988,0.08154240250587463,0.4033896028995514
ait-test-2018-En-01681,2018-En-01681,Haven't been on a holiday abroad in two years how depressing is that btw☹️,0,negative,test,-3,ordinal_-3_to_3,negative=-3..-1; zero=excluded; positive=1..3,E,ambiguous,0.38602861762046814,C,0.2668393552303314,0.11918926239013672,0.1015709862112999,0.19189243018627167,0.2668393552303314,0.05366859585046768,0.38602861762046814
ait-test-2018-En-01684,2018-En-01684,blood rage,0,negative,test,-2,ordinal_-3_to_3,negative=-3..-1; zero=excluded; positive=1..3,E,ambiguous,0.8259939551353455,B,0.0737752914428711,0.7522186636924744,0.05647222697734833,0.0737752914428711,0.037630245089530945,0.006128351204097271,0.8259939551353455
ait-test-2018-En-01688,2018-En-01688,@rachcolours But smiling 😄☔️,1,positive,test,2,ordinal_-3_to_3,negative=-3..-1; zero=excluded; positive=1..3,C,reported_quoted,0.41287121176719666,B,0.2760395109653473,0.13683170080184937,0.09312358498573303,0.2760395109653473,0.41287121176719666,0.15712545812129974,0.060840219259262085
ait-test-2018-En-01689,2018-En-01689,"My head is anointed, my cup runneth over Don't pour from an empty cup #delight #love #joy",1,positive,test,2,ordinal_-3_to_3,negative=-3..-1; zero=excluded; positive=1..3,E,ambiguous,0.3283747434616089,A,0.25348711013793945,0.07488763332366943,0.25348711013793945,0.16227135062217712,0.13429130613803864,0.12157551199197769,0.3283747434616089
ait-test-2018-En-01693,2018-En-01693,Any #GOP senator who refuses to #RepealAndReplace needs to bear the #wrath of their constituents @ polls home state!  #healthcare #price2pay,0,negative,test,-2,ordinal_-3_to_3,negative=-3..-1; zero=excluded; positive=1..3,E,ambiguous,0.6497530937194824,C,0.11637084186077118,0.53338223695755,0.0851777046918869,0.11539697647094727,0.11637084186077118,0.03330133482813835,0.6497530937194824
ait-test-2018-En-01703,2018-En-01703,"@realYoshiPlayer No offense, but this post makes you look like an opinion disrespecter.",0,negative,test,-2,ordinal_-3_to_3,negative=-3..-1; zero=excluded; positive=1..3,C,reported_quoted,0.563266932964325,E,0.2608849108219147,0.3023820221424103,0.013862675987184048,0.14419886469841003,0.563266932964325,0.017786623910069466,0.2608849108219147
ait-test-2018-En-01716,2018-En-01716,@shomaristone @TIME Interestingly shocking and sad! American Judiciary is seriously flawed!,0,negative,test,-3,ordinal_-3_to_3,negative=-3..-1; zero=excluded; positive=1..3,E,ambiguous,0.660297155380249,A,0.15163490176200867,0.508662223815918,0.15163490176200867,0.10882633924484253,0.055360764265060425,0.023880818858742714,0.660297155380249
ait-test-2018-En-01718,2018-En-01718,2nd time this week I received services for free. It pays to be nice! #kindness #friendliness #bekind #smile,1,positive,test,3,ordinal_-3_to_3,negative=-3..-1; zero=excluded; positive=1..3,A,target_directed,0.3770175874233246,B,0.258110910654068,0.11890667676925659,0.3770175874233246,0.258110910654068,0.11669060587882996,0.03496170789003372,0.21321921050548553
ait-test-2018-En-01721,2018-En-01721,@TimHortons Please please PLEASE make your jalapeño jack sandwich a regular! I LOOOVE it!!! ,1,positive,test,2,ordinal_-3_to_3,negative=-3..-1; zero=excluded; positive=1..3,E,ambiguous,0.733031690120697,A,0.15763792395591736,0.575393795967102,0.15763792395591736,0.040876295417547226,0.02552490122616291,0.042929187417030334,0.733031690120697
ait-test-2018-En-01728,2018-En-01728,@myouimina U r but idk to what extent u can go with teasing me 😃 u love it too much.,1,positive,test,2,ordinal_-3_to_3,negative=-3..-1; zero=excluded; positive=1..3,C,reported_quoted,0.3662899136543274,B,0.3208259344100952,0.04546397924423218,0.029712026938796043,0.3208259344100952,0.3662899136543274,0.10909142345190048,0.1740807294845581
ait-test-2018-En-01730,2018-En-01730,@MikeyBustos im extremely sad and the parody is not on time 😭 i need to laugh,0,negative,test,-3,ordinal_-3_to_3,negative=-3..-1; zero=excluded; positive=1..3,B,objectless_general,0.28563037514686584,D,0.2465643286705017,0.039066046476364136,0.13052640855312347,0.28563037514686584,0.11181692034006119,0.2465643286705017,0.22546188533306122
ait-test-2018-En-01731,2018-En-01731,when your chosen one never choose you to be their choice #irony #whosethefool?,0,negative,test,-2,ordinal_-3_to_3,negative=-3..-1; zero=excluded; positive=1..3,E,ambiguous,0.8040390610694885,C,0.15769268572330475,0.646346390247345,0.00364329619333148,0.029806768521666527,0.15769268572330475,0.004818158224225044,0.8040390610694885
ait-test-2018-En-01737,2018-En-01737,@LouiseLinton just because you married money doesn't mean you have class it just means you are a high prices prostitute.  #adorable,0,negative,test,-1,ordinal_-3_to_3,negative=-3..-1; zero=excluded; positive=1..3,E,ambiguous,0.74944007396698,C,0.13571222126483917,0.613727867603302,0.015498398803174496,0.08935689181089401,0.13571222126483917,0.0099923862144351,0.74944007396698
ait-test-2018-En-01738,2018-En-01738,I just love it when my boss tells me to do something I'm already doing🙄🤷🏽‍♀️ #sarcastic #donttellmehowtodomyjob,0,negative,test,-1,ordinal_-3_to_3,negative=-3..-1; zero=excluded; positive=1..3,E,ambiguous,0.6575744152069092,C,0.1730363368988037,0.48453807830810547,0.007963050156831741,0.09205012023448944,0.1730363368988037,0.06937608122825623,0.6575744152069092
ait-test-2018-En-01739,2018-En-01739,if anyone has any tips to help me worry less then hmu,0,negative,test,-2,ordinal_-3_to_3,negative=-3..-1; zero=excluded; positive=1..3,B,objectless_general,0.38202962279319763,D,0.20329028367996216,0.17873933911323547,0.11757911741733551,0.38202962279319763,0.14199502766132355,0.20329028367996216,0.15510590374469757
ait-test-2018-En-01744,2018-En-01744,"Always laugh when you can, it is  cheap medicine 🤣",1,positive,test,2,ordinal_-3_to_3,negative=-3..-1; zero=excluded; positive=1..3,E,ambiguous,0.4786790907382965,A,0.20699121057987213,0.2716878652572632,0.20699121057987213,0.13326074182987213,0.09513240307569504,0.08593659847974777,0.4786790907382965
ait-test-2018-En-01750,2018-En-01750,"When you should be working, but you're shopping amazon prime deals instead... 😦",0,negative,test,-1,ordinal_-3_to_3,negative=-3..-1; zero=excluded; positive=1..3,E,ambiguous,0.3301655650138855,C,0.31156885623931885,0.01859670877456665,0.04145912081003189,0.20668525993824005,0.31156885623931885,0.11012116819620132,0.3301655650138855
ait-test-2018-En-01753,2018-En-01753,"There's no one right way to live life but: be kind, be genuine, be honest, be open. #Love yourself &amp; #laugh often. #Mindfulness @HealingMB",1,positive,test,1,ordinal_-3_to_3,negative=-3..-1; zero=excluded; positive=1..3,A,target_directed,0.4596535861492157,B,0.2747880816459656,0.18486550450325012,0.4596535861492157,0.2747880816459656,0.08738508075475693,0.07490568608045578,0.10326766967773438
ait-test-2018-En-01759,2018-En-01759,Everything is a Miracle. Find a way to give thanks to God. Don't let anyone or any circumstances take that from you. #youareblessed #rejoice,1,positive,test,1,ordinal_-3_to_3,negative=-3..-1; zero=excluded; positive=1..3,A,target_directed,0.39482787251472473,C,0.2990897595882416,0.09573811292648315,0.39482787251472473,0.11857753992080688,0.2990897595882416,0.03265242278575897,0.15485233068466187
ait-test-2018-En-01763,2018-En-01763,I have to bury another person this year at the same cemetery my father and nephew are buried in. #great,0,negative,test,-2,ordinal_-3_to_3,negative=-3..-1; zero=excluded; positive=1..3,C,reported_quoted,0.66664719581604,B,0.17827606201171875,0.4883711338043213,0.06162148714065552,0.17827606201171875,0.66664719581604,0.06458652019500732,0.028868740424513817
ait-test-2018-En-01770,2018-En-01770,"@CBSNews You'd think that someone with such an honest father would be more like him, right? #sarcasm",0,negative,test,-2,ordinal_-3_to_3,negative=-3..-1; zero=excluded; positive=1..3,E,ambiguous,0.8709208965301514,C,0.07492353767156601,0.7959973812103271,0.002322607208043337,0.046646274626255035,0.07492353767156601,0.005186721682548523,0.8709208965301514
ait-test-2018-En-01771,2018-En-01771,@shahidafridi37 at his best.... Great to watch u go big sir. #tremendous hits \nDts boom boom Afridi 😍,1,positive,test,3,ordinal_-3_to_3,negative=-3..-1; zero=excluded; positive=1..3,D,mixed,0.6627342700958252,E,0.11836998164653778,0.5443642735481262,0.06292712688446045,0.09479419142007828,0.06117444112896919,0.6627342700958252,0.11836998164653778
ait-test-2018-En-01772,2018-En-01772,"@davidgold @karren_brady My shirt did not arrive today as promised, I even pre-ordered it in June, who do I make my complaint to ? ",0,negative,test,-2,ordinal_-3_to_3,negative=-3..-1; zero=excluded; positive=1..3,E,ambiguous,0.5858468413352966,C,0.20843760669231415,0.3774092197418213,0.025580905377864838,0.1510934680700302,0.20843760669231415,0.029041195288300514,0.5858468413352966
ait-test-2018-En-01774,2018-En-01774,Doing my daily devotionals brings  me such 🙌🏽 joy to my life. Its truly #amazing to study his words. #amen #godisgood #dailydevotionals,1,positive,test,2,ordinal_-3_to_3,negative=-3..-1; zero=excluded; positive=1..3,A,target_directed,0.7265728116035461,B,0.11478085070848465,0.6117919683456421,0.7265728116035461,0.11478085070848465,0.02221705950796604,0.04193528741598129,0.09449397772550583
ait-test-2018-En-01781,2018-En-01781,#note8 #animated said pen. Amazing. Wife loves this one,1,positive,test,2,ordinal_-3_to_3,negative=-3..-1; zero=excluded; positive=1..3,B,objectless_general,0.3034904897212982,C,0.24363690614700317,0.059853583574295044,0.19810070097446442,0.3034904897212982,0.24363690614700317,0.13470828533172607,0.1200636625289917
ait-test-2018-En-01783,2018-En-01783,@071304Nathan Happy #blissful birthday,1,positive,test,1,ordinal_-3_to_3,negative=-3..-1; zero=excluded; positive=1..3,A,target_directed,0.36902451515197754,B,0.2301219254732132,0.13890258967876434,0.36902451515197754,0.2301219254732132,0.06437905877828598,0.11462566256523132,0.2218487411737442
ait-test-2018-En-01786,2018-En-01786,"please, more comments from #tweeters that don't look at charts! #adorable $snap",1,positive,test,3,ordinal_-3_to_3,negative=-3..-1; zero=excluded; positive=1..3,E,ambiguous,0.37458887696266174,C,0.24945145845413208,0.12513741850852966,0.06529398262500763,0.23528701066970825,0.24945145845413208,0.07537858933210373,0.37458887696266174
ait-test-2018-En-01805,2018-En-01805,@backtwo0 I believe these are my first pieces of artwork lol. A few of us received them. Hysterical 🤣,1,positive,test,2,ordinal_-3_to_3,negative=-3..-1; zero=excluded; positive=1..3,A,target_directed,0.5858149528503418,B,0.13918305933475494,0.44663190841674805,0.5858149528503418,0.13918305933475494,0.09021575003862381,0.10817715525627136,0.07660907506942749
ait-test-2018-En-01809,2018-En-01809,It's my time to shine 😅,1,positive,test,3,ordinal_-3_to_3,negative=-3..-1; zero=excluded; positive=1..3,B,objectless_general,0.34857532382011414,A,0.26784271001815796,0.08073261380195618,0.26784271001815796,0.34857532382011414,0.048800770193338394,0.09438242763280869,0.24039874970912933
ait-test-2018-En-01816,2018-En-01816,The @StandardDiary nailing @SarahTheDuchess the other day was very amusing! 'I've written 56 books... ' @standardnews #hilarious #funny,1,positive,test,3,ordinal_-3_to_3,negative=-3..-1; zero=excluded; positive=1..3,E,ambiguous,0.8114296197891235,B,0.0778208002448082,0.7336088418960571,0.07320158183574677,0.0778208002448082,0.01764390617609024,0.019904127344489098,0.8114296197891235
ait-test-2018-En-01817,2018-En-01817,@Not_Yves 😂 me as hell,1,positive,test,1,ordinal_-3_to_3,negative=-3..-1; zero=excluded; positive=1..3,E,ambiguous,0.9183983206748962,C,0.040898729115724564,0.8774995803833008,0.0010572437895461917,0.02915417216718197,0.040898729115724564,0.010491508059203625,0.9183983206748962
ait-test-2018-En-01819,2018-En-01819,I think I have anger issues 😐,0,negative,test,-3,ordinal_-3_to_3,negative=-3..-1; zero=excluded; positive=1..3,E,ambiguous,0.8023443222045898,B,0.08630350232124329,0.716040849685669,0.028817327693104744,0.08630350232124329,0.0639592856168747,0.018575511872768402,0.8023443222045898
ait-test-2018-En-01830,2018-En-01830,'The heart of one person is also cheerful that it may contain the pain of all people.' #francesco #cheerful #love #people #change #God,1,positive,test,1,ordinal_-3_to_3,negative=-3..-1; zero=excluded; positive=1..3,A,target_directed,0.3914519250392914,B,0.2524445354938507,0.13900738954544067,0.3914519250392914,0.2524445354938507,0.23715150356292725,0.0827692374587059,0.036182794719934464
ait-test-2018-En-01840,2018-En-01840,@LovinUnited That'll be Madrid throwing a huff over Morata and De Gea. Fuck them,0,negative,test,-3,ordinal_-3_to_3,negative=-3..-1; zero=excluded; positive=1..3,E,ambiguous,0.6161766052246094,C,0.150542750954628,0.4656338691711426,0.039993468672037125,0.14235007762908936,0.150542750954628,0.05093706399202347,0.6161766052246094
ait-test-2018-En-01847,2018-En-01847,Just enjoyed a delicious salad drenched in Theon Nectar's Greek Extra Virgin Olive Oil  – absolutely DELICIOUS!! Mmmmm! #yummy #healthy,1,positive,test,2,ordinal_-3_to_3,negative=-3..-1; zero=excluded; positive=1..3,E,ambiguous,0.43081900477409363,A,0.3166980445384979,0.1141209602355957,0.3166980445384979,0.12963220477104187,0.05281170457601547,0.0700390487909317,0.43081900477409363
ait-test-2018-En-01850,2018-En-01850,This happened the last time I was painting ,0,negative,test,-1,ordinal_-3_to_3,negative=-3..-1; zero=excluded; positive=1..3,B,objectless_general,0.6253464818000793,A,0.16750523447990417,0.45784124732017517,0.16750523447990417,0.6253464818000793,0.167104110121727,0.0330158993601799,0.007028271444141865
ait-test-2018-En-01858,2018-En-01858,The stupidest and weirdest thing people do. And what's more stupid than that? They upload it online. Oh my god. But good for laughter ah. 🤣🤣,1,positive,test,1,ordinal_-3_to_3,negative=-3..-1; zero=excluded; positive=1..3,E,ambiguous,0.5060134530067444,A,0.15652352571487427,0.3494899272918701,0.15652352571487427,0.15251696109771729,0.12006545811891556,0.0648806244134903,0.5060134530067444
ait-test-2018-En-01867,2018-En-01867,beautiful day Lord has made let us rejoice &amp; be glad in it &amp; rejoice Hillary NOT president! God bless POTUS &amp; United States of America🇺🇸👍,1,positive,test,3,ordinal_-3_to_3,negative=-3..-1; zero=excluded; positive=1..3,E,ambiguous,0.33397629857063293,A,0.3149474263191223,0.01902887225151062,0.3149474263191223,0.20082226395606995,0.07973619550466537,0.07051783055067062,0.33397629857063293
ait-test-2018-En-01868,2018-En-01868,@SueLeibman Just got an audition for a lead role in a #SAGFilm #actor #moviestar #awesome #happy  @IMDb #Me #RT,1,positive,test,3,ordinal_-3_to_3,negative=-3..-1; zero=excluded; positive=1..3,B,objectless_general,0.29869359731674194,A,0.2170819491147995,0.08161164820194244,0.2170819491147995,0.29869359731674194,0.17677073180675507,0.1472111940383911,0.1602424532175064
ait-test-2018-En-01874,2018-En-01874,@NINA00MAGA @dcexaminer If this isn't #sarcasm we're done.,0,negative,test,-2,ordinal_-3_to_3,negative=-3..-1; zero=excluded; positive=1..3,E,ambiguous,0.9444766044616699,C,0.03962286561727524,0.9048537611961365,0.0011174920946359634,0.013419072143733501,0.03962286561727524,0.0013639564858749509,0.9444766044616699
ait-test-2018-En-01884,2018-En-01884,Is it weird to look at your creative work and not know if it looks good or not? 🤷🏻‍♀️ Does this even make sense? #😂 #design #EclipseDay,1,positive,test,1,ordinal_-3_to_3,negative=-3..-1; zero=excluded; positive=1..3,B,objectless_general,0.37197625637054443,E,0.20688989758491516,0.16508635878562927,0.13949349522590637,0.37197625637054443,0.14745059609413147,0.13418975472450256,0.20688989758491516
ait-test-2018-En-01901,2018-En-01901,@SSAFA Congratulations #DamianDagg and #JoshuaThorne. I wish you a  #future #together❤️,1,positive,test,3,ordinal_-3_to_3,negative=-3..-1; zero=excluded; positive=1..3,C,reported_quoted,0.4509648382663727,B,0.22209452092647552,0.22887031733989716,0.13464394211769104,0.22209452092647552,0.4509648382663727,0.07672234624624252,0.11557438969612122
ait-test-2018-En-01904,2018-En-01904,@ian_beckett Have the most wonderful day Ian. ,1,positive,test,3,ordinal_-3_to_3,negative=-3..-1; zero=excluded; positive=1..3,A,target_directed,0.4189196228981018,B,0.3531191051006317,0.06580051779747009,0.4189196228981018,0.3531191051006317,0.09691818803548813,0.057743705809116364,0.07329945266246796
ait-test-2018-En-01926,2018-En-01926,Worst missing is missing ur ownself u used to be once upon a time. #happy #ambitious#innocent #LifeDreamer,1,positive,test,1,ordinal_-3_to_3,negative=-3..-1; zero=excluded; positive=1..3,C,reported_quoted,0.6700361967086792,E,0.19026516377925873,0.4797710180282593,0.030437925830483437,0.08085135370492935,0.6700361967086792,0.028409333899617195,0.19026516377925873
ait-test-2018-En-01933,2018-En-01933,Welcome new followers @GibbonWa @Halmarun @CleanFaceSkin We will mostly be talking #happiness &amp; #ethicalfashion Happy to connect :),1,positive,test,3,ordinal_-3_to_3,negative=-3..-1; zero=excluded; positive=1..3,B,objectless_general,0.2764761745929718,E,0.2095591425895691,0.06691703200340271,0.18807202577590942,0.2764761745929718,0.17303383350372314,0.1528588980436325,0.2095591425895691
ait-test-2018-En-01941,2018-En-01941,I start my lpn program this October 😌 #blessed,1,positive,test,3,ordinal_-3_to_3,negative=-3..-1; zero=excluded; positive=1..3,A,target_directed,0.4087560176849365,B,0.2615993618965149,0.14715665578842163,0.4087560176849365,0.2615993618965149,0.10723429918289185,0.13127073645591736,0.0911395400762558
ait-test-2018-En-01943,2018-En-01943,Vin Diesel is pretty cool. I have seen him in that movie Riddick and Pitch Black too. He must work out or something. #smiles,1,positive,test,1,ordinal_-3_to_3,negative=-3..-1; zero=excluded; positive=1..3,A,target_directed,0.5001134276390076,B,0.33592167496681213,0.16419175267219543,0.5001134276390076,0.33592167496681213,0.05945281311869621,0.021580692380666733,0.08293136954307556
ait-test-2018-En-01947,2018-En-01947,On the bright side ma work pals have treated me too a spotty dotty cookie,1,positive,test,1,ordinal_-3_to_3,negative=-3..-1; zero=excluded; positive=1..3,B,objectless_general,0.49641022086143494,D,0.17184263467788696,0.324567586183548,0.08606085926294327,0.49641022086143494,0.1514488309621811,0.17184263467788696,0.09423746168613434
ait-test-2018-En-01951,2018-En-01951,Woke up to my neighbors singing Perfect by Ed Sheeran. 😊 My mood has been set. 😍,1,positive,test,3,ordinal_-3_to_3,negative=-3..-1; zero=excluded; positive=1..3,A,target_directed,0.4140799045562744,B,0.29290279746055603,0.12117710709571838,0.4140799045562744,0.29290279746055603,0.09641846269369125,0.09060060977935791,0.10599822551012039
ait-test-2018-En-01956,2018-En-01956,@n_umira omg why ☹,0,negative,test,-2,ordinal_-3_to_3,negative=-3..-1; zero=excluded; positive=1..3,C,reported_quoted,0.42212843894958496,E,0.3505038619041443,0.07162457704544067,0.02470635250210762,0.13415923714637756,0.42212843894958496,0.06850209832191467,0.3505038619041443
ait-test-2018-En-01957,2018-En-01957,Why are women so put off by guys wanting sex when they meet? #naturalWhy is it ok 4 them 2 push a relationship b4 we meet? #irony any1.,0,negative,test,-1,ordinal_-3_to_3,negative=-3..-1; zero=excluded; positive=1..3,E,ambiguous,0.7578575611114502,B,0.1400054395198822,0.6178520917892456,0.017222465947270393,0.1400054395198822,0.07755540311336517,0.007359100505709648,0.7578575611114502
ait-test-2018-En-01959,2018-En-01959,"Library vendors sometimes really irritate me, esp. when a new owner has little commitment to what was once a great product + poor manners.",0,negative,test,-3,ordinal_-3_to_3,negative=-3..-1; zero=excluded; positive=1..3,B,objectless_general,0.41786637902259827,C,0.21509507298469543,0.20277130603790283,0.06337760388851166,0.41786637902259827,0.21509507298469543,0.11714563518762589,0.18651533126831055
ait-test-2018-En-01975,2018-En-01975,Defin @GetSpectrum Worst.Internet.Service.Ever. The cancer of monopolies ,0,negative,test,-3,ordinal_-3_to_3,negative=-3..-1; zero=excluded; positive=1..3,B,objectless_general,0.26389169692993164,E,0.24428485333919525,0.01960684359073639,0.2416885942220688,0.26389169692993164,0.2150910645723343,0.0350438691675663,0.24428485333919525
ait-test-2018-En-01976,2018-En-01976,Edge of my seat @GameOfThrones loved it #dragonsontheWall ,1,positive,test,1,ordinal_-3_to_3,negative=-3..-1; zero=excluded; positive=1..3,E,ambiguous,0.3932855725288391,A,0.2772572338581085,0.11602833867073059,0.2772572338581085,0.22685687243938446,0.0652182400226593,0.03738217428326607,0.3932855725288391
ait-test-2018-En-01985,2018-En-01985,"Thank you, @realDonaldTrump, for using the Afghanistan policy of #44... he was pretty smart! \n\nP.S. Do not look directly at the sun! #bad",0,negative,test,-2,ordinal_-3_to_3,negative=-3..-1; zero=excluded; positive=1..3,E,ambiguous,0.4310223460197449,A,0.22341789305210114,0.20760445296764374,0.22341789305210114,0.13164383172988892,0.14462493360042572,0.069290891289711,0.4310223460197449
ait-test-2018-En-02001,2018-En-02001,"@whutyearisit Conforto striking out like that, what a loser #sarcasm #metstwitter",0,negative,test,-2,ordinal_-3_to_3,negative=-3..-1; zero=excluded; positive=1..3,E,ambiguous,0.5640201568603516,C,0.2909924387931824,0.2730277180671692,0.020355259999632835,0.10174447298049927,0.2909924387931824,0.022887781262397766,0.5640201568603516
ait-test-2018-En-02007,2018-En-02007,On our way to #Gamescom17 What can we expect and who will we meet? #excitement,1,positive,test,3,ordinal_-3_to_3,negative=-3..-1; zero=excluded; positive=1..3,B,objectless_general,0.5089443325996399,A,0.1593128889799118,0.3496314287185669,0.1593128889799118,0.5089443325996399,0.11067932844161987,0.10970643162727356,0.1113569363951683
ait-test-2018-En-02008,2018-En-02008,@nickjonas is coming for DePaul's welcome week and I'll be in Cali 🙄🙄🙄🙄🙄🙄🙄🙄🙄🙄🙄🙄🙄🙄🙄🙄 #pissed,0,negative,test,-3,ordinal_-3_to_3,negative=-3..-1; zero=excluded; positive=1..3,E,ambiguous,0.5848532319068909,C,0.220867320895195,0.36398589611053467,0.0481535829603672,0.08954434096813202,0.220867320895195,0.056581541895866394,0.5848532319068909
ait-test-2018-En-02009,2018-En-02009,Do not linger too long near the howff or you risk the displeasure of a chuhaister with pubes more underwhelming than those of an aurochs.,0,negative,test,-2,ordinal_-3_to_3,negative=-3..-1; zero=excluded; positive=1..3,E,ambiguous,0.49112871289253235,C,0.28016141057014465,0.2109673023223877,0.07853900641202927,0.1299389749765396,0.28016141057014465,0.02023194171488285,0.49112871289253235
ait-test-2018-En-02040,2018-En-02040,hate tan lines but refuse to tan at a salon anymore. 🙄 ,0,negative,test,-2,ordinal_-3_to_3,negative=-3..-1; zero=excluded; positive=1..3,B,objectless_general,0.34770646691322327,A,0.22975419461727142,0.11795227229595184,0.22975419461727142,0.34770646691322327,0.1519167721271515,0.2175024300813675,0.053120099008083344
ait-test-2018-En-02043,2018-En-02043,Late dinner with my dad and fam in the mountains. I'm having an appetizer consisting of pop tarts and coffee. #delightful,1,positive,test,3,ordinal_-3_to_3,negative=-3..-1; zero=excluded; positive=1..3,B,objectless_general,0.5152032971382141,C,0.18820199370384216,0.32700130343437195,0.17187608778476715,0.5152032971382141,0.18820199370384216,0.11369375884532928,0.011024869047105312
ait-test-2018-En-02045,2018-En-02045,"@Ellpeck I fear that you could die by your self, that scares me. My own death not which could be any time in my age.",0,negative,test,-2,ordinal_-3_to_3,negative=-3..-1; zero=excluded; positive=1..3,E,ambiguous,0.7774702906608582,C,0.15955111384391785,0.6179192066192627,0.013514936901628971,0.044834163039922714,0.15955111384391785,0.004629493225365877,0.7774702906608582
ait-test-2018-En-02052,2018-En-02052,genuinely think im dying boys n girls never felt so awful in my LIFE x,0,negative,test,-3,ordinal_-3_to_3,negative=-3..-1; zero=excluded; positive=1..3,E,ambiguous,0.6976020336151123,C,0.09861375391483307,0.5989882946014404,0.05554164573550224,0.08864803612232208,0.09861375391483307,0.0595945380628109,0.6976020336151123
ait-test-2018-En-02053,2018-En-02053,@AishaRuby85 thank you very much. I keep gettin the excited kid on ur bday feeling 😊,1,positive,test,3,ordinal_-3_to_3,negative=-3..-1; zero=excluded; positive=1..3,E,ambiguous,0.3343436121940613,A,0.189777210354805,0.1445664018392563,0.189777210354805,0.16617034375667572,0.15546642243862152,0.15424245595932007,0.3343436121940613
ait-test-2018-En-02058,2018-En-02058,@neiltyson my BF and I just rewatched the episode of #GravityFalls you were and he's fanboying  #YeahScience,1,positive,test,1,ordinal_-3_to_3,negative=-3..-1; zero=excluded; positive=1..3,B,objectless_general,0.42859214544296265,C,0.2794663906097412,0.14912575483322144,0.09592924267053604,0.42859214544296265,0.2794663906097412,0.08090897649526596,0.11510323733091354
ait-test-2018-En-02067,2018-En-02067,Gutted for #andymurray. #sadness #balls #Wimbledon2017 🎾😬🎾,0,negative,test,-3,ordinal_-3_to_3,negative=-3..-1; zero=excluded; positive=1..3,A,target_directed,0.4237196147441864,C,0.2917121648788452,0.1320074498653412,0.4237196147441864,0.10728400945663452,0.2917121648788452,0.06421341001987457,0.11307074129581451
ait-test-2018-En-02075,2018-En-02075,@Bemannn UGH I can't even contain my excitement!! 😍,1,positive,test,3,ordinal_-3_to_3,negative=-3..-1; zero=excluded; positive=1..3,E,ambiguous,0.795692503452301,A,0.07471799105405807,0.7209745049476624,0.07471799105405807,0.053144730627536774,0.014889569021761417,0.06155519559979439,0.795692503452301
ait-test-2018-En-02077,2018-En-02077,More shocking news: old people do not understand electronic correspondence. #sarcasm #TrumpJr #emails #russia #fail #hillaryEmails #trump,0,negative,test,-1,ordinal_-3_to_3,negative=-3..-1; zero=excluded; positive=1..3,E,ambiguous,0.8143775463104248,C,0.11111170053482056,0.7032658457756042,0.030003979802131653,0.041144318878650665,0.11111170053482056,0.0033624900970607996,0.8143775463104248
ait-test-2018-En-02078,2018-En-02078,@TommySandhu @bbcasiannetwork tommy you r phenomenal smashed #ajjdin on the mixes #hilarious and #awesome 😜😂😂👍🏻,1,positive,test,3,ordinal_-3_to_3,negative=-3..-1; zero=excluded; positive=1..3,E,ambiguous,0.30943429470062256,B,0.23000773787498474,0.07942655682563782,0.14065805077552795,0.23000773787498474,0.17935346066951752,0.14054648578166962,0.30943429470062256
ait-test-2018-En-02088,2018-En-02088,Are we all aware thar we are using a hashtag that has Eclipse spelled incorrectly?! @ScienceChannel @NebraskaMed  #SolarEclispe  #giggles,1,positive,test,1,ordinal_-3_to_3,negative=-3..-1; zero=excluded; positive=1..3,E,ambiguous,0.8646683692932129,C,0.07737333327531815,0.7872950434684753,0.01941905915737152,0.033827316015958786,0.07737333327531815,0.004711842630058527,0.8646683692932129
ait-test-2018-En-02092,2018-En-02092,@dngokingyok They are my hetero guilty pleasure 😂,1,positive,test,3,ordinal_-3_to_3,negative=-3..-1; zero=excluded; positive=1..3,B,objectless_general,0.3279111087322235,C,0.24687057733535767,0.08104053139686584,0.14500653743743896,0.3279111087322235,0.24687057733535767,0.11885149776935577,0.16136032342910767
ait-test-2018-En-02093,2018-En-02093,@PaulCalafiore_ Absolutely ! Happy blessed Tuesday ❤️,1,positive,test,3,ordinal_-3_to_3,negative=-3..-1; zero=excluded; positive=1..3,A,target_directed,0.2645570635795593,B,0.26322925090789795,0.001327812671661377,0.2645570635795593,0.26322925090789795,0.14672476053237915,0.12437912821769714,0.20110975205898285
ait-test-2018-En-02096,2018-En-02096,#RahulDravid can be a IndiaA coach nd also overseas batting coach for main Indian team but he cannot coach both India A and IPL team #irony,0,negative,test,-2,ordinal_-3_to_3,negative=-3..-1; zero=excluded; positive=1..3,E,ambiguous,0.8113791346549988,C,0.14957278966903687,0.6618063449859619,0.008498161099851131,0.02629462443292141,0.14957278966903687,0.004255250561982393,0.8113791346549988
ait-test-2018-En-02099,2018-En-02099,I hate when stupid ass shit irritate me,0,negative,test,-3,ordinal_-3_to_3,negative=-3..-1; zero=excluded; positive=1..3,E,ambiguous,0.3228735327720642,B,0.30545854568481445,0.017414987087249756,0.27629852294921875,0.30545854568481445,0.03824443370103836,0.057124968618154526,0.3228735327720642
ait-test-2018-En-02106,2018-En-02106,"@EricTrump Yeah, that's it. #sarcasm #traitor #karma #TrumpRussia",0,negative,test,-1,ordinal_-3_to_3,negative=-3..-1; zero=excluded; positive=1..3,E,ambiguous,0.7879027128219604,C,0.16524001955986023,0.6226626634597778,0.0053006610833108425,0.03433932736515999,0.16524001955986023,0.007217284291982651,0.7879027128219604
ait-test-2018-En-02107,2018-En-02107,@realDonaldTrump @DonaldJTrumpJr Is it driving you absolutely mad that the thing that will finally bring you down is an email? #ironic,0,negative,test,-2,ordinal_-3_to_3,negative=-3..-1; zero=excluded; positive=1..3,E,ambiguous,0.8537260293960571,C,0.06948276609182358,0.7842432856559753,0.004640436731278896,0.06568904221057892,0.06948276609182358,0.006461745593696833,0.8537260293960571
ait-test-2018-En-02110,2018-En-02110,They cancelled Chewing Gum. #devastated,0,negative,test,-3,ordinal_-3_to_3,negative=-3..-1; zero=excluded; positive=1..3,E,ambiguous,0.45799294114112854,C,0.42322617769241333,0.03476676344871521,0.04704562574625015,0.0601021870970726,0.42322617769241333,0.011633065529167652,0.45799294114112854
ait-test-2018-En-02126,2018-En-02126,@CNN @cnnbrk what is the #FakeNews of the day? Need my #laughter to start my day. @foxandfriends @realDonaldTrump @kilmeade @PeteHegseth,1,positive,test,2,ordinal_-3_to_3,negative=-3..-1; zero=excluded; positive=1..3,B,objectless_general,0.28001511096954346,E,0.22963754832744598,0.05037756264209747,0.22057169675827026,0.28001511096954346,0.09612530469894409,0.17365024983882904,0.22963754832744598
ait-test-2018-En-02130,2018-En-02130,ain't no sunshine when she's away ♫ ,0,negative,test,-1,ordinal_-3_to_3,negative=-3..-1; zero=excluded; positive=1..3,E,ambiguous,0.42675143480300903,C,0.23127888143062592,0.19547255337238312,0.09768320620059967,0.20986129343509674,0.23127888143062592,0.03442522510886192,0.42675143480300903
ait-test-2018-En-02133,2018-En-02133,"#good #truth #Jesus #truth Psalms 103:8 The Lord is merciful and loving, slow to become angry and full of constant love.",1,positive,test,2,ordinal_-3_to_3,negative=-3..-1; zero=excluded; positive=1..3,C,reported_quoted,0.5320430994033813,B,0.21654218435287476,0.3155009150505066,0.15448588132858276,0.21654218435287476,0.5320430994033813,0.06101658195257187,0.035912174731492996
ait-test-2018-En-02152,2018-En-02152,"#Laughter creates a #positive #aura &amp; transforms you into the most #beautiful , #dynamic &amp; #attractive person. \n#Yoga #YogaLaugh",1,positive,test,3,ordinal_-3_to_3,negative=-3..-1; zero=excluded; positive=1..3,A,target_directed,0.4778095483779907,E,0.3686905801296234,0.10911896824836731,0.4778095483779907,0.08101916313171387,0.03953976929187775,0.03294094651937485,0.3686905801296234
ait-test-2018-En-02162,2018-En-02162,"Woke up in a great mood, ready to get back to work 😊 ",1,positive,test,3,ordinal_-3_to_3,negative=-3..-1; zero=excluded; positive=1..3,B,objectless_general,0.49275916814804077,A,0.35532277822494507,0.1374363899230957,0.35532277822494507,0.49275916814804077,0.021241778507828712,0.08108895272016525,0.04958730936050415
ait-test-2018-En-02166,2018-En-02166,If your only response to this current political crap show is 'but Hillary!!' Or 'but Obama!!' you need to start looking for a new argument.,0,negative,test,-2,ordinal_-3_to_3,negative=-3..-1; zero=excluded; positive=1..3,E,ambiguous,0.4555778503417969,B,0.24119898676872253,0.21437886357307434,0.048497557640075684,0.24119898676872253,0.21436239778995514,0.04036324843764305,0.4555778503417969
ait-test-2018-En-02173,2018-En-02173,@BloodMoonSaint @Tamaishingo22 definitely agree 😊,1,positive,test,1,ordinal_-3_to_3,negative=-3..-1; zero=excluded; positive=1..3,A,target_directed,0.28171831369400024,E,0.24079139530658722,0.040926918387413025,0.28171831369400024,0.18104612827301025,0.1747874617576599,0.12165670096874237,0.24079139530658722
ait-test-2018-En-02181,2018-En-02181,@stevenmnuchin1 Does your wife look #adorable at 6:00 a.m.?  #AdorableWife  #AdorableWedding  #AdorableHoneymoon #AdorableJet  #AdorableJob,1,positive,test,3,ordinal_-3_to_3,negative=-3..-1; zero=excluded; positive=1..3,B,objectless_general,0.32958948612213135,C,0.26876822113990784,0.06082126498222351,0.1507747918367386,0.32958948612213135,0.26876822113990784,0.1462809443473816,0.10458655655384064
ait-test-2018-En-02184,2018-En-02184,"Done been down so long lost hope done came down so hard I slowed, meditatin all of my wins ain't no limit when I might shine #life #grateful",1,positive,test,1,ordinal_-3_to_3,negative=-3..-1; zero=excluded; positive=1..3,B,objectless_general,0.30227982997894287,D,0.2784918248653412,0.023788005113601685,0.1153501644730568,0.30227982997894287,0.13885650038719177,0.2784918248653412,0.16502170264720917
ait-test-2018-En-02190,2018-En-02190,@edutopia What an innovative way for admin to see what's going on in classrooms! #leadup #awesomeness,1,positive,test,3,ordinal_-3_to_3,negative=-3..-1; zero=excluded; positive=1..3,E,ambiguous,0.3638618290424347,B,0.2484116107225418,0.11545021831989288,0.24595387279987335,0.2484116107225418,0.09703995287418365,0.044732704758644104,0.3638618290424347
ait-test-2018-En-02192,2018-En-02192,Choose someone who makes you laugh #😂,1,positive,test,1,ordinal_-3_to_3,negative=-3..-1; zero=excluded; positive=1..3,B,objectless_general,0.42440518736839294,E,0.32693377137184143,0.09747141599655151,0.021233396604657173,0.42440518736839294,0.13443155586719513,0.09299608319997787,0.32693377137184143
ait-test-2018-En-02199,2018-En-02199,"finnish 'table manners', to the extent they exist, seem to include only self sufficiency and not getting in people's way so it's hilarious",1,positive,test,1,ordinal_-3_to_3,negative=-3..-1; zero=excluded; positive=1..3,B,objectless_general,0.28501442074775696,C,0.24489353597164154,0.04012088477611542,0.1432221531867981,0.28501442074775696,0.24489353597164154,0.08411474525928497,0.2427552044391632
ait-test-2018-En-02201,2018-En-02201,#Eclipe2017 An eclipse carries a large jolt of #energy. This one cut a wide swath across the United States. #Change #excitement #transition,1,positive,test,3,ordinal_-3_to_3,negative=-3..-1; zero=excluded; positive=1..3,E,ambiguous,0.8940284252166748,C,0.048562418669462204,0.8454660177230835,0.03160342574119568,0.022585174068808556,0.048562418669462204,0.0032204671297222376,0.8940284252166748
ait-test-2018-En-02207,2018-En-02207,@theviberide great workout this morning alongside @Emily_Gagnon thx #Courtney my legs are still ,1,positive,test,1,ordinal_-3_to_3,negative=-3..-1; zero=excluded; positive=1..3,B,objectless_general,0.5136697292327881,C,0.23215612769126892,0.28151360154151917,0.054196182638406754,0.5136697292327881,0.23215612769126892,0.11138760298490524,0.08859040588140488
ait-test-2018-En-02212,2018-En-02212,"Funny, LOL, you actually grew up to be that despicable azzhole you portrayed in Videodrome. #ironic.",1,positive,test,1,ordinal_-3_to_3,negative=-3..-1; zero=excluded; positive=1..3,E,ambiguous,0.8973362445831299,C,0.06771095097064972,0.8296253085136414,0.004764284938573837,0.025673525407910347,0.06771095097064972,0.004514977801591158,0.8973362445831299
ait-test-2018-En-02215,2018-En-02215,"@domholland You did brilliant on The Chase. Of course, you were with Tucker flippin' Jenkins so we were cheering like mad, but top job!",1,positive,test,2,ordinal_-3_to_3,negative=-3..-1; zero=excluded; positive=1..3,E,ambiguous,0.42679575085639954,A,0.3664809465408325,0.06031480431556702,0.3664809465408325,0.13906890153884888,0.05629608780145645,0.0113583505153656,0.42679575085639954
ait-test-2018-En-02217,2018-En-02217,"@ahaf21 Maaaan... Fox &amp; The Hound ain't no joke. Also, Pinocchio is got damned terrifying. Legit horror film.",0,negative,test,-2,ordinal_-3_to_3,negative=-3..-1; zero=excluded; positive=1..3,E,ambiguous,0.3822648525238037,A,0.29421788454055786,0.08804696798324585,0.29421788454055786,0.1750810444355011,0.11017671227455139,0.038259509950876236,0.3822648525238037
ait-test-2018-En-02234,2018-En-02234,Ready to start my day after practising my daily #meditation.Today's focus was on #gratitude and there are so many things to be #grateful for,1,positive,test,2,ordinal_-3_to_3,negative=-3..-1; zero=excluded; positive=1..3,B,objectless_general,0.5392386317253113,A,0.13220056891441345,0.4070380628108978,0.13220056891441345,0.5392386317253113,0.10084084421396255,0.11921362578868866,0.10850632935762405
ait-test-2018-En-02240,2018-En-02240,"@realDonaldTrump says the guy who revealed \n#topsecret information to the #Russians #irony also, it's unverified, you punk.",0,negative,test,-2,ordinal_-3_to_3,negative=-3..-1; zero=excluded; positive=1..3,E,ambiguous,0.5557900667190552,C,0.2602596580982208,0.29553040862083435,0.020716164261102676,0.1445753127336502,0.2602596580982208,0.01865878701210022,0.5557900667190552
ait-test-2018-En-02247,2018-En-02247,@chichupedathaa ROFL 🤣,1,positive,test,1,ordinal_-3_to_3,negative=-3..-1; zero=excluded; positive=1..3,E,ambiguous,0.9822654724121094,C,0.015384283848106861,0.9668812155723572,0.00011043568520108238,0.0016854993300512433,0.015384283848106861,0.0005542741273529828,0.9822654724121094
ait-test-2018-En-02256,2018-En-02256,@sonyxperia @SonyUK I need a mobile phone screen repair..... Help (Newcastle UK) #devastated,0,negative,test,-3,ordinal_-3_to_3,negative=-3..-1; zero=excluded; positive=1..3,E,ambiguous,0.8170790076255798,C,0.16239292919635773,0.6546860933303833,0.00487297959625721,0.00970702338963747,0.16239292919635773,0.0059480732306838036,0.8170790076255798
ait-test-2018-En-02263,2018-En-02263,I've developed a new philosophy... I only #dread one day at a time.,0,negative,test,-1,ordinal_-3_to_3,negative=-3..-1; zero=excluded; positive=1..3,B,objectless_general,0.31729504466056824,D,0.26155444979667664,0.0557405948638916,0.09220471978187561,0.31729504466056824,0.18446017801761627,0.26155444979667664,0.1444856971502304
ait-test-2018-En-02265,2018-En-02265,Hearing Mitch McConnell complain about obstruction. Alzheimer's? #GOPhypocrites #irony #sucksdoesntit?,0,negative,test,-1,ordinal_-3_to_3,negative=-3..-1; zero=excluded; positive=1..3,C,reported_quoted,0.2812858819961548,E,0.2608693838119507,0.0204164981842041,0.1618196815252304,0.2523147761821747,0.2812858819961548,0.04371021315455437,0.2608693838119507
ait-test-2018-En-02268,2018-En-02268,Wishing you a blessed and happy morning. Glad to be here. Do you🤔 and brighten someone's day in your pursuit of happiness.,1,positive,test,2,ordinal_-3_to_3,negative=-3..-1; zero=excluded; positive=1..3,A,target_directed,0.5936545133590698,B,0.19052670896053314,0.4031277894973755,0.5936545133590698,0.19052670896053314,0.07806578278541565,0.036954596638679504,0.10079847276210785
ait-test-2018-En-02271,2018-En-02271,Tonight's episode of #GameOfThrones is just epic went through so many emotions watching it #dragonwhitewalker #flippinheck #brilliant,1,positive,test,1,ordinal_-3_to_3,negative=-3..-1; zero=excluded; positive=1..3,E,ambiguous,0.45987629890441895,A,0.29977676272392273,0.16009953618049622,0.29977676272392273,0.11539649218320847,0.05028996616601944,0.07466049492359161,0.45987629890441895
ait-test-2018-En-02277,2018-En-02277,Hello.. I need Some Grumpy Cat Leggings A.s.a.p. Mmmkay😂😍 #adorable #cute #infj,1,positive,test,2,ordinal_-3_to_3,negative=-3..-1; zero=excluded; positive=1..3,E,ambiguous,0.32319480180740356,C,0.2264074832201004,0.09678731858730316,0.133681982755661,0.14068366587162018,0.2264074832201004,0.1760319471359253,0.32319480180740356
ait-test-2018-En-02279,2018-En-02279,It's a #blessing to love it's a blessing to have someone to love,1,positive,test,1,ordinal_-3_to_3,negative=-3..-1; zero=excluded; positive=1..3,B,objectless_general,0.33507785201072693,A,0.2337980419397354,0.10127981007099152,0.2337980419397354,0.33507785201072693,0.10104169696569443,0.13209879398345947,0.19798366725444794
ait-test-2018-En-02289,2018-En-02289,This is the day that the lord has made I will rejoice and BE GLAD IN IT! 🙌🏿🌟 #blessed #favored #loved #,1,positive,test,2,ordinal_-3_to_3,negative=-3..-1; zero=excluded; positive=1..3,A,target_directed,0.6777812242507935,E,0.16442179679870605,0.5133594274520874,0.6777812242507935,0.11122661828994751,0.02090883068740368,0.025661511346697807,0.16442179679870605
ait-test-2018-En-02290,2018-En-02290,My mom's Puerto Rican. That's why i'm so lively and colorful.,1,positive,test,1,ordinal_-3_to_3,negative=-3..-1; zero=excluded; positive=1..3,C,reported_quoted,0.30956318974494934,A,0.30483826994895935,0.00472491979598999,0.30483826994895935,0.25454357266426086,0.30956318974494934,0.09955093264579773,0.03150400519371033
ait-test-2018-En-02302,2018-En-02302,@rajnathsingh Looking at your smiling face can give any person an adrenaline rush at this moment. Please for your allah's sake do your duty.,1,positive,test,1,ordinal_-3_to_3,negative=-3..-1; zero=excluded; positive=1..3,E,ambiguous,0.4206428527832031,C,0.19982905685901642,0.2208137959241867,0.15248337388038635,0.17289938032627106,0.19982905685901642,0.054145365953445435,0.4206428527832031
ait-test-2018-En-02306,2018-En-02306,@billjoehughes Sounds delightful 😅,1,positive,test,2,ordinal_-3_to_3,negative=-3..-1; zero=excluded; positive=1..3,B,objectless_general,0.32491034269332886,A,0.20789580047130585,0.11701454222202301,0.20789580047130585,0.32491034269332886,0.15320038795471191,0.14474046230316162,0.16925294697284698
ait-test-2018-En-02323,2018-En-02323,A person #hates u for 1 of 3 reasons. They 1) want 2b U; 2) #hate themselves. 3) C U as a #threat. (&amp; don't tell me hate doesn't exist!),0,negative,test,-1,ordinal_-3_to_3,negative=-3..-1; zero=excluded; positive=1..3,A,target_directed,0.6135573983192444,E,0.14664219319820404,0.46691519021987915,0.6135573983192444,0.14261385798454285,0.07439973950386047,0.022786837071180344,0.14664219319820404
ait-test-2018-En-02326,2018-En-02326,i keep watching all the videos i took from two door cinema club and im sad they were so good i miss them,0,negative,test,-2,ordinal_-3_to_3,negative=-3..-1; zero=excluded; positive=1..3,B,objectless_general,0.41718053817749023,A,0.21912451088428497,0.19805602729320526,0.21912451088428497,0.41718053817749023,0.13383397459983826,0.1619962751865387,0.06786464899778366
ait-test-2018-En-02334,2018-En-02334,Somebody called y'all president a fucknugget 😂😂 idk what that is but it was the laugh I needed this morning 😭,1,positive,test,2,ordinal_-3_to_3,negative=-3..-1; zero=excluded; positive=1..3,E,ambiguous,0.3414969742298126,B,0.24430930614471436,0.09718766808509827,0.07522985339164734,0.24430930614471436,0.1535245180130005,0.1854393482208252,0.3414969742298126
ait-test-2018-En-02335,2018-En-02335,Words can't explain how thankful I am that I woke up today! It's all I need to know how blessed I truly am! #iGotAnotherDayToCreateLife 😍,1,positive,test,3,ordinal_-3_to_3,negative=-3..-1; zero=excluded; positive=1..3,A,target_directed,0.513465940952301,E,0.38417524099349976,0.12929069995880127,0.513465940952301,0.052221253514289856,0.014953423291444778,0.03518415987491608,0.38417524099349976
ait-test-2018-En-02337,2018-En-02337,"Mothafuckas wanna adopt the dark, but I was born in it",0,negative,test,-2,ordinal_-3_to_3,negative=-3..-1; zero=excluded; positive=1..3,E,ambiguous,0.9049544930458069,B,0.055386513471603394,0.8495680093765259,0.006618117447942495,0.055386513471603394,0.026344656944274902,0.006696117110550404,0.9049544930458069
ait-test-2018-En-02340,2018-En-02340,@CPC_HQ Immature...and Trumpy. Sad one guys😕 Does this represent the intelligence and moral depth of CPC ? #bully #notinmycanada,0,negative,test,-3,ordinal_-3_to_3,negative=-3..-1; zero=excluded; positive=1..3,E,ambiguous,0.357528954744339,B,0.25901496410369873,0.09851399064064026,0.06966402381658554,0.25901496410369873,0.24980546534061432,0.06398658454418182,0.357528954744339
ait-test-2018-En-02353,2018-En-02353,'Too often we give children answers to remember rather than problems to solve' Roger Lewin Terrific :) Tuesday,0,negative,test,-1,ordinal_-3_to_3,negative=-3..-1; zero=excluded; positive=1..3,A,target_directed,0.2864876687526703,E,0.23577748239040375,0.05071018636226654,0.2864876687526703,0.23147571086883545,0.19456401467323303,0.05169513449072838,0.23577748239040375
ait-test-2018-En-02360,2018-En-02360,"You can be discouraged by failure or you can learn from it. -- Thomas J. Watson,#motivationalquote,#success",1,positive,test,1,ordinal_-3_to_3,negative=-3..-1; zero=excluded; positive=1..3,B,objectless_general,0.36913976073265076,A,0.2920208275318146,0.07711893320083618,0.2920208275318146,0.36913976073265076,0.11632880568504333,0.040239594876766205,0.18227097392082214
ait-test-2018-En-02363,2018-En-02363,"Fear not @lisajnc1951, God is with you, don't be discouraged, for He is your God, He strengthens and helps you at all time. Is 41:10",1,positive,test,2,ordinal_-3_to_3,negative=-3..-1; zero=excluded; positive=1..3,A,target_directed,0.4448637068271637,C,0.229949489235878,0.2149142175912857,0.4448637068271637,0.20147766172885895,0.229949489235878,0.03840145468711853,0.08530775457620621
ait-test-2018-En-02371,2018-En-02371,@republic Inside job so modi can show more tantrums,0,negative,test,-1,ordinal_-3_to_3,negative=-3..-1; zero=excluded; positive=1..3,B,objectless_general,0.378314733505249,C,0.2799816429615021,0.09833309054374695,0.052278704941272736,0.378314733505249,0.2799816429615021,0.02540077455341816,0.26402416825294495
ait-test-2018-En-02372,2018-En-02372,Don't be afraid to start. Be afraid not to start. #happiness,1,positive,test,1,ordinal_-3_to_3,negative=-3..-1; zero=excluded; positive=1..3,B,objectless_general,0.2942987084388733,E,0.2365979254245758,0.057700783014297485,0.18920379877090454,0.2942987084388733,0.193704292178154,0.08619529008865356,0.2365979254245758
ait-test-2018-En-02393,2018-En-02393,This is legit one of the coolest experiences of our lifetime. #amazing #solareclipse,1,positive,test,3,ordinal_-3_to_3,negative=-3..-1; zero=excluded; positive=1..3,A,target_directed,0.6276167631149292,E,0.21035082638263702,0.41726595163345337,0.6276167631149292,0.12315210700035095,0.019556496292352676,0.01932375319302082,0.21035082638263702
ait-test-2018-En-02399,2018-En-02399,﻿My brain is out for a walk🔫💣 #conceptpaper #thesis #research #stress #sarcastic #Sarcasm,0,negative,test,-2,ordinal_-3_to_3,negative=-3..-1; zero=excluded; positive=1..3,E,ambiguous,0.8507987260818481,C,0.10876978188753128,0.7420289516448975,0.0018421108834445477,0.02232503890991211,0.10876978188753128,0.016264334321022034,0.8507987260818481
ait-test-2018-En-02402,2018-En-02402,@laurierecords The worst is getting so very close to life changing contracts and coming up short.  Feels like starting over. :-/ #relentless,0,negative,test,-2,ordinal_-3_to_3,negative=-3..-1; zero=excluded; positive=1..3,D,mixed,0.3392830491065979,B,0.3129236698150635,0.026359379291534424,0.10417274385690689,0.3129236698150635,0.140923410654068,0.3392830491065979,0.10269705951213837
ait-test-2018-En-02403,2018-En-02403,"@lidl_ireland What a wonderful experience in #Trim. What a star ⭐️#Joileta is.  She made my shopping a wonderful experience, helpful ",1,positive,test,3,ordinal_-3_to_3,negative=-3..-1; zero=excluded; positive=1..3,A,target_directed,0.44000688195228577,B,0.2309589684009552,0.20904791355133057,0.44000688195228577,0.2309589684009552,0.09228342026472092,0.11374808102846146,0.12300272285938263
ait-test-2018-En-02404,2018-En-02404,The #buthisemails meme is hilarity.,1,positive,test,1,ordinal_-3_to_3,negative=-3..-1; zero=excluded; positive=1..3,E,ambiguous,0.8947771191596985,B,0.06799173355102539,0.8267853856086731,0.0245706457644701,0.06799173355102539,0.007982064969837666,0.004678312223404646,0.8947771191596985
ait-test-2018-En-02406,2018-En-02406,@balleralert @akadmiks these kind of cops are the reason people hate cops &amp; cant trust anything ,0,negative,test,-2,ordinal_-3_to_3,negative=-3..-1; zero=excluded; positive=1..3,E,ambiguous,0.4968510866165161,B,0.18267466127872467,0.31417644023895264,0.06528191268444061,0.18267466127872467,0.17620302736759186,0.07898931205272675,0.4968510866165161
ait-test-2018-En-02410,2018-En-02410,"“Tell me, Doctor, are you afraid of #death?'\n'I guess it depends on how you #die.”",0,negative,test,-2,ordinal_-3_to_3,negative=-3..-1; zero=excluded; positive=1..3,B,objectless_general,0.3721781373023987,C,0.2179708331823349,0.15420730412006378,0.21669450402259827,0.3721781373023987,0.2179708331823349,0.05154510587453842,0.14161144196987152
ait-test-2018-En-02419,2018-En-02419,Nice to be able to turn the alarm clock off until next Tuesday morning. #awesome,1,positive,test,3,ordinal_-3_to_3,negative=-3..-1; zero=excluded; positive=1..3,B,objectless_general,0.6592346429824829,C,0.13214072585105896,0.5270938873291016,0.04852857068181038,0.6592346429824829,0.13214072585105896,0.10345034301280975,0.05664568766951561
ait-test-2018-En-02422,2018-En-02422,My patient gave me a business card and it's given me so much glee to grind the thing.,1,positive,test,2,ordinal_-3_to_3,negative=-3..-1; zero=excluded; positive=1..3,E,ambiguous,0.391149640083313,D,0.29669082164764404,0.09445881843566895,0.07492638379335403,0.17665131390094757,0.060581717640161514,0.29669082164764404,0.391149640083313
ait-test-2018-En-02423,2018-En-02423,@ibogost A BLACK FLYYYYYYYYY IN YOUR CHARDONAY! #ironic,0,negative,test,-2,ordinal_-3_to_3,negative=-3..-1; zero=excluded; positive=1..3,E,ambiguous,0.9942885637283325,B,0.002604804700240493,0.9916837811470032,0.0003093121340498328,0.002604804700240493,0.0025217614602297544,0.0002754570741672069,0.9942885637283325
ait-test-2018-En-02429,2018-En-02429,"There are parts of you that wants the sadness. Find them out, ask them why",0,negative,test,-2,ordinal_-3_to_3,negative=-3..-1; zero=excluded; positive=1..3,E,ambiguous,0.3013657033443451,B,0.28775665163993835,0.013609051704406738,0.13047349452972412,0.28775665163993835,0.10070083290338516,0.17970329523086548,0.3013657033443451
ait-test-2018-En-02436,2018-En-02436,"@EmberXiao ❝ Ah, I see! Clever! ❞\n[Ruby nodded her head, putting her hands by her sides before smiling up at Yang.]\n❝ Hehe, since when--",1,positive,test,1,ordinal_-3_to_3,negative=-3..-1; zero=excluded; positive=1..3,B,objectless_general,0.5236089825630188,C,0.27919259667396545,0.24441638588905334,0.10033590346574783,0.5236089825630188,0.27919259667396545,0.08140651136636734,0.015455983579158783
ait-test-2018-En-02440,2018-En-02440,Why hasn't my alarm gone off... 🤔😩⏰,0,negative,test,-2,ordinal_-3_to_3,negative=-3..-1; zero=excluded; positive=1..3,E,ambiguous,0.36363106966018677,B,0.23719899356365204,0.12643207609653473,0.05506661906838417,0.23719899356365204,0.1648692637681961,0.1792341023683548,0.36363106966018677
ait-test-2018-En-02442,2018-En-02442,another chunk of #antarctic the size of #wales broke off. The #glee of knowing humans deserve their #extinction. #climatechange,0,negative,test,-1,ordinal_-3_to_3,negative=-3..-1; zero=excluded; positive=1..3,E,ambiguous,0.37554335594177246,C,0.2756446599960327,0.09989869594573975,0.15333832800388336,0.1563533991575241,0.2756446599960327,0.03912016376852989,0.37554335594177246
ait-test-2018-En-02449,2018-En-02449,"@esmithla Word of advice, don't jump, it's not worth damaging your camera #sarcasm",0,negative,test,-2,ordinal_-3_to_3,negative=-3..-1; zero=excluded; positive=1..3,E,ambiguous,0.5770494341850281,C,0.2620575428009033,0.31499189138412476,0.021953843533992767,0.1127200722694397,0.2620575428009033,0.026219090446829796,0.5770494341850281
ait-test-2018-En-02461,2018-En-02461,"@AdamBaldwin He left a long time ago. In fact, the Repubican party left the Repubican party a long time ago. #shocking #nonotreally",0,negative,test,-2,ordinal_-3_to_3,negative=-3..-1; zero=excluded; positive=1..3,C,reported_quoted,0.513064444065094,E,0.304581880569458,0.208482563495636,0.060363516211509705,0.11160852760076523,0.513064444065094,0.010381686501204967,0.304581880569458
ait-test-2018-En-02467,2018-En-02467,It amazes me how many useful videos there are on Youtube.  Everyone sharing knowledge &amp; making money doing it. #wonderful,1,positive,test,3,ordinal_-3_to_3,negative=-3..-1; zero=excluded; positive=1..3,A,target_directed,0.4371034502983093,B,0.23357447981834412,0.2035289704799652,0.4371034502983093,0.23357447981834412,0.06707163155078888,0.042945414781570435,0.21930493414402008
ait-test-2018-En-02474,2018-En-02474,@William79825670 @Bienvenuebrexit @UnityRefEire I better bring in the washing then...enjoy yere caveman celebration's laughing 😆 stock 👍,1,positive,test,3,ordinal_-3_to_3,negative=-3..-1; zero=excluded; positive=1..3,E,ambiguous,0.3614167869091034,C,0.20335493981838226,0.15806184709072113,0.08530814945697784,0.15902316570281982,0.20335493981838226,0.19089695811271667,0.3614167869091034
ait-test-2018-En-02479,2018-En-02479,@jinsproducer Thank you so much!! I don't draw a whole lot anymore but long haired jun is #inspiring,1,positive,test,3,ordinal_-3_to_3,negative=-3..-1; zero=excluded; positive=1..3,E,ambiguous,0.3002307415008545,B,0.2631567120552063,0.03707402944564819,0.18808971345424652,0.2631567120552063,0.1299917995929718,0.11853102594614029,0.3002307415008545
ait-test-2018-En-02488,2018-En-02488,"This the way I rage, \n\non sum wopstar shit ⭐️",0,negative,test,-2,ordinal_-3_to_3,negative=-3..-1; zero=excluded; positive=1..3,E,ambiguous,0.4834219217300415,B,0.1889294683933258,0.2944924533367157,0.12262634187936783,0.1889294683933258,0.12495409697294235,0.08006814122200012,0.4834219217300415
ait-test-2018-En-02492,2018-En-02492,"There's no pine in it, there's no apple in it, Let's call it Pineapple #funny",1,positive,test,2,ordinal_-3_to_3,negative=-3..-1; zero=excluded; positive=1..3,C,reported_quoted,0.30318212509155273,B,0.2462250143289566,0.05695711076259613,0.1578441858291626,0.2462250143289566,0.30318212509155273,0.12956276535987854,0.16318584978580475
ait-test-2018-En-02493,2018-En-02493,This Wednesday @ChandlerBMusic #kickstarter begins! Y'all be READY! #ChandlerBayMusic #ChandlerBayEP #tantrum,1,positive,test,3,ordinal_-3_to_3,negative=-3..-1; zero=excluded; positive=1..3,E,ambiguous,0.3519276976585388,B,0.23368126153945923,0.11824643611907959,0.13487596809864044,0.23368126153945923,0.22872565686702728,0.050789326429367065,0.3519276976585388
ait-test-2018-En-02503,2018-En-02503,@turabelamedi Wayyyyy wayy wayyyy!! 😄,1,positive,test,1,ordinal_-3_to_3,negative=-3..-1; zero=excluded; positive=1..3,E,ambiguous,0.706912636756897,A,0.14977526664733887,0.5571373701095581,0.14977526664733887,0.05520359054207802,0.028477249667048454,0.05963128060102463,0.706912636756897
ait-test-2018-En-02506,2018-En-02506,"*gen math class*\n\nms: what is the value of x in this eq'n?\n\nme: x is 10....tial dread and suffering is a prison without escape, only death.",0,negative,test,-2,ordinal_-3_to_3,negative=-3..-1; zero=excluded; positive=1..3,E,ambiguous,0.323956161737442,C,0.23859982192516327,0.08535633981227875,0.12441570311784744,0.17246811091899872,0.23859982192516327,0.14056019484996796,0.323956161737442
ait-test-2018-En-02513,2018-En-02513,"my name is sara, im 20 years old and i cant believe boiling an onion is making me cry",0,negative,test,-3,ordinal_-3_to_3,negative=-3..-1; zero=excluded; positive=1..3,B,objectless_general,0.30873343348503113,E,0.20618396997451782,0.1025494635105133,0.1971835345029831,0.30873343348503113,0.14768026769161224,0.1402187943458557,0.20618396997451782
ait-test-2018-En-02514,2018-En-02514,@Hayles_101 Delaney keeping up his awesome Manchester United transfer record...\n\n😂,1,positive,test,2,ordinal_-3_to_3,negative=-3..-1; zero=excluded; positive=1..3,C,reported_quoted,0.44080308079719543,B,0.1704755276441574,0.2703275680541992,0.09431375563144684,0.1704755276441574,0.44080308079719543,0.1331339180469513,0.16127373278141022
ait-test-2018-En-02515,2018-En-02515,So happy Steven and I were together to experience that 💞 she's so beautiful,1,positive,test,3,ordinal_-3_to_3,negative=-3..-1; zero=excluded; positive=1..3,B,objectless_general,0.38417667150497437,A,0.2891048192977905,0.09507185220718384,0.2891048192977905,0.38417667150497437,0.08085007220506668,0.09901897609233856,0.14684942364692688
ait-test-2018-En-02526,2018-En-02526,@BroxtonDaniel I love you more than anything. I'm so glad we're able to make each other so infinitely happy😊,1,positive,test,3,ordinal_-3_to_3,negative=-3..-1; zero=excluded; positive=1..3,A,target_directed,0.6735373735427856,E,0.25672340393066406,0.4168139696121216,0.6735373735427856,0.0321621336042881,0.018340956419706345,0.019236193969845772,0.25672340393066406
ait-test-2018-En-02537,2018-En-02537,"Can a kangaroo jump higher than a house? Ofcourse, a house doesn’t jump at all.\n#elephantsportsllp #happy #jokeoftheday #laugh #stayhealthy",1,positive,test,3,ordinal_-3_to_3,negative=-3..-1; zero=excluded; positive=1..3,A,target_directed,0.31949323415756226,B,0.2631404995918274,0.05635273456573486,0.31949323415756226,0.2631404995918274,0.2221192866563797,0.053529415279626846,0.14171749353408813
ait-test-2018-En-02542,2018-En-02542,@AlbinomiteMM4 I'll be cheering you on from the bench,1,positive,test,1,ordinal_-3_to_3,negative=-3..-1; zero=excluded; positive=1..3,C,reported_quoted,0.3492068350315094,B,0.23584076762199402,0.11336606740951538,0.0685536339879036,0.23584076762199402,0.3492068350315094,0.1863982230424881,0.16000056266784668
ait-test-2018-En-02547,2018-En-02547,@mizuvera I hope didn't scare other people who owned this figure that he will move at midnight 😂,1,positive,test,1,ordinal_-3_to_3,negative=-3..-1; zero=excluded; positive=1..3,E,ambiguous,0.3908088803291321,C,0.31220343708992004,0.07860544323921204,0.029969599097967148,0.21742913126945496,0.31220343708992004,0.04958901181817055,0.3908088803291321
ait-test-2018-En-02552,2018-En-02552,@taportugal I'm lost in translation with @taportugal #sad #tired #upset #noservice,0,negative,test,-3,ordinal_-3_to_3,negative=-3..-1; zero=excluded; positive=1..3,C,reported_quoted,0.29609057307243347,E,0.23768822848796844,0.05840234458446503,0.11384453624486923,0.19794699549674988,0.29609057307243347,0.15442967414855957,0.23768822848796844
ait-test-2018-En-02555,2018-En-02555,All I want is get my sister @ashleyclaw &amp; @chrisdelia in a room and listen to both of them laugh #Hollywoodimprov #laughteristhebestmeds #😂,1,positive,test,3,ordinal_-3_to_3,negative=-3..-1; zero=excluded; positive=1..3,B,objectless_general,0.3092847764492035,C,0.26360994577407837,0.04567483067512512,0.1571042537689209,0.3092847764492035,0.26360994577407837,0.1283407211303711,0.14166031777858734
ait-test-2018-En-02559,2018-En-02559,@deray Someone needs to speak for the frat boys #sarcasm,0,negative,test,-2,ordinal_-3_to_3,negative=-3..-1; zero=excluded; positive=1..3,C,reported_quoted,0.4293692708015442,E,0.37047070264816284,0.05889856815338135,0.03233261778950691,0.1341766119003296,0.4293692708015442,0.03365081921219826,0.37047070264816284
ait-test-2018-En-02563,2018-En-02563,"Just seen recent pics of Liz Hurley in swimming costume , she looks amazing 😍 #beauty ",1,positive,test,3,ordinal_-3_to_3,negative=-3..-1; zero=excluded; positive=1..3,B,objectless_general,0.43706920742988586,A,0.18619656562805176,0.2508726418018341,0.18619656562805176,0.43706920742988586,0.16390220820903778,0.16957496106624603,0.04325714334845543
ait-test-2018-En-02571,2018-En-02571,@EllyySchlordt it's awful!,0,negative,test,-3,ordinal_-3_to_3,negative=-3..-1; zero=excluded; positive=1..3,E,ambiguous,0.7153320908546448,A,0.1277054399251938,0.5876266360282898,0.1277054399251938,0.1275481879711151,0.018933625891804695,0.010480721481144428,0.7153320908546448
ait-test-2018-En-02578,2018-En-02578,"@WorldFringeDay Heehee. I did chuckle to myself when i saw what it actually was, so you did get a laugh out if me. \n😀",1,positive,test,2,ordinal_-3_to_3,negative=-3..-1; zero=excluded; positive=1..3,C,reported_quoted,0.3414205312728882,E,0.2378331571817398,0.10358737409114838,0.057045016437768936,0.2048826962709427,0.3414205312728882,0.15881860256195068,0.2378331571817398
ait-test-2018-En-02580,2018-En-02580,Great start. Exciting new innovation = new challenges. @VisaSecurity #VSS2017 #brilliance,1,positive,test,1,ordinal_-3_to_3,negative=-3..-1; zero=excluded; positive=1..3,B,objectless_general,0.37448596954345703,E,0.21555225551128387,0.15893371403217316,0.1444477140903473,0.37448596954345703,0.20111577212810516,0.06439827382564545,0.21555225551128387
ait-test-2018-En-02582,2018-En-02582,I'm so nervous I could puke + my body temp is rising ha ha ha ha ha,0,negative,test,-1,ordinal_-3_to_3,negative=-3..-1; zero=excluded; positive=1..3,E,ambiguous,0.7136316895484924,C,0.09622099995613098,0.6174106597900391,0.08249156177043915,0.06302953511476517,0.09622099995613098,0.044626232236623764,0.7136316895484924
ait-test-2018-En-02596,2018-En-02596,@Afi_licious I have at 7am so I have to get up around 5am to get ready! N also 7am classes are never pleasant 😭,0,negative,test,-3,ordinal_-3_to_3,negative=-3..-1; zero=excluded; positive=1..3,E,ambiguous,0.3326855003833771,B,0.3074209690093994,0.02526453137397766,0.08302516490221024,0.3074209690093994,0.16580228507518768,0.11106604337692261,0.3326855003833771
ait-test-2018-En-02622,2018-En-02622,@DannyMcguire6 sad day Danny 😓you have been and still are a true Leeds rhino you have been brilliant at the club I will miss you,0,negative,test,-2,ordinal_-3_to_3,negative=-3..-1; zero=excluded; positive=1..3,B,objectless_general,0.30455780029296875,A,0.21674084663391113,0.08781695365905762,0.21674084663391113,0.30455780029296875,0.20659713447093964,0.10876340419054031,0.16334079205989838
ait-test-2018-En-02624,2018-En-02624,"Finally its time, i have a cuppa n its time to watch what i already know will be an epic ep of Game of Thrones #bliss",1,positive,test,1,ordinal_-3_to_3,negative=-3..-1; zero=excluded; positive=1..3,B,objectless_general,0.3439435064792633,E,0.2375394105911255,0.10640409588813782,0.17541469633579254,0.3439435064792633,0.14163416624069214,0.10146822035312653,0.2375394105911255
ait-test-2018-En-02629,2018-En-02629,@SandraOldfield I LOVE the comics! #hilarious,1,positive,test,3,ordinal_-3_to_3,negative=-3..-1; zero=excluded; positive=1..3,A,target_directed,0.4325723350048065,E,0.40676966309547424,0.025802671909332275,0.4325723350048065,0.11441276222467422,0.021481698378920555,0.02476351335644722,0.40676966309547424
ait-test-2018-En-02631,2018-En-02631,@ThomasSanders I am having anxiety right now because I don't know it's gonna happen,0,negative,test,-1,ordinal_-3_to_3,negative=-3..-1; zero=excluded; positive=1..3,E,ambiguous,0.4549480974674225,B,0.18982718884944916,0.2651209235191345,0.07704959809780121,0.18982718884944916,0.14134149253368378,0.1368335783481598,0.4549480974674225
ait-test-2018-En-02657,2018-En-02657,Nearly 12 o'clock and we are here listening to music and my girlie is making me howl with her dancing #oldtunes #daughter #laughs #memories,1,positive,test,3,ordinal_-3_to_3,negative=-3..-1; zero=excluded; positive=1..3,B,objectless_general,0.5263655185699463,D,0.1544473022222519,0.3719182014465332,0.11131574958562851,0.5263655185699463,0.13475167751312256,0.1544473022222519,0.07311970740556717
ait-test-2018-En-02665,2018-En-02665,"@sanga_wardene Probably, the way you converse...sounds funny, and I can't suppress a giggle. 😊",1,positive,test,3,ordinal_-3_to_3,negative=-3..-1; zero=excluded; positive=1..3,B,objectless_general,0.5271819829940796,C,0.1434929221868515,0.3836890459060669,0.11508647352457047,0.5271819829940796,0.1434929221868515,0.07393895834684372,0.1402997225522995
ait-test-2018-En-02675,2018-En-02675,"Jordan is helping Arya hunt a moth, lifting her up to get it on the walls. it's super adorable. #kitten #boyfriend #adorable #hunting",1,positive,test,3,ordinal_-3_to_3,negative=-3..-1; zero=excluded; positive=1..3,B,objectless_general,0.34467947483062744,A,0.2888123095035553,0.055867165327072144,0.2888123095035553,0.34467947483062744,0.13013669848442078,0.11025909334421158,0.12611235678195953
ait-test-2018-En-02686,2018-En-02686,"@exceptions Although I have a nice vulva, I choose not to intimidate other women with it.",0,negative,test,-1,ordinal_-3_to_3,negative=-3..-1; zero=excluded; positive=1..3,C,reported_quoted,0.4660513699054718,E,0.2190593034029007,0.2469920665025711,0.05313007906079292,0.15321503579616547,0.4660513699054718,0.1085442379117012,0.2190593034029007
ait-test-2018-En-02695,2018-En-02695,@ProducerTomas86 @MikeTaylorShow look carefully at the road signs.... one of them is the number of deaths on texas roads.... #ironic,0,negative,test,-2,ordinal_-3_to_3,negative=-3..-1; zero=excluded; positive=1..3,E,ambiguous,0.8883847594261169,C,0.08808859437704086,0.8002961874008179,0.004267531912773848,0.01715880073606968,0.08808859437704086,0.002100359182804823,0.8883847594261169
ait-test-2018-En-02697,2018-En-02697,@DiceMore I guess she got tired of her war on Tony that's been raging for about a year.,0,negative,test,-2,ordinal_-3_to_3,negative=-3..-1; zero=excluded; positive=1..3,B,objectless_general,0.42810937762260437,C,0.38860878348350525,0.03950059413909912,0.050380606204271317,0.42810937762260437,0.38860878348350525,0.05471392348408699,0.07818728685379028
ait-test-2018-En-02700,2018-En-02700,It feels nice to have an answer even if  the answer is despair.  #irony #TopThat #localcomedy,0,negative,test,-1,ordinal_-3_to_3,negative=-3..-1; zero=excluded; positive=1..3,E,ambiguous,0.334661602973938,B,0.3127884864807129,0.021873116493225098,0.038882169872522354,0.3127884864807129,0.20547866821289062,0.10818901658058167,0.334661602973938
ait-test-2018-En-02708,2018-En-02708,@sundarpichai @Google Since when did someone break #chromecast for ALL MacBooks? PLS -We #despair at days wasted trying 2 make it work again,0,negative,test,-2,ordinal_-3_to_3,negative=-3..-1; zero=excluded; positive=1..3,E,ambiguous,0.6454868912696838,B,0.13459357619285583,0.5108933448791504,0.04181046038866043,0.13459357619285583,0.08206069469451904,0.09604834765195847,0.6454868912696838
ait-test-2018-En-02710,2018-En-02710,When Austin lets u take a rest day #tears #happy #crying #amazing #bestdayever #kindasad #cantfeelmyarms #actuallydieing,1,positive,test,1,ordinal_-3_to_3,negative=-3..-1; zero=excluded; positive=1..3,E,ambiguous,0.4427613615989685,C,0.16345980763435364,0.27930155396461487,0.13942950963974,0.15333707630634308,0.16345980763435364,0.10101227462291718,0.4427613615989685
ait-test-2018-En-02714,2018-En-02714,I own lots of roller skate tools... and my new ones have different sizes on EVERY single screw 😭 #newskates #cry,0,negative,test,-2,ordinal_-3_to_3,negative=-3..-1; zero=excluded; positive=1..3,C,reported_quoted,0.45558884739875793,D,0.1653514802455902,0.2902373671531677,0.10307267308235168,0.15363876521587372,0.45558884739875793,0.1653514802455902,0.12234814465045929
ait-test-2018-En-02715,2018-En-02715,"Lugubrious face, crestfallen eyes, forlorn heart and an agitated soul seeking serenity.",0,negative,test,-2,ordinal_-3_to_3,negative=-3..-1; zero=excluded; positive=1..3,C,reported_quoted,0.34859007596969604,A,0.24897882342338562,0.09961125254631042,0.24897882342338562,0.16444793343544006,0.34859007596969604,0.11717019975185394,0.1208130493760109
ait-test-2018-En-02719,2018-En-02719,@miracles_J yaaay finally brave enought to comment on their vlive 😅,1,positive,test,2,ordinal_-3_to_3,negative=-3..-1; zero=excluded; positive=1..3,E,ambiguous,0.3750385046005249,C,0.23726311326026917,0.13777539134025574,0.06410831212997437,0.2216552048921585,0.23726311326026917,0.10193490236997604,0.3750385046005249
ait-test-2018-En-02738,2018-En-02738,So I now have 3 pairs of shit arsehole neighbours; Any advice? #noisy #norespect #bigbuilding #awful #killinginthenameof,0,negative,test,-3,ordinal_-3_to_3,negative=-3..-1; zero=excluded; positive=1..3,E,ambiguous,0.4453333914279938,C,0.3291979134082794,0.11613547801971436,0.049366336315870285,0.11849553883075714,0.3291979134082794,0.057606764137744904,0.4453333914279938
ait-test-2018-En-02742,2018-En-02742,oh no now that i'm back home i actually have to figure out what i'm gonna do with my life #brilliant 😟,0,negative,test,-1,ordinal_-3_to_3,negative=-3..-1; zero=excluded; positive=1..3,B,objectless_general,0.2697836756706238,C,0.2235339879989624,0.04624968767166138,0.12304146587848663,0.2697836756706238,0.2235339879989624,0.21312397718429565,0.17051690816879272
ait-test-2018-En-02747,2018-En-02747,When you watch @WSOP #MainEvent and play a small tourn. in your local 🇦🇹 cardroom. #limpedpot #familypot #horrible #polkish,0,negative,test,-1,ordinal_-3_to_3,negative=-3..-1; zero=excluded; positive=1..3,B,objectless_general,0.3480019271373749,C,0.2919529378414154,0.05604898929595947,0.10665449500083923,0.3480019271373749,0.2919529378414154,0.05906783789396286,0.19432279467582703
ait-test-2018-En-02750,2018-En-02750,@ButUCanCallMeZ I always wondered your feelings on this and I'm so glad to hear it. 😊,1,positive,test,1,ordinal_-3_to_3,negative=-3..-1; zero=excluded; positive=1..3,B,objectless_general,0.3131086528301239,E,0.24331265687942505,0.06979599595069885,0.13365736603736877,0.3131086528301239,0.23908400535583496,0.07083733379840851,0.24331265687942505
ait-test-2018-En-02754,2018-En-02754,@cyclingweekly 'shocking' ???  Nah that's not Shocking . Richie Portes crash ...THAT WAS  shocking . #tourdefrance2017,0,negative,test,-1,ordinal_-3_to_3,negative=-3..-1; zero=excluded; positive=1..3,E,ambiguous,0.6946431994438171,C,0.1952533721923828,0.4993898272514343,0.03193040192127228,0.06824856251478195,0.1952533721923828,0.009924403391778469,0.6946431994438171
ait-test-2018-En-02763,2018-En-02763,"@CamilaLolie97 @Camila_Cabello I'm from Greece, but I'll travel anywhere arround Europe the next time she comes, just to meet her. 😊",1,positive,test,1,ordinal_-3_to_3,negative=-3..-1; zero=excluded; positive=1..3,B,objectless_general,0.3611599802970886,D,0.24818351864814758,0.11297646164894104,0.13991978764533997,0.3611599802970886,0.1995507925748825,0.24818351864814758,0.05118587240576744
ait-test-2018-En-02764,2018-En-02764,Good Night everyone... #goodnight #sleep #nice #great #night #music #day,1,positive,test,3,ordinal_-3_to_3,negative=-3..-1; zero=excluded; positive=1..3,C,reported_quoted,0.30913782119750977,B,0.24135218560695648,0.06778563559055328,0.056025344878435135,0.24135218560695648,0.30913782119750977,0.18478061258792877,0.20870405435562134
ait-test-2018-En-02767,2018-En-02767,max @whitephobe is lit af he rly put up w my dumb ass for abt two yrs ol boy deserves an award &lt;3 i lov him sm hes a delight &amp; a half,1,positive,test,2,ordinal_-3_to_3,negative=-3..-1; zero=excluded; positive=1..3,E,ambiguous,0.6756675839424133,A,0.17002737522125244,0.5056402087211609,0.17002737522125244,0.0868542417883873,0.029464727267622948,0.03798609972000122,0.6756675839424133
ait-test-2018-En-02768,2018-En-02768,I'm still feeling some type of way about Viserion. #GameOfThrones #crying #stresseating,0,negative,test,-2,ordinal_-3_to_3,negative=-3..-1; zero=excluded; positive=1..3,D,mixed,0.3123995065689087,B,0.304826557636261,0.007572948932647705,0.18220539391040802,0.304826557636261,0.11120118200778961,0.3123995065689087,0.0893673226237297
ait-test-2018-En-02787,2018-En-02787,Be the very best you can be. Believe that you can be the best version of you there is. You are the best! #theonlyyou  #iinspiredu,1,positive,test,2,ordinal_-3_to_3,negative=-3..-1; zero=excluded; positive=1..3,E,ambiguous,0.6504240036010742,A,0.22484740614891052,0.4255765974521637,0.22484740614891052,0.042956773191690445,0.03013717196881771,0.05163472145795822,0.6504240036010742
ait-test-2018-En-02800,2018-En-02800,Santorini is so beautiful 😍,1,positive,test,2,ordinal_-3_to_3,negative=-3..-1; zero=excluded; positive=1..3,A,target_directed,0.7564292550086975,B,0.10171333700418472,0.654715895652771,0.7564292550086975,0.10171333700418472,0.04404592514038086,0.05146191269159317,0.04634967818856239
ait-test-2018-En-02803,2018-En-02803,Witnessed pure beauty from Ft. Lauderdale #SolarEclispe2017 ,1,positive,test,1,ordinal_-3_to_3,negative=-3..-1; zero=excluded; positive=1..3,B,objectless_general,0.4021754562854767,A,0.256340891122818,0.1458345651626587,0.256340891122818,0.4021754562854767,0.10955405235290527,0.19524461030960083,0.0366850271821022
ait-test-2018-En-02822,2018-En-02822,DC Young fly is hilarious man.,1,positive,test,2,ordinal_-3_to_3,negative=-3..-1; zero=excluded; positive=1..3,B,objectless_general,0.3716607987880707,A,0.28880175948143005,0.08285903930664062,0.28880175948143005,0.3716607987880707,0.11214287579059601,0.09296297281980515,0.1344316303730011
ait-test-2018-En-02823,2018-En-02823,A joyless faith is not one for which Jesus died. #thegospel #joy #Jesus #happiness,1,positive,test,1,ordinal_-3_to_3,negative=-3..-1; zero=excluded; positive=1..3,C,reported_quoted,0.5200856328010559,E,0.27990609407424927,0.24017953872680664,0.08265223354101181,0.09582068026065826,0.5200856328010559,0.021535392850637436,0.27990609407424927
ait-test-2018-En-02827,2018-En-02827,@GarimaGupta1508 @SHEROESIndia missing it! Look forward to seeing you all in #Bangalore soon 😀,1,positive,test,2,ordinal_-3_to_3,negative=-3..-1; zero=excluded; positive=1..3,E,ambiguous,0.3430439829826355,C,0.29813843965530396,0.04490554332733154,0.07576823234558105,0.15857253968715668,0.29813843965530396,0.12447688728570938,0.3430439829826355
ait-test-2018-En-02831,2018-En-02831,@PrisUY Good point if let's say the Argentinian police would do 1/100 what they are doing we would see a lot of outrage by certain people.,0,negative,test,-1,ordinal_-3_to_3,negative=-3..-1; zero=excluded; positive=1..3,E,ambiguous,0.3209916055202484,C,0.3126487135887146,0.008342891931533813,0.0628952831029892,0.24722407758235931,0.3126487135887146,0.05624030902981758,0.3209916055202484
ait-test-2018-En-02834,2018-En-02834,"Have you ever just cried, because you were in the middle of some bomb rest and someone woke you up with an emergency. #sleep #cry #kms #dead",0,negative,test,-2,ordinal_-3_to_3,negative=-3..-1; zero=excluded; positive=1..3,E,ambiguous,0.5020403861999512,C,0.22559866309165955,0.2764417231082916,0.08612997084856033,0.16438859701156616,0.22559866309165955,0.021842418238520622,0.5020403861999512
ait-test-2018-En-02839,2018-En-02839,@LondonEconomic Sometimes our judiciary just leaves you breathless and speechless.,0,negative,test,-1,ordinal_-3_to_3,negative=-3..-1; zero=excluded; positive=1..3,C,reported_quoted,0.38485512137413025,E,0.3083004355430603,0.07655468583106995,0.060808196663856506,0.19832836091518402,0.38485512137413025,0.047707874327898026,0.3083004355430603
ait-test-2018-En-02855,2018-En-02855,@BBCNews @BBCBreaking I don't think it's very funny you guys bullying a man for struggling to put on a poncho #bully #bullies #bbc,0,negative,test,-2,ordinal_-3_to_3,negative=-3..-1; zero=excluded; positive=1..3,C,reported_quoted,0.44554755091667175,E,0.2827225923538208,0.16282495856285095,0.03384661301970482,0.19382692873477936,0.44554755091667175,0.04405632242560387,0.2827225923538208
ait-test-2018-En-02860,2018-En-02860,It's okay sus. Let that hurt go 🤗 * that's me hugging ya bitter ass * 😂😂😂,1,positive,test,1,ordinal_-3_to_3,negative=-3..-1; zero=excluded; positive=1..3,C,reported_quoted,0.2907120883464813,B,0.22174328565597534,0.06896880269050598,0.12242254614830017,0.22174328565597534,0.2907120883464813,0.1961432844400406,0.1689787209033966
ait-test-2018-En-02862,2018-En-02862,@pip_tp @Shot_fox Looks like the JRTs have other ideas! 😆,1,positive,test,1,ordinal_-3_to_3,negative=-3..-1; zero=excluded; positive=1..3,E,ambiguous,0.3090653717517853,C,0.2539549469947815,0.055110424757003784,0.07917782664299011,0.24571238458156586,0.2539549469947815,0.11208945512771606,0.3090653717517853
ait-test-2018-En-02877,2018-En-02877,Whoever decided to put chat functions on company websites for customer service deserves all the medals. I hate talking on the phone ,0,negative,test,-2,ordinal_-3_to_3,negative=-3..-1; zero=excluded; positive=1..3,E,ambiguous,0.4441559314727783,A,0.3577166497707367,0.08643928170204163,0.3577166497707367,0.14971239864826202,0.023094942793250084,0.02531997486948967,0.4441559314727783
ait-test-2018-En-02884,2018-En-02884,@LoganPaul You share your jolly cheerful character that it makes so unique:),1,positive,test,1,ordinal_-3_to_3,negative=-3..-1; zero=excluded; positive=1..3,C,reported_quoted,0.5419839024543762,E,0.23485736548900604,0.307126522064209,0.05729283019900322,0.1294269859790802,0.5419839024543762,0.036438871175050735,0.23485736548900604
ait-test-2018-En-02896,2018-En-02896,Welp.. I hope y'all don't have animosity towards me &amp; find this new one. 🙇🏽‍♀️,0,negative,test,-2,ordinal_-3_to_3,negative=-3..-1; zero=excluded; positive=1..3,C,reported_quoted,0.44445955753326416,B,0.3349234461784363,0.10953611135482788,0.10630793869495392,0.3349234461784363,0.44445955753326416,0.08264266699552536,0.03166644275188446
ait-test-2018-En-02898,2018-En-02898,@iamacatsby except now everyones saying that 'pee your pants' is code for 'kill yourself' and quite honestly it's hilarious,1,positive,test,1,ordinal_-3_to_3,negative=-3..-1; zero=excluded; positive=1..3,E,ambiguous,0.3620874881744385,B,0.279436856508255,0.08265063166618347,0.08357904106378555,0.279436856508255,0.11218529939651489,0.16271141171455383,0.3620874881744385
ait-test-2018-En-02903,2018-En-02903,"So the nuclear soap opera as it happened… Trump loves Putin, Putin loves Kim, Trump hates Kim. #irony in 140 characters or less.",0,negative,test,-1,ordinal_-3_to_3,negative=-3..-1; zero=excluded; positive=1..3,E,ambiguous,0.678364634513855,C,0.18039168417453766,0.4979729652404785,0.030282998457551003,0.09581535309553146,0.18039168417453766,0.015145335346460342,0.678364634513855
ait-test-2018-En-02911,2018-En-02911,"@ComeJesusSoon trembled, the #earth quaked, and it became a very great #panic. [2/2]",0,negative,test,-2,ordinal_-3_to_3,negative=-3..-1; zero=excluded; positive=1..3,A,target_directed,0.37746575474739075,E,0.2818145453929901,0.09565120935440063,0.37746575474739075,0.1564306616783142,0.125181645154953,0.059107378125190735,0.2818145453929901
ait-test-2018-En-02942,2018-En-02942,I've seen some get so discouraged in their old age becos they aren't physically able 2 do the things for God they used 2 do in their youth.,0,negative,test,-1,ordinal_-3_to_3,negative=-3..-1; zero=excluded; positive=1..3,B,objectless_general,0.3593144416809082,C,0.33326682448387146,0.026047617197036743,0.13033628463745117,0.3593144416809082,0.33326682448387146,0.06140442565083504,0.1156781017780304
ait-test-2018-En-02944,2018-En-02944,i do love shack shake,1,positive,test,3,ordinal_-3_to_3,negative=-3..-1; zero=excluded; positive=1..3,B,objectless_general,0.38622793555259705,A,0.2421068251132965,0.14412111043930054,0.2421068251132965,0.38622793555259705,0.1673315465450287,0.11866148561239243,0.08567219227552414
ait-test-2018-En-02950,2018-En-02950,@pattonoswalt @EricaRoman_ Amazing how folks are foaming at the mouth to judge. We're happy for you @pattonoswalt !!!!!!!!!!,1,positive,test,3,ordinal_-3_to_3,negative=-3..-1; zero=excluded; positive=1..3,E,ambiguous,0.6496894359588623,C,0.12286911904811859,0.5268203020095825,0.10903554409742355,0.09242048859596252,0.12286911904811859,0.025985393673181534,0.6496894359588623
ait-test-2018-En-02967,2018-En-02967,Thank you for sending random kind people into my life when I need them the most #smiling #grateful,1,positive,test,3,ordinal_-3_to_3,negative=-3..-1; zero=excluded; positive=1..3,B,objectless_general,0.31567659974098206,C,0.2611760199069977,0.054500579833984375,0.12501926720142365,0.31567659974098206,0.2611760199069977,0.16169224679470062,0.13643589615821838
ait-test-2018-En-02976,2018-En-02976,Did you know the #moon is 400 times smaller than the #sun? #eclipse  #amazing  #SolarEclipse2017,1,positive,test,1,ordinal_-3_to_3,negative=-3..-1; zero=excluded; positive=1..3,C,reported_quoted,0.47122472524642944,B,0.3332534730434418,0.13797125220298767,0.14366745948791504,0.3332534730434418,0.47122472524642944,0.015647893771529198,0.03620646893978119
ait-test-2018-En-02981,2018-En-02981,I feel like it's taken me like 6 months to understand what net neutrality is but like...fucking capitalists I'm ,0,negative,test,-2,ordinal_-3_to_3,negative=-3..-1; zero=excluded; positive=1..3,E,ambiguous,0.35345056653022766,B,0.3111572563648224,0.04229331016540527,0.018427081406116486,0.3111572563648224,0.0885603055357933,0.228404700756073,0.35345056653022766
ait-test-2018-En-02985,2018-En-02985,@shelby_Billsfan @buffalobills They kinda hafta be these days. #bleak 😬,0,negative,test,-2,ordinal_-3_to_3,negative=-3..-1; zero=excluded; positive=1..3,B,objectless_general,0.37811246514320374,C,0.3717111647129059,0.0064013004302978516,0.09568699449300766,0.37811246514320374,0.3717111647129059,0.07329275459051132,0.08119656890630722
ait-test-2018-En-02995,2018-En-02995,@LeahRemini These stories are so #heartbreaking #ScientologyTheAftermath Please continue to bring #truth to the surface. Ur helping humanity,0,negative,test,-2,ordinal_-3_to_3,negative=-3..-1; zero=excluded; positive=1..3,E,ambiguous,0.4366244077682495,B,0.1928638070821762,0.2437606006860733,0.16669876873493195,0.1928638070821762,0.14930616319179535,0.054506815969944,0.4366244077682495
ait-test-2018-En-03004,2018-En-03004,"So hungry after eclipse. Ate a few slices of roasted beef, some cheese, and a glass of wine. Now I need a nap after reading. #bliss #eclipse",1,positive,test,1,ordinal_-3_to_3,negative=-3..-1; zero=excluded; positive=1..3,B,objectless_general,0.30579113960266113,D,0.23601511120796204,0.0697760283946991,0.16425050795078278,0.30579113960266113,0.15340493619441986,0.23601511120796204,0.14053834974765778
ait-test-2018-En-03011,2018-En-03011,Have to go to a occupational services place for a drug test. Yet they don't know what the heck is going on. Just great! #blah #😡,0,negative,test,-3,ordinal_-3_to_3,negative=-3..-1; zero=excluded; positive=1..3,E,ambiguous,0.48693904280662537,C,0.24585305154323578,0.2410859912633896,0.024026496335864067,0.19684776663780212,0.24585305154323578,0.04633357748389244,0.48693904280662537
ait-test-2018-En-03012,2018-En-03012,@WILLLANNO Man u r just bitter about Manu making great strides...,0,negative,test,-1,ordinal_-3_to_3,negative=-3..-1; zero=excluded; positive=1..3,C,reported_quoted,0.7401808500289917,B,0.11692679673433304,0.6232540607452393,0.02040318213403225,0.11692679673433304,0.7401808500289917,0.01260641124099493,0.10988279432058334
ait-test-2018-En-03015,2018-En-03015,@saffronieee thnx fan 😂,1,positive,test,2,ordinal_-3_to_3,negative=-3..-1; zero=excluded; positive=1..3,E,ambiguous,0.8024545311927795,C,0.13524357974529266,0.6672109365463257,0.004451988264918327,0.03973618149757385,0.13524357974529266,0.018113676458597183,0.8024545311927795
ait-test-2018-En-03029,2018-En-03029,@payne_quaray You might have been doing it for the wrong one. Don't fret 😟,0,negative,test,-2,ordinal_-3_to_3,negative=-3..-1; zero=excluded; positive=1..3,C,reported_quoted,0.3491986393928528,B,0.2541382908821106,0.09506034851074219,0.08396527171134949,0.2541382908821106,0.3491986393928528,0.1212085410952568,0.1914892941713333
ait-test-2018-En-03034,2018-En-03034,"Once I'll graduate, I hope I'll have the time to start learning Finnish on my own because I've been putting it off for quite too long 😢",0,negative,test,-2,ordinal_-3_to_3,negative=-3..-1; zero=excluded; positive=1..3,C,reported_quoted,0.31747713685035706,B,0.24214471876621246,0.07533241808414459,0.09513375163078308,0.24214471876621246,0.31747713685035706,0.14686456322669983,0.19837979972362518
ait-test-2018-En-03040,2018-En-03040,It's tough when people give up on their friends because of politics. #irony is a bitch. #relatable,0,negative,test,-2,ordinal_-3_to_3,negative=-3..-1; zero=excluded; positive=1..3,B,objectless_general,0.37604913115501404,E,0.27621445059776306,0.09983468055725098,0.04534606263041496,0.37604913115501404,0.2546485662460327,0.047741759568452835,0.27621445059776306
ait-test-2018-En-03045,2018-En-03045,@KerryKatona7 Stunner cute like her mum 😃,1,positive,test,3,ordinal_-3_to_3,negative=-3..-1; zero=excluded; positive=1..3,B,objectless_general,0.31362324953079224,A,0.25321224331855774,0.0604110062122345,0.25321224331855774,0.31362324953079224,0.18832072615623474,0.1657717078924179,0.07907209545373917
ait-test-2018-En-03049,2018-En-03049,@gammarus @Steel_Con @Scott_Helme People know your serious now brother! #awesome,1,positive,test,3,ordinal_-3_to_3,negative=-3..-1; zero=excluded; positive=1..3,E,ambiguous,0.36566781997680664,B,0.22095608711242676,0.14471173286437988,0.1117301881313324,0.22095608711242676,0.20035797357559204,0.10128791630268097,0.36566781997680664
ait-test-2018-En-03054,2018-En-03054,"Thank you for the M line construction @MTA . Sincerely, all J train riders Essex to Bway Junction. #nycsubway ",1,positive,test,1,ordinal_-3_to_3,negative=-3..-1; zero=excluded; positive=1..3,C,reported_quoted,0.6505656838417053,B,0.2329968512058258,0.4175688326358795,0.06086404249072075,0.2329968512058258,0.6505656838417053,0.034339845180511475,0.021233581006526947
ait-test-2018-En-03062,2018-En-03062,@justicemalala The Guptas is the middle man from hell. ..men with cigars sitting and plotting in the dark of night,0,negative,test,-2,ordinal_-3_to_3,negative=-3..-1; zero=excluded; positive=1..3,E,ambiguous,0.5689863562583923,C,0.2278900295495987,0.34109634160995483,0.08491736650466919,0.1077045127749443,0.2278900295495987,0.01050180196762085,0.5689863562583923
ait-test-2018-En-03074,2018-En-03074,"@dwarsrivier_SA Welcome to the industry fellow #guides! Expect a future of #excitement, #hairraising tales and just allround #fun! :D",1,positive,test,3,ordinal_-3_to_3,negative=-3..-1; zero=excluded; positive=1..3,E,ambiguous,0.3995445966720581,A,0.2596362829208374,0.1399083137512207,0.2596362829208374,0.202208012342453,0.06949840486049652,0.06911268085241318,0.3995445966720581
ait-test-2018-En-03078,2018-En-03078,"Easy day at school today; last rehearsal before the show tomorrow... #excited to play #Nancy in #Oliver, then straight into new project! 😍",1,positive,test,3,ordinal_-3_to_3,negative=-3..-1; zero=excluded; positive=1..3,B,objectless_general,0.5721441507339478,E,0.13502749800682068,0.4371166527271271,0.0875769630074501,0.5721441507339478,0.08260979503393173,0.12264157831668854,0.13502749800682068
ait-test-2018-En-03080,2018-En-03080,"I feel bad for people who don't understand my sarcasm. They think I'm mean, but really I'm hysterical &amp; they don't realize it. #sad #funny",0,negative,test,-2,ordinal_-3_to_3,negative=-3..-1; zero=excluded; positive=1..3,E,ambiguous,0.460862398147583,D,0.20183609426021576,0.25902628898620605,0.05743963271379471,0.1735617071390152,0.10630012303590775,0.20183609426021576,0.460862398147583
ait-test-2018-En-03086,2018-En-03086,@narendramodi There should need to take serious action over terrorism sir,0,negative,test,-3,ordinal_-3_to_3,negative=-3..-1; zero=excluded; positive=1..3,B,objectless_general,0.4145021438598633,C,0.29752689599990845,0.11697524785995483,0.04998846352100372,0.4145021438598633,0.29752689599990845,0.04693223908543587,0.1910502165555954
ait-test-2018-En-03096,2018-En-03096,man I hate Spider-Man and I ain't even watch it yet 😤,0,negative,test,-3,ordinal_-3_to_3,negative=-3..-1; zero=excluded; positive=1..3,A,target_directed,0.43761807680130005,B,0.26713937520980835,0.1704787015914917,0.43761807680130005,0.26713937520980835,0.06948956847190857,0.050346069037914276,0.17540693283081055
ait-test-2018-En-03100,2018-En-03100,Working with alergies is the most miserable shit in the world #miserable #alergies,0,negative,test,-3,ordinal_-3_to_3,negative=-3..-1; zero=excluded; positive=1..3,D,mixed,0.5523086190223694,E,0.24415697157382965,0.3081516623497009,0.06942127645015717,0.07176607102155685,0.062347039580345154,0.5523086190223694,0.24415697157382965
ait-test-2018-En-03102,2018-En-03102,#31DaysOfJoy Laughter brings me so much joy! It's good for the ❤️. #laughter #laughterishealing #laughterisgoodforthesoul,1,positive,test,3,ordinal_-3_to_3,negative=-3..-1; zero=excluded; positive=1..3,A,target_directed,0.7580553293228149,E,0.15844367444515228,0.5996116399765015,0.7580553293228149,0.04105929657816887,0.014828717336058617,0.027612900361418724,0.15844367444515228
ait-test-2018-En-03111,2018-En-03111,Me at Start of Semester Expecting = A+\nAfter Mids = B+\nAfter Finals = Passing Marks\n\nThinking to quit MS. 😡,0,negative,test,-2,ordinal_-3_to_3,negative=-3..-1; zero=excluded; positive=1..3,A,target_directed,0.5670772194862366,E,0.21844017505645752,0.34863704442977905,0.5670772194862366,0.10868119448423386,0.049783602356910706,0.05601774528622627,0.21844017505645752
ait-test-2018-En-03112,2018-En-03112,I'm extra lazy today 😟,0,negative,test,-2,ordinal_-3_to_3,negative=-3..-1; zero=excluded; positive=1..3,D,mixed,0.3330833315849304,C,0.3067179024219513,0.026365429162979126,0.03443498909473419,0.2723809778690338,0.3067179024219513,0.3330833315849304,0.05338280647993088
ait-test-2018-En-03115,2018-En-03115,Hey Andy Van Dyke Thanks for the recent follow! Happy to connect :) Look forward to your next interesting posts.,1,positive,test,3,ordinal_-3_to_3,negative=-3..-1; zero=excluded; positive=1..3,B,objectless_general,0.38456952571868896,C,0.20224112272262573,0.18232840299606323,0.14225153625011444,0.38456952571868896,0.20224112272262573,0.08715835958719254,0.18377947807312012
ait-test-2018-En-03117,2018-En-03117,Shitty is the worst feeling ever #depressed #anxiety,0,negative,test,-3,ordinal_-3_to_3,negative=-3..-1; zero=excluded; positive=1..3,E,ambiguous,0.26802101731300354,A,0.2546517550945282,0.013369262218475342,0.2546517550945282,0.22462140023708344,0.11290236562490463,0.13980351388454437,0.26802101731300354
ait-test-2018-En-03118,2018-En-03118,A beautiful day starts with you being cheerful and letting the #joy of the #Lord spring out of you &lt;3\n\nNelly Cruz,1,positive,test,2,ordinal_-3_to_3,negative=-3..-1; zero=excluded; positive=1..3,B,objectless_general,0.3890714943408966,A,0.35001227259635925,0.039059221744537354,0.35001227259635925,0.3890714943408966,0.09973180294036865,0.11145193129777908,0.0497325174510479
ait-test-2018-En-03122,2018-En-03122,Reads two sentences about engagement...yeah...that's enough let's see what social media has to offer. #ironic,0,negative,test,-2,ordinal_-3_to_3,negative=-3..-1; zero=excluded; positive=1..3,E,ambiguous,0.7495095133781433,C,0.181046724319458,0.5684627890586853,0.002305554924532771,0.0654846653342247,0.181046724319458,0.0016535710310563445,0.7495095133781433
ait-test-2018-En-03132,2018-En-03132,This reminds me of cheer up's location lit,1,positive,test,1,ordinal_-3_to_3,negative=-3..-1; zero=excluded; positive=1..3,B,objectless_general,0.4742935001850128,C,0.2555714547634125,0.21872204542160034,0.10348813235759735,0.4742935001850128,0.2555714547634125,0.028241347521543503,0.13840557634830475
ait-test-2018-En-03135,2018-En-03135,@Shaftesbury_LRC Genius! Love the poster 😃. The #excitement is on for next Monday 😃,1,positive,test,3,ordinal_-3_to_3,negative=-3..-1; zero=excluded; positive=1..3,A,target_directed,0.36868152022361755,E,0.21420304477214813,0.15447847545146942,0.36868152022361755,0.18732327222824097,0.118983194231987,0.11080896109342575,0.21420304477214813
ait-test-2018-En-03140,2018-En-03140,Happy happy birthday to the girl who never fails to brighten up everyone's day! Thank you for everything! I'll always be here for you. 🤗,1,positive,test,3,ordinal_-3_to_3,negative=-3..-1; zero=excluded; positive=1..3,A,target_directed,0.8590879440307617,E,0.07065583020448685,0.7884321212768555,0.8590879440307617,0.05262897536158562,0.008966687135398388,0.008660628460347652,0.07065583020448685
ait-test-2018-En-03143,2018-En-03143,"Damn, y'all flamin' him. 😂\n\nI just thought it was funny. 😂😂",1,positive,test,3,ordinal_-3_to_3,negative=-3..-1; zero=excluded; positive=1..3,E,ambiguous,0.47587820887565613,B,0.18546123802661896,0.290416955947876,0.08391934633255005,0.18546123802661896,0.14795173704624176,0.10678946226835251,0.47587820887565613
ait-test-2018-En-03156,2018-En-03156,seeing sope perform otsukare always makes me happy no matter how much of a bad day I have,1,positive,test,2,ordinal_-3_to_3,negative=-3..-1; zero=excluded; positive=1..3,B,objectless_general,0.36969465017318726,A,0.23185214400291443,0.13784250617027283,0.23185214400291443,0.36969465017318726,0.06576050817966461,0.16725759208202362,0.16543515026569366
ait-test-2018-En-03157,2018-En-03157,"#AmazonPrimeDay2017 is basically my new favorite holiday.  GPS watch, food storage, pet toys, books acquired! @amazon #happy #shopping",1,positive,test,3,ordinal_-3_to_3,negative=-3..-1; zero=excluded; positive=1..3,E,ambiguous,0.4434257745742798,A,0.3289107084274292,0.11451506614685059,0.3289107084274292,0.11370057612657547,0.03741239011287689,0.07655060291290283,0.4434257745742798
ait-test-2018-En-03172,2018-En-03172,"It's not length, it's A #gnawing #sense of #dread.",0,negative,test,-2,ordinal_-3_to_3,negative=-3..-1; zero=excluded; positive=1..3,A,target_directed,0.8311176896095276,E,0.10826815664768219,0.7228495478630066,0.8311176896095276,0.010863257572054863,0.02221597731113434,0.02753492444753647,0.10826815664768219
ait-test-2018-En-03182,2018-En-03182,"#ever #heard of #flirt #marketing !!\n\n#engaging with a #person in such a #playful way that the person #enjoys, and finds #comfort with.",1,positive,test,2,ordinal_-3_to_3,negative=-3..-1; zero=excluded; positive=1..3,B,objectless_general,0.31279581785202026,C,0.23799927532672882,0.07479654252529144,0.12843947112560272,0.31279581785202026,0.23799927532672882,0.09034553915262222,0.23041999340057373
ait-test-2018-En-03183,2018-En-03183,#Bible reading today shows us the Lord has done #great things for us &amp; we are glad. Our mouth is filled with #laughter &amp; tongue with singing,1,positive,test,2,ordinal_-3_to_3,negative=-3..-1; zero=excluded; positive=1..3,A,target_directed,0.613481879234314,B,0.19761469960212708,0.4158671796321869,0.613481879234314,0.19761469960212708,0.03179248049855232,0.03686873987317085,0.12024222314357758
ait-test-2018-En-03189,2018-En-03189,"@johntassparker Well, at the time, I think there was that concern. Now it is all bright and shiny with a price tag to match.",1,positive,test,1,ordinal_-3_to_3,negative=-3..-1; zero=excluded; positive=1..3,E,ambiguous,0.36320772767066956,B,0.26169905066490173,0.10150867700576782,0.041387930512428284,0.26169905066490173,0.25380662083625793,0.07989869266748428,0.36320772767066956
ait-test-2018-En-03192,2018-En-03192,I'm BEYOND entertained 😂 and in this case it's a sad thing to witness 😂😂 watch and loving the dms 😘 #flattered #cantdoitlikeme #poorthing 😋,1,positive,test,3,ordinal_-3_to_3,negative=-3..-1; zero=excluded; positive=1..3,E,ambiguous,0.5061420798301697,D,0.18917441368103027,0.3169676661491394,0.11570154875516891,0.13382530212402344,0.05515662953257561,0.18917441368103027,0.5061420798301697
ait-test-2018-En-03195,2018-En-03195,"The bathroom sink just spat a spider at me.  I turned on the faucet, and a sizable spider flew up out of the drain.  #spiders #fb",0,negative,test,-2,ordinal_-3_to_3,negative=-3..-1; zero=excluded; positive=1..3,E,ambiguous,0.583724856376648,A,0.17572087049484253,0.4080039858818054,0.17572087049484253,0.11932968348264694,0.05080064386129379,0.0704239159822464,0.583724856376648
ait-test-2018-En-03216,2018-En-03216,"Watching #ScottishOpenHeroChallenge from last night... Smoke, flames, tense sound effects and lively commentary.. #boring #dull #shite 🙈",0,negative,test,-2,ordinal_-3_to_3,negative=-3..-1; zero=excluded; positive=1..3,C,reported_quoted,0.33619028329849243,E,0.2863633930683136,0.04982689023017883,0.07974062860012054,0.23498979210853577,0.33619028329849243,0.0627158060669899,0.2863633930683136
ait-test-2018-En-03217,2018-En-03217,Am I in labor yet?? 😭😫 #miserable,0,negative,test,-3,ordinal_-3_to_3,negative=-3..-1; zero=excluded; positive=1..3,E,ambiguous,0.5608309507369995,D,0.18690238893032074,0.3739285469055176,0.09194530546665192,0.09122838824987411,0.06909290701150894,0.18690238893032074,0.5608309507369995
ait-test-2018-En-03232,2018-En-03232,I hope you smiling and just laughing your soul out @lebeomak . I love you so much.. My Person\n                 😘😘😘😘\n                    😘😘😘😘,1,positive,test,3,ordinal_-3_to_3,negative=-3..-1; zero=excluded; positive=1..3,A,target_directed,0.27033284306526184,C,0.2673337459564209,0.0029990971088409424,0.27033284306526184,0.2405720353126526,0.2673337459564209,0.10739815980195999,0.11436311900615692
ait-test-2018-En-03233,2018-En-03233,@Radio702 There is nothing comical or funny about corrupt officers and negotiating the rand amount for a bribe 😡,0,negative,test,-3,ordinal_-3_to_3,negative=-3..-1; zero=excluded; positive=1..3,E,ambiguous,0.8694417476654053,C,0.05962461233139038,0.8098171353340149,0.013612611219286919,0.042856886982917786,0.05962461233139038,0.014464124105870724,0.8694417476654053
ait-test-2018-En-03239,2018-En-03239,@TerraJole is a bully.  plain and simple. ,0,negative,test,-1,ordinal_-3_to_3,negative=-3..-1; zero=excluded; positive=1..3,E,ambiguous,0.38210904598236084,C,0.28466376662254333,0.0974452793598175,0.20003056526184082,0.1283990740776062,0.28466376662254333,0.004797554574906826,0.38210904598236084
ait-test-2018-En-03240,2018-En-03240,"@ufc wow, Snoop is smoking up good and it appears Faber has a contact high. Thanks for this amazing commentary. #ContenderSeries #sarcasm",1,positive,test,1,ordinal_-3_to_3,negative=-3..-1; zero=excluded; positive=1..3,E,ambiguous,0.7174122929573059,C,0.15746086835861206,0.5599514245986938,0.005860571749508381,0.10198891162872314,0.15746086835861206,0.017277397215366364,0.7174122929573059
ait-test-2018-En-03254,2018-En-03254,"@stillgray yeah real smart... threaten a cop, just cuz youre famous #sarcasm",0,negative,test,-1,ordinal_-3_to_3,negative=-3..-1; zero=excluded; positive=1..3,E,ambiguous,0.8675756454467773,C,0.08410687744617462,0.7834687829017639,0.0046366420574486256,0.0359029546380043,0.08410687744617462,0.007777898572385311,0.8675756454467773
ait-test-2018-En-03260,2018-En-03260,#TOKYO\nFear death as much as optimism.,0,negative,test,-1,ordinal_-3_to_3,negative=-3..-1; zero=excluded; positive=1..3,E,ambiguous,0.5226128101348877,C,0.20368453860282898,0.3189282715320587,0.12058614939451218,0.12661446630954742,0.20368453860282898,0.026501944288611412,0.5226128101348877
ait-test-2018-En-03261,2018-En-03261,@DonaldJTrumpJr @realDonaldTrump Still say #RussiaProbe is #fakenews @DonaldJTrumpJr ? #ironic #lockhimup,0,negative,test,-2,ordinal_-3_to_3,negative=-3..-1; zero=excluded; positive=1..3,E,ambiguous,0.8086519837379456,C,0.14569853246212006,0.6629534363746643,0.003156465943902731,0.03750300407409668,0.14569853246212006,0.004990010056644678,0.8086519837379456
ait-test-2018-En-03276,2018-En-03276,@SylvesterTurner @HoustonMatters With all the other stuff going on in houston #crime you spend your time bullying the homeless #wonderful,0,negative,test,-2,ordinal_-3_to_3,negative=-3..-1; zero=excluded; positive=1..3,B,objectless_general,0.3693903982639313,C,0.3591553568840027,0.010235041379928589,0.030457623302936554,0.3693903982639313,0.3591553568840027,0.05048002675175667,0.19051653146743774
ait-test-2018-En-03287,2018-En-03287,Cream tea @NTColbyGarden #delicious,1,positive,test,2,ordinal_-3_to_3,negative=-3..-1; zero=excluded; positive=1..3,B,objectless_general,0.35964083671569824,C,0.34145063161849976,0.018190205097198486,0.19559748470783234,0.35964083671569824,0.34145063161849976,0.07652873545885086,0.026782356202602386
ait-test-2018-En-03295,2018-En-03295,@elisegaro @jaketapper Very noble of Trump to stand behind his son and not throw him under the bus. #sarcasm,0,negative,test,-1,ordinal_-3_to_3,negative=-3..-1; zero=excluded; positive=1..3,E,ambiguous,0.7351140975952148,C,0.16394168138504028,0.5711724162101746,0.01575339399278164,0.07627545297145844,0.16394168138504028,0.008915390819311142,0.7351140975952148
ait-test-2018-En-03298,2018-En-03298,@Flewbys This thread is a bunch of Putin lovers rejoicing over a video posted by Iranian state television. Sad!,0,negative,test,-2,ordinal_-3_to_3,negative=-3..-1; zero=excluded; positive=1..3,C,reported_quoted,0.40726903080940247,E,0.23156455159187317,0.1757044792175293,0.08517663180828094,0.1949448436498642,0.40726903080940247,0.0810449868440628,0.23156455159187317
ait-test-2018-En-03303,2018-En-03303,Dean Fujioka's History Maker is on Spotify as well as Breaking Benjamin's Dear Agony. #amazing #wonderful #iloveyouspotify #noonecaresbutido,1,positive,test,2,ordinal_-3_to_3,negative=-3..-1; zero=excluded; positive=1..3,A,target_directed,0.3399584889411926,B,0.2945329546928406,0.04542553424835205,0.3399584889411926,0.2945329546928406,0.18007083237171173,0.0706377699971199,0.11479997634887695
ait-test-2018-En-03306,2018-En-03306,Who also miss glee ? #gleek #glee #GleeForever #DreamsComeTrue #dontstopbelieving #gleecast @GLEEonFOX,1,positive,test,2,ordinal_-3_to_3,negative=-3..-1; zero=excluded; positive=1..3,E,ambiguous,0.46810874342918396,C,0.3151455223560333,0.15296322107315063,0.06320185214281082,0.1185760498046875,0.3151455223560333,0.0349678136408329,0.46810874342918396
ait-test-2018-En-03307,2018-En-03307,@GutoAberconwy Your majority is 635 members of the public- believe me you have offended rather more than 635 voters!,0,negative,test,-1,ordinal_-3_to_3,negative=-3..-1; zero=excluded; positive=1..3,E,ambiguous,0.9001179933547974,C,0.052071262151002884,0.8480467200279236,0.005201197694987059,0.040910590440034866,0.052071262151002884,0.0016990426229313016,0.9001179933547974
ait-test-2018-En-03313,2018-En-03313,"@PuddlesPityP Witnessed #totality, overcome with insane awe &amp; emotion. Son equated to witnessing your talent. #hegetsit #cry #eclipse2017",1,positive,test,1,ordinal_-3_to_3,negative=-3..-1; zero=excluded; positive=1..3,E,ambiguous,0.37784895300865173,A,0.3164811432361603,0.061367809772491455,0.3164811432361603,0.14030244946479797,0.08086775243282318,0.08449962735176086,0.37784895300865173
ait-test-2018-En-03319,2018-En-03319,@mxxxcxxx weekedn cheer,1,positive,test,1,ordinal_-3_to_3,negative=-3..-1; zero=excluded; positive=1..3,C,reported_quoted,0.3764190971851349,B,0.34691575169563293,0.029503345489501953,0.06700097024440765,0.34691575169563293,0.3764190971851349,0.0485864020884037,0.16107775270938873
ait-test-2018-En-03324,2018-En-03324,Honestly Michael Clifford is so fucking ugly who let that rabid dog make music,0,negative,test,-3,ordinal_-3_to_3,negative=-3..-1; zero=excluded; positive=1..3,E,ambiguous,0.853973388671875,B,0.056812696158885956,0.7971606850624084,0.018133889883756638,0.056812696158885956,0.05615466460585594,0.014925324358046055,0.853973388671875
ait-test-2018-En-03331,2018-En-03331,@ghenesnowdon @NoOneGOT2 @MochaUson Exactly  because of their  #bitterness   #FiatLoserIdiotAquinoFollower,0,negative,test,-2,ordinal_-3_to_3,negative=-3..-1; zero=excluded; positive=1..3,E,ambiguous,0.3478206694126129,C,0.2912554144859314,0.05656525492668152,0.16923514008522034,0.15346881747245789,0.2912554144859314,0.03821999579668045,0.3478206694126129
ait-test-2018-En-03340,2018-En-03340,@lutonmagoo @GaryLineker @mrjamesob I so love @mrjamesob means @GaryLineker very bright people,1,positive,test,1,ordinal_-3_to_3,negative=-3..-1; zero=excluded; positive=1..3,B,objectless_general,0.35333409905433655,E,0.25831350684165955,0.095020592212677,0.058427948504686356,0.35333409905433655,0.21758651733398438,0.11233791708946228,0.25831350684165955
ait-test-2018-En-03341,2018-En-03341,You get out of a relationship now 'hoe is life' don't make me laugh 😆,1,positive,test,1,ordinal_-3_to_3,negative=-3..-1; zero=excluded; positive=1..3,E,ambiguous,0.8132933974266052,C,0.11230690777301788,0.7009865045547485,0.010374133475124836,0.05613800883293152,0.11230690777301788,0.00788748450577259,0.8132933974266052
ait-test-2018-En-03343,2018-En-03343,My soon to be ex wife needs to learn to chill out &amp; smile ,0,negative,test,-1,ordinal_-3_to_3,negative=-3..-1; zero=excluded; positive=1..3,B,objectless_general,0.313150554895401,E,0.20067378878593445,0.11247676610946655,0.1383155733346939,0.313150554895401,0.19485913217067719,0.15300095081329346,0.20067378878593445
ait-test-2018-En-03344,2018-En-03344,"@TheVintageYear growl like a dog, see if she lifts herself off and gives you space?",0,negative,test,-2,ordinal_-3_to_3,negative=-3..-1; zero=excluded; positive=1..3,E,ambiguous,0.4849121570587158,C,0.2742558717727661,0.2106562852859497,0.03439228981733322,0.1736821085214615,0.2742558717727661,0.03275756537914276,0.4849121570587158
ait-test-2018-En-03346,2018-En-03346,So close; yet so far!  #irony,0,negative,test,-1,ordinal_-3_to_3,negative=-3..-1; zero=excluded; positive=1..3,E,ambiguous,0.9740021228790283,C,0.01570776477456093,0.9582943320274353,0.0006075617275200784,0.009260575287044048,0.01570776477456093,0.00042192995897494256,0.9740021228790283
ait-test-2018-En-03366,2018-En-03366,Free yourself from the poisonous and laborious burden of holding a grudge. @SteveMaraboli #quote,1,positive,test,1,ordinal_-3_to_3,negative=-3..-1; zero=excluded; positive=1..3,A,target_directed,0.43206822872161865,E,0.24844692647457123,0.18362130224704742,0.43206822872161865,0.16326679289340973,0.10132671147584915,0.05489140748977661,0.24844692647457123
ait-test-2018-En-03372,2018-En-03372,What a raucous crowd today @GCSchoolsNC #GCSArtsPD17! How often does one hear applause and cheers at PD?! #excitement @ARTSEDNC @nakiahardy,1,positive,test,3,ordinal_-3_to_3,negative=-3..-1; zero=excluded; positive=1..3,A,target_directed,0.329578161239624,E,0.29875537753105164,0.030822783708572388,0.329578161239624,0.23847267031669617,0.05295591056346893,0.08023779094219208,0.29875537753105164
ait-test-2018-En-03376,2018-En-03376,trying my best to be happy :-),1,positive,test,1,ordinal_-3_to_3,negative=-3..-1; zero=excluded; positive=1..3,A,target_directed,0.316642165184021,B,0.2596750259399414,0.05696713924407959,0.316642165184021,0.2596750259399414,0.07797988504171371,0.15286019444465637,0.1928427368402481
ait-test-2018-En-03379,2018-En-03379,Woke up to what appears to be either a sinus or ear infection. This week is off to a great start so far.,0,negative,test,-1,ordinal_-3_to_3,negative=-3..-1; zero=excluded; positive=1..3,B,objectless_general,0.6360312104225159,C,0.22553770244121552,0.41049349308013916,0.06490927934646606,0.6360312104225159,0.22553770244121552,0.0676133781671524,0.005908453371375799
ait-test-2018-En-03384,2018-En-03384,@Bombardier Joyeux anniversaire / Happy birthday Bombardier Inc. :),1,positive,test,3,ordinal_-3_to_3,negative=-3..-1; zero=excluded; positive=1..3,A,target_directed,0.4968039393424988,C,0.24226148426532745,0.2545424699783325,0.4968039393424988,0.06629025191068649,0.24226148426532745,0.045359160751104355,0.14928513765335083
ait-test-2018-En-03387,2018-En-03387,"- Due to the historically long bond between dogs and humans, dogs have evolved to understand human laughter. #FeelAlive",1,positive,test,2,ordinal_-3_to_3,negative=-3..-1; zero=excluded; positive=1..3,C,reported_quoted,0.32510727643966675,A,0.28178438544273376,0.04332289099693298,0.28178438544273376,0.21453756093978882,0.32510727643966675,0.06791133433580399,0.11065945029258728
ait-test-2018-En-03405,2018-En-03405,"@edgeoforever @docrocktex26 I think I speak for all when I say 'not until @ggreenwald agrees!' Or at least,  'yeah but Clinton...' #sarcasm",0,negative,test,-1,ordinal_-3_to_3,negative=-3..-1; zero=excluded; positive=1..3,E,ambiguous,0.887179970741272,C,0.06960975378751755,0.8175702095031738,0.00620771199464798,0.0300296600908041,0.06960975378751755,0.0069729844108223915,0.887179970741272
ait-test-2018-En-03410,2018-En-03410,Nothing more fun to do at a day like this 😭☔️🌧 #dark #rainy,0,negative,test,-2,ordinal_-3_to_3,negative=-3..-1; zero=excluded; positive=1..3,B,objectless_general,0.2959479093551636,C,0.2317230999469757,0.06422480940818787,0.08475524187088013,0.2959479093551636,0.2317230999469757,0.21562910079956055,0.17194466292858124
ait-test-2018-En-03413,2018-En-03413,"So.... am I the only one hoping this ends in a tie, just like the last one that didn't count? #mke #irony",0,negative,test,-1,ordinal_-3_to_3,negative=-3..-1; zero=excluded; positive=1..3,E,ambiguous,0.3533320724964142,B,0.2980312705039978,0.05530080199241638,0.017907731235027313,0.2980312705039978,0.27961957454681396,0.05110933631658554,0.3533320724964142
ait-test-2018-En-03416,2018-En-03416,@SkyNews @CNN @cnnbrk watching the #totalsolareclipse on ur channels right now #amazing what's happening in the #usa,1,positive,test,2,ordinal_-3_to_3,negative=-3..-1; zero=excluded; positive=1..3,B,objectless_general,0.4468042552471161,C,0.2073497623205185,0.2394544929265976,0.11355676501989365,0.4468042552471161,0.2073497623205185,0.10864677280187607,0.12364239990711212
ait-test-2018-En-03417,2018-En-03417,I hope everyone has a safe and fantastic day!!! 😊,1,positive,test,2,ordinal_-3_to_3,negative=-3..-1; zero=excluded; positive=1..3,A,target_directed,0.7303727865219116,E,0.16091910004615784,0.5694537162780762,0.7303727865219116,0.058708567172288895,0.02365836873650551,0.026341218501329422,0.16091910004615784
ait-test-2018-En-03422,2018-En-03422,Fed up of smiling at old people and getting dirty looks in return. Go fuck yourself Mildred you miserable prick,0,negative,test,-2,ordinal_-3_to_3,negative=-3..-1; zero=excluded; positive=1..3,E,ambiguous,0.5333749055862427,D,0.19182223081588745,0.3415526747703552,0.0748346596956253,0.10098762810230255,0.09898053109645844,0.19182223081588745,0.5333749055862427
ait-test-2018-En-03424,2018-En-03424,"People who say nmu are the worst, something has to be going on, tell me I wanna know bout your life that's why I fucking asked, I care 😤",0,negative,test,-3,ordinal_-3_to_3,negative=-3..-1; zero=excluded; positive=1..3,E,ambiguous,0.673624575138092,C,0.1302967369556427,0.543327808380127,0.04506285488605499,0.10049979388713837,0.1302967369556427,0.05051596462726593,0.673624575138092
ait-test-2018-En-03430,2018-En-03430,"@Spectacles Not creepy at all...go check @blackmirror ep. The Entire History of You and rethink the concept, people! #irony #PleaseStayHuman",0,negative,test,-2,ordinal_-3_to_3,negative=-3..-1; zero=excluded; positive=1..3,E,ambiguous,0.5432653427124023,B,0.17650604248046875,0.3667593002319336,0.05231419578194618,0.17650604248046875,0.1668132096529007,0.06110120564699173,0.5432653427124023
ait-test-2018-En-03438,2018-En-03438,"Each of ye separate FALLEN; if we quickening his wrath upon us, will only cause our PAIN to be more unbearable in that PIT.",0,negative,test,-3,ordinal_-3_to_3,negative=-3..-1; zero=excluded; positive=1..3,E,ambiguous,0.6570965647697449,C,0.16947340965270996,0.4876231551170349,0.0628514215350151,0.06483900547027588,0.16947340965270996,0.045739561319351196,0.6570965647697449
ait-test-2018-En-03443,2018-En-03443,better care about yourself than about others because others wont care about you #lonely #sad #depressed,0,negative,test,-3,ordinal_-3_to_3,negative=-3..-1; zero=excluded; positive=1..3,C,reported_quoted,0.38904547691345215,E,0.2388046383857727,0.15024083852767944,0.06859690696001053,0.17004795372486115,0.38904547691345215,0.13350501656532288,0.2388046383857727
ait-test-2018-En-03444,2018-En-03444,My dads big day is only less than 2 weeks away. 😱 #excited,1,positive,test,3,ordinal_-3_to_3,negative=-3..-1; zero=excluded; positive=1..3,B,objectless_general,0.43801265954971313,A,0.31115129590034485,0.1268613636493683,0.31115129590034485,0.43801265954971313,0.1049141138792038,0.07762131094932556,0.06830069422721863
ait-test-2018-En-03445,2018-En-03445,@TheSocialCTV was a guest at your show today .. Just wanted to say what an enjoyable experience from arriving to leaving #smiling,1,positive,test,1,ordinal_-3_to_3,negative=-3..-1; zero=excluded; positive=1..3,B,objectless_general,0.519201397895813,C,0.26437056064605713,0.25483083724975586,0.043260157108306885,0.519201397895813,0.26437056064605713,0.1448979377746582,0.02826991118490696
ait-test-2018-En-03452,2018-En-03452,Who ever knew it would feel good to have such a wonderful hour and a half interview? 😁 #smiling #success,1,positive,test,3,ordinal_-3_to_3,negative=-3..-1; zero=excluded; positive=1..3,E,ambiguous,0.32444044947624207,B,0.30769121646881104,0.01674923300743103,0.1480667144060135,0.30769121646881104,0.15227928757667542,0.06752237677574158,0.32444044947624207
ait-test-2018-En-03455,2018-En-03455,"AJ ends up being a terrible character, but no one in his family ever actually speaks to him. He witnesses so much and just gets sent away.",0,negative,test,-3,ordinal_-3_to_3,negative=-3..-1; zero=excluded; positive=1..3,C,reported_quoted,0.7694343328475952,B,0.13364772498607635,0.6357865929603577,0.02343827299773693,0.13364772498607635,0.7694343328475952,0.0361139252781868,0.03736570477485657
ait-test-2018-En-03456,2018-En-03456,got a channel on my Roku which has 24/7 Invader Zim playing. ,1,positive,test,1,ordinal_-3_to_3,negative=-3..-1; zero=excluded; positive=1..3,B,objectless_general,0.4037756025791168,A,0.22723405063152313,0.1765415519475937,0.22723405063152313,0.4037756025791168,0.21240903437137604,0.08599338680505753,0.07058784365653992
ait-test-2018-En-03460,2018-En-03460,never had a dull moment with u guys 💕,1,positive,test,2,ordinal_-3_to_3,negative=-3..-1; zero=excluded; positive=1..3,A,target_directed,0.4120508134365082,B,0.30710095167160034,0.10494986176490784,0.4120508134365082,0.30710095167160034,0.04995255172252655,0.09864502400159836,0.1322506219148636
ait-test-2018-En-03462,2018-En-03462,#Stitchers season 3 marathon. #FreeForm has some #entertaining shows.,1,positive,test,1,ordinal_-3_to_3,negative=-3..-1; zero=excluded; positive=1..3,B,objectless_general,0.3844568133354187,A,0.1918005496263504,0.1926562637090683,0.1918005496263504,0.3844568133354187,0.19150300323963165,0.09187222272157669,0.14036737382411957
ait-test-2018-En-03466,2018-En-03466,"We can complain because rose bushes have thorns, or rejoice because thorn bushes have roses. Abraham Lincoln #optimism #FLOW #nonresistance",1,positive,test,1,ordinal_-3_to_3,negative=-3..-1; zero=excluded; positive=1..3,B,objectless_general,0.35541626811027527,C,0.23017361760139465,0.12524265050888062,0.15398898720741272,0.35541626811027527,0.23017361760139465,0.08465611189603806,0.1757650375366211
ait-test-2018-En-03470,2018-En-03470,Today in Selfcare: beauty &amp; laughs Kung Fu Panda 3 #Wellness #joy #laughter #selfcare #therapist #philadelphia,1,positive,test,3,ordinal_-3_to_3,negative=-3..-1; zero=excluded; positive=1..3,B,objectless_general,0.3553582429885864,C,0.2044655978679657,0.15089264512062073,0.17520619928836823,0.3553582429885864,0.2044655978679657,0.14039009809494019,0.12457984685897827
ait-test-2018-En-03484,2018-En-03484,Happy #worldfringeday I can't think of a more appropriate year to perform at the @edfringe for the first time with @CultureClashUK ,1,positive,test,3,ordinal_-3_to_3,negative=-3..-1; zero=excluded; positive=1..3,B,objectless_general,0.46602383255958557,A,0.19687652587890625,0.2691473066806793,0.19687652587890625,0.46602383255958557,0.11349916458129883,0.13937382400035858,0.08422661572694778
ait-test-2018-En-03487,2018-En-03487,"Catching up on Greys, almost couldn't make it through two episodes because of how sad the storyline was. Two best/worst eps for me. ",0,negative,test,-2,ordinal_-3_to_3,negative=-3..-1; zero=excluded; positive=1..3,B,objectless_general,0.3251737356185913,A,0.30673766136169434,0.018436074256896973,0.30673766136169434,0.3251737356185913,0.09436959028244019,0.11189664900302887,0.16182230412960052
ait-test-2018-En-03503,2018-En-03503,It's 2017 and there still isn't an app to stop you from drunk texting #rage,0,negative,test,-3,ordinal_-3_to_3,negative=-3..-1; zero=excluded; positive=1..3,E,ambiguous,0.4417072534561157,B,0.2138284146785736,0.22787883877754211,0.09640833735466003,0.2138284146785736,0.12152916938066483,0.12652687728405,0.4417072534561157
ait-test-2018-En-03504,2018-En-03504,Would be ever so grateful if you could record Garden of Forgiveness gentleman @LukeGoss @mattgoss #amazing,1,positive,test,2,ordinal_-3_to_3,negative=-3..-1; zero=excluded; positive=1..3,B,objectless_general,0.3465486764907837,C,0.25307562947273254,0.09347304701805115,0.1444566398859024,0.3465486764907837,0.25307562947273254,0.1294051706790924,0.12651386857032776
ait-test-2018-En-03509,2018-En-03509,"I'm in such a good place right now, so happy... 💛 I just wanted to share that #positivevibes #optimism #followingmydream",1,positive,test,3,ordinal_-3_to_3,negative=-3..-1; zero=excluded; positive=1..3,A,target_directed,0.38163256645202637,E,0.25095808506011963,0.13067448139190674,0.38163256645202637,0.17116402089595795,0.045620303601026535,0.1506250649690628,0.25095808506011963
ait-test-2018-En-03515,2018-En-03515,i was more happy and excited about mamapink's interactions with each other than i was about any of their wins i gtg,1,positive,test,2,ordinal_-3_to_3,negative=-3..-1; zero=excluded; positive=1..3,B,objectless_general,0.30549895763397217,E,0.28558963537216187,0.019909322261810303,0.07875773310661316,0.30549895763397217,0.09998424351215363,0.23016944527626038,0.28558963537216187
ait-test-2018-En-03520,2018-En-03520,"Oklahoma, South Carolina, Idaho, and Louisiana I'll see you this fall 😍 #excitement",1,positive,test,3,ordinal_-3_to_3,negative=-3..-1; zero=excluded; positive=1..3,B,objectless_general,0.2991342544555664,A,0.20757132768630981,0.09156292676925659,0.20757132768630981,0.2991342544555664,0.16161754727363586,0.16932304203510284,0.16235381364822388
ait-test-2018-En-03523,2018-En-03523,Goodevening 😆,1,positive,test,1,ordinal_-3_to_3,negative=-3..-1; zero=excluded; positive=1..3,B,objectless_general,0.35216468572616577,A,0.22264572978019714,0.12951895594596863,0.22264572978019714,0.35216468572616577,0.17358562350273132,0.17912554740905762,0.07247839123010635
ait-test-2018-En-03530,2018-En-03530,I hope my eyes were camera that records all happy moments+,1,positive,test,3,ordinal_-3_to_3,negative=-3..-1; zero=excluded; positive=1..3,E,ambiguous,0.353881299495697,C,0.30897825956344604,0.04490303993225098,0.07033378630876541,0.19423188269138336,0.30897825956344604,0.07257486134767532,0.353881299495697
ait-test-2018-En-03532,2018-En-03532,She'll leave you with a smile,1,positive,test,2,ordinal_-3_to_3,negative=-3..-1; zero=excluded; positive=1..3,B,objectless_general,0.5219487547874451,C,0.3092207908630371,0.21272796392440796,0.08612634986639023,0.5219487547874451,0.3092207908630371,0.05527257174253464,0.027431510388851166
ait-test-2018-En-03541,2018-En-03541,Johnny doesn't seem like the suicidal type #suspicion #tcmparty,0,negative,test,-1,ordinal_-3_to_3,negative=-3..-1; zero=excluded; positive=1..3,C,reported_quoted,0.5315791368484497,B,0.31845131516456604,0.21312782168388367,0.05044660344719887,0.31845131516456604,0.5315791368484497,0.04223630949854851,0.05728661268949509
ait-test-2018-En-03545,2018-En-03545,@StreamPlanetHD #crap sorry but doesn’t work,0,negative,test,-2,ordinal_-3_to_3,negative=-3..-1; zero=excluded; positive=1..3,B,objectless_general,0.31025364995002747,E,0.3051198422908783,0.00513380765914917,0.032287850975990295,0.31025364995002747,0.3040515184402466,0.048287104815244675,0.3051198422908783
ait-test-2018-En-03558,2018-En-03558,really wanna dye me hair a bright colour but iv spent all this time growing the dye out,0,negative,test,-2,ordinal_-3_to_3,negative=-3..-1; zero=excluded; positive=1..3,B,objectless_general,0.5840139389038086,D,0.22065892815589905,0.36335501074790955,0.0688866376876831,0.5840139389038086,0.08070917427539825,0.22065892815589905,0.045731380581855774
ait-test-2018-En-03565,2018-En-03565,@blonderella26 @Seahawksfan7777 @afern_alex @eugenegu @tonyposnanski @realDonaldTrump She's gonna have a meltdown 🤣,0,negative,test,-2,ordinal_-3_to_3,negative=-3..-1; zero=excluded; positive=1..3,E,ambiguous,0.4537235498428345,C,0.15921331942081451,0.29451024532318115,0.1468488574028015,0.15341827273368835,0.15921331942081451,0.08679606020450592,0.4537235498428345
ait-test-2018-En-03569,2018-En-03569,"#happiness can be found, created or curated.\n\n#depression #DepressionAwareness #Depressed",0,negative,test,-2,ordinal_-3_to_3,negative=-3..-1; zero=excluded; positive=1..3,C,reported_quoted,0.32025548815727234,A,0.2411290556192398,0.07912643253803253,0.2411290556192398,0.1813650280237198,0.32025548815727234,0.08327795565128326,0.1739725023508072
ait-test-2018-En-03572,2018-En-03572,"Trump, standing on stage next to @EmmanuelMacron (39) defending his idiot son @DonaldJTrumpJr (39), calling him a 'fine young man' #ironic",0,negative,test,-2,ordinal_-3_to_3,negative=-3..-1; zero=excluded; positive=1..3,E,ambiguous,0.8741687536239624,C,0.0700240209698677,0.8041447401046753,0.007988468743860722,0.045104704797267914,0.0700240209698677,0.0027140802703797817,0.8741687536239624
ait-test-2018-En-03580,2018-En-03580,@NationalGeoAr Waw so loyal and honorable 😒 #sarcasm,0,negative,test,-2,ordinal_-3_to_3,negative=-3..-1; zero=excluded; positive=1..3,E,ambiguous,0.9375220537185669,C,0.04864920303225517,0.8888728618621826,0.0008252015104517341,0.007710602600127459,0.04864920303225517,0.005292959976941347,0.9375220537185669
ait-test-2018-En-03596,2018-En-03596,Its funny how the people that break your heart are the ones that swore they never would #irony,0,negative,test,-2,ordinal_-3_to_3,negative=-3..-1; zero=excluded; positive=1..3,E,ambiguous,0.9246184229850769,C,0.050085511058568954,0.87453293800354,0.001806848798878491,0.020621061325073242,0.050085511058568954,0.0028681198600679636,0.9246184229850769
ait-test-2018-En-03601,2018-En-03601,"#Hateful , #horrible , #horrendous ... = last night's speech in summary @cnnbrk @NewDay @CNN #PhoenixProtests #PhoenixRally",0,negative,test,-3,ordinal_-3_to_3,negative=-3..-1; zero=excluded; positive=1..3,E,ambiguous,0.6995747089385986,C,0.1286250352859497,0.5709496736526489,0.10549858212471008,0.037836216390132904,0.1286250352859497,0.028465429320931435,0.6995747089385986
ait-test-2018-En-03609,2018-En-03609,@YummyMummiesAU LOL 😍 This show is so funny,1,positive,test,3,ordinal_-3_to_3,negative=-3..-1; zero=excluded; positive=1..3,E,ambiguous,0.3642471432685852,B,0.3041263520717621,0.06012079119682312,0.05197800695896149,0.3041263520717621,0.161665141582489,0.117983378469944,0.3642471432685852
ait-test-2018-En-03610,2018-En-03610,@AppleSupport worst customer service. 3days to get a diagnostic appt?! #disappointing #ittakes3minutestorunadiagnostic,0,negative,test,-3,ordinal_-3_to_3,negative=-3..-1; zero=excluded; positive=1..3,E,ambiguous,0.6802001595497131,B,0.1293841451406479,0.550815999507904,0.04883565753698349,0.1293841451406479,0.11531723290681839,0.026262730360031128,0.6802001595497131
ait-test-2018-En-03637,2018-En-03637,The lies that have been told will uncover the truth. #irony #treason #motive #Kompromat #blackmail what are they hiding?- Dan Rather #MSNBC,0,negative,test,-2,ordinal_-3_to_3,negative=-3..-1; zero=excluded; positive=1..3,E,ambiguous,0.4249040484428406,C,0.20938648283481598,0.2155175656080246,0.15769004821777344,0.1770392209291458,0.20938648283481598,0.030980141833424568,0.4249040484428406
ait-test-2018-En-03651,2018-En-03651,Is it ironic that #ShiaLaBeouf may end up spending a lot of time in a hole?  #irony #moraljustice,0,negative,test,-2,ordinal_-3_to_3,negative=-3..-1; zero=excluded; positive=1..3,E,ambiguous,0.9675612449645996,C,0.02312064915895462,0.9444406032562256,0.00045689643593505025,0.008407576009631157,0.02312064915895462,0.00045366003178060055,0.9675612449645996
ait-test-2018-En-03655,2018-En-03655,Itw in latest @TechnologistEU: 'Tackling the gender gap'. Rest of the magazine: 25+ itws of men and 3 women mentioned! #ironic #seriously,0,negative,test,-1,ordinal_-3_to_3,negative=-3..-1; zero=excluded; positive=1..3,E,ambiguous,0.9249570965766907,C,0.055598124861717224,0.8693589568138123,0.0016794881084933877,0.01619964838027954,0.055598124861717224,0.0015655744355171919,0.9249570965766907
ait-test-2018-En-03657,2018-En-03657,@3gerardpique Your club is a laughing stock #irony @ziadzimmo @AlmightyTeemo97 @abbasskills,0,negative,test,-2,ordinal_-3_to_3,negative=-3..-1; zero=excluded; positive=1..3,E,ambiguous,0.6605972051620483,C,0.22689715027809143,0.4337000548839569,0.02077491022646427,0.07362072169780731,0.22689715027809143,0.018109971657395363,0.6605972051620483
ait-test-2018-En-03661,2018-En-03661,"'Hello, World' program's finally ready for GitHub 😊",1,positive,test,2,ordinal_-3_to_3,negative=-3..-1; zero=excluded; positive=1..3,A,target_directed,0.45006510615348816,B,0.18436916172504425,0.2656959295272827,0.45006510615348816,0.18436916172504425,0.17012830078601837,0.07075195759534836,0.12468545883893967
ait-test-2018-En-03677,2018-En-03677,It's a good morning today and I'm feeling lively 😊 #goodmorning #happy #lively,1,positive,test,3,ordinal_-3_to_3,negative=-3..-1; zero=excluded; positive=1..3,A,target_directed,0.4378863573074341,B,0.26194310188293457,0.1759432554244995,0.4378863573074341,0.26194310188293457,0.03045118972659111,0.08755087852478027,0.18216846883296967
ait-test-2018-En-03678,2018-En-03678,"i want my better days to be here already bc i cant handle any more anger, heartache, n disappointment\ni srsly cant withstand being human lol",0,negative,test,-3,ordinal_-3_to_3,negative=-3..-1; zero=excluded; positive=1..3,E,ambiguous,0.38505932688713074,D,0.2581234276294708,0.1269358992576599,0.13099785149097443,0.15177448093891144,0.07404492050409317,0.2581234276294708,0.38505932688713074
ait-test-2018-En-03699,2018-En-03699,@jayteemuro Man people wont mourn the 9 chaps beheaded by terrorists. But they will mourn a corrupt killer politician,0,negative,test,-2,ordinal_-3_to_3,negative=-3..-1; zero=excluded; positive=1..3,E,ambiguous,0.43498653173446655,B,0.2758390009403229,0.15914753079414368,0.04641493409872055,0.2758390009403229,0.14925792813301086,0.09350161999464035,0.43498653173446655
ait-test-2018-En-03701,2018-En-03701,'Believe me: seasons change. Feelings fade. Life goes on. Do me a favor: endure the late night rage of emotions. (1/2),0,negative,test,-2,ordinal_-3_to_3,negative=-3..-1; zero=excluded; positive=1..3,E,ambiguous,0.33823361992836,C,0.29609665274620056,0.042136967182159424,0.05894256755709648,0.2508399784564972,0.29609665274620056,0.05588708072900772,0.33823361992836
ait-test-2018-En-03702,2018-En-03702,"You dont even feel like talking to someone and suddenly there comes someone whom you can spend hours talking , laughing , cheering 💕",1,positive,test,3,ordinal_-3_to_3,negative=-3..-1; zero=excluded; positive=1..3,E,ambiguous,0.38946524262428284,B,0.23756231367588043,0.1519029289484024,0.0797111839056015,0.23756231367588043,0.1465987265110016,0.14666248857975006,0.38946524262428284
ait-test-2018-En-03704,2018-En-03704,Gooood morning it is such a #blessing to see another day all that Read this I hope have a great morning,1,positive,test,2,ordinal_-3_to_3,negative=-3..-1; zero=excluded; positive=1..3,B,objectless_general,0.3361572027206421,E,0.2793796956539154,0.056777507066726685,0.16876888275146484,0.3361572027206421,0.1273059844970703,0.08838821947574615,0.2793796956539154
ait-test-2018-En-03705,2018-En-03705,The fun never stops. 🙃 #sarcasm,1,positive,test,1,ordinal_-3_to_3,negative=-3..-1; zero=excluded; positive=1..3,E,ambiguous,0.6851164102554321,A,0.15519487857818604,0.5299215316772461,0.15519487857818604,0.11451933532953262,0.029541827738285065,0.01562754437327385,0.6851164102554321
ait-test-2018-En-03711,2018-En-03711,@jaimitoelcrack7 Seriously...I've been sitting here for five minutes watching this in awe. It never gets less amazing.,1,positive,test,1,ordinal_-3_to_3,negative=-3..-1; zero=excluded; positive=1..3,A,target_directed,0.3349727392196655,E,0.24387431144714355,0.09109842777252197,0.3349727392196655,0.22832919657230377,0.09601744264364243,0.09680632501840591,0.24387431144714355
ait-test-2018-En-03712,2018-En-03712,You can pair me with your smartphone. Just lay it on me and by spinning I'll pair it into pieces / #smart #playful #washer #IoT,1,positive,test,1,ordinal_-3_to_3,negative=-3..-1; zero=excluded; positive=1..3,B,objectless_general,0.359491765499115,C,0.2854939103126526,0.0739978551864624,0.08847866207361221,0.359491765499115,0.2854939103126526,0.06921125948429108,0.19732443988323212
ait-test-2018-En-03724,2018-En-03724,@DaaruBaazMehta Prime Minister of India &amp; Home Minister of India are responsible to take strict action against BJP 🙄 😄 #sarcasm,0,negative,test,-2,ordinal_-3_to_3,negative=-3..-1; zero=excluded; positive=1..3,E,ambiguous,0.6278814673423767,C,0.2992717921733856,0.3286096751689911,0.020531540736556053,0.04519224539399147,0.2992717921733856,0.007122914772480726,0.6278814673423767
ait-test-2018-En-03727,2018-En-03727,@RandyRainbow Brilliant &amp; clever as always. #delight,1,positive,test,1,ordinal_-3_to_3,negative=-3..-1; zero=excluded; positive=1..3,A,target_directed,0.6740723252296448,E,0.17346082627773285,0.5006114840507507,0.6740723252296448,0.11900079995393753,0.02346077747642994,0.010005226358771324,0.17346082627773285
ait-test-2018-En-03737,2018-En-03737,#AmarnathTerrorAttack  Muslims are killing everywhere Syria Iraq Palestine Everyday beyond They say that Islam is terrorism shame on you,0,negative,test,-2,ordinal_-3_to_3,negative=-3..-1; zero=excluded; positive=1..3,E,ambiguous,0.6874029636383057,C,0.2012450397014618,0.48615792393684387,0.04214489087462425,0.06003539636731148,0.2012450397014618,0.009171794168651104,0.6874029636383057
ait-test-2018-En-03738,2018-En-03738,Someone just replied all to an email telling someone else off for sending an email to the whole dept mailing list #ironic 😂,1,positive,test,1,ordinal_-3_to_3,negative=-3..-1; zero=excluded; positive=1..3,E,ambiguous,0.8999520540237427,C,0.08634403347969055,0.8136080503463745,0.0013868724927306175,0.011660213582217693,0.08634403347969055,0.0006568437675014138,0.8999520540237427
ait-test-2018-En-03741,2018-En-03741,#Overheard: 'I don't really like dogs.' I DON'T FEEL SAFE IN THIS PLACE. Clearly a hostile environment!  #bigly #covfefe #TrustNoOne,0,negative,test,-2,ordinal_-3_to_3,negative=-3..-1; zero=excluded; positive=1..3,E,ambiguous,0.7402258515357971,C,0.14109280705451965,0.5991330146789551,0.01607532426714897,0.05526221916079521,0.14109280705451965,0.04734371602535248,0.7402258515357971
ait-test-2018-En-03744,2018-En-03744,A fabulous evening at The Mayflower Theatre watching The Play That Goes Wrong - had us in stitches all evening #veryfunny #laughter,1,positive,test,2,ordinal_-3_to_3,negative=-3..-1; zero=excluded; positive=1..3,E,ambiguous,0.4516439139842987,A,0.2621503472328186,0.1894935667514801,0.2621503472328186,0.12843622267246246,0.051824282854795456,0.10594519227743149,0.4516439139842987
ait-test-2018-En-03748,2018-En-03748,@wine_mum_ @Bob_Lawblaw Please. Don't insult Goths.,0,negative,test,-1,ordinal_-3_to_3,negative=-3..-1; zero=excluded; positive=1..3,C,reported_quoted,0.4846801161766052,E,0.22961270809173584,0.2550674080848694,0.05014951527118683,0.16658084094524384,0.4846801161766052,0.06897683441638947,0.22961270809173584
ait-test-2018-En-03754,2018-En-03754,Car coming out of the lot with two stickers: 'tax the filthy rich' and 'be a heretic' #irony,0,negative,test,-1,ordinal_-3_to_3,negative=-3..-1; zero=excluded; positive=1..3,E,ambiguous,0.7592660784721375,C,0.13849776983261108,0.6207683086395264,0.012650687247514725,0.07770903408527374,0.13849776983261108,0.011876335367560387,0.7592660784721375
ait-test-2018-En-03761,2018-En-03761,"When you wake up early to workout and then the fitness room smells awful, so you come back to your room to do core...",0,negative,test,-2,ordinal_-3_to_3,negative=-3..-1; zero=excluded; positive=1..3,C,reported_quoted,0.3851712644100189,B,0.38378965854644775,0.001381605863571167,0.065774105489254,0.38378965854644775,0.3851712644100189,0.0812026783823967,0.0840623676776886
ait-test-2018-En-03785,2018-En-03785,"The more Russia stuff I watch, the more I think Clinton was setting Trump up for a legal attack after she was Prez. ",0,negative,test,-1,ordinal_-3_to_3,negative=-3..-1; zero=excluded; positive=1..3,E,ambiguous,0.3955930769443512,B,0.24712933599948883,0.14846374094486237,0.1321101188659668,0.24712933599948883,0.14545312523841858,0.07971436530351639,0.3955930769443512
ait-test-2018-En-03799,2018-En-03799,"Longing to see Your face, Christ Jesus, I rejoice in the anticipation of Your coming again!",1,positive,test,2,ordinal_-3_to_3,negative=-3..-1; zero=excluded; positive=1..3,A,target_directed,0.540483295917511,E,0.2759086787700653,0.2645746171474457,0.540483295917511,0.09654541313648224,0.03943939134478569,0.04762319102883339,0.2759086787700653
ait-test-2018-En-03825,2018-En-03825,All the bright places \n#movie💯😍,1,positive,test,1,ordinal_-3_to_3,negative=-3..-1; zero=excluded; positive=1..3,B,objectless_general,0.35383522510528564,A,0.33857861161231995,0.015256613492965698,0.33857861161231995,0.35383522510528564,0.12975622713565826,0.09732463955879211,0.08050525933504105
ait-test-2018-En-03831,2018-En-03831,To be really knowledgeable and really petty is such a delight to behold.,1,positive,test,1,ordinal_-3_to_3,negative=-3..-1; zero=excluded; positive=1..3,E,ambiguous,0.48888587951660156,B,0.20848171412944794,0.28040415048599243,0.18502578139305115,0.20848171412944794,0.071380615234375,0.04622597247362137,0.48888587951660156
ait-test-2018-En-03832,2018-En-03832,"Spread the love means no matter how hard life is, never stop smilling :) and be happy. Always.",1,positive,test,3,ordinal_-3_to_3,negative=-3..-1; zero=excluded; positive=1..3,A,target_directed,0.3390982151031494,E,0.3144117593765259,0.024686455726623535,0.3390982151031494,0.19511623680591583,0.055721621960401535,0.09565215557813644,0.3144117593765259
ait-test-2018-En-03839,2018-En-03839,So happy that I discovered coding...knowing what you want to do in life at the age of 23 is an amazing feeling.  #webdevelopment,1,positive,test,3,ordinal_-3_to_3,negative=-3..-1; zero=excluded; positive=1..3,A,target_directed,0.4665747880935669,E,0.29459747672080994,0.17197731137275696,0.4665747880935669,0.14730316400527954,0.030247701331973076,0.061276864260435104,0.29459747672080994
ait-test-2018-En-03841,2018-En-03841,@NBCNews @MarkHalperin @KeirSimmons Well that's funny cause we all know she is a serious Russian mafia atty,1,positive,test,2,ordinal_-3_to_3,negative=-3..-1; zero=excluded; positive=1..3,E,ambiguous,0.7591575980186462,C,0.15092173218727112,0.6082358360290527,0.005842446815222502,0.07610390335321426,0.15092173218727112,0.007974338717758656,0.7591575980186462
ait-test-2018-En-03847,2018-En-03847,@RRakoto42 It only took me 39 seconds to fly over Mozambique. #awesomeness,1,positive,test,2,ordinal_-3_to_3,negative=-3..-1; zero=excluded; positive=1..3,C,reported_quoted,0.3396090567111969,E,0.27757710218429565,0.062031954526901245,0.08292261511087418,0.27568763494491577,0.3396090567111969,0.02420353703200817,0.27757710218429565
ait-test-2018-En-03851,2018-En-03851,This rain had me dancing in the street #rejoice #rejoice #thetimeofgreatsorrowisover,1,positive,test,3,ordinal_-3_to_3,negative=-3..-1; zero=excluded; positive=1..3,E,ambiguous,0.4326682388782501,B,0.23762814700603485,0.19504009187221527,0.11099659651517868,0.23762814700603485,0.08537669479846954,0.13333037495613098,0.4326682388782501
ait-test-2018-En-03856,2018-En-03856,"@MartinPincot Haha @MartinPincot -  just sent a sext to the vicar with a holy, holy, twist --- My bad 😂\n \n#Fun #joy #laughter \n👿 ..... 😇",1,positive,test,3,ordinal_-3_to_3,negative=-3..-1; zero=excluded; positive=1..3,E,ambiguous,0.5197055339813232,C,0.25881341099739075,0.2608921229839325,0.08034980297088623,0.0748806819319725,0.25881341099739075,0.06625057756900787,0.5197055339813232
ait-test-2018-En-03870,2018-En-03870,Genuinely and perfectly #happy,1,positive,test,3,ordinal_-3_to_3,negative=-3..-1; zero=excluded; positive=1..3,A,target_directed,0.42505165934562683,E,0.19533690810203552,0.2297147512435913,0.42505165934562683,0.14553022384643555,0.044577136635780334,0.18950405716896057,0.19533690810203552
ait-test-2018-En-03873,2018-En-03873,The blue vest Planet of the Apes/ DeRay thing is hilarious. This shows his age because the original literally had a blue vest on.😅,1,positive,test,2,ordinal_-3_to_3,negative=-3..-1; zero=excluded; positive=1..3,A,target_directed,0.3636694550514221,E,0.3388627767562866,0.024806678295135498,0.3636694550514221,0.2200501561164856,0.05721517652273178,0.020202402025461197,0.3388627767562866
ait-test-2018-En-03882,2018-En-03882,"……Of course not, and I am quite dismayed by the ludicrous nature of her claim.",0,negative,test,-2,ordinal_-3_to_3,negative=-3..-1; zero=excluded; positive=1..3,E,ambiguous,0.8197047114372253,B,0.09507666528224945,0.7246280312538147,0.037620171904563904,0.09507666528224945,0.040777236223220825,0.006821217946708202,0.8197047114372253
ait-test-2018-En-03896,2018-En-03896,@D_Bushaiba @nalhussaini_ happy birthday 7ayate❤️,1,positive,test,2,ordinal_-3_to_3,negative=-3..-1; zero=excluded; positive=1..3,B,objectless_general,0.3252358138561249,A,0.25166237354278564,0.07357344031333923,0.25166237354278564,0.3252358138561249,0.1980009227991104,0.1396806240081787,0.08542023599147797
ait-test-2018-En-03909,2018-En-03909,mum got out of a rlly bad car crash completely not injured and i found a rlly sentimental piece of jewellery i thought i'd lost #blessed,1,positive,test,1,ordinal_-3_to_3,negative=-3..-1; zero=excluded; positive=1..3,B,objectless_general,0.44710588455200195,A,0.19383710622787476,0.2532687783241272,0.19383710622787476,0.44710588455200195,0.16222377121448517,0.09147419035434723,0.10535907000303268
ait-test-2018-En-03922,2018-En-03922,@whatthefarrugia still trembling,0,negative,test,-2,ordinal_-3_to_3,negative=-3..-1; zero=excluded; positive=1..3,B,objectless_general,0.2919154167175293,C,0.27546370029449463,0.016451716423034668,0.13518276810646057,0.2919154167175293,0.27546370029449463,0.1776120513677597,0.1198260709643364
ait-test-2018-En-03924,2018-En-03924,@BollyBigBolt #cheerful That pink makes the other colours pop! x,1,positive,test,2,ordinal_-3_to_3,negative=-3..-1; zero=excluded; positive=1..3,E,ambiguous,0.47760117053985596,B,0.22566565871238708,0.25193551182746887,0.19725753366947174,0.22566565871238708,0.0659191757440567,0.03355640918016434,0.47760117053985596
ait-test-2018-En-03932,2018-En-03932,Absolutely loving that people watching the #eclipse are cheering - for the sun! For the moon! For wonder! 💜 #beautiful,1,positive,test,3,ordinal_-3_to_3,negative=-3..-1; zero=excluded; positive=1..3,A,target_directed,0.3942035734653473,E,0.2873189151287079,0.1068846583366394,0.3942035734653473,0.19155855476856232,0.06279845535755157,0.06412052363157272,0.2873189151287079
ait-test-2018-En-03933,2018-En-03933,Going to be a student nurse for 4 weeks eeeeppp #newexperience #scared #excitedmuch,1,positive,test,1,ordinal_-3_to_3,negative=-3..-1; zero=excluded; positive=1..3,B,objectless_general,0.2579253613948822,C,0.22555899620056152,0.03236636519432068,0.13799536228179932,0.2579253613948822,0.22555899620056152,0.1592102199792862,0.21931004524230957
ait-test-2018-En-03940,2018-En-03940,Today's ECLIPSE was a warm fuzzy for the entire country. A GIANT GROUP HUG❤️😎💕#EclipseSolar2017 #repair #smiles,1,positive,test,3,ordinal_-3_to_3,negative=-3..-1; zero=excluded; positive=1..3,E,ambiguous,0.8416659235954285,A,0.07825054973363876,0.7634153962135315,0.07825054973363876,0.01323683187365532,0.05691637843847275,0.009930279105901718,0.8416659235954285
ait-test-2018-En-03957,2018-En-03957,Been spoilt even got a Kylie lip kit 😆,1,positive,test,2,ordinal_-3_to_3,negative=-3..-1; zero=excluded; positive=1..3,B,objectless_general,0.45287367701530457,A,0.19289706647396088,0.2599766254425049,0.19289706647396088,0.45287367701530457,0.1851220279932022,0.13344372808933258,0.035663455724716187
ait-test-2018-En-03958,2018-En-03958,"@mcmalveiro Hi Miguel, that's awesome! Thank you very much for updating us! 😄 -Claire",1,positive,test,3,ordinal_-3_to_3,negative=-3..-1; zero=excluded; positive=1..3,A,target_directed,0.3315373361110687,E,0.28827932476997375,0.04325801134109497,0.3315373361110687,0.219218909740448,0.12217415124177933,0.038790278136730194,0.28827932476997375
ait-test-2018-En-03973,2018-En-03973,@executivegoth I tried a free Alpha trial to watch #dread and I'm sold. Worth the subscription alone. You all are incredible!,1,positive,test,1,ordinal_-3_to_3,negative=-3..-1; zero=excluded; positive=1..3,E,ambiguous,0.7838571667671204,A,0.10380830615758896,0.6800488829612732,0.10380830615758896,0.051816586405038834,0.0376041941344738,0.022913791239261627,0.7838571667671204
ait-test-2018-En-03978,2018-En-03978,A bit late but had to say Love You Zindagi by The Live 100 experience gave me goosebumps!Big shout to all of them! #awesomeness at its peak,1,positive,test,3,ordinal_-3_to_3,negative=-3..-1; zero=excluded; positive=1..3,E,ambiguous,0.47185415029525757,A,0.25871556997299194,0.21313858032226562,0.25871556997299194,0.12768785655498505,0.03797437995672226,0.10376812517642975,0.47185415029525757
ait-test-2018-En-03979,2018-En-03979,Thousands of pickled certified ostrogoths ! #angry,0,negative,test,-2,ordinal_-3_to_3,negative=-3..-1; zero=excluded; positive=1..3,E,ambiguous,0.7204214930534363,A,0.23701217770576477,0.4834093153476715,0.23701217770576477,0.025261342525482178,0.014913051389157772,0.0023919502273201942,0.7204214930534363
ait-test-2018-En-03981,2018-En-03981,Happy birthday to me 😄 no I'm not lucky I'm blessed yes 😂,1,positive,test,3,ordinal_-3_to_3,negative=-3..-1; zero=excluded; positive=1..3,A,target_directed,0.4253125488758087,E,0.20200851559638977,0.22330403327941895,0.4253125488758087,0.16630369424819946,0.06386448442935944,0.1425107717514038,0.20200851559638977
ait-test-2018-En-03983,2018-En-03983,So exhausted I could cry 😭,0,negative,test,-3,ordinal_-3_to_3,negative=-3..-1; zero=excluded; positive=1..3,E,ambiguous,0.43506768345832825,C,0.19446894526481628,0.24059873819351196,0.13439826667308807,0.10131184756755829,0.19446894526481628,0.1347532570362091,0.43506768345832825
ait-test-2018-En-03984,2018-En-03984,Maybe he was partly right. THESE emails might lead to impeachment and 'lock him up' #ironic #ImpeachTrump,0,negative,test,-2,ordinal_-3_to_3,negative=-3..-1; zero=excluded; positive=1..3,E,ambiguous,0.8214059472084045,C,0.09691712260246277,0.7244888544082642,0.005646958481520414,0.06921929866075516,0.09691712260246277,0.006810635793954134,0.8214059472084045
ait-test-2018-En-03986,2018-En-03986,Heading to PNC today to get the ball going for my MA! #goingforit #nervous #excited,1,positive,test,2,ordinal_-3_to_3,negative=-3..-1; zero=excluded; positive=1..3,E,ambiguous,0.3010629415512085,B,0.2896498143672943,0.011413127183914185,0.2262965887784958,0.2896498143672943,0.08487595617771149,0.09811476618051529,0.3010629415512085
ait-test-2018-En-03989,2018-En-03989,@BrokenSStudios @BLUpfront @CakedaddyINTL @ringoffireradio @ROF_Josh You must be racist... #sarcasm,0,negative,test,-1,ordinal_-3_to_3,negative=-3..-1; zero=excluded; positive=1..3,E,ambiguous,0.9038878679275513,C,0.0684351846575737,0.835452675819397,0.002893275348469615,0.023271024227142334,0.0684351846575737,0.001512605231255293,0.9038878679275513
ait-test-2018-En-03993,2018-En-03993,@fredonair I always laugh during horror movies,1,positive,test,2,ordinal_-3_to_3,negative=-3..-1; zero=excluded; positive=1..3,B,objectless_general,0.37365904450416565,E,0.2208382487297058,0.15282079577445984,0.09481862187385559,0.37365904450416565,0.18283496797084808,0.12784916162490845,0.2208382487297058
ait-test-2018-En-03996,2018-En-03996,.@PayPal  why do you always make it so incredibly difficult to do anything or get anything resolved?  #customerservice #sucks,0,negative,test,-3,ordinal_-3_to_3,negative=-3..-1; zero=excluded; positive=1..3,E,ambiguous,0.5102717876434326,B,0.2703961133956909,0.2398756742477417,0.033669620752334595,0.2703961133956909,0.165925994515419,0.019736574962735176,0.5102717876434326
ait-test-2018-En-03999,2018-En-03999,@KimKardashian would u be willing to bless me with $950 #singlemom #blessing #generosity #gettingbackonmyfeet #preschoolfees,1,positive,test,1,ordinal_-3_to_3,negative=-3..-1; zero=excluded; positive=1..3,B,objectless_general,0.354183554649353,C,0.254900187253952,0.099283367395401,0.0922277420759201,0.354183554649353,0.254900187253952,0.1047174334526062,0.19397111237049103
ait-test-2018-En-04008,2018-En-04008,Was watching more Subnatica so fun and funny and IGP is so hilarious #funny #omg #amazing #nice #hilarious,1,positive,test,3,ordinal_-3_to_3,negative=-3..-1; zero=excluded; positive=1..3,B,objectless_general,0.2987004220485687,E,0.27249011397361755,0.026210308074951172,0.20411328971385956,0.2987004220485687,0.09747321903705597,0.1272229105234146,0.27249011397361755
ait-test-2018-En-04015,2018-En-04015,@jennvalley14 There would be no hesitation in naming 50 other things I'd rather be doing rn,0,negative,test,-2,ordinal_-3_to_3,negative=-3..-1; zero=excluded; positive=1..3,B,objectless_general,0.42693546414375305,E,0.19039513170719147,0.23654033243656158,0.06117350235581398,0.42693546414375305,0.18264810740947723,0.13884776830673218,0.19039513170719147
ait-test-2018-En-04030,2018-En-04030,@PearlJam YES!!! Love it!!! 💞💞💞🎶🎶🎶🎥⚾⚾⚾👏👏👏 #thankyou #awesomeness,1,positive,test,2,ordinal_-3_to_3,negative=-3..-1; zero=excluded; positive=1..3,E,ambiguous,0.5036534667015076,A,0.31360119581222534,0.19005227088928223,0.31360119581222534,0.10615929216146469,0.04398617520928383,0.03259989619255066,0.5036534667015076
ait-test-2018-En-04035,2018-En-04035,@realDonaldTrump You still haven't mentioned that military plane crash. How presidential. #sarcasm #collusion,0,negative,test,-2,ordinal_-3_to_3,negative=-3..-1; zero=excluded; positive=1..3,E,ambiguous,0.7783437967300415,C,0.14177343249320984,0.6365703344345093,0.009569345973432064,0.063932403922081,0.14177343249320984,0.006380933336913586,0.7783437967300415
ait-test-2018-En-04039,2018-En-04039,Asked my client to take a twitter photo at the home away from home. He was happy to oblige 🍑#redlightsmakeeverythingbetter,1,positive,test,1,ordinal_-3_to_3,negative=-3..-1; zero=excluded; positive=1..3,B,objectless_general,0.38946619629859924,C,0.3284134864807129,0.06105270981788635,0.14785684645175934,0.38946619629859924,0.3284134864807129,0.05216563493013382,0.08209781348705292
ait-test-2018-En-04040,2018-En-04040,And let the depression take the stage once more 🙃,0,negative,test,-3,ordinal_-3_to_3,negative=-3..-1; zero=excluded; positive=1..3,C,reported_quoted,0.4100651144981384,E,0.3240208923816681,0.08604422211647034,0.06395958364009857,0.13316497206687927,0.4100651144981384,0.06878936290740967,0.3240208923816681
ait-test-2018-En-04058,2018-En-04058,y'all spend every paycheck on a new pack of drugs to sell or guns y'all just threaten people with...,0,negative,test,-3,ordinal_-3_to_3,negative=-3..-1; zero=excluded; positive=1..3,E,ambiguous,0.6606573462486267,C,0.17207014560699463,0.4885872006416321,0.030685747042298317,0.12210028618574142,0.17207014560699463,0.01448646280914545,0.6606573462486267
ait-test-2018-En-04063,2018-En-04063,@Teenique yessss waiting for an epi is for the birds. it sucks. im waiting for walking dead new season😩 ,0,negative,test,-2,ordinal_-3_to_3,negative=-3..-1; zero=excluded; positive=1..3,E,ambiguous,0.40787917375564575,C,0.25712400674819946,0.1507551670074463,0.07192262262105942,0.1925145536661148,0.25712400674819946,0.07055963575839996,0.40787917375564575
ait-test-2018-En-04065,2018-En-04065,They say money can't buy happiness... Retweet this if you'd be happy with 27 Million Dollars.,1,positive,test,1,ordinal_-3_to_3,negative=-3..-1; zero=excluded; positive=1..3,E,ambiguous,0.36350303888320923,B,0.19395333528518677,0.16954970359802246,0.1567608267068863,0.19395333528518677,0.17986539006233215,0.10591745376586914,0.36350303888320923
ait-test-2018-En-04084,2018-En-04084,13) mutual whos always online - @Lafa_YEET bc we have to bully her to get to sleep,0,negative,test,-1,ordinal_-3_to_3,negative=-3..-1; zero=excluded; positive=1..3,C,reported_quoted,0.40386873483657837,E,0.351534366607666,0.052334368228912354,0.02566136047244072,0.19109345972537994,0.40386873483657837,0.02784212864935398,0.351534366607666
ait-test-2018-En-04097,2018-En-04097,Cyclist slams breaks to pace it to traffic lights. I slam car breaks&amp;tell him careful nearly ran him over=all the cussing #charming #bulwell,0,negative,test,-1,ordinal_-3_to_3,negative=-3..-1; zero=excluded; positive=1..3,E,ambiguous,0.3518748879432678,C,0.25159502029418945,0.10027986764907837,0.10111869126558304,0.23869702219963074,0.25159502029418945,0.05671432986855507,0.3518748879432678
ait-test-2018-En-04098,2018-En-04098,I keep getting so worried about the amount of plastic that gets thrown away atm as if I didn't panic enough about the environment already :),0,negative,test,-3,ordinal_-3_to_3,negative=-3..-1; zero=excluded; positive=1..3,C,reported_quoted,0.27783438563346863,E,0.2768673598766327,0.0009670257568359375,0.14715847373008728,0.21375684440135956,0.27783438563346863,0.08438293635845184,0.2768673598766327
ait-test-2018-En-04124,2018-En-04124,@lukeWHC09 Hahaaa! Was fuming with that 😞😂,0,negative,test,-2,ordinal_-3_to_3,negative=-3..-1; zero=excluded; positive=1..3,E,ambiguous,0.5781843066215515,B,0.1658700853586197,0.412314236164093,0.02367505431175232,0.1658700853586197,0.14445801079273224,0.0878126248717308,0.5781843066215515
ait-test-2018-En-04130,2018-En-04130,"James to Bayern is probably the smartest choice for him.\n\nAnd, frankly, this kind of scares me 😲",0,negative,test,-1,ordinal_-3_to_3,negative=-3..-1; zero=excluded; positive=1..3,C,reported_quoted,0.3436524271965027,E,0.2591818869113922,0.08447054028511047,0.11540591716766357,0.24062754213809967,0.3436524271965027,0.04113230109214783,0.2591818869113922
ait-test-2018-En-04149,2018-En-04149,"being an entrepreneur at 18 is a real blessing 🙏🏼 the flexibility, doing what you love, and being the one in charge is #great #blessed",1,positive,test,3,ordinal_-3_to_3,negative=-3..-1; zero=excluded; positive=1..3,A,target_directed,0.3635540306568146,E,0.30210018157958984,0.06145384907722473,0.3635540306568146,0.14703403413295746,0.09950641542673111,0.08780539780855179,0.30210018157958984
ait-test-2018-En-04152,2018-En-04152,my blood sugar is 399 and my anxiety is wrecking me and i have court like right now and i made us late bc im fighting w my mom #great #good,0,negative,test,-3,ordinal_-3_to_3,negative=-3..-1; zero=excluded; positive=1..3,E,ambiguous,0.6318315863609314,D,0.10559871792793274,0.5262328386306763,0.0774093046784401,0.08293535560369492,0.10222511738538742,0.10559871792793274,0.6318315863609314
ait-test-2018-En-04156,2018-En-04156,I can't afford to be unhappy. I've made it this far and there isn't anything or anyone that's going to take my happiness away.,1,positive,test,2,ordinal_-3_to_3,negative=-3..-1; zero=excluded; positive=1..3,A,target_directed,0.399029940366745,E,0.28053370118141174,0.11849623918533325,0.399029940366745,0.19949622452259064,0.05308007448911667,0.06786002963781357,0.28053370118141174
ait-test-2018-En-04161,2018-En-04161,I'll control my #anger... if you can manage your #stupidity. #TeamFollowBack #相互フォロー #fact #figuremeout,0,negative,test,-2,ordinal_-3_to_3,negative=-3..-1; zero=excluded; positive=1..3,B,objectless_general,0.41394490003585815,C,0.2702689468860626,0.14367595314979553,0.026305200532078743,0.41394490003585815,0.2702689468860626,0.031486626714468,0.25799426436424255
ait-test-2018-En-04166,2018-En-04166,Today is already off to a great start..... 🙄 ,1,positive,test,3,ordinal_-3_to_3,negative=-3..-1; zero=excluded; positive=1..3,C,reported_quoted,0.5419790148735046,B,0.32277417182922363,0.219204843044281,0.04314492270350456,0.32277417182922363,0.5419790148735046,0.06918025761842728,0.022921614348888397
ait-test-2018-En-04172,2018-En-04172,discouraged,0,negative,test,-3,ordinal_-3_to_3,negative=-3..-1; zero=excluded; positive=1..3,C,reported_quoted,0.9144541621208191,B,0.06002134457230568,0.8544328212738037,0.016886163502931595,0.06002134457230568,0.9144541621208191,0.0073736850172281265,0.001264663995243609
ait-test-2018-En-04175,2018-En-04175,@Miss_Wisconsin It's amazing what not being told no enough can raise. #horrid,0,negative,test,-2,ordinal_-3_to_3,negative=-3..-1; zero=excluded; positive=1..3,E,ambiguous,0.5361329913139343,C,0.1670527160167694,0.3690802752971649,0.0620795376598835,0.15865331888198853,0.1670527160167694,0.07608146965503693,0.5361329913139343
ait-test-2018-En-04190,2018-En-04190,@SallyAnMatthews disturbed by erroneous noise on match point #irony,0,negative,test,-2,ordinal_-3_to_3,negative=-3..-1; zero=excluded; positive=1..3,E,ambiguous,0.9076611399650574,C,0.05198991671204567,0.855671226978302,0.00805585365742445,0.0274990051984787,0.05198991671204567,0.004794084466993809,0.9076611399650574
ait-test-2018-En-04193,2018-En-04193,I give up! #simples #unhappy #fedup,0,negative,test,-3,ordinal_-3_to_3,negative=-3..-1; zero=excluded; positive=1..3,E,ambiguous,0.6450687646865845,C,0.16420985758304596,0.4808589220046997,0.03501388058066368,0.08395292609930038,0.16420985758304596,0.07175453007221222,0.6450687646865845
ait-test-2018-En-04201,2018-En-04201,I'm a proud father to a mustache #babystache #adorable #newborn,1,positive,test,3,ordinal_-3_to_3,negative=-3..-1; zero=excluded; positive=1..3,C,reported_quoted,0.4720359742641449,A,0.17237326502799988,0.299662709236145,0.17237326502799988,0.14828361570835114,0.4720359742641449,0.12662509083747864,0.08068208396434784
ait-test-2018-En-04207,2018-En-04207,I dont know if i'm able to take care of kids or not. Duduk dengan anak sepupu (boy) pun dah menguji kesabaran 😅,0,negative,test,-1,ordinal_-3_to_3,negative=-3..-1; zero=excluded; positive=1..3,B,objectless_general,0.46912047266960144,C,0.2161681205034256,0.25295233726501465,0.048656269907951355,0.46912047266960144,0.2161681205034256,0.11170399934053421,0.1543511301279068
ait-test-2018-En-04208,2018-En-04208,Battery drain &amp; a red hot iPhone (again) 🙁 #iOS11beta3,0,negative,test,-3,ordinal_-3_to_3,negative=-3..-1; zero=excluded; positive=1..3,C,reported_quoted,0.3877498507499695,B,0.28811439871788025,0.09963545203208923,0.11203591525554657,0.28811439871788025,0.3877498507499695,0.1045006811618805,0.10759910941123962
ait-test-2018-En-04211,2018-En-04211,.@POTUS every other President has said you can really only govern foe 18 months until the re-elect. Why are you focused on 2020 now? #scared,0,negative,test,-3,ordinal_-3_to_3,negative=-3..-1; zero=excluded; positive=1..3,E,ambiguous,0.37701666355133057,C,0.26162493228912354,0.11539173126220703,0.0938907340168953,0.217582106590271,0.26162493228912354,0.04988554120063782,0.37701666355133057
ait-test-2018-En-04219,2018-En-04219,"Miss Sylvester wants to see you in her office, Mr. Schue. She doesn't like to be kept waiting.  #glee",0,negative,test,-2,ordinal_-3_to_3,negative=-3..-1; zero=excluded; positive=1..3,C,reported_quoted,0.4861731231212616,B,0.3632992208003998,0.12287390232086182,0.12707088887691498,0.3632992208003998,0.4861731231212616,0.017982857301831245,0.00547388568520546
ait-test-2018-En-04220,2018-En-04220,@bfraser747 @DonaldJTrumpJr MSM should not reprint his emails word for word. Its incredibly biased! Sad! #sarcasm,0,negative,test,-2,ordinal_-3_to_3,negative=-3..-1; zero=excluded; positive=1..3,E,ambiguous,0.8135880827903748,C,0.10327506065368652,0.7103130221366882,0.024012845009565353,0.04113800451159477,0.10327506065368652,0.017986025661230087,0.8135880827903748
ait-test-2018-En-04238,2018-En-04238,@m00nlightjules happy birthday mamon!!! 😄,1,positive,test,3,ordinal_-3_to_3,negative=-3..-1; zero=excluded; positive=1..3,A,target_directed,0.6224253177642822,E,0.24634906649589539,0.37607625126838684,0.6224253177642822,0.06673774868249893,0.024114446714520454,0.0403735488653183,0.24634906649589539
ait-test-2018-En-04240,2018-En-04240,@CutTimeComic They are adorable !!! I need them all 😭,1,positive,test,2,ordinal_-3_to_3,negative=-3..-1; zero=excluded; positive=1..3,E,ambiguous,0.44514670968055725,A,0.32048285007476807,0.12466385960578918,0.32048285007476807,0.14312446117401123,0.03812539577484131,0.05312059074640274,0.44514670968055725
ait-test-2018-En-04241,2018-En-04241,Darn it - I was hoping Pitbull was going to do the national anthem. #sarcasm 😉  #MLBAllStarGame ⚾️,0,negative,test,-2,ordinal_-3_to_3,negative=-3..-1; zero=excluded; positive=1..3,E,ambiguous,0.5385486483573914,C,0.1911907196044922,0.34735792875289917,0.022071227431297302,0.13852459192276,0.1911907196044922,0.10966476052999496,0.5385486483573914
ait-test-2018-En-04242,2018-En-04242,@AlanLCross @JaySekulow @seanhannity That’s what happened on that show? Well I think that all blows away our expectations 🙄 #sarcasm,0,negative,test,-2,ordinal_-3_to_3,negative=-3..-1; zero=excluded; positive=1..3,E,ambiguous,0.8332290649414062,C,0.1089572161436081,0.724271833896637,0.008219688199460506,0.039006784558296204,0.1089572161436081,0.010587274096906185,0.8332290649414062
ait-test-2018-En-04252,2018-En-04252,@143percentspeed Oh wait you're not a woman\n\nI retract my statement #sarcasm,0,negative,test,-1,ordinal_-3_to_3,negative=-3..-1; zero=excluded; positive=1..3,E,ambiguous,0.4856247305870056,C,0.40357115864753723,0.08205357193946838,0.021234065294265747,0.08126198500394821,0.40357115864753723,0.008308070711791515,0.4856247305870056
ait-test-2018-En-04254,2018-En-04254,I can't believe a burrito was left on this sink and nobody though to trash it,0,negative,test,-2,ordinal_-3_to_3,negative=-3..-1; zero=excluded; positive=1..3,E,ambiguous,0.5810922384262085,B,0.24331651628017426,0.33777570724487305,0.034411028027534485,0.24331651628017426,0.09816692024469376,0.04301333799958229,0.5810922384262085
ait-test-2018-En-04270,2018-En-04270,"5,877 #impressions over the last 24 hours. I've had an insightful #pleasure enlightening you all today, I hope I have been of #service. #USA",1,positive,test,2,ordinal_-3_to_3,negative=-3..-1; zero=excluded; positive=1..3,C,reported_quoted,0.3305606245994568,B,0.2987442910671234,0.031816333532333374,0.17023268342018127,0.2987442910671234,0.3305606245994568,0.06335243582725525,0.13710996508598328
ait-test-2018-En-04284,2018-En-04284,Okay this girl On teen mom is screaming but she only 2 cm dilated 😭 when I was 2 cm I was just pissed bc she wouldn't give me water,0,negative,test,-2,ordinal_-3_to_3,negative=-3..-1; zero=excluded; positive=1..3,B,objectless_general,0.43844500184059143,E,0.294124037027359,0.14432096481323242,0.050284914672374725,0.43844500184059143,0.13298970460891724,0.08415631204843521,0.294124037027359
ait-test-2018-En-04308,2018-En-04308,i'll have my own apartment and not have to sneak alcohol into my dorm room or worry about being loud #blessed,1,positive,test,3,ordinal_-3_to_3,negative=-3..-1; zero=excluded; positive=1..3,B,objectless_general,0.28820374608039856,A,0.2122763991355896,0.07592734694480896,0.2122763991355896,0.28820374608039856,0.16963966190814972,0.12868732213974,0.20119288563728333
ait-test-2018-En-04316,2018-En-04316,@SaffronOlive At least their pricing is in line with their trend of GP pricing. #sarcasm,0,negative,test,-2,ordinal_-3_to_3,negative=-3..-1; zero=excluded; positive=1..3,E,ambiguous,0.43386200070381165,C,0.3825876712799072,0.05127432942390442,0.010089335031807423,0.1604299247264862,0.3825876712799072,0.013031043112277985,0.43386200070381165
ait-test-2018-En-04329,2018-En-04329,@Pontifex To Pope\nDisclose Fatima's prophecy. Command from \nGod is very angry.\nPlease disclose the prophecy.\nI am a blessed 　God's　daughter.,1,positive,test,1,ordinal_-3_to_3,negative=-3..-1; zero=excluded; positive=1..3,E,ambiguous,0.5438485741615295,C,0.22793728113174438,0.31591129302978516,0.11818420886993408,0.10002004355192184,0.22793728113174438,0.010009842924773693,0.5438485741615295
ait-test-2018-En-04330,2018-En-04330,"i'm freezing in the sun, i'm burning in the run",0,negative,test,-3,ordinal_-3_to_3,negative=-3..-1; zero=excluded; positive=1..3,E,ambiguous,0.7636314034461975,B,0.08941946923732758,0.6742119193077087,0.05463111028075218,0.08941946923732758,0.06589757651090622,0.02642039768397808,0.7636314034461975
ait-test-2018-En-04342,2018-En-04342,"@s_navroop Bholenath ne apna Gussa toh nikaalna hai. Either the government helps take out Terrorism and do HIS work, Or the wrath is on GOVT",0,negative,test,-1,ordinal_-3_to_3,negative=-3..-1; zero=excluded; positive=1..3,B,objectless_general,0.5314793586730957,E,0.16272181272506714,0.36875754594802856,0.11546562612056732,0.5314793586730957,0.13250325620174408,0.05782999098300934,0.16272181272506714
ait-test-2018-En-04343,2018-En-04343,A simple wallpaper ever 😂,1,positive,test,3,ordinal_-3_to_3,negative=-3..-1; zero=excluded; positive=1..3,E,ambiguous,0.45316964387893677,C,0.3101479411125183,0.14302170276641846,0.0494217649102211,0.09196660667657852,0.3101479411125183,0.0952940285205841,0.45316964387893677
ait-test-2018-En-04355,2018-En-04355,To go back in time to the 1st grade so you can walk up and shove your bully on the playground. Little asshole.\n#StupidReasonsToUseTimeTravel,0,negative,test,-1,ordinal_-3_to_3,negative=-3..-1; zero=excluded; positive=1..3,E,ambiguous,0.461324006319046,C,0.2945864200592041,0.16673758625984192,0.08023569732904434,0.14151647686958313,0.2945864200592041,0.0223374105989933,0.461324006319046
ait-test-2018-En-04366,2018-En-04366,#Laughter strengthens #relationships. #Women are more attracted to someone with the ability to make them #laugh.,1,positive,test,2,ordinal_-3_to_3,negative=-3..-1; zero=excluded; positive=1..3,A,target_directed,0.38396504521369934,E,0.3774365782737732,0.0065284669399261475,0.38396504521369934,0.1360759735107422,0.06959737092256546,0.032925043255090714,0.3774365782737732
ait-test-2018-En-04371,2018-En-04371,happy birthday to anne ! we wish her all the best and hope she's having a wonderful day,1,positive,test,3,ordinal_-3_to_3,negative=-3..-1; zero=excluded; positive=1..3,A,target_directed,0.5155996680259705,E,0.3410962224006653,0.17450344562530518,0.5155996680259705,0.08470208197832108,0.019151389598846436,0.03945064917206764,0.3410962224006653
ait-test-2018-En-04380,2018-En-04380,"'Is it that funny to you when someone's sad? In that case, I'll beat you 'till you won't even be able to crack a smile!'",0,negative,test,-1,ordinal_-3_to_3,negative=-3..-1; zero=excluded; positive=1..3,E,ambiguous,0.7840920686721802,B,0.1292625218629837,0.6548295617103577,0.011927265673875809,0.1292625218629837,0.06211116909980774,0.012607005424797535,0.7840920686721802
ait-train-2017-En-10004,2017-En-10004,"Don't join @BTCare they put the phone down on you, talk over you and are rude. Taking money out of my acc willynilly! #fuming",0,negative,train,-3,ordinal_-3_to_3,negative=-3..-1; zero=excluded; positive=1..3,E,ambiguous,0.7540879845619202,B,0.10302064567804337,0.651067316532135,0.040445320308208466,0.10302064567804337,0.060074109584093094,0.04237194359302521,0.7540879845619202
ait-train-2017-En-10012,2017-En-10012,Bitches aggravate like what inspires you to be the biggest cunt known to man kind?,0,negative,train,-2,ordinal_-3_to_3,negative=-3..-1; zero=excluded; positive=1..3,E,ambiguous,0.7075455188751221,C,0.18976613879203796,0.5177793502807617,0.018341606482863426,0.05478613078594208,0.18976613879203796,0.029560651630163193,0.7075455188751221
ait-train-2017-En-10064,2017-En-10064,Boycotting @DunkinDonuts till butter pecan comes back. I am furious,0,negative,train,-2,ordinal_-3_to_3,negative=-3..-1; zero=excluded; positive=1..3,E,ambiguous,0.6671848297119141,B,0.11213075369596481,0.5550540685653687,0.09793620556592941,0.11213075369596481,0.059877824038267136,0.06287038326263428,0.6671848297119141
ait-train-2017-En-10067,2017-En-10067,Once again the only thing on my feed is naay raging about something and my brother filling in all the gaps,0,negative,train,-2,ordinal_-3_to_3,negative=-3..-1; zero=excluded; positive=1..3,B,objectless_general,0.4329051375389099,A,0.16339968144893646,0.26950544118881226,0.16339968144893646,0.4329051375389099,0.13506318628787994,0.13120193779468536,0.13743002712726593
ait-train-2017-En-10082,2017-En-10082,"The liberal outrage over don king saying the N-word really angers me. The white yuppie progressives can go fuck themselves, shame on blacks",0,negative,train,-3,ordinal_-3_to_3,negative=-3..-1; zero=excluded; positive=1..3,E,ambiguous,0.7465869784355164,B,0.0893615335226059,0.6572254300117493,0.05824611708521843,0.0893615335226059,0.05922636389732361,0.046578988432884216,0.7465869784355164
ait-train-2017-En-10084,2017-En-10084,but that was a mistake and a half assed excuse and now here i am burning in hell forever,0,negative,train,-2,ordinal_-3_to_3,negative=-3..-1; zero=excluded; positive=1..3,E,ambiguous,0.8637083768844604,B,0.055635035037994385,0.8080733418464661,0.01662006601691246,0.055635035037994385,0.04078412428498268,0.02325245924293995,0.8637083768844604
ait-train-2017-En-10096,2017-En-10096,"@NeoFundie @fitchest Ha. Right. I'm from San Jose, CA, and I was offended right there with you. Dave, go on a walk or something next time.",0,negative,train,-2,ordinal_-3_to_3,negative=-3..-1; zero=excluded; positive=1..3,E,ambiguous,0.26618537306785583,B,0.2579686641693115,0.008216708898544312,0.09180119633674622,0.2579686641693115,0.21667149662971497,0.16737329959869385,0.26618537306785583
ait-train-2017-En-10106,2017-En-10106,Bloods boiling,0,negative,train,-2,ordinal_-3_to_3,negative=-3..-1; zero=excluded; positive=1..3,A,target_directed,0.42905759811401367,B,0.28000637888908386,0.1490512192249298,0.42905759811401367,0.28000637888908386,0.05578847602009773,0.0047894190065562725,0.23035815358161926
ait-train-2017-En-10109,2017-En-10109,I swear if @devincameron23 blocks me I'm going to hit her back ,0,negative,train,-3,ordinal_-3_to_3,negative=-3..-1; zero=excluded; positive=1..3,E,ambiguous,0.7478845119476318,C,0.14578737318515778,0.6020971536636353,0.006663727108389139,0.08672960102558136,0.14578737318515778,0.012934724800288677,0.7478845119476318
ait-train-2017-En-10133,2017-En-10133,@ChurdAllan fucked my coupon that goal! ,0,negative,train,-1,ordinal_-3_to_3,negative=-3..-1; zero=excluded; positive=1..3,E,ambiguous,0.9245226383209229,B,0.03197513893246651,0.8925474882125854,0.014004838652908802,0.03197513893246651,0.025393560528755188,0.004103854764252901,0.9245226383209229
ait-train-2017-En-10138,2017-En-10138,..... wakes up and says 'have you tried changing her nappy?' 😡👊🏼 !!!!,0,negative,train,-2,ordinal_-3_to_3,negative=-3..-1; zero=excluded; positive=1..3,E,ambiguous,0.5908612608909607,B,0.1282833218574524,0.4625779390335083,0.10868611931800842,0.1282833218574524,0.09953170269727707,0.072637639939785,0.5908612608909607
ait-train-2017-En-10153,2017-En-10153,When you break a record in #madden I wish it didn't say the same shit after every rush like you just broke the record. #shutupphilsimms,0,negative,train,-2,ordinal_-3_to_3,negative=-3..-1; zero=excluded; positive=1..3,E,ambiguous,0.4315038025379181,B,0.26338839530944824,0.16811540722846985,0.04921707138419151,0.26338839530944824,0.14689721167087555,0.10899350792169571,0.4315038025379181
ait-train-2017-En-10186,2017-En-10186,@RonMexico760 The guy who calls people 'cuck' and is anti-BLM is offended by idea that he might not be pro-policing reform? That's amazing.,1,positive,train,1,ordinal_-3_to_3,negative=-3..-1; zero=excluded; positive=1..3,E,ambiguous,0.7092804908752441,C,0.10603497177362442,0.6032454967498779,0.04477522149682045,0.095731221139431,0.10603497177362442,0.04417809844017029,0.7092804908752441
ait-train-2017-En-10199,2017-En-10199,@canada4trumpnow @donlemon he has BAD TEMPERAMENT  #HissyFits,0,negative,train,-2,ordinal_-3_to_3,negative=-3..-1; zero=excluded; positive=1..3,E,ambiguous,0.4663428068161011,C,0.3615073263645172,0.10483548045158386,0.058308444917201996,0.09556380659341812,0.3615073263645172,0.0182776041328907,0.4663428068161011
ait-train-2017-En-10206,2017-En-10206,@sueblue35 @nsoz7 @immortalbulldog huh? We have a sprint coach? We're the slowest team in the comp. Talk about robbing a living. #outrage,0,negative,train,-3,ordinal_-3_to_3,negative=-3..-1; zero=excluded; positive=1..3,E,ambiguous,0.4476608335971832,C,0.3636910319328308,0.08396980166435242,0.03747042268514633,0.12398344278335571,0.3636910319328308,0.02719433233141899,0.4476608335971832
ait-train-2017-En-10238,2017-En-10238,And she got all angry telling me 'but what would be doing a 40 year old guy looking for a girl like you' and I felt #offended,0,negative,train,-3,ordinal_-3_to_3,negative=-3..-1; zero=excluded; positive=1..3,E,ambiguous,0.5657055377960205,B,0.18405887484550476,0.38164666295051575,0.03763165697455406,0.18405887484550476,0.1565828174352646,0.05602108687162399,0.5657055377960205
ait-train-2017-En-10239,2017-En-10239,@aGirlHasNo_Name @MdlMurray shot by black police woman Typical looney toon thinking. #Hillary #divide  #chaos,0,negative,train,-1,ordinal_-3_to_3,negative=-3..-1; zero=excluded; positive=1..3,E,ambiguous,0.7161204814910889,C,0.2254469245672226,0.4906735420227051,0.014204657636582851,0.04079504683613777,0.2254469245672226,0.003432829398661852,0.7161204814910889
ait-train-2017-En-10247,2017-En-10247,i will never watch greys anatomy ever ever ever ever ever again if Shonda Rimes takes away another OG character☹️☹️☹️☹️☹️☹️☹️☹️☹️☹️ #fuming,0,negative,train,-3,ordinal_-3_to_3,negative=-3..-1; zero=excluded; positive=1..3,E,ambiguous,0.6195825338363647,C,0.1281518042087555,0.49143072962760925,0.10924877226352692,0.056335970759391785,0.1281518042087555,0.08668091893196106,0.6195825338363647
ait-train-2017-En-10250,2017-En-10250,A @FirstBSA not turning up? Why am I not surprised. Late for work again! ,0,negative,train,-1,ordinal_-3_to_3,negative=-3..-1; zero=excluded; positive=1..3,C,reported_quoted,0.5285007953643799,E,0.25379809737205505,0.27470269799232483,0.02207787148654461,0.16384905576705933,0.5285007953643799,0.03177425265312195,0.25379809737205505
ait-train-2017-En-10255,2017-En-10255,@cc_yandian @HillaryClinton her team must draw from a hat for daily personality #drugged #angry #yeller #quiet #screamer #😂😂,0,negative,train,-2,ordinal_-3_to_3,negative=-3..-1; zero=excluded; positive=1..3,E,ambiguous,0.6223331689834595,C,0.24661439657211304,0.37571877241134644,0.027934452518820763,0.07846539467573166,0.24661439657211304,0.02465253695845604,0.6223331689834595
ait-train-2017-En-10259,2017-En-10259,@saclivin @MrsCagg specific &amp; intentional way. And part of that intention is to provoke conversation around systemic racism towards blacks.,0,negative,train,-2,ordinal_-3_to_3,negative=-3..-1; zero=excluded; positive=1..3,E,ambiguous,0.42179596424102783,C,0.2756856381893158,0.14611032605171204,0.09932152926921844,0.15639305114746094,0.2756856381893158,0.04680381715297699,0.42179596424102783
ait-train-2017-En-10265,2017-En-10265,@StarklyDark 'I know you trusted me.' His words were soft as he ignored the anger and focused on the hurt beneath. 'I know I screwed up.' --,0,negative,train,-1,ordinal_-3_to_3,negative=-3..-1; zero=excluded; positive=1..3,C,reported_quoted,0.4273773431777954,B,0.343799889087677,0.08357745409011841,0.09383436292409897,0.343799889087677,0.4273773431777954,0.0717988982796669,0.06318947672843933
ait-train-2017-En-10269,2017-En-10269,Did we miss the fact that #BurkeRamsey swung &amp;hit his sister #JonBenet in the face with a golf club previously out of a fit of #anger?,0,negative,train,-3,ordinal_-3_to_3,negative=-3..-1; zero=excluded; positive=1..3,E,ambiguous,0.6512001752853394,C,0.14948534965515137,0.501714825630188,0.060029227286577225,0.12944358587265015,0.14948534965515137,0.009841684252023697,0.6512001752853394
ait-train-2017-En-10278,2017-En-10278,i have so much hw tonight im offended,0,negative,train,-2,ordinal_-3_to_3,negative=-3..-1; zero=excluded; positive=1..3,E,ambiguous,0.45094698667526245,B,0.3122832179069519,0.13866376876831055,0.11240383237600327,0.3122832179069519,0.09572963416576385,0.028636323288083076,0.45094698667526245
ait-train-2017-En-10280,2017-En-10280,"the outrage has passed and has been replaced by a mute, fatalistic acceptance of the current situation.  #fatalism",0,negative,train,-2,ordinal_-3_to_3,negative=-3..-1; zero=excluded; positive=1..3,C,reported_quoted,0.6522364020347595,B,0.14614056050777435,0.506095826625824,0.015200786292552948,0.14614056050777435,0.6522364020347595,0.11469173431396484,0.07173050940036774
ait-train-2017-En-10285,2017-En-10285,@EagleGiles23 @tgilmore_92 what I miss? #outrage,0,negative,train,-2,ordinal_-3_to_3,negative=-3..-1; zero=excluded; positive=1..3,E,ambiguous,0.958454430103302,C,0.030646242201328278,0.9278081655502319,0.0013505194801837206,0.007848839275538921,0.030646242201328278,0.0016999802319332957,0.958454430103302
ait-train-2017-En-10286,2017-En-10286,"@AllegedLowbrow It's 'Eye-for-Eye'. Indian Army never forgives, Never Forgets. They always take revenge, Pakistan breaks laws, I.A follows",0,negative,train,-2,ordinal_-3_to_3,negative=-3..-1; zero=excluded; positive=1..3,E,ambiguous,0.5161072015762329,C,0.29491156339645386,0.22119563817977905,0.05243504419922829,0.12094930559396744,0.29491156339645386,0.01559689361602068,0.5161072015762329
ait-train-2017-En-10302,2017-En-10302,ESPN just assumed I wanted their free magazines #offended,0,negative,train,-2,ordinal_-3_to_3,negative=-3..-1; zero=excluded; positive=1..3,E,ambiguous,0.4550224840641022,B,0.21583421528339386,0.2391882687807083,0.08642895519733429,0.21583421528339386,0.1912524402141571,0.05146193876862526,0.4550224840641022
ait-train-2017-En-10308,2017-En-10308,@everycolorbot more like every color looks the same #triggered #colorblind #offended,0,negative,train,-1,ordinal_-3_to_3,negative=-3..-1; zero=excluded; positive=1..3,C,reported_quoted,0.5238364338874817,E,0.18979735672473907,0.3340390920639038,0.08114586770534515,0.15911425650119781,0.5238364338874817,0.046106066554784775,0.18979735672473907
ait-train-2017-En-10320,2017-En-10320,"@NM_NickNocturne Incentivise people to roam the Internet being morally offended, as if they didn't do it enough already.",0,negative,train,-2,ordinal_-3_to_3,negative=-3..-1; zero=excluded; positive=1..3,E,ambiguous,0.5375381112098694,C,0.2694551944732666,0.2680829167366028,0.01677350141108036,0.16623370349407196,0.2694551944732666,0.009999537840485573,0.5375381112098694
ait-train-2017-En-10325,2017-En-10325,"A little nose irritation and a little more chills on my body. I'm so not into flu, into flu, into flu #FallSongs",0,negative,train,-2,ordinal_-3_to_3,negative=-3..-1; zero=excluded; positive=1..3,D,mixed,0.3168918192386627,C,0.30605438351631165,0.010837435722351074,0.029592249542474747,0.2918592691421509,0.30605438351631165,0.3168918192386627,0.05560232326388359
ait-train-2017-En-10339,2017-En-10339,@Thebeast_ufc what happened to the suicide tweet it was a joke obviously how could that offend anyone?🤔,0,negative,train,-1,ordinal_-3_to_3,negative=-3..-1; zero=excluded; positive=1..3,E,ambiguous,0.4791857898235321,C,0.2755650579929352,0.20362073183059692,0.021679231896996498,0.18603995442390442,0.2755650579929352,0.03752994164824486,0.4791857898235321
ait-train-2017-En-10355,2017-En-10355,@PuseLepuru it's the irritation of not having found the corpse,0,negative,train,-3,ordinal_-3_to_3,negative=-3..-1; zero=excluded; positive=1..3,B,objectless_general,0.40681523084640503,C,0.2968154847621918,0.10999974608421326,0.06013254076242447,0.40681523084640503,0.2968154847621918,0.07103219628334045,0.16520456969738007
ait-train-2017-En-10358,2017-En-10358,@coltonflurry @StrangeFacesLA I cancelled by CBS all access live feeds before JC even said Vic won AFP. Paul.should have won IMO #bitter,0,negative,train,-2,ordinal_-3_to_3,negative=-3..-1; zero=excluded; positive=1..3,E,ambiguous,0.5532400012016296,C,0.21391475200653076,0.3393252491950989,0.053913701325654984,0.11655347794294357,0.21391475200653076,0.06237813085317612,0.5532400012016296
ait-train-2017-En-10365,2017-En-10365,@m_warner21 Yikes. The wrath of Maddie...,0,negative,train,-1,ordinal_-3_to_3,negative=-3..-1; zero=excluded; positive=1..3,E,ambiguous,0.5448739528656006,A,0.22935751080513,0.3155164420604706,0.22935751080513,0.11009207367897034,0.08455844968557358,0.0311179980635643,0.5448739528656006
ait-train-2017-En-10379,2017-En-10379,"@HebertofNH any time a man who got paid to throw temper tantrums speaks up, you gotta listen.",0,negative,train,-2,ordinal_-3_to_3,negative=-3..-1; zero=excluded; positive=1..3,E,ambiguous,0.6493518948554993,C,0.1539859175682068,0.4953659772872925,0.03758789226412773,0.1476009339094162,0.1539859175682068,0.011473327875137329,0.6493518948554993
ait-train-2017-En-10395,2017-En-10395,"If I spend more than £10 in shimmy on £1 drinks I'll be raging, but we all know it's gonna happen",0,negative,train,-2,ordinal_-3_to_3,negative=-3..-1; zero=excluded; positive=1..3,E,ambiguous,0.4756582975387573,B,0.2114286869764328,0.26422959566116333,0.0660356879234314,0.2114286869764328,0.09219667315483093,0.15468068420886993,0.4756582975387573
ait-train-2017-En-10399,2017-En-10399,@luxbet Did you even give out any pizzas ? Serious fail #hungry  #hangry,0,negative,train,-2,ordinal_-3_to_3,negative=-3..-1; zero=excluded; positive=1..3,E,ambiguous,0.41620543599128723,C,0.3147135078907013,0.10149192810058594,0.021660668775439262,0.19898086786270142,0.3147135078907013,0.04843948408961296,0.41620543599128723
ait-train-2017-En-10405,2017-En-10405,Guy across from me in a really ugly suit cannot stop expressing his displeasure,0,negative,train,-3,ordinal_-3_to_3,negative=-3..-1; zero=excluded; positive=1..3,B,objectless_general,0.4826928973197937,A,0.315094530582428,0.16759836673736572,0.315094530582428,0.4826928973197937,0.12776629626750946,0.04530379921197891,0.02914252132177353
ait-train-2017-En-10422,2017-En-10422,Drop Snapchat names #bored #snap #swap #pics,0,negative,train,-2,ordinal_-3_to_3,negative=-3..-1; zero=excluded; positive=1..3,B,objectless_general,0.4400809705257416,C,0.339565247297287,0.10051572322845459,0.06653245538473129,0.4400809705257416,0.339565247297287,0.08839236944913864,0.06542892009019852
ait-train-2017-En-10431,2017-En-10431,@JohnKerry can be as indignant as he wants but the world knows Obama will do nothing and Putin will just do what he wants #Aleppo #Syria,0,negative,train,-1,ordinal_-3_to_3,negative=-3..-1; zero=excluded; positive=1..3,E,ambiguous,0.48572179675102234,C,0.21723982691764832,0.268481969833374,0.05624890327453613,0.18458227813243866,0.21723982691764832,0.05620718374848366,0.48572179675102234
ait-train-2017-En-10434,2017-En-10434,I screened my own snap what kind of narcissistic ass would smh,0,negative,train,-2,ordinal_-3_to_3,negative=-3..-1; zero=excluded; positive=1..3,E,ambiguous,0.6028644442558289,C,0.22424852848052979,0.3786159157752991,0.04047044739127159,0.09799720346927643,0.22424852848052979,0.03441942110657692,0.6028644442558289
ait-train-2017-En-10442,2017-En-10442,"@a_mxe7 hah don't speak to me or my cousin like that, mind a had the displeasure of seeing u bare faced on eh train, no a pretty sight mate",0,negative,train,-2,ordinal_-3_to_3,negative=-3..-1; zero=excluded; positive=1..3,B,objectless_general,0.3560571074485779,E,0.2827613651752472,0.07329574227333069,0.07620019465684891,0.3560571074485779,0.16778992116451263,0.11719142645597458,0.2827613651752472
ait-train-2017-En-10449,2017-En-10449,Hey folks sorry if anything offensive got posted on here yesterday my account got hacked. All fixed now though. I hope :-/ #angry #annoyed,0,negative,train,-3,ordinal_-3_to_3,negative=-3..-1; zero=excluded; positive=1..3,E,ambiguous,0.3719436824321747,C,0.283828467130661,0.08811521530151367,0.10330217331647873,0.1717521846294403,0.283828467130661,0.06917347013950348,0.3719436824321747
ait-train-2017-En-10454,2017-En-10454,@LaraTheIrish &lt; feel everything. She would remember everything. Evanora hoped this would serve to fuel the creatures anger and run rabid &gt;,0,negative,train,-2,ordinal_-3_to_3,negative=-3..-1; zero=excluded; positive=1..3,E,ambiguous,0.5630216598510742,C,0.13960665464401245,0.42341500520706177,0.06939125061035156,0.13771620392799377,0.13960665464401245,0.09026431292295456,0.5630216598510742
ait-train-2017-En-10455,2017-En-10455,@Kim_is__bored exactly what I have been saying on fb.. #bitter,0,negative,train,-2,ordinal_-3_to_3,negative=-3..-1; zero=excluded; positive=1..3,C,reported_quoted,0.3273923695087433,B,0.2426929771900177,0.08469939231872559,0.1358463615179062,0.2426929771900177,0.3273923695087433,0.12457761913537979,0.16949068009853363
ait-train-2017-En-10460,2017-En-10460,Brendan Rodgers looks fuming 😭,0,negative,train,-2,ordinal_-3_to_3,negative=-3..-1; zero=excluded; positive=1..3,E,ambiguous,0.43748560547828674,B,0.3062524199485779,0.13123318552970886,0.0662318617105484,0.3062524199485779,0.16768033802509308,0.022349724546074867,0.43748560547828674
ait-train-2017-En-10462,2017-En-10462,My baskets are better when I'm in a bad mood someone irritate me before practice please,0,negative,train,-2,ordinal_-3_to_3,negative=-3..-1; zero=excluded; positive=1..3,B,objectless_general,0.5698226690292358,D,0.1318654716014862,0.43795719742774963,0.07072966545820236,0.5698226690292358,0.09744575619697571,0.1318654716014862,0.13013644516468048
ait-train-2017-En-10490,2017-En-10490,Take public opinion on revenge with Pakistan if govt is unable to decide. @aajtak @TimesNow @narendramodi,0,negative,train,-2,ordinal_-3_to_3,negative=-3..-1; zero=excluded; positive=1..3,C,reported_quoted,0.39321795105934143,B,0.31235530972480774,0.08086264133453369,0.07525939494371414,0.31235530972480774,0.39321795105934143,0.04949716478586197,0.1696701943874359
ait-train-2017-En-10496,2017-En-10496,@HillaryClinton Yeah U gotta make them HEEL. I know U need their votes so U have to wait. But when U LOSE-they're really in for your wrath !,0,negative,train,-2,ordinal_-3_to_3,negative=-3..-1; zero=excluded; positive=1..3,E,ambiguous,0.8201013207435608,C,0.09511449933052063,0.7249867916107178,0.010977674275636673,0.05379265919327736,0.09511449933052063,0.020013853907585144,0.8201013207435608
ait-train-2017-En-10498,2017-En-10498,Skipping meals is the national way of showing #disappointment and #anger. #wiz,0,negative,train,-3,ordinal_-3_to_3,negative=-3..-1; zero=excluded; positive=1..3,B,objectless_general,0.33189254999160767,C,0.2457887828350067,0.08610376715660095,0.2290024757385254,0.33189254999160767,0.2457887828350067,0.05425535514950752,0.139060840010643
ait-train-2017-En-10509,2017-En-10509,@HuffPostUK  NO greater wrath than a woman scorned.,0,negative,train,-2,ordinal_-3_to_3,negative=-3..-1; zero=excluded; positive=1..3,E,ambiguous,0.4265408217906952,A,0.24680404365062714,0.17973677814006805,0.24680404365062714,0.16116368770599365,0.13535358011722565,0.03013787791132927,0.4265408217906952
ait-train-2017-En-10519,2017-En-10519,@marthalyssa yep. LOL ,1,positive,train,3,ordinal_-3_to_3,negative=-3..-1; zero=excluded; positive=1..3,E,ambiguous,0.5494782328605652,C,0.3199880123138428,0.2294902205467224,0.008682668209075928,0.10119465738534927,0.3199880123138428,0.020656460896134377,0.5494782328605652
ait-train-2017-En-10522,2017-En-10522,Since the 'update' my @iPhone loses power nearly 40% faster. ,0,negative,train,-2,ordinal_-3_to_3,negative=-3..-1; zero=excluded; positive=1..3,E,ambiguous,0.5192936658859253,C,0.24374808371067047,0.275545597076416,0.05112990736961365,0.15968172252178192,0.24374808371067047,0.026146598160266876,0.5192936658859253
ait-train-2017-En-10536,2017-En-10536,"@iStoleFreeHugs @stephlaris lol I'm happy with my negative, realistic ass self. Sorry to offend you",1,positive,train,2,ordinal_-3_to_3,negative=-3..-1; zero=excluded; positive=1..3,E,ambiguous,0.3661614954471588,B,0.20896227657794952,0.1571992188692093,0.08612233400344849,0.20896227657794952,0.15704256296157837,0.1817113608121872,0.3661614954471588
ait-train-2017-En-10566,2017-En-10566,@DeltaDomain @SawDraze @qurions dis dat nigga from fume right?,0,negative,train,-1,ordinal_-3_to_3,negative=-3..-1; zero=excluded; positive=1..3,E,ambiguous,0.5083848237991333,C,0.256437212228775,0.2519476115703583,0.04692918807268143,0.13198822736740112,0.256437212228775,0.05626048520207405,0.5083848237991333
ait-train-2017-En-10580,2017-En-10580,"@KevinI @GGGBoxing @SpecialKBrook pretty average, klitschko fury did about 600k and Joshua white did about 450k",0,negative,train,-1,ordinal_-3_to_3,negative=-3..-1; zero=excluded; positive=1..3,B,objectless_general,0.4287252426147461,C,0.2762030065059662,0.1525222361087799,0.05137169361114502,0.4287252426147461,0.2762030065059662,0.0734778642654419,0.1702221781015396
ait-train-2017-En-10583,2017-En-10583,@judahandthelion TONIGHT. Legit can't wait to rage 🤘🏻🤘🏻🤘🏻🤘🏻🤘🏻🔥,0,negative,train,-2,ordinal_-3_to_3,negative=-3..-1; zero=excluded; positive=1..3,E,ambiguous,0.5870184898376465,C,0.17302890121936798,0.4139896035194397,0.0917753204703331,0.09978394955396652,0.17302890121936798,0.04839329048991203,0.5870184898376465
ait-train-2017-En-10614,2017-En-10614,What terrible thing to see and have no vision-\n\nHelen Keller-\n\n-Begin with the end in mind-\n\nStephen Covey-\n\n #whereareugoing ,0,negative,train,-1,ordinal_-3_to_3,negative=-3..-1; zero=excluded; positive=1..3,E,ambiguous,0.30715152621269226,C,0.26670315861701965,0.04044836759567261,0.15293261408805847,0.2299945205450058,0.26670315861701965,0.04321815446019173,0.30715152621269226
ait-train-2017-En-10631,2017-En-10631,"Grateful for all the hungry people in my life! Hungry to learn, change, grow, help, etc - not sure anybody has it better! ",1,positive,train,3,ordinal_-3_to_3,negative=-3..-1; zero=excluded; positive=1..3,A,target_directed,0.4565887451171875,E,0.3504963219165802,0.1060924232006073,0.4565887451171875,0.12038341909646988,0.02701835334300995,0.045513126999139786,0.3504963219165802
ait-train-2017-En-10637,2017-En-10637,I was going to say that Rooney is a shadow of his former self but I don't want to offend any shadows. #NTFCvMUFC,0,negative,train,-1,ordinal_-3_to_3,negative=-3..-1; zero=excluded; positive=1..3,C,reported_quoted,0.4435397982597351,B,0.31151556968688965,0.13202422857284546,0.046076152473688126,0.31151556968688965,0.4435397982597351,0.10001878440380096,0.09884975850582123
ait-train-2017-En-10655,2017-En-10655,"@rabpeel snap, seems to be a problem here",0,negative,train,-2,ordinal_-3_to_3,negative=-3..-1; zero=excluded; positive=1..3,B,objectless_general,0.4209313988685608,C,0.2524835765361786,0.1684478223323822,0.1455479860305786,0.4209313988685608,0.2524835765361786,0.06837967038154602,0.1126573383808136
ait-train-2017-En-10659,2017-En-10659,The best revenge is massive success. –Frank Sinatra,1,positive,train,1,ordinal_-3_to_3,negative=-3..-1; zero=excluded; positive=1..3,A,target_directed,0.39749783277511597,E,0.2766684889793396,0.12082934379577637,0.39749783277511597,0.1751267910003662,0.12772071361541748,0.02298622950911522,0.2766684889793396
ait-train-2017-En-10697,2017-En-10697,"Are you lost in the fury, fearing that you'll fail?",0,negative,train,-2,ordinal_-3_to_3,negative=-3..-1; zero=excluded; positive=1..3,E,ambiguous,0.5902706384658813,B,0.24225398898124695,0.3480166494846344,0.07627440989017487,0.24225398898124695,0.07901055365800858,0.012190422974526882,0.5902706384658813
ait-train-2017-En-10702,2017-En-10702,i love that tay &amp; tiff are just sitting at my house while i'm at work 🙃,1,positive,train,3,ordinal_-3_to_3,negative=-3..-1; zero=excluded; positive=1..3,B,objectless_general,0.31960606575012207,A,0.24637536704540253,0.07323069870471954,0.24637536704540253,0.31960606575012207,0.16891437768936157,0.16253727674484253,0.1025669053196907
ait-train-2017-En-10704,2017-En-10704,"@MeghanEMurphy Oh gosh, if you get 800+ raging comments from cruise fans, I will just die laughing!",1,positive,train,3,ordinal_-3_to_3,negative=-3..-1; zero=excluded; positive=1..3,E,ambiguous,0.827949583530426,B,0.09099991619586945,0.7369496822357178,0.012734701856970787,0.09099991619586945,0.05043651536107063,0.017879310995340347,0.827949583530426
ait-train-2017-En-10716,2017-En-10716,Praying for the #Lord to keep #anger #hate #jealousy away from your heart is a sign of #maturity #conciseness,0,negative,train,-1,ordinal_-3_to_3,negative=-3..-1; zero=excluded; positive=1..3,C,reported_quoted,0.33517488837242126,B,0.21360959112644196,0.12156529724597931,0.16988106071949005,0.21360959112644196,0.33517488837242126,0.10052667558193207,0.18080776929855347
ait-train-2017-En-10741,2017-En-10741,when you find out the initiative isn't even a thing 😧 ,0,negative,train,-3,ordinal_-3_to_3,negative=-3..-1; zero=excluded; positive=1..3,E,ambiguous,0.38283252716064453,C,0.36653879284858704,0.016293734312057495,0.04501112550497055,0.15912239253520966,0.36653879284858704,0.04649514704942703,0.38283252716064453
ait-train-2017-En-10749,2017-En-10749,I'm just doing what u should b doing just minding my business and grinding relentless @LITO615,0,negative,train,-2,ordinal_-3_to_3,negative=-3..-1; zero=excluded; positive=1..3,B,objectless_general,0.3316100835800171,C,0.27631908655166626,0.05529099702835083,0.03335803002119064,0.3316100835800171,0.27631908655166626,0.09971754997968674,0.2589951753616333
ait-train-2017-En-10760,2017-En-10760,"Tiangong 1, China's first space laboratory, will come to a fiery end in late 2017. The average decommissioned satellite either burns ...",0,negative,train,-1,ordinal_-3_to_3,negative=-3..-1; zero=excluded; positive=1..3,C,reported_quoted,0.49031975865364075,E,0.18841597437858582,0.30190378427505493,0.14663191139698029,0.1514580100774765,0.49031975865364075,0.023174310103058815,0.18841597437858582
ait-train-2017-En-10761,2017-En-10761,Houston might lose a coach tomorrow or by midnight. #yikes ?,0,negative,train,-1,ordinal_-3_to_3,negative=-3..-1; zero=excluded; positive=1..3,C,reported_quoted,0.392904669046402,B,0.2710893452167511,0.12181532382965088,0.0942949578166008,0.2710893452167511,0.392904669046402,0.01060386374592781,0.2311071753501892
ait-train-2017-En-10778,2017-En-10778,Need a new outlet for ,0,negative,train,-1,ordinal_-3_to_3,negative=-3..-1; zero=excluded; positive=1..3,B,objectless_general,0.4822206497192383,A,0.19988928735256195,0.28233134746551514,0.19988928735256195,0.4822206497192383,0.12153417617082596,0.14839954674243927,0.04795641079545021
ait-train-2017-En-10786,2017-En-10786,@NessaMatthews he's perfect. But not even in that way where you sort of resent him or suspect that he leads a double life. Just perfect.,0,negative,train,-2,ordinal_-3_to_3,negative=-3..-1; zero=excluded; positive=1..3,E,ambiguous,0.49115264415740967,A,0.29006293416023254,0.20108970999717712,0.29006293416023254,0.14887791872024536,0.057115573436021805,0.012790938839316368,0.49115264415740967
ait-train-2017-En-10839,2017-En-10839,"Grateful for all the hungry people in my life! Hungry to learn, change, grow, help, etc - not sure anybody has it better! #relentless",1,positive,train,3,ordinal_-3_to_3,negative=-3..-1; zero=excluded; positive=1..3,A,target_directed,0.5666185021400452,E,0.264143168926239,0.30247533321380615,0.5666185021400452,0.10929291695356369,0.02362106181681156,0.03632434457540512,0.264143168926239
ait-train-2017-En-10880,2017-En-10880,@TrueAggieFan oh so that's where Brian was! Where was my invite? #offended,0,negative,train,-3,ordinal_-3_to_3,negative=-3..-1; zero=excluded; positive=1..3,E,ambiguous,0.4724295735359192,C,0.2431102991104126,0.2293192744255066,0.10333085060119629,0.13469019532203674,0.2431102991104126,0.04643905535340309,0.4724295735359192
ait-train-2017-En-10893,2017-En-10893,@pbhushan1 @IndianExpress so in your opinion is this the worst delhi govt? #acrid  #hypocrisy,0,negative,train,-2,ordinal_-3_to_3,negative=-3..-1; zero=excluded; positive=1..3,E,ambiguous,0.43297284841537476,B,0.22381548583507538,0.20915736258029938,0.062233999371528625,0.22381548583507538,0.2179870903491974,0.06299053877592087,0.43297284841537476
ait-train-2017-En-10907,2017-En-10907,Just joined #pottermore and was sorted into HUFFLEPUFF 😡😡😡 ,0,negative,train,-2,ordinal_-3_to_3,negative=-3..-1; zero=excluded; positive=1..3,A,target_directed,0.2533152401447296,D,0.21933647990226746,0.03397876024246216,0.2533152401447296,0.2182435542345047,0.16446824371814728,0.21933647990226746,0.14463643729686737
ait-train-2017-En-10952,2017-En-10952,@eMilsOnWheels I'm furious 😩😩😩,0,negative,train,-3,ordinal_-3_to_3,negative=-3..-1; zero=excluded; positive=1..3,E,ambiguous,0.8513005971908569,A,0.05125570297241211,0.8000448942184448,0.05125570297241211,0.04124588146805763,0.03388473391532898,0.022313041612505913,0.8513005971908569
ait-train-2017-En-10964,2017-En-10964,@crystaldiamondo impossible to say. We can only hope that I don’t unwittingly trigger her ferocious side again. Hell hath no fury..,0,negative,train,-3,ordinal_-3_to_3,negative=-3..-1; zero=excluded; positive=1..3,E,ambiguous,0.6187050342559814,C,0.19791679084300995,0.4207882285118103,0.057676877826452255,0.09993366152048111,0.19791679084300995,0.025767553597688675,0.6187050342559814
ait-train-2017-En-10970,2017-En-10970,HUGE CONGRATULATIONS TO NICOLE WINNING BIG BROTHER 18! @BBNicole #BB18 sorry not sorry  #bbmichelle,1,positive,train,3,ordinal_-3_to_3,negative=-3..-1; zero=excluded; positive=1..3,E,ambiguous,0.5043678879737854,A,0.27557650208473206,0.22879138588905334,0.27557650208473206,0.08746497333049774,0.09635802358388901,0.0362326018512249,0.5043678879737854
ait-train-2017-En-10978,2017-En-10978,@TheRevAl please tell us why 'protesting' injustice requires #burning #beating and #looting terrible optics #toussaintromain is true leader!,0,negative,train,-2,ordinal_-3_to_3,negative=-3..-1; zero=excluded; positive=1..3,E,ambiguous,0.7028469443321228,C,0.12495705485343933,0.5778899192810059,0.053329601883888245,0.09558375179767609,0.12495705485343933,0.023282697424292564,0.7028469443321228
ait-train-2017-En-10989,2017-En-10989,Star trek online has a update to download oh fuming yay,1,positive,train,1,ordinal_-3_to_3,negative=-3..-1; zero=excluded; positive=1..3,E,ambiguous,0.540653645992279,B,0.18626099824905396,0.3543926477432251,0.15011031925678253,0.18626099824905396,0.06426739692687988,0.05870763212442398,0.540653645992279
ait-train-2017-En-11000,2017-En-11000,@louiseannexx u fucked my house up I'll always hold a grudge,0,negative,train,-3,ordinal_-3_to_3,negative=-3..-1; zero=excluded; positive=1..3,E,ambiguous,0.5177572965621948,C,0.19103403389453888,0.32672327756881714,0.12408624589443207,0.10343577712774277,0.19103403389453888,0.06368666142225266,0.5177572965621948
ait-train-2017-En-11022,2017-En-11022,@rohan_connolly i think your high-profile female colleague would be one in yhat category... #massexodus #bitter,0,negative,train,-3,ordinal_-3_to_3,negative=-3..-1; zero=excluded; positive=1..3,E,ambiguous,0.257793664932251,D,0.23917396366596222,0.018619701266288757,0.11679419130086899,0.15292221307754517,0.23331600427627563,0.23917396366596222,0.257793664932251
ait-train-2017-En-11025,2017-En-11025,Repeal/remove the 'Johnson Amendment'. It is a direct affront to the First Amendment of the Constitution.,0,negative,train,-1,ordinal_-3_to_3,negative=-3..-1; zero=excluded; positive=1..3,E,ambiguous,0.3955875337123871,A,0.21934391558170319,0.1762436181306839,0.21934391558170319,0.18227656185626984,0.17577509582042694,0.02701687626540661,0.3955875337123871
ait-train-2017-En-11026,2017-En-11026,I HATE little girls 😡😡 got a lot off growing up to do!!! #fuming,0,negative,train,-3,ordinal_-3_to_3,negative=-3..-1; zero=excluded; positive=1..3,A,target_directed,0.4702211022377014,E,0.4277379512786865,0.04248315095901489,0.4702211022377014,0.04786526411771774,0.022962501272559166,0.031213250011205673,0.4277379512786865
ait-train-2017-En-11035,2017-En-11035,I wanna kill you and destroy you. I want you died and I want Flint back. #emo #scene #anger #fuck #die #hatered,0,negative,train,-3,ordinal_-3_to_3,negative=-3..-1; zero=excluded; positive=1..3,E,ambiguous,0.9686398506164551,B,0.014573588967323303,0.954066276550293,0.0038418541662395,0.014573588967323303,0.008068696595728397,0.0048761432990431786,0.9686398506164551
ait-train-2017-En-11042,2017-En-11042,ok so i got my madden 17 refunded but now i gotta wait a few days for the money and now gotta pre-order fifa again....,0,negative,train,-2,ordinal_-3_to_3,negative=-3..-1; zero=excluded; positive=1..3,E,ambiguous,0.3169232904911041,C,0.3024720549583435,0.01445123553276062,0.03565920889377594,0.2830173671245575,0.3024720549583435,0.06192804500460625,0.3169232904911041
ait-train-2017-En-11073,2017-En-11073,A black female LEO💙 was shot 8 times and died in Philadelphia --Where's the #outrage black people? @BarackObama #Sharpton #blm #TheFive,0,negative,train,-3,ordinal_-3_to_3,negative=-3..-1; zero=excluded; positive=1..3,E,ambiguous,0.5988196134567261,C,0.1960649937391281,0.40275460481643677,0.0886516347527504,0.0909971371293068,0.1960649937391281,0.025466596707701683,0.5988196134567261
ait-train-2017-En-11083,2017-En-11083,Congrats to #Nicole #bb18 ... Fix that nose now 😒💁🏻 #bitter #petty,0,negative,train,-1,ordinal_-3_to_3,negative=-3..-1; zero=excluded; positive=1..3,E,ambiguous,0.6152107119560242,C,0.20932728052139282,0.40588343143463135,0.03684472665190697,0.08177462965250015,0.20932728052139282,0.05684266611933708,0.6152107119560242
ait-train-2017-En-11104,2017-En-11104,@inthefade going back to blissful ignorance?! ,0,negative,train,-2,ordinal_-3_to_3,negative=-3..-1; zero=excluded; positive=1..3,C,reported_quoted,0.3520958423614502,B,0.29213443398475647,0.059961408376693726,0.0689605250954628,0.29213443398475647,0.3520958423614502,0.12575308978557587,0.16105616092681885
ait-train-2017-En-11107,2017-En-11107,@jonfavs Don King is an insult to the intelligence of the Black Community.  What are these people thinking?,0,negative,train,-3,ordinal_-3_to_3,negative=-3..-1; zero=excluded; positive=1..3,E,ambiguous,0.8739462494850159,B,0.04717903584241867,0.8267672061920166,0.032596979290246964,0.04717903584241867,0.04092181473970413,0.005355951841920614,0.8739462494850159
ait-train-2017-En-11132,2017-En-11132,My irritation level is at an all time high today 🙃,0,negative,train,-3,ordinal_-3_to_3,negative=-3..-1; zero=excluded; positive=1..3,E,ambiguous,0.44375574588775635,B,0.2508346438407898,0.19292110204696655,0.1086379736661911,0.2508346438407898,0.07174850255250931,0.12502318620681763,0.44375574588775635
ait-train-2017-En-11152,2017-En-11152,@kjwinston11 2.  the N-word. But I think all Afr-Am are entitled to it: we shouldn't take away from them the insult they have claimed back.,0,negative,train,-2,ordinal_-3_to_3,negative=-3..-1; zero=excluded; positive=1..3,E,ambiguous,0.3489064872264862,C,0.3391374349594116,0.009769052267074585,0.123675137758255,0.14091074466705322,0.3391374349594116,0.04737018421292305,0.3489064872264862
ait-train-2017-En-11160,2017-En-11160,Ppl like that irritate my soul,0,negative,train,-2,ordinal_-3_to_3,negative=-3..-1; zero=excluded; positive=1..3,B,objectless_general,0.4099443554878235,A,0.187901109457016,0.2220432460308075,0.187901109457016,0.4099443554878235,0.06746806204319,0.16146299242973328,0.17322349548339844
ait-train-2017-En-11175,2017-En-11175,@fixindk @RevoltRazor @dragons1015 Guys don't use that type of language. Save it for raging...,0,negative,train,-2,ordinal_-3_to_3,negative=-3..-1; zero=excluded; positive=1..3,C,reported_quoted,0.3966248631477356,E,0.3768478333950043,0.019777029752731323,0.03835049271583557,0.14112401008605957,0.3966248631477356,0.04705284535884857,0.3768478333950043
ait-train-2017-En-11178,2017-En-11178,My back is starting to irritate me and it's barely 2:19 😓,0,negative,train,-3,ordinal_-3_to_3,negative=-3..-1; zero=excluded; positive=1..3,E,ambiguous,0.4551478922367096,C,0.24078388512134552,0.21436400711536407,0.021572770550847054,0.160465806722641,0.24078388512134552,0.1220296248793602,0.4551478922367096
ait-train-2017-En-11184,2017-En-11184,What a fucking muppet.  @jRwild1  #stalker.,0,negative,train,-2,ordinal_-3_to_3,negative=-3..-1; zero=excluded; positive=1..3,E,ambiguous,0.8670005798339844,C,0.061819106340408325,0.8051815032958984,0.010575779713690281,0.04384124279022217,0.061819106340408325,0.01676325500011444,0.8670005798339844
ait-train-2017-En-11187,2017-En-11187,some of the casuals tweets that Vic has faved are making me gag #bitter,0,negative,train,-3,ordinal_-3_to_3,negative=-3..-1; zero=excluded; positive=1..3,E,ambiguous,0.32219135761260986,C,0.24879026412963867,0.07340109348297119,0.05437394231557846,0.19507557153701782,0.24879026412963867,0.179568812251091,0.32219135761260986
ait-train-2017-En-11206,2017-En-11206,"2 biggest fears: incurable STD's and pregnancy...I mean, they're basically the same thing anyway #forlife #annoying  #weirdsmells",0,negative,train,-2,ordinal_-3_to_3,negative=-3..-1; zero=excluded; positive=1..3,B,objectless_general,0.3830886483192444,C,0.18274803459644318,0.2003406137228012,0.13458377122879028,0.3830886483192444,0.18274803459644318,0.15260173380374908,0.14697778224945068
ait-train-2017-En-11217,2017-En-11217,"She began to squirm beneath @hcllbent, struggling to get out of his relentless grasp. When she realized that the attempt was useless,++",0,negative,train,-2,ordinal_-3_to_3,negative=-3..-1; zero=excluded; positive=1..3,E,ambiguous,0.3280443847179413,B,0.3114416003227234,0.016602784395217896,0.08526381105184555,0.3114416003227234,0.14892540872097015,0.1263248324394226,0.3280443847179413
ait-train-2017-En-11224,2017-En-11224,The ppl on here defending cops as they continue to kill innocent ppl or ppl who aren't innocent but clearly cooperate irritate tf outta me,0,negative,train,-2,ordinal_-3_to_3,negative=-3..-1; zero=excluded; positive=1..3,E,ambiguous,0.349101185798645,B,0.24603457748889923,0.10306660830974579,0.1016068309545517,0.24603457748889923,0.09396056085824966,0.20929688215255737,0.349101185798645
ait-train-2017-En-11229,2017-En-11229,"A 28 yr old man threw a saucepan of boiling water at a garda, &amp; then hit the garda with the shaft of a brush...Letterkenny District Court.",0,negative,train,-2,ordinal_-3_to_3,negative=-3..-1; zero=excluded; positive=1..3,E,ambiguous,0.7975514531135559,C,0.11201927810907364,0.6855321526527405,0.0307388324290514,0.05498771369457245,0.11201927810907364,0.004702727310359478,0.7975514531135559
ait-train-2017-En-11241,2017-En-11241,@mikeburke91 @AP I guess. It's just heartbreaking the ease with which they can kill an innocent man and get away with it. #indignation,0,negative,train,-3,ordinal_-3_to_3,negative=-3..-1; zero=excluded; positive=1..3,E,ambiguous,0.840011477470398,B,0.058346230536699295,0.7816652655601501,0.036225371062755585,0.058346230536699295,0.04826106131076813,0.017155805602669716,0.840011477470398
ait-train-2017-En-11244,2017-En-11244,All options are on the table - #revenge is coming.,0,negative,train,-2,ordinal_-3_to_3,negative=-3..-1; zero=excluded; positive=1..3,E,ambiguous,0.6639015078544617,A,0.13066141307353973,0.5332400798797607,0.13066141307353973,0.09951406717300415,0.06188180297613144,0.04404125735163689,0.6639015078544617
ait-train-2017-En-11264,2017-En-11264,I asked Jared to marry me and he said no. #offended,0,negative,train,-3,ordinal_-3_to_3,negative=-3..-1; zero=excluded; positive=1..3,C,reported_quoted,0.3561456799507141,B,0.2584206461906433,0.0977250337600708,0.10585978627204895,0.2584206461906433,0.3561456799507141,0.04629772529006004,0.23327621817588806
ait-train-2017-En-11268,2017-En-11268,@cassidyyy_0 literally Nicole already had her chance and she played shitty both seasons. ,0,negative,train,-1,ordinal_-3_to_3,negative=-3..-1; zero=excluded; positive=1..3,C,reported_quoted,0.3608493506908417,E,0.3148074448108673,0.046041905879974365,0.06188282370567322,0.22766776382923126,0.3608493506908417,0.034792594611644745,0.3148074448108673
ait-train-2017-En-11276,2017-En-11276,@Bickley_Marotta yea because forcing 5 turnovers and holding a pretty good offense to 7 points is concerning.....oh wait. NO!!,0,negative,train,-2,ordinal_-3_to_3,negative=-3..-1; zero=excluded; positive=1..3,E,ambiguous,0.5191150903701782,C,0.23314331471920013,0.2859717607498169,0.07206796854734421,0.14237989485263824,0.23314331471920013,0.03329376131296158,0.5191150903701782
ait-train-2017-En-11279,2017-En-11279,@AmericanAir I am irate at you check-in system. I have tried to checkin all day and it wouldn't let me do it because I had no seat assigned,0,negative,train,-2,ordinal_-3_to_3,negative=-3..-1; zero=excluded; positive=1..3,E,ambiguous,0.7530221939086914,B,0.12048986554145813,0.6325323581695557,0.0507759191095829,0.12048986554145813,0.045806124806404114,0.029905812814831734,0.7530221939086914
ait-train-2017-En-11300,2017-En-11300,Beyoncé resentment gets me in my feelings every time. 😩,0,negative,train,-3,ordinal_-3_to_3,negative=-3..-1; zero=excluded; positive=1..3,A,target_directed,0.538387656211853,B,0.16968122124671936,0.36870643496513367,0.538387656211853,0.16968122124671936,0.08123478293418884,0.051553498953580856,0.15914283692836761
ait-train-2017-En-11340,2017-En-11340,"#Scorpio's can withdraw to a quiet place after being hurt, only to think of a plan to sting back.",0,negative,train,-2,ordinal_-3_to_3,negative=-3..-1; zero=excluded; positive=1..3,C,reported_quoted,0.5211218595504761,B,0.19721654057502747,0.3239053189754486,0.05501832067966461,0.19721654057502747,0.5211218595504761,0.08143861591815948,0.14520466327667236
ait-train-2017-En-11342,2017-En-11342,@jamiesmart Huh! It's always my fault isn't it &gt;:(  #sulk,0,negative,train,-2,ordinal_-3_to_3,negative=-3..-1; zero=excluded; positive=1..3,C,reported_quoted,0.5806573629379272,B,0.1937885880470276,0.38686877489089966,0.03591401129961014,0.1937885880470276,0.5806573629379272,0.07610264420509338,0.11353739351034164
ait-train-2017-En-11344,2017-En-11344,@Dak2future decorations are up all over Jersey already #outrage,0,negative,train,-3,ordinal_-3_to_3,negative=-3..-1; zero=excluded; positive=1..3,C,reported_quoted,0.2816693186759949,B,0.2203400731086731,0.06132924556732178,0.21990804374217987,0.2203400731086731,0.2816693186759949,0.08693531155586243,0.19114726781845093
ait-train-2017-En-11387,2017-En-11387,"Aidy: *has a physics question*\nAidy: '... ok, I'm not gonna ask Tristan cause I don't wanna aggravate her'",0,negative,train,-2,ordinal_-3_to_3,negative=-3..-1; zero=excluded; positive=1..3,B,objectless_general,0.4151768982410431,C,0.40274032950401306,0.01243656873703003,0.11544383317232132,0.4151768982410431,0.40274032950401306,0.049946222454309464,0.01669262908399105
ait-train-2017-En-11390,2017-En-11390,I'd rather dump gasoline all over myself and run into a burning building than use Excel.,0,negative,train,-2,ordinal_-3_to_3,negative=-3..-1; zero=excluded; positive=1..3,E,ambiguous,0.7589309215545654,C,0.10165147483348846,0.6572794318199158,0.01696746051311493,0.0832606852054596,0.10165147483348846,0.03918938711285591,0.7589309215545654
ait-train-2017-En-11392,2017-En-11392,@EE your website is making me feel violent rage and your upgrade options aren't helping either. #Aaaaarrrrgghhh #iwanttocancel #rage,0,negative,train,-3,ordinal_-3_to_3,negative=-3..-1; zero=excluded; positive=1..3,E,ambiguous,0.8403986692428589,A,0.13344167172908783,0.7069569826126099,0.13344167172908783,0.009356147609651089,0.006453442387282848,0.010350090451538563,0.8403986692428589
ait-train-2017-En-11398,2017-En-11398,@esraalajmy huff btw ty😔,0,negative,train,-2,ordinal_-3_to_3,negative=-3..-1; zero=excluded; positive=1..3,C,reported_quoted,0.35187479853630066,E,0.2819638252258301,0.06991097331047058,0.05640847235918045,0.18862901628017426,0.35187479853630066,0.12112388759851456,0.2819638252258301
ait-train-2017-En-11408,2017-En-11408,@MarkTOByrne I offered @WholeFoods @amazon @CheapAir gold or silver but they said Nah... #bitcoin ,0,negative,train,-1,ordinal_-3_to_3,negative=-3..-1; zero=excluded; positive=1..3,C,reported_quoted,0.3820543885231018,E,0.33139437437057495,0.050660014152526855,0.05393451824784279,0.17554894089698792,0.3820543885231018,0.05706777796149254,0.33139437437057495
ait-train-2017-En-11413,2017-En-11413,#Violence doesn't fix violence. #pain and #anger are the same reaction in the brain. Cure the pain and the anger will go away.,0,negative,train,-2,ordinal_-3_to_3,negative=-3..-1; zero=excluded; positive=1..3,E,ambiguous,0.3254242539405823,C,0.31090542674064636,0.014518827199935913,0.09281474351882935,0.20869460701942444,0.31090542674064636,0.062160924077034,0.3254242539405823
ait-train-2017-En-11424,2017-En-11424,Circle K is dead to me. I hate your new slushie machine.  #livid,0,negative,train,-2,ordinal_-3_to_3,negative=-3..-1; zero=excluded; positive=1..3,E,ambiguous,0.5982667207717896,A,0.20491769909858704,0.3933490216732025,0.20491769909858704,0.06979557126760483,0.020336518064141273,0.10668344795703888,0.5982667207717896
ait-train-2017-En-11426,2017-En-11426,I can see how this will end\nIn all its bitter tragedy\nI'll give you all I have to spend\nAnd you'll give nothing back to me,0,negative,train,-2,ordinal_-3_to_3,negative=-3..-1; zero=excluded; positive=1..3,E,ambiguous,0.6517568230628967,C,0.19443978369235992,0.457317054271698,0.0368577241897583,0.10621551424264908,0.19443978369235992,0.010730179026722908,0.6517568230628967
ait-train-2017-En-11453,2017-En-11453,"@Pharah_Amari [Reyes snarled in frustrated anger, steel claws flexing dangerously. But she uttered those damning words, it seems to snap --",0,negative,train,-2,ordinal_-3_to_3,negative=-3..-1; zero=excluded; positive=1..3,A,target_directed,0.4313960373401642,B,0.3471042215824127,0.08429181575775146,0.4313960373401642,0.3471042215824127,0.1172630786895752,0.003660955699160695,0.10057571530342102
ait-train-2017-En-11457,2017-En-11457,For every minute you are angry you lose sixty seconds of happiness. - Ralph Waldo Emerson #quote,1,positive,train,1,ordinal_-3_to_3,negative=-3..-1; zero=excluded; positive=1..3,A,target_directed,0.46041107177734375,E,0.21794164180755615,0.2424694299697876,0.46041107177734375,0.1620377153158188,0.1371510773897171,0.022458456456661224,0.21794164180755615
ait-train-2017-En-11466,2017-En-11466,"She's foaming at the lips the one between her hips @realobietrice, one of many great lyrics",1,positive,train,1,ordinal_-3_to_3,negative=-3..-1; zero=excluded; positive=1..3,B,objectless_general,0.31125760078430176,E,0.2552071213722229,0.05605047941207886,0.09035266935825348,0.31125760078430176,0.24554264545440674,0.09763994812965393,0.2552071213722229
ait-train-2017-En-11475,2017-En-11475,@BitchestheCat Look at those teef! #growl,0,negative,train,-1,ordinal_-3_to_3,negative=-3..-1; zero=excluded; positive=1..3,E,ambiguous,0.5785936713218689,C,0.16763851046562195,0.41095516085624695,0.08957669883966446,0.11972132325172424,0.16763851046562195,0.04446979612112045,0.5785936713218689
ait-train-2017-En-11477,2017-En-11477,People who go the speed limit irritate me,0,negative,train,-2,ordinal_-3_to_3,negative=-3..-1; zero=excluded; positive=1..3,B,objectless_general,0.5168007016181946,A,0.20034381747245789,0.3164568841457367,0.20034381747245789,0.5168007016181946,0.06167396903038025,0.03709007799625397,0.1840914487838745
ait-train-2017-En-11490,2017-En-11490,He's seriously so frustrating sometimes! (╯°□°）╯︵ ┻━┻ #ugh #raging,0,negative,train,-3,ordinal_-3_to_3,negative=-3..-1; zero=excluded; positive=1..3,E,ambiguous,0.5547866821289062,B,0.22931179404258728,0.32547488808631897,0.07352950423955917,0.22931179404258728,0.09377984702587128,0.048592157661914825,0.5547866821289062
ait-train-2017-En-11514,2017-En-11514,@iAmSJ I'm so mad for our clients I'm furious lmao,0,negative,train,-2,ordinal_-3_to_3,negative=-3..-1; zero=excluded; positive=1..3,E,ambiguous,0.7885051369667053,B,0.07137323915958405,0.7171319127082825,0.03079470992088318,0.07137323915958405,0.06572126597166061,0.04360562562942505,0.7885051369667053
ait-train-2017-En-11527,2017-En-11527,Losing the will 2 live with @virginmedia business bb gone down on hold for 23 minutes &amp; whoever picked up cut me off #fuming #NoWorkForMe,0,negative,train,-3,ordinal_-3_to_3,negative=-3..-1; zero=excluded; positive=1..3,E,ambiguous,0.5682145953178406,B,0.14277306199073792,0.42544153332710266,0.07492479681968689,0.14277306199073792,0.10786741226911545,0.10622020810842514,0.5682145953178406
ait-train-2017-En-11529,2017-En-11529,Now that the n word is normalized by the media? Just wow. No words for this . No. Words. For . This. Frog been boiling in the pot via media.,0,negative,train,-2,ordinal_-3_to_3,negative=-3..-1; zero=excluded; positive=1..3,E,ambiguous,0.6518922448158264,C,0.11744142323732376,0.5344508290290833,0.09838666021823883,0.08481395989656448,0.11744142323732376,0.0474657379090786,0.6518922448158264
ait-train-2017-En-11542,2017-En-11542,I'm not use to getting up early asf this shit goin irritate me.,0,negative,train,-3,ordinal_-3_to_3,negative=-3..-1; zero=excluded; positive=1..3,B,objectless_general,0.44704490900039673,D,0.21895959973335266,0.22808530926704407,0.054734524339437485,0.44704490900039673,0.13247808814048767,0.21895959973335266,0.14678286015987396
ait-train-2017-En-11550,2017-En-11550,@TalkTalkCare  how on earth can I send an email to you? Very annoyed customer!!! ,0,negative,train,-3,ordinal_-3_to_3,negative=-3..-1; zero=excluded; positive=1..3,E,ambiguous,0.8499780297279358,B,0.04707363247871399,0.8029043674468994,0.02371828444302082,0.04707363247871399,0.04624678194522858,0.03298325836658478,0.8499780297279358
ait-train-2017-En-11554,2017-En-11554,Honestly fuming,0,negative,train,-2,ordinal_-3_to_3,negative=-3..-1; zero=excluded; positive=1..3,A,target_directed,0.6670168042182922,E,0.2700275778770447,0.39698922634124756,0.6670168042182922,0.053606607019901276,0.003986142110079527,0.005362866446375847,0.2700275778770447
ait-train-2017-En-11567,2017-En-11567,These people irritate tf out of me I swear 🙄 I'm goin to sleep ✌🏾️,0,negative,train,-3,ordinal_-3_to_3,negative=-3..-1; zero=excluded; positive=1..3,E,ambiguous,0.2977229058742523,B,0.29070860147476196,0.0070143043994903564,0.06324756890535355,0.29070860147476196,0.11616333574056625,0.23215757310390472,0.2977229058742523
ait-train-2017-En-11588,2017-En-11588,"And Republicans, you, namely Graham, Flake, Sasse and others are not safe from my wrath, hence that Hillary Hiney-Kissing ad I saw about you",0,negative,train,-1,ordinal_-3_to_3,negative=-3..-1; zero=excluded; positive=1..3,E,ambiguous,0.6660671234130859,B,0.1406456083059311,0.5254215002059937,0.049430422484874725,0.1406456083059311,0.11374327540397644,0.030113570392131805,0.6660671234130859
ait-train-2017-En-11648,2017-En-11648,Seeing double am so tired but I always grudge getting off my phone at night 🙄,0,negative,train,-2,ordinal_-3_to_3,negative=-3..-1; zero=excluded; positive=1..3,B,objectless_general,0.4227482080459595,D,0.2381015419960022,0.18464666604995728,0.10887762904167175,0.4227482080459595,0.14433768391609192,0.2381015419960022,0.0859348475933075
ait-train-2017-En-11670,2017-En-11670,"@HuffingtonPost huff i know your pro-hillary and so is CNN and MSNBC, but they made no mention of this, this statement would be gold for em",0,negative,train,-2,ordinal_-3_to_3,negative=-3..-1; zero=excluded; positive=1..3,E,ambiguous,0.43283316493034363,C,0.23637951910495758,0.19645364582538605,0.04491737112402916,0.22655346989631653,0.23637951910495758,0.059316497296094894,0.43283316493034363
ait-train-2017-En-11674,2017-En-11674,@lmench i'm actually offended by it.  naming the most fattening sandwich after a man who died of coronary disease likely due to his diet?,0,negative,train,-3,ordinal_-3_to_3,negative=-3..-1; zero=excluded; positive=1..3,E,ambiguous,0.7243714928627014,C,0.11619481444358826,0.6081767082214355,0.06209101155400276,0.07410245388746262,0.11619481444358826,0.02324024960398674,0.7243714928627014
ait-train-2017-En-11678,2017-En-11678,Another loss to city in the cup next 🙈 😂😂 cmon united! ,1,positive,train,1,ordinal_-3_to_3,negative=-3..-1; zero=excluded; positive=1..3,E,ambiguous,0.28580912947654724,B,0.23078346252441406,0.05502566695213318,0.09990870952606201,0.23078346252441406,0.2119808793067932,0.17151778936386108,0.28580912947654724
ait-train-2017-En-11682,2017-En-11682,Like he really just fucking asked me that. ,0,negative,train,-2,ordinal_-3_to_3,negative=-3..-1; zero=excluded; positive=1..3,E,ambiguous,0.9193583726882935,C,0.051965873688459396,0.8673924803733826,0.0018277285853400826,0.02463417872786522,0.051965873688459396,0.002213872969150543,0.9193583726882935
ait-train-2017-En-20025,2017-En-20025,Super shitting it about this tattoo #nervous,0,negative,train,-2,ordinal_-3_to_3,negative=-3..-1; zero=excluded; positive=1..3,E,ambiguous,0.7326785922050476,C,0.09513135254383087,0.6375472545623779,0.02587352879345417,0.07863534241914749,0.09513135254383087,0.06768118590116501,0.7326785922050476
ait-train-2017-En-20031,2017-En-20031,He replied to my comments 4 times now i'm shaking omg,1,positive,train,1,ordinal_-3_to_3,negative=-3..-1; zero=excluded; positive=1..3,E,ambiguous,0.6952217221260071,C,0.1806940734386444,0.5145276784896851,0.008663146756589413,0.09822479635477066,0.1806940734386444,0.017196254804730415,0.6952217221260071
ait-train-2017-En-20042,2017-En-20042,@danisnotonfire you made me cry and shake to the point where my parents had to calm me down and give me calming tablets...,0,negative,train,-3,ordinal_-3_to_3,negative=-3..-1; zero=excluded; positive=1..3,E,ambiguous,0.5987822413444519,A,0.1260458379983902,0.4727364182472229,0.1260458379983902,0.118381567299366,0.11034122109413147,0.04644916206598282,0.5987822413444519
ait-train-2017-En-20048,2017-En-20048,i had a hard time falling a sleep and woke up several times because i was afraid of bugs crawling on me and i ended up waking up with a bite,0,negative,train,-3,ordinal_-3_to_3,negative=-3..-1; zero=excluded; positive=1..3,E,ambiguous,0.3300497829914093,B,0.22511862218379974,0.10493116080760956,0.08925458788871765,0.22511862218379974,0.13112981617450714,0.22444720566272736,0.3300497829914093
ait-train-2017-En-20059,2017-En-20059,I Don't know what make #Pakistan fear more their #terrorist or their #terrorism  #TerrorStatePak,0,negative,train,-2,ordinal_-3_to_3,negative=-3..-1; zero=excluded; positive=1..3,C,reported_quoted,0.30252906680107117,B,0.30079659819602966,0.001732468605041504,0.07828495651483536,0.30079659819602966,0.30252906680107117,0.1037912592291832,0.21459808945655823
ait-train-2017-En-20103,2017-En-20103,"A country that gave safe house to #Osama Bin #Laden is dangerous if not contained. #Pakistan is a #terror heaven, declare so @BanKimoon_amdg",0,negative,train,-2,ordinal_-3_to_3,negative=-3..-1; zero=excluded; positive=1..3,E,ambiguous,0.5182310938835144,C,0.20754453539848328,0.31068655848503113,0.1060466542840004,0.12755657732486725,0.20754453539848328,0.04062112420797348,0.5182310938835144
ait-train-2017-En-20118,2017-En-20118,in my dream....They were trying to steal my kidney!!!  #blackmarket #whydidiwatchthat,0,negative,train,-2,ordinal_-3_to_3,negative=-3..-1; zero=excluded; positive=1..3,E,ambiguous,0.8769167065620422,A,0.044891729950904846,0.8320249915122986,0.044891729950904846,0.031598351895809174,0.03743939846754074,0.00915389135479927,0.8769167065620422
ait-train-2017-En-20128,2017-En-20128,"@nigglydz lydiaaaa, we were the only ones that were supposed to know that you make me nervous 😶",0,negative,train,-2,ordinal_-3_to_3,negative=-3..-1; zero=excluded; positive=1..3,C,reported_quoted,0.4057389795780182,E,0.2455778270959854,0.16016115248203278,0.040820565074682236,0.20307186245918274,0.4057389795780182,0.10479074716567993,0.2455778270959854
ait-train-2017-En-20134,2017-En-20134,I don't know how people can binge watch horror films ...ALONE!😓😰,0,negative,train,-2,ordinal_-3_to_3,negative=-3..-1; zero=excluded; positive=1..3,E,ambiguous,0.837805986404419,C,0.08084189891815186,0.7569640874862671,0.015520858578383923,0.047249194234609604,0.08084189891815186,0.018582025542855263,0.837805986404419
ait-train-2017-En-20154,2017-En-20154,im like 'this is better' in the moment cuz i panic and then later its so obviously not better. at every opportunity i choose to make it seem,1,positive,train,1,ordinal_-3_to_3,negative=-3..-1; zero=excluded; positive=1..3,E,ambiguous,0.4922851622104645,B,0.28144150972366333,0.21084365248680115,0.02507004141807556,0.28144150972366333,0.09742715954780579,0.10377616435289383,0.4922851622104645
ait-train-2017-En-20157,2017-En-20157,It's 5:55am. I'm hungry but there is no food. #panic,0,negative,train,-3,ordinal_-3_to_3,negative=-3..-1; zero=excluded; positive=1..3,C,reported_quoted,0.5551233887672424,B,0.28190186619758606,0.27322152256965637,0.02667042799293995,0.28190186619758606,0.5551233887672424,0.05897330865263939,0.07733095437288284
ait-train-2017-En-20168,2017-En-20168,@megynkelly We should be ignoring these rioters like the current administration ignores #terrorism. This will obviously make it stop.,0,negative,train,-1,ordinal_-3_to_3,negative=-3..-1; zero=excluded; positive=1..3,E,ambiguous,0.5504221320152283,C,0.20480124652385712,0.34562087059020996,0.0408138670027256,0.17193344235420227,0.20480124652385712,0.03202936798334122,0.5504221320152283
ait-train-2017-En-20188,2017-En-20188,Scott Dann injured aka my worst nightmare,0,negative,train,-3,ordinal_-3_to_3,negative=-3..-1; zero=excluded; positive=1..3,C,reported_quoted,0.29352128505706787,E,0.26480692625045776,0.028714358806610107,0.19853901863098145,0.2128465324640274,0.29352128505706787,0.03028627671301365,0.26480692625045776
ait-train-2017-En-20199,2017-En-20199,I can never find the exact #emoji that I'm after at the exact moment that I need it #panic,0,negative,train,-2,ordinal_-3_to_3,negative=-3..-1; zero=excluded; positive=1..3,B,objectless_general,0.446005642414093,D,0.18725953996181488,0.25874608755111694,0.05927541106939316,0.446005642414093,0.14342880249023438,0.18725953996181488,0.16403062641620636
ait-train-2017-En-20210,2017-En-20210,I hate having ideas but being too afraid to share them 😔,0,negative,train,-3,ordinal_-3_to_3,negative=-3..-1; zero=excluded; positive=1..3,A,target_directed,0.5159233808517456,B,0.24603505432605743,0.26988834142684937,0.5159233808517456,0.24603505432605743,0.06055856868624687,0.05777910351753235,0.11970384418964386
ait-train-2017-En-20219,2017-En-20219,And here we go again 😓 #restless,0,negative,train,-1,ordinal_-3_to_3,negative=-3..-1; zero=excluded; positive=1..3,E,ambiguous,0.6298268437385559,C,0.2390511929988861,0.3907756507396698,0.008853692561388016,0.08248099684715271,0.2390511929988861,0.03978718817234039,0.6298268437385559
ait-train-2017-En-20264,2017-En-20264,Set n alarm '@Innocentia_T: I wanna nap but I'm scared I'll wake up tomorrow .',0,negative,train,-1,ordinal_-3_to_3,negative=-3..-1; zero=excluded; positive=1..3,B,objectless_general,0.4667011499404907,D,0.18869635462760925,0.27800479531288147,0.1180255115032196,0.4667011499404907,0.18858841061592102,0.18869635462760925,0.0379885733127594
ait-train-2017-En-20284,2017-En-20284,We're all in D. T. (Discipleship training or detox) for something. #messy  #cutoff #choosefreedom #CryOut16,0,negative,train,-2,ordinal_-3_to_3,negative=-3..-1; zero=excluded; positive=1..3,D,mixed,0.9726065397262573,C,0.011781329289078712,0.9608252048492432,0.0026569480542093515,0.011193938553333282,0.011781329289078712,0.9726065397262573,0.0017613080563023686
ait-train-2017-En-20309,2017-En-20309,Girls with hairy arms scare me,0,negative,train,-2,ordinal_-3_to_3,negative=-3..-1; zero=excluded; positive=1..3,B,objectless_general,0.5392901301383972,C,0.20595954358577728,0.33333057165145874,0.11374273896217346,0.5392901301383972,0.20595954358577728,0.1124422550201416,0.028565306216478348
ait-train-2017-En-20314,2017-En-20314,@Fly_Norwegian quite simply the #worst #airline #worstairline I've ever used! #shocking #appauling #dire #dismal #beyondajoke #useless,0,negative,train,-3,ordinal_-3_to_3,negative=-3..-1; zero=excluded; positive=1..3,E,ambiguous,0.7228711843490601,B,0.0982743352651596,0.6245968341827393,0.09732616692781448,0.0982743352651596,0.05439131334424019,0.027136988937854767,0.7228711843490601
ait-train-2017-En-20317,2017-En-20317,mmmm i'm kinda sad i hope i can shake this before school,0,negative,train,-3,ordinal_-3_to_3,negative=-3..-1; zero=excluded; positive=1..3,B,objectless_general,0.7873343229293823,D,0.10586211085319519,0.6814721822738647,0.05713818222284317,0.7873343229293823,0.043814294040203094,0.10586211085319519,0.005851088557392359
ait-train-2017-En-20327,2017-En-20327,Overtime... #TeamNA #WCH2016 #nervous,0,negative,train,-1,ordinal_-3_to_3,negative=-3..-1; zero=excluded; positive=1..3,C,reported_quoted,0.709720253944397,B,0.18180564045906067,0.5279146432876587,0.03320381045341492,0.18180564045906067,0.709720253944397,0.06165318563580513,0.013617176562547684
ait-train-2017-En-20330,2017-En-20330,We're all in D. T. (Discipleship training or detox) for something. #messy #fearful #cutoff #choosefreedom #CryOut16,0,negative,train,-3,ordinal_-3_to_3,negative=-3..-1; zero=excluded; positive=1..3,D,mixed,0.9769099950790405,C,0.009574822150170803,0.9673351645469666,0.0026702722534537315,0.008678373880684376,0.009574822150170803,0.9769099950790405,0.0021665270905941725
ait-train-2017-En-20338,2017-En-20338,when people hit on me i try to shake them off by talking about how i hide from communism,0,negative,train,-2,ordinal_-3_to_3,negative=-3..-1; zero=excluded; positive=1..3,B,objectless_general,0.35335618257522583,E,0.23400942981243134,0.1193467527627945,0.11208295822143555,0.35335618257522583,0.18110357224941254,0.11944785714149475,0.23400942981243134
ait-train-2017-En-20360,2017-En-20360,@CP24 And I hope when the police met him at the subway that they took him straight to jail 😕 ,0,negative,train,-2,ordinal_-3_to_3,negative=-3..-1; zero=excluded; positive=1..3,C,reported_quoted,0.6332671642303467,E,0.20258818566799164,0.43067896366119385,0.02747255750000477,0.09219252318143845,0.6332671642303467,0.044479552656412125,0.20258818566799164
ait-train-2017-En-20384,2017-En-20384,"@komaebun He just has that way of thinking, he wants absolute hope born from absolute despair.",0,negative,train,-1,ordinal_-3_to_3,negative=-3..-1; zero=excluded; positive=1..3,E,ambiguous,0.5664746165275574,C,0.1619294285774231,0.4045451879501343,0.08349016308784485,0.14967913925647736,0.1619294285774231,0.038426563143730164,0.5664746165275574
ait-train-2017-En-20399,2017-En-20399,PASTOR - 15 FEET away from shooting victim during protest says he is skeptical of official story. #shocking #CharlotteProtest #CharlotteRiot,0,negative,train,-2,ordinal_-3_to_3,negative=-3..-1; zero=excluded; positive=1..3,C,reported_quoted,0.6495789885520935,E,0.16176332533359528,0.4878156781196594,0.035726673901081085,0.14493125677108765,0.6495789885520935,0.007999739609658718,0.16176332533359528
ait-train-2017-En-20407,2017-En-20407,So they #threaten to kill #kapernick for KNEELING. I say every athlete just stop playing until social justice and equality comes forth.,0,negative,train,-2,ordinal_-3_to_3,negative=-3..-1; zero=excluded; positive=1..3,E,ambiguous,0.5872800350189209,C,0.17558401823043823,0.41169601678848267,0.06401215493679047,0.1514344960451126,0.17558401823043823,0.02168933115899563,0.5872800350189209
ait-train-2017-En-20408,2017-En-20408,"@tylerhower Covering Milo might make sense—not much, even at that—but celebrating him as puckish is cooperation in something ghastly.",0,negative,train,-2,ordinal_-3_to_3,negative=-3..-1; zero=excluded; positive=1..3,E,ambiguous,0.39456290006637573,C,0.2860768735408783,0.10848602652549744,0.05569832772016525,0.2282988578081131,0.2860768735408783,0.03536297753453255,0.39456290006637573
ait-train-2017-En-20410,2017-En-20410,@Theresa_Talbot @fleurrbie Haha...sorry about the dreadful puns... I need to get out more....I've been cooped up lately...,0,negative,train,-2,ordinal_-3_to_3,negative=-3..-1; zero=excluded; positive=1..3,C,reported_quoted,0.43008172512054443,B,0.2219337522983551,0.20814797282218933,0.04083113372325897,0.2219337522983551,0.43008172512054443,0.09034505486488342,0.21680839359760284
ait-train-2017-En-20412,2017-En-20412,@ExpressScripts u shd b embrrssd. u jack up my bp meds twice and it will still take 3-5 days? Not express at all. #expressscripts #horrible,0,negative,train,-3,ordinal_-3_to_3,negative=-3..-1; zero=excluded; positive=1..3,E,ambiguous,0.6221293210983276,C,0.24586725234985352,0.3762620687484741,0.012895614840090275,0.10648555308580399,0.24586725234985352,0.012622237205505371,0.6221293210983276
ait-train-2017-En-20423,2017-En-20423,@zavvi @zavvihelp only offering 6 moth warranty #ps4pro #shocking #truth #ripoff,0,negative,train,-2,ordinal_-3_to_3,negative=-3..-1; zero=excluded; positive=1..3,E,ambiguous,0.5349665880203247,C,0.3584662973880768,0.17650029063224792,0.010357175953686237,0.0823841318488121,0.3584662973880768,0.01382582075893879,0.5349665880203247
ait-train-2017-En-20440,2017-En-20440,@ExpressScripts u shd b embrrssd. u jack up my bp meds twice and it will still take 3-5 days? Not express at all. #expressscripts ,0,negative,train,-2,ordinal_-3_to_3,negative=-3..-1; zero=excluded; positive=1..3,E,ambiguous,0.5963998436927795,C,0.2728002965450287,0.32359954714775085,0.014926363714039326,0.10456722229719162,0.2728002965450287,0.01130627654492855,0.5963998436927795
ait-train-2017-En-20456,2017-En-20456,If I was friends with me I'd hate me SO MUCH with the amount I bully them,0,negative,train,-2,ordinal_-3_to_3,negative=-3..-1; zero=excluded; positive=1..3,E,ambiguous,0.45941242575645447,B,0.26368606090545654,0.19572636485099792,0.04669754579663277,0.26368606090545654,0.08672419935464859,0.14347988367080688,0.45941242575645447
ait-train-2017-En-20462,2017-En-20462,@realDonaldTrump She blamed Benghazi on a YouTube video. She blamed emails on #ColinPowell. Now she blames #terrorism on you. #weakHillary,0,negative,train,-2,ordinal_-3_to_3,negative=-3..-1; zero=excluded; positive=1..3,E,ambiguous,0.3972092866897583,C,0.30143657326698303,0.09577271342277527,0.09095276892185211,0.1814848929643631,0.30143657326698303,0.02891651540994644,0.3972092866897583
ait-train-2017-En-20518,2017-En-20518,Hope was an instinct only the reasoning human mind could kill. An animal never knew despair.,0,negative,train,-1,ordinal_-3_to_3,negative=-3..-1; zero=excluded; positive=1..3,E,ambiguous,0.3800801634788513,A,0.20926180481910706,0.17081835865974426,0.20926180481910706,0.2019372284412384,0.1476522535085678,0.06106848269701004,0.3800801634788513
ait-train-2017-En-20522,2017-En-20522,@williamcontrol just preordered The Pale EP... Would have paid for the phone call... But I would have freaked out and not said anything ,0,negative,train,-1,ordinal_-3_to_3,negative=-3..-1; zero=excluded; positive=1..3,B,objectless_general,0.3503621518611908,C,0.2579090893268585,0.09245306253433228,0.09135925769805908,0.3503621518611908,0.2579090893268585,0.12701334059238434,0.17335619032382965
ait-train-2017-En-20548,2017-En-20548,@hotpatooties more like quickie divorce #awful,0,negative,train,-3,ordinal_-3_to_3,negative=-3..-1; zero=excluded; positive=1..3,E,ambiguous,0.3260507881641388,B,0.24485792219638824,0.08119286596775055,0.1074090376496315,0.24485792219638824,0.2309247851371765,0.09075751155614853,0.3260507881641388
ait-train-2017-En-20592,2017-En-20592,@Rocks_n_Ropes Can't believe how rude your cashier was today when I was returning an item!  Your customer service is slacking. ,0,negative,train,-3,ordinal_-3_to_3,negative=-3..-1; zero=excluded; positive=1..3,E,ambiguous,0.5065498948097229,B,0.23382265865802765,0.27272725105285645,0.05936267971992493,0.23382265865802765,0.16837921738624573,0.031885530799627304,0.5065498948097229
ait-train-2017-En-20593,2017-En-20593,And here we go again 😓 ,0,negative,train,-2,ordinal_-3_to_3,negative=-3..-1; zero=excluded; positive=1..3,E,ambiguous,0.7635674476623535,C,0.19853948056697845,0.5650279521942139,0.001383972354233265,0.027165651321411133,0.19853948056697845,0.009343519806861877,0.7635674476623535
ait-train-2017-En-20600,2017-En-20600,"Anytime @perezed gets near a mic, someone needs to smack him w a bat. @BBTN #awful #marblesinmouth",0,negative,train,-2,ordinal_-3_to_3,negative=-3..-1; zero=excluded; positive=1..3,E,ambiguous,0.6478263139724731,C,0.17341716587543488,0.47440916299819946,0.011326988227665424,0.14693181216716766,0.17341716587543488,0.020497698336839676,0.6478263139724731
ait-train-2017-En-20602,2017-En-20602,3:45am and off to the hospital! Elouise's waters have gone!  #Labour #LittleSister #superexcited,1,positive,train,3,ordinal_-3_to_3,negative=-3..-1; zero=excluded; positive=1..3,C,reported_quoted,0.4037635028362274,E,0.3014753758907318,0.1022881269454956,0.11275351047515869,0.13027748465538025,0.4037635028362274,0.05173024907708168,0.3014753758907318
ait-train-2017-En-20614,2017-En-20614,"@RealMichaelKay Annoys me to about the Ortiz tribute too, how would the Oriole fans and organization feel if Yanks did that to them? #awful",0,negative,train,-3,ordinal_-3_to_3,negative=-3..-1; zero=excluded; positive=1..3,E,ambiguous,0.4806894063949585,B,0.18381240963935852,0.2968769967556,0.0705559253692627,0.18381240963935852,0.1593511998653412,0.10559103637933731,0.4806894063949585
ait-train-2017-En-20618,2017-En-20618,Obama admin rejects Texas plan to have refugees vetted for terrorism so Texas pulls of of fed refugee resettlement program. Aiding .,0,negative,train,-2,ordinal_-3_to_3,negative=-3..-1; zero=excluded; positive=1..3,A,target_directed,0.7403861880302429,E,0.14120307564735413,0.5991830825805664,0.7403861880302429,0.054495248943567276,0.05000269040465355,0.01391281746327877,0.14120307564735413
ait-train-2017-En-20620,2017-En-20620,"@David_Stepp Any other election, fine vote 3rd party as useless as it is but not this one. I hesitate to say it'd be selfish but...",0,negative,train,-2,ordinal_-3_to_3,negative=-3..-1; zero=excluded; positive=1..3,C,reported_quoted,0.5328847765922546,B,0.23609934747219086,0.2967854142189026,0.026421187445521355,0.23609934747219086,0.5328847765922546,0.08364713937044144,0.12094753980636597
ait-train-2017-En-20623,2017-En-20623,broken policy' #blasio &lt;&gt; #trump #giuliani 'broken windows' all part of 'pecking order' #bully politics #america RESIST #motto,0,negative,train,-2,ordinal_-3_to_3,negative=-3..-1; zero=excluded; positive=1..3,E,ambiguous,0.4986410140991211,C,0.2888936400413513,0.20974737405776978,0.07823069393634796,0.11196094751358032,0.2888936400413513,0.022273685783147812,0.4986410140991211
ait-train-2017-En-20653,2017-En-20653,The 'banter' from Craigen and Sutton on BT is fucking horrid,0,negative,train,-3,ordinal_-3_to_3,negative=-3..-1; zero=excluded; positive=1..3,E,ambiguous,0.6411780714988708,B,0.12443063408136368,0.5167474150657654,0.11630265414714813,0.12443063408136368,0.08808185160160065,0.0300068911164999,0.6411780714988708
ait-train-2017-En-20685,2017-En-20685,"In my room 101 would go  Russell Howard,Tom Odell,Michael Buble!!! #pants #nogood #dire",0,negative,train,-3,ordinal_-3_to_3,negative=-3..-1; zero=excluded; positive=1..3,C,reported_quoted,0.47697126865386963,B,0.22520945966243744,0.251761794090271,0.07302659004926682,0.22520945966243744,0.47697126865386963,0.040438950061798096,0.184353768825531
ait-train-2017-En-20696,2017-En-20696,Heard of panic! At the disco? How about Kach-ing! at the ATM,0,negative,train,-1,ordinal_-3_to_3,negative=-3..-1; zero=excluded; positive=1..3,E,ambiguous,0.7203880548477173,B,0.11726437509059906,0.603123664855957,0.06449512392282486,0.11726437509059906,0.04542466625571251,0.05242766812443733,0.7203880548477173
ait-train-2017-En-20697,2017-En-20697,Can we start a 'get Chris Sutton off our tv campaign? Spread the work #terrible #pundit #noclue,0,negative,train,-2,ordinal_-3_to_3,negative=-3..-1; zero=excluded; positive=1..3,E,ambiguous,0.41694241762161255,B,0.21208591759204865,0.2048565000295639,0.0483805350959301,0.21208591759204865,0.19395281374454498,0.12863832712173462,0.41694241762161255
ait-train-2017-En-20711,2017-En-20711,"@GlobeChadFinn Sadly, not enough names.  The whole farewell tour situation would make me shy away from good value b et.",0,negative,train,-2,ordinal_-3_to_3,negative=-3..-1; zero=excluded; positive=1..3,C,reported_quoted,0.36761751770973206,B,0.344994455575943,0.022623062133789062,0.10010425746440887,0.344994455575943,0.36761751770973206,0.09137938916683197,0.09590442478656769
ait-train-2017-En-20726,2017-En-20726,@SueWallace78 peanut butter???? You some kinda pervert?? ,0,negative,train,-2,ordinal_-3_to_3,negative=-3..-1; zero=excluded; positive=1..3,E,ambiguous,0.9313248991966248,C,0.041085436940193176,0.8902394771575928,0.0007892244029790163,0.02503080666065216,0.041085436940193176,0.001769557478837669,0.9313248991966248
ait-train-2017-En-20754,2017-En-20754,"What do Aquila, Ajahnae, and Euriechsa have in common besides ridiculously stupid,horrible,ugly, God awful names? Tracey IS NOT their father",0,negative,train,-2,ordinal_-3_to_3,negative=-3..-1; zero=excluded; positive=1..3,E,ambiguous,0.3217715322971344,B,0.3083852529525757,0.013386279344558716,0.08482512086629868,0.3083852529525757,0.24710874259471893,0.0379093773663044,0.3217715322971344
ait-train-2017-En-20759,2017-En-20759,@BossUpJaee but your pussy was weak from what I heard so stfu up to me bitch . You got to threaten him that your pregnant .,0,negative,train,-2,ordinal_-3_to_3,negative=-3..-1; zero=excluded; positive=1..3,E,ambiguous,0.9457991719245911,C,0.03887774050235748,0.9069214463233948,0.0007336911512538791,0.012887817807495594,0.03887774050235748,0.0017015642952173948,0.9457991719245911
ait-train-2017-En-20775,2017-En-20775,"A liar an a bully for president? They say every vote matter , well  I'm sorry you'll not get my vote until the year 2020",0,negative,train,-2,ordinal_-3_to_3,negative=-3..-1; zero=excluded; positive=1..3,E,ambiguous,0.5035256147384644,B,0.2515121400356293,0.2520134747028351,0.052939072251319885,0.2515121400356293,0.11584281176328659,0.0761803686618805,0.5035256147384644
ait-train-2017-En-20797,2017-En-20797,Got to be up in 4 hours to go back to work #cantsleep #excited ,1,positive,train,2,ordinal_-3_to_3,negative=-3..-1; zero=excluded; positive=1..3,C,reported_quoted,0.9871314764022827,B,0.00542592303827405,0.9817055463790894,0.0004564858099911362,0.00542592303827405,0.9871314764022827,0.004504249896854162,0.0024818668607622385
ait-train-2017-En-20811,2017-En-20811,@SueWallace78 peanut butter???? You some kinda pervert?? #awful,0,negative,train,-3,ordinal_-3_to_3,negative=-3..-1; zero=excluded; positive=1..3,E,ambiguous,0.8485015034675598,C,0.0867331400513649,0.7617683410644531,0.007579163182526827,0.05166788399219513,0.0867331400513649,0.00551834050565958,0.8485015034675598
ait-train-2017-En-20823,2017-En-20823,I really hate Mel and Sue. They think they're hilarious and they're just awful,0,negative,train,-2,ordinal_-3_to_3,negative=-3..-1; zero=excluded; positive=1..3,A,target_directed,0.3847472667694092,E,0.2829032242298126,0.10184404253959656,0.3847472667694092,0.23247650265693665,0.04347391054034233,0.05639909207820892,0.2829032242298126
ait-train-2017-En-20839,2017-En-20839,Just want Saturday to be over but then again I want to do good #LSAT ,0,negative,train,-1,ordinal_-3_to_3,negative=-3..-1; zero=excluded; positive=1..3,B,objectless_general,0.4924822747707367,D,0.18986015021800995,0.30262213945388794,0.06773081421852112,0.4924822747707367,0.10409808903932571,0.18986015021800995,0.1458287090063095
ait-train-2017-En-20857,2017-En-20857,"@ltsukis im love you, even if you bully me sadly",0,negative,train,-1,ordinal_-3_to_3,negative=-3..-1; zero=excluded; positive=1..3,E,ambiguous,0.31757408380508423,B,0.22944135963916779,0.08813272416591644,0.12626442313194275,0.22944135963916779,0.11893433332443237,0.2077857106924057,0.31757408380508423
ait-train-2017-En-20861,2017-En-20861,Jeans with fake pockets #horrible,0,negative,train,-2,ordinal_-3_to_3,negative=-3..-1; zero=excluded; positive=1..3,C,reported_quoted,0.35596558451652527,B,0.31230443716049194,0.043661147356033325,0.13386905193328857,0.31230443716049194,0.35596558451652527,0.03682785853743553,0.16103306412696838
ait-train-2017-En-20866,2017-En-20866,The most important characteristic of leadership is the lack of #fear.  #activism #equity #revolution,1,positive,train,1,ordinal_-3_to_3,negative=-3..-1; zero=excluded; positive=1..3,A,target_directed,0.3177880346775055,E,0.28261634707450867,0.035171687602996826,0.3177880346775055,0.145748108625412,0.2275269329547882,0.026320578530430794,0.28261634707450867
ait-train-2017-En-20871,2017-En-20871,You don't know what to expect by Brendon's video lmao LA devotee video got me shook ,1,positive,train,1,ordinal_-3_to_3,negative=-3..-1; zero=excluded; positive=1..3,E,ambiguous,0.3873869478702545,B,0.2662184536457062,0.12116849422454834,0.07844197005033493,0.2662184536457062,0.1133626326918602,0.1545899659395218,0.3873869478702545
ait-train-2017-En-20885,2017-En-20885,the ending of how I met your mother is dreadful,0,negative,train,-2,ordinal_-3_to_3,negative=-3..-1; zero=excluded; positive=1..3,E,ambiguous,0.5906070470809937,B,0.14379124343395233,0.4468157887458801,0.11827471107244492,0.14379124343395233,0.12195306271314621,0.025373931974172592,0.5906070470809937
ait-train-2017-En-20892,2017-En-20892,@MichaelSalfino It still destroys Fear The Walking Dead. That show is horrible,0,negative,train,-3,ordinal_-3_to_3,negative=-3..-1; zero=excluded; positive=1..3,E,ambiguous,0.5952216982841492,B,0.15218134224414825,0.4430403709411621,0.0779765322804451,0.15218134224414825,0.10522972047328949,0.0693906843662262,0.5952216982841492
ait-train-2017-En-20918,2017-En-20918,@LmRyle @tomcolicchio @realDonaldTrump @HillaryClinton @ajjaffe I understand your concerns but look at her foundation contributions ,0,negative,train,-2,ordinal_-3_to_3,negative=-3..-1; zero=excluded; positive=1..3,B,objectless_general,0.37825754284858704,C,0.3210419714450836,0.05721557140350342,0.06636357307434082,0.37825754284858704,0.3210419714450836,0.11062879860401154,0.12370804697275162
ait-train-2017-En-20929,2017-En-20929,@Mickeyplyler @QualkTalk the refs are in GT's favor tonight. #terrible,0,negative,train,-2,ordinal_-3_to_3,negative=-3..-1; zero=excluded; positive=1..3,C,reported_quoted,0.6281611323356628,B,0.2717750668525696,0.35638606548309326,0.03692837432026863,0.2717750668525696,0.6281611323356628,0.0088717732578516,0.0542636513710022
ait-train-2017-En-20933,2017-En-20933,@eugenelaverty @WorldSBK all the best Moto GP is loosing a very talented rider ,0,negative,train,-2,ordinal_-3_to_3,negative=-3..-1; zero=excluded; positive=1..3,C,reported_quoted,0.38273748755455017,E,0.324293315410614,0.05844417214393616,0.032784245908260345,0.1927143931388855,0.38273748755455017,0.06747063994407654,0.324293315410614
ait-train-2017-En-20998,2017-En-20998,Swear all of my guy friends are scaredy cats. You don't do horror movies. You don't do haunted houses. Wtf do you do then?,0,negative,train,-2,ordinal_-3_to_3,negative=-3..-1; zero=excluded; positive=1..3,E,ambiguous,0.38426873087882996,B,0.2715192437171936,0.11274948716163635,0.040583983063697815,0.2715192437171936,0.2601124048233032,0.04351560026407242,0.38426873087882996
ait-train-2017-En-21015,2017-En-21015,#nana 4 hoco bc my dream since freshman year awe 😙❤❤❤ @thecandeyman,1,positive,train,2,ordinal_-3_to_3,negative=-3..-1; zero=excluded; positive=1..3,B,objectless_general,0.2586394250392914,C,0.25313231348991394,0.005507111549377441,0.15887819230556488,0.2586394250392914,0.25313231348991394,0.2195860892534256,0.10976388305425644
ait-train-2017-En-21020,2017-En-21020,Solid starts by #Bozzelli and #BenEvans. Hoping for a good #start !,1,positive,train,2,ordinal_-3_to_3,negative=-3..-1; zero=excluded; positive=1..3,A,target_directed,0.34195876121520996,B,0.28444162011146545,0.05751714110374451,0.34195876121520996,0.28444162011146545,0.17788159847259521,0.08865045756101608,0.10706757009029388
ait-train-2017-En-21033,2017-En-21033,@TheOnlySweeney their slogan should've been #start instead of #finish,0,negative,train,-2,ordinal_-3_to_3,negative=-3..-1; zero=excluded; positive=1..3,E,ambiguous,0.3488108515739441,B,0.307028204202652,0.041782647371292114,0.08070094883441925,0.307028204202652,0.19663451611995697,0.0668255165219307,0.3488108515739441
ait-train-2017-En-21062,2017-En-21062,"And I would advise that everyone wait to watch @KevinCanWaitCBS ,or actually don't wait, just don't even watch it because it is #awful",0,negative,train,-3,ordinal_-3_to_3,negative=-3..-1; zero=excluded; positive=1..3,E,ambiguous,0.6093480587005615,B,0.15510724484920502,0.4542407989501953,0.054228149354457855,0.15510724484920502,0.1530168354511261,0.028299761936068535,0.6093480587005615
ait-train-2017-En-21089,2017-En-21089,@Zen1dfabflake You are all our angelic comrades! ,1,positive,train,1,ordinal_-3_to_3,negative=-3..-1; zero=excluded; positive=1..3,E,ambiguous,0.4261629283428192,A,0.34710627794265747,0.07905665040016174,0.34710627794265747,0.14956815540790558,0.04630604758858681,0.0308565404266119,0.4261629283428192
ait-train-2017-En-21094,2017-En-21094,@pixietangerine @hatersbackoff im so exited!! I am shaking so much 😍😍 and im so pround of Colleen and the fandom! Everyone is amazing 😍,1,positive,train,3,ordinal_-3_to_3,negative=-3..-1; zero=excluded; positive=1..3,E,ambiguous,0.6571930646896362,A,0.19527339935302734,0.4619196653366089,0.19527339935302734,0.0582604855298996,0.009221400134265423,0.08005158603191376,0.6571930646896362
ait-train-2017-En-21103,2017-En-21103,"@turoturok  We're glad to hear that everything is resolved. If you need anything else, please do not hesitate to reach out to us.  TY!",1,positive,train,1,ordinal_-3_to_3,negative=-3..-1; zero=excluded; positive=1..3,C,reported_quoted,0.5634291172027588,B,0.31329721212387085,0.25013190507888794,0.05380389094352722,0.31329721212387085,0.5634291172027588,0.01860601268708706,0.05086370185017586
ait-train-2017-En-21112,2017-En-21112,"Study finds #awe &amp; #wonder of something greater than self, leads to #creative boosts of expansive thinking. @outsideonline #write #thoreau",1,positive,train,1,ordinal_-3_to_3,negative=-3..-1; zero=excluded; positive=1..3,A,target_directed,0.34824055433273315,B,0.24190568923950195,0.1063348650932312,0.34824055433273315,0.24190568923950195,0.16965351998806,0.03826044127345085,0.20193980634212494
ait-train-2017-En-21147,2017-En-21147,I know this is going to be one of those nights where it takes an Act of God to fall asleep. ,0,negative,train,-2,ordinal_-3_to_3,negative=-3..-1; zero=excluded; positive=1..3,C,reported_quoted,0.35847485065460205,B,0.2563541829586029,0.10212066769599915,0.12309043854475021,0.2563541829586029,0.35847485065460205,0.041200652718544006,0.22087986767292023
ait-train-2017-En-21150,2017-En-21150,@1johndes ball watching &amp; Rojo'd header was equally dreadful!!,0,negative,train,-2,ordinal_-3_to_3,negative=-3..-1; zero=excluded; positive=1..3,E,ambiguous,0.5557911396026611,B,0.16111324727535248,0.39467787742614746,0.07533545792102814,0.16111324727535248,0.13684147596359253,0.07091866433620453,0.5557911396026611
ait-train-2017-En-21160,2017-En-21160,"Honestly, there are some awful people on the internet... smh...",0,negative,train,-3,ordinal_-3_to_3,negative=-3..-1; zero=excluded; positive=1..3,E,ambiguous,0.34246212244033813,B,0.25282609462738037,0.08963602781295776,0.07924056798219681,0.25282609462738037,0.2022714912891388,0.12319973856210709,0.34246212244033813
ait-train-2017-En-21198,2017-En-21198,#Awareness seek #shelter .#Letgo Old #habit of chasing #desires resultin in #anger #fear #worry .#Choose #Satisfaction within #Peace #Relax,0,negative,train,-1,ordinal_-3_to_3,negative=-3..-1; zero=excluded; positive=1..3,C,reported_quoted,0.421172171831131,E,0.337703675031662,0.083468496799469,0.06387923657894135,0.11097821593284607,0.421172171831131,0.066266730427742,0.337703675031662
ait-train-2017-En-21222,2017-En-21222,Thanks for ripping me off again #Luthansa €400 not enough for a one way flight to man from Frk then €30 for a bag then free at gate ,0,negative,train,-2,ordinal_-3_to_3,negative=-3..-1; zero=excluded; positive=1..3,E,ambiguous,0.5376163125038147,B,0.252431720495224,0.2851845920085907,0.04181491211056709,0.252431720495224,0.14800940454006195,0.0201276745647192,0.5376163125038147
ait-train-2017-En-21272,2017-En-21272,@JamesPiotr I am working on a feature right now about the preponderance of awful owners who are at war with fans. So many to choose from.,0,negative,train,-2,ordinal_-3_to_3,negative=-3..-1; zero=excluded; positive=1..3,E,ambiguous,0.3702070415019989,B,0.24188269674777985,0.12832434475421906,0.15443302690982819,0.24188269674777985,0.1723031997680664,0.06117408722639084,0.3702070415019989
ait-train-2017-En-21289,2017-En-21289,@RussiaInsider Really sad &amp; surprising. 1 side #Russia fighting against #IS &amp; on the other supporting #Pak which is epic centre 4 ,0,negative,train,-2,ordinal_-3_to_3,negative=-3..-1; zero=excluded; positive=1..3,B,objectless_general,0.3648482859134674,D,0.17280162870883942,0.192046657204628,0.16622038185596466,0.3648482859134674,0.1508030742406845,0.17280162870883942,0.1453266143798828
ait-train-2017-En-21313,2017-En-21313,@CNN please fire don lemon!!Do not let him report on anymore  protest. He is #horrible #negative and runs away from the issue at hand!,0,negative,train,-3,ordinal_-3_to_3,negative=-3..-1; zero=excluded; positive=1..3,E,ambiguous,0.953322172164917,B,0.020066045224666595,0.9332561492919922,0.0045082238502800465,0.020066045224666595,0.012287882156670094,0.009815738536417484,0.953322172164917
ait-train-2017-En-21318,2017-En-21318,I can never find the exact #emoji that I'm after at the exact moment that I need it #nuclear #missiles.\n\n#IndianArmy ,0,negative,train,-2,ordinal_-3_to_3,negative=-3..-1; zero=excluded; positive=1..3,E,ambiguous,0.4675300717353821,C,0.2500256299972534,0.21750444173812866,0.10061029344797134,0.15569932758808136,0.2500256299972534,0.026134615764021873,0.4675300717353821
ait-train-2017-En-21335,2017-En-21335,"@HillaryClinton evidently @realDonaldTrump feels above #norms. SHOW the #tax return, if you have nothing to ",0,negative,train,-1,ordinal_-3_to_3,negative=-3..-1; zero=excluded; positive=1..3,E,ambiguous,0.4919480085372925,C,0.250312477350235,0.2416355311870575,0.05906425043940544,0.12000323832035065,0.250312477350235,0.07867197692394257,0.4919480085372925
ait-train-2017-En-21343,2017-En-21343,"God, I've been so physically weak the whole day. So much shaking :(",0,negative,train,-3,ordinal_-3_to_3,negative=-3..-1; zero=excluded; positive=1..3,B,objectless_general,0.37391799688339233,D,0.3039601147174835,0.06995788216590881,0.03199277073144913,0.37391799688339233,0.26456257700920105,0.3039601147174835,0.025566525757312775
ait-train-2017-En-21352,2017-En-21352,@dish_answers I've contacted @dish @dish_answers  #service #whathappenedtocustomerservice,0,negative,train,-2,ordinal_-3_to_3,negative=-3..-1; zero=excluded; positive=1..3,C,reported_quoted,0.47709909081459045,B,0.2538202702999115,0.22327882051467896,0.062140028923749924,0.2538202702999115,0.47709909081459045,0.06290789693593979,0.1440327763557434
ait-train-2017-En-21353,2017-En-21353,@ManUtd Rooney needs to come off! Absolutely dreadful! 🙈🙈🙈 class goal from @carras16 @carras16 showing why he should be in the team!!,0,negative,train,-2,ordinal_-3_to_3,negative=-3..-1; zero=excluded; positive=1..3,E,ambiguous,0.7630351781845093,A,0.08751324564218521,0.6755219101905823,0.08751324564218521,0.07218841463327408,0.056552715599536896,0.020710354670882225,0.7630351781845093
ait-train-2017-En-21357,2017-En-21357,@sandrosmom The horror!,0,negative,train,-2,ordinal_-3_to_3,negative=-3..-1; zero=excluded; positive=1..3,E,ambiguous,0.7954718470573425,B,0.07995495945215225,0.7155168652534485,0.07411979138851166,0.07995495945215225,0.03883204609155655,0.01162137370556593,0.7954718470573425
ait-train-2017-En-21365,2017-En-21365,@comcast you charge 150 extra for sending someone out and your cable service still doesn't work. That's robbery. #cable  #service,0,negative,train,-3,ordinal_-3_to_3,negative=-3..-1; zero=excluded; positive=1..3,E,ambiguous,0.8694148063659668,B,0.05869683250784874,0.8107179999351501,0.020793437957763672,0.05869683250784874,0.043301139026880264,0.007793732453137636,0.8694148063659668
ait-train-2017-En-21366,2017-En-21366,@comcast you charge 150 extra for sending someone out and your cable service still doesn't work. That's robbery.  #cable #horrible #service,0,negative,train,-3,ordinal_-3_to_3,negative=-3..-1; zero=excluded; positive=1..3,E,ambiguous,0.8575624227523804,B,0.062345363199710846,0.7952170372009277,0.02616613730788231,0.062345363199710846,0.04247993603348732,0.01144612766802311,0.8575624227523804
ait-train-2017-En-21375,2017-En-21375,@TamraBarney @ShannonBeador @RHOC_KellyDodd Tamra would F her up if she swung on Tamra\nKelly is a piece of 💩 #needstobeadmitted ,0,negative,train,-2,ordinal_-3_to_3,negative=-3..-1; zero=excluded; positive=1..3,E,ambiguous,0.641946017742157,C,0.1577233374118805,0.4842226803302765,0.06351969391107559,0.07777060568332672,0.1577233374118805,0.05904030427336693,0.641946017742157
ait-train-2017-En-21384,2017-En-21384,Caballero having a nightmare #sweeperkeepernot,0,negative,train,-2,ordinal_-3_to_3,negative=-3..-1; zero=excluded; positive=1..3,C,reported_quoted,0.5024756789207458,B,0.2598568797111511,0.24261879920959473,0.12579718232154846,0.2598568797111511,0.5024756789207458,0.03222842514514923,0.0796419158577919
ait-train-2017-En-21438,2017-En-21438,watching my first Cage of Death and my word this is tremendous,1,positive,train,2,ordinal_-3_to_3,negative=-3..-1; zero=excluded; positive=1..3,A,target_directed,0.4310331642627716,B,0.263868510723114,0.1671646535396576,0.4310331642627716,0.263868510723114,0.061892010271549225,0.09564726054668427,0.1475590467453003
ait-train-2017-En-21456,2017-En-21456,"@tariqmateen but sadly he missed some crucial and important points. Indian terrorism in pk,  kal Boshan,  etc..  Raw involvement",0,negative,train,-2,ordinal_-3_to_3,negative=-3..-1; zero=excluded; positive=1..3,C,reported_quoted,0.5333499908447266,E,0.2238413393497467,0.30950865149497986,0.045364368706941605,0.17474927008152008,0.5333499908447266,0.022694984450936317,0.2238413393497467
ait-train-2017-En-21491,2017-En-21491,#ArchangelSummit @sethgodin  Anyone can be brave but you just have to last 5 mins longer than everyone else. #leadership #fear,0,negative,train,-2,ordinal_-3_to_3,negative=-3..-1; zero=excluded; positive=1..3,C,reported_quoted,0.45056653022766113,B,0.23057545721530914,0.219991073012352,0.08725905418395996,0.23057545721530914,0.45056653022766113,0.014949976466596127,0.21664896607398987
ait-train-2017-En-21495,2017-En-21495,0 excitement for this weekend just pure dread,0,negative,train,-1,ordinal_-3_to_3,negative=-3..-1; zero=excluded; positive=1..3,B,objectless_general,0.41916850209236145,E,0.20861779153347015,0.2105507105588913,0.10394241660833359,0.41916850209236145,0.12281470000743866,0.14545658230781555,0.20861779153347015
ait-train-2017-En-21518,2017-En-21518,i'm... nervous about this test rip,0,negative,train,-2,ordinal_-3_to_3,negative=-3..-1; zero=excluded; positive=1..3,B,objectless_general,0.584976315498352,A,0.15240326523780823,0.4325730502605438,0.15240326523780823,0.584976315498352,0.14984771609306335,0.026186257600784302,0.08658652752637863
ait-train-2017-En-21527,2017-En-21527,"Does this blow your mind as much as it blew mine, or did I just sexually harass someone? #WHOA #Mindblown #huh #setback #fright #madashell 😂",1,positive,train,2,ordinal_-3_to_3,negative=-3..-1; zero=excluded; positive=1..3,E,ambiguous,0.8911221623420715,B,0.055038705468177795,0.8360834717750549,0.013974240981042385,0.055038705468177795,0.027102461084723473,0.012762409634888172,0.8911221623420715
ait-train-2017-En-21530,2017-En-21530,"Ok this movie was good in it's time, and whilst we were young... 😂 Still enjoy a shy Ethan Hawk #BeforeSunrise",1,positive,train,2,ordinal_-3_to_3,negative=-3..-1; zero=excluded; positive=1..3,B,objectless_general,0.5298858284950256,D,0.1534840166568756,0.37640181183815,0.09265291690826416,0.5298858284950256,0.13270246982574463,0.1534840166568756,0.09127476811408997
ait-train-2017-En-21557,2017-En-21557,Have the producers of @soverybritish ever been outside of their country? These are universal problems. #worldwide #anxiety,0,negative,train,-2,ordinal_-3_to_3,negative=-3..-1; zero=excluded; positive=1..3,C,reported_quoted,0.3993789553642273,B,0.32005664706230164,0.07932230830192566,0.07429907470941544,0.32005664706230164,0.3993789553642273,0.03899991884827614,0.1672654002904892
ait-train-2017-En-21567,2017-En-21567,Not sure if thats an accomplishment or something to worry about,0,negative,train,-1,ordinal_-3_to_3,negative=-3..-1; zero=excluded; positive=1..3,E,ambiguous,0.41072168946266174,B,0.2631402611732483,0.14758142828941345,0.018311478197574615,0.2631402611732483,0.09601191431283951,0.21181455254554749,0.41072168946266174
ait-train-2017-En-21582,2017-En-21582,I would just give her with their naked body. ,0,negative,train,-1,ordinal_-3_to_3,negative=-3..-1; zero=excluded; positive=1..3,E,ambiguous,0.7957044839859009,C,0.13685064017772675,0.6588538289070129,0.0055750212632119656,0.04668201878666878,0.13685064017772675,0.015187785029411316,0.7957044839859009
ait-train-2017-En-21627,2017-En-21627,Whenever you are confronted by a wild animal or hostile individual remember that they can smell #fear or the fact you #poop your pants.,0,negative,train,-2,ordinal_-3_to_3,negative=-3..-1; zero=excluded; positive=1..3,C,reported_quoted,0.3046441078186035,B,0.23373205959796906,0.07091204822063446,0.16375741362571716,0.23373205959796906,0.3046441078186035,0.0855552926659584,0.21231108903884888
ait-train-2017-En-21645,2017-En-21645,@Pamela_Moore13 @Ginlefebvre @BarackObama yes exactly &amp; he's sold out this country to #terror while #lying to cover it up,0,negative,train,-2,ordinal_-3_to_3,negative=-3..-1; zero=excluded; positive=1..3,E,ambiguous,0.5735445618629456,B,0.1706421673297882,0.40290239453315735,0.05855127051472664,0.1706421673297882,0.15653719007968903,0.04072479158639908,0.5735445618629456
ait-train-2017-En-21669,2017-En-21669,Projection is perception. See it in someone else? You also at some level have that within you. #anger #worry,0,negative,train,-3,ordinal_-3_to_3,negative=-3..-1; zero=excluded; positive=1..3,C,reported_quoted,0.3208507299423218,B,0.2842774987220764,0.03657323122024536,0.10063564032316208,0.2842774987220764,0.3208507299423218,0.10043256729841232,0.19380348920822144
ait-train-2017-En-21670,2017-En-21670,Projection is perception. See it in someone else? You also at some level have that within you. #anger ,0,negative,train,-2,ordinal_-3_to_3,negative=-3..-1; zero=excluded; positive=1..3,C,reported_quoted,0.3501819372177124,E,0.23245155811309814,0.11773037910461426,0.11841730028390884,0.22231890261173248,0.3501819372177124,0.07663026452064514,0.23245155811309814
ait-train-2017-En-21676,2017-En-21676,"Bilal Abood, #Iraq #immigrant who lives in Mesquite, Texas, was sentenced to 48 months in prison for lying to the Feds about #terrorism.",0,negative,train,-2,ordinal_-3_to_3,negative=-3..-1; zero=excluded; positive=1..3,C,reported_quoted,0.6237359642982483,B,0.13729573786258698,0.4864402413368225,0.13385078310966492,0.13729573786258698,0.6237359642982483,0.009583557955920696,0.09553395211696625
ait-train-2017-En-21699,2017-En-21699,I'm so bored and fat and full and ridiculously overweight and rolls galore ,0,negative,train,-3,ordinal_-3_to_3,negative=-3..-1; zero=excluded; positive=1..3,E,ambiguous,0.5753257870674133,D,0.18229937553405762,0.3930264115333557,0.02776240184903145,0.09705585986375809,0.1175566092133522,0.18229937553405762,0.5753257870674133
ait-train-2017-En-21704,2017-En-21704,@slashersocial #horror H3LL I SURE DID!!! LOL\nHappy about this decision. :),1,positive,train,3,ordinal_-3_to_3,negative=-3..-1; zero=excluded; positive=1..3,E,ambiguous,0.4945848286151886,C,0.15062882006168365,0.34395599365234375,0.1417723000049591,0.10272620618343353,0.15062882006168365,0.11028777062892914,0.4945848286151886
ait-train-2017-En-21717,2017-En-21717,@Cassena13 I know if I wasn't an optimist I would despair.,0,negative,train,-2,ordinal_-3_to_3,negative=-3..-1; zero=excluded; positive=1..3,E,ambiguous,0.4144936203956604,B,0.2610730528831482,0.1534205675125122,0.15799793601036072,0.2610730528831482,0.11043274402618408,0.05600260570645332,0.4144936203956604
ait-train-2017-En-21729,2017-En-21729,@gingermckchav @MichCorsilles @ArevaMartin @HarvardBLSA @ShareblueMedia Apparently nothing like the terror cops have of black people.,0,negative,train,-2,ordinal_-3_to_3,negative=-3..-1; zero=excluded; positive=1..3,E,ambiguous,0.6048837304115295,C,0.24007710814476013,0.3648066222667694,0.0452948622405529,0.09434571862220764,0.24007710814476013,0.01539863646030426,0.6048837304115295
ait-train-2017-En-21800,2017-En-21800,"#Pakistan is ‘terrorist state’, carries out #war crimes: #India to @UN.\n #UNGA  #UN",0,negative,train,-1,ordinal_-3_to_3,negative=-3..-1; zero=excluded; positive=1..3,E,ambiguous,0.3972844183444977,C,0.3646896779537201,0.03259474039077759,0.13545310497283936,0.09532607346773148,0.3646896779537201,0.007246822584420443,0.3972844183444977
ait-train-2017-En-21806,2017-En-21806,@SimplyMayaMarie @STILLStanding_B 😂😂😂 y'all know I'm crazy its just shocking that's all,1,positive,train,1,ordinal_-3_to_3,negative=-3..-1; zero=excluded; positive=1..3,E,ambiguous,0.3415643572807312,C,0.2297620326280594,0.11180232465267181,0.032513923943042755,0.20175738632678986,0.2297620326280594,0.1944023221731186,0.3415643572807312
ait-train-2017-En-21814,2017-En-21814,Marcus Roho is dreadful,0,negative,train,-2,ordinal_-3_to_3,negative=-3..-1; zero=excluded; positive=1..3,E,ambiguous,0.6135758757591248,C,0.3129502534866333,0.30062562227249146,0.02520732767879963,0.04454853758215904,0.3129502534866333,0.0037180527579039335,0.6135758757591248
ait-train-2017-En-21851,2017-En-21851,@ryleycathryn @Mack_Shepp did you discover the alarming rate at which bees are dying and how important they are to our way of life?,0,negative,train,-2,ordinal_-3_to_3,negative=-3..-1; zero=excluded; positive=1..3,B,objectless_general,0.30562373995780945,E,0.28097599744796753,0.02464774250984192,0.15086017549037933,0.30562373995780945,0.21864286065101624,0.04389720782637596,0.28097599744796753
ait-train-2017-En-21858,2017-En-21858,Body is sleepy but the mind is active. So sad... Have to get ready for work in 30 minutes. Damn! #restless,0,negative,train,-3,ordinal_-3_to_3,negative=-3..-1; zero=excluded; positive=1..3,B,objectless_general,0.49098923802375793,D,0.1835935413837433,0.30739569664001465,0.10809636116027832,0.49098923802375793,0.1663692593574524,0.1835935413837433,0.05095156282186508
ait-train-2017-En-21863,2017-En-21863,It's a Moving Day! #stress  #hope,0,negative,train,-2,ordinal_-3_to_3,negative=-3..-1; zero=excluded; positive=1..3,B,objectless_general,0.34809812903404236,A,0.2909916937351227,0.05710643529891968,0.2909916937351227,0.34809812903404236,0.11404640227556229,0.0607338547706604,0.18612991273403168
ait-train-2017-En-21865,2017-En-21865,Go away please ... I'm begging »»» #depression #anxiety #worry #fear #sadness \nDreams of joy and my baby to be found...Sits on #AndisBench,0,negative,train,-3,ordinal_-3_to_3,negative=-3..-1; zero=excluded; positive=1..3,C,reported_quoted,0.2691481113433838,A,0.24368108808994293,0.025467023253440857,0.24368108808994293,0.1913149207830429,0.2691481113433838,0.13157449662685394,0.16428141295909882
ait-train-2017-En-21867,2017-En-21867,@Mista_Nightmare i dont understand why u do videos every week spend time with your family instead of working on horror #takeabreak,0,negative,train,-2,ordinal_-3_to_3,negative=-3..-1; zero=excluded; positive=1..3,B,objectless_general,0.33982184529304504,C,0.2606309652328491,0.07919088006019592,0.04183993861079216,0.33982184529304504,0.2606309652328491,0.1278143972158432,0.22989286482334137
ait-train-2017-En-21873,2017-En-21873,"Wine drunk is the worst version of myself ffs, don't even remember seeing basshunter ",0,negative,train,-3,ordinal_-3_to_3,negative=-3..-1; zero=excluded; positive=1..3,E,ambiguous,0.5530892014503479,B,0.17961452901363373,0.373474657535553,0.030398184433579445,0.17961452901363373,0.14043141901493073,0.09646658599376678,0.5530892014503479
ait-train-2017-En-21875,2017-En-21875,Omg I actually thought she was going to jump.  #SouthPark20 #southpark,0,negative,train,-2,ordinal_-3_to_3,negative=-3..-1; zero=excluded; positive=1..3,E,ambiguous,0.6234915852546692,B,0.1382814198732376,0.4852101802825928,0.042288314551115036,0.1382814198732376,0.12373474985361099,0.07220399379730225,0.6234915852546692
ait-train-2017-En-21884,2017-En-21884,Mary Berry and her reign of terror,0,negative,train,-1,ordinal_-3_to_3,negative=-3..-1; zero=excluded; positive=1..3,B,objectless_general,0.3424752652645111,C,0.3104226589202881,0.03205260634422302,0.19064053893089294,0.3424752652645111,0.3104226589202881,0.03272024169564247,0.12374141067266464
ait-train-2017-En-21901,2017-En-21901,Machine keeps beeping* \nNurse: Don't worry. You're all good. Vitals are normal for your size. \n*Walks back out* \nMatt: so you're dying....😑😂,0,negative,train,-1,ordinal_-3_to_3,negative=-3..-1; zero=excluded; positive=1..3,C,reported_quoted,0.37543731927871704,E,0.2913314998149872,0.08410581946372986,0.08580312877893448,0.1505570262670517,0.37543731927871704,0.09687098115682602,0.2913314998149872
ait-train-2017-En-21917,2017-En-21917,i am SO anxious all the time leaving the house is horrid,0,negative,train,-2,ordinal_-3_to_3,negative=-3..-1; zero=excluded; positive=1..3,E,ambiguous,0.44414833188056946,A,0.26779529452323914,0.17635303735733032,0.26779529452323914,0.14250770211219788,0.03712093457579613,0.10842777788639069,0.44414833188056946
ait-train-2017-En-21925,2017-En-21925,"@ThomasHCrown @laurakfillault As a historic evangelical, I wonder if the Donatists had a point? What dreadful clergy in my fmr. circles.",0,negative,train,-2,ordinal_-3_to_3,negative=-3..-1; zero=excluded; positive=1..3,E,ambiguous,0.3779190480709076,C,0.35819098353385925,0.01972806453704834,0.049908604472875595,0.16679269075393677,0.35819098353385925,0.047188661992549896,0.3779190480709076
ait-train-2017-En-21926,2017-En-21926,"tomorrow will be the last episode of despair arc, so much shit is gonna happen i'm not emotionally prepared...",0,negative,train,-1,ordinal_-3_to_3,negative=-3..-1; zero=excluded; positive=1..3,E,ambiguous,0.5018842220306396,C,0.17661599814891815,0.3252682089805603,0.09092868864536285,0.1269422024488449,0.17661599814891815,0.10362894833087921,0.5018842220306396
ait-train-2017-En-21945,2017-En-21945,Hey @gmail why can I only see 15 sent emails? Where's the thousands gone?  #panic,0,negative,train,-2,ordinal_-3_to_3,negative=-3..-1; zero=excluded; positive=1..3,E,ambiguous,0.7003012895584106,B,0.1299552619457245,0.5703459978103638,0.03570380061864853,0.1299552619457245,0.11182540655136108,0.02221432700753212,0.7003012895584106
ait-train-2017-En-21946,2017-En-21946,Hey @gmail why can I only see 15 sent emails? Where's the thousands gone? ,0,negative,train,-2,ordinal_-3_to_3,negative=-3..-1; zero=excluded; positive=1..3,E,ambiguous,0.6059378385543823,B,0.18483901023864746,0.42109882831573486,0.04955791309475899,0.18483901023864746,0.1269303411245346,0.03273492306470871,0.6059378385543823
ait-train-2017-En-21951,2017-En-21951,@SurfaceSupport A profoundly disappointing experience. I have 2 pay almost $500 2 remedy a defect n the product @Microsoft sold me #terrible,0,negative,train,-3,ordinal_-3_to_3,negative=-3..-1; zero=excluded; positive=1..3,E,ambiguous,0.4580920934677124,A,0.3049893081188202,0.1531027853488922,0.3049893081188202,0.1141280084848404,0.08817009627819061,0.034620560705661774,0.4580920934677124
ait-train-2017-En-21952,2017-En-21952,♪OLD FISH  #discourage,0,negative,train,-3,ordinal_-3_to_3,negative=-3..-1; zero=excluded; positive=1..3,C,reported_quoted,0.5984815955162048,B,0.149394690990448,0.44908690452575684,0.10826869308948517,0.149394690990448,0.5984815955162048,0.028706355020403862,0.11514859646558762
ait-train-2017-En-21961,2017-En-21961,Q&amp;A with N. Christie @westernuHistory: fr. @marybethstart: What would Peter and Dardanella think of us knowing? #poorthings ,0,negative,train,-2,ordinal_-3_to_3,negative=-3..-1; zero=excluded; positive=1..3,A,target_directed,0.27388203144073486,C,0.23547415435314178,0.03840787708759308,0.27388203144073486,0.186604306101799,0.23547415435314178,0.10831722617149353,0.19572234153747559
ait-train-2017-En-21966,2017-En-21966,I'm so confused by the new American horror story 😩,0,negative,train,-2,ordinal_-3_to_3,negative=-3..-1; zero=excluded; positive=1..3,E,ambiguous,0.6161372065544128,B,0.12273133546113968,0.49340587854385376,0.05550525709986687,0.12273133546113968,0.09019725769758224,0.11542897671461105,0.6161372065544128
ait-train-2017-En-21979,2017-En-21979,So much #terrible #music playing on the #radio has started to make me wonder weather my taste in music is good or just completely shit,0,negative,train,-2,ordinal_-3_to_3,negative=-3..-1; zero=excluded; positive=1..3,B,objectless_general,0.4179118275642395,E,0.17925068736076355,0.23866114020347595,0.15571103990077972,0.4179118275642395,0.10149002820253372,0.1456364244222641,0.17925068736076355
ait-train-2017-En-21989,2017-En-21989,@breadf2man @SunApology and it's Kelvin Mackenzie tomorrow... #shudder DontBuyTheSun,0,negative,train,-2,ordinal_-3_to_3,negative=-3..-1; zero=excluded; positive=1..3,C,reported_quoted,0.3114054501056671,E,0.29464104771614075,0.016764402389526367,0.0767979696393013,0.22316567599773407,0.3114054501056671,0.09398990124464035,0.29464104771614075
ait-train-2017-En-21991,2017-En-21991,I am a third year college student and and English major. Today is the first time I've ever written an essay without having a panic attack,1,positive,train,2,ordinal_-3_to_3,negative=-3..-1; zero=excluded; positive=1..3,B,objectless_general,0.5202625393867493,C,0.2494395524263382,0.27082300186157227,0.10038958489894867,0.5202625393867493,0.2494395524263382,0.10762345045804977,0.022284841164946556
ait-train-2017-En-22001,2017-En-22001,Tremor!!!\n #tremor,0,negative,train,-2,ordinal_-3_to_3,negative=-3..-1; zero=excluded; positive=1..3,E,ambiguous,0.88981693983078,C,0.054872412234544754,0.8349445462226868,0.026993684470653534,0.0240902379155159,0.054872412234544754,0.004226619843393564,0.88981693983078
ait-train-2017-En-22005,2017-En-22005,"😩😩😩😩 heads melted, very tired but can't sleep. #nightmare",0,negative,train,-3,ordinal_-3_to_3,negative=-3..-1; zero=excluded; positive=1..3,D,mixed,0.3413909375667572,E,0.2997815012931824,0.04160943627357483,0.03388296812772751,0.10236679762601852,0.2225777953863144,0.3413909375667572,0.2997815012931824
ait-train-2017-En-22008,2017-En-22008,"#PeopleLikeMeBecause they see the happy exterior, not the hopelessness I sometimes feel inside. #depression #anxiety #anxietyprobz",0,negative,train,-3,ordinal_-3_to_3,negative=-3..-1; zero=excluded; positive=1..3,C,reported_quoted,0.6704729795455933,B,0.14476561546325684,0.5257073640823364,0.048411302268505096,0.14476561546325684,0.6704729795455933,0.05673949047923088,0.07961057126522064
ait-train-2017-En-22024,2017-En-22024,"Goodbye everyone, tremendous #LTHEchat tonight",1,positive,train,3,ordinal_-3_to_3,negative=-3..-1; zero=excluded; positive=1..3,E,ambiguous,0.2782423794269562,B,0.2761692404747009,0.002073138952255249,0.0641360878944397,0.2761692404747009,0.22379206120967865,0.15766021609306335,0.2782423794269562
ait-train-2017-En-22058,2017-En-22058,@swarbleflop @LightskinJesuSP they're both pretty awful when you look at them historically,0,negative,train,-2,ordinal_-3_to_3,negative=-3..-1; zero=excluded; positive=1..3,B,objectless_general,0.4898146092891693,E,0.19964243471622467,0.29017215967178345,0.05605700612068176,0.4898146092891693,0.18758033215999603,0.06690564751625061,0.19964243471622467
ait-train-2017-En-22073,2017-En-22073,Left my phone in Mcds #panic,0,negative,train,-2,ordinal_-3_to_3,negative=-3..-1; zero=excluded; positive=1..3,B,objectless_general,0.36446988582611084,A,0.3443269431591034,0.020142942667007446,0.3443269431591034,0.36446988582611084,0.12954294681549072,0.05171678587794304,0.10994356125593185
ait-train-2017-En-22095,2017-En-22095,@Patsy1207 @markheardusa @theinquisitr Do your fuc*ing job and report the news.Just another bully to go in the basket.Freedom or fear???,0,negative,train,-3,ordinal_-3_to_3,negative=-3..-1; zero=excluded; positive=1..3,E,ambiguous,0.9459688067436218,C,0.03730672597885132,0.9086620807647705,0.0014923285925760865,0.011873924173414707,0.03730672597885132,0.0033582327887415886,0.9459688067436218
ait-train-2017-En-22127,2017-En-22127,@value4tax @Hopkins_Alison That part of Queensbury is a shocking disgrace. The route from the station to Morrisons is festooned with rubbish,0,negative,train,-3,ordinal_-3_to_3,negative=-3..-1; zero=excluded; positive=1..3,E,ambiguous,0.7069332599639893,B,0.1074737161397934,0.5994595289230347,0.10528067499399185,0.1074737161397934,0.07420868426561356,0.006103643216192722,0.7069332599639893
ait-train-2017-En-22137,2017-En-22137,Somewhere between  #hope and #despair the day after #meetingmyabuserincourt \n#DVSurvivor,0,negative,train,-2,ordinal_-3_to_3,negative=-3..-1; zero=excluded; positive=1..3,B,objectless_general,0.29173749685287476,D,0.2897643744945526,0.0019731223583221436,0.14567182958126068,0.29173749685287476,0.11880320310592651,0.2897643744945526,0.15402306616306305
ait-train-2017-En-22138,2017-En-22138,@kcbbcxo don't get discouraged! it's early on &amp; it can get overwhelming. keep reading &amp; use cue cards 😊 it'll get better!!,1,positive,train,1,ordinal_-3_to_3,negative=-3..-1; zero=excluded; positive=1..3,B,objectless_general,0.3464832603931427,E,0.24393071234226227,0.10255254805088043,0.13932621479034424,0.3464832603931427,0.17534251511096954,0.09491730481386185,0.24393071234226227
ait-train-2017-En-22145,2017-En-22145,I'm so restless,0,negative,train,-3,ordinal_-3_to_3,negative=-3..-1; zero=excluded; positive=1..3,B,objectless_general,0.6806478500366211,D,0.12403938174247742,0.5566084384918213,0.05070922523736954,0.6806478500366211,0.06987103074789047,0.12403938174247742,0.07473254948854446
ait-train-2017-En-22146,2017-En-22146,@S_Moore24 wow that sounds terrific,1,positive,train,1,ordinal_-3_to_3,negative=-3..-1; zero=excluded; positive=1..3,B,objectless_general,0.4868243634700775,A,0.155897855758667,0.3309265077114105,0.155897855758667,0.4868243634700775,0.10858128219842911,0.09655890613794327,0.15213754773139954
ait-train-2017-En-22155,2017-En-22155,I seriously hope these chances Celtic are missing are going to come back to haunt them with an Alloa sucker punch,0,negative,train,-1,ordinal_-3_to_3,negative=-3..-1; zero=excluded; positive=1..3,E,ambiguous,0.604097306728363,B,0.14337845146656036,0.46071887016296387,0.04521656036376953,0.14337845146656036,0.11038253456354141,0.09692518413066864,0.604097306728363
ait-train-2017-En-22180,2017-En-22180,"Rooneys fucking untouchable isn't he? Been fucking dreadful again, depay has looked decent(ish)tonight",0,negative,train,-2,ordinal_-3_to_3,negative=-3..-1; zero=excluded; positive=1..3,E,ambiguous,0.7879651188850403,B,0.10579386353492737,0.6821712255477905,0.018008839339017868,0.10579386353492737,0.06965857744216919,0.01857355609536171,0.7879651188850403
ait-train-2017-En-22193,2017-En-22193,@GOtvNg CN seems like you only appreciate good reviews. No apologies to my concern years ago.,0,negative,train,-2,ordinal_-3_to_3,negative=-3..-1; zero=excluded; positive=1..3,C,reported_quoted,0.48132580518722534,E,0.24252814054489136,0.23879766464233398,0.032728031277656555,0.1975681185722351,0.48132580518722534,0.04584989696741104,0.24252814054489136
ait-train-2017-En-22215,2017-En-22215,"@westelm tells me my order will ship on Sept 12, arriving by Sept 19. Today is the 22. 😐 #lies #terrible #whereismyfurniture",0,negative,train,-3,ordinal_-3_to_3,negative=-3..-1; zero=excluded; positive=1..3,C,reported_quoted,0.35416728258132935,E,0.2699635326862335,0.08420374989509583,0.04322279989719391,0.23993520438671112,0.35416728258132935,0.09271115064620972,0.2699635326862335
ait-train-2017-En-22217,2017-En-22217,Why does having anxiety drain some much of your energy #anxiety #sotired #needtosleepforhours,0,negative,train,-1,ordinal_-3_to_3,negative=-3..-1; zero=excluded; positive=1..3,C,reported_quoted,0.31156161427497864,E,0.2891416549682617,0.02241995930671692,0.064611054956913,0.20270761847496033,0.31156161427497864,0.1319780945777893,0.2891416549682617
ait-train-2017-En-22229,2017-En-22229,Completely blown away by @EvaNoblezada @alistairbrammer @JonJonBriones and the cast of @MissSaigonUK tonight. #fathomevents #speechless ,1,positive,train,1,ordinal_-3_to_3,negative=-3..-1; zero=excluded; positive=1..3,A,target_directed,0.4347868859767914,E,0.4097764790058136,0.025010406970977783,0.4347868859767914,0.07041995972394943,0.03344649448990822,0.051570188254117966,0.4097764790058136
ait-train-2017-En-30004,2017-En-30004,"I feel so blessed to work with the family that I nanny for ❤️ nothing but love &amp; appreciation, makes me smile.",1,positive,train,3,ordinal_-3_to_3,negative=-3..-1; zero=excluded; positive=1..3,A,target_directed,0.4752458930015564,B,0.26484888792037964,0.21039700508117676,0.4752458930015564,0.26484888792037964,0.04702180251479149,0.09551204741001129,0.11737140268087387
ait-train-2017-En-30007,2017-En-30007,"#BridgetJonesBaby is the best thing I've seen in ages! So funny, I've missed Bridget! #love  #TeamMark",1,positive,train,2,ordinal_-3_to_3,negative=-3..-1; zero=excluded; positive=1..3,A,target_directed,0.6481170058250427,E,0.3088761568069458,0.3392408490180969,0.6481170058250427,0.026278642937541008,0.008646971546113491,0.008081245236098766,0.3088761568069458
ait-train-2017-En-30011,2017-En-30011,It's meant to be!! #happy #happy,1,positive,train,3,ordinal_-3_to_3,negative=-3..-1; zero=excluded; positive=1..3,E,ambiguous,0.41994696855545044,A,0.3486626148223877,0.07128435373306274,0.3486626148223877,0.14866697788238525,0.03699519857764244,0.04572821408510208,0.41994696855545044
ait-train-2017-En-30012,2017-En-30012,💥⚖️Yeah‼️ PAUL‼️⚖️💥  #glorious #BB18,1,positive,train,1,ordinal_-3_to_3,negative=-3..-1; zero=excluded; positive=1..3,E,ambiguous,0.6924136281013489,C,0.10982668399810791,0.582586944103241,0.0657404363155365,0.09530285000801086,0.10982668399810791,0.03671631962060928,0.6924136281013489
ait-train-2017-En-30017,2017-En-30017,2 days until #GoPackGo and 23 days until #GoGipeGo..... I'm so excited! #smiling,1,positive,train,3,ordinal_-3_to_3,negative=-3..-1; zero=excluded; positive=1..3,E,ambiguous,0.43673306703567505,A,0.3911520838737488,0.04558098316192627,0.3911520838737488,0.08088956773281097,0.022297538816928864,0.06892771273851395,0.43673306703567505
ait-train-2017-En-30021,2017-En-30021,"When you wake up from a dream laughing at something stupid, and that makes you laugh more #hilarious",1,positive,train,3,ordinal_-3_to_3,negative=-3..-1; zero=excluded; positive=1..3,B,objectless_general,0.34710365533828735,E,0.28842997550964355,0.0586736798286438,0.09232077747583389,0.34710365533828735,0.07759064435958862,0.19455493986606598,0.28842997550964355
ait-train-2017-En-30024,2017-En-30024,@grahnort wonderful experience watching you yesterday at. @BBCLetItShine thankyou for the #laughter,1,positive,train,3,ordinal_-3_to_3,negative=-3..-1; zero=excluded; positive=1..3,B,objectless_general,0.35404154658317566,C,0.19819101691246033,0.15585052967071533,0.19375580549240112,0.35404154658317566,0.19819101691246033,0.11494725197553635,0.13906444609165192
ait-train-2017-En-30026,2017-En-30026,@WSJNordics You make the world a more joyful place. #TheNiceBot,1,positive,train,1,ordinal_-3_to_3,negative=-3..-1; zero=excluded; positive=1..3,A,target_directed,0.5603746771812439,E,0.1887197196483612,0.3716549575328827,0.5603746771812439,0.14265677332878113,0.08179037272930145,0.0264585018157959,0.1887197196483612
ait-train-2017-En-30028,2017-En-30028,"@Singaholic121 Good morning, love! Happy first day of fall. Let's make some awesome #autumnmemories #annabailey  ",1,positive,train,3,ordinal_-3_to_3,negative=-3..-1; zero=excluded; positive=1..3,B,objectless_general,0.3516276478767395,A,0.33692410588264465,0.014703541994094849,0.33692410588264465,0.3516276478767395,0.11440134793519974,0.08216682076454163,0.11487998813390732
ait-train-2017-En-30030,2017-En-30030,Retweeted GunnySmith93 (@Stephen21Smith):\n\nDays like today I am happy to be alive! #blessed #rejoice,1,positive,train,3,ordinal_-3_to_3,negative=-3..-1; zero=excluded; positive=1..3,B,objectless_general,0.3112460970878601,A,0.2734098434448242,0.03783625364303589,0.2734098434448242,0.3112460970878601,0.1256914883852005,0.07919781655073166,0.21045467257499695
ait-train-2017-En-30031,2017-En-30031,@ADenkyirah Happy birthday! Hope you have a wonderful day filled with lots of joy and laughter &lt;3 (despite tumblr being a jerk- once again),1,positive,train,3,ordinal_-3_to_3,negative=-3..-1; zero=excluded; positive=1..3,A,target_directed,0.2937738299369812,C,0.24918094277381897,0.04459288716316223,0.2937738299369812,0.16411496698856354,0.24918094277381897,0.049525756388902664,0.24340447783470154
ait-train-2017-En-30034,2017-En-30034,I #love to #laugh and share #laughter as way to share #joy,1,positive,train,3,ordinal_-3_to_3,negative=-3..-1; zero=excluded; positive=1..3,E,ambiguous,0.309853732585907,A,0.248445525765419,0.061408206820487976,0.248445525765419,0.21414239704608917,0.0694430023431778,0.15811540186405182,0.309853732585907
ait-train-2017-En-30038,2017-En-30038,"Today I reached 1000 subscribers on YT!! #happy, #goodday, #thankful",1,positive,train,3,ordinal_-3_to_3,negative=-3..-1; zero=excluded; positive=1..3,E,ambiguous,0.7118292450904846,A,0.23440752923488617,0.47742170095443726,0.23440752923488617,0.029708724468946457,0.00854567438364029,0.015508845448493958,0.7118292450904846
ait-train-2017-En-30039,2017-En-30039,Getting my comedic relief w/ @SofiaVergara during season premiere of #ModernFamily. Just what a girl needs! #hilarious,1,positive,train,2,ordinal_-3_to_3,negative=-3..-1; zero=excluded; positive=1..3,E,ambiguous,0.6629924178123474,B,0.13672517240047455,0.5262672305107117,0.13472796976566315,0.13672517240047455,0.022059233859181404,0.043495260179042816,0.6629924178123474
ait-train-2017-En-30040,2017-En-30040,@palmtreesarah @WorthingTheatre had more fun than the funniest person in funsville..... Much hilarity as usual.... Thank you ❤️,1,positive,train,3,ordinal_-3_to_3,negative=-3..-1; zero=excluded; positive=1..3,E,ambiguous,0.3254287540912628,B,0.2808026373386383,0.04462611675262451,0.06400999426841736,0.2808026373386383,0.23093174397945404,0.0988268330693245,0.3254287540912628
ait-train-2017-En-30046,2017-En-30046,I love how cheery and adoring @JackHoward gets every time he produces new content.,1,positive,train,3,ordinal_-3_to_3,negative=-3..-1; zero=excluded; positive=1..3,E,ambiguous,0.3619834780693054,A,0.2889685332775116,0.07301494479179382,0.2889685332775116,0.24059316515922546,0.07427103072404861,0.034183818846940994,0.3619834780693054
ait-train-2017-En-30050,2017-En-30050,Thank you @twitter for the balloons today. #smile #goodday #48,1,positive,train,3,ordinal_-3_to_3,negative=-3..-1; zero=excluded; positive=1..3,B,objectless_general,0.3718492388725281,A,0.272381454706192,0.09946778416633606,0.272381454706192,0.3718492388725281,0.23580925166606903,0.07505213469266891,0.04490799829363823
ait-train-2017-En-30054,2017-En-30054,You know you're in love when all you can do is smile whenever you talk about how he is to someone.,1,positive,train,1,ordinal_-3_to_3,negative=-3..-1; zero=excluded; positive=1..3,A,target_directed,0.29833319783210754,B,0.2854098379611969,0.012923359870910645,0.29833319783210754,0.2854098379611969,0.09807558357715607,0.10207685828208923,0.21610453724861145
ait-train-2017-En-30060,2017-En-30060,Made my night that @GordonReid91 Reid was included in tonight's hilarity. Some of those points were brilliant. Thanks @andy_murray,1,positive,train,3,ordinal_-3_to_3,negative=-3..-1; zero=excluded; positive=1..3,E,ambiguous,0.38729971647262573,B,0.2566876709461212,0.13061204552650452,0.17642474174499512,0.2566876709461212,0.08803684264421463,0.09155099838972092,0.38729971647262573
ait-train-2017-En-30061,2017-En-30061,"By the way, I'm wearing the smile you gave me today. \n #you #me ",1,positive,train,3,ordinal_-3_to_3,negative=-3..-1; zero=excluded; positive=1..3,B,objectless_general,0.35247108340263367,A,0.28892841935157776,0.06354266405105591,0.28892841935157776,0.35247108340263367,0.20828165113925934,0.12082799524068832,0.02949085645377636
ait-train-2017-En-30062,2017-En-30062,@airvistara as always it was indeed a wonderful experience flying with you guys today #bestinbusiness #delight #happyme,1,positive,train,3,ordinal_-3_to_3,negative=-3..-1; zero=excluded; positive=1..3,B,objectless_general,0.30917081236839294,A,0.20881274342536926,0.10035806894302368,0.20881274342536926,0.30917081236839294,0.1912197470664978,0.10072997957468033,0.19006671011447906
ait-train-2017-En-30063,2017-En-30063,"@alpuzz Ah, but once I got it to work, there was much rejoicing! Lol thanks will get it to do taht now.",1,positive,train,3,ordinal_-3_to_3,negative=-3..-1; zero=excluded; positive=1..3,E,ambiguous,0.6007391214370728,B,0.18143390119075775,0.4193052053451538,0.08886968344449997,0.18143390119075775,0.09060052782297134,0.03835675120353699,0.6007391214370728
ait-train-2017-En-30068,2017-En-30068,"@TheSandraGal Glad to see that you're having fun in the sun. Water sports are always fun, challenging, and exhilarating. #happiness #beauty",1,positive,train,3,ordinal_-3_to_3,negative=-3..-1; zero=excluded; positive=1..3,A,target_directed,0.3408450186252594,B,0.286956787109375,0.0538882315158844,0.3408450186252594,0.286956787109375,0.14226919412612915,0.03360588476061821,0.19632306694984436
ait-train-2017-En-30072,2017-En-30072,Happy Birthday @Brooke56_56  #cheerchick #jeep #jeepgirl #IDriveAJeep #jeepjeep #Cheer,1,positive,train,3,ordinal_-3_to_3,negative=-3..-1; zero=excluded; positive=1..3,A,target_directed,0.5004287958145142,B,0.19976083934307098,0.300667941570282,0.5004287958145142,0.19976083934307098,0.09091557562351227,0.08115804195404053,0.12773674726486206
ait-train-2017-En-30073,2017-En-30073,TheNiceBot: melbjs ;) Here is a smile and a wink from across the web. #TheNiceBot,1,positive,train,1,ordinal_-3_to_3,negative=-3..-1; zero=excluded; positive=1..3,A,target_directed,0.4519083797931671,B,0.3050733804702759,0.14683499932289124,0.4519083797931671,0.3050733804702759,0.11593069136142731,0.07098931074142456,0.05609828233718872
ait-train-2017-En-30076,2017-En-30076,"Indian time it's already ur birthday @akshaymarwah22. Have a stupendous birthday. Wish you more success, laughter and lots of love. Hugs. x",1,positive,train,1,ordinal_-3_to_3,negative=-3..-1; zero=excluded; positive=1..3,B,objectless_general,0.32104790210723877,A,0.31287357211112976,0.008174329996109009,0.31287357211112976,0.32104790210723877,0.122484490275383,0.09627864509820938,0.1473153829574585
ait-train-2017-En-30077,2017-En-30077,"now that I have my future planned out, I feel so much happier #goals #life  #igotthis #yay",1,positive,train,3,ordinal_-3_to_3,negative=-3..-1; zero=excluded; positive=1..3,E,ambiguous,0.3278719186782837,B,0.21262072026729584,0.11525119841098785,0.18016788363456726,0.21262072026729584,0.1104586124420166,0.1688809096813202,0.3278719186782837
ait-train-2017-En-30078,2017-En-30078,"#BridgetJonesBaby is the best thing I've seen in ages! So funny, I've missed Bridget! #love #hilarious #TeamMark",1,positive,train,3,ordinal_-3_to_3,negative=-3..-1; zero=excluded; positive=1..3,E,ambiguous,0.5726006031036377,A,0.39767494797706604,0.17492565512657166,0.39767494797706604,0.017808130010962486,0.004561857786029577,0.007354489527642727,0.5726006031036377
ait-train-2017-En-30082,2017-En-30082,I would like to congratulate the people of Saudi Arabia a happy and a joyous national day. May you all have a great time! #اليوم_الوطني,1,positive,train,2,ordinal_-3_to_3,negative=-3..-1; zero=excluded; positive=1..3,A,target_directed,0.5791930556297302,B,0.2255353033542633,0.3536577522754669,0.5791930556297302,0.2255353033542633,0.10394604504108429,0.0266424473375082,0.06468316912651062
ait-train-2017-En-30086,2017-En-30086,@ahtareen1 @ReginalAleman @krelifa @zamansj64 @AwiexaB Very pleasing ty!,1,positive,train,2,ordinal_-3_to_3,negative=-3..-1; zero=excluded; positive=1..3,E,ambiguous,0.5306651592254639,C,0.1497095376253128,0.38095563650131226,0.10774661600589752,0.13809077441692352,0.1497095376253128,0.07378789037466049,0.5306651592254639
ait-train-2017-En-30087,2017-En-30087,@Zerfash — can't wait.' She said cheerfully and grinned.,1,positive,train,2,ordinal_-3_to_3,negative=-3..-1; zero=excluded; positive=1..3,B,objectless_general,0.5584720969200134,C,0.2841297388076782,0.2743423581123352,0.0678703784942627,0.5584720969200134,0.2841297388076782,0.039836201816797256,0.04969160258769989
ait-train-2017-En-30094,2017-En-30094,@Jen_Lee @mostlymartha @edotwoods we just found thin mints in a freezer clean. i couldn't be more elated.,1,positive,train,2,ordinal_-3_to_3,negative=-3..-1; zero=excluded; positive=1..3,E,ambiguous,0.9201926589012146,A,0.05318233370780945,0.8670103549957275,0.05318233370780945,0.00849974062293768,0.007971270009875298,0.010153938084840775,0.9201926589012146
ait-train-2017-En-30100,2017-En-30100,I found #marmite in Australia. `:) #happy,1,positive,train,3,ordinal_-3_to_3,negative=-3..-1; zero=excluded; positive=1..3,A,target_directed,0.3254026770591736,B,0.3252159059047699,0.00018677115440368652,0.3254026770591736,0.3252159059047699,0.12820233404636383,0.19456788897514343,0.026611212641000748
ait-train-2017-En-30101,2017-En-30101,@D_McMenemy It'll be easy to spot the parade of tiny weans in expensive jammies. Really is hilarious!,1,positive,train,3,ordinal_-3_to_3,negative=-3..-1; zero=excluded; positive=1..3,E,ambiguous,0.5719390511512756,B,0.2027985155582428,0.36914053559303284,0.13082972168922424,0.2027985155582428,0.07437112182378769,0.020061666145920753,0.5719390511512756
ait-train-2017-En-30104,2017-En-30104,Aw there's a young fox outside on the grass just jumping around all playful and having a little stretch 🙈 soo cute 🐺,1,positive,train,3,ordinal_-3_to_3,negative=-3..-1; zero=excluded; positive=1..3,A,target_directed,0.3733889162540436,B,0.3204748332500458,0.0529140830039978,0.3733889162540436,0.3204748332500458,0.09141950309276581,0.14709843695163727,0.06761828064918518
ait-train-2017-En-30109,2017-En-30109,You're so cute @katienolan #truelove #hilarious @GarbageTime #beautiful &amp; #graceful never heard explicits spoken with such elegance. #Mingo,1,positive,train,3,ordinal_-3_to_3,negative=-3..-1; zero=excluded; positive=1..3,E,ambiguous,0.43507644534111023,A,0.28107261657714844,0.1540038287639618,0.28107261657714844,0.13043047487735748,0.07105300575494766,0.08236744999885559,0.43507644534111023
ait-train-2017-En-30112,2017-En-30112,LOVE LOVE LOVE #smile #fun #relaxationiskey,1,positive,train,3,ordinal_-3_to_3,negative=-3..-1; zero=excluded; positive=1..3,A,target_directed,0.40660178661346436,E,0.31218498945236206,0.0944167971611023,0.40660178661346436,0.11286122351884842,0.05008635297417641,0.11826559156179428,0.31218498945236206
ait-train-2017-En-30117,2017-En-30117,My friend just messaged me 'ugh I'm so hungry I can't wait for breakfast' #socialmedia #WineWednesday #hilarious #funny #laughing #happy,1,positive,train,3,ordinal_-3_to_3,negative=-3..-1; zero=excluded; positive=1..3,B,objectless_general,0.5333330035209656,C,0.1522340327501297,0.38109898567199707,0.08976558595895767,0.5333330035209656,0.1522340327501297,0.13277025520801544,0.09189713001251221
ait-train-2017-En-30122,2017-En-30122,"Something about these cool, breezy fall days.. 😍🍂🌾🍁",1,positive,train,3,ordinal_-3_to_3,negative=-3..-1; zero=excluded; positive=1..3,B,objectless_general,0.3970567286014557,A,0.3522682785987854,0.04478845000267029,0.3522682785987854,0.3970567286014557,0.07084199786186218,0.14145617187023163,0.03837680071592331
ait-train-2017-En-30123,2017-En-30123,Food that gets delivered 😍🙌🏻  ,1,positive,train,2,ordinal_-3_to_3,negative=-3..-1; zero=excluded; positive=1..3,B,objectless_general,0.394103080034256,C,0.24660788476467133,0.14749519526958466,0.24248239398002625,0.394103080034256,0.24660788476467133,0.09978865087032318,0.01701795496046543
ait-train-2017-En-30128,2017-En-30128,Good morning joyful people. Choose happiness to have a great day today #morning  #happiness #grandmercurejktkemayoran,1,positive,train,3,ordinal_-3_to_3,negative=-3..-1; zero=excluded; positive=1..3,A,target_directed,0.7219224572181702,B,0.17398695647716522,0.5479354858398438,0.7219224572181702,0.17398695647716522,0.018416712060570717,0.024084651842713356,0.06158930063247681
ait-train-2017-En-30129,2017-En-30129,@LiamJamesVernon love the optimism!! BLUE MOON!,1,positive,train,1,ordinal_-3_to_3,negative=-3..-1; zero=excluded; positive=1..3,E,ambiguous,0.4904232323169708,A,0.23283562064170837,0.25758761167526245,0.23283562064170837,0.14387552440166473,0.065159372985363,0.06770619750022888,0.4904232323169708
ait-train-2017-En-30130,2017-En-30130,#ContentwiththeLordsPortion:O satisfy us early with thy #mercy;that we may #rejoice &amp; be glad all our days.#Ps 90:14 #gladness #joy #delight,1,positive,train,3,ordinal_-3_to_3,negative=-3..-1; zero=excluded; positive=1..3,C,reported_quoted,0.3736342191696167,B,0.2663523852825165,0.10728183388710022,0.17303670942783356,0.2663523852825165,0.3736342191696167,0.11307104676961899,0.07390570640563965
ait-train-2017-En-30135,2017-En-30135,@LindseySanford @simplymeasured this makes me giggle with glee!,1,positive,train,2,ordinal_-3_to_3,negative=-3..-1; zero=excluded; positive=1..3,E,ambiguous,0.7713399529457092,B,0.09550950676202774,0.6758304238319397,0.05996472015976906,0.09550950676202774,0.024219807237386703,0.04896605387330055,0.7713399529457092
ait-train-2017-En-30138,2017-En-30138,"When you wake up from a dream laughing at something stupid, and that makes you laugh more ",1,positive,train,2,ordinal_-3_to_3,negative=-3..-1; zero=excluded; positive=1..3,B,objectless_general,0.37475448846817017,D,0.31460732221603394,0.06014716625213623,0.05080241337418556,0.37475448846817017,0.05671387165784836,0.31460732221603394,0.20312188565731049
ait-train-2017-En-30139,2017-En-30139,@JoshNoneYaBiz I love parody accounts! Well done. Vote for #Trump. #lol ,1,positive,train,1,ordinal_-3_to_3,negative=-3..-1; zero=excluded; positive=1..3,E,ambiguous,0.6646999716758728,A,0.1502576470375061,0.5144423246383667,0.1502576470375061,0.0953526720404625,0.0605495311319828,0.02914016880095005,0.6646999716758728
ait-train-2017-En-30143,2017-En-30143,"Mate the thing I get excited about in my profession are mad. A client said she opened her bowels, I'm rejoicing",1,positive,train,2,ordinal_-3_to_3,negative=-3..-1; zero=excluded; positive=1..3,A,target_directed,0.6458280086517334,E,0.18401287496089935,0.46181511878967285,0.6458280086517334,0.07780665159225464,0.031055549159646034,0.06129695475101471,0.18401287496089935
ait-train-2017-En-30151,2017-En-30151,#ContentwiththeLordsPortion:O satisfy us early with thy #mercy;that we may #rejoice &amp; be glad all our days.#Ps 90:14 #gladness #joy ,1,positive,train,2,ordinal_-3_to_3,negative=-3..-1; zero=excluded; positive=1..3,C,reported_quoted,0.37263914942741394,B,0.2857652008533478,0.08687394857406616,0.14260238409042358,0.2857652008533478,0.37263914942741394,0.1338486224412918,0.06514458358287811
ait-train-2017-En-30155,2017-En-30155,Thank you @RachelPlatten for teaching me how to live again. It's been so long since &amp; this ride is about to be exhilarating. I just know it,1,positive,train,3,ordinal_-3_to_3,negative=-3..-1; zero=excluded; positive=1..3,A,target_directed,0.38478177785873413,E,0.3258793354034424,0.05890244245529175,0.38478177785873413,0.1666690707206726,0.06010481342673302,0.06256507337093353,0.3258793354034424
ait-train-2017-En-30158,2017-En-30158,Yo this 3 v 3 overtime in hockey got me sweaty damn this ish exhilarating,1,positive,train,1,ordinal_-3_to_3,negative=-3..-1; zero=excluded; positive=1..3,E,ambiguous,0.4630287289619446,B,0.24591270089149475,0.21711602807044983,0.06498512625694275,0.24591270089149475,0.09550491720438004,0.13056862354278564,0.4630287289619446
ait-train-2017-En-30162,2017-En-30162,.@Travelanswerman: When U ride on a pile of salt life is extra sweet! Always salty always savory! #surfing #aloha #smiling …,1,positive,train,3,ordinal_-3_to_3,negative=-3..-1; zero=excluded; positive=1..3,A,target_directed,0.35144850611686707,E,0.2967802584171295,0.05466824769973755,0.35144850611686707,0.19206580519676208,0.11695821583271027,0.04274717718362808,0.2967802584171295
ait-train-2017-En-30164,2017-En-30164,@jimadair3 Guitar shop owners everywhere rejoice,1,positive,train,1,ordinal_-3_to_3,negative=-3..-1; zero=excluded; positive=1..3,C,reported_quoted,0.3825284242630005,E,0.29095232486724854,0.09157609939575195,0.07068874686956406,0.23107188940048218,0.3825284242630005,0.024758581072092056,0.29095232486724854
ait-train-2017-En-30170,2017-En-30170,"@mediacrooks @thenewshour @LodhiMaleeha @ndtv @IndiaToday This is hilarious ! Not a Freudian slip, eh !",1,positive,train,3,ordinal_-3_to_3,negative=-3..-1; zero=excluded; positive=1..3,E,ambiguous,0.9497188329696655,B,0.019628098234534264,0.9300907254219055,0.013550500385463238,0.019628098234534264,0.01142346952110529,0.005679164547473192,0.9497188329696655
ait-train-2017-En-30172,2017-En-30172,My siblings look all gangster &amp; I look all cheery 😅😂,1,positive,train,2,ordinal_-3_to_3,negative=-3..-1; zero=excluded; positive=1..3,B,objectless_general,0.34161049127578735,C,0.24419063329696655,0.0974198579788208,0.090823695063591,0.34161049127578735,0.24419063329696655,0.2263137400150299,0.0970613956451416
ait-train-2017-En-30179,2017-En-30179,"if you ain't watching Sugarboy on Hulu, then you ain't shit. #hilarious hahaha",1,positive,train,2,ordinal_-3_to_3,negative=-3..-1; zero=excluded; positive=1..3,E,ambiguous,0.6999479532241821,C,0.12234236299991608,0.5776056051254272,0.08428321778774261,0.08803103864192963,0.12234236299991608,0.00539547111839056,0.6999479532241821
ait-train-2017-En-30182,2017-En-30182,@R1Breakfast Totes had to re-listen to the endless hilarity that was Tom Odell's 'raaar' this morning 😂😂😂 @grimmers @fionaradio @TinaDaheley,1,positive,train,1,ordinal_-3_to_3,negative=-3..-1; zero=excluded; positive=1..3,B,objectless_general,0.3800109624862671,E,0.20343391597270966,0.17657704651355743,0.1501481682062149,0.3800109624862671,0.18511037528514862,0.0812966600060463,0.20343391597270966
ait-train-2017-En-30185,2017-En-30185,@reinervshunter you got this #staystrong #smile #yourebeautiful,1,positive,train,3,ordinal_-3_to_3,negative=-3..-1; zero=excluded; positive=1..3,C,reported_quoted,0.39683350920677185,E,0.2097393125295639,0.18709419667720795,0.07997056841850281,0.1921866238117218,0.39683350920677185,0.12127000838518143,0.2097393125295639
ait-train-2017-En-30186,2017-En-30186,It's Thursday which means it's Grey's day #TGIT ,1,positive,train,1,ordinal_-3_to_3,negative=-3..-1; zero=excluded; positive=1..3,B,objectless_general,0.5080185532569885,C,0.22499972581863403,0.2830188274383545,0.1600668728351593,0.5080185532569885,0.22499972581863403,0.0651085302233696,0.04180630296468735
ait-train-2017-En-30188,2017-En-30188,The current run of superman continues to be a delight! You can feel the love poured into it by everone on the creative team #superman,1,positive,train,3,ordinal_-3_to_3,negative=-3..-1; zero=excluded; positive=1..3,A,target_directed,0.526256263256073,E,0.38071686029434204,0.14553940296173096,0.526256263256073,0.06901215761899948,0.01359461434185505,0.010420131497085094,0.38071686029434204
ait-train-2017-En-30189,2017-En-30189,I am always ready to #smile.,1,positive,train,2,ordinal_-3_to_3,negative=-3..-1; zero=excluded; positive=1..3,A,target_directed,0.5380340218544006,B,0.24117690324783325,0.2968571186065674,0.5380340218544006,0.24117690324783325,0.0740257278084755,0.08970723301172256,0.05705609172582626
ait-train-2017-En-30190,2017-En-30190,"Riding at night has got to be one of the most exhilarating, refreshing things I have ever done.",1,positive,train,3,ordinal_-3_to_3,negative=-3..-1; zero=excluded; positive=1..3,A,target_directed,0.5947774648666382,E,0.3290441930294037,0.2657332718372345,0.5947774648666382,0.06547042727470398,0.007475143298506737,0.003232697257772088,0.3290441930294037
ait-train-2017-En-30193,2017-En-30193,Thinking about trying some comedy on youtube. Always been fond of it. Time to nut up. #laughter #comedy #maybeoneday #hopefullyfunny #LOL,1,positive,train,3,ordinal_-3_to_3,negative=-3..-1; zero=excluded; positive=1..3,B,objectless_general,0.4644307792186737,A,0.16557294130325317,0.29885783791542053,0.16557294130325317,0.4644307792186737,0.16015681624412537,0.15812073647975922,0.051718756556510925
ait-train-2017-En-30195,2017-En-30195,"Lmboo , using my nephew for meme ",1,positive,train,1,ordinal_-3_to_3,negative=-3..-1; zero=excluded; positive=1..3,C,reported_quoted,0.4751562476158142,B,0.2753472924232483,0.19980895519256592,0.06736668199300766,0.2753472924232483,0.4751562476158142,0.0565345473587513,0.12559519708156586
ait-train-2017-En-30198,2017-En-30198,"#personaldevelopment\n\nToday is a gift, that's why it's called the present... #happiness #optimism #entrepreneur #personaldevelopment …",1,positive,train,3,ordinal_-3_to_3,negative=-3..-1; zero=excluded; positive=1..3,C,reported_quoted,0.32456955313682556,B,0.2515620291233063,0.07300752401351929,0.18822984397411346,0.2515620291233063,0.32456955313682556,0.0761898085474968,0.1594487577676773
ait-train-2017-En-30200,2017-En-30200,"@Nikhilv95 @LydiajaneF I wish, I really, truly wish, that I had just a modicum of your banter. #hilarious",1,positive,train,3,ordinal_-3_to_3,negative=-3..-1; zero=excluded; positive=1..3,C,reported_quoted,0.26002293825149536,E,0.23292173445224762,0.02710120379924774,0.13662448525428772,0.21293896436691284,0.26002293825149536,0.15749183297157288,0.23292173445224762
ait-train-2017-En-30207,2017-En-30207,@Nick_Offerman I'll be there!! Can't wait for all the #mirth!,1,positive,train,1,ordinal_-3_to_3,negative=-3..-1; zero=excluded; positive=1..3,E,ambiguous,0.5054731965065002,B,0.19026529788970947,0.31520789861679077,0.13197177648544312,0.19026529788970947,0.04511179402470589,0.12717795372009277,0.5054731965065002
ait-train-2017-En-30209,2017-En-30209,@crimpoop my adorable and cheerful daughter\nAlways pouring positivity green goo on me\ndare hurt her and you'll see hell //growls\n\n#PandaBot,1,positive,train,1,ordinal_-3_to_3,negative=-3..-1; zero=excluded; positive=1..3,C,reported_quoted,0.3683536648750305,B,0.27392417192459106,0.09442949295043945,0.2280891090631485,0.27392417192459106,0.3683536648750305,0.08982771635055542,0.039805345237255096
ait-train-2017-En-30210,2017-En-30210,Remember: The life you have is a blessing for #God. Make it a joyful experience regardless of the odds. GBY,1,positive,train,1,ordinal_-3_to_3,negative=-3..-1; zero=excluded; positive=1..3,A,target_directed,0.4493204951286316,C,0.22037911415100098,0.22894138097763062,0.4493204951286316,0.10703159868717194,0.22037911415100098,0.06658050417900085,0.15668825805187225
ait-train-2017-En-30216,2017-En-30216,@beingbrilliant @johnmurrays you're welcome. It's genuinely made me give my head a wobble and realise what's important in life.  #smiling,1,positive,train,3,ordinal_-3_to_3,negative=-3..-1; zero=excluded; positive=1..3,A,target_directed,0.31448715925216675,E,0.26411953568458557,0.05036762356758118,0.31448715925216675,0.2136964201927185,0.09025102853775024,0.11744580417871475,0.26411953568458557
ait-train-2017-En-30220,2017-En-30220,chirp chirp! what a beautiful white and red bird! 🐦,1,positive,train,1,ordinal_-3_to_3,negative=-3..-1; zero=excluded; positive=1..3,A,target_directed,0.8020848631858826,B,0.09211426228284836,0.7099705934524536,0.8020848631858826,0.09211426228284836,0.026016438379883766,0.03438358008861542,0.04540087282657623
ait-train-2017-En-30221,2017-En-30221,15 minutes of yoga to your breakfast routine will change your day #preparation #sunriseyoga #bodyawareness #health #yoga #smile #stretch,1,positive,train,3,ordinal_-3_to_3,negative=-3..-1; zero=excluded; positive=1..3,B,objectless_general,0.30287104845046997,C,0.3001675009727478,0.002703547477722168,0.16691167652606964,0.30287104845046997,0.3001675009727478,0.09071559458971024,0.13933415710926056
ait-train-2017-En-30222,2017-En-30222,@sydneyswans #cheer #cheer the #red and #white we are now off to #grand final to #win the #fight. Thanks @JetstarAirways,1,positive,train,3,ordinal_-3_to_3,negative=-3..-1; zero=excluded; positive=1..3,B,objectless_general,0.2619815468788147,E,0.25351908802986145,0.008462458848953247,0.15186235308647156,0.2619815468788147,0.20045487582683563,0.13218210637569427,0.25351908802986145
ait-train-2017-En-30226,2017-En-30226,"The T.I / Shawty Lo beef is one of the more underrated ones in hip-hop history. Chock-full of wit, bravado and hilarity.",1,positive,train,1,ordinal_-3_to_3,negative=-3..-1; zero=excluded; positive=1..3,A,target_directed,0.48788392543792725,E,0.2622995972633362,0.22558432817459106,0.48788392543792725,0.1730615198612213,0.051943764090538025,0.024811193346977234,0.2622995972633362
ait-train-2017-En-30229,2017-En-30229,Go follow me on Musically @budderlordk1ng I am making a lively. Come and join BFFing and Following ;) See you there!,1,positive,train,1,ordinal_-3_to_3,negative=-3..-1; zero=excluded; positive=1..3,E,ambiguous,0.4549509584903717,A,0.18458516895771027,0.27036577463150024,0.18458516895771027,0.1327054500579834,0.10113044083118439,0.12662795186042786,0.4549509584903717
ait-train-2017-En-30230,2017-En-30230,@adamrodricks I like your optimism!,1,positive,train,1,ordinal_-3_to_3,negative=-3..-1; zero=excluded; positive=1..3,E,ambiguous,0.45447659492492676,B,0.20561589300632477,0.248860701918602,0.1867959350347519,0.20561589300632477,0.11887430399656296,0.03423730283975601,0.45447659492492676
ait-train-2017-En-30231,2017-En-30231,Ryan Gosling and Eva Mendes finally  ; B joyful an funny/dont boss/dont argue/do everything with kids/go on mini car trips/ focus on love,1,positive,train,1,ordinal_-3_to_3,negative=-3..-1; zero=excluded; positive=1..3,B,objectless_general,0.8194612860679626,A,0.08063532412052155,0.7388259768486023,0.08063532412052155,0.8194612860679626,0.04274104908108711,0.03768784552812576,0.019474560394883156
ait-train-2017-En-30237,2017-En-30237,"Elinor,' she laughed so little known, all over every body at the brilliant cheerfulness of sweetmeats and a fashion.",1,positive,train,1,ordinal_-3_to_3,negative=-3..-1; zero=excluded; positive=1..3,E,ambiguous,0.9651167988777161,C,0.028504634276032448,0.9366121888160706,0.0010327942436560988,0.004390169400721788,0.028504634276032448,0.0009556050063110888,0.9651167988777161
ait-train-2017-En-30238,2017-En-30238,Only Geo is capable of cheering me up❤️❤️❤️,1,positive,train,1,ordinal_-3_to_3,negative=-3..-1; zero=excluded; positive=1..3,A,target_directed,0.37444770336151123,B,0.1990441232919693,0.17540358006954193,0.37444770336151123,0.1990441232919693,0.181678906083107,0.11562430113554001,0.1292049139738083
ait-train-2017-En-30239,2017-En-30239,@MericanMainer AWW. I had a Maine Coon when I was little named Ted Eddy the Wonder Cat. They're such good cats! Very playful and sweet,1,positive,train,1,ordinal_-3_to_3,negative=-3..-1; zero=excluded; positive=1..3,B,objectless_general,0.3205946087837219,C,0.22069917619228363,0.0998954325914383,0.21608440577983856,0.3205946087837219,0.22069917619228363,0.20653988420963287,0.03608192503452301
ait-train-2017-En-30241,2017-En-30241,What if.... the Metro LRT went over the Walterdale?!?! 😂 #yeg ,1,positive,train,1,ordinal_-3_to_3,negative=-3..-1; zero=excluded; positive=1..3,E,ambiguous,0.6380858421325684,C,0.1394188106060028,0.49866703152656555,0.05314702168107033,0.11154791712760925,0.1394188106060028,0.05780046805739403,0.6380858421325684
ait-train-2017-En-30242,2017-En-30242,Go follow #beautiful #Snowgang ♥@Amynicolehill12 ♥ #Princess #fitness #bodyposi #haircut #smile #Whitegirlwednesday,1,positive,train,2,ordinal_-3_to_3,negative=-3..-1; zero=excluded; positive=1..3,B,objectless_general,0.2844504714012146,C,0.24227625131607056,0.04217422008514404,0.15313492715358734,0.2844504714012146,0.24227625131607056,0.1725812554359436,0.14755716919898987
ait-train-2017-En-30246,2017-En-30246,*violently screams at the four winds* WE AINT EVER GETTING OLDER *cute jovial rhythm starts* *moves hips along and waves arms in the air*,1,positive,train,1,ordinal_-3_to_3,negative=-3..-1; zero=excluded; positive=1..3,E,ambiguous,0.8642393350601196,A,0.07584710419178009,0.7883922457695007,0.07584710419178009,0.024779237806797028,0.02262367680668831,0.012510719709098339,0.8642393350601196
ait-train-2017-En-30250,2017-En-30250,"I'm due for a big change! I've prayed on it, I think I deserve it #positivity ",1,positive,train,2,ordinal_-3_to_3,negative=-3..-1; zero=excluded; positive=1..3,E,ambiguous,0.49913033843040466,A,0.22909416258335114,0.27003616094589233,0.22909416258335114,0.1624223291873932,0.033162713050842285,0.07619045674800873,0.49913033843040466
ait-train-2017-En-30254,2017-En-30254,Rojo is hilarious,1,positive,train,2,ordinal_-3_to_3,negative=-3..-1; zero=excluded; positive=1..3,A,target_directed,0.42356306314468384,E,0.3617244064807892,0.06183865666389465,0.42356306314468384,0.1862861067056656,0.021219294518232346,0.007207145914435387,0.3617244064807892
ait-train-2017-En-30257,2017-En-30257,It's better to be wetter than it is dry' - @RLevin91 certainly found that hilarious #GBBO,1,positive,train,1,ordinal_-3_to_3,negative=-3..-1; zero=excluded; positive=1..3,E,ambiguous,0.33841466903686523,C,0.274688720703125,0.06372594833374023,0.07317669689655304,0.2705487310886383,0.274688720703125,0.04317116364836693,0.33841466903686523
ait-train-2017-En-30261,2017-En-30261,@safaridjh but it's so aesthetically pleasing omg,1,positive,train,3,ordinal_-3_to_3,negative=-3..-1; zero=excluded; positive=1..3,B,objectless_general,0.48030924797058105,C,0.2157561033964157,0.26455312967300415,0.04988672956824303,0.48030924797058105,0.2157561033964157,0.13816504180431366,0.11588286608457565
ait-train-2017-En-30265,2017-En-30265,I thought I got mad for anything but my bf gets mad over any little thing lmfao shit be hilarious,1,positive,train,1,ordinal_-3_to_3,negative=-3..-1; zero=excluded; positive=1..3,E,ambiguous,0.7020135521888733,B,0.13333867490291595,0.5686748623847961,0.01827877014875412,0.13333867490291595,0.10251490771770477,0.04385409504175186,0.7020135521888733
ait-train-2017-En-30268,2017-En-30268,Optimism leads to success. - Bill Kerr @Coach__Kerr #success  #goals,1,positive,train,2,ordinal_-3_to_3,negative=-3..-1; zero=excluded; positive=1..3,A,target_directed,0.407602459192276,C,0.21601983904838562,0.19158262014389038,0.407602459192276,0.16439597308635712,0.21601983904838562,0.014500278979539871,0.19748148322105408
ait-train-2017-En-30270,2017-En-30270,#smile is the #respect we give everyone.,1,positive,train,1,ordinal_-3_to_3,negative=-3..-1; zero=excluded; positive=1..3,A,target_directed,0.3526175022125244,B,0.31150275468826294,0.041114747524261475,0.3526175022125244,0.31150275468826294,0.15734216570854187,0.09327266365289688,0.08526494354009628
ait-train-2017-En-30271,2017-En-30271,Not untill today has anyone ever said to me they remember what I had on over 7 years ago when they met me n liked me since #cutealert #happy,1,positive,train,2,ordinal_-3_to_3,negative=-3..-1; zero=excluded; positive=1..3,C,reported_quoted,0.49470216035842896,B,0.2961849272251129,0.19851723313331604,0.03354830667376518,0.2961849272251129,0.49470216035842896,0.09402307122945786,0.08154156059026718
ait-train-2017-En-30273,2017-En-30273,Watching Avatar and wondering why I took so long to watch this *collapses in a joyous heap*,1,positive,train,3,ordinal_-3_to_3,negative=-3..-1; zero=excluded; positive=1..3,E,ambiguous,0.6456482410430908,A,0.11347132176160812,0.5321769118309021,0.11347132176160812,0.11215854436159134,0.05254509672522545,0.07617682963609695,0.6456482410430908
ait-train-2017-En-30276,2017-En-30276,I'm a cheery ghost.,1,positive,train,1,ordinal_-3_to_3,negative=-3..-1; zero=excluded; positive=1..3,C,reported_quoted,0.4996275007724762,B,0.19131384789943695,0.30831366777420044,0.12248990684747696,0.19131384789943695,0.4996275007724762,0.059308893978595734,0.12725983560085297
ait-train-2017-En-30282,2017-En-30282,@Dubai92 try asking for a cheeseburger with only onion &amp; mustard at any #McDonalds #hilarious,1,positive,train,2,ordinal_-3_to_3,negative=-3..-1; zero=excluded; positive=1..3,E,ambiguous,0.32955434918403625,B,0.30460837483406067,0.024945974349975586,0.03390924632549286,0.30460837483406067,0.28964880108833313,0.04227929189801216,0.32955434918403625
ait-train-2017-En-30287,2017-En-30287,@kymwhitley hello Miss Lady I'm sure today brings you happiness and laughter use your voice also to make us laugh  god knows we need it,1,positive,train,1,ordinal_-3_to_3,negative=-3..-1; zero=excluded; positive=1..3,E,ambiguous,0.46190476417541504,C,0.22047793865203857,0.24142682552337646,0.039838336408138275,0.20999625325202942,0.22047793865203857,0.0677826777100563,0.46190476417541504
ait-train-2017-En-30288,2017-En-30288,Thank you @twitter for the balloons today.  #goodday #48,1,positive,train,3,ordinal_-3_to_3,negative=-3..-1; zero=excluded; positive=1..3,B,objectless_general,0.35896748304367065,C,0.2673860192298889,0.09158146381378174,0.26200732588768005,0.35896748304367065,0.2673860192298889,0.07785280793905258,0.033786363899707794
ait-train-2017-En-30291,2017-En-30291,"Knowing how to cook is invaluable, what's even better is that even in a 400 sq ft place, I have wide and hearty homestyle egg noodles.",1,positive,train,3,ordinal_-3_to_3,negative=-3..-1; zero=excluded; positive=1..3,B,objectless_general,0.39364108443260193,A,0.27688607573509216,0.11675500869750977,0.27688607573509216,0.39364108443260193,0.14699643850326538,0.08030396699905396,0.10217241942882538
ait-train-2017-En-30293,2017-En-30293,Do what makes you successful and #happy now and forever,1,positive,train,3,ordinal_-3_to_3,negative=-3..-1; zero=excluded; positive=1..3,B,objectless_general,0.2577328085899353,E,0.2511873245239258,0.0065454840660095215,0.16518639028072357,0.2577328085899353,0.09811079502105713,0.2277826964855194,0.2511873245239258
ait-train-2017-En-30295,2017-En-30295,Use your smile to change the world. Don't let the world change your smile.' #quote #actorslife #smile #love #hardworkpaysoff #fun,1,positive,train,3,ordinal_-3_to_3,negative=-3..-1; zero=excluded; positive=1..3,A,target_directed,0.5383059978485107,E,0.20776239037513733,0.3305436074733734,0.5383059978485107,0.13164560496807098,0.06951288133859634,0.05277308449149132,0.20776239037513733
ait-train-2017-En-30296,2017-En-30296,#smile every morning to a positive head start with your #clients relations,1,positive,train,3,ordinal_-3_to_3,negative=-3..-1; zero=excluded; positive=1..3,B,objectless_general,0.37592393159866333,A,0.18394529819488525,0.19197863340377808,0.18394529819488525,0.37592393159866333,0.16690529882907867,0.16106021404266357,0.11216525733470917
ait-train-2017-En-30303,2017-En-30303,Rec'd call 2day from Haitian church we started in Florida some 15yrs ago. Preparing to acquire their own bldg. Wanted me to know. #rejoicing,1,positive,train,2,ordinal_-3_to_3,negative=-3..-1; zero=excluded; positive=1..3,E,ambiguous,0.33421653509140015,B,0.2091653198003769,0.12505121529102325,0.20394273102283478,0.2091653198003769,0.15523698925971985,0.09743839502334595,0.33421653509140015
ait-train-2017-En-30312,2017-En-30312,@bradshawjp Sweet! #optimism,1,positive,train,1,ordinal_-3_to_3,negative=-3..-1; zero=excluded; positive=1..3,B,objectless_general,0.40260830521583557,C,0.2060900330543518,0.19651827216148376,0.1379433274269104,0.40260830521583557,0.2060900330543518,0.09531446546316147,0.15804395079612732
ait-train-2017-En-30320,2017-En-30320,"@5ftanomaly aside from that i'm all about pleasing the individual that i'm involved with, my pleasure comes from their pleasure.",1,positive,train,2,ordinal_-3_to_3,negative=-3..-1; zero=excluded; positive=1..3,C,reported_quoted,0.30911627411842346,B,0.3009597361087799,0.008156538009643555,0.13827936351299286,0.3009597361087799,0.30911627411842346,0.10431446135044098,0.14733019471168518
ait-train-2017-En-30321,2017-En-30321,mustache_harbor: TiburonChamber plus a hearty pour of #yachtrock by #mustacheharbor !,1,positive,train,1,ordinal_-3_to_3,negative=-3..-1; zero=excluded; positive=1..3,C,reported_quoted,0.39258795976638794,A,0.2491602748632431,0.14342768490314484,0.2491602748632431,0.20159879326820374,0.39258795976638794,0.05363510921597481,0.10301786661148071
ait-train-2017-En-30329,2017-En-30329,Punchline king is back! @Paedeezy 🔥🔥🔥🔥🔥🔥🔥💯💯💯 #bright city lights,1,positive,train,1,ordinal_-3_to_3,negative=-3..-1; zero=excluded; positive=1..3,E,ambiguous,0.3505728244781494,C,0.2300863116979599,0.12048651278018951,0.18769964575767517,0.18452829122543335,0.2300863116979599,0.047112930566072464,0.3505728244781494
ait-train-2017-En-30330,2017-En-30330,@lawson__lynch my kinda girl pleasing the dick right😍😏,1,positive,train,2,ordinal_-3_to_3,negative=-3..-1; zero=excluded; positive=1..3,E,ambiguous,0.36710125207901,B,0.17428173124790192,0.1928195208311081,0.15212753415107727,0.17428173124790192,0.1505480259656906,0.1559414267539978,0.36710125207901
ait-train-2017-En-30331,2017-En-30331,Catering channel's at the height technics hearty enjoyment symptomatize: vrlfEyrN,1,positive,train,1,ordinal_-3_to_3,negative=-3..-1; zero=excluded; positive=1..3,C,reported_quoted,0.5152313113212585,E,0.3253808617591858,0.18985044956207275,0.06676505506038666,0.07264149188995361,0.5152313113212585,0.019981306046247482,0.3253808617591858
ait-train-2017-En-30335,2017-En-30335,@INCIndia Oh please! INC talking about looting! I'm not saying #BJP is pure but this is such a #hilarious #irony! @BJP4India is def better!,1,positive,train,1,ordinal_-3_to_3,negative=-3..-1; zero=excluded; positive=1..3,E,ambiguous,0.596424400806427,B,0.181297168135643,0.4151272177696228,0.037214506417512894,0.181297168135643,0.10999544709920883,0.07506848126649857,0.596424400806427
ait-train-2017-En-30339,2017-En-30339,"@PersephoneOD Her cheerful voice echoed through the grand, familiar home, a smile blossoming on my rosy brims, 'Mom.' I reciprocated the --",1,positive,train,2,ordinal_-3_to_3,negative=-3..-1; zero=excluded; positive=1..3,B,objectless_general,0.47774064540863037,A,0.2573121190071106,0.22042852640151978,0.2573121190071106,0.47774064540863037,0.10859595239162445,0.11229304224252701,0.04405820742249489
ait-train-2017-En-30340,2017-En-30340,"Just watched Django Unchained, Other people may frown, but I titter in delight! 2/5",1,positive,train,1,ordinal_-3_to_3,negative=-3..-1; zero=excluded; positive=1..3,E,ambiguous,0.499297171831131,B,0.27746114134788513,0.22183603048324585,0.09437943249940872,0.27746114134788513,0.06330765783786774,0.0655546486377716,0.499297171831131
ait-train-2017-En-30341,2017-En-30341,My future must be bright af.,1,positive,train,1,ordinal_-3_to_3,negative=-3..-1; zero=excluded; positive=1..3,A,target_directed,0.737946629524231,E,0.25590217113494873,0.4820444583892822,0.737946629524231,0.003997804131358862,0.0007949850405566394,0.0013584161642938852,0.25590217113494873
ait-train-2017-En-30344,2017-En-30344,Live simply. Dream big. Be grateful. Give love. Laugh lots. - Unknown #quote #inspiration ,1,positive,train,2,ordinal_-3_to_3,negative=-3..-1; zero=excluded; positive=1..3,B,objectless_general,0.29461029171943665,A,0.28808772563934326,0.006522566080093384,0.28808772563934326,0.29461029171943665,0.21740691363811493,0.12108367681503296,0.0788113921880722
ait-train-2017-En-30347,2017-En-30347,"@yoursecretsub1 Trust me dear, if you want to make anything invisible, hang a wet paint on it, and hilarity will ensue.",1,positive,train,1,ordinal_-3_to_3,negative=-3..-1; zero=excluded; positive=1..3,E,ambiguous,0.6946485042572021,C,0.14959008991718292,0.5450584292411804,0.018394235521554947,0.126316100358963,0.14959008991718292,0.011051048524677753,0.6946485042572021
ait-train-2017-En-30366,2017-En-30366,A 'non-permissive environment' is also called a 'battleground' - #MilSpeak #hilarious,1,positive,train,1,ordinal_-3_to_3,negative=-3..-1; zero=excluded; positive=1..3,C,reported_quoted,0.2822548449039459,E,0.2585969567298889,0.023657888174057007,0.13387688994407654,0.22250312566757202,0.2822548449039459,0.10276824235916138,0.2585969567298889
ait-train-2017-En-30371,2017-En-30371,"It's not that the man did not know how to juggle, he just didn't have the balls to do it. \n#funny #pun #punny #lol #hilarious",1,positive,train,3,ordinal_-3_to_3,negative=-3..-1; zero=excluded; positive=1..3,C,reported_quoted,0.5051342844963074,E,0.2609066367149353,0.24422764778137207,0.03689568117260933,0.18212378025054932,0.5051342844963074,0.014939624816179276,0.2609066367149353
ait-train-2017-En-30374,2017-En-30374,"@gypsydragoness wrinkling up. 'Well now, looks here like your name starts with the letter G, eh?' The man smiled up and gave a hearty +",1,positive,train,2,ordinal_-3_to_3,negative=-3..-1; zero=excluded; positive=1..3,C,reported_quoted,0.33611929416656494,B,0.2641221284866333,0.07199716567993164,0.17816056311130524,0.2641221284866333,0.33611929416656494,0.11454985290765762,0.10704810172319412
ait-train-2017-En-30380,2017-En-30380,When you're prof suggest @Pharrell and William James may be unlikely dialogue partners and then plays the #happy video #WeAreCST,1,positive,train,1,ordinal_-3_to_3,negative=-3..-1; zero=excluded; positive=1..3,E,ambiguous,0.3151911795139313,B,0.30850526690483093,0.006685912609100342,0.05446968227624893,0.30850526690483093,0.25971662998199463,0.062117286026477814,0.3151911795139313
ait-train-2017-En-30382,2017-En-30382,Thinking about trying some comedy on youtube. Always been fond of it. Time to nut up.  #comedy #maybeoneday #hopefullyfunny #LOL,1,positive,train,3,ordinal_-3_to_3,negative=-3..-1; zero=excluded; positive=1..3,B,objectless_general,0.4490363597869873,D,0.17971161007881165,0.26932474970817566,0.15605099499225616,0.4490363597869873,0.15390706062316895,0.17971161007881165,0.0612940713763237
ait-train-2017-En-30384,2017-En-30384,Watch this amazing live.ly broadcast by @brooke_bridges #lively #musically,1,positive,train,1,ordinal_-3_to_3,negative=-3..-1; zero=excluded; positive=1..3,C,reported_quoted,0.2789210379123688,B,0.2780795991420746,0.0008414387702941895,0.1985265463590622,0.2780795991420746,0.2789210379123688,0.055130619555711746,0.1893421709537506
ait-train-2017-En-30390,2017-En-30390,I aspire to have Val's self confidence and optimism tbh 👏💖 #GBBO,1,positive,train,2,ordinal_-3_to_3,negative=-3..-1; zero=excluded; positive=1..3,A,target_directed,0.2560635507106781,E,0.25084179639816284,0.005221754312515259,0.2560635507106781,0.17302152514457703,0.15168745815753937,0.16838569939136505,0.25084179639816284
ait-train-2017-En-30393,2017-En-30393,Just now we were rejoicing that we finally won a match the draw just revealed that we are facing city next. This life sef,0,negative,train,-1,ordinal_-3_to_3,negative=-3..-1; zero=excluded; positive=1..3,B,objectless_general,0.3377527892589569,E,0.258675754070282,0.07907703518867493,0.0582774393260479,0.3377527892589569,0.24001386761665344,0.10528013855218887,0.258675754070282
ait-train-2017-En-30395,2017-En-30395,"Charlotte and a friend just climbed to the top of a windmill! Think the view was easy, breezy, beautiful? @PlayHollywoodU",1,positive,train,3,ordinal_-3_to_3,negative=-3..-1; zero=excluded; positive=1..3,B,objectless_general,0.370259165763855,A,0.23642860352993011,0.13383056223392487,0.23642860352993011,0.370259165763855,0.08360912650823593,0.1148342490196228,0.19486887753009796
ait-train-2017-En-30404,2017-En-30404,"@carysmithwriter @Maria_Savva @RealRockAndRoll We're the least known band in the World, but so glad you asked #muchlove ",1,positive,train,2,ordinal_-3_to_3,negative=-3..-1; zero=excluded; positive=1..3,E,ambiguous,0.361263245344162,C,0.3462967872619629,0.014966458082199097,0.049712296575307846,0.18126830458641052,0.3462967872619629,0.061459362506866455,0.361263245344162
ait-train-2017-En-30406,2017-En-30406,"@nw_autonate \n\n*She held the back of his skull, smiling into the kiss.*",1,positive,train,1,ordinal_-3_to_3,negative=-3..-1; zero=excluded; positive=1..3,C,reported_quoted,0.7822879552841187,B,0.1026524156332016,0.6796355247497559,0.06068975850939751,0.1026524156332016,0.7822879552841187,0.014675440266728401,0.039694417268037796
ait-train-2017-En-30417,2017-En-30417,I've got some new pens to break in. Name an animated series and I'll draw you in that style 🖍,1,positive,train,1,ordinal_-3_to_3,negative=-3..-1; zero=excluded; positive=1..3,B,objectless_general,0.5116281509399414,C,0.1908266395330429,0.3208014965057373,0.08840440958738327,0.5116281509399414,0.1908266395330429,0.16323107481002808,0.04590964317321777
ait-train-2017-En-30420,2017-En-30420,@Corsair those sparkling looks like a gay vampire 😁,1,positive,train,1,ordinal_-3_to_3,negative=-3..-1; zero=excluded; positive=1..3,E,ambiguous,0.2583838403224945,C,0.2449331134557724,0.013450726866722107,0.14360696077346802,0.23899607360363007,0.2449331134557724,0.11407992988824844,0.2583838403224945
ait-train-2017-En-30421,2017-En-30421,"Yahweh your God is among you, a warrior who saves. He will rejoice over you with gladness.",1,positive,train,1,ordinal_-3_to_3,negative=-3..-1; zero=excluded; positive=1..3,A,target_directed,0.39109450578689575,E,0.2875884473323822,0.10350605845451355,0.39109450578689575,0.09921025484800339,0.2082478106021881,0.013858959078788757,0.2875884473323822
ait-train-2017-En-30434,2017-En-30434,My friend just messaged me 'ugh I'm so hungry I can't wait for breakfast' #socialmedia #WineWednesday  #funny #laughing ,1,positive,train,3,ordinal_-3_to_3,negative=-3..-1; zero=excluded; positive=1..3,B,objectless_general,0.6092396378517151,C,0.17075365781784058,0.4384859800338745,0.0947144404053688,0.6092396378517151,0.17075365781784058,0.09614964574575424,0.02914266288280487
ait-train-2017-En-30436,2017-En-30436,"repentance, and trusting in Christ. It is lowly and painful, but it is also joyous, peaceful, and absolutely glorious. (2/2)",1,positive,train,1,ordinal_-3_to_3,negative=-3..-1; zero=excluded; positive=1..3,A,target_directed,0.3395543396472931,B,0.2570100724697113,0.08254426717758179,0.3395543396472931,0.2570100724697113,0.141634002327919,0.06047183647751808,0.20132975280284882
ait-train-2017-En-30453,2017-En-30453,Benefit out exhilaration called online backing off: JkUVmvQXY,1,positive,train,1,ordinal_-3_to_3,negative=-3..-1; zero=excluded; positive=1..3,C,reported_quoted,0.5579369068145752,E,0.22235482931137085,0.33558207750320435,0.06203337758779526,0.1111169382929802,0.5579369068145752,0.046557992696762085,0.22235482931137085
ait-train-2017-En-30454,2017-En-30454,Optimism leads to success. - Bill Kerr @Coach__Kerr #success #optimism #goals,1,positive,train,1,ordinal_-3_to_3,negative=-3..-1; zero=excluded; positive=1..3,A,target_directed,0.4530615210533142,E,0.23764672875404358,0.21541479229927063,0.4530615210533142,0.14994053542613983,0.14804083108901978,0.011310373432934284,0.23764672875404358
ait-train-2017-En-30455,2017-En-30455,"@AphoticSanguine —but be a little playful. \n\nHe hesitantly pulls away, just enough so he could get words out, lips brushing against—",1,positive,train,2,ordinal_-3_to_3,negative=-3..-1; zero=excluded; positive=1..3,C,reported_quoted,0.4976038634777069,B,0.3083663880825043,0.18923747539520264,0.09341642260551453,0.3083663880825043,0.4976038634777069,0.040605634450912476,0.06000768393278122
ait-train-2017-En-30456,2017-En-30456,"“When we give cheerfully and accept gratefully, everyone is blessed.”―Maya Angelou",1,positive,train,1,ordinal_-3_to_3,negative=-3..-1; zero=excluded; positive=1..3,A,target_directed,0.6558836698532104,B,0.2334832400083542,0.42240041494369507,0.6558836698532104,0.2334832400083542,0.06882505863904953,0.019978946074843407,0.021829161792993546
ait-train-2017-En-30459,2017-En-30459,"#Followback Quote_Soup: Be happy not because everything is good, but because you can see the good side of everything. #optimism",1,positive,train,1,ordinal_-3_to_3,negative=-3..-1; zero=excluded; positive=1..3,B,objectless_general,0.3380855917930603,C,0.25365960597991943,0.08442598581314087,0.18022704124450684,0.3380855917930603,0.25365960597991943,0.08563041687011719,0.14239738881587982
ait-train-2017-En-30461,2017-En-30461,I assume that people pick up on my joviality coz I lol a lot but it's just not working. Maybe I need to get heavy handed with emoticons? Ha,0,negative,train,-2,ordinal_-3_to_3,negative=-3..-1; zero=excluded; positive=1..3,C,reported_quoted,0.41359230875968933,B,0.37863415479660034,0.03495815396308899,0.023271501064300537,0.37863415479660034,0.41359230875968933,0.0873129665851593,0.09718900918960571
ait-train-2017-En-30462,2017-En-30462,Your lion's heart\nWill protect you under stormy skies\nAnd I will always be listening for your laughter and your tears,1,positive,train,1,ordinal_-3_to_3,negative=-3..-1; zero=excluded; positive=1..3,C,reported_quoted,0.3080030679702759,E,0.30549076199531555,0.002512305974960327,0.16986460983753204,0.1682257205247879,0.3080030679702759,0.04841583967208862,0.30549076199531555
ait-train-2017-En-30466,2017-En-30466,"To all who follow me, whether we've ever talked or not hope you have a joyous life. Goodbye.",1,positive,train,2,ordinal_-3_to_3,negative=-3..-1; zero=excluded; positive=1..3,B,objectless_general,0.39839187264442444,A,0.23545841872692108,0.16293345391750336,0.23545841872692108,0.39839187264442444,0.1766515076160431,0.0842793732881546,0.1052187904715538
ait-train-2017-En-30475,2017-En-30475,And you as well! #sparkling @cherebork @MelissaJoyRD @SarahKoszykRD @eat4performance @rustnutrition @jenhaugen,1,positive,train,1,ordinal_-3_to_3,negative=-3..-1; zero=excluded; positive=1..3,C,reported_quoted,0.34942126274108887,E,0.32729998230934143,0.022121280431747437,0.08970902115106583,0.17977438867092133,0.34942126274108887,0.05379541963338852,0.32729998230934143
ait-train-2017-En-30481,2017-En-30481,"@IndieWire @cinemaeyehonors #WaltzWithBashir was incredible, tho I think it's more of an #animated film than #documentary about #Lebanon war",1,positive,train,2,ordinal_-3_to_3,negative=-3..-1; zero=excluded; positive=1..3,B,objectless_general,0.30871590971946716,E,0.28554385900497437,0.023172050714492798,0.1638333648443222,0.30871590971946716,0.1150376945734024,0.12686917185783386,0.28554385900497437
ait-train-2017-En-30483,2017-En-30483,@OilersFanSean yup I feel dirty cheering,1,positive,train,1,ordinal_-3_to_3,negative=-3..-1; zero=excluded; positive=1..3,D,mixed,0.3279127776622772,C,0.3186640441417694,0.009248733520507812,0.0387200266122818,0.16064807772636414,0.3186640441417694,0.3279127776622772,0.15405501425266266
ait-train-2017-En-30489,2017-En-30489,i'm doing laundry and watching that 70's show with a bunch of strangers. #happy #birthday #to #me,1,positive,train,2,ordinal_-3_to_3,negative=-3..-1; zero=excluded; positive=1..3,B,objectless_general,0.4321861267089844,C,0.3211391270160675,0.11104699969291687,0.03678584471344948,0.4321861267089844,0.3211391270160675,0.16850310564041138,0.04138579219579697
ait-train-2017-En-30491,2017-En-30491,"@DKTaylorWriter I thought that was funny, too. But maybe not such a coincidence. Green must be the official color of optimism.",1,positive,train,1,ordinal_-3_to_3,negative=-3..-1; zero=excluded; positive=1..3,C,reported_quoted,0.4009396731853485,E,0.2796117961406708,0.12132787704467773,0.02911069057881832,0.19624726474285126,0.4009396731853485,0.09409062564373016,0.2796117961406708
ait-train-2017-En-30497,2017-En-30497,Never make a #decision when you're #angry and never make a #promise when you're #happy. #wisewords,1,positive,train,1,ordinal_-3_to_3,negative=-3..-1; zero=excluded; positive=1..3,B,objectless_general,0.3424088954925537,A,0.2906424403190613,0.05176645517349243,0.2906424403190613,0.3424088954925537,0.15320689976215363,0.05572213977575302,0.158019557595253
ait-train-2017-En-30505,2017-En-30505,I'm really hitting all flavors of my sparkling water rap. But you know what's tripping me out? These half French and Spanish flavors.,0,negative,train,-1,ordinal_-3_to_3,negative=-3..-1; zero=excluded; positive=1..3,D,mixed,0.3162924349308014,B,0.3157842755317688,0.0005081593990325928,0.13125212490558624,0.3157842755317688,0.07409361749887466,0.3162924349308014,0.1625775545835495
ait-train-2017-En-30528,2017-En-30528,"Turkish exhilaration: for a 30% shade off irruptive russian visitors this twelvemonth, gobbler is nephalism so...",0,negative,train,-2,ordinal_-3_to_3,negative=-3..-1; zero=excluded; positive=1..3,B,objectless_general,0.2976062297821045,A,0.20693962275981903,0.09066660702228546,0.20693962275981903,0.2976062297821045,0.19927358627319336,0.09685292094945908,0.19932755827903748
ait-train-2017-En-30531,2017-En-30531,The Quarterback' wrecks me every time.. #glee,0,negative,train,-2,ordinal_-3_to_3,negative=-3..-1; zero=excluded; positive=1..3,C,reported_quoted,0.26131924986839294,E,0.2507380247116089,0.010581225156784058,0.2119196653366089,0.20599278807640076,0.26131924986839294,0.0700303316116333,0.2507380247116089
ait-train-2017-En-30536,2017-En-30536,I see I'll be hovering over the block button today with much glee.,0,negative,train,-2,ordinal_-3_to_3,negative=-3..-1; zero=excluded; positive=1..3,B,objectless_general,0.3921094238758087,E,0.24723993241786957,0.14486949145793915,0.1359824240207672,0.3921094238758087,0.1560090333223343,0.06865919381380081,0.24723993241786957
ait-train-2017-En-30542,2017-En-30542,"You know, you're pro-actively playful. You want to press your boobs into my face, Tatenashi. I'm not saying no, though. =3",1,positive,train,1,ordinal_-3_to_3,negative=-3..-1; zero=excluded; positive=1..3,E,ambiguous,0.5891456604003906,B,0.21332722902297974,0.3758184313774109,0.041734132915735245,0.21332722902297974,0.13184738159179688,0.023945607244968414,0.5891456604003906
ait-train-2017-En-30552,2017-En-30552,@DanLanthier That was exhilarating hockey. They're still out if Russia wins in regulation I'm reading. #fuck,0,negative,train,-1,ordinal_-3_to_3,negative=-3..-1; zero=excluded; positive=1..3,E,ambiguous,0.4589633047580719,B,0.19583946466445923,0.26312384009361267,0.11622950434684753,0.19583946466445923,0.14172588288784027,0.08724186569452286,0.4589633047580719
ait-train-2017-En-30558,2017-En-30558,Hey NASCAR fans. Are you going to the race in Loudon this weekend?  Why not stop by New Day Diner for a great hearty breakfast before you go,1,positive,train,1,ordinal_-3_to_3,negative=-3..-1; zero=excluded; positive=1..3,B,objectless_general,0.5504206418991089,C,0.16446219384670258,0.3859584331512451,0.08588548749685287,0.5504206418991089,0.16446219384670258,0.11146039515733719,0.08777123689651489
ait-train-2017-En-30560,2017-En-30560,"Hey u never know, Channel 4's version of #GBBO might actually be quite good. A few adverts aren't the end of the world. #optimism",1,positive,train,1,ordinal_-3_to_3,negative=-3..-1; zero=excluded; positive=1..3,E,ambiguous,0.48730090260505676,B,0.22464795410633087,0.2626529335975647,0.19955655932426453,0.22464795410633087,0.04913933947682381,0.0393553227186203,0.48730090260505676
ait-train-2017-En-30568,2017-En-30568,"At the regular cheerfulness of any emotion, her own supper, and to give the ladies were soon as they have been entirely at",1,positive,train,1,ordinal_-3_to_3,negative=-3..-1; zero=excluded; positive=1..3,E,ambiguous,0.45314082503318787,B,0.24619363248348236,0.2069471925497055,0.06433452665805817,0.24619363248348236,0.22587604820728302,0.010454916395246983,0.45314082503318787
ait-train-2017-En-30569,2017-En-30569,Blake lively is flawless,1,positive,train,3,ordinal_-3_to_3,negative=-3..-1; zero=excluded; positive=1..3,B,objectless_general,0.3846515417098999,C,0.32658591866493225,0.05806562304496765,0.16465429961681366,0.3846515417098999,0.32658591866493225,0.04709970951080322,0.07700855284929276
ait-train-2017-En-30570,2017-En-30570,"every time a new Anthony Weiner revelation breaks, Bill Clinton says a prayer of thanks that texting/DMing didn't exist in his heyday.",0,negative,train,-1,ordinal_-3_to_3,negative=-3..-1; zero=excluded; positive=1..3,C,reported_quoted,0.35877856612205505,B,0.3548523783683777,0.003926187753677368,0.07344488054513931,0.3548523783683777,0.35877856612205505,0.0437605194747448,0.16916367411613464
ait-train-2017-En-30576,2017-En-30576,Tip 5: Don't worry about pleasing everyone. #TitanWisdom,0,negative,train,-2,ordinal_-3_to_3,negative=-3..-1; zero=excluded; positive=1..3,C,reported_quoted,0.6266531348228455,E,0.16228611767292023,0.4643670320510864,0.023489175364375114,0.13470682501792908,0.6266531348228455,0.05286476016044617,0.16228611767292023
ait-train-2017-En-30578,2017-En-30578,Go follow #beautiful #Snowgang ♥@Amynicolehill12 ♥ #Princess #fitness #bodyposi #haircut  #Whitegirlwednesday,1,positive,train,3,ordinal_-3_to_3,negative=-3..-1; zero=excluded; positive=1..3,B,objectless_general,0.33570653200149536,C,0.3295237123966217,0.006182819604873657,0.11494264751672745,0.33570653200149536,0.3295237123966217,0.1433929055929184,0.07643421739339828
ait-train-2017-En-30585,2017-En-30585,Laudrup and his evil white companions rejoice.,1,positive,train,1,ordinal_-3_to_3,negative=-3..-1; zero=excluded; positive=1..3,C,reported_quoted,0.4280373454093933,E,0.38586917519569397,0.04216817021369934,0.04644544795155525,0.13210450112819672,0.4280373454093933,0.007543510757386684,0.38586917519569397
ait-train-2017-En-30594,2017-En-30594,"@CohenDS Yell, 'Bye, garbage!' cheerfully after it.",0,negative,train,-2,ordinal_-3_to_3,negative=-3..-1; zero=excluded; positive=1..3,E,ambiguous,0.5895527005195618,B,0.18960948288440704,0.3999432325363159,0.03648047149181366,0.18960948288440704,0.14343765377998352,0.04091966897249222,0.5895527005195618
ait-train-2017-En-30597,2017-En-30597,"•Days!'\nHe was itching for a fight..itching for the exhilaration of battle, of almost getting defeated, the adrenaline pumping•\n@RojinHitto",1,positive,train,1,ordinal_-3_to_3,negative=-3..-1; zero=excluded; positive=1..3,E,ambiguous,0.30476224422454834,B,0.2710089385509491,0.03375330567359924,0.18821394443511963,0.2710089385509491,0.17007507383823395,0.065939761698246,0.30476224422454834
ait-train-2017-En-30602,2017-En-30602,"Trying to loveee somebody, just wanna love somebody right now, guess there's just no pleasing me",0,negative,train,-1,ordinal_-3_to_3,negative=-3..-1; zero=excluded; positive=1..3,E,ambiguous,0.4131968319416046,D,0.24973997473716736,0.16345685720443726,0.08833011984825134,0.16746996343135834,0.08126309514045715,0.24973997473716736,0.4131968319416046
ait-train-2017-En-30609,2017-En-30609,"@MerenthaProphet - the Hunter in this way, content and joyous in simple, domestic bliss? I cannot wait for word of who you truly are to -",1,positive,train,1,ordinal_-3_to_3,negative=-3..-1; zero=excluded; positive=1..3,B,objectless_general,0.3215050995349884,E,0.25545451045036316,0.06605058908462524,0.12429690361022949,0.3215050995349884,0.20552164316177368,0.09322183579206467,0.25545451045036316
ait-train-2017-En-30611,2017-En-30611,Misery loves company. The church ought to be a place where it finds none.\n-Pastor Kris Theobald #joy #rejoice,1,positive,train,1,ordinal_-3_to_3,negative=-3..-1; zero=excluded; positive=1..3,C,reported_quoted,0.378654807806015,B,0.28521642088890076,0.09343838691711426,0.20284172892570496,0.28521642088890076,0.378654807806015,0.05936406925320625,0.07392290979623795
ait-train-2017-En-30614,2017-En-30614,#hate going to the doctor on so many levels but least I can go sleep with a #smile just watched #Dwight on live nation,1,positive,train,1,ordinal_-3_to_3,negative=-3..-1; zero=excluded; positive=1..3,B,objectless_general,0.3721655309200287,D,0.19892223179340363,0.17324329912662506,0.1530391126871109,0.3721655309200287,0.09798875451087952,0.19892223179340363,0.17788438498973846
ait-train-2017-En-30627,2017-En-30627,@JackCurryYES he's just lucky...bad pitchers...#WHATEVER...ElKracken is #legit #future #bright #gottawearshades #LetsGoYankees,1,positive,train,1,ordinal_-3_to_3,negative=-3..-1; zero=excluded; positive=1..3,C,reported_quoted,0.4679202139377594,E,0.34579089283943176,0.12212932109832764,0.02591671235859394,0.1311866044998169,0.4679202139377594,0.029185499995946884,0.34579089283943176
ait-train-2017-En-30628,2017-En-30628,Being playful as shit😤,0,negative,train,-2,ordinal_-3_to_3,negative=-3..-1; zero=excluded; positive=1..3,E,ambiguous,0.4890224039554596,B,0.19874022901058197,0.2902821898460388,0.03822794556617737,0.19874022901058197,0.14301595091819763,0.13099347054958344,0.4890224039554596
ait-train-2017-En-30637,2017-En-30637,"myself that despite the absolute delight my children and I would feel having a kitten in our home, the misery my husband would feel is more.",0,negative,train,-1,ordinal_-3_to_3,negative=-3..-1; zero=excluded; positive=1..3,E,ambiguous,0.3785831034183502,C,0.2797205150127411,0.09886258840560913,0.06136948987841606,0.1853090226650238,0.2797205150127411,0.0950179323554039,0.3785831034183502
ait-train-2017-En-30650,2017-En-30650,@niceoneWern @Alotta_Pain the gleesome threesome,0,negative,train,-1,ordinal_-3_to_3,negative=-3..-1; zero=excluded; positive=1..3,B,objectless_general,0.283966600894928,C,0.2480403184890747,0.03592628240585327,0.13345547020435333,0.283966600894928,0.2480403184890747,0.13314706087112427,0.20139050483703613
ait-train-2017-En-30654,2017-En-30654,i bet dat dog eating name brand cheerios. cant relate. i eat cheery O's,0,negative,train,-2,ordinal_-3_to_3,negative=-3..-1; zero=excluded; positive=1..3,E,ambiguous,0.5140005350112915,B,0.18693609535694122,0.3270644545555115,0.04389539361000061,0.18693609535694122,0.16455979645252228,0.09060819447040558,0.5140005350112915
ait-train-2017-En-30662,2017-En-30662,which always leads to the kind of hilarity average people will never experience - especially during breakups.,0,negative,train,-1,ordinal_-3_to_3,negative=-3..-1; zero=excluded; positive=1..3,E,ambiguous,0.5647512078285217,B,0.21843312680721283,0.3463180661201477,0.04612669348716736,0.21843312680721283,0.14886954426765442,0.021819399669766426,0.5647512078285217
ait-train-2017-En-30665,2017-En-30665,@johnwintertweet dudes who wanna play some bass but not buy a bass (me) rejoice,1,positive,train,1,ordinal_-3_to_3,negative=-3..-1; zero=excluded; positive=1..3,B,objectless_general,0.36476731300354004,C,0.25929152965545654,0.1054757833480835,0.07570132613182068,0.36476731300354004,0.25929152965545654,0.08162657916545868,0.21861329674720764
ait-train-2017-En-30666,2017-En-30666,@lennyabrahamson May I send you a copy of #HeroTheGreyhound? Either e-book or real paper one! A boy and a greyhound #smiles #tears ,1,positive,train,1,ordinal_-3_to_3,negative=-3..-1; zero=excluded; positive=1..3,A,target_directed,0.40773412585258484,B,0.22060269117355347,0.18713143467903137,0.40773412585258484,0.22060269117355347,0.10947130620479584,0.17860178649425507,0.08359011262655258
ait-train-2017-En-30690,2017-En-30690,Rec'd call 2day from Haitian church we started in Florida some 15yrs ago. Preparing to acquire their own bldg. Wanted me to know. ,1,positive,train,1,ordinal_-3_to_3,negative=-3..-1; zero=excluded; positive=1..3,B,objectless_general,0.3515743613243103,A,0.3331243395805359,0.018450021743774414,0.3331243395805359,0.3515743613243103,0.25135233998298645,0.04857015237212181,0.01537883747369051
ait-train-2017-En-30691,2017-En-30691,Doesn't it just suck when you're so real to someone and try to exhilarate every ounce out of them to only see that they're not down,0,negative,train,-2,ordinal_-3_to_3,negative=-3..-1; zero=excluded; positive=1..3,B,objectless_general,0.42294350266456604,E,0.22763840854167938,0.19530509412288666,0.0832604393362999,0.42294350266456604,0.08836745470762253,0.17779020965099335,0.22763840854167938
ait-train-2017-En-30693,2017-En-30693,"Tend the sick, Lord Christ; give rest to the weary, bless the dying, soothe the suffering, pity the afflicted, shield the joyous;",1,positive,train,1,ordinal_-3_to_3,negative=-3..-1; zero=excluded; positive=1..3,C,reported_quoted,0.3775840103626251,E,0.2666275203227997,0.11095649003982544,0.11048215627670288,0.18282641470432281,0.3775840103626251,0.0624798983335495,0.2666275203227997
ait-train-2017-En-30708,2017-En-30708,A former diplomat is quite gleeful about the situation of Pakistan on @TimesNow\nNot quite stiff upper lip of diplomacy seen normally,0,negative,train,-2,ordinal_-3_to_3,negative=-3..-1; zero=excluded; positive=1..3,E,ambiguous,0.399892657995224,A,0.20284174382686615,0.19705091416835785,0.20284174382686615,0.18446172773838043,0.09433898329734802,0.11846490204334259,0.399892657995224
ait-train-2017-En-30711,2017-En-30711,"god, Facebook's design has started to remind me of MySpace in its heyday",1,positive,train,1,ordinal_-3_to_3,negative=-3..-1; zero=excluded; positive=1..3,B,objectless_general,0.4486061632633209,A,0.26819908618927,0.1804070770740509,0.26819908618927,0.4486061632633209,0.06781031936407089,0.11426617950201035,0.10111824423074722
ait-train-2017-En-30714,2017-En-30714,@EngrNabeeel then rejoicing now is a lil' bit prematured dont you think🤔🤔🤔,0,negative,train,-2,ordinal_-3_to_3,negative=-3..-1; zero=excluded; positive=1..3,E,ambiguous,0.6390559673309326,C,0.27915412187576294,0.3599018454551697,0.01056497823446989,0.05003669112920761,0.27915412187576294,0.021188201382756233,0.6390559673309326
ait-train-2017-En-30720,2017-En-30720,Light of day per heyday popularization backfire cinematography: XUcQb,0,negative,train,-1,ordinal_-3_to_3,negative=-3..-1; zero=excluded; positive=1..3,C,reported_quoted,0.6753871440887451,E,0.21865761280059814,0.456729531288147,0.03223280981183052,0.06144144386053085,0.6753871440887451,0.012281070463359356,0.21865761280059814
ait-train-2017-En-30721,2017-En-30721,@peachkellipop the whole thread is jovial and fun and then this comment is like FULL of misogyny,1,positive,train,2,ordinal_-3_to_3,negative=-3..-1; zero=excluded; positive=1..3,E,ambiguous,0.6611563563346863,C,0.16919799149036407,0.4919583797454834,0.02700100466609001,0.11398764699697495,0.16919799149036407,0.0286569707095623,0.6611563563346863
ait-train-2017-En-30726,2017-En-30726,@berniedole looks that way. But let's think about Rohan last week ... #optimism,1,positive,train,2,ordinal_-3_to_3,negative=-3..-1; zero=excluded; positive=1..3,B,objectless_general,0.4000673294067383,C,0.3429314196109772,0.05713590979576111,0.1154715046286583,0.4000673294067383,0.3429314196109772,0.11026883125305176,0.0312608927488327
ait-train-2017-En-30732,2017-En-30732,Val is far too cheery for my liking ✋🏻,0,negative,train,-1,ordinal_-3_to_3,negative=-3..-1; zero=excluded; positive=1..3,B,objectless_general,0.8100740313529968,A,0.10502884536981583,0.7050451636314392,0.10502884536981583,0.8100740313529968,0.044139314442873,0.02040419727563858,0.02035362645983696
ait-train-2017-En-30739,2017-En-30739,"@blackeyed_susie They ain't going away, and I don't want to see them hurt; changing hearts/minds is really our only option, no? ",0,negative,train,-2,ordinal_-3_to_3,negative=-3..-1; zero=excluded; positive=1..3,C,reported_quoted,0.31671249866485596,B,0.2886638641357422,0.02804863452911377,0.051921676844358444,0.2886638641357422,0.31671249866485596,0.12538191676139832,0.21732008457183838
ait-train-2017-En-30742,2017-En-30742,$SRPT Why would Etep patients &amp; Mom's advocate for a drug if it did not work? Anyone listen to the Etep MD's @ Adcomm.. all were elated.,1,positive,train,2,ordinal_-3_to_3,negative=-3..-1; zero=excluded; positive=1..3,E,ambiguous,0.9946780204772949,C,0.003628395963460207,0.9910496473312378,0.00047828166862018406,0.0009560767211951315,0.003628395963460207,0.0002591736556496471,0.9946780204772949
ait-train-2017-En-30744,2017-En-30744,.@POTUS Obama describes his temperament as 'steady &amp; on the buoyant side.',0,negative,train,-2,ordinal_-3_to_3,negative=-3..-1; zero=excluded; positive=1..3,C,reported_quoted,0.4142575263977051,A,0.300740510225296,0.11351701617240906,0.300740510225296,0.2389453649520874,0.4142575263977051,0.016851995140314102,0.029204627498984337
ait-train-2017-En-30749,2017-En-30749,f breezy,1,positive,train,1,ordinal_-3_to_3,negative=-3..-1; zero=excluded; positive=1..3,B,objectless_general,0.7220205664634705,A,0.16675682365894318,0.5552637577056885,0.16675682365894318,0.7220205664634705,0.09707748889923096,0.008472252637147903,0.005672833416610956
ait-train-2017-En-30750,2017-En-30750,@bear_ing you asshole... you made me sexually attacked to a animated bear :-P,0,negative,train,-2,ordinal_-3_to_3,negative=-3..-1; zero=excluded; positive=1..3,E,ambiguous,0.9385702610015869,C,0.03879406675696373,0.8997762203216553,0.002844942733645439,0.016425156965851784,0.03879406675696373,0.0033654808066785336,0.9385702610015869
ait-train-2017-En-30755,2017-En-30755,"@rubeseatsinfo from here, it's but a short step to biweekly Community Meetings over a hearty meal of soy flakes",1,positive,train,1,ordinal_-3_to_3,negative=-3..-1; zero=excluded; positive=1..3,B,objectless_general,0.45440050959587097,C,0.3059423863887787,0.14845812320709229,0.07512170076370239,0.45440050959587097,0.3059423863887787,0.05468645319342613,0.1098489984869957
ait-train-2017-En-30767,2017-En-30767,@ClvlndK8 It's so sad! There's always such optimism with a new year. This is...not good. @BuckshotBandit1 @dapostrophearcy,0,negative,train,-2,ordinal_-3_to_3,negative=-3..-1; zero=excluded; positive=1..3,E,ambiguous,0.37379738688468933,B,0.23426470160484314,0.1395326852798462,0.23391956090927124,0.23426470160484314,0.10494925826787949,0.05306905880570412,0.37379738688468933
ait-train-2017-En-30769,2017-En-30769,@govph I would like to know about the source of The President's optimism about running the country. I wonder if he can answer my curiosity.,0,negative,train,-2,ordinal_-3_to_3,negative=-3..-1; zero=excluded; positive=1..3,E,ambiguous,0.34088069200515747,C,0.26907724142074585,0.07180345058441162,0.1133466362953186,0.22442613542079926,0.26907724142074585,0.05226936936378479,0.34088069200515747
ait-train-2017-En-30775,2017-En-30775,I need a bit of #GBBO to cheer me up after a terrible day!,0,negative,train,-2,ordinal_-3_to_3,negative=-3..-1; zero=excluded; positive=1..3,A,target_directed,0.3735951781272888,B,0.3689892292022705,0.0046059489250183105,0.3735951781272888,0.3689892292022705,0.03868705406785011,0.09101265668869019,0.12771593034267426
ait-train-2017-En-30786,2017-En-30786,Life izn't about pleasing each others...😕\n\n#hell #with #pleasing,0,negative,train,-2,ordinal_-3_to_3,negative=-3..-1; zero=excluded; positive=1..3,E,ambiguous,0.4616488218307495,C,0.2147865742444992,0.2468622475862503,0.12585823237895966,0.14003726840019226,0.2147865742444992,0.05766904726624489,0.4616488218307495
ait-train-2017-En-30789,2017-En-30789,@iamglenn35 the forth character? No... not gleeful enough...,0,negative,train,-1,ordinal_-3_to_3,negative=-3..-1; zero=excluded; positive=1..3,E,ambiguous,0.4389767050743103,C,0.4361691176891327,0.0028075873851776123,0.012525727972388268,0.09196872264146805,0.4361691176891327,0.020359668880701065,0.4389767050743103
ait-train-2017-En-30798,2017-En-30798,"Three days off a month with two ex wives and no home could be worse. I don't know how, but it could #oilandgas ",0,negative,train,-3,ordinal_-3_to_3,negative=-3..-1; zero=excluded; positive=1..3,C,reported_quoted,0.3313758373260498,B,0.2675687372684479,0.06380710005760193,0.10244536399841309,0.2675687372684479,0.3313758373260498,0.07909603416919708,0.21951411664485931
ait-train-2017-En-30800,2017-En-30800,"As the birds begin to chirp, I try to sleep. #Jetlag",0,negative,train,-2,ordinal_-3_to_3,negative=-3..-1; zero=excluded; positive=1..3,B,objectless_general,0.45807868242263794,C,0.4389389157295227,0.019139766693115234,0.02417142689228058,0.45807868242263794,0.4389389157295227,0.07071768492460251,0.008093278855085373
ait-train-2017-En-30801,2017-En-30801,"When u /only/ talk 2 me or ask me 'how r things' just 2 get 2 say something u want, 4give me if I'm not elated 2 start a conversation with u",0,negative,train,-2,ordinal_-3_to_3,negative=-3..-1; zero=excluded; positive=1..3,B,objectless_general,0.40445536375045776,E,0.19454899430274963,0.20990636944770813,0.08374984562397003,0.40445536375045776,0.18964216113090515,0.127603679895401,0.19454899430274963
ait-train-2017-En-30802,2017-En-30802,Wanted to get him a cake with sparkling candles but he doesn't like cake😒😒. Ruins everything,0,negative,train,-3,ordinal_-3_to_3,negative=-3..-1; zero=excluded; positive=1..3,C,reported_quoted,0.45438334345817566,B,0.34462329745292664,0.10976004600524902,0.04470673203468323,0.34462329745292664,0.45438334345817566,0.130350723862648,0.025935934856534004
ait-train-2017-En-30806,2017-En-30806,"With a jovial Trump on his ass, Don King just publicly told a crowd that 'We need [him] because you will always be a nigger.'  #FuckTrump",0,negative,train,-3,ordinal_-3_to_3,negative=-3..-1; zero=excluded; positive=1..3,E,ambiguous,0.3851102590560913,C,0.2942701280117035,0.09084013104438782,0.08098149299621582,0.2220170497894287,0.2942701280117035,0.017621032893657684,0.3851102590560913
ait-train-2017-En-30815,2017-En-30815,"The abysmal ignorance, frivolity and levity of the Italian priests stupefied him.' - Roland Bainton on Luther, #ReformationDay",0,negative,train,-2,ordinal_-3_to_3,negative=-3..-1; zero=excluded; positive=1..3,A,target_directed,0.34521031379699707,C,0.29603758454322815,0.04917272925376892,0.34521031379699707,0.21234269440174103,0.29603758454322815,0.03966877609491348,0.10674063861370087
ait-train-2017-En-30818,2017-En-30818,It's just the lack of company and liveliness out here that makes me bored.,0,negative,train,-3,ordinal_-3_to_3,negative=-3..-1; zero=excluded; positive=1..3,B,objectless_general,0.6513332724571228,C,0.2189350724220276,0.4323982000350952,0.04770892113447189,0.6513332724571228,0.2189350724220276,0.07360030710697174,0.00842244178056717
ait-train-2017-En-30820,2017-En-30820,hate overthinking e v e r y t h i n g like i jus' wanna be happy pls,0,negative,train,-1,ordinal_-3_to_3,negative=-3..-1; zero=excluded; positive=1..3,E,ambiguous,0.380807489156723,A,0.19379791617393494,0.18700957298278809,0.19379791617393494,0.18981514871120453,0.05780726671218872,0.1777721643447876,0.380807489156723
ait-train-2017-En-30822,2017-En-30822,@DamnPatriot You're a POS for rejoicing in someone's death.,0,negative,train,-1,ordinal_-3_to_3,negative=-3..-1; zero=excluded; positive=1..3,E,ambiguous,0.9275257587432861,C,0.040929075330495834,0.8865966796875,0.003183207707479596,0.023766767233610153,0.040929075330495834,0.00459520798176527,0.9275257587432861
ait-train-2017-En-30829,2017-En-30829,"@Casper10666 I assure you there is no laughter, but increasing anger at the costs, and arrogance of Westminster.",0,negative,train,-3,ordinal_-3_to_3,negative=-3..-1; zero=excluded; positive=1..3,E,ambiguous,0.5600232481956482,C,0.19191116094589233,0.36811208724975586,0.04413430020213127,0.18178901076316833,0.19191116094589233,0.022142358124256134,0.5600232481956482
ait-train-2017-En-30832,2017-En-30832,"This tweet is dedicated to my back pain, which I do not understand because I am youthful and spry. Full of life. Vivacious.",0,negative,train,-2,ordinal_-3_to_3,negative=-3..-1; zero=excluded; positive=1..3,C,reported_quoted,0.6998893618583679,B,0.14440444111824036,0.5554848909378052,0.06295593082904816,0.14440444111824036,0.6998893618583679,0.06670927256345749,0.026040995493531227
ait-train-2017-En-30834,2017-En-30834,"Be it a rainy day, be it cheerful sunshine, I am a Prussian, want nothing to be but a Prussian.:|",1,positive,train,1,ordinal_-3_to_3,negative=-3..-1; zero=excluded; positive=1..3,C,reported_quoted,0.4300311803817749,A,0.2717858552932739,0.15824532508850098,0.2717858552932739,0.10024450719356537,0.4300311803817749,0.043047331273555756,0.15489111840724945
ait-train-2017-En-30838,2017-En-30838,i was so embarrassed when she saw us i was like knvfkkjg she thinks we're stalkers n then she starts waving all cheerfully inviting us in 😩,0,negative,train,-2,ordinal_-3_to_3,negative=-3..-1; zero=excluded; positive=1..3,E,ambiguous,0.7479377388954163,C,0.15224722027778625,0.5956904888153076,0.02190382033586502,0.05900217965245247,0.15224722027778625,0.018908977508544922,0.7479377388954163
ait-train-2017-En-30843,2017-En-30843,The smell of freshly cut grass didn't even cheer me up...boy oh boy,0,negative,train,-2,ordinal_-3_to_3,negative=-3..-1; zero=excluded; positive=1..3,B,objectless_general,0.2857307195663452,C,0.2724418640136719,0.01328885555267334,0.1374543309211731,0.2857307195663452,0.2724418640136719,0.1421680450439453,0.16220501065254211
ait-train-2017-En-30846,2017-En-30846,Somebody who has braved the storm is brewing. #cheerful,1,positive,train,2,ordinal_-3_to_3,negative=-3..-1; zero=excluded; positive=1..3,B,objectless_general,0.35669103264808655,C,0.31438392400741577,0.042307108640670776,0.13510501384735107,0.35669103264808655,0.31438392400741577,0.11327895522117615,0.08054113388061523
ait-train-2017-En-30849,2017-En-30849,"it gets better. without explanation; you just wake up one morning and you’re just happy, totally and utterly elated.",1,positive,train,3,ordinal_-3_to_3,negative=-3..-1; zero=excluded; positive=1..3,E,ambiguous,0.3703416585922241,B,0.29624027013778687,0.07410138845443726,0.11364646255970001,0.29624027013778687,0.0972132757306099,0.1225583404302597,0.3703416585922241
ait-train-2017-En-30851,2017-En-30851,Heather that was #hilarious! @MsHeatherBates @pattonoswalt @chrishansen #AnthonyWeiner #15gets20 #NYC,1,positive,train,3,ordinal_-3_to_3,negative=-3..-1; zero=excluded; positive=1..3,E,ambiguous,0.8171570897102356,B,0.08132337778806686,0.7358337044715881,0.014900132082402706,0.08132337778806686,0.06808924674987793,0.018530115485191345,0.8171570897102356
ait-train-2017-En-30853,2017-En-30853,@GameGrumps THANK YOU SO MUCH FOR COMING TO DETROIT I'm going to sob joyful rainbows now brb,1,positive,train,3,ordinal_-3_to_3,negative=-3..-1; zero=excluded; positive=1..3,E,ambiguous,0.435232549905777,D,0.16136212646961212,0.27387040853500366,0.11126475781202316,0.13966113328933716,0.1524793952703476,0.16136212646961212,0.435232549905777
ait-train-2017-En-30859,2017-En-30859,incredible that anthony weiner has been caught chasing a busty milkmaid across a park at double speed while jaunty music plays,0,negative,train,-1,ordinal_-3_to_3,negative=-3..-1; zero=excluded; positive=1..3,E,ambiguous,0.40372201800346375,B,0.23620377480983734,0.1675182431936264,0.18132872879505157,0.23620377480983734,0.1393449455499649,0.03940057009458542,0.40372201800346375
ait-train-2017-En-30865,2017-En-30865,"When we give cheerfully and accept gratefully, everyone is blessed. »Maya Angelou",1,positive,train,2,ordinal_-3_to_3,negative=-3..-1; zero=excluded; positive=1..3,A,target_directed,0.5253404974937439,B,0.24086731672286987,0.284473180770874,0.5253404974937439,0.24086731672286987,0.12744754552841187,0.03850419446825981,0.06784041970968246
ait-train-2017-En-30866,2017-En-30866,A #new day to #live and #smile. Hope all the #followers a nice #night or #day. :D,1,positive,train,3,ordinal_-3_to_3,negative=-3..-1; zero=excluded; positive=1..3,A,target_directed,0.4324702322483063,B,0.27127018570899963,0.16120004653930664,0.4324702322483063,0.27127018570899963,0.04467269033193588,0.11392002552747726,0.13766694068908691
ait-train-2017-En-30877,2017-En-30877,"@airtelindia have some issues with my broadband bill ,I am charged for the month before I signed up with airtel.. #hilarious",1,positive,train,1,ordinal_-3_to_3,negative=-3..-1; zero=excluded; positive=1..3,E,ambiguous,0.8948520421981812,C,0.0672234371304512,0.8276286125183105,0.0011971867643296719,0.03489601984620094,0.0672234371304512,0.0018313716864213347,0.8948520421981812
ait-train-2017-En-30883,2017-En-30883,@MichiganBromo Good optimism sir :),1,positive,train,2,ordinal_-3_to_3,negative=-3..-1; zero=excluded; positive=1..3,B,objectless_general,0.3325072228908539,A,0.25048935413360596,0.08201786875724792,0.25048935413360596,0.3325072228908539,0.12876121699810028,0.08154534548521042,0.20669680833816528
ait-train-2017-En-30884,2017-En-30884,@billie21806 @cnnbrk tell that to your bodies cheering on the deaths of black people by cops. their fear is killing us.,0,negative,train,-2,ordinal_-3_to_3,negative=-3..-1; zero=excluded; positive=1..3,E,ambiguous,0.6733269691467285,C,0.10207431018352509,0.5712526440620422,0.0539327971637249,0.09808716922998428,0.10207431018352509,0.0725788027048111,0.6733269691467285
ait-train-2017-En-30887,2017-En-30887,[Moment of levity on the B41] Baby: I want ISIS! Give me ISIS!\nMom: Shh!\nBaby: I want ISIS!\nWest Indian woman: She wants what?\nMom: *Ices*.,1,positive,train,1,ordinal_-3_to_3,negative=-3..-1; zero=excluded; positive=1..3,B,objectless_general,0.868577778339386,C,0.08017704635858536,0.7884007096290588,0.026036230847239494,0.868577778339386,0.08017704635858536,0.01912485435605049,0.006084091495722532
ait-train-2017-En-30888,2017-En-30888,@tomlinmayniac starting my new challenge ! A glee poll every day !,1,positive,train,1,ordinal_-3_to_3,negative=-3..-1; zero=excluded; positive=1..3,E,ambiguous,0.45024871826171875,A,0.3186548054218292,0.13159391283988953,0.3186548054218292,0.11233901232481003,0.04546080157160759,0.0732966884970665,0.45024871826171875
ait-train-2017-En-30893,2017-En-30893,Tutoring gives me such an exhilarating feeling. I love helping people 😌,1,positive,train,3,ordinal_-3_to_3,negative=-3..-1; zero=excluded; positive=1..3,A,target_directed,0.6392748355865479,E,0.2841969430446625,0.3550778925418854,0.6392748355865479,0.05276019498705864,0.006504829972982407,0.01726313680410385,0.2841969430446625
ait-train-2017-En-30896,2017-En-30896,It feels good to get outside for a minute and get some fresh air.  It's hard to stay cooped up inside all day #breezy,1,positive,train,2,ordinal_-3_to_3,negative=-3..-1; zero=excluded; positive=1..3,B,objectless_general,0.4299250543117523,A,0.2766861021518707,0.1532389521598816,0.2766861021518707,0.4299250543117523,0.03006383590400219,0.13676515221595764,0.12655997276306152
ait-train-2017-En-30898,2017-En-30898,@r0Ils ppl get triggered over u smiling they're irrelevant,0,negative,train,-2,ordinal_-3_to_3,negative=-3..-1; zero=excluded; positive=1..3,E,ambiguous,0.30099135637283325,B,0.27855581045150757,0.022435545921325684,0.08893979340791702,0.27855581045150757,0.251126766204834,0.08038627356290817,0.30099135637283325
ait-train-2017-En-30902,2017-En-30902,"You must be knowing #blithe means (adj.)  Happy, cheerful.",1,positive,train,3,ordinal_-3_to_3,negative=-3..-1; zero=excluded; positive=1..3,B,objectless_general,0.3173445165157318,C,0.30601611733436584,0.011328399181365967,0.18863967061042786,0.3173445165157318,0.30601611733436584,0.15067517757415771,0.03732454031705856
ait-train-2017-En-30910,2017-En-30910,@GOT7Official @jrjyp happy birthday jin young!!!!!! #PrinceJinyoungDay  #happyjinyoungday #got7 #happy #birthday,1,positive,train,3,ordinal_-3_to_3,negative=-3..-1; zero=excluded; positive=1..3,A,target_directed,0.3901870846748352,B,0.1869087517261505,0.2032783329486847,0.3901870846748352,0.1869087517261505,0.1747952699661255,0.0977138951420784,0.15039494633674622
ait-train-2017-En-30914,2017-En-30914,#twd comes on soon #happy,1,positive,train,3,ordinal_-3_to_3,negative=-3..-1; zero=excluded; positive=1..3,B,objectless_general,0.5154997110366821,C,0.1430492103099823,0.37245050072669983,0.13914848864078522,0.5154997110366821,0.1430492103099823,0.12600833177566528,0.07629422098398209
ait-train-2017-En-30915,2017-En-30915,#twd comes on soon ,1,positive,train,1,ordinal_-3_to_3,negative=-3..-1; zero=excluded; positive=1..3,C,reported_quoted,0.36614227294921875,B,0.2737157642841339,0.09242650866508484,0.10701398551464081,0.2737157642841339,0.36614227294921875,0.0308891162276268,0.22223879396915436
ait-train-2017-En-30919,2017-En-30919,This is a beautiful day that the Lord has made. I will rejoice and be glad!!!,1,positive,train,2,ordinal_-3_to_3,negative=-3..-1; zero=excluded; positive=1..3,A,target_directed,0.6398981809616089,E,0.21114647388458252,0.42875170707702637,0.6398981809616089,0.1013830229640007,0.028422821313142776,0.01914948597550392,0.21114647388458252
ait-train-2017-En-30921,2017-En-30921,"Sometimes I like to talk about my sadness.  Other times, I just want to be distracted by friends, laughter, shopping, eating...  \n\n#MHChat",0,negative,train,-1,ordinal_-3_to_3,negative=-3..-1; zero=excluded; positive=1..3,B,objectless_general,0.6670407056808472,D,0.12096916139125824,0.5460715293884277,0.09900671988725662,0.6670407056808472,0.09041424095630646,0.12096916139125824,0.022569159045815468
ait-train-2017-En-30922,2017-En-30922,Oi @THEWIGGYMESS you've absolutely fucking killed me.. 30 mins later im still crying with laughter.. Grindah.. Grindah... 🤓  hahahahahahaha,1,positive,train,3,ordinal_-3_to_3,negative=-3..-1; zero=excluded; positive=1..3,E,ambiguous,0.8376244902610779,C,0.05919614061713219,0.7784283757209778,0.03481993451714516,0.04398639127612114,0.05919614061713219,0.024373088032007217,0.8376244902610779
ait-train-2017-En-30923,2017-En-30923,So happy I live in NYC! See you tomorrow .....@SamHeughan @Barbour,1,positive,train,2,ordinal_-3_to_3,negative=-3..-1; zero=excluded; positive=1..3,E,ambiguous,0.4365094006061554,A,0.2841044068336487,0.1524049937725067,0.2841044068336487,0.12708334624767303,0.04725545644760132,0.10504737496376038,0.4365094006061554
ait-train-2017-En-30926,2017-En-30926,For what a beautiful day. ,1,positive,train,1,ordinal_-3_to_3,negative=-3..-1; zero=excluded; positive=1..3,A,target_directed,0.4381503164768219,B,0.3936719000339508,0.044478416442871094,0.4381503164768219,0.3936719000339508,0.09286471456289291,0.046630874276161194,0.028682127594947815
ait-train-2017-En-30933,2017-En-30933,one thing I can say is that you kept me smiling,1,positive,train,3,ordinal_-3_to_3,negative=-3..-1; zero=excluded; positive=1..3,B,objectless_general,0.5039714574813843,A,0.16773442924022675,0.33623701333999634,0.16773442924022675,0.5039714574813843,0.13872715830802917,0.11721056699752808,0.07235638052225113
ait-train-2017-En-30936,2017-En-30936,How is your toddler coping with the new arrival? Has he tried killing her yet?' they cheerfully ask.,1,positive,train,1,ordinal_-3_to_3,negative=-3..-1; zero=excluded; positive=1..3,C,reported_quoted,0.313880056142807,B,0.29547104239463806,0.018409013748168945,0.09197841584682465,0.29547104239463806,0.313880056142807,0.035942193120718,0.2627282440662384
ait-train-2017-En-30940,2017-En-30940,"i love those #memories that randomly pop\ninto my head , have me #smiling like an\n#idiot for ages 󾌴",1,positive,train,3,ordinal_-3_to_3,negative=-3..-1; zero=excluded; positive=1..3,B,objectless_general,0.29408368468284607,D,0.2566937804222107,0.037389904260635376,0.24195323884487152,0.29408368468284607,0.09423695504665375,0.2566937804222107,0.11303237080574036
ait-train-2017-En-30944,2017-En-30944,God hears your voice optimism at the moment that you think that everything has failed you ✨.,1,positive,train,1,ordinal_-3_to_3,negative=-3..-1; zero=excluded; positive=1..3,E,ambiguous,0.349016398191452,A,0.2327430695295334,0.11627332866191864,0.2327430695295334,0.16779784858226776,0.19287866353988647,0.057564012706279755,0.349016398191452
ait-train-2017-En-30949,2017-En-30949,"They tend to loosen up a bit when drunk, and can seem pretty cheerful.",1,positive,train,1,ordinal_-3_to_3,negative=-3..-1; zero=excluded; positive=1..3,B,objectless_general,0.5583605766296387,C,0.2405449002981186,0.3178156614303589,0.12103734165430069,0.5583605766296387,0.2405449002981186,0.03240398317575455,0.047653261572122574
ait-train-2017-En-30954,2017-En-30954,I just want to let everyone out there know you are wonderful people! #beyourself   #late-night #compliment #behappy,1,positive,train,3,ordinal_-3_to_3,negative=-3..-1; zero=excluded; positive=1..3,A,target_directed,0.7300522327423096,E,0.11417966336011887,0.6158725619316101,0.7300522327423096,0.09874454885721207,0.03484269604086876,0.02218097262084484,0.11417966336011887
ait-train-2017-En-30955,2017-En-30955,#terribledebatequestions has given me so many laughs this afternoon! Thanks Twitter! #hilarious #cleverpeople,1,positive,train,3,ordinal_-3_to_3,negative=-3..-1; zero=excluded; positive=1..3,E,ambiguous,0.5317934155464172,B,0.1850784569978714,0.34671497344970703,0.1826649308204651,0.1850784569978714,0.04890350624918938,0.051559679210186005,0.5317934155464172
ait-train-2017-En-30956,2017-En-30956,#terribledebatequestions has given me so many laughs this afternoon! Thanks Twitter!  #cleverpeople,1,positive,train,3,ordinal_-3_to_3,negative=-3..-1; zero=excluded; positive=1..3,E,ambiguous,0.4715949296951294,A,0.21346890926361084,0.25812602043151855,0.21346890926361084,0.20710331201553345,0.05219041928648949,0.055642418563365936,0.4715949296951294
ait-train-2017-En-30957,2017-En-30957,"@paraplyene @soupper i just read it and it's so fun??!!!! So lighthearted and cheerful, i was right, it's a double cavity for me.",1,positive,train,2,ordinal_-3_to_3,negative=-3..-1; zero=excluded; positive=1..3,E,ambiguous,0.3445473611354828,D,0.2419094294309616,0.10263793170452118,0.19224153459072113,0.16175366938114166,0.059547971934080124,0.2419094294309616,0.3445473611354828
ait-train-2017-En-30962,2017-En-30962,"@CarolynTopol Ciara asks was it a sci-fi movie, Julie &amp; Jen just stare, Claire on her phone, Joey bolts when the cab honks. LMAO ",1,positive,train,2,ordinal_-3_to_3,negative=-3..-1; zero=excluded; positive=1..3,E,ambiguous,0.29290440678596497,B,0.28142672777175903,0.011477679014205933,0.06016554310917854,0.28142672777175903,0.18702489137649536,0.1784784495830536,0.29290440678596497
ait-train-2017-En-30964,2017-En-30964,The little sniffle at the end of the song gets me every time. #rejoice,1,positive,train,2,ordinal_-3_to_3,negative=-3..-1; zero=excluded; positive=1..3,E,ambiguous,0.4208172559738159,A,0.2209988832473755,0.19981837272644043,0.2209988832473755,0.2180803120136261,0.07056289911270142,0.06954064965248108,0.4208172559738159
ait-train-2017-En-30971,2017-En-30971,@amstrado_CPC @ShittySUFanart the single tear is him being joyous that he's deleted the monster that has brought generations of despair,1,positive,train,1,ordinal_-3_to_3,negative=-3..-1; zero=excluded; positive=1..3,E,ambiguous,0.47300779819488525,C,0.18161550164222717,0.2913922965526581,0.10918144881725311,0.17078714072704315,0.18161550164222717,0.06540808081626892,0.47300779819488525
ait-train-2017-En-30976,2017-En-30976,"@NoorBazzi14 lowkey I want to go just to chirp Anna LOL but say hi to Atkins for me!! One of my favourite coaches, he's smart and caring",1,positive,train,1,ordinal_-3_to_3,negative=-3..-1; zero=excluded; positive=1..3,B,objectless_general,0.5228717923164368,D,0.20172004401683807,0.3211517333984375,0.09263625741004944,0.5228717923164368,0.11317843198776245,0.20172004401683807,0.06959354132413864
ait-train-2017-En-30983,2017-En-30983,"I'm moving this weekend &amp; my sugar daddy will replace it so, it is what it is. Niggas still happy.",1,positive,train,1,ordinal_-3_to_3,negative=-3..-1; zero=excluded; positive=1..3,C,reported_quoted,0.3916057050228119,B,0.35000550746917725,0.041600197553634644,0.03923119977116585,0.35000550746917725,0.3916057050228119,0.13120701909065247,0.08795055747032166
ait-train-2017-En-30985,2017-En-30985,Modern family never fails to cheer me up. Especially Phil.,1,positive,train,1,ordinal_-3_to_3,negative=-3..-1; zero=excluded; positive=1..3,A,target_directed,0.4483391344547272,B,0.32771551609039307,0.1206236183643341,0.4483391344547272,0.32771551609039307,0.07049836963415146,0.028223523870110512,0.12522350251674652
ait-train-2017-En-30987,2017-En-30987,@Author_LB Awesome. My 9 yr old grandson runs cross country. No Simon Whitfield but still a lot of fun cheering him on.,1,positive,train,2,ordinal_-3_to_3,negative=-3..-1; zero=excluded; positive=1..3,B,objectless_general,0.45433199405670166,C,0.22722741961479187,0.2271045744419098,0.15314246714115143,0.45433199405670166,0.22722741961479187,0.11342614889144897,0.05187196657061577
ait-train-2017-En-30993,2017-En-30993,in geometry today hannah started crying of laughter because ms. canning said 'pp' lol,1,positive,train,2,ordinal_-3_to_3,negative=-3..-1; zero=excluded; positive=1..3,E,ambiguous,0.3654957711696625,B,0.2759822607040405,0.08951351046562195,0.10802262276411057,0.2759822607040405,0.15501412749290466,0.09548522531986237,0.3654957711696625
ait-train-2017-En-30994,2017-En-30994,@WHUFC_HUB @westhamtransfer @TheHammers_ I don't see any reason for optimism at this point. Just stringing together bad performances.,0,negative,train,-3,ordinal_-3_to_3,negative=-3..-1; zero=excluded; positive=1..3,C,reported_quoted,0.4719051122665405,E,0.3965843617916107,0.07532075047492981,0.007835867814719677,0.11041101068258286,0.4719051122665405,0.013263600878417492,0.3965843617916107
ait-train-2017-En-30998,2017-En-30998,@FilthyFrank My first time watching your vids and i died of laughter. Keep this up dude,1,positive,train,3,ordinal_-3_to_3,negative=-3..-1; zero=excluded; positive=1..3,E,ambiguous,0.5425527691841125,A,0.24534286558628082,0.2972099184989929,0.24534286558628082,0.15725859999656677,0.023799853399395943,0.031045950949192047,0.5425527691841125
ait-train-2017-En-30999,2017-En-30999,@DumTeeDum don't think Ian knew of Pavel. He knew about Charlie. I bet Rob will cackle with glee when he heard what has happened #thearchers,1,positive,train,1,ordinal_-3_to_3,negative=-3..-1; zero=excluded; positive=1..3,E,ambiguous,0.3524436354637146,C,0.31245508790016174,0.039988547563552856,0.059074871242046356,0.22259441018104553,0.31245508790016174,0.05343203246593475,0.3524436354637146
ait-train-2017-En-31000,2017-En-31000,Mou is too jovial and trying to impress those players too much. No player is bigger than manutd. SAF won't tolerate all this bs @ManUtd,0,negative,train,-1,ordinal_-3_to_3,negative=-3..-1; zero=excluded; positive=1..3,C,reported_quoted,0.36940860748291016,B,0.3035857081413269,0.06582289934158325,0.04757632315158844,0.3035857081413269,0.36940860748291016,0.03217732161283493,0.24725207686424255
ait-train-2017-En-31005,2017-En-31005,jk. started this week strong and it's still going strong. ,1,positive,train,2,ordinal_-3_to_3,negative=-3..-1; zero=excluded; positive=1..3,B,objectless_general,0.42610645294189453,A,0.33610787987709045,0.08999857306480408,0.33610787987709045,0.42610645294189453,0.0575513131916523,0.04944625496864319,0.1307881474494934
ait-train-2017-En-31006,2017-En-31006, @cailamarsai you've had me   the whole time watching @black_ishABC after you've lost your #glasses! It was #hilarious! @mrbabyboogaloo,1,positive,train,2,ordinal_-3_to_3,negative=-3..-1; zero=excluded; positive=1..3,E,ambiguous,0.3905663788318634,B,0.24129793047904968,0.14926844835281372,0.10190010070800781,0.24129793047904968,0.20370545983314514,0.06253014504909515,0.3905663788318634
ait-train-2017-En-31012,2017-En-31012,@Steeeevie_ breezy luvvvv,1,positive,train,1,ordinal_-3_to_3,negative=-3..-1; zero=excluded; positive=1..3,B,objectless_general,0.33782416582107544,C,0.3177816569805145,0.020042508840560913,0.07890816777944565,0.33782416582107544,0.3177816569805145,0.18617498874664307,0.07931104302406311
ait-train-2017-En-31016,2017-En-31016,@daveweigel a laurel and hearty handshake,1,positive,train,1,ordinal_-3_to_3,negative=-3..-1; zero=excluded; positive=1..3,C,reported_quoted,0.42514166235923767,B,0.22785422205924988,0.1972874402999878,0.10506168007850647,0.22785422205924988,0.42514166235923767,0.06997762620449066,0.1719648689031601
ait-train-2017-En-31020,2017-En-31020,It's an exhilarating feeling. Working hard and feeling accomplished whether they notice or not--- you feel fu*king good 🤑,1,positive,train,3,ordinal_-3_to_3,negative=-3..-1; zero=excluded; positive=1..3,E,ambiguous,0.7459239959716797,A,0.10486776381731033,0.64105623960495,0.10486776381731033,0.06531263887882233,0.018639573827385902,0.06525610387325287,0.7459239959716797
ait-train-2017-En-31031,2017-En-31031,@MarkDice Agreed.So tired of this nonsense . Soros must be elated.,0,negative,train,-2,ordinal_-3_to_3,negative=-3..-1; zero=excluded; positive=1..3,E,ambiguous,0.714114248752594,C,0.1257537603378296,0.5883604884147644,0.034195397049188614,0.09158042818307877,0.1257537603378296,0.03435615822672844,0.714114248752594
ait-train-2017-En-31033,2017-En-31033,"Girlfriends cooking me dinner again. spag blow it is, not to sure if she need my help 😂😂 #girlfriends #happy",1,positive,train,3,ordinal_-3_to_3,negative=-3..-1; zero=excluded; positive=1..3,B,objectless_general,0.5893058776855469,C,0.19365422427654266,0.395651638507843,0.11126142740249634,0.5893058776855469,0.19365422427654266,0.0921294242143631,0.013649017550051212
ait-train-2017-En-31039,2017-En-31039,"🍃When #life shows you have a hundred reasons to cry, show it that you have a hundred and one reasons to #smile. 🍃 #quotes @Mind_Console",1,positive,train,1,ordinal_-3_to_3,negative=-3..-1; zero=excluded; positive=1..3,B,objectless_general,0.33780285716056824,D,0.26566845178604126,0.07213440537452698,0.18930093944072723,0.33780285716056824,0.09941800683736801,0.26566845178604126,0.10780983418226242
ait-train-2017-En-31050,2017-En-31050,"Learning is key while converting your leaning to someone else is door, so when you do both you will open the door of success.\n\n #x33 ",1,positive,train,1,ordinal_-3_to_3,negative=-3..-1; zero=excluded; positive=1..3,A,target_directed,0.3238908052444458,B,0.30161339044570923,0.022277414798736572,0.3238908052444458,0.30161339044570923,0.1618536114692688,0.0829896554350853,0.12965254485607147
ait-train-2017-En-31052,2017-En-31052,"Every time I hear @jtkantor's organ kick in on the new @sayswhopodcast, I break into the goofiest smile.",1,positive,train,2,ordinal_-3_to_3,negative=-3..-1; zero=excluded; positive=1..3,A,target_directed,0.5900878310203552,E,0.21693919599056244,0.3731486201286316,0.5900878310203552,0.12647460401058197,0.023378634825348854,0.04311971738934517,0.21693919599056244
ait-train-2017-En-31062,2017-En-31062,"@npagliaro1 That's awesome!  p.s. ok, what are the odds of that, swapping neighborhoods? #hilarious",1,positive,train,2,ordinal_-3_to_3,negative=-3..-1; zero=excluded; positive=1..3,E,ambiguous,0.7797866463661194,B,0.1194457933306694,0.6603408455848694,0.049127720296382904,0.1194457933306694,0.023070670664310455,0.028569171205163002,0.7797866463661194
ait-train-2017-En-31067,2017-En-31067,@xiankiefer @TheLincoln Book 5! It's so sprightly &amp; fun cuz he'd been reinvigorated by the Harry Potter series. I'm not kidding.,1,positive,train,3,ordinal_-3_to_3,negative=-3..-1; zero=excluded; positive=1..3,E,ambiguous,0.37566208839416504,A,0.24218279123306274,0.1334792971611023,0.24218279123306274,0.19512784481048584,0.10821275413036346,0.07881457358598709,0.37566208839416504
ait-train-2017-En-31077,2017-En-31077,Did u laugh today? Laugh hard? I hope so..we NEED laughter now.  #love,1,positive,train,2,ordinal_-3_to_3,negative=-3..-1; zero=excluded; positive=1..3,E,ambiguous,0.30836984515190125,B,0.24331516027450562,0.06505468487739563,0.18944308161735535,0.24331516027450562,0.16335375607013702,0.09551813453435898,0.30836984515190125
ait-train-2017-En-31078,2017-En-31078,Did u laugh today? Laugh hard? I hope so..we NEED laughter now. #smile #love,1,positive,train,3,ordinal_-3_to_3,negative=-3..-1; zero=excluded; positive=1..3,E,ambiguous,0.2834056317806244,B,0.27099552750587463,0.012410104274749756,0.2279248982667923,0.27099552750587463,0.13535279035568237,0.08232124894857407,0.2834056317806244
ait-train-2017-En-31079,2017-En-31079,"@peregrinator1 I admittedly went into this series thinking we'd see the Jedi in their heyday, not as dysfunctional UN Peacekeepers in space",0,negative,train,-2,ordinal_-3_to_3,negative=-3..-1; zero=excluded; positive=1..3,B,objectless_general,0.38049280643463135,C,0.24354974925518036,0.136943057179451,0.0661645233631134,0.38049280643463135,0.24354974925518036,0.07272060960531235,0.2370721995830536
ait-train-2017-En-31081,2017-En-31081,Wishing the Ipswich Tigers good luck in their games throughout homecoming week!! We are cheering you on here at the City Office! GO TIGERS!,1,positive,train,3,ordinal_-3_to_3,negative=-3..-1; zero=excluded; positive=1..3,E,ambiguous,0.3485306203365326,A,0.31358858942985535,0.034942030906677246,0.31358858942985535,0.1640036255121231,0.10002057999372482,0.07385654747486115,0.3485306203365326
ait-train-2017-En-31083,2017-En-31083,It is so exhilarating taking on the challenge of demonstrating + explaining WHY #JamesJoyce's #Ulysses is so endearing &amp; wonderful!,1,positive,train,2,ordinal_-3_to_3,negative=-3..-1; zero=excluded; positive=1..3,E,ambiguous,0.5754733085632324,A,0.2650212049484253,0.31045210361480713,0.2650212049484253,0.10307301580905914,0.03729086369276047,0.01914154551923275,0.5754733085632324
ait-train-2017-En-31086,2017-En-31086,@partydelightsUK it's 5679787. Cannot DM you as we don't follow each other. Not such a  #party #fail #letdown,0,negative,train,-2,ordinal_-3_to_3,negative=-3..-1; zero=excluded; positive=1..3,E,ambiguous,0.43658581376075745,C,0.41088059544563293,0.02570521831512451,0.04144182428717613,0.09046410024166107,0.41088059544563293,0.020627683028578758,0.43658581376075745
ait-train-2017-En-31092,2017-En-31092,Watching @melissamccarthy in #Spy she's one of Favorite actresses! Last night I was watching her #theboss #hilarious I just want to meet her,1,positive,train,3,ordinal_-3_to_3,negative=-3..-1; zero=excluded; positive=1..3,A,target_directed,0.3969298303127289,E,0.2508002519607544,0.1461295783519745,0.3969298303127289,0.24227485060691833,0.039353884756565094,0.07064115256071091,0.2508002519607544
ait-train-2017-En-31095,2017-En-31095,Manchester United v Manchester City #happy days #EFL,1,positive,train,2,ordinal_-3_to_3,negative=-3..-1; zero=excluded; positive=1..3,C,reported_quoted,0.3476572036743164,E,0.29842492938041687,0.049232274293899536,0.052842073142528534,0.16585473716259003,0.3476572036743164,0.13522113859653473,0.29842492938041687
ait-train-2017-En-31098,2017-En-31098,"Yes Mourinho, you really should stop speaking about refs! And try cheering up a bit.",0,negative,train,-1,ordinal_-3_to_3,negative=-3..-1; zero=excluded; positive=1..3,E,ambiguous,0.44937822222709656,B,0.25165462493896484,0.1977235972881317,0.048034075647592545,0.25165462493896484,0.1953025758266449,0.055630553513765335,0.44937822222709656
ait-train-2017-En-31099,2017-En-31099,TheNiceBot: WSJNordics You make the world a more joyful place. #TheNiceBot #MPN #DemiLovato,1,positive,train,2,ordinal_-3_to_3,negative=-3..-1; zero=excluded; positive=1..3,A,target_directed,0.49811628460884094,B,0.1819768249988556,0.31613945960998535,0.49811628460884094,0.1819768249988556,0.14294235408306122,0.021992532536387444,0.15497198700904846
ait-train-2017-En-31101,2017-En-31101,"The world needs more laughter, more love, and a little more of you. - R.M Drake.",1,positive,train,1,ordinal_-3_to_3,negative=-3..-1; zero=excluded; positive=1..3,A,target_directed,0.5833989977836609,B,0.22851942479610443,0.35487955808639526,0.5833989977836609,0.22851942479610443,0.04901805520057678,0.030031077563762665,0.1090325191617012
ait-train-2017-En-31109,2017-En-31109,"@Za_buhmaid Happy birthday sweety .. sweet 21 hun hope u have a wonderful day and a wondrful joyful year better than the last one, Luv U ♥",1,positive,train,3,ordinal_-3_to_3,negative=-3..-1; zero=excluded; positive=1..3,A,target_directed,0.31677597761154175,B,0.30397936701774597,0.012796610593795776,0.31677597761154175,0.30397936701774597,0.16531990468502045,0.08003562688827515,0.1338890790939331
ait-train-2017-En-31112,2017-En-31112,"Needed levity: Hubs + I talking of @weareTYPHOON Kyle's new solo album, my 7 yo says '@KyleClark'? She loves ur news show #9News @9NEWS LOLZ",1,positive,train,2,ordinal_-3_to_3,negative=-3..-1; zero=excluded; positive=1..3,D,mixed,0.33802056312561035,B,0.3292520046234131,0.008768558502197266,0.08673042058944702,0.3292520046234131,0.05182408541440964,0.33802056312561035,0.1941729336977005
ait-train-2017-En-31115,2017-En-31115,@JessicaZ00 @ZRlondon ditto!! Such an amazing atmosphere! #PhilippPlein #cheerleaders #stunt #LondonEvents ,1,positive,train,3,ordinal_-3_to_3,negative=-3..-1; zero=excluded; positive=1..3,B,objectless_general,0.383841335773468,A,0.1969919204711914,0.1868494153022766,0.1969919204711914,0.383841335773468,0.1796363890171051,0.10877474397420883,0.1307556927204132
ait-train-2017-En-31116,2017-En-31116,@JessicaZ00 @ZRlondon ditto!! Such an amazing atmosphere! #PhilippPlein #cheerleaders #stunt #LondonEvents #cheer,1,positive,train,3,ordinal_-3_to_3,negative=-3..-1; zero=excluded; positive=1..3,B,objectless_general,0.2915579378604889,E,0.21244795620441437,0.07910998165607452,0.1940043419599533,0.2915579378604889,0.1863655298948288,0.1156243234872818,0.21244795620441437
ait-train-2017-En-31117,2017-En-31117,A delight to be at the Lane tonight and witness the debuts of some young talent that could be the backbone of our club!! #COYS,1,positive,train,3,ordinal_-3_to_3,negative=-3..-1; zero=excluded; positive=1..3,E,ambiguous,0.4775981307029724,A,0.19218948483467102,0.2854086458683014,0.19218948483467102,0.1731901615858078,0.09745115041732788,0.059571146965026855,0.4775981307029724
ait-train-2017-En-31120,2017-En-31120,I'm still laughing 'Bitch took my pillow' line #glee #kurt,1,positive,train,1,ordinal_-3_to_3,negative=-3..-1; zero=excluded; positive=1..3,E,ambiguous,0.6771494746208191,B,0.1093548834323883,0.5677945613861084,0.013346604071557522,0.1093548834323883,0.09908678382635117,0.10106229782104492,0.6771494746208191
ait-train-2017-En-31123,2017-En-31123,@cedricyarbrough We love you! #hilarious   We are looking forward to SO much more!  #kudos on the #pilot @Speechless_ABC #speechless,1,positive,train,3,ordinal_-3_to_3,negative=-3..-1; zero=excluded; positive=1..3,E,ambiguous,0.4938836693763733,A,0.3115342855453491,0.18234938383102417,0.3115342855453491,0.12332627922296524,0.04791824147105217,0.02333759143948555,0.4938836693763733
ait-train-2017-En-31126,2017-En-31126,The jovial laughter that Trump and his lackeys showed when Don King used the N word was a truly bizarre sight,0,negative,train,-2,ordinal_-3_to_3,negative=-3..-1; zero=excluded; positive=1..3,E,ambiguous,0.28945788741111755,A,0.28938448429107666,7.340312004089355e-05,0.28938448429107666,0.2772609293460846,0.10378799587488174,0.04010873660445213,0.28945788741111755
ait-train-2017-En-31129,2017-En-31129,i just spent $40 on big little sis tomorrow and i am beyond happy about it #SAW  #mums,1,positive,train,3,ordinal_-3_to_3,negative=-3..-1; zero=excluded; positive=1..3,E,ambiguous,0.336954802274704,C,0.2653191089630127,0.07163569331169128,0.10380873829126358,0.15330323576927185,0.2653191089630127,0.14061403274536133,0.336954802274704
ait-train-2017-En-31130,2017-En-31130,She'll be bribing her parents with hearty laughter and giggles :) #Loveet,1,positive,train,3,ordinal_-3_to_3,negative=-3..-1; zero=excluded; positive=1..3,E,ambiguous,0.2875876724720001,B,0.25937461853027344,0.028213053941726685,0.1439153254032135,0.25937461853027344,0.21501146256923676,0.0941108912229538,0.2875876724720001
ait-train-2017-En-31137,2017-En-31137,"Half past midnight, loud banging on our front door, been told about new rape cases in Edinburgh today  #nosleep",0,negative,train,-3,ordinal_-3_to_3,negative=-3..-1; zero=excluded; positive=1..3,B,objectless_general,0.32495683431625366,C,0.2454330176115036,0.07952381670475006,0.18982529640197754,0.32495683431625366,0.2454330176115036,0.06402844935655594,0.17575637996196747
ait-train-2017-En-31140,2017-En-31140,@matildaswish it's great to see Matilda so happy in her new chair it will provide her with access to lots of new experiences. ,1,positive,train,3,ordinal_-3_to_3,negative=-3..-1; zero=excluded; positive=1..3,B,objectless_general,0.33964964747428894,A,0.27923956513404846,0.06041008234024048,0.27923956513404846,0.33964964747428894,0.1312619298696518,0.05683990940451622,0.19300898909568787
ait-train-2017-En-31143,2017-En-31143,"This night is sparkling, don't you let it go! I'm wonderstruck, blushing all the way home..' #ValerieBot",1,positive,train,2,ordinal_-3_to_3,negative=-3..-1; zero=excluded; positive=1..3,E,ambiguous,0.3796989917755127,A,0.35866376757621765,0.021035224199295044,0.35866376757621765,0.18045377731323242,0.0486111082136631,0.03257233649492264,0.3796989917755127
ait-train-2017-En-31147,2017-En-31147,I gave up on the U20 Rugby bet on the Roosters!  #nrl,0,negative,train,-1,ordinal_-3_to_3,negative=-3..-1; zero=excluded; positive=1..3,E,ambiguous,0.40131136775016785,C,0.33913132548332214,0.0621800422668457,0.029948431998491287,0.1390884518623352,0.33913132548332214,0.09052039682865143,0.40131136775016785
ait-train-2017-En-31156,2017-En-31156,Loving  #Pitch so far !! 🤗🤗🤗 @PITCHonFOX @Global_TV #chills ,1,positive,train,2,ordinal_-3_to_3,negative=-3..-1; zero=excluded; positive=1..3,A,target_directed,0.3966229259967804,E,0.19290411472320557,0.20371881127357483,0.3966229259967804,0.1700299233198166,0.07948800176382065,0.16095499694347382,0.19290411472320557
ait-train-2017-En-31157,2017-En-31157,How sad is it that I'm rejoicing over a 72💀 #collegekills,0,negative,train,-2,ordinal_-3_to_3,negative=-3..-1; zero=excluded; positive=1..3,E,ambiguous,0.7933400869369507,B,0.07729292660951614,0.7160471677780151,0.021420814096927643,0.07729292660951614,0.05489552393555641,0.05305070802569389,0.7933400869369507
ait-train-2017-En-31165,2017-En-31165,The amount of laughter ready to leave my body if United lose is unreal,1,positive,train,1,ordinal_-3_to_3,negative=-3..-1; zero=excluded; positive=1..3,E,ambiguous,0.4080231785774231,D,0.2007976472377777,0.20722553133964539,0.1433556079864502,0.16915211081504822,0.07867144048213959,0.2007976472377777,0.4080231785774231
ait-train-2017-En-31170,2017-En-31170,I'm so so so excited for #UsernameRegenerated  I can't wait! I wish I could get a signed copy! I'm so happy for you. @Joe_Sugg,1,positive,train,3,ordinal_-3_to_3,negative=-3..-1; zero=excluded; positive=1..3,E,ambiguous,0.42279934883117676,D,0.24566926062107086,0.1771300882101059,0.20538301765918732,0.08876074850559235,0.03738761693239212,0.24566926062107086,0.42279934883117676
ait-train-2017-En-31177,2017-En-31177,Best quote from a 7 in German - Almost #happy,1,positive,train,1,ordinal_-3_to_3,negative=-3..-1; zero=excluded; positive=1..3,B,objectless_general,0.34529340267181396,C,0.21771150827407837,0.1275818943977356,0.14082488417625427,0.34529340267181396,0.21771150827407837,0.1835344135761261,0.11263573914766312
ait-train-2017-En-31180,2017-En-31180,"@JoyAnnReid I totally understood his point, but we need a better messenger and the laughter just pissed me off! 😡",0,negative,train,-3,ordinal_-3_to_3,negative=-3..-1; zero=excluded; positive=1..3,E,ambiguous,0.7027817368507385,B,0.12582650780677795,0.5769551992416382,0.019829967990517616,0.12582650780677795,0.06638386100530624,0.0851779356598854,0.7027817368507385
ait-train-2017-En-31183,2017-En-31183,@rheafraserx took them an awfy long time to spot their goal was disallowed ☺️ ,0,negative,train,-2,ordinal_-3_to_3,negative=-3..-1; zero=excluded; positive=1..3,C,reported_quoted,0.5321716666221619,B,0.25744497776031494,0.2747266888618469,0.03533671051263809,0.25744497776031494,0.5321716666221619,0.06347876042127609,0.11156797409057617
ait-train-2017-En-31189,2017-En-31189,Being in the countryside all day was so pleasing,1,positive,train,3,ordinal_-3_to_3,negative=-3..-1; zero=excluded; positive=1..3,B,objectless_general,0.6020000576972961,A,0.1628437340259552,0.43915632367134094,0.1628437340259552,0.6020000576972961,0.12641997635364532,0.09836926311254501,0.010366995818912983
ait-train-2017-En-31191,2017-En-31191,Come and join in with #cakeclubhour tomorrow afternoon from 3pm! #bizhour #chirp,1,positive,train,1,ordinal_-3_to_3,negative=-3..-1; zero=excluded; positive=1..3,A,target_directed,0.3390690088272095,B,0.25106894969940186,0.08800005912780762,0.3390690088272095,0.25106894969940186,0.12828141450881958,0.03460770472884178,0.24697288870811462
ait-train-2017-En-31193,2017-En-31193,I'm always smiling so that's why I'm always happy 😂,1,positive,train,3,ordinal_-3_to_3,negative=-3..-1; zero=excluded; positive=1..3,C,reported_quoted,0.374927818775177,E,0.22570396959781647,0.14922384917736053,0.09085306525230408,0.19038979709148407,0.374927818775177,0.11812533438205719,0.22570396959781647
ait-train-2017-En-31198,2017-En-31198,@B4caferacer I see things in  the clouds that others can't see so I can #elate,1,positive,train,1,ordinal_-3_to_3,negative=-3..-1; zero=excluded; positive=1..3,E,ambiguous,0.35555776953697205,A,0.199421688914299,0.15613608062267303,0.199421688914299,0.12452194839715958,0.13801316916942596,0.18248550593852997,0.35555776953697205
ait-train-2017-En-31205,2017-En-31205,"I took a yr off school and I'm proud to say I got accepted again, yo girl is going to finish! #happy",1,positive,train,3,ordinal_-3_to_3,negative=-3..-1; zero=excluded; positive=1..3,E,ambiguous,0.495321124792099,A,0.23935267329216003,0.25596845149993896,0.23935267329216003,0.1201508641242981,0.06994622945785522,0.07522909343242645,0.495321124792099
ait-train-2017-En-31210,2017-En-31210,"The Lord thy God in the midst of thee is mighty; he will save, he will rejoice over thee with joy; \nZephaniah 3:17 KJV",1,positive,train,1,ordinal_-3_to_3,negative=-3..-1; zero=excluded; positive=1..3,C,reported_quoted,0.6076710820198059,E,0.16572578251361847,0.44194531440734863,0.1361861377954483,0.08072564005851746,0.6076710820198059,0.00969134084880352,0.16572578251361847
ait-train-2017-En-31212,2017-En-31212,OMG NOL i love u so so much i love ur cheery face and hugs 😘😘😘 @CRAZYmac17,1,positive,train,3,ordinal_-3_to_3,negative=-3..-1; zero=excluded; positive=1..3,C,reported_quoted,0.42284759879112244,E,0.25673431158065796,0.16611328721046448,0.048998791724443436,0.14319676160812378,0.42284759879112244,0.1282224804162979,0.25673431158065796
ait-train-2017-En-31213,2017-En-31213,@SquishyJiminie aww thank you!! I'm definitely feeling much better today and your messages cheer me up too ☺️,1,positive,train,2,ordinal_-3_to_3,negative=-3..-1; zero=excluded; positive=1..3,E,ambiguous,0.32331597805023193,A,0.26650089025497437,0.05681508779525757,0.26650089025497437,0.22318728268146515,0.058151185512542725,0.12884461879730225,0.32331597805023193
ait-train-2017-En-31214,2017-En-31214,@ATrumping hahahahahaha!! Oh gosh. You are hilarious. A black man trying to keep racism alive. Get out of here man.,1,positive,train,2,ordinal_-3_to_3,negative=-3..-1; zero=excluded; positive=1..3,E,ambiguous,0.8855442404747009,C,0.03726072981953621,0.8482835292816162,0.025894317775964737,0.031021540984511375,0.03726072981953621,0.02027933858335018,0.8855442404747009
ait-train-2017-En-31221,2017-En-31221,brennan cook and breezy should get back together😍😍😍,1,positive,train,1,ordinal_-3_to_3,negative=-3..-1; zero=excluded; positive=1..3,E,ambiguous,0.30940768122673035,C,0.2742769122123718,0.03513076901435852,0.15366624295711517,0.1612793654203415,0.2742769122123718,0.10136977583169937,0.30940768122673035
ait-train-2017-En-31224,2017-En-31224,"Luke 1:14\nHe will be a joy and delight to you, and many will rejoice because of his birth",1,positive,train,3,ordinal_-3_to_3,negative=-3..-1; zero=excluded; positive=1..3,A,target_directed,0.6391425132751465,C,0.13561981916427612,0.5035226941108704,0.6391425132751465,0.1300087720155716,0.13561981916427612,0.029534632340073586,0.06569425761699677
ait-train-2017-En-31227,2017-En-31227,"@seangrandillo I beg you, never stop smiling. You deserve to be happy and to know all the beautiful things that life can offers.",1,positive,train,1,ordinal_-3_to_3,negative=-3..-1; zero=excluded; positive=1..3,A,target_directed,0.44616466760635376,E,0.29793113470077515,0.1482335329055786,0.44616466760635376,0.16389892995357513,0.057435475289821625,0.03456975892186165,0.29793113470077515
ait-train-2017-En-31232,2017-En-31232,"The best part of this day, Jesus, is to snuggle up in your embrace...to rest in your arms and know you love me...💙❤ #sweetEmbrace ",1,positive,train,2,ordinal_-3_to_3,negative=-3..-1; zero=excluded; positive=1..3,C,reported_quoted,0.2822580933570862,A,0.27965372800827026,0.002604365348815918,0.27965372800827026,0.2399275004863739,0.2822580933570862,0.11938413977622986,0.078776516020298
ait-train-2017-En-31238,2017-En-31238,Well that was exhilarating. I didn't know you could have goosebumps for 2 hrs 5m straight.,1,positive,train,2,ordinal_-3_to_3,negative=-3..-1; zero=excluded; positive=1..3,E,ambiguous,0.5186598896980286,A,0.3728705048561096,0.14578938484191895,0.3728705048561096,0.07819622755050659,0.013412289321422577,0.016861101612448692,0.5186598896980286
ait-train-2017-En-31240,2017-En-31240,@1barkcom Thank you for the #follow. Looking forward to your tweets as they look entertaining! #smile #socialmedia,1,positive,train,2,ordinal_-3_to_3,negative=-3..-1; zero=excluded; positive=1..3,E,ambiguous,0.3171943426132202,B,0.285439670085907,0.03175467252731323,0.1492694914340973,0.285439670085907,0.1366032510995865,0.11149317026138306,0.3171943426132202
ait-train-2017-En-31241,2017-En-31241,@1barkcom Thank you for the #follow. Looking forward to your tweets as they look entertaining!  #socialmedia,1,positive,train,3,ordinal_-3_to_3,negative=-3..-1; zero=excluded; positive=1..3,E,ambiguous,0.31931033730506897,B,0.24768175184726715,0.07162858545780182,0.12240339815616608,0.24768175184726715,0.1785932183265686,0.1320112943649292,0.31931033730506897
ait-train-2017-En-31243,2017-En-31243,"The feeling of taking someone's life is either scarring or exhilarating, but for people need to realize that we're going to die at some--",0,negative,train,-2,ordinal_-3_to_3,negative=-3..-1; zero=excluded; positive=1..3,E,ambiguous,0.5446380376815796,B,0.21633772552013397,0.3283002972602844,0.0981610044836998,0.21633772552013397,0.08116007596254349,0.05970322713255882,0.5446380376815796
ait-train-2017-En-31245,2017-En-31245,some say my lover is a pale green light\nhe hovers high where the moon shines bright,1,positive,train,1,ordinal_-3_to_3,negative=-3..-1; zero=excluded; positive=1..3,B,objectless_general,0.40995389223098755,A,0.1775507628917694,0.23240312933921814,0.1775507628917694,0.40995389223098755,0.1681452840566635,0.0991598516702652,0.14519020915031433
ait-train-2017-En-31246,2017-En-31246,@AlohaJonathan @AtlantaFX all I've seen is that clip of the jail scene with the sexuality part which was hilarious,1,positive,train,1,ordinal_-3_to_3,negative=-3..-1; zero=excluded; positive=1..3,C,reported_quoted,0.3488006293773651,E,0.30526745319366455,0.04353317618370056,0.032456327229738235,0.26734596490859985,0.3488006293773651,0.046129561960697174,0.30526745319366455
ait-train-2017-En-31249,2017-En-31249,that's my breezy breezy breezy that's my breezy that's my buzzinnnnnn.,1,positive,train,1,ordinal_-3_to_3,negative=-3..-1; zero=excluded; positive=1..3,E,ambiguous,0.34628137946128845,B,0.23810671269893646,0.10817466676235199,0.12974707782268524,0.23810671269893646,0.19984354078769684,0.08602133393287659,0.34628137946128845
ait-train-2017-En-31251,2017-En-31251,"But the lady at the store said I had nice eyelashes so that's good, right? #optimism? @verizon",1,positive,train,3,ordinal_-3_to_3,negative=-3..-1; zero=excluded; positive=1..3,B,objectless_general,0.41401639580726624,C,0.27144402265548706,0.14257237315177917,0.03982071205973625,0.41401639580726624,0.27144402265548706,0.0959196463227272,0.17879930138587952
ait-train-2017-En-31252,2017-En-31252,I love looking at my old statuses on Facebook. The one I have from four years ago on this day was about #glee. I had so many opinions...,1,positive,train,1,ordinal_-3_to_3,negative=-3..-1; zero=excluded; positive=1..3,A,target_directed,0.3743370771408081,B,0.2852649986743927,0.0890720784664154,0.3743370771408081,0.2852649986743927,0.05096874013543129,0.12434810400009155,0.16508108377456665
ait-train-2017-En-31255,2017-En-31255,@OccasionalGod isn't that the reason horror is popular? the exhilaration that comes from discomfort is enjoyable -- watch The Green Room :D,1,positive,train,1,ordinal_-3_to_3,negative=-3..-1; zero=excluded; positive=1..3,E,ambiguous,0.31550395488739014,B,0.28307387232780457,0.03243008255958557,0.13880671560764313,0.28307387232780457,0.16479083895683289,0.09782454371452332,0.31550395488739014
ait-train-2017-En-31256,2017-En-31256,The true way to render ourselves #happy is to love our work and find in it our pleasure. Francoise de Motteville,1,positive,train,1,ordinal_-3_to_3,negative=-3..-1; zero=excluded; positive=1..3,A,target_directed,0.45979854464530945,E,0.23250800371170044,0.227290540933609,0.45979854464530945,0.15974022448062897,0.09661717712879181,0.051336001604795456,0.23250800371170044
ait-train-2017-En-31260,2017-En-31260,When my friends send me ballons and fireworks through text... #amazing ,1,positive,train,3,ordinal_-3_to_3,negative=-3..-1; zero=excluded; positive=1..3,B,objectless_general,0.3630254566669464,A,0.27643078565597534,0.08659467101097107,0.27643078565597534,0.3630254566669464,0.13628211617469788,0.1162465512752533,0.10801508277654648
ait-train-2017-En-31265,2017-En-31265,After this news I'm supposed to be so damn happy and rejoicing but I'm here like 😩😔😭😞,0,negative,train,-3,ordinal_-3_to_3,negative=-3..-1; zero=excluded; positive=1..3,E,ambiguous,0.6679618954658508,C,0.22458192706108093,0.4433799684047699,0.009038514457643032,0.037431031465530396,0.22458192706108093,0.060986679047346115,0.6679618954658508
ait-train-2017-En-31268,2017-En-31268,gifs on iOS10 messaging app are hilarious.,1,positive,train,1,ordinal_-3_to_3,negative=-3..-1; zero=excluded; positive=1..3,A,target_directed,0.5402880907058716,E,0.2614332437515259,0.2788548469543457,0.5402880907058716,0.1499699354171753,0.032535191625356674,0.015773585066199303,0.2614332437515259
ait-train-2017-En-31270,2017-En-31270,@strictlysimilak something about English sparkling wine would be good. Or farmhouse cider. Or Italian cocktails. Thanks.,1,positive,train,2,ordinal_-3_to_3,negative=-3..-1; zero=excluded; positive=1..3,B,objectless_general,0.41222819685935974,A,0.26762670278549194,0.1446014940738678,0.26762670278549194,0.41222819685935974,0.1998910754919052,0.08397077023983002,0.0362832248210907
ait-train-2017-En-31271,2017-En-31271,"@JohnGDryden Gud morning sir,,keep smiling!",1,positive,train,2,ordinal_-3_to_3,negative=-3..-1; zero=excluded; positive=1..3,B,objectless_general,0.3167479336261749,C,0.24255724251270294,0.07419069111347198,0.15632380545139313,0.3167479336261749,0.24255724251270294,0.09617925435304642,0.1881917119026184
ait-train-2017-En-31274,2017-En-31274,@lilymacintyre_ she was my favourite such a joyful soul,1,positive,train,1,ordinal_-3_to_3,negative=-3..-1; zero=excluded; positive=1..3,B,objectless_general,0.3945578932762146,C,0.3547326624393463,0.039825230836868286,0.0682511255145073,0.3945578932762146,0.3547326624393463,0.09325798600912094,0.08920031785964966
ait-train-2017-En-31278,2017-En-31278,PM nawaz sharif adressed in uno produced mirth among kashmires well done pak wel done nawaz .we want demilterization,1,positive,train,1,ordinal_-3_to_3,negative=-3..-1; zero=excluded; positive=1..3,B,objectless_general,0.2880334258079529,A,0.25515231490135193,0.03288111090660095,0.25515231490135193,0.2880334258079529,0.22348831593990326,0.08781775832176208,0.14550819993019104
ait-train-2017-En-31280,2017-En-31280,Go one extra mile just see her smiling,1,positive,train,1,ordinal_-3_to_3,negative=-3..-1; zero=excluded; positive=1..3,B,objectless_general,0.38460224866867065,D,0.2061433047056198,0.17845894396305084,0.13032352924346924,0.38460224866867065,0.10989843308925629,0.2061433047056198,0.169032484292984
ait-train-2017-En-31281,2017-En-31281,"@NFLonFOX @TheDoctorCarson @FOXSports Easy, breezy, beautiful...",1,positive,train,2,ordinal_-3_to_3,negative=-3..-1; zero=excluded; positive=1..3,B,objectless_general,0.36209166049957275,C,0.2740252912044525,0.08806636929512024,0.05606471747159958,0.36209166049957275,0.2740252912044525,0.2073768526315689,0.10044150054454803
ait-train-2017-En-31284,2017-En-31284,@NHLstoreNYC  cheering for @TeamNA_WCH and @HC_Men,1,positive,train,1,ordinal_-3_to_3,negative=-3..-1; zero=excluded; positive=1..3,B,objectless_general,0.2659114897251129,A,0.219265416264534,0.04664607346057892,0.219265416264534,0.2659114897251129,0.205428346991539,0.16739094257354736,0.14200378954410553
ait-train-2017-En-31290,2017-En-31290,"WHY TF DO BROKE BOYS KEEP TRYNA FIND GF's? GET UR FUCKIN $$$ RIGHT B4 I SMACK YO BITCHASS, she deserves 2be happy &amp; u don't deserve that ass",0,negative,train,-2,ordinal_-3_to_3,negative=-3..-1; zero=excluded; positive=1..3,E,ambiguous,0.8672913312911987,B,0.06656183302402496,0.800729513168335,0.00914161466062069,0.06656183302402496,0.0478706881403923,0.009134694933891296,0.8672913312911987
ait-train-2017-En-31296,2017-En-31296,@StephaliciousD afternoon delight,1,positive,train,1,ordinal_-3_to_3,negative=-3..-1; zero=excluded; positive=1..3,B,objectless_general,0.4837411344051361,A,0.20616111159324646,0.27758002281188965,0.20616111159324646,0.4837411344051361,0.16762922704219818,0.12196599692106247,0.020502539351582527
ait-train-2017-En-31301,2017-En-31301,@Coffeeking12 @jsavite I was injecting a little levity! The person who tweeted the coke/rape tweet is obviously an idiot,0,negative,train,-2,ordinal_-3_to_3,negative=-3..-1; zero=excluded; positive=1..3,E,ambiguous,0.6238771080970764,C,0.28293097019195557,0.34094613790512085,0.03052322380244732,0.05596695840358734,0.28293097019195557,0.006701738107949495,0.6238771080970764
ait-train-2017-En-31306,2017-En-31306,@Cherie_Fitz it's being extremely playful,1,positive,train,1,ordinal_-3_to_3,negative=-3..-1; zero=excluded; positive=1..3,B,objectless_general,0.3327413499355316,C,0.2641505002975464,0.06859084963798523,0.09731186926364899,0.3327413499355316,0.2641505002975464,0.09612569957971573,0.20967049896717072
ait-train-2017-En-31309,2017-En-31309,"Well stock finished &amp; listed, living room moved around, new editing done &amp; fitted in a visit to the in-laws. #productivityatitsfinest #happy",1,positive,train,3,ordinal_-3_to_3,negative=-3..-1; zero=excluded; positive=1..3,B,objectless_general,0.4975180923938751,C,0.15327668190002441,0.3442414104938507,0.15210330486297607,0.4975180923938751,0.15327668190002441,0.09554924815893173,0.10155269503593445
ait-train-2017-En-31310,2017-En-31310,"Well stock finished &amp; listed, living room moved around, new editing done &amp; fitted in a visit to the in-laws. #productivityatitsfinest ",1,positive,train,1,ordinal_-3_to_3,negative=-3..-1; zero=excluded; positive=1..3,B,objectless_general,0.5024049878120422,C,0.20503947138786316,0.2973655164241791,0.1298803687095642,0.5024049878120422,0.20503947138786316,0.08862834423780441,0.07404681295156479
ait-train-2017-En-31311,2017-En-31311,@alooftroye so what you mean to tell me is that.... glee is...... getting less........... gleeful?,0,negative,train,-1,ordinal_-3_to_3,negative=-3..-1; zero=excluded; positive=1..3,E,ambiguous,0.7668511271476746,C,0.10057515650987625,0.6662759780883789,0.015367467887699604,0.0824558213353157,0.10057515650987625,0.034750424325466156,0.7668511271476746
ait-train-2017-En-31313,2017-En-31313,"Our branch will be closed this Sunday, 9/25, in honor of the IRONMAN 70.3 happening in Downtown! Come cheer on race participants!",1,positive,train,2,ordinal_-3_to_3,negative=-3..-1; zero=excluded; positive=1..3,C,reported_quoted,0.6343219876289368,B,0.19658587872982025,0.4377360939979553,0.11357765644788742,0.19658587872982025,0.6343219876289368,0.02010520175099373,0.035409241914749146
ait-train-2017-En-31318,2017-En-31318,"Yesterday is history, tomorrow is amystery, and today is a gift; that's why they call it the present #livelife #humbleness  #live",1,positive,train,2,ordinal_-3_to_3,negative=-3..-1; zero=excluded; positive=1..3,B,objectless_general,0.43875652551651,C,0.24507033824920654,0.19368618726730347,0.11521498113870621,0.43875652551651,0.24507033824920654,0.12229205667972565,0.07866606116294861
ait-train-2017-En-31321,2017-En-31321,These girls who are playful and childlike seem to have such lovely relationships. Can't imagine them having serious convos but it's cute  😍😍,1,positive,train,3,ordinal_-3_to_3,negative=-3..-1; zero=excluded; positive=1..3,B,objectless_general,0.5282928347587585,A,0.21702484786510468,0.3112679719924927,0.21702484786510468,0.5282928347587585,0.10901481658220291,0.08375691622495651,0.06191050261259079
ait-train-2017-En-31325,2017-En-31325,Leon's cheerfulness is always a big help.,1,positive,train,1,ordinal_-3_to_3,negative=-3..-1; zero=excluded; positive=1..3,A,target_directed,0.6724627017974854,B,0.23172366619110107,0.4407390356063843,0.6724627017974854,0.23172366619110107,0.05600797384977341,0.011320454999804497,0.028485199436545372
ait-train-2017-En-31329,2017-En-31329,its been ages since ive had shawarma my stomach is #rejoicing,1,positive,train,3,ordinal_-3_to_3,negative=-3..-1; zero=excluded; positive=1..3,E,ambiguous,0.4143880307674408,D,0.21433845162391663,0.20004957914352417,0.08781764656305313,0.20685669779777527,0.07659912109375,0.21433845162391663,0.4143880307674408
ait-train-2017-En-31331,2017-En-31331,It's so breezy I love it 🌬️🍃💛,1,positive,train,3,ordinal_-3_to_3,negative=-3..-1; zero=excluded; positive=1..3,A,target_directed,0.3503764569759369,B,0.32559099793434143,0.02478545904159546,0.3503764569759369,0.32559099793434143,0.0803915336728096,0.07158317416906357,0.17205777764320374
ait-train-2017-En-31334,2017-En-31334,@lizbon @anomalily @gerikkransky Sorry for the levity if at all inappropriate but this combined with my love of Charlotte reminds me rn...,0,negative,train,-2,ordinal_-3_to_3,negative=-3..-1; zero=excluded; positive=1..3,B,objectless_general,0.33593276143074036,D,0.2292986959218979,0.10663406550884247,0.13052493333816528,0.33593276143074036,0.164875328540802,0.2292986959218979,0.13936825096607208
ait-train-2017-En-31335,2017-En-31335,A hearty thank you to you all for joining in tonight. Some delicious British dishes on your menus. #BeerClub,1,positive,train,1,ordinal_-3_to_3,negative=-3..-1; zero=excluded; positive=1..3,C,reported_quoted,0.36037564277648926,B,0.22923608124256134,0.13113956153392792,0.1435949057340622,0.22923608124256134,0.36037564277648926,0.06740949302911758,0.19938383996486664
ait-train-2017-En-31343,2017-En-31343,Let go of the need to need. And find your own joyous path through the richness that extends in every direction.,1,positive,train,1,ordinal_-3_to_3,negative=-3..-1; zero=excluded; positive=1..3,E,ambiguous,0.41296476125717163,B,0.20324191451072693,0.2097228467464447,0.1941368579864502,0.20324191451072693,0.09323427081108093,0.09642217308282852,0.41296476125717163
ait-train-2017-En-31349,2017-En-31349,"CommunitySleepCoach: Look at these #narcoleptic #puppies. Make you #smile. If you are human &amp; find yourself in such odd positions, seek #th…",1,positive,train,2,ordinal_-3_to_3,negative=-3..-1; zero=excluded; positive=1..3,A,target_directed,0.4010581374168396,E,0.2382076382637024,0.1628504991531372,0.4010581374168396,0.20140214264392853,0.06800983101129532,0.09132228791713715,0.2382076382637024
ait-train-2017-En-31360,2017-En-31360,A warm #smile is the universal language of kindness William Arthur Ward #love #kindness,1,positive,train,1,ordinal_-3_to_3,negative=-3..-1; zero=excluded; positive=1..3,A,target_directed,0.7101711630821228,B,0.13607577979564667,0.5740953683853149,0.7101711630821228,0.13607577979564667,0.04630283638834953,0.0702187642455101,0.03723149746656418
ait-train-2017-En-31369,2017-En-31369,Reflection: the grind has been so REAL! Working 2 jobs &amp; being in school. #ksudsm #ksu #recruiter #instructor #tumble #cheer #gradschool,1,positive,train,2,ordinal_-3_to_3,negative=-3..-1; zero=excluded; positive=1..3,B,objectless_general,0.32965511083602905,C,0.2331611067056656,0.09649400413036346,0.1785217523574829,0.32965511083602905,0.2331611067056656,0.0665895864367485,0.19207243621349335
ait-train-2017-En-31379,2017-En-31379,Love your new show @driverminnie ,1,positive,train,1,ordinal_-3_to_3,negative=-3..-1; zero=excluded; positive=1..3,E,ambiguous,0.328338623046875,A,0.25497204065322876,0.07336658239364624,0.25497204065322876,0.2406092882156372,0.0781380832195282,0.09794190526008606,0.328338623046875
ait-train-2017-En-31383,2017-En-31383,@BrianaBanksxoxo I send ya a few #playful nibbles 😉,1,positive,train,1,ordinal_-3_to_3,negative=-3..-1; zero=excluded; positive=1..3,D,mixed,0.25759464502334595,C,0.23668168485164642,0.020912960171699524,0.14037886261940002,0.2161952704191208,0.23668168485164642,0.25759464502334595,0.14914947748184204
ait-train-2017-En-31387,2017-En-31387,Good morning! Welcome the new day into your life and your heart #mindfulness  #zen,1,positive,train,3,ordinal_-3_to_3,negative=-3..-1; zero=excluded; positive=1..3,A,target_directed,0.29446956515312195,E,0.24046514928340912,0.05400441586971283,0.29446956515312195,0.23906302452087402,0.15513402223587036,0.07086828351020813,0.24046514928340912
ait-train-2017-En-31388,2017-En-31388,The LORD your God is in your midst—a warrior bringing victory. He will create calm with his love; he will rejoice over you with singing.,1,positive,train,1,ordinal_-3_to_3,negative=-3..-1; zero=excluded; positive=1..3,A,target_directed,0.5145444869995117,C,0.22627189755439758,0.28827258944511414,0.5145444869995117,0.2132807970046997,0.22627189755439758,0.023956159129738808,0.021946748718619347
ait-train-2017-En-31405,2017-En-31405,crying because @msleamichele's snapchat is bringing on some serious #glee feels 😭❤,0,negative,train,-2,ordinal_-3_to_3,negative=-3..-1; zero=excluded; positive=1..3,A,target_directed,0.2873447835445404,B,0.21617110073566437,0.07117368280887604,0.2873447835445404,0.21617110073566437,0.17941391468048096,0.17931026220321655,0.13775992393493652
ait-train-2017-En-31432,2017-En-31432,Impractical Jokers...practically genius!!!  @BQQuinn #laughter #good4thesoul #ImpracticalJokers #bingewatching,1,positive,train,2,ordinal_-3_to_3,negative=-3..-1; zero=excluded; positive=1..3,E,ambiguous,0.5517244338989258,A,0.282015323638916,0.26970911026000977,0.282015323638916,0.11471492052078247,0.03646986931562424,0.01507547590881586,0.5517244338989258
ait-train-2017-En-31442,2017-En-31442,"This night is sparkling don't you let it go,\nI'm wonder struck,\nBlushing on the way home.'",1,positive,train,1,ordinal_-3_to_3,negative=-3..-1; zero=excluded; positive=1..3,B,objectless_general,0.3068755269050598,A,0.23606052994728088,0.07081499695777893,0.23606052994728088,0.3068755269050598,0.22674113512039185,0.07161694020032883,0.15870589017868042
ait-train-2017-En-31448,2017-En-31448,"Be happy not because everything is good, but because you can see the good side of everything. #optimism",1,positive,train,2,ordinal_-3_to_3,negative=-3..-1; zero=excluded; positive=1..3,A,target_directed,0.37626585364341736,E,0.27767983078956604,0.09858602285385132,0.37626585364341736,0.23974230885505676,0.06374605745077133,0.042565956711769104,0.27767983078956604
ait-train-2017-En-31450,2017-En-31450,I understand now...if it's not pleasing to the ear...then it ain't what you want! I'm so so tired!!,0,negative,train,-3,ordinal_-3_to_3,negative=-3..-1; zero=excluded; positive=1..3,E,ambiguous,0.7828612327575684,B,0.07861272245645523,0.7042484879493713,0.020446661859750748,0.07861272245645523,0.07027028501033783,0.047809068113565445,0.7828612327575684
ait-train-2017-En-31451,2017-En-31451,That was a lovely story to actually see Ruth and hubby who won the cashcow @sunriseon7.It was so funny when she left the phone #happy 😊,1,positive,train,3,ordinal_-3_to_3,negative=-3..-1; zero=excluded; positive=1..3,A,target_directed,0.34524670243263245,B,0.31968918442726135,0.025557518005371094,0.34524670243263245,0.31968918442726135,0.08165492117404938,0.11570029705762863,0.13770893216133118
ait-train-2017-En-31457,2017-En-31457,"@BratzHead happy birthday to the most beautiful cheerful sister ever, llnp 💕❣🎉",1,positive,train,3,ordinal_-3_to_3,negative=-3..-1; zero=excluded; positive=1..3,A,target_directed,0.31713584065437317,B,0.30150753259658813,0.015628308057785034,0.31713584065437317,0.30150753259658813,0.12347462773323059,0.16768911480903625,0.09019289910793304
ait-train-2017-En-31459,2017-En-31459,@soboleskih Okay this is hilarious,1,positive,train,3,ordinal_-3_to_3,negative=-3..-1; zero=excluded; positive=1..3,E,ambiguous,0.4821627736091614,B,0.3229539096355438,0.15920886397361755,0.02255367673933506,0.3229539096355438,0.09964615106582642,0.07268358767032623,0.4821627736091614
ait-train-2017-En-31460,2017-En-31460,@homoaesthetics YESYESYES like jd is the closest cahracter that is similar to blaine!! the optimism and ability to crack tough characters,1,positive,train,1,ordinal_-3_to_3,negative=-3..-1; zero=excluded; positive=1..3,C,reported_quoted,0.30085399746894836,E,0.2884864807128906,0.01236751675605774,0.04609760642051697,0.275582492351532,0.30085399746894836,0.08897943794727325,0.2884864807128906
ait-train-2017-En-31462,2017-En-31462,"@DayveeSutton BIG thank you for liking my little Pumpkin  :)  She's the smallest of my 4, but is very playful &amp; wakes me up most mornings.",1,positive,train,3,ordinal_-3_to_3,negative=-3..-1; zero=excluded; positive=1..3,A,target_directed,0.3675994575023651,B,0.23385794460773468,0.13374151289463043,0.3675994575023651,0.23385794460773468,0.16123376786708832,0.11535171419382095,0.12195705622434616
ait-train-2017-En-31463,2017-En-31463,At the end of the day you gotta be #happy for you.,1,positive,train,2,ordinal_-3_to_3,negative=-3..-1; zero=excluded; positive=1..3,E,ambiguous,0.36907655000686646,B,0.23983904719352722,0.12923750281333923,0.20580008625984192,0.23983904719352722,0.14496010541915894,0.04032420367002487,0.36907655000686646
ait-train-2017-En-31465,2017-En-31465,Why would Enrique sub off busquet? ,0,negative,train,-2,ordinal_-3_to_3,negative=-3..-1; zero=excluded; positive=1..3,E,ambiguous,0.7156203985214233,C,0.1377059370279312,0.5779144763946533,0.02092459425330162,0.11848848313093185,0.1377059370279312,0.0072606876492500305,0.7156203985214233
ait-train-2017-En-31466,2017-En-31466,Vincent looking super lively boy... Hattrick perhaps lol,1,positive,train,1,ordinal_-3_to_3,negative=-3..-1; zero=excluded; positive=1..3,B,objectless_general,0.5377989411354065,D,0.15494902431964874,0.38284993171691895,0.13894443213939667,0.5377989411354065,0.14228498935699463,0.15494902431964874,0.026022568345069885
ait-train-2017-En-31467,2017-En-31467,@Nick_Offerman &amp; @MeganOMullally 's #Summerof69 show was raw sexuality and pure #mirth ! Thanks for the belly laughs and butt sex japes!,1,positive,train,2,ordinal_-3_to_3,negative=-3..-1; zero=excluded; positive=1..3,E,ambiguous,0.4924820363521576,A,0.2264893501996994,0.2659927010536194,0.2264893501996994,0.14640246331691742,0.04688863456249237,0.08773762732744217,0.4924820363521576
ait-train-2017-En-31470,2017-En-31470,My ukulele bag has fallen apart. 😐 WELLL AT LEAST my life hasn't yet!! #optimism,0,negative,train,-2,ordinal_-3_to_3,negative=-3..-1; zero=excluded; positive=1..3,B,objectless_general,0.39175188541412354,C,0.29864081740379333,0.0931110680103302,0.15518125891685486,0.39175188541412354,0.29864081740379333,0.13211221992969513,0.02231384627521038
ait-train-2017-En-31472,2017-En-31472,"Everyday I wake up, a different @SpursOfficial player signs a contract extension! Love it!! #future #is #bright #COYS",1,positive,train,3,ordinal_-3_to_3,negative=-3..-1; zero=excluded; positive=1..3,E,ambiguous,0.39187830686569214,B,0.22977392375469208,0.16210438311100006,0.20712822675704956,0.22977392375469208,0.11213761568069458,0.05908200144767761,0.39187830686569214
ait-train-2017-En-31473,2017-En-31473,i swear people dont wanna see me happy like they will try to do anything to fuck up what i got going,0,negative,train,-2,ordinal_-3_to_3,negative=-3..-1; zero=excluded; positive=1..3,E,ambiguous,0.48955002427101135,B,0.27323752641677856,0.2163124978542328,0.05509670451283455,0.27323752641677856,0.07761275768280029,0.10450293868780136,0.48955002427101135
ait-train-2017-En-31474,2017-En-31474,#MeogysDailyVocabEnhancment Elation: quality or state of being elated; feeling or state of great joy or pride,1,positive,train,1,ordinal_-3_to_3,negative=-3..-1; zero=excluded; positive=1..3,E,ambiguous,0.92753666639328,C,0.0664721131324768,0.8610645532608032,0.0016238839598372579,0.0026679523289203644,0.0664721131324768,0.0016995256301015615,0.92753666639328
ait-train-2017-En-31477,2017-En-31477,@crazace76 it looks cool and animated well for pixel art !,1,positive,train,2,ordinal_-3_to_3,negative=-3..-1; zero=excluded; positive=1..3,B,objectless_general,0.32936763763427734,E,0.2902819812297821,0.03908565640449524,0.16919535398483276,0.32936763763427734,0.10193627327680588,0.10921865701675415,0.2902819812297821
ait-train-2017-En-31479,2017-En-31479,#Appreciate what you have &amp; enjoy your life. \nUse your #smile 😃 to help others use theirs. ☺️,1,positive,train,2,ordinal_-3_to_3,negative=-3..-1; zero=excluded; positive=1..3,A,target_directed,0.41632628440856934,B,0.3141702711582184,0.10215601325035095,0.41632628440856934,0.3141702711582184,0.08301042765378952,0.06707467883825302,0.11941833049058914
ait-train-2017-En-31483,2017-En-31483,Happy Birthday shorty. Stay fine stay breezy stay wavy @daviistuart 😘,1,positive,train,3,ordinal_-3_to_3,negative=-3..-1; zero=excluded; positive=1..3,A,target_directed,0.634346604347229,B,0.15772496163845062,0.4766216278076172,0.634346604347229,0.15772496163845062,0.0438888743519783,0.0578463040292263,0.10619331151247025
ait-train-2017-En-31488,2017-En-31488,"Ive learnt that a #smile and good #morning goes a long way, and saying #thankyou goes even further.  #quote #retweet #inspire",1,positive,train,3,ordinal_-3_to_3,negative=-3..-1; zero=excluded; positive=1..3,B,objectless_general,0.34125053882598877,A,0.2763989567756653,0.06485158205032349,0.2763989567756653,0.34125053882598877,0.12694838643074036,0.12620913982391357,0.12919297814369202
ait-train-2017-En-31489,2017-En-31489,"Better mood today! Bring me #teasing, #flirting, #xdressers, #laughter, and #roleplayers! Also #confessions and #secrets @underdeskloser",1,positive,train,2,ordinal_-3_to_3,negative=-3..-1; zero=excluded; positive=1..3,E,ambiguous,0.3903363049030304,B,0.22558251023292542,0.16475379467010498,0.16706477105617523,0.22558251023292542,0.05182339996099472,0.16519306600093842,0.3903363049030304
ait-train-2017-En-31495,2017-En-31495,"After soul searching, I'd like to announce that I've chosen @chrissyteigen &amp; @nicolerichie to be my adopted sisters due to their hilarity",1,positive,train,1,ordinal_-3_to_3,negative=-3..-1; zero=excluded; positive=1..3,B,objectless_general,0.33418118953704834,C,0.24372859299182892,0.09045259654521942,0.13298490643501282,0.33418118953704834,0.24372859299182892,0.12189585715532303,0.1672094315290451
ait-train-2017-En-31500,2017-En-31500,"Latest on new optimism on keeping #Raiders in #Oakland, live right now on @KCBSNews: @NFL meets here w/Lott &amp; Schaaf to talk new stadium",1,positive,train,1,ordinal_-3_to_3,negative=-3..-1; zero=excluded; positive=1..3,B,objectless_general,0.556745171546936,C,0.1552496999502182,0.40149545669555664,0.15056388080120087,0.556745171546936,0.1552496999502182,0.03404449298977852,0.1033966988325119
ait-train-2017-En-31501,2017-En-31501,Epicurus~ The man least dependent upon the morrow goes to meet the morrow most cheerfully.,1,positive,train,1,ordinal_-3_to_3,negative=-3..-1; zero=excluded; positive=1..3,B,objectless_general,0.2847687602043152,C,0.24331234395503998,0.04145641624927521,0.2406805008649826,0.2847687602043152,0.24331234395503998,0.06448721885681152,0.16675108671188354
ait-train-2017-En-31507,2017-En-31507,Try to find the good in the negative. The negative can turn out to be good.\n#anxietyrelief #optimism #openminded,1,positive,train,1,ordinal_-3_to_3,negative=-3..-1; zero=excluded; positive=1..3,B,objectless_general,0.31589558720588684,C,0.2046281099319458,0.11126747727394104,0.18152783811092377,0.31589558720588684,0.2046281099319458,0.12791214883327484,0.17003627121448517
ait-train-2017-En-31508,2017-En-31508,Pre-game nerves have settled in 😱 i'l be #cheering from home guys 🔴⚪️🙌🏻🏉 #AFLCatsSwans #ProudlySydney #goswans @sydneyswans @SwansSupport,1,positive,train,3,ordinal_-3_to_3,negative=-3..-1; zero=excluded; positive=1..3,B,objectless_general,0.24055911600589752,A,0.23547562956809998,0.005083486437797546,0.23547562956809998,0.24055911600589752,0.17867052555084229,0.11457661539316177,0.23071815073490143
ait-train-2017-En-31519,2017-En-31519,Come to the @BullSkitComedy FUNdraiser this Fri. at 8pm @TheScottBlock. Because #pie + #face = !,1,positive,train,1,ordinal_-3_to_3,negative=-3..-1; zero=excluded; positive=1..3,C,reported_quoted,0.3177330791950226,A,0.27851423621177673,0.03921884298324585,0.27851423621177673,0.25858235359191895,0.3177330791950226,0.04035148769617081,0.10481882840394974
ait-train-2017-En-31520,2017-En-31520,"@FaultlessFacade &lt;she really said in response to what she perceived as a forced jovial tone. With that, she slid out of the jeep and onto&gt;",0,negative,train,-2,ordinal_-3_to_3,negative=-3..-1; zero=excluded; positive=1..3,C,reported_quoted,0.3603217601776123,E,0.3490493595600128,0.011272400617599487,0.07496237009763718,0.18896108865737915,0.3603217601776123,0.026705419644713402,0.3490493595600128
ait-train-2017-En-31531,2017-En-31531,@SomeonesAnIdiot @Sean10Lynagh  due to hearty lawsuit NASCAR will raise beer prices $0.07 to accommodate for losses.,0,negative,train,-2,ordinal_-3_to_3,negative=-3..-1; zero=excluded; positive=1..3,C,reported_quoted,0.48011550307273865,E,0.34450608491897583,0.13560941815376282,0.05871274694800377,0.10754897445440292,0.48011550307273865,0.009116684086620808,0.34450608491897583
ait-train-2017-En-31532,2017-En-31532,"@veryeloise your gunna make me cry, I need a glee day",0,negative,train,-1,ordinal_-3_to_3,negative=-3..-1; zero=excluded; positive=1..3,E,ambiguous,0.6624379754066467,B,0.12479908019304276,0.5376389026641846,0.06207922473549843,0.12479908019304276,0.09829186648130417,0.05239183455705643,0.6624379754066467
ait-train-2017-En-31533,2017-En-31533,is it bad that kurt is literally me..? #glee,0,negative,train,-1,ordinal_-3_to_3,negative=-3..-1; zero=excluded; positive=1..3,E,ambiguous,0.34179767966270447,C,0.2700229585170746,0.07177472114562988,0.11056657880544662,0.19278870522975922,0.2700229585170746,0.08482399582862854,0.34179767966270447
ait-train-2017-En-31535,2017-En-31535,Whatever you decide to do make sure it makes you #happy.,1,positive,train,1,ordinal_-3_to_3,negative=-3..-1; zero=excluded; positive=1..3,A,target_directed,0.4090014696121216,B,0.305049866437912,0.1039516031742096,0.4090014696121216,0.305049866437912,0.10995513200759888,0.049712520092725754,0.1262810230255127
ait-train-2017-En-31543,2017-En-31543,The boys rejoice as badger corner has been reclaimed for our first social of the year #cluboftheyear,1,positive,train,3,ordinal_-3_to_3,negative=-3..-1; zero=excluded; positive=1..3,B,objectless_general,0.452681303024292,C,0.2059333473443985,0.2467479556798935,0.15610267221927643,0.452681303024292,0.2059333473443985,0.09789453446865082,0.08738814294338226
ait-train-2017-En-31544,2017-En-31544,ari looks hilarious oh my g d this is too much,1,positive,train,3,ordinal_-3_to_3,negative=-3..-1; zero=excluded; positive=1..3,B,objectless_general,0.4306833744049072,A,0.26645612716674805,0.16422724723815918,0.26645612716674805,0.4306833744049072,0.08762355893850327,0.13127587735652924,0.08396096527576447
ait-train-2017-En-31548,2017-En-31548,5 person of renown cheerful expectation solutions-pleasure principle back: HsNHZMJSc,1,positive,train,1,ordinal_-3_to_3,negative=-3..-1; zero=excluded; positive=1..3,C,reported_quoted,0.5530036091804504,B,0.23224207758903503,0.3207615315914154,0.14668823778629303,0.23224207758903503,0.5530036091804504,0.041563887149095535,0.026502234861254692
ait-train-2017-En-31551,2017-En-31551,Like I said ➡ there's plenty of cheddar in the cheese to go around! For everyone. ☺ ,1,positive,train,3,ordinal_-3_to_3,negative=-3..-1; zero=excluded; positive=1..3,E,ambiguous,0.3447340428829193,B,0.2759990096092224,0.0687350332736969,0.18735787272453308,0.2759990096092224,0.1346379816532135,0.05727109685540199,0.3447340428829193
ait-train-2017-En-31552,2017-En-31552,Like I said ➡ there's plenty of cheddar in the cheese to go around! For everyone. ☺ #smile,1,positive,train,2,ordinal_-3_to_3,negative=-3..-1; zero=excluded; positive=1..3,E,ambiguous,0.29626673460006714,B,0.2895958721637726,0.006670862436294556,0.2307063639163971,0.2895958721637726,0.1277405321598053,0.055690549314022064,0.29626673460006714
ait-train-2017-En-31554,2017-En-31554,"@yap_yip --an uncertainty. [Halsey teases, her lips curving into a jovial smirk.]",0,negative,train,-1,ordinal_-3_to_3,negative=-3..-1; zero=excluded; positive=1..3,B,objectless_general,0.4394584596157074,C,0.36830002069473267,0.07115843892097473,0.15094000101089478,0.4394584596157074,0.36830002069473267,0.01658826321363449,0.02471332624554634
ait-train-2017-En-31555,2017-En-31555,"@scottlocker220 Thank you for that, the notification came in the nick of time to cheer me up - have to re-tweet",1,positive,train,1,ordinal_-3_to_3,negative=-3..-1; zero=excluded; positive=1..3,B,objectless_general,0.3408978581428528,E,0.24520443379878998,0.0956934243440628,0.08131717890501022,0.3408978581428528,0.17122402787208557,0.16135649383068085,0.24520443379878998
ait-train-2017-En-31556,2017-En-31556,"@715d1\nI bought the Steam port of Vice City, and to my delight Billie Jean is on the soundtrack!",1,positive,train,2,ordinal_-3_to_3,negative=-3..-1; zero=excluded; positive=1..3,A,target_directed,0.47269296646118164,B,0.2091270536184311,0.26356589794158936,0.47269296646118164,0.2091270536184311,0.10488926619291306,0.09832277148962021,0.11496784538030624
ait-train-2017-En-31558,2017-En-31558,"@glacierqxeen \n\n'Whoo, welcome~!' He greeted cheerfully.",1,positive,train,2,ordinal_-3_to_3,negative=-3..-1; zero=excluded; positive=1..3,B,objectless_general,0.6406543850898743,A,0.20920512080192566,0.4314492642879486,0.20920512080192566,0.6406543850898743,0.12187567353248596,0.012270785868167877,0.01599401980638504
ait-train-2017-En-31560,2017-En-31560,@MrsTaraX @PlateGotAte YES! I am rejoicing,1,positive,train,3,ordinal_-3_to_3,negative=-3..-1; zero=excluded; positive=1..3,E,ambiguous,0.9296431541442871,A,0.02453194372355938,0.9051111936569214,0.02453194372355938,0.023850392550230026,0.008067679591476917,0.013906956650316715,0.9296431541442871
ait-train-2017-En-31562,2017-En-31562,@DJ_Musicologist #Disney's 1994 #animated #musical #film #TheLionKing was influenced by #WilliamShakespeare's #Hamlet. Songs by #EltonJohn.,1,positive,train,1,ordinal_-3_to_3,negative=-3..-1; zero=excluded; positive=1..3,C,reported_quoted,0.41190409660339355,A,0.3067358434200287,0.10516825318336487,0.3067358434200287,0.22926221787929535,0.41190409660339355,0.02895404025912285,0.023143822327256203
ait-train-2017-En-31568,2017-En-31568,@priny_baby happppy happppyyyyyy happppppyyyyy haaapppyyyy birthday best friend!! Love you lots 💖💖💖💖💖💖💖🎉🎊 #chapter22 #bdaygirl  #love,1,positive,train,3,ordinal_-3_to_3,negative=-3..-1; zero=excluded; positive=1..3,A,target_directed,0.5661360621452332,D,0.18233618140220642,0.38379988074302673,0.5661360621452332,0.08083251863718033,0.040829841047525406,0.18233618140220642,0.12986540794372559
ait-train-2017-En-31576,2017-En-31576,Cool to see when smart #CowboysTwitter folks chirp the same stuff you did during your review.  This is why I joined.,1,positive,train,1,ordinal_-3_to_3,negative=-3..-1; zero=excluded; positive=1..3,B,objectless_general,0.40583521127700806,C,0.22340819239616394,0.18242701888084412,0.1293044090270996,0.40583521127700806,0.22340819239616394,0.11843141913414001,0.12302076816558838
ait-train-2017-En-31580,2017-En-31580,"I'll find Myself smiling and even laughing at jokes that I don't even think are particularly funny, and I know it's because YOU love them!",1,positive,train,2,ordinal_-3_to_3,negative=-3..-1; zero=excluded; positive=1..3,E,ambiguous,0.7246005535125732,B,0.13843204081058502,0.5861685276031494,0.04818332567811012,0.13843204081058502,0.05613359436392784,0.03265057131648064,0.7246005535125732
ait-train-2017-En-31588,2017-En-31588,Well that draw is lively! #EFLCup,1,positive,train,1,ordinal_-3_to_3,negative=-3..-1; zero=excluded; positive=1..3,E,ambiguous,0.984914243221283,C,0.00820045918226242,0.9767137765884399,0.0007707729819230735,0.0046180360950529575,0.00820045918226242,0.001496539800427854,0.984914243221283
ait-train-2017-En-31598,2017-En-31598,Will WHU be old bill free by the time the game with Chelsea comes around? 😂 😂 😂\nThat will be lively to say the least\n#AFC,1,positive,train,3,ordinal_-3_to_3,negative=-3..-1; zero=excluded; positive=1..3,E,ambiguous,0.3781895935535431,C,0.3624264895915985,0.01576310396194458,0.09160292148590088,0.09942890703678131,0.3624264895915985,0.06835206598043442,0.3781895935535431
ait-train-2017-En-31602,2017-En-31602,@NHLstoreNYC @TeamNA_WCH #NHLNYCSWEEPSTAKES having fun watching team North America and cheering team Canada!,1,positive,train,2,ordinal_-3_to_3,negative=-3..-1; zero=excluded; positive=1..3,B,objectless_general,0.31620755791664124,E,0.24632048606872559,0.06988707184791565,0.19069528579711914,0.31620755791664124,0.10262134671211243,0.1441553682088852,0.24632048606872559
ait-train-2017-En-31610,2017-En-31610,Being #happy means letting go of the clinging and attachment to things in your life. #WednesdayWisdom #life,1,positive,train,1,ordinal_-3_to_3,negative=-3..-1; zero=excluded; positive=1..3,A,target_directed,0.3843725919723511,B,0.2507738173007965,0.13359877467155457,0.3843725919723511,0.2507738173007965,0.13504847884178162,0.09259705245494843,0.13720816373825073
ait-train-2017-En-31613,2017-En-31613,It was very hard to stifle my laughter after I overheard this comment. It really is amazing in the worst ways.,1,positive,train,1,ordinal_-3_to_3,negative=-3..-1; zero=excluded; positive=1..3,E,ambiguous,0.37792935967445374,A,0.2807541787624359,0.09717518091201782,0.2807541787624359,0.17283175885677338,0.057808633893728256,0.11067605763673782,0.37792935967445374
ait-train-2017-En-40010,2017-En-40010,Honestly depression is kicking my ass lately.. 😔,0,negative,train,-3,ordinal_-3_to_3,negative=-3..-1; zero=excluded; positive=1..3,B,objectless_general,0.32902276515960693,D,0.2401019036769867,0.08892086148262024,0.17898759245872498,0.32902276515960693,0.1619802564382553,0.2401019036769867,0.0899074524641037
ait-train-2017-En-40039,2017-En-40039,"@TNFryed Jesus, you just made think that of all the Vols v fl games I've seen. I've never seen a win. #depression",0,negative,train,-3,ordinal_-3_to_3,negative=-3..-1; zero=excluded; positive=1..3,E,ambiguous,0.4144229590892792,C,0.32795625925064087,0.0864666998386383,0.05972208082675934,0.12280216813087463,0.32795625925064087,0.07509653270244598,0.4144229590892792
ait-train-2017-En-40045,2017-En-40045,Well my evaluation came back and i am minimally effective. Student test scores on the PARCC sunk my eval. it's time for me to quit teaching,0,negative,train,-3,ordinal_-3_to_3,negative=-3..-1; zero=excluded; positive=1..3,B,objectless_general,0.35951244831085205,E,0.3162578344345093,0.04325461387634277,0.20271989703178406,0.35951244831085205,0.08822658658027649,0.03328326717019081,0.3162578344345093
ait-train-2017-En-40052,2017-En-40052,2 applications for my dbs and still waiting. Been over a year now. Going to loose my job 👍🏿 @GOVUK  #thanks #unhappy #crb,0,negative,train,-2,ordinal_-3_to_3,negative=-3..-1; zero=excluded; positive=1..3,C,reported_quoted,0.3471960723400116,E,0.2169732302427292,0.1302228420972824,0.056056465953588486,0.21588261425495148,0.3471960723400116,0.16389155387878418,0.2169732302427292
ait-train-2017-En-40055,2017-En-40055,Too many gloomy days,0,negative,train,-2,ordinal_-3_to_3,negative=-3..-1; zero=excluded; positive=1..3,B,objectless_general,0.5803431868553162,A,0.3323432505130768,0.24799993634223938,0.3323432505130768,0.5803431868553162,0.049913354218006134,0.03472001850605011,0.0026801510248333216
ait-train-2017-En-40059,2017-En-40059,Am I the only person who dislikes fall? #FirstDayofFall #leaves #thingsdie #depressing #cold #noflipflops 👎🏾👎🏽👎🏻🍂🍁,0,negative,train,-2,ordinal_-3_to_3,negative=-3..-1; zero=excluded; positive=1..3,E,ambiguous,0.46503251791000366,C,0.17299149930477142,0.29204100370407104,0.1333744078874588,0.13738498091697693,0.17299149930477142,0.09121664613485336,0.46503251791000366
ait-train-2017-En-40066,2017-En-40066,@jccrocker #CharlotteProtest do u #wait 4 the facts #video or do u #hate now ask questions later #sad #protest #PoliceShootings #suggestions,0,negative,train,-3,ordinal_-3_to_3,negative=-3..-1; zero=excluded; positive=1..3,E,ambiguous,0.3050594627857208,B,0.2617027461528778,0.04335671663284302,0.11734581738710403,0.2617027461528778,0.1984722912311554,0.11741970479488373,0.3050594627857208
ait-train-2017-En-40076,2017-En-40076,@6itmap I can't help but feel melancholic!,0,negative,train,-2,ordinal_-3_to_3,negative=-3..-1; zero=excluded; positive=1..3,A,target_directed,0.5636930465698242,E,0.2594827115535736,0.3042103350162506,0.5636930465698242,0.10781276971101761,0.013116996735334396,0.05589445307850838,0.2594827115535736
ait-train-2017-En-40080,2017-En-40080,in health we did a think about depression and now i feel like i have it,0,negative,train,-2,ordinal_-3_to_3,negative=-3..-1; zero=excluded; positive=1..3,B,objectless_general,0.31118494272232056,E,0.23926778137683868,0.07191716134548187,0.11014775931835175,0.31118494272232056,0.1325385719537735,0.2068609893321991,0.23926778137683868
ait-train-2017-En-40111,2017-En-40111,@megalvz literally was gloomy for an hour,0,negative,train,-3,ordinal_-3_to_3,negative=-3..-1; zero=excluded; positive=1..3,B,objectless_general,0.2954915165901184,C,0.2567690908908844,0.03872242569923401,0.24312357604503632,0.2954915165901184,0.2567690908908844,0.08615842461585999,0.11845733970403671
ait-train-2017-En-40113,2017-En-40113,"Fucking gutted, disheartened &amp; so pissed off.Gone from 1 off the toughest most resolute defences to the worst &amp; most shambolic #SCFC #STOHUL",0,negative,train,-3,ordinal_-3_to_3,negative=-3..-1; zero=excluded; positive=1..3,E,ambiguous,0.805040180683136,C,0.08076205104589462,0.7242781519889832,0.05239782854914665,0.0454183854162693,0.08076205104589462,0.016381632536649704,0.805040180683136
ait-train-2017-En-40116,2017-En-40116,"@GoPro your UX online is appalling! No clear save button, not being able to use any generic TLD's #unhappy",0,negative,train,-3,ordinal_-3_to_3,negative=-3..-1; zero=excluded; positive=1..3,E,ambiguous,0.8465721607208252,B,0.07217326760292053,0.774398922920227,0.028276020660996437,0.07217326760292053,0.03495393693447113,0.018024621531367302,0.8465721607208252
ait-train-2017-En-40121,2017-En-40121,Another grim &amp; compelling news report by @Nawalf on the blockade of aid to the starving in #Yemen #BBC #dosomethingpoliticans,0,negative,train,-2,ordinal_-3_to_3,negative=-3..-1; zero=excluded; positive=1..3,B,objectless_general,0.32850417494773865,A,0.2595883011817932,0.06891587376594543,0.2595883011817932,0.32850417494773865,0.2446904331445694,0.02980436570942402,0.1374126672744751
ait-train-2017-En-40123,2017-En-40123,@Uber_RSA when you click over and over again for a cupcake but there are no vehicles available... #sadness,0,negative,train,-3,ordinal_-3_to_3,negative=-3..-1; zero=excluded; positive=1..3,C,reported_quoted,0.4233708083629608,A,0.20463153719902039,0.21873927116394043,0.20463153719902039,0.16472364962100983,0.4233708083629608,0.07916606962680817,0.1281079202890396
ait-train-2017-En-40127,2017-En-40127,Smokeys dad is sad :/,0,negative,train,-3,ordinal_-3_to_3,negative=-3..-1; zero=excluded; positive=1..3,C,reported_quoted,0.8009202480316162,B,0.12026257812976837,0.680657684803009,0.06719088554382324,0.12026257812976837,0.8009202480316162,0.00788354966789484,0.003742737928405404
ait-train-2017-En-40129,2017-En-40129,@ryyyshh story of my life. #lost,0,negative,train,-3,ordinal_-3_to_3,negative=-3..-1; zero=excluded; positive=1..3,C,reported_quoted,0.4885118305683136,B,0.23548750579357147,0.2530243396759033,0.09439558535814285,0.23548750579357147,0.4885118305683136,0.08544961363077164,0.09615552425384521
ait-train-2017-En-40141,2017-En-40141,And I won't even get started with Hillary and her fancy fundraisers! #depressing,0,negative,train,-3,ordinal_-3_to_3,negative=-3..-1; zero=excluded; positive=1..3,E,ambiguous,0.6872719526290894,A,0.14293377101421356,0.5443381667137146,0.14293377101421356,0.08652076125144958,0.03860093280673027,0.04467259347438812,0.6872719526290894
ait-train-2017-En-40153,2017-En-40153,@JUSTICESLUT420 sadly this sort of poster died by the 90s afaik,0,negative,train,-2,ordinal_-3_to_3,negative=-3..-1; zero=excluded; positive=1..3,B,objectless_general,0.3623768389225006,C,0.36097919940948486,0.001397639513015747,0.15188656747341156,0.3623768389225006,0.36097919940948486,0.07671528309583664,0.04804201051592827
ait-train-2017-En-40154,2017-En-40154,@lucy_hyner @Soulboy2266 sadly not !! One less hour drinking time 😢🍻,0,negative,train,-2,ordinal_-3_to_3,negative=-3..-1; zero=excluded; positive=1..3,C,reported_quoted,0.33367031812667847,E,0.2015034705400467,0.13216684758663177,0.14173808693885803,0.18901503086090088,0.33367031812667847,0.1340731382369995,0.2015034705400467
ait-train-2017-En-40171,2017-En-40171,@gagasklaine it's old sadly,0,negative,train,-3,ordinal_-3_to_3,negative=-3..-1; zero=excluded; positive=1..3,B,objectless_general,0.46123266220092773,C,0.3656320869922638,0.09560057520866394,0.06913717836141586,0.46123266220092773,0.3656320869922638,0.06603158265352249,0.03796658664941788
ait-train-2017-En-40177,2017-En-40177,I've returned from the dead with a desire to clean the apartment and eat something that isn't garbage. #managing #depression,0,negative,train,-3,ordinal_-3_to_3,negative=-3..-1; zero=excluded; positive=1..3,B,objectless_general,0.33589211106300354,D,0.28604668378829956,0.04984542727470398,0.13954955339431763,0.33589211106300354,0.13440534472465515,0.28604668378829956,0.10410633683204651
ait-train-2017-En-40184,2017-En-40184,Hate being sober so I popped two,0,negative,train,-2,ordinal_-3_to_3,negative=-3..-1; zero=excluded; positive=1..3,A,target_directed,0.4643951952457428,B,0.3111754059791565,0.1532197892665863,0.4643951952457428,0.3111754059791565,0.049377765506505966,0.022905224934220314,0.15214644372463226
ait-train-2017-En-40190,2017-En-40190,Liam is too distant makes me mourn 😪,0,negative,train,-2,ordinal_-3_to_3,negative=-3..-1; zero=excluded; positive=1..3,C,reported_quoted,0.5146176218986511,B,0.2514464557170868,0.26317116618156433,0.08488037437200546,0.2514464557170868,0.5146176218986511,0.1180422455072403,0.031013309955596924
ait-train-2017-En-40192,2017-En-40192,This weather got me fucked up. Like you either be sunny and hot or gloomy and cold. No in between.,0,negative,train,-3,ordinal_-3_to_3,negative=-3..-1; zero=excluded; positive=1..3,A,target_directed,0.3099716901779175,E,0.25941523909568787,0.050556451082229614,0.3099716901779175,0.24044577777385712,0.06668754667043686,0.12347967177629471,0.25941523909568787
ait-train-2017-En-40204,2017-En-40204,"If Payet goes either in Jan or @ the seasons end, can't say I blame him. The boy must b so disheartened by what he's seeing at the mo.",0,negative,train,-3,ordinal_-3_to_3,negative=-3..-1; zero=excluded; positive=1..3,C,reported_quoted,0.33077511191368103,B,0.32089003920555115,0.009885072708129883,0.0708325132727623,0.32089003920555115,0.33077511191368103,0.08472143113613129,0.19278086721897125
ait-train-2017-En-40209,2017-En-40209,@el_tityboi bc it's a gloomy day Tony,0,negative,train,-3,ordinal_-3_to_3,negative=-3..-1; zero=excluded; positive=1..3,B,objectless_general,0.47221454977989197,A,0.17168039083480835,0.3005341589450836,0.17168039083480835,0.47221454977989197,0.1714964658021927,0.11210153996944427,0.07250697165727615
ait-train-2017-En-40210,2017-En-40210,@rupindxr my heart actually sunk looooool I was so confused,0,negative,train,-2,ordinal_-3_to_3,negative=-3..-1; zero=excluded; positive=1..3,D,mixed,0.32632410526275635,B,0.2724761962890625,0.05384790897369385,0.0784568265080452,0.2724761962890625,0.13838399946689606,0.32632410526275635,0.1843588799238205
ait-train-2017-En-40225,2017-En-40225,@RevTrevK @Wolfman93011 @Daraidernation @EROCKhd Take 2k out of it the numbers on madden are low and have dropped and people are unhappy,0,negative,train,-3,ordinal_-3_to_3,negative=-3..-1; zero=excluded; positive=1..3,E,ambiguous,0.5445264577865601,B,0.23030023276805878,0.3142262101173401,0.0451858788728714,0.23030023276805878,0.1268933266401291,0.05309411883354187,0.5445264577865601
ait-train-2017-En-40226,2017-En-40226,I have no clue where my charger is... #lost,0,negative,train,-2,ordinal_-3_to_3,negative=-3..-1; zero=excluded; positive=1..3,E,ambiguous,0.9944315552711487,C,0.0034249271266162395,0.99100661277771,0.00019129451538901776,0.001483902451582253,0.0034249271266162395,0.00046826753532513976,0.9944315552711487
ait-train-2017-En-40227,2017-En-40227,@JohnRMoffitt This is the most grim piece of laughter I was stricken with all day.,1,positive,train,3,ordinal_-3_to_3,negative=-3..-1; zero=excluded; positive=1..3,E,ambiguous,0.5835482478141785,A,0.19100654125213623,0.39254170656204224,0.19100654125213623,0.10206367075443268,0.06615038216114044,0.05723113194108009,0.5835482478141785
ait-train-2017-En-40228,2017-En-40228,Some moving clips on youtube tonight of the vigil held at Tulsa Metropolitan Baptist church for #TerenceCruther #justice #anger #sadness,0,negative,train,-3,ordinal_-3_to_3,negative=-3..-1; zero=excluded; positive=1..3,A,target_directed,0.6551975607872009,B,0.15725430846214294,0.497943252325058,0.6551975607872009,0.15725430846214294,0.08057419210672379,0.061161790043115616,0.04581225663423538
ait-train-2017-En-40234,2017-En-40234,Awareness of time is awareness of time lost. #awareness #time #lost,0,negative,train,-2,ordinal_-3_to_3,negative=-3..-1; zero=excluded; positive=1..3,B,objectless_general,0.5325853228569031,C,0.29392245411872864,0.23866286873817444,0.14005222916603088,0.5325853228569031,0.29392245411872864,0.01893572509288788,0.014504269696772099
ait-train-2017-En-40248,2017-En-40248,if you're unhappy with someone just fucking tell them you're unhappy and leave. Don't go fuckin around with other people on the side,0,negative,train,-3,ordinal_-3_to_3,negative=-3..-1; zero=excluded; positive=1..3,E,ambiguous,0.49016880989074707,C,0.22162730991840363,0.26854151487350464,0.03885452076792717,0.20379018783569336,0.22162730991840363,0.04555916041135788,0.49016880989074707
ait-train-2017-En-40254,2017-En-40254,The voice is all about Miley and Alicia this year. No longer about the contestants. #sad @thevoice,0,negative,train,-2,ordinal_-3_to_3,negative=-3..-1; zero=excluded; positive=1..3,B,objectless_general,0.3368974030017853,A,0.2804069519042969,0.0564904510974884,0.2804069519042969,0.3368974030017853,0.23929142951965332,0.06531365215778351,0.07809063047170639
ait-train-2017-En-40273,2017-En-40273,@DoubleEph sadly his best days are behind him,0,negative,train,-2,ordinal_-3_to_3,negative=-3..-1; zero=excluded; positive=1..3,C,reported_quoted,0.3463904559612274,B,0.28262022137641907,0.06377023458480835,0.22525273263454437,0.28262022137641907,0.3463904559612274,0.05633525922894478,0.08940132707357407
ait-train-2017-En-40294,2017-En-40294,The new lock sound is grim,0,negative,train,-2,ordinal_-3_to_3,negative=-3..-1; zero=excluded; positive=1..3,C,reported_quoted,0.40744972229003906,A,0.32717281579971313,0.08027690649032593,0.32717281579971313,0.2030540257692337,0.40744972229003906,0.02145392820239067,0.040869563817977905
ait-train-2017-En-40312,2017-En-40312,"@OnesOwnGrief Just a shame his world was gloom from day one almost.Though it makes sense he'd have the whole part hydra,part s.h.i.e.l.d(c)",0,negative,train,-2,ordinal_-3_to_3,negative=-3..-1; zero=excluded; positive=1..3,C,reported_quoted,0.31547820568084717,B,0.2581654191017151,0.05731278657913208,0.19268691539764404,0.2581654191017151,0.31547820568084717,0.06566717475652695,0.16800235211849213
ait-train-2017-En-40319,2017-En-40319,@LondonMidland #dobetter only two carriages on 14:49 Birmingham to Hereford no room to stand anymore Friday commute #unhappy,0,negative,train,-3,ordinal_-3_to_3,negative=-3..-1; zero=excluded; positive=1..3,E,ambiguous,0.3725507855415344,C,0.2934090197086334,0.079141765832901,0.052957892417907715,0.15394915640354156,0.2934090197086334,0.12713319063186646,0.3725507855415344
ait-train-2017-En-40320,2017-En-40320,It's become a verb. 'I'm gonna Villaseñor all those old contacts I don't need anymore.' #sadness @melissavcomedy #waitingforexplanation,0,negative,train,-2,ordinal_-3_to_3,negative=-3..-1; zero=excluded; positive=1..3,E,ambiguous,0.3457314372062683,C,0.23815427720546722,0.10757716000080109,0.1110634058713913,0.18152065575122833,0.23815427720546722,0.12353018671274185,0.3457314372062683
ait-train-2017-En-40324,2017-En-40324,"@narcissusheiyan  maybe it'd have been different if I stayed for sixth form? But still, the oppressive architecture, uninteresting people",0,negative,train,-2,ordinal_-3_to_3,negative=-3..-1; zero=excluded; positive=1..3,B,objectless_general,0.5710636973381042,C,0.16530351340770721,0.40576016902923584,0.08695495128631592,0.5710636973381042,0.16530351340770721,0.10392308235168457,0.07275481522083282
ait-train-2017-En-40347,2017-En-40347,@ArcadianLuthier -- taking out his feelings on Kei unfairly. His lips form a frown as he tries to walk away.,0,negative,train,-2,ordinal_-3_to_3,negative=-3..-1; zero=excluded; positive=1..3,B,objectless_general,0.3584277629852295,C,0.28946641087532043,0.06896135210990906,0.20187747478485107,0.3584277629852295,0.28946641087532043,0.048065751791000366,0.10216262191534042
ait-train-2017-En-40358,2017-En-40358,"#Terencecutcher #Tulsa the man onthe helicopter said he looks like a bad dude, that is the problem, when they see black they see bad, ",0,negative,train,-2,ordinal_-3_to_3,negative=-3..-1; zero=excluded; positive=1..3,C,reported_quoted,0.4443325400352478,E,0.25211772322654724,0.19221481680870056,0.056278783828020096,0.21659377217292786,0.4443325400352478,0.030677195638418198,0.25211772322654724
ait-train-2017-En-40379,2017-En-40379,What day is it #lost,0,negative,train,-2,ordinal_-3_to_3,negative=-3..-1; zero=excluded; positive=1..3,B,objectless_general,0.871488094329834,C,0.04896712303161621,0.8225209712982178,0.018301377072930336,0.871488094329834,0.04896712303161621,0.03013872355222702,0.03110462613403797
ait-train-2017-En-40404,2017-En-40404,Brad Pitt being investigated for child abuse?! this all just got really #dark,0,negative,train,-2,ordinal_-3_to_3,negative=-3..-1; zero=excluded; positive=1..3,E,ambiguous,0.9095873832702637,A,0.03212970122694969,0.8774576783180237,0.03212970122694969,0.021293990314006805,0.027620932087302208,0.009368020109832287,0.9095873832702637
ait-train-2017-En-40406,2017-En-40406,Always do sober what you said you'd do drunk. That will teach you to keep your mouth shut. \n― Ernest Hemingway #quote,0,negative,train,-2,ordinal_-3_to_3,negative=-3..-1; zero=excluded; positive=1..3,E,ambiguous,0.30438441038131714,B,0.26205816864967346,0.04232624173164368,0.08449644595384598,0.26205816864967346,0.2537214159965515,0.09533954411745071,0.30438441038131714
ait-train-2017-En-40426,2017-En-40426,@mik61scot @longshankseddie @ROSAZAMBONINI @YouTube I thought it was because she once sunk her teeth into something that's meant 2b sooked,0,negative,train,-1,ordinal_-3_to_3,negative=-3..-1; zero=excluded; positive=1..3,B,objectless_general,0.38258522748947144,E,0.33469241857528687,0.04789280891418457,0.08431979268789291,0.38258522748947144,0.12515036761760712,0.07325215637683868,0.33469241857528687
ait-train-2017-En-40429,2017-En-40429,"@Cpt_SRogers_\n'Well it can go one of two ways. You either get over it and accept it, because it's not going to change, or you mope about --",0,negative,train,-2,ordinal_-3_to_3,negative=-3..-1; zero=excluded; positive=1..3,E,ambiguous,0.6684073209762573,B,0.1988006830215454,0.4696066379547119,0.03433361276984215,0.1988006830215454,0.08868256211280823,0.009775844402611256,0.6684073209762573
ait-train-2017-En-40434,2017-En-40434,Im so serious about putting words in my mouth bitch don't add ' the ' to my sentence if I didn't say that shit on bloods,0,negative,train,-3,ordinal_-3_to_3,negative=-3..-1; zero=excluded; positive=1..3,E,ambiguous,0.7999941110610962,B,0.09050293266773224,0.7094911932945251,0.008122675120830536,0.09050293266773224,0.08908078074455261,0.012299485504627228,0.7999941110610962
ait-train-2017-En-40445,2017-En-40445,@BBCSport too dull for the UK.,0,negative,train,-3,ordinal_-3_to_3,negative=-3..-1; zero=excluded; positive=1..3,E,ambiguous,0.42976632714271545,C,0.3700163662433624,0.05974996089935303,0.05857099965214729,0.12307540327310562,0.3700163662433624,0.01857094280421734,0.42976632714271545
ait-train-2017-En-40457,2017-En-40457,"Niggas murking in each other. In murky water, I try to swim.",0,negative,train,-2,ordinal_-3_to_3,negative=-3..-1; zero=excluded; positive=1..3,B,objectless_general,0.3139413893222809,C,0.23074309527873993,0.08319829404354095,0.22662436962127686,0.3139413893222809,0.23074309527873993,0.036228060722351074,0.19246312975883484
ait-train-2017-En-40472,2017-En-40472,"@VileBairn Turning then, the older woman looked at Sybil with a most somber expression. \n\n“She ran away from me. But I cannot blame her.”",0,negative,train,-1,ordinal_-3_to_3,negative=-3..-1; zero=excluded; positive=1..3,B,objectless_general,0.4400669038295746,C,0.31425097584724426,0.12581592798233032,0.23544123768806458,0.4400669038295746,0.31425097584724426,0.0092311454936862,0.001009751227684319
ait-train-2017-En-40491,2017-En-40491,Flight 815 crashed on The Lost Island 2004 #lost @JoshuaJThurston,0,negative,train,-1,ordinal_-3_to_3,negative=-3..-1; zero=excluded; positive=1..3,C,reported_quoted,0.4348725974559784,E,0.3101232647895813,0.1247493326663971,0.09014177322387695,0.15374955534934998,0.4348725974559784,0.011112773790955544,0.3101232647895813
ait-train-2017-En-40498,2017-En-40498,i lost my wallet lol.... again....,0,negative,train,-2,ordinal_-3_to_3,negative=-3..-1; zero=excluded; positive=1..3,C,reported_quoted,0.5084989666938782,B,0.20522578060626984,0.30327320098876953,0.06219060346484184,0.20522578060626984,0.5084989666938782,0.07046029716730118,0.15362435579299927
ait-train-2017-En-40502,2017-En-40502,Sister: (Canadian player does something shady.) Jonathan Toews is frowning and he doesn't know why. #WorldCupOfHockey,0,negative,train,-2,ordinal_-3_to_3,negative=-3..-1; zero=excluded; positive=1..3,C,reported_quoted,0.46983370184898376,B,0.35134124755859375,0.11849245429039001,0.05788084864616394,0.35134124755859375,0.46983370184898376,0.06270958483219147,0.058234650641679764
ait-train-2017-En-40503,2017-En-40503,Candice's pout gets more preposterous by the week. This week it's gone a bit Jack Nicholson's Joker. #GBBO,0,negative,train,-2,ordinal_-3_to_3,negative=-3..-1; zero=excluded; positive=1..3,B,objectless_general,0.3398939371109009,A,0.2811442017555237,0.0587497353553772,0.2811442017555237,0.3398939371109009,0.1495126187801361,0.16256487369537354,0.06688442081212997
ait-train-2017-En-40518,2017-En-40518,"This pretentious dick in Night Gallery just fucking, used a towel to dry off his sink",0,negative,train,-2,ordinal_-3_to_3,negative=-3..-1; zero=excluded; positive=1..3,E,ambiguous,0.7754229307174683,B,0.12059975415468216,0.6548231840133667,0.013917231000959873,0.12059975415468216,0.0817810595035553,0.008279049769043922,0.7754229307174683
ait-train-2017-En-40523,2017-En-40523,@Fatumoriginal there's no sitcom better! If u can't laugh at Sheldon or Leonard then u are sober for real! No two ways about it,1,positive,train,1,ordinal_-3_to_3,negative=-3..-1; zero=excluded; positive=1..3,E,ambiguous,0.6764134764671326,B,0.128885418176651,0.5475280284881592,0.0988406091928482,0.128885418176651,0.07515453547239304,0.020705990493297577,0.6764134764671326
ait-train-2017-En-40553,2017-En-40553,Some Erykah Badu to sedate me 💕,1,positive,train,1,ordinal_-3_to_3,negative=-3..-1; zero=excluded; positive=1..3,E,ambiguous,0.999097466468811,C,0.0006172651192173362,0.9984802007675171,7.581344107165933e-05,0.00013541476801037788,0.0006172651192173362,7.40083705750294e-05,0.999097466468811
ait-train-2017-En-40561,2017-En-40561,@TimewarpArcade @tenpencearcade Do you really have to pedal like a nutter to get anywhere? I remember it being more sedate.,0,negative,train,-2,ordinal_-3_to_3,negative=-3..-1; zero=excluded; positive=1..3,E,ambiguous,0.3620118498802185,C,0.29821479320526123,0.06379705667495728,0.03664117306470871,0.26463842391967773,0.29821479320526123,0.038493845611810684,0.3620118498802185
ait-train-2017-En-40570,2017-En-40570,"@MendipHillsAONB do we think the swallows and swifts have gone? Photo'd 3 nights ago, not seen since.  #Autumn",0,negative,train,-1,ordinal_-3_to_3,negative=-3..-1; zero=excluded; positive=1..3,C,reported_quoted,0.5441464781761169,B,0.2611958980560303,0.28295058012008667,0.049486614763736725,0.2611958980560303,0.5441464781761169,0.08695249259471893,0.0582185760140419
ait-train-2017-En-40585,2017-En-40585,In serious need of a nap,0,negative,train,-2,ordinal_-3_to_3,negative=-3..-1; zero=excluded; positive=1..3,B,objectless_general,0.6695634722709656,D,0.10980116575956345,0.5597622990608215,0.08274753391742706,0.6695634722709656,0.0979711264371872,0.10980116575956345,0.03991667181253433
ait-train-2017-En-40588,2017-En-40588,"I don't know why everyone is pretending to be sad about angelina and brad, everyone knows his dumb ass should've stayed with jennifer.",0,negative,train,-1,ordinal_-3_to_3,negative=-3..-1; zero=excluded; positive=1..3,E,ambiguous,0.6898223757743835,B,0.14261187613010406,0.5472105145454407,0.009755358099937439,0.14261187613010406,0.10984936356544495,0.04796099290251732,0.6898223757743835
ait-train-2017-En-40638,2017-En-40638,Already plotting next steps if I get cut off by the same minivan in tomorrow's drop-off line. #preschoolpolitics #momthings ,0,negative,train,-2,ordinal_-3_to_3,negative=-3..-1; zero=excluded; positive=1..3,B,objectless_general,0.40368080139160156,C,0.35118985176086426,0.052490949630737305,0.05593123659491539,0.40368080139160156,0.35118985176086426,0.13887040317058563,0.05032777041196823
ait-train-2017-En-40639,2017-En-40639,Never let me see you frown,0,negative,train,-1,ordinal_-3_to_3,negative=-3..-1; zero=excluded; positive=1..3,A,target_directed,0.3702021539211273,B,0.366450697183609,0.0037514567375183105,0.3702021539211273,0.366450697183609,0.16425929963588715,0.05069122090935707,0.04839666187763214
ait-train-2017-En-40661,2017-En-40661,ya boy gets mad tired of pine trees,0,negative,train,-1,ordinal_-3_to_3,negative=-3..-1; zero=excluded; positive=1..3,B,objectless_general,0.5412113666534424,A,0.17147701978683472,0.36973434686660767,0.17147701978683472,0.5412113666534424,0.14659681916236877,0.043154872953891754,0.09755997359752655
ait-train-2017-En-40664,2017-En-40664,@markoheight @Cassie_OB we sound like vampires saying we wanna sink our teeth into the TT lads and their talents 😂😂😂😂😂😂,1,positive,train,1,ordinal_-3_to_3,negative=-3..-1; zero=excluded; positive=1..3,E,ambiguous,0.8256855010986328,C,0.10962318629026413,0.7160623073577881,0.013566038571298122,0.039027903228998184,0.10962318629026413,0.012097361497581005,0.8256855010986328
ait-train-2017-En-40718,2017-En-40718,"Learning to trust God can quiet a troubled &amp; restless heart, bring peace to a weary soul, &amp; eliminate the hopelessness that #addiction is!",1,positive,train,1,ordinal_-3_to_3,negative=-3..-1; zero=excluded; positive=1..3,A,target_directed,0.3414120674133301,E,0.3161070644855499,0.02530500292778015,0.3414120674133301,0.16404610872268677,0.11498863250017166,0.06344609707593918,0.3161070644855499
ait-train-2017-En-40740,2017-En-40740,the rappers who stayed true to the game is rich.,1,positive,train,1,ordinal_-3_to_3,negative=-3..-1; zero=excluded; positive=1..3,A,target_directed,0.44404637813568115,B,0.21457040309906006,0.2294759750366211,0.44404637813568115,0.21457040309906006,0.14625565707683563,0.03436142951250076,0.16076619923114777
ait-train-2017-En-40751,2017-En-40751,why do i have such a thing for dark curly hAIR,0,negative,train,-2,ordinal_-3_to_3,negative=-3..-1; zero=excluded; positive=1..3,B,objectless_general,0.4202556610107422,D,0.20213723182678223,0.21811842918395996,0.1737808734178543,0.4202556610107422,0.14809563755989075,0.20213723182678223,0.05573057755827904
ait-train-2017-En-40755,2017-En-40755,@hannah_2401 hannah stop being mournful and chill 💁,0,negative,train,-1,ordinal_-3_to_3,negative=-3..-1; zero=excluded; positive=1..3,C,reported_quoted,0.5825915932655334,B,0.18339331448078156,0.3991982936859131,0.03975648805499077,0.18339331448078156,0.5825915932655334,0.07681863754987717,0.11744002252817154
ait-train-2017-En-40765,2017-En-40765,Good morning chirpy #SpringEquinox and your pensive sister #AutumnEquinox A perfect day however it is expressed 🌹🍁🌓☯️ #theBeautyofBalance,1,positive,train,1,ordinal_-3_to_3,negative=-3..-1; zero=excluded; positive=1..3,A,target_directed,0.6573152542114258,B,0.14528752863407135,0.5120277404785156,0.6573152542114258,0.14528752863407135,0.09130684286355972,0.07100453227758408,0.035085827112197876
ait-train-2017-En-40768,2017-En-40768,"Nice to see Balotelli back to his best, good player.. Just lost his way a bit!",1,positive,train,3,ordinal_-3_to_3,negative=-3..-1; zero=excluded; positive=1..3,B,objectless_general,0.3895694315433502,C,0.29355472326278687,0.09601470828056335,0.10762446373701096,0.3895694315433502,0.29355472326278687,0.10154891759157181,0.10770250111818314
ait-train-2017-En-40774,2017-En-40774,Never a dull moment when talking to Nell 😂😂😂😂😋,1,positive,train,2,ordinal_-3_to_3,negative=-3..-1; zero=excluded; positive=1..3,D,mixed,0.2972792387008667,E,0.21677392721176147,0.08050531148910522,0.15436004102230072,0.18875433504581451,0.1428324282169342,0.2972792387008667,0.21677392721176147
ait-train-2017-En-40781,2017-En-40781,@VivienLloyd Thank you so much! Just home - stunned but so happy. Don't think it has sunk in yet! Wow.,1,positive,train,1,ordinal_-3_to_3,negative=-3..-1; zero=excluded; positive=1..3,A,target_directed,0.30928465723991394,B,0.26803290843963623,0.04125174880027771,0.30928465723991394,0.26803290843963623,0.11181227117776871,0.1196412667632103,0.19122886657714844
ait-train-2017-En-40783,2017-En-40783,@SilkInSide @TommyJoeRatliff that's so pretty! I love the sky in the background and the purple highlights with the dull colors is great,1,positive,train,2,ordinal_-3_to_3,negative=-3..-1; zero=excluded; positive=1..3,B,objectless_general,0.3988785147666931,A,0.2935793101787567,0.1052992045879364,0.2935793101787567,0.3988785147666931,0.04599414020776749,0.08123981952667236,0.18030822277069092
ait-train-2017-En-40788,2017-En-40788,A .500 season is all I'm looking for at this point. #depressing #royals,0,negative,train,-3,ordinal_-3_to_3,negative=-3..-1; zero=excluded; positive=1..3,C,reported_quoted,0.4668348729610443,B,0.20205055177211761,0.2647843360900879,0.14745783805847168,0.20205055177211761,0.4668348729610443,0.08889957517385483,0.09475718438625336
ait-train-2017-En-40820,2017-En-40820,"MC: what are you listen to these days?\nBogum: these days I feel gloomy, I listen to ccm (spiritual song) often.\n\nChurch oppa mode. :)",0,negative,train,-1,ordinal_-3_to_3,negative=-3..-1; zero=excluded; positive=1..3,B,objectless_general,0.6392207741737366,C,0.26502281427383423,0.37419795989990234,0.04391961544752121,0.6392207741737366,0.26502281427383423,0.05042155086994171,0.0014152339426800609
ait-train-2017-En-40859,2017-En-40859,"@KeithOlbermann depressing how despicable Trump, with no policies, campaigning on bigotry &amp; rancour can be so close, evil immoral disaster",0,negative,train,-3,ordinal_-3_to_3,negative=-3..-1; zero=excluded; positive=1..3,E,ambiguous,0.5835050344467163,A,0.13869667053222656,0.44480836391448975,0.13869667053222656,0.13366903364658356,0.09894108772277832,0.04518824443221092,0.5835050344467163
ait-train-2017-En-40882,2017-En-40882,"but losing these games are the worst, you end up feeling a mixture of anger and sadness and shame and anxiety and it lasts for days",0,negative,train,-3,ordinal_-3_to_3,negative=-3..-1; zero=excluded; positive=1..3,D,mixed,0.44128328561782837,E,0.3010352551937103,0.14024803042411804,0.06293454766273499,0.14315855503082275,0.05158846080303192,0.44128328561782837,0.3010352551937103
ait-train-2017-En-40927,2017-En-40927,"@space_gayz high fantasy , i feel like you could make a melancholy college age slice of life thing work too",0,negative,train,-2,ordinal_-3_to_3,negative=-3..-1; zero=excluded; positive=1..3,B,objectless_general,0.5140050053596497,D,0.21524035930633545,0.2987646460533142,0.09442748874425888,0.5140050053596497,0.10029155761003494,0.21524035930633545,0.07603557407855988
ait-train-2017-En-40928,2017-En-40928,Over 70% of social sharing is dark &amp; over 50% of web traffic comes from #darksocial. @colinzalewski #LIFTSocial,1,positive,train,1,ordinal_-3_to_3,negative=-3..-1; zero=excluded; positive=1..3,E,ambiguous,0.4236627519130707,C,0.26194867491722107,0.1617140769958496,0.16869409382343292,0.11893109977245331,0.26194867491722107,0.026763366535305977,0.4236627519130707
ait-train-2017-En-40933,2017-En-40933,@MariamVeiszadeh it's getting so close in your poll so many ignorant ppl. #depressing #painful something needs to change #BeTheChange ? How?,0,negative,train,-3,ordinal_-3_to_3,negative=-3..-1; zero=excluded; positive=1..3,E,ambiguous,0.4303220808506012,C,0.21871979534626007,0.21160228550434113,0.06518352031707764,0.16194675862789154,0.21871979534626007,0.12382785230875015,0.4303220808506012
ait-train-2017-En-40957,2017-En-40957,eun: im really unhappy with this and i dont like her like that pls dont\n\nyall: okay but SHE loves HIM,0,negative,train,-2,ordinal_-3_to_3,negative=-3..-1; zero=excluded; positive=1..3,B,objectless_general,0.29557037353515625,C,0.2785501182079315,0.01702025532722473,0.1125025674700737,0.29557037353515625,0.2785501182079315,0.10723855346441269,0.20613840222358704
ait-train-2017-En-40967,2017-En-40967,for an lgbt person to tell someone else that how they identify isn't valid is so sad and against everything we should stand for,0,negative,train,-3,ordinal_-3_to_3,negative=-3..-1; zero=excluded; positive=1..3,E,ambiguous,0.27593597769737244,C,0.23765897750854492,0.038277000188827515,0.19660352170467377,0.19490692019462585,0.23765897750854492,0.09489461779594421,0.27593597769737244
ait-train-2017-En-40969,2017-En-40969,So drunk me hid my keys very well sober me couldn't find it anywhere,0,negative,train,-2,ordinal_-3_to_3,negative=-3..-1; zero=excluded; positive=1..3,B,objectless_general,0.4202503561973572,E,0.254467248916626,0.1657831072807312,0.03883514180779457,0.4202503561973572,0.23434440791606903,0.05210283771157265,0.254467248916626
ait-train-2017-En-40974,2017-En-40974,@downseung I'm sorry about your loss... no one should ever give you shit for taking your time to mourn. No matter how long it takes.,0,negative,train,-2,ordinal_-3_to_3,negative=-3..-1; zero=excluded; positive=1..3,C,reported_quoted,0.3127444088459015,E,0.27775081992149353,0.03499358892440796,0.11769506335258484,0.22496850788593292,0.3127444088459015,0.0668412372469902,0.27775081992149353
ait-train-2017-En-40983,2017-En-40983,final vestiges of my 90's childhood were just dashed on the shoals of hearing a house cover of Tracy Chapman's 'fast car' at the dayjob,0,negative,train,-2,ordinal_-3_to_3,negative=-3..-1; zero=excluded; positive=1..3,B,objectless_general,0.3918927311897278,A,0.25704580545425415,0.13484692573547363,0.25704580545425415,0.3918927311897278,0.1112915500998497,0.15388567745685577,0.0858842059969902
ait-train-2017-En-41001,2017-En-41001,"@PriceSjrw5614 @Ren102e906 @slb42jcb @swoozyqyah THEN you do what you can and then BLOCK them, they're trying to discourage us",0,negative,train,-2,ordinal_-3_to_3,negative=-3..-1; zero=excluded; positive=1..3,E,ambiguous,0.39761796593666077,B,0.2927408814430237,0.10487708449363708,0.05000502988696098,0.2927408814430237,0.16874301433563232,0.09089313447475433,0.39761796593666077
ait-train-2017-En-41011,2017-En-41011,Candace &amp; her pout are getting right on my tits #GBBO,0,negative,train,-2,ordinal_-3_to_3,negative=-3..-1; zero=excluded; positive=1..3,E,ambiguous,0.46513956785202026,B,0.21702368557453156,0.2481158822774887,0.04747270047664642,0.21702368557453156,0.14261484146118164,0.12774917483329773,0.46513956785202026
ait-train-2017-En-41014,2017-En-41014,@reikimuse @MHChat I am beyond the sadness point. Have done it inside out. I live with CPTSD and BPD  I can't always do the pity party,0,negative,train,-2,ordinal_-3_to_3,negative=-3..-1; zero=excluded; positive=1..3,E,ambiguous,0.44345763325691223,C,0.267977237701416,0.17548039555549622,0.022329337894916534,0.04072126746177673,0.267977237701416,0.2255144566297531,0.44345763325691223
ait-train-2017-En-41019,2017-En-41019,"Really planned on making videos this week. Then. A tv died, phone broke, truck died, #depression took over. I'm wondering what I did 2 karma",0,negative,train,-3,ordinal_-3_to_3,negative=-3..-1; zero=excluded; positive=1..3,E,ambiguous,0.624528706073761,D,0.11666590720415115,0.5078628063201904,0.035904645919799805,0.11116807162761688,0.11173267662525177,0.11666590720415115,0.624528706073761
ait-train-2017-En-41041,2017-En-41041,Sigh. I got a B- .. #depressing,0,negative,train,-3,ordinal_-3_to_3,negative=-3..-1; zero=excluded; positive=1..3,C,reported_quoted,0.41040709614753723,B,0.3771563172340393,0.033250778913497925,0.16509172320365906,0.3771563172340393,0.41040709614753723,0.028983384370803833,0.018361428752541542
ait-train-2017-En-41074,2017-En-41074,@loueezecee I don't know how much more of that bloody pout I can take!!,0,negative,train,-3,ordinal_-3_to_3,negative=-3..-1; zero=excluded; positive=1..3,E,ambiguous,0.8822875022888184,B,0.05976961925625801,0.8225178718566895,0.016716979444026947,0.05976961925625801,0.02168671414256096,0.019539060071110725,0.8822875022888184
ait-train-2017-En-41115,2017-En-41115,@OpentheDoorRadi thanks for playing Crock Pot Going #radio #blog #blues #music #indiemusic,1,positive,train,3,ordinal_-3_to_3,negative=-3..-1; zero=excluded; positive=1..3,C,reported_quoted,0.9472197890281677,E,0.03784126788377762,0.9093785285949707,0.0014521528501063585,0.008424513973295689,0.9472197890281677,0.0050621735863387585,0.03784126788377762
ait-train-2017-En-41124,2017-En-41124,I can't pull myself out of depression,0,negative,train,-3,ordinal_-3_to_3,negative=-3..-1; zero=excluded; positive=1..3,C,reported_quoted,0.29452401399612427,E,0.26306813955307007,0.0314558744430542,0.07436300814151764,0.1727571040391922,0.29452401399612427,0.19528767466545105,0.26306813955307007
ait-train-2017-En-41133,2017-En-41133,I get embarrassed at the slightest things and then I'll fret about it all day I hate it,0,negative,train,-2,ordinal_-3_to_3,negative=-3..-1; zero=excluded; positive=1..3,E,ambiguous,0.337990403175354,B,0.2470584362745285,0.0909319669008255,0.151470348238945,0.2470584362745285,0.11187571287155151,0.1516050398349762,0.337990403175354
ait-train-2017-En-41135,2017-En-41135,tim burton never fails to depress me,0,negative,train,-3,ordinal_-3_to_3,negative=-3..-1; zero=excluded; positive=1..3,A,target_directed,0.49777984619140625,B,0.28896790742874146,0.2088119387626648,0.49777984619140625,0.28896790742874146,0.1191074475646019,0.01128357369452715,0.08286114782094955
ait-train-2017-En-41141,2017-En-41141,@faye_catherine happy anger sad melancholy confusion #woodspurge,0,negative,train,-2,ordinal_-3_to_3,negative=-3..-1; zero=excluded; positive=1..3,E,ambiguous,0.31364184617996216,B,0.21870185434818268,0.09493999183177948,0.1360587477684021,0.21870185434818268,0.14722967147827148,0.18436786532402039,0.31364184617996216
ait-train-2017-En-41145,2017-En-41145,@bldmovs sadly beautiful photo.,0,negative,train,-2,ordinal_-3_to_3,negative=-3..-1; zero=excluded; positive=1..3,C,reported_quoted,0.36697471141815186,A,0.30151301622390747,0.06546169519424438,0.30151301622390747,0.2828144431114197,0.36697471141815186,0.038445692509412766,0.010252139531075954
ait-train-2017-En-41146,2017-En-41146,ima kitchen sink,0,negative,train,-1,ordinal_-3_to_3,negative=-3..-1; zero=excluded; positive=1..3,D,mixed,0.23942747712135315,A,0.2311933934688568,0.008234083652496338,0.2311933934688568,0.20130421221256256,0.20101875066757202,0.23942747712135315,0.12705618143081665
ait-train-2017-En-41164,2017-En-41164,I want to pour all my tears on someone right now. So tired of this #upset ,0,negative,train,-3,ordinal_-3_to_3,negative=-3..-1; zero=excluded; positive=1..3,D,mixed,0.3478539288043976,E,0.27417340874671936,0.07368052005767822,0.1322292983531952,0.20088320970535278,0.044860221445560455,0.3478539288043976,0.27417340874671936
ait-train-2017-En-41175,2017-En-41175,"I love when #girls are busy in teaching how to #pout while taking #selfie in a mall , their desication is immense #women love #perfection",1,positive,train,2,ordinal_-3_to_3,negative=-3..-1; zero=excluded; positive=1..3,E,ambiguous,0.4047123193740845,B,0.2443959265947342,0.16031639277935028,0.12423427402973175,0.2443959265947342,0.10838448256254196,0.11827302724123001,0.4047123193740845
ait-train-2017-En-41183,2017-En-41183,@RobertWesley3 I'm #mad that my brother is #sad ! Feel better bub!,0,negative,train,-2,ordinal_-3_to_3,negative=-3..-1; zero=excluded; positive=1..3,E,ambiguous,0.5265411138534546,B,0.1764785349369049,0.3500625789165497,0.12413027137517929,0.1764785349369049,0.09684143960475922,0.07600852847099304,0.5265411138534546
ait-train-2017-En-41186,2017-En-41186,"A pessimist sees the difficulty in every opportunity, an optimist sees the opportunity in every difficulty' -Sir Winston Churchill-",1,positive,train,1,ordinal_-3_to_3,negative=-3..-1; zero=excluded; positive=1..3,A,target_directed,0.31239569187164307,C,0.254863440990448,0.05753225088119507,0.31239569187164307,0.2475041151046753,0.254863440990448,0.07875628024339676,0.10648044943809509
ait-train-2017-En-41194,2017-En-41194,For once I gatherp th strength to not try and drink my pain away. #sober #Fighter #strong #lovely #dreamer,0,negative,train,-2,ordinal_-3_to_3,negative=-3..-1; zero=excluded; positive=1..3,B,objectless_general,0.36923643946647644,A,0.19833286106586456,0.17090357840061188,0.19833286106586456,0.36923643946647644,0.16422970592975616,0.1530371755361557,0.1151638850569725
ait-train-2017-En-41198,2017-En-41198,Bojack Horseman: the saddest show ever written?? #depression #season1,0,negative,train,-3,ordinal_-3_to_3,negative=-3..-1; zero=excluded; positive=1..3,E,ambiguous,0.35093697905540466,A,0.24829022586345673,0.10264675319194794,0.24829022586345673,0.2054605334997177,0.13246111571788788,0.06285104900598526,0.35093697905540466
ait-train-2017-En-41201,2017-En-41201,"Too many are on their 'yeah, the thing going on with cops shooting innocent people is sad - but just not in my backyard, so..'  #blm",0,negative,train,-3,ordinal_-3_to_3,negative=-3..-1; zero=excluded; positive=1..3,C,reported_quoted,0.34999969601631165,B,0.3313559889793396,0.018643707036972046,0.07597942650318146,0.3313559889793396,0.34999969601631165,0.08077023178339005,0.16189463436603546
ait-train-2017-En-41205,2017-En-41205,Love being made to feel bad about being scared of the dark,0,negative,train,-1,ordinal_-3_to_3,negative=-3..-1; zero=excluded; positive=1..3,B,objectless_general,0.4747467637062073,A,0.2257513850927353,0.24899537861347198,0.2257513850927353,0.4747467637062073,0.09045126289129257,0.11569178849458694,0.09335880726575851
ait-train-2017-En-41214,2017-En-41214,"Only God knows why things happen, sometimes it's just hard to understand.  #prayingforyou",0,negative,train,-1,ordinal_-3_to_3,negative=-3..-1; zero=excluded; positive=1..3,C,reported_quoted,0.6049416661262512,E,0.18250983953475952,0.4224318265914917,0.036913927644491196,0.14115296304225922,0.6049416661262512,0.03448167070746422,0.18250983953475952
ait-train-2017-En-41215,2017-En-41215,Just because I'm hurting \nDoesn't mean I'm hurt \nDoesn't mean I didn't get \nWhat I deserved \nNo better and no worse #lost  @coldplay,0,negative,train,-2,ordinal_-3_to_3,negative=-3..-1; zero=excluded; positive=1..3,E,ambiguous,0.47747763991355896,C,0.23322612047195435,0.24425151944160461,0.03871622681617737,0.2033757120370865,0.23322612047195435,0.04720424488186836,0.47747763991355896
ait-train-2017-En-41225,2017-En-41225,@gurrie_j thanks for making me super sad about Pizza. #sad #freepizza,0,negative,train,-3,ordinal_-3_to_3,negative=-3..-1; zero=excluded; positive=1..3,E,ambiguous,0.42308706045150757,B,0.19668471813201904,0.22640234231948853,0.12017134577035904,0.19668471813201904,0.18875521421432495,0.07130163162946701,0.42308706045150757
ait-train-2017-En-41231,2017-En-41231,Rockin to  Bob Dylan singin'  Bob Dylan's 115th Dream on LPCO Klassic Rock #classicrock #klassicrock #rocknroll #blues #onlineradio,1,positive,train,1,ordinal_-3_to_3,negative=-3..-1; zero=excluded; positive=1..3,B,objectless_general,0.36636883020401,A,0.28604379296302795,0.08032503724098206,0.28604379296302795,0.36636883020401,0.1975371390581131,0.053296156227588654,0.0967540293931961
ait-train-2017-En-41255,2017-En-41255,But guess what ? I'm sober,0,negative,train,-2,ordinal_-3_to_3,negative=-3..-1; zero=excluded; positive=1..3,C,reported_quoted,0.3975931406021118,B,0.33036717772483826,0.06722596287727356,0.10353455692529678,0.33036717772483826,0.3975931406021118,0.03914549574255943,0.12935957312583923
ait-train-2017-En-41262,2017-En-41262,So blend the waters lie\nThere shrines and free-  The melancholy waters lie\nNo rays from out the dull tide-  As if the vine,0,negative,train,-1,ordinal_-3_to_3,negative=-3..-1; zero=excluded; positive=1..3,E,ambiguous,0.8997581601142883,C,0.044506415724754333,0.8552517294883728,0.01120097003877163,0.042787689715623856,0.044506415724754333,0.0017468025907874107,0.8997581601142883
ait-train-2017-En-41270,2017-En-41270,Way to get a hold of her 😊 #depressing,0,negative,train,-2,ordinal_-3_to_3,negative=-3..-1; zero=excluded; positive=1..3,A,target_directed,0.5184369683265686,B,0.225260928273201,0.2931760549545288,0.5184369683265686,0.225260928273201,0.12116597592830658,0.0795358270406723,0.055600304156541824
ait-train-2017-En-41277,2017-En-41277,"even if it looks like we are okay,  the reality of that is were actually very worn out and forlorn",0,negative,train,-2,ordinal_-3_to_3,negative=-3..-1; zero=excluded; positive=1..3,B,objectless_general,0.3153587281703949,C,0.22449849545955658,0.09086023271083832,0.06949692964553833,0.3153587281703949,0.22449849545955658,0.20542675256729126,0.18521912395954132
ait-train-2017-En-41287,2017-En-41287,@mcjamie sadly. It's just.. Did the dude have to yell out the frogs name at the Clinton rally that one day. It changed everything,0,negative,train,-2,ordinal_-3_to_3,negative=-3..-1; zero=excluded; positive=1..3,B,objectless_general,0.29092738032341003,A,0.28273260593414307,0.008194774389266968,0.28273260593414307,0.29092738032341003,0.17301568388938904,0.06531433016061783,0.18800994753837585
ait-train-2017-En-41293,2017-En-41293,i cant live anymore my roblox got termianted :(((((((((((((((((((((((( #sad #killme #lol #robloxgamer,0,negative,train,-3,ordinal_-3_to_3,negative=-3..-1; zero=excluded; positive=1..3,E,ambiguous,0.7611062526702881,C,0.16121095418930054,0.5998952984809875,0.033293724060058594,0.035481907427310944,0.16121095418930054,0.008907224982976913,0.7611062526702881
ait-train-2017-En-41327,2017-En-41327,@Conorojo Loool understand the pessimism but it will 😂,1,positive,train,1,ordinal_-3_to_3,negative=-3..-1; zero=excluded; positive=1..3,B,objectless_general,0.33584895730018616,C,0.23067925870418549,0.10516969859600067,0.0761142149567604,0.33584895730018616,0.23067925870418549,0.1458677053451538,0.21148987114429474
ait-train-2017-En-41331,2017-En-41331,@MCHorseFayse @bockaguyjim @generalgoodsman @nevernotdavid so you were owned by losers on Twitter ,0,negative,train,-3,ordinal_-3_to_3,negative=-3..-1; zero=excluded; positive=1..3,E,ambiguous,0.4419768750667572,C,0.27150940895080566,0.17046746611595154,0.03885817155241966,0.22547419369220734,0.27150940895080566,0.022181421518325806,0.4419768750667572
ait-train-2017-En-41341,2017-En-41341,"Haven't been here a while, been watching lots of TV. Conclusion #whataloadoftat...if I wasn't depressed before afternoon TV is ",0,negative,train,-2,ordinal_-3_to_3,negative=-3..-1; zero=excluded; positive=1..3,B,objectless_general,0.5179343223571777,C,0.1837325245141983,0.3342018127441406,0.05958769842982292,0.5179343223571777,0.1837325245141983,0.07946841418743134,0.15927709639072418
ait-train-2017-En-41349,2017-En-41349,I'd pay good money to watch someone slap that pout off Candice.,0,negative,train,-2,ordinal_-3_to_3,negative=-3..-1; zero=excluded; positive=1..3,E,ambiguous,0.5107518434524536,B,0.21797378361225128,0.2927780747413635,0.1220722645521164,0.21797378361225128,0.08673904091119766,0.06246304139494896,0.5107518434524536
ait-train-2017-En-41357,2017-En-41357,Synth backing tracks = sadness\n#depresspop #dark #+++ #alt #fuckingmeup,0,negative,train,-3,ordinal_-3_to_3,negative=-3..-1; zero=excluded; positive=1..3,C,reported_quoted,0.3911479115486145,E,0.25636163353919983,0.13478627800941467,0.1636238992214203,0.15240171551704407,0.3911479115486145,0.03646481782197952,0.25636163353919983
ait-train-2017-En-41368,2017-En-41368,You forever straight so fix that frown u good😇 @amayyaaag__,1,positive,train,1,ordinal_-3_to_3,negative=-3..-1; zero=excluded; positive=1..3,C,reported_quoted,0.32061704993247986,E,0.2929307818412781,0.027686268091201782,0.09461184591054916,0.18666112422943115,0.32061704993247986,0.10517917573451996,0.2929307818412781
ait-train-2017-En-41372,2017-En-41372,I can't even celebrate my wins or mourn my L's cause first test week is that busy 😕,0,negative,train,-2,ordinal_-3_to_3,negative=-3..-1; zero=excluded; positive=1..3,E,ambiguous,0.3395574688911438,B,0.2142362892627716,0.1253211796283722,0.1212906762957573,0.2142362892627716,0.18384887278079987,0.14106670022010803,0.3395574688911438
ait-train-2017-En-41395,2017-En-41395,It's been 5 weeks and I still go through depression smh,0,negative,train,-3,ordinal_-3_to_3,negative=-3..-1; zero=excluded; positive=1..3,E,ambiguous,0.2939701974391937,D,0.29385584592819214,0.00011435151100158691,0.054812733083963394,0.2292238473892212,0.12813735008239746,0.29385584592819214,0.2939701974391937
ait-train-2017-En-41396,2017-En-41396,People too weak to follow their own dreams will always find a way to discourage yours.,0,negative,train,-2,ordinal_-3_to_3,negative=-3..-1; zero=excluded; positive=1..3,C,reported_quoted,0.3591378629207611,B,0.262340247631073,0.09679761528968811,0.11019091308116913,0.262340247631073,0.3591378629207611,0.03388994187116623,0.23444102704524994
ait-train-2017-En-41401,2017-En-41401,"If Troyler will die, I'm gonna die with them\n#troyler #sadness #fuckin'lifeisnotafairytale",0,negative,train,-3,ordinal_-3_to_3,negative=-3..-1; zero=excluded; positive=1..3,E,ambiguous,0.40186476707458496,A,0.2131858766078949,0.18867889046669006,0.2131858766078949,0.14410826563835144,0.1837780624628067,0.05706300958991051,0.40186476707458496
ait-train-2017-En-41406,2017-En-41406,@rclemmons much #sadness and #heartbreak,0,negative,train,-3,ordinal_-3_to_3,negative=-3..-1; zero=excluded; positive=1..3,A,target_directed,0.35494083166122437,B,0.32838621735572815,0.026554614305496216,0.35494083166122437,0.32838621735572815,0.19298091530799866,0.08231740444898605,0.041374582797288895
ait-train-2017-En-41412,2017-En-41412,It's always depressing to sort WordPress plugin recommendations not by 'best' but by 'least offensive in terms of premium features.',0,negative,train,-3,ordinal_-3_to_3,negative=-3..-1; zero=excluded; positive=1..3,C,reported_quoted,0.35122770071029663,E,0.3221694529056549,0.029058247804641724,0.05372337996959686,0.22158795595169067,0.35122770071029663,0.05129147320985794,0.3221694529056549
ait-train-2017-En-41419,2017-En-41419,@AniahROSE I know smh. My heart sunk into my stomach.,0,negative,train,-2,ordinal_-3_to_3,negative=-3..-1; zero=excluded; positive=1..3,D,mixed,0.3165295422077179,E,0.2606886029243469,0.05584093928337097,0.06918887794017792,0.1934928447008133,0.1601000428199768,0.3165295422077179,0.2606886029243469
ait-train-2017-En-41427,2017-En-41427,I know it's the final day of summer when it's the finale of @CBSBigBrother #sadness,0,negative,train,-3,ordinal_-3_to_3,negative=-3..-1; zero=excluded; positive=1..3,C,reported_quoted,0.3335442543029785,A,0.2790350317955017,0.05450922250747681,0.2790350317955017,0.21045562624931335,0.3335442543029785,0.04880281910300255,0.12816229462623596
ait-train-2017-En-41440,2017-En-41440,nooooo. Poor Blue Bell! not again. ,0,negative,train,-3,ordinal_-3_to_3,negative=-3..-1; zero=excluded; positive=1..3,E,ambiguous,0.4755387306213379,B,0.2102183997631073,0.2653203308582306,0.10926495492458344,0.2102183997631073,0.1356050670146942,0.06937280297279358,0.4755387306213379
ait-train-2017-En-41466,2017-En-41466,I've been loving you too long #OtisRedding #blues,1,positive,train,1,ordinal_-3_to_3,negative=-3..-1; zero=excluded; positive=1..3,C,reported_quoted,0.39371800422668457,B,0.2048352211713791,0.18888278305530548,0.09601276367902756,0.2048352211713791,0.39371800422668457,0.1352587640285492,0.17017525434494019
ait-train-2017-En-41467,2017-En-41467,"@charles_gaba No, I am probably the person most likely to completely understand how gobsmacked you were to learn how true that is. #sadly",0,negative,train,-3,ordinal_-3_to_3,negative=-3..-1; zero=excluded; positive=1..3,C,reported_quoted,0.5954305529594421,B,0.14573101699352264,0.4496995210647583,0.0842786356806755,0.14573101699352264,0.5954305529594421,0.060710225254297256,0.11384948343038559
ait-train-2017-En-41470,2017-En-41470,Up on melancholy hill,0,negative,train,-2,ordinal_-3_to_3,negative=-3..-1; zero=excluded; positive=1..3,B,objectless_general,0.45879873633384705,A,0.33192145824432373,0.12687727808952332,0.33192145824432373,0.45879873633384705,0.09150055795907974,0.10897944867610931,0.008799837902188301
ait-train-2017-En-41491,2017-En-41491,"I know I've painted quite a grim picture of your chances. But if you simply stand here, we will both surely die.",0,negative,train,-3,ordinal_-3_to_3,negative=-3..-1; zero=excluded; positive=1..3,E,ambiguous,0.3817276954650879,C,0.38133108615875244,0.0003966093063354492,0.07362903654575348,0.1413595825433731,0.38133108615875244,0.02195264957845211,0.3817276954650879
ait-train-2017-En-41505,2017-En-41505,This whole #VanRE + extradition might turn into a Pandora's box. JT has no idea about that murky corrupt guanxi in China; Toad vs Dada ;-),0,negative,train,-2,ordinal_-3_to_3,negative=-3..-1; zero=excluded; positive=1..3,E,ambiguous,0.5024943947792053,C,0.23294733464717865,0.2695470452308655,0.07756757736206055,0.13615690171718597,0.23294733464717865,0.05083378776907921,0.5024943947792053
ait-train-2017-En-41514,2017-En-41514,@SalterUK second pair of scales I have bought that have stopped working after battery change. Is this an issue you are aware of?  #unhappy,0,negative,train,-3,ordinal_-3_to_3,negative=-3..-1; zero=excluded; positive=1..3,C,reported_quoted,0.47856855392456055,E,0.22334812581539154,0.2552204132080078,0.051747050136327744,0.15372247993946075,0.47856855392456055,0.09261386096477509,0.22334812581539154
ait-train-2017-En-41524,2017-En-41524,"@pottermore : I can't find my patronus, the website doesn't work, I can't even see the questions.... #sadness...",0,negative,train,-3,ordinal_-3_to_3,negative=-3..-1; zero=excluded; positive=1..3,C,reported_quoted,0.36613401770591736,A,0.22583122551441193,0.14030279219150543,0.22583122551441193,0.22043286263942719,0.36613401770591736,0.10547877848148346,0.08212313801050186
ait-validation-2018-En-00036,2018-En-00036,"@SenRonJohnson @Neomi_Rao #25thAmendmentNow Do you mean 'regulations' like clean air and water? Because who needs that, right? #sarcasm",0,negative,validation,-2,ordinal_-3_to_3,negative=-3..-1; zero=excluded; positive=1..3,E,ambiguous,0.8927018046379089,B,0.051410697400569916,0.8412911295890808,0.002648919355124235,0.051410697400569916,0.047714460641145706,0.005524108652025461,0.8927018046379089
ait-validation-2018-En-00076,2018-En-00076,@1ncamera @Weehugs @DavidYoungPA @PA Stupidity is part of their proud cultural identity. 😠,0,negative,validation,-2,ordinal_-3_to_3,negative=-3..-1; zero=excluded; positive=1..3,E,ambiguous,0.4843651056289673,C,0.28290945291519165,0.20145565271377563,0.118556909263134,0.0849146917462349,0.28290945291519165,0.02925385721027851,0.4843651056289673
ait-validation-2018-En-00095,2018-En-00095,"@PiersatPenn Thank you dear Emily. This is a wonderful share I love it. Emily, have very happy moment over there my beautiful friend",1,positive,validation,3,ordinal_-3_to_3,negative=-3..-1; zero=excluded; positive=1..3,B,objectless_general,0.29293620586395264,E,0.21899978816509247,0.07393641769886017,0.18958422541618347,0.29293620586395264,0.17878063023090363,0.11969910562038422,0.21899978816509247
ait-validation-2018-En-00102,2018-En-00102,That moment when the worry is lifted #grateful,1,positive,validation,2,ordinal_-3_to_3,negative=-3..-1; zero=excluded; positive=1..3,B,objectless_general,0.348302960395813,E,0.19939041137695312,0.14891254901885986,0.18903487920761108,0.348302960395813,0.09642202407121658,0.16684973239898682,0.19939041137695312
ait-validation-2018-En-00103,2018-En-00103,i already have 3 Nico URs and i really need a smile UR ;; i'm confused,0,negative,validation,-2,ordinal_-3_to_3,negative=-3..-1; zero=excluded; positive=1..3,B,objectless_general,0.3291685879230499,D,0.2825060188770294,0.04666256904602051,0.07676596194505692,0.3291685879230499,0.19371318817138672,0.2825060188770294,0.11784625053405762
ait-validation-2018-En-00123,2018-En-00123,At a groovy restaurant. Got a cheeseburger and fries. I don't discriminate. Rating; 5/7 #yummy #delicious #politicallycorrect,1,positive,validation,2,ordinal_-3_to_3,negative=-3..-1; zero=excluded; positive=1..3,B,objectless_general,0.410745769739151,C,0.3281847834587097,0.08256098628044128,0.10146039724349976,0.410745769739151,0.3281847834587097,0.08489226549863815,0.07471680641174316
ait-validation-2018-En-00124,2018-En-00124,"Theme of week: Ask the Lord for strength &amp; perspective to persevere in #integrity and effort, despite being #disheartened &amp; disappointed.",0,negative,validation,-2,ordinal_-3_to_3,negative=-3..-1; zero=excluded; positive=1..3,C,reported_quoted,0.5671959519386292,B,0.1798618733882904,0.38733407855033875,0.053912729024887085,0.1798618733882904,0.5671959519386292,0.06439648568630219,0.13463298976421356
ait-validation-2018-En-00133,2018-En-00133,I think I'll eternally be irritated by our LIT teacher 😂,0,negative,validation,-2,ordinal_-3_to_3,negative=-3..-1; zero=excluded; positive=1..3,E,ambiguous,0.5745550990104675,C,0.17028546333312988,0.40426963567733765,0.02755703218281269,0.1445949375629425,0.17028546333312988,0.08300745487213135,0.5745550990104675
ait-validation-2018-En-00135,2018-En-00135,And I'm really pissed the fuck off because I do a good job of keeping my kid well because I don't like to see her sick and sad.,0,negative,validation,-3,ordinal_-3_to_3,negative=-3..-1; zero=excluded; positive=1..3,E,ambiguous,0.6826230883598328,B,0.10643038153648376,0.5761927366256714,0.06749093532562256,0.10643038153648376,0.07074176520109177,0.07271375507116318,0.6826230883598328
ait-validation-2018-En-00142,2018-En-00142,+ cant get to tell them what will offend them or not,0,negative,validation,-2,ordinal_-3_to_3,negative=-3..-1; zero=excluded; positive=1..3,B,objectless_general,0.3457804024219513,C,0.2767660319805145,0.06901437044143677,0.06739629805088043,0.3457804024219513,0.2767660319805145,0.09156870096921921,0.21848855912685394
ait-validation-2018-En-00155,2018-En-00155,wow :o this was included in the playlist #awesome,1,positive,validation,3,ordinal_-3_to_3,negative=-3..-1; zero=excluded; positive=1..3,B,objectless_general,0.3630277216434479,E,0.29196369647979736,0.07106402516365051,0.10844410955905914,0.3630277216434479,0.14022418856620789,0.09634020924568176,0.29196369647979736
ait-validation-2018-En-00159,2018-En-00159,Hey @NHSEngland imagine being blue lighted to hospital unable to breathe only to be dumped in a cubicle and not seen for 4 hours #horrendous,0,negative,validation,-3,ordinal_-3_to_3,negative=-3..-1; zero=excluded; positive=1..3,E,ambiguous,0.37080273032188416,B,0.2968077063560486,0.07399502396583557,0.08686301857233047,0.2968077063560486,0.14780491590499878,0.09772159159183502,0.37080273032188416
ait-validation-2018-En-00161,2018-En-00161,"Waking up to the #scent of #coffee, there's no other #pleasure .\n\n#morning #carliforniadreaming #Writers",1,positive,validation,2,ordinal_-3_to_3,negative=-3..-1; zero=excluded; positive=1..3,B,objectless_general,0.3666391968727112,A,0.29987698793411255,0.06676220893859863,0.29987698793411255,0.3666391968727112,0.15350697934627533,0.15245597064495087,0.0275209192186594
ait-validation-2018-En-00169,2018-En-00169,Can't wait to take family pictures 😩💜💜 just so excited to start doing fun things with my babies 👨‍👩‍👧,1,positive,validation,2,ordinal_-3_to_3,negative=-3..-1; zero=excluded; positive=1..3,B,objectless_general,0.32412588596343994,E,0.2878747284412384,0.03625115752220154,0.11451739817857742,0.32412588596343994,0.0530473031103611,0.22043469548225403,0.2878747284412384
ait-validation-2018-En-00207,2018-En-00207,"5 goals in 87 appearances last season between McKay, Holt and Windass! Simply is horrific! Get midfield balance sorted and team will fire!",0,negative,validation,-1,ordinal_-3_to_3,negative=-3..-1; zero=excluded; positive=1..3,E,ambiguous,0.7741382122039795,C,0.08501526713371277,0.6891229152679443,0.047178708016872406,0.07625634223222733,0.08501526713371277,0.01741151511669159,0.7741382122039795
ait-validation-2018-En-00208,2018-En-00208,I’m so glad I’m not like some of the sad people online who gossip and bully others for their entertainment because they have no life.,0,negative,validation,-2,ordinal_-3_to_3,negative=-3..-1; zero=excluded; positive=1..3,B,objectless_general,0.35036370158195496,E,0.2212592512369156,0.12910445034503937,0.16425320506095886,0.35036370158195496,0.14334072172641754,0.12078306078910828,0.2212592512369156
ait-validation-2018-En-00321,2018-En-00321,@candycmarketing What happens if you don't want to watch this 'content'? Can't vote then 😆,1,positive,validation,3,ordinal_-3_to_3,negative=-3..-1; zero=excluded; positive=1..3,C,reported_quoted,0.28590211272239685,E,0.282701700925827,0.0032004117965698242,0.061298031359910965,0.2788071036338806,0.28590211272239685,0.09129113703966141,0.282701700925827
ait-validation-2018-En-00322,2018-En-00322,@shoe0nhead @ObscuredLeg Hi I just wanted to wish you two a happy tuesday.😊,1,positive,validation,3,ordinal_-3_to_3,negative=-3..-1; zero=excluded; positive=1..3,C,reported_quoted,0.31025537848472595,A,0.232680544257164,0.07757483422756195,0.232680544257164,0.23214638233184814,0.31025537848472595,0.1414998471736908,0.08341782540082932
ait-validation-2018-En-00326,2018-En-00326,Are u sad or upset?,0,negative,validation,-1,ordinal_-3_to_3,negative=-3..-1; zero=excluded; positive=1..3,B,objectless_general,0.5912855267524719,C,0.27183613181114197,0.31944939494132996,0.039367131888866425,0.5912855267524719,0.27183613181114197,0.02612994983792305,0.07138127088546753
ait-validation-2018-En-00332,2018-En-00332,@IainDale @LBC The only word worse than 'moist' in my opinion is 'scrape'. #ugh #shudder,0,negative,validation,-2,ordinal_-3_to_3,negative=-3..-1; zero=excluded; positive=1..3,E,ambiguous,0.41122227907180786,C,0.2832276523113251,0.1279946267604828,0.0723666250705719,0.1733662337064743,0.2832276523113251,0.05981716886162758,0.41122227907180786
ait-validation-2018-En-00334,2018-En-00334,Migraine hangover has to be the worst thing ever 😣 #burst,0,negative,validation,-3,ordinal_-3_to_3,negative=-3..-1; zero=excluded; positive=1..3,C,reported_quoted,0.37011441588401794,B,0.20106658339500427,0.16904783248901367,0.11598903685808182,0.20106658339500427,0.37011441588401794,0.12187910079956055,0.19095076620578766
ait-validation-2018-En-00338,2018-En-00338,God favors men and women who delight in being made worthy of happiness before the happiness itself.,1,positive,validation,1,ordinal_-3_to_3,negative=-3..-1; zero=excluded; positive=1..3,E,ambiguous,0.421064555644989,A,0.22546733915805817,0.19559721648693085,0.22546733915805817,0.13979999721050262,0.19631917774677277,0.017348872497677803,0.421064555644989
ait-validation-2018-En-00350,2018-En-00350,"I'm #happy as f*** to be accepted with my #chromesthesia by my #CBT doctress, never called 'crazy' for my #colors :-)",1,positive,validation,3,ordinal_-3_to_3,negative=-3..-1; zero=excluded; positive=1..3,A,target_directed,0.4452827572822571,E,0.34085968136787415,0.10442307591438293,0.4452827572822571,0.11900728195905685,0.02760838344693184,0.06724186986684799,0.34085968136787415
ait-validation-2018-En-00357,2018-En-00357,@azizansari Just finished season 2 of #MasterofNone. You are a gifted storyteller! #charming #cinematography #hilarious,1,positive,validation,3,ordinal_-3_to_3,negative=-3..-1; zero=excluded; positive=1..3,E,ambiguous,0.4671197831630707,A,0.3833140730857849,0.08380571007728577,0.3833140730857849,0.11258938908576965,0.026258114725351334,0.010718727484345436,0.4671197831630707
ait-validation-2018-En-00405,2018-En-00405,Media is so focused on bad news that we forget how much more great/good things happen daily. #Thinkpositive #goodnews #optimism #goodmorning,1,positive,validation,1,ordinal_-3_to_3,negative=-3..-1; zero=excluded; positive=1..3,B,objectless_general,0.3551100790500641,E,0.239203080534935,0.11590699851512909,0.2042616307735443,0.3551100790500641,0.09970516711473465,0.10171998292207718,0.239203080534935
ait-validation-2018-En-00410,2018-En-00410,Never been so relived 😆,1,positive,validation,3,ordinal_-3_to_3,negative=-3..-1; zero=excluded; positive=1..3,B,objectless_general,0.36418968439102173,E,0.3317964971065521,0.032393187284469604,0.14293844997882843,0.36418968439102173,0.06912526488304138,0.09195012599229813,0.3317964971065521
ait-validation-2018-En-00420,2018-En-00420,"I mean, not that I wanted goats to faint... but I wanted to see the goats faint.  #eclipse",0,negative,validation,-2,ordinal_-3_to_3,negative=-3..-1; zero=excluded; positive=1..3,E,ambiguous,0.6019145250320435,B,0.15061601996421814,0.4512985050678253,0.028815671801567078,0.15061601996421814,0.1456991583108902,0.07295452803373337,0.6019145250320435
ait-validation-2018-En-00428,2018-En-00428,@mrjamesob @LBC 😂 snowflake random such a funny man never a dull moment brilliant,1,positive,validation,3,ordinal_-3_to_3,negative=-3..-1; zero=excluded; positive=1..3,E,ambiguous,0.5452241897583008,B,0.20317813754081726,0.3420460522174835,0.025600720196962357,0.20317813754081726,0.15465766191482544,0.07133924216032028,0.5452241897583008
ait-validation-2018-En-00438,2018-En-00438,Do people notice that only saying 'You're so pretty' when I have make-up on. Is offense! \n&amp; I take note that they never say it when I don't.,0,negative,validation,-2,ordinal_-3_to_3,negative=-3..-1; zero=excluded; positive=1..3,E,ambiguous,0.4225735068321228,B,0.21927759051322937,0.20329591631889343,0.07460573315620422,0.21927759051322937,0.19291332364082336,0.09062989056110382,0.4225735068321228
ait-validation-2018-En-00450,2018-En-00450,The greatest happiness is seeing someone you like stay happy - Daidouji Tomoyo [Cardcaptor Sakura ],1,positive,validation,3,ordinal_-3_to_3,negative=-3..-1; zero=excluded; positive=1..3,D,mixed,0.9829924702644348,B,0.007104517426341772,0.9758879542350769,0.001365604461170733,0.007104517426341772,0.006126731634140015,0.9829924702644348,0.002410680055618286
ait-validation-2018-En-00452,2018-En-00452,"again i realize some of you may worry about me being gone so long! fear not, for i have made a new life for myself in the sewers,",0,negative,validation,-2,ordinal_-3_to_3,negative=-3..-1; zero=excluded; positive=1..3,B,objectless_general,0.32911908626556396,C,0.272710919380188,0.05640816688537598,0.08739236742258072,0.32911908626556396,0.272710919380188,0.0454140342772007,0.2653636038303375
ait-validation-2018-En-00459,2018-En-00459,Wtf shawty ass on 😤,0,negative,validation,-3,ordinal_-3_to_3,negative=-3..-1; zero=excluded; positive=1..3,E,ambiguous,0.9498850703239441,C,0.025188501924276352,0.9246965646743774,0.002386700361967087,0.01994057185947895,0.025188501924276352,0.0025992714799940586,0.9498850703239441
ait-validation-2018-En-00477,2018-En-00477,@BBCBreaking I have some mistrust of the medical profession.  The cover up was more important than the patients.,0,negative,validation,-2,ordinal_-3_to_3,negative=-3..-1; zero=excluded; positive=1..3,E,ambiguous,0.49641475081443787,C,0.2957315742969513,0.20068317651748657,0.06162232160568237,0.11647448688745499,0.2957315742969513,0.029756862670183182,0.49641475081443787
ait-validation-2018-En-00492,2018-En-00492,"Too much caffeine, and I'm dyyyying. #jitters #shakes #paranoia #heartbeat1000 ☕💔",0,negative,validation,-2,ordinal_-3_to_3,negative=-3..-1; zero=excluded; positive=1..3,E,ambiguous,0.33860522508621216,A,0.322081059217453,0.016524165868759155,0.322081059217453,0.1443711519241333,0.11168613284826279,0.08325637131929398,0.33860522508621216
ait-validation-2018-En-00502,2018-En-00502,"omg so grateful to have an education but ive been back at school for 2 (two) days and my back hurts, im exhausted and breaking out already 😍",1,positive,validation,1,ordinal_-3_to_3,negative=-3..-1; zero=excluded; positive=1..3,B,objectless_general,0.3213772773742676,C,0.2334439903497696,0.08793328702449799,0.05498075485229492,0.3213772773742676,0.2334439903497696,0.23195448517799377,0.15824349224567413
ait-validation-2018-En-00520,2018-En-00520,Quite possibly the worst anthems I've ever heard in pro sports by both singers. I wish I was deaf. #ASG2017 #mlb #MLBAllStarGame ,0,negative,validation,-3,ordinal_-3_to_3,negative=-3..-1; zero=excluded; positive=1..3,E,ambiguous,0.46410465240478516,C,0.1705714911222458,0.2935331463813782,0.16711129248142242,0.1260412186384201,0.1705714911222458,0.07217135280370712,0.46410465240478516
ait-validation-2018-En-00530,2018-En-00530,@WDA_Punisher @SgtDangerCow @Battlefield I think so too. \nCasual audience was particularly unhappy with server admins and server rules.,0,negative,validation,-3,ordinal_-3_to_3,negative=-3..-1; zero=excluded; positive=1..3,C,reported_quoted,0.4345114231109619,B,0.2744891345500946,0.1600222885608673,0.09531614184379578,0.2744891345500946,0.4345114231109619,0.07644914835691452,0.11923418194055557
ait-validation-2018-En-00534,2018-En-00534,Get the feeling @Eurosport_UK and @itvcycling might be reviewing showing all stages in full. Poor @robhatchtv @nedboulting 😴😴😴 😉 #dull,0,negative,validation,-2,ordinal_-3_to_3,negative=-3..-1; zero=excluded; positive=1..3,E,ambiguous,0.9664437174797058,C,0.02922646328806877,0.9372172355651855,0.0010716860415413976,0.0020563569851219654,0.02922646328806877,0.001201704260893166,0.9664437174797058
ait-validation-2018-En-00535,2018-En-00535,"Finally finished this term's class book, Sky Hawk by @gill_lewis kids in tears and actually cheering at the end #good read",1,positive,validation,2,ordinal_-3_to_3,negative=-3..-1; zero=excluded; positive=1..3,A,target_directed,0.24045750498771667,B,0.2354053407907486,0.005052164196968079,0.24045750498771667,0.2354053407907486,0.15344581007957458,0.179004967212677,0.19168640673160553
ait-validation-2018-En-00559,2018-En-00559,"Africa has unique and tremendous problems with war, overpopulation, starvation and tribalism which makes moving Africa forward hard.",0,negative,validation,-2,ordinal_-3_to_3,negative=-3..-1; zero=excluded; positive=1..3,B,objectless_general,0.33696430921554565,A,0.29196447134017944,0.04499983787536621,0.29196447134017944,0.33696430921554565,0.21498402953147888,0.03931628167629242,0.1167709231376648
ait-validation-2018-En-00581,2018-En-00581,i excepted the eclipse to make me believe in an omniscience force #dissapointed,0,negative,validation,-3,ordinal_-3_to_3,negative=-3..-1; zero=excluded; positive=1..3,E,ambiguous,0.39509063959121704,C,0.20940843224525452,0.18568220734596252,0.07774752378463745,0.19004987180233002,0.20940843224525452,0.1277035027742386,0.39509063959121704
ait-validation-2018-En-00613,2018-En-00613,Can't stand it when lads put their middle finger up in pics ,0,negative,validation,-2,ordinal_-3_to_3,negative=-3..-1; zero=excluded; positive=1..3,B,objectless_general,0.44670265913009644,D,0.22186389565467834,0.2248387634754181,0.11233718693256378,0.44670265913009644,0.08918338268995285,0.22186389565467834,0.129912868142128
ait-validation-2018-En-00622,2018-En-00622,"@nextofficial placed order for nearly a grand SIX weeks ago, called yesterday, order 'missing' and no call back today! #shocking",0,negative,validation,-3,ordinal_-3_to_3,negative=-3..-1; zero=excluded; positive=1..3,E,ambiguous,0.5391556024551392,C,0.2525005638599396,0.2866550385951996,0.04538922384381294,0.14680969715118408,0.2525005638599396,0.016144869849085808,0.5391556024551392
ait-validation-2018-En-00627,2018-En-00627,@chelseanews4you Best of luck blues army make us feeling goofy this season again  BLUES TILL ETERNITY,1,positive,validation,1,ordinal_-3_to_3,negative=-3..-1; zero=excluded; positive=1..3,B,objectless_general,0.28320011496543884,C,0.2377648800611496,0.045435234904289246,0.11939048022031784,0.28320011496543884,0.2377648800611496,0.18439997732639313,0.17524461448192596
ait-validation-2018-En-00628,2018-En-00628,"Can't handle rude people. Doesn't matter what job you do, a consultant or not, treat people how you would like to be treated 😡 #disapointed",0,negative,validation,-3,ordinal_-3_to_3,negative=-3..-1; zero=excluded; positive=1..3,E,ambiguous,0.2929352819919586,B,0.24126920104026794,0.051666080951690674,0.1881416290998459,0.24126920104026794,0.15500420331954956,0.12264977395534515,0.2929352819919586
ait-validation-2018-En-00653,2018-En-00653,@JoySparkleBS being able to sit with so much solid info while others came at her ready to kill is a true sign of strength. #inspiring,1,positive,validation,1,ordinal_-3_to_3,negative=-3..-1; zero=excluded; positive=1..3,E,ambiguous,0.4087502956390381,A,0.29472026228904724,0.11403003334999084,0.29472026228904724,0.15687203407287598,0.10327022522687912,0.03638717532157898,0.4087502956390381
ait-validation-2018-En-00657,2018-En-00657,Damn I'm tired as hell I never get a off day during the week anymore 😭 I wanna call in so bad but these lil 60 hrs sounds so good.,0,negative,validation,-2,ordinal_-3_to_3,negative=-3..-1; zero=excluded; positive=1..3,B,objectless_general,0.26909229159355164,D,0.25718235969543457,0.011909931898117065,0.07077433913946152,0.26909229159355164,0.179306760430336,0.25718235969543457,0.22364430129528046
ait-validation-2018-En-00688,2018-En-00688,@AwardsDaily Looks that way.  I don't want to see how Q is going to handle Tate murder.  #shudder,0,negative,validation,-2,ordinal_-3_to_3,negative=-3..-1; zero=excluded; positive=1..3,C,reported_quoted,0.3513587415218353,E,0.27769380807876587,0.07366493344306946,0.04989033192396164,0.21934060752391815,0.3513587415218353,0.10171648859977722,0.27769380807876587
ait-validation-2018-En-00689,2018-En-00689,That moment when you look back and realise you've been a #selfish #horrible #judgemental person. #FeelingAshamed,0,negative,validation,-3,ordinal_-3_to_3,negative=-3..-1; zero=excluded; positive=1..3,B,objectless_general,0.31186580657958984,A,0.27531248331069946,0.03655332326889038,0.27531248331069946,0.31186580657958984,0.17612068355083466,0.13126377761363983,0.10543720424175262
ait-validation-2018-En-00709,2018-En-00709,Man I feel like crap today 😰,0,negative,validation,-3,ordinal_-3_to_3,negative=-3..-1; zero=excluded; positive=1..3,B,objectless_general,0.47853976488113403,D,0.3815586268901825,0.09698113799095154,0.030646804720163345,0.47853976488113403,0.08768528699874878,0.3815586268901825,0.0215695071965456
ait-validation-2018-En-00716,2018-En-00716,@badpostyoongi I know for a fact they'll either ignore the fact tiff isn't or change Cindy's background,0,negative,validation,-1,ordinal_-3_to_3,negative=-3..-1; zero=excluded; positive=1..3,E,ambiguous,0.3479045331478119,B,0.3002312481403351,0.04767328500747681,0.031306810677051544,0.3002312481403351,0.2756327688694,0.04492463544011116,0.3479045331478119
ait-validation-2018-En-00745,2018-En-00745,I got a free Dr.Pepper from the vending machine #awesome,1,positive,validation,3,ordinal_-3_to_3,negative=-3..-1; zero=excluded; positive=1..3,A,target_directed,0.282850444316864,B,0.27629610896110535,0.006554335355758667,0.282850444316864,0.27629610896110535,0.13632279634475708,0.0927322506904602,0.21179832518100739
ait-validation-2018-En-00747,2018-En-00747,"5,000 new US #citizens swearing in now! #tears #congratulations",1,positive,validation,1,ordinal_-3_to_3,negative=-3..-1; zero=excluded; positive=1..3,A,target_directed,0.3390088379383087,B,0.23222248256206512,0.10678635537624359,0.3390088379383087,0.23222248256206512,0.11313584446907043,0.08775723725557327,0.22787559032440186
ait-validation-2018-En-00773,2018-En-00773,@caseydellacqua @ashbar96 Will be cheering for you both! Go @caseydellacqua and @ashbar96,1,positive,validation,2,ordinal_-3_to_3,negative=-3..-1; zero=excluded; positive=1..3,E,ambiguous,0.3252395987510681,C,0.25045427680015564,0.07478532195091248,0.11956524103879929,0.2055266797542572,0.25045427680015564,0.09921422600746155,0.3252395987510681
ait-validation-2018-En-00779,2018-En-00779,"@wvgmltd @DalefootCompost @ThomasEtty Would you like to clean my cooker top, please??? 😉😊 #sparkling #nomess #sunglassesneeded",1,positive,validation,1,ordinal_-3_to_3,negative=-3..-1; zero=excluded; positive=1..3,E,ambiguous,0.6407110095024109,B,0.1453554332256317,0.4953555762767792,0.060878366231918335,0.1453554332256317,0.12260763347148895,0.030447646975517273,0.6407110095024109
ait-validation-2018-En-00790,2018-En-00790,"Been at work for not even 4 hours and I've thrown boiling tea everywhere, smashed a mug, smashed a milk jug and sliced my finger open😐",0,negative,validation,-3,ordinal_-3_to_3,negative=-3..-1; zero=excluded; positive=1..3,E,ambiguous,0.7188432812690735,B,0.09452129900455475,0.6243219971656799,0.037251066416502,0.09452129900455475,0.09221643954515457,0.057167913764715195,0.7188432812690735
ait-validation-2018-En-00807,2018-En-00807,@virtualalien there are more #frightening things in life\n\n#BeyondTheSphereOfReasonableDoubt,0,negative,validation,-2,ordinal_-3_to_3,negative=-3..-1; zero=excluded; positive=1..3,C,reported_quoted,0.31584715843200684,B,0.24682986736297607,0.06901729106903076,0.17293797433376312,0.24682986736297607,0.31584715843200684,0.06299292296171188,0.20139211416244507
ait-validation-2018-En-00832,2018-En-00832,@skh4808 @theveteran425FA @TomiLahren Then why'd they wait until now to start getting pissy? ,0,negative,validation,-1,ordinal_-3_to_3,negative=-3..-1; zero=excluded; positive=1..3,E,ambiguous,0.6290450096130371,B,0.1944020390510559,0.4346429705619812,0.018363282084465027,0.1944020390510559,0.12711027264595032,0.031079327687621117,0.6290450096130371
ait-validation-2018-En-00851,2018-En-00851,@maritzabuys666 Looks wonderful!!!  Wish it was my cock tho!!!  😍,1,positive,validation,2,ordinal_-3_to_3,negative=-3..-1; zero=excluded; positive=1..3,E,ambiguous,0.47496190667152405,A,0.20994418859481812,0.26501771807670593,0.20994418859481812,0.17516149580478668,0.07045701891183853,0.06947537511587143,0.47496190667152405
ait-validation-2018-En-00862,2018-En-00862,You would think booking a holiday for 2 you'd be sat next to each other on the bloody plane #fuming 😡@ThomsonHolidays,0,negative,validation,-3,ordinal_-3_to_3,negative=-3..-1; zero=excluded; positive=1..3,E,ambiguous,0.8013849854469299,B,0.06941400468349457,0.7319709658622742,0.03875730559229851,0.06941400468349457,0.06420847773551941,0.026235312223434448,0.8013849854469299
ait-validation-2018-En-00914,2018-En-00914,HAPPY BIRTHDAY! :D,1,positive,validation,2,ordinal_-3_to_3,negative=-3..-1; zero=excluded; positive=1..3,A,target_directed,0.8795613646507263,E,0.0982414036989212,0.7813199758529663,0.8795613646507263,0.011922513134777546,0.0034256961662322283,0.0068490044213831425,0.0982414036989212
ait-validation-2018-En-00938,2018-En-00938,@_Oteraw unhappy and unfulfilled 😂,0,negative,validation,-2,ordinal_-3_to_3,negative=-3..-1; zero=excluded; positive=1..3,B,objectless_general,0.37227943539619446,D,0.2645799517631531,0.10769948363304138,0.11080487072467804,0.37227943539619446,0.18902438879013062,0.2645799517631531,0.0633113756775856
ait-validation-2018-En-00941,2018-En-00941,@ProfessorF @Mediaite @law_newz Childish temper #tantrums are all the left has left. :),0,negative,validation,-2,ordinal_-3_to_3,negative=-3..-1; zero=excluded; positive=1..3,E,ambiguous,0.4144885838031769,C,0.22329680621623993,0.19119177758693695,0.11088667064905167,0.18557700514793396,0.22329680621623993,0.06575095653533936,0.4144885838031769
ait-validation-2018-En-00942,2018-En-00942,@sophieathertonn @lillynewtonx That's actually awful! You are in for a treat when you get home tho!!,0,negative,validation,-2,ordinal_-3_to_3,negative=-3..-1; zero=excluded; positive=1..3,E,ambiguous,0.5816842913627625,B,0.1752038151025772,0.40648049116134644,0.09348642081022263,0.1752038151025772,0.11380980908870697,0.03581573814153671,0.5816842913627625
ait-validation-2018-En-00946,2018-En-00946,I finally decided to create a twitter account. Don't we all need more social media in our lives? #sarcasm 😀,1,positive,validation,1,ordinal_-3_to_3,negative=-3..-1; zero=excluded; positive=1..3,B,objectless_general,0.33006465435028076,E,0.3145950734615326,0.015469580888748169,0.09493830054998398,0.33006465435028076,0.19422420859336853,0.06617782264947891,0.3145950734615326
ait-validation-2018-En-00980,2018-En-00980,I feel intimidated,0,negative,validation,-2,ordinal_-3_to_3,negative=-3..-1; zero=excluded; positive=1..3,C,reported_quoted,0.5921928286552429,B,0.26746293902397156,0.32472988963127136,0.042711175978183746,0.26746293902397156,0.5921928286552429,0.03286907076835632,0.06476406753063202
ait-validation-2018-En-00997,2018-En-00997,At this point I can't tell if I just follow more people in politics on twitter now or if I need new friends. #wheresthefunny #depressing,0,negative,validation,-3,ordinal_-3_to_3,negative=-3..-1; zero=excluded; positive=1..3,D,mixed,0.3126975893974304,B,0.3049725294113159,0.007725059986114502,0.03021370992064476,0.3049725294113159,0.15449479222297668,0.3126975893974304,0.1976214349269867
ait-validation-2018-En-00999,2018-En-00999,@KylieSpearsXo Happy birthday to you #beautiful Kylie! 🤗😙❤🎁🎂🥂,1,positive,validation,2,ordinal_-3_to_3,negative=-3..-1; zero=excluded; positive=1..3,A,target_directed,0.531900942325592,E,0.17487284541130066,0.3570280969142914,0.531900942325592,0.14999035000801086,0.08511137217283249,0.058124441653490067,0.17487284541130066
ait-validation-2018-En-01027,2018-En-01027,@JohnMayer No DSM shows. #sadness,0,negative,validation,-3,ordinal_-3_to_3,negative=-3..-1; zero=excluded; positive=1..3,C,reported_quoted,0.7497763633728027,B,0.13221421837806702,0.6175621747970581,0.059882111847400665,0.13221421837806702,0.7497763633728027,0.024528037756681442,0.03359934315085411
ait-validation-2018-En-01031,2018-En-01031,"I'm pale, I no longer wanna laugh, Or smile, All I wanna do is just fucking cry,",0,negative,validation,-3,ordinal_-3_to_3,negative=-3..-1; zero=excluded; positive=1..3,E,ambiguous,0.6884311437606812,D,0.10997714847326279,0.5784540176391602,0.037735845893621445,0.061648301780223846,0.10220755636692047,0.10997714847326279,0.6884311437606812
ait-validation-2018-En-01051,2018-En-01051,I'm so #glad my #baby can't hear what I'm #thinking,1,positive,validation,2,ordinal_-3_to_3,negative=-3..-1; zero=excluded; positive=1..3,E,ambiguous,0.5399035215377808,B,0.18205910921096802,0.35784441232681274,0.08149644732475281,0.18205910921096802,0.11942370235919952,0.07711721211671829,0.5399035215377808
ait-validation-2018-En-01052,2018-En-01052,'we need to do something. something must be done!!!!!'\n\nyour anxiety is amusing. nothing will be done. despair.,0,negative,validation,-2,ordinal_-3_to_3,negative=-3..-1; zero=excluded; positive=1..3,E,ambiguous,0.8076946139335632,C,0.09396135807037354,0.7137332558631897,0.026905851438641548,0.05577186495065689,0.09396135807037354,0.015666261315345764,0.8076946139335632
ait-validation-2018-En-01059,2018-En-01059,"@BillMoyersHQ Elderly belong w/family; our social system is broken.  This egregious 'Meancare' will shake it up, alas.",0,negative,validation,-2,ordinal_-3_to_3,negative=-3..-1; zero=excluded; positive=1..3,E,ambiguous,0.38977527618408203,C,0.2570337951183319,0.13274148106575012,0.14901107549667358,0.160347118973732,0.2570337951183319,0.04383270442485809,0.38977527618408203
ait-validation-2018-En-01097,2018-En-01097,@washingtonpost @silvajanes How awful!!!!!!,0,negative,validation,-3,ordinal_-3_to_3,negative=-3..-1; zero=excluded; positive=1..3,E,ambiguous,0.8032682538032532,A,0.10326366871595383,0.7000045776367188,0.10326366871595383,0.05026904121041298,0.019361117854714394,0.02383803017437458,0.8032682538032532
ait-validation-2018-En-01101,2018-En-01101,Tonight's run.... #restless,0,negative,validation,-1,ordinal_-3_to_3,negative=-3..-1; zero=excluded; positive=1..3,B,objectless_general,0.4418319761753082,C,0.4075699746608734,0.034262001514434814,0.06269414722919464,0.4418319761753082,0.4075699746608734,0.06379876285791397,0.024105187505483627
ait-validation-2018-En-01120,2018-En-01120,'This one?' \n'A bit odd looking isn't he? Pointy.' The alien asked. \n'Perhaps. But he'll be #wonderful. He's from the Steve pile.' #vss365,1,positive,validation,1,ordinal_-3_to_3,negative=-3..-1; zero=excluded; positive=1..3,B,objectless_general,0.42167556285858154,C,0.24200384318828583,0.17967171967029572,0.19647099077701569,0.42167556285858154,0.24200384318828583,0.05381759628653526,0.0860319435596466
ait-validation-2018-En-01124,2018-En-01124,How come quiet well behaved cats and dogs have to ride on a plane in a tiny bag while screaming small humans roam free? #outrage #teampet,0,negative,validation,-2,ordinal_-3_to_3,negative=-3..-1; zero=excluded; positive=1..3,E,ambiguous,0.643570065498352,B,0.18828564882278442,0.4552844166755676,0.02954721823334694,0.18828564882278442,0.12601011991500854,0.012586929835379124,0.643570065498352
ait-validation-2018-En-01125,2018-En-01125,B4 I couldnt get out of bed or look in mirror Thankful4all the support I have recieved here ImWakingUpHappyNot dreading theday ,1,positive,validation,2,ordinal_-3_to_3,negative=-3..-1; zero=excluded; positive=1..3,B,objectless_general,0.42559748888015747,D,0.28383854031562805,0.14175894856452942,0.07928185164928436,0.42559748888015747,0.11954397708177567,0.28383854031562805,0.09173817187547684
ait-validation-2018-En-01131,2018-En-01131,@Steadi_Lady You're eating skin that could have been sent to a tannery for leather processing. 😄,1,positive,validation,3,ordinal_-3_to_3,negative=-3..-1; zero=excluded; positive=1..3,C,reported_quoted,0.3945312798023224,E,0.3276842534542084,0.06684702634811401,0.07849165797233582,0.14735135436058044,0.3945312798023224,0.0519414059817791,0.3276842534542084
ait-validation-2018-En-01143,2018-En-01143,My best friends driving for the first time with me in the car #terrifying,0,negative,validation,-2,ordinal_-3_to_3,negative=-3..-1; zero=excluded; positive=1..3,B,objectless_general,0.347920686006546,C,0.2437073141336441,0.10421337187290192,0.10664383322000504,0.347920686006546,0.2437073141336441,0.07828928530216217,0.22343884408473969
ait-validation-2018-En-01152,2018-En-01152,"@Argos_Online customer service is dreadful, phone bill is huge and get passed from person 2 person and keep taking money off my card #idiots",0,negative,validation,-3,ordinal_-3_to_3,negative=-3..-1; zero=excluded; positive=1..3,E,ambiguous,0.542879581451416,C,0.1744355708360672,0.36844402551651,0.04908202216029167,0.1697605699300766,0.1744355708360672,0.06384224444627762,0.542879581451416
ait-validation-2018-En-01155,2018-En-01155,"i don't understand ppl who save wasps , next chance that lil dude gets he gnna sting ur grandma",0,negative,validation,-2,ordinal_-3_to_3,negative=-3..-1; zero=excluded; positive=1..3,E,ambiguous,0.5050259828567505,B,0.22878172993659973,0.27624425292015076,0.058072250336408615,0.22878172993659973,0.14080403745174408,0.06731605529785156,0.5050259828567505
ait-validation-2018-En-01168,2018-En-01168,Three retweets of dumb Fox shit and one original tweet that is a blatant lie from SCROTUS this morning--nada about his wretched offspring. 🤣,0,negative,validation,-2,ordinal_-3_to_3,negative=-3..-1; zero=excluded; positive=1..3,E,ambiguous,0.6698166131973267,C,0.21519571542739868,0.454620897769928,0.026205727830529213,0.07407264411449432,0.21519571542739868,0.01470919605344534,0.6698166131973267
ait-validation-2018-En-01183,2018-En-01183,"@WhiskurMew Happy birthday, beautiful! I hope today is as lovely, wonderful, and astounding as you are!! You deserve no less than that! 😊🎉🎂💞",1,positive,validation,3,ordinal_-3_to_3,negative=-3..-1; zero=excluded; positive=1..3,A,target_directed,0.6457331776618958,E,0.25179851055145264,0.3939346671104431,0.6457331776618958,0.06845621019601822,0.016789456829428673,0.01722262054681778,0.25179851055145264
ait-validation-2018-En-01192,2018-En-01192,@TheEllenShow I follow you bc your TV show keeps me laughing🤣.  When you #startle your guest sitting on that couch...booo...,1,positive,validation,3,ordinal_-3_to_3,negative=-3..-1; zero=excluded; positive=1..3,B,objectless_general,0.28423523902893066,A,0.25182902812957764,0.03240621089935303,0.25182902812957764,0.28423523902893066,0.11202866584062576,0.1705348789691925,0.18137215077877045
ait-validation-2018-En-01197,2018-En-01197,Jeong su is easy to get along with everybody likes him and not intimidated by him.. I like him.. he reminds me of seunghoon,1,positive,validation,1,ordinal_-3_to_3,negative=-3..-1; zero=excluded; positive=1..3,B,objectless_general,0.33266279101371765,C,0.2180861085653305,0.11457668244838715,0.20584119856357574,0.33266279101371765,0.2180861085653305,0.1390627920627594,0.10434708744287491
ait-validation-2018-En-01198,2018-En-01198,I was having a #BadDay and i went on #YouTube and watched @domoandcrissy reaction to old pics. #Thanks #ladies for the #laughs,1,positive,validation,2,ordinal_-3_to_3,negative=-3..-1; zero=excluded; positive=1..3,B,objectless_general,0.43225371837615967,D,0.21480630338191986,0.2174474149942398,0.07667120546102524,0.43225371837615967,0.19393442571163177,0.21480630338191986,0.08233436942100525
ait-validation-2018-En-01204,2018-En-01204,@Smilejamtvj @clarkecooper @DahliaHarris looking fab today pleasing to the artistic eye! #GirlPowerTuesday,1,positive,validation,1,ordinal_-3_to_3,negative=-3..-1; zero=excluded; positive=1..3,A,target_directed,0.5170661807060242,B,0.23833078145980835,0.2787353992462158,0.5170661807060242,0.23833078145980835,0.060418855398893356,0.060220737010240555,0.12396340072154999
ait-validation-2018-En-01207,2018-En-01207,Good times never fade away #smile,1,positive,validation,1,ordinal_-3_to_3,negative=-3..-1; zero=excluded; positive=1..3,B,objectless_general,0.4611198902130127,A,0.21852044761180878,0.24259944260120392,0.21852044761180878,0.4611198902130127,0.13450051844120026,0.12635083496570587,0.05950828641653061
ait-validation-2018-En-01246,2018-En-01246,@TikiTakaConnor Eduardo without injury was honestly amazing like so sad he's not looked at in the right light because of his Injuries.,0,negative,validation,-1,ordinal_-3_to_3,negative=-3..-1; zero=excluded; positive=1..3,E,ambiguous,0.3407023847103119,B,0.21966414153575897,0.12103824317455292,0.19814932346343994,0.21966414153575897,0.1570051610469818,0.08447898924350739,0.3407023847103119
ait-validation-2018-En-01253,2018-En-01253,@theIeansquad @SatanHeavenly Rap is so unbearable and horrific.,0,negative,validation,-3,ordinal_-3_to_3,negative=-3..-1; zero=excluded; positive=1..3,E,ambiguous,0.7077929377555847,A,0.15455247461795807,0.5532404780387878,0.15455247461795807,0.08838965743780136,0.038271497935056686,0.01099353190511465,0.7077929377555847
ait-validation-2018-En-01284,2018-En-01284,@BrettKeeble I guess it never. @smartassunit #worry,0,negative,validation,-2,ordinal_-3_to_3,negative=-3..-1; zero=excluded; positive=1..3,C,reported_quoted,0.36622747778892517,E,0.35557445883750916,0.010653018951416016,0.04026610404253006,0.13990303874015808,0.36622747778892517,0.0980290025472641,0.35557445883750916
ait-validation-2018-En-01292,2018-En-01292,@VescioDiana You forgot #laughter as well ❤️❤️❤️,1,positive,validation,1,ordinal_-3_to_3,negative=-3..-1; zero=excluded; positive=1..3,C,reported_quoted,0.3533248007297516,E,0.2564745545387268,0.09685024619102478,0.05262945592403412,0.211592435836792,0.3533248007297516,0.12597870826721191,0.2564745545387268
ait-validation-2018-En-01293,2018-En-01293,My partner's new headphones works 2 well. It's bad. He couldn't hear me yelling @ him when i was about 5ft in front him! #ironic #technology,0,negative,validation,-2,ordinal_-3_to_3,negative=-3..-1; zero=excluded; positive=1..3,E,ambiguous,0.7544315457344055,B,0.1117941215634346,0.6426374316215515,0.019302286207675934,0.1117941215634346,0.10228267312049866,0.012189436703920364,0.7544315457344055
ait-validation-2018-En-01294,2018-En-01294,@H0lliejburrows Congrats beautiful 😘,1,positive,validation,2,ordinal_-3_to_3,negative=-3..-1; zero=excluded; positive=1..3,A,target_directed,0.2679924964904785,C,0.23650434613227844,0.03148815035820007,0.2679924964904785,0.17670367658138275,0.23650434613227844,0.14727215468883514,0.17152729630470276
ait-validation-2018-En-01300,2018-En-01300,@tootaehyung omggg i'll be bloated then ;;-;; but it's a wonderful idea i'll start doing it tomorrow!!,1,positive,validation,2,ordinal_-3_to_3,negative=-3..-1; zero=excluded; positive=1..3,E,ambiguous,0.634157121181488,C,0.17702855169773102,0.4571285843849182,0.02656189352273941,0.11003763228654861,0.17702855169773102,0.05221478268504143,0.634157121181488
ait-validation-2018-En-01328,2018-En-01328,"coffee the floor; And the soul grew furious as the stillness broken by little,",0,negative,validation,-2,ordinal_-3_to_3,negative=-3..-1; zero=excluded; positive=1..3,E,ambiguous,0.8535248637199402,B,0.065270334482193,0.7882544994354248,0.01823539473116398,0.065270334482193,0.048926450312137604,0.014042925089597702,0.8535248637199402
ait-validation-2018-En-01334,2018-En-01334,Never regret anything that once made you smile :) \n #positive ,1,positive,validation,3,ordinal_-3_to_3,negative=-3..-1; zero=excluded; positive=1..3,A,target_directed,0.5628283619880676,E,0.18416164815425873,0.3786666989326477,0.5628283619880676,0.14868846535682678,0.03463887423276901,0.06968263536691666,0.18416164815425873
ait-validation-2018-En-01335,2018-En-01335,@AGlyndwr @TeaPainUSA All I know is the sentence will start with 'look...' like any high school punk would start a threat.,0,negative,validation,-2,ordinal_-3_to_3,negative=-3..-1; zero=excluded; positive=1..3,E,ambiguous,0.7403956651687622,C,0.14188818633556366,0.5985074639320374,0.023443736135959625,0.08258698135614395,0.14188818633556366,0.011685476638376713,0.7403956651687622
ait-validation-2018-En-01339,2018-En-01339,"When Duane Allman died, I learned to appreciate Stevie Ray Vaughan. True story.  #blues #legends",1,positive,validation,1,ordinal_-3_to_3,negative=-3..-1; zero=excluded; positive=1..3,A,target_directed,0.2729160785675049,B,0.24152106046676636,0.031395018100738525,0.2729160785675049,0.24152106046676636,0.221758633852005,0.09541395306587219,0.16839033365249634
ait-validation-2018-En-01354,2018-En-01354,@LoveMyFFAJacket FaceTime - we can still annoy you 😂,1,positive,validation,1,ordinal_-3_to_3,negative=-3..-1; zero=excluded; positive=1..3,E,ambiguous,0.3214664161205292,C,0.2503511309623718,0.07111528515815735,0.07717356830835342,0.21257928013801575,0.2503511309623718,0.13842959702014923,0.3214664161205292
ait-validation-2018-En-01368,2018-En-01368,462 appearances in PL and 200 goals!! 2.31 games per goal. That's very nearly a goal in every 2 games #crap 😂😂 🙄🙄🤔🤔 #Rooney,1,positive,validation,1,ordinal_-3_to_3,negative=-3..-1; zero=excluded; positive=1..3,E,ambiguous,0.4764605462551117,A,0.19069084525108337,0.2857697010040283,0.19069084525108337,0.13259632885456085,0.11316756904125214,0.08708477020263672,0.4764605462551117
ait-validation-2018-En-01375,2018-En-01375,@eben4u #stayed on you...makes you appreciate love worshiping....All i want to do is worship you!!,1,positive,validation,1,ordinal_-3_to_3,negative=-3..-1; zero=excluded; positive=1..3,E,ambiguous,0.6056804060935974,C,0.15314991772174835,0.45253050327301025,0.056733228266239166,0.10644787549972534,0.15314991772174835,0.0779886320233345,0.6056804060935974
ait-validation-2018-En-01378,2018-En-01378,FALL SEASON STARTS TODAY!!!!! ,1,positive,validation,1,ordinal_-3_to_3,negative=-3..-1; zero=excluded; positive=1..3,A,target_directed,0.49643048644065857,E,0.1857801079750061,0.31065037846565247,0.49643048644065857,0.17843447625637054,0.10654911398887634,0.03280584141612053,0.1857801079750061
ait-validation-2018-En-01428,2018-En-01428,"I think 'Sleep' is my favorite from How did we get so dark?, maybe because I'm insomniac",0,negative,validation,-2,ordinal_-3_to_3,negative=-3..-1; zero=excluded; positive=1..3,B,objectless_general,0.2965970039367676,E,0.2105250507593155,0.08607195317745209,0.1692410409450531,0.2965970039367676,0.18948277831077576,0.13415418565273285,0.2105250507593155
ait-validation-2018-En-01435,2018-En-01435,@o_pebbles Not of this one sadly! 😪,0,negative,validation,-3,ordinal_-3_to_3,negative=-3..-1; zero=excluded; positive=1..3,E,ambiguous,0.30475109815597534,C,0.2827069163322449,0.02204418182373047,0.1497189849615097,0.16177338361740112,0.2827069163322449,0.10104961693286896,0.30475109815597534
ait-validation-2018-En-01472,2018-En-01472,"O, the melancholy Catacombs quickly wandered about the Rue Morgue, Madman!",0,negative,validation,-2,ordinal_-3_to_3,negative=-3..-1; zero=excluded; positive=1..3,C,reported_quoted,0.2822765111923218,B,0.2307501882314682,0.05152632296085358,0.21412909030914307,0.2307501882314682,0.2822765111923218,0.10787313431501389,0.16497106850147247
ait-validation-2018-En-01474,2018-En-01474,Didn't know the @ChickfilA cow day thing ended at 7:30 so showed up 30 min late looking like a cow with no sandwich #sadness 😅😅😅,0,negative,validation,-1,ordinal_-3_to_3,negative=-3..-1; zero=excluded; positive=1..3,C,reported_quoted,0.33639585971832275,B,0.25577789545059204,0.08061796426773071,0.1388077735900879,0.25577789545059204,0.33639585971832275,0.15425843000411987,0.11476004868745804
ait-validation-2018-En-01489,2018-En-01489,Caleb had a nightmare about zombies. I had a dream about freedom.......,0,negative,validation,-1,ordinal_-3_to_3,negative=-3..-1; zero=excluded; positive=1..3,B,objectless_general,0.398279070854187,A,0.2624262273311615,0.1358528435230255,0.2624262273311615,0.398279070854187,0.2440386861562729,0.07679910957813263,0.018456939607858658
ait-validation-2018-En-01491,2018-En-01491,Whenever I see you my day gets better and better ☺ #sarcastic,1,positive,validation,1,ordinal_-3_to_3,negative=-3..-1; zero=excluded; positive=1..3,E,ambiguous,0.909610390663147,C,0.0462079681456089,0.8634024262428284,0.0011059637181460857,0.0354263074696064,0.0462079681456089,0.007649386301636696,0.909610390663147
ait-validation-2018-En-01501,2018-En-01501,#LouiseLinton - haters gonna hate keep on being your#fabulous self they'll keep on being  #miserable,0,negative,validation,-2,ordinal_-3_to_3,negative=-3..-1; zero=excluded; positive=1..3,C,reported_quoted,0.25106871128082275,B,0.23571240901947021,0.015356302261352539,0.1744324415922165,0.23571240901947021,0.25106871128082275,0.19744646549224854,0.1413400024175644
ait-validation-2018-En-01502,2018-En-01502,@Activehours I need someone to reply back to me immediately. I am not happy and not getting timely responses through the app! #help ,0,negative,validation,-2,ordinal_-3_to_3,negative=-3..-1; zero=excluded; positive=1..3,C,reported_quoted,0.30022501945495605,E,0.2998095750808716,0.00041544437408447266,0.05172324553132057,0.2538328468799591,0.30022501945495605,0.0944092869758606,0.2998095750808716
ait-validation-2018-En-01504,2018-En-01504,"YES, Joe Buck! Just how I wanna spend my evening. I'm so glad I get to hear his sweet voice for the next 2-3 hours #AllStarGame #sarcasm",1,positive,validation,1,ordinal_-3_to_3,negative=-3..-1; zero=excluded; positive=1..3,E,ambiguous,0.6771236658096313,B,0.16239069402217865,0.5147329568862915,0.03295978158712387,0.16239069402217865,0.07356541603803635,0.05396047607064247,0.6771236658096313
ait-validation-2018-En-01509,2018-En-01509,Had to delete my Facebook too much for me 🤣,0,negative,validation,-1,ordinal_-3_to_3,negative=-3..-1; zero=excluded; positive=1..3,E,ambiguous,0.4955073297023773,C,0.2685689628124237,0.2269383668899536,0.03161340951919556,0.14038971066474915,0.2685689628124237,0.06392055004835129,0.4955073297023773
ait-validation-2018-En-01512,2018-En-01512,Best horror Comedy movie of 2017 #AnandoBrahma @taapsee #SrinivasReddy . In 2nd half I got throat pain #toomuch #laughs,1,positive,validation,2,ordinal_-3_to_3,negative=-3..-1; zero=excluded; positive=1..3,E,ambiguous,0.2648703157901764,B,0.23229920864105225,0.032571107149124146,0.18873727321624756,0.23229920864105225,0.2144649773836136,0.09962823987007141,0.2648703157901764
ait-validation-2018-En-01524,2018-En-01524,@NRO @Acosta @CNN @realDonaldTrump remember when NRO gave CNN grief about their relentless HC email crusade? me either.,0,negative,validation,-2,ordinal_-3_to_3,negative=-3..-1; zero=excluded; positive=1..3,C,reported_quoted,0.3807002305984497,B,0.24909184873104095,0.13160838186740875,0.15431606769561768,0.24909184873104095,0.3807002305984497,0.08746882528066635,0.12842294573783875
ait-validation-2018-En-01538,2018-En-01538,"If u #smile too much😀\nu get frown lines,\nif u #cry too much😣 \nu get eye wrinkles,\n\n🔂 laugh&amp;cry\n\n ...it's #life 💗\n\nHave a great day\n\n🍯🐝's",1,positive,validation,1,ordinal_-3_to_3,negative=-3..-1; zero=excluded; positive=1..3,A,target_directed,0.38351091742515564,B,0.32147422432899475,0.06203669309616089,0.38351091742515564,0.32147422432899475,0.08531194180250168,0.1513770967721939,0.058325789868831635
ait-validation-2018-En-01557,2018-En-01557,"@laurenwils0n_ Happy birthday gorg, have a good one 😘 x",1,positive,validation,2,ordinal_-3_to_3,negative=-3..-1; zero=excluded; positive=1..3,A,target_directed,0.45276954770088196,B,0.21046464145183563,0.24230490624904633,0.45276954770088196,0.21046464145183563,0.09128223359584808,0.11749140173196793,0.1279921531677246
ait-validation-2018-En-01563,2018-En-01563,"@emmajckson awe thank you (,:",1,positive,validation,2,ordinal_-3_to_3,negative=-3..-1; zero=excluded; positive=1..3,C,reported_quoted,0.6402751207351685,B,0.12928923964500427,0.5109858512878418,0.06239951029419899,0.12928923964500427,0.6402751207351685,0.044648878276348114,0.12338724732398987
ait-validation-2018-En-01568,2018-En-01568,@silverstein 13th time seeing you guys today and you cancel the meet and greet because of the storm. We're all soaked.. 😡 #dissapointed,0,negative,validation,-3,ordinal_-3_to_3,negative=-3..-1; zero=excluded; positive=1..3,C,reported_quoted,0.3995732367038727,E,0.36483776569366455,0.03473547101020813,0.05502335727214813,0.12584982812404633,0.3995732367038727,0.054715774953365326,0.36483776569366455
ait-validation-2018-En-01580,2018-En-01580,Suddenly dreams of mine are coming true. #happy,1,positive,validation,3,ordinal_-3_to_3,negative=-3..-1; zero=excluded; positive=1..3,A,target_directed,0.5633877515792847,B,0.20011267066001892,0.36327508091926575,0.5633877515792847,0.20011267066001892,0.02200029417872429,0.05314871296286583,0.16135050356388092
ait-validation-2018-En-01617,2018-En-01617,"@ADsXe Actually currently listen to that song as you tweeted me, #ironic",1,positive,validation,1,ordinal_-3_to_3,negative=-3..-1; zero=excluded; positive=1..3,E,ambiguous,0.9255149364471436,C,0.051902495324611664,0.8736124634742737,0.007002728525549173,0.012598819099366665,0.051902495324611664,0.00298102549277246,0.9255149364471436
ait-validation-2018-En-01634,2018-En-01634,Outside has basically become a horror movie where gypsy moths take over the world by flitting aggressively about.\n\n#creaturedoublefeature,0,negative,validation,-2,ordinal_-3_to_3,negative=-3..-1; zero=excluded; positive=1..3,A,target_directed,0.39139485359191895,B,0.24479740858078003,0.14659744501113892,0.39139485359191895,0.24479740858078003,0.14109429717063904,0.03150894492864609,0.1912044733762741
ait-validation-2018-En-01637,2018-En-01637,I woke up still not hardly believing what all happened last night 😰,0,negative,validation,-2,ordinal_-3_to_3,negative=-3..-1; zero=excluded; positive=1..3,B,objectless_general,0.3538799583911896,C,0.17608676850795746,0.17779318988323212,0.1466393619775772,0.3538799583911896,0.17608676850795746,0.1475900411605835,0.17580386996269226
ait-validation-2018-En-01657,2018-En-01657,Saw my first Larsen trap today with stressed magpie. I NEVER EVER want to see that again  #angry #distressed #wildlife,0,negative,validation,-3,ordinal_-3_to_3,negative=-3..-1; zero=excluded; positive=1..3,E,ambiguous,0.5855098962783813,A,0.22152942419052124,0.3639804720878601,0.22152942419052124,0.07573603838682175,0.08010374009609222,0.03712090849876404,0.5855098962783813
ait-validation-2018-En-01659,2018-En-01659,I'm soooo annoyed. Wait to start my morning.,0,negative,validation,-3,ordinal_-3_to_3,negative=-3..-1; zero=excluded; positive=1..3,E,ambiguous,0.5618438124656677,B,0.2180418223142624,0.34380197525024414,0.07242187112569809,0.2180418223142624,0.045640282332897186,0.10205214470624924,0.5618438124656677
ait-validation-2018-En-01665,2018-En-01665,Something #awestruck me today as i was laughing to a non subtitle korean variety show...,1,positive,validation,3,ordinal_-3_to_3,negative=-3..-1; zero=excluded; positive=1..3,A,target_directed,0.3118274211883545,D,0.22408822178840637,0.08773919939994812,0.3118274211883545,0.2059347927570343,0.08231066167354584,0.22408822178840637,0.1758388876914978
ait-validation-2018-En-01668,2018-En-01668,"Just watched @JoeNBC on @colbertlateshow -- &amp; have to say... I'm in awe. What hair products is he using, @greggutfeld ?? #beautiful #jealous",1,positive,validation,3,ordinal_-3_to_3,negative=-3..-1; zero=excluded; positive=1..3,E,ambiguous,0.3706377148628235,A,0.2966388463973999,0.07399886846542358,0.2966388463973999,0.15547588467597961,0.08376391977071762,0.09348355978727341,0.3706377148628235
ait-validation-2018-En-01671,2018-En-01671,"Nigga write me talking bout I dreamt about you, cool I hope I was haunting you in a nightmare",0,negative,validation,-2,ordinal_-3_to_3,negative=-3..-1; zero=excluded; positive=1..3,E,ambiguous,0.7997706532478333,C,0.10638020932674408,0.693390429019928,0.01297780778259039,0.07143555581569672,0.10638020932674408,0.009435804560780525,0.7997706532478333
ait-validation-2018-En-01678,2018-En-01678,"@ehtesham_toi @RaviShastriOfc unfortunate decision, our players are more of superstars than cricketers. BCCI scared of their tantrums.",0,negative,validation,-1,ordinal_-3_to_3,negative=-3..-1; zero=excluded; positive=1..3,B,objectless_general,0.8034490346908569,C,0.14994286000728607,0.6535061597824097,0.012895832769572735,0.8034490346908569,0.14994286000728607,0.02050120010972023,0.013211095705628395
ait-validation-2018-En-01682,2018-En-01682,@doranadal @JaneForRafffa #big-smile #great post #greatRafa #loveRafa,1,positive,validation,3,ordinal_-3_to_3,negative=-3..-1; zero=excluded; positive=1..3,B,objectless_general,0.27402180433273315,C,0.22841858863830566,0.04560321569442749,0.12900322675704956,0.27402180433273315,0.22841858863830566,0.1600673794746399,0.2084890455007553
ait-validation-2018-En-01685,2018-En-01685,My dog wouldn't stop barking so now I'm up at eight am with a raging headache,0,negative,validation,-3,ordinal_-3_to_3,negative=-3..-1; zero=excluded; positive=1..3,B,objectless_general,0.2972155809402466,C,0.2527005672454834,0.044515013694763184,0.08737663179636002,0.2972155809402466,0.2527005672454834,0.15285027027130127,0.20985686779022217
ait-validation-2018-En-01696,2018-En-01696,"aleesha—kitchen sink, twenty one pilots (!!)",1,positive,validation,1,ordinal_-3_to_3,negative=-3..-1; zero=excluded; positive=1..3,C,reported_quoted,0.37205401062965393,A,0.27038273215293884,0.10167127847671509,0.27038273215293884,0.19735155999660492,0.37205401062965393,0.042738597840070724,0.1174730509519577
ait-validation-2018-En-01717,2018-En-01717,Literally work almost everyday can't wait to start my PT #blessed 🙏💙,1,positive,validation,3,ordinal_-3_to_3,negative=-3..-1; zero=excluded; positive=1..3,E,ambiguous,0.293967604637146,B,0.25136756896972656,0.042600035667419434,0.17240211367607117,0.25136756896972656,0.15352404117584229,0.1287386119365692,0.293967604637146
ait-validation-2018-En-01720,2018-En-01720,Never heard of #CaraCaraOranges until today. Very #tasty! I highly recommend them! #delicious #GoodForYou #fruits  #oranges,1,positive,validation,3,ordinal_-3_to_3,negative=-3..-1; zero=excluded; positive=1..3,E,ambiguous,0.3931346833705902,A,0.2526107132434845,0.1405239701271057,0.2526107132434845,0.18506261706352234,0.08790813386440277,0.08128390461206436,0.3931346833705902
ait-validation-2018-En-01723,2018-En-01723,Am 'ugly' guy whos pleasant geuine  and happy &gt; an evil attractive guy whos bitter and coniving and superficial,0,negative,validation,-1,ordinal_-3_to_3,negative=-3..-1; zero=excluded; positive=1..3,E,ambiguous,0.47465160489082336,B,0.18389302492141724,0.29075857996940613,0.13285090029239655,0.18389302492141724,0.10049941390752792,0.1081051230430603,0.47465160489082336
ait-validation-2018-En-01726,2018-En-01726,A loss ain't a loss it's a lesson #smile,1,positive,validation,1,ordinal_-3_to_3,negative=-3..-1; zero=excluded; positive=1..3,A,target_directed,0.5494532585144043,B,0.14724498987197876,0.40220826864242554,0.5494532585144043,0.14724498987197876,0.13409443199634552,0.11547939479351044,0.05372800678014755
ait-validation-2018-En-01755,2018-En-01755,What does Amelia want?! Sarah was v grateful  #CBB,1,positive,validation,1,ordinal_-3_to_3,negative=-3..-1; zero=excluded; positive=1..3,C,reported_quoted,0.999743640422821,B,0.00017856108024716377,0.999565064907074,2.1469619241543114e-05,0.00017856108024716377,0.999743640422821,4.26168080593925e-05,1.3642132216773462e-05
ait-validation-2018-En-01793,2018-En-01793,"Wow! Today, totally seeing alot of #mean #people out in this #world! Turn it around and #start cultivating #kindness! #SuccessTRAIN #warrior",1,positive,validation,1,ordinal_-3_to_3,negative=-3..-1; zero=excluded; positive=1..3,B,objectless_general,0.3620890974998474,A,0.2825627624988556,0.07952633500099182,0.2825627624988556,0.3620890974998474,0.1028236523270607,0.09125861525535583,0.16126586496829987
ait-validation-2018-En-01798,2018-En-01798,"Brighten up a gloomy day with a @SiennaXOfficial spray tan, we have a tan to suit everybody! #spraytan #tan #summer #godalming #hurtmore",0,negative,validation,-1,ordinal_-3_to_3,negative=-3..-1; zero=excluded; positive=1..3,A,target_directed,0.3727930784225464,B,0.3437030613422394,0.029090017080307007,0.3727930784225464,0.3437030613422394,0.1361769139766693,0.0466313436627388,0.10069556534290314
ait-validation-2018-En-01806,2018-En-01806,'your marker teacher'.i looked at him n just burst out laughing i swear these kids will never take me seriously 🤦🏻‍♀️,1,positive,validation,2,ordinal_-3_to_3,negative=-3..-1; zero=excluded; positive=1..3,B,objectless_general,0.3570541739463806,C,0.2696975767612457,0.08735659718513489,0.15218991041183472,0.3570541739463806,0.2696975767612457,0.08911001682281494,0.13194826245307922
ait-validation-2018-En-01810,2018-En-01810,Can't Talk To An Incompetent Person. Goes In One Ear and Out The Other. #irritated #NoPoint #MassiveEyeRoll,0,negative,validation,-3,ordinal_-3_to_3,negative=-3..-1; zero=excluded; positive=1..3,E,ambiguous,0.31808772683143616,C,0.3067392408847809,0.011348485946655273,0.13398858904838562,0.18495945632457733,0.3067392408847809,0.0562250129878521,0.31808772683143616
ait-validation-2018-En-01822,2018-En-01822,@softytwt hi bby today was okay i e-mailed design firms for my internship and now i'm nervous ;u; how's your day? :D,0,negative,validation,-2,ordinal_-3_to_3,negative=-3..-1; zero=excluded; positive=1..3,B,objectless_general,0.3389670252799988,C,0.2815017104148865,0.057465314865112305,0.0470006987452507,0.3389670252799988,0.2815017104148865,0.1537790149450302,0.17875155806541443
ait-validation-2018-En-01824,2018-En-01824,God this match is dull #Wimbledon,0,negative,validation,-3,ordinal_-3_to_3,negative=-3..-1; zero=excluded; positive=1..3,B,objectless_general,0.45503467321395874,C,0.4042525291442871,0.05078214406967163,0.08996330946683884,0.45503467321395874,0.4042525291442871,0.04677002131938934,0.003979407716542482
ait-validation-2018-En-01835,2018-En-01835,"@chrisyour Don't be sad, ultimately it's apparently not supported completely but mostly working :-)",0,negative,validation,-1,ordinal_-3_to_3,negative=-3..-1; zero=excluded; positive=1..3,C,reported_quoted,0.48978349566459656,B,0.20791175961494446,0.2818717360496521,0.06146059185266495,0.20791175961494446,0.48978349566459656,0.06270699203014374,0.1781371384859085
ait-validation-2018-En-01838,2018-En-01838,@maidinaustralia D: That's horrid. *hugs*,0,negative,validation,-2,ordinal_-3_to_3,negative=-3..-1; zero=excluded; positive=1..3,E,ambiguous,0.2754760682582855,D,0.24912454187870026,0.026351526379585266,0.1528816521167755,0.09354598075151443,0.22897173464298248,0.24912454187870026,0.2754760682582855
ait-validation-2018-En-01855,2018-En-01855,If I hit you with the be blessed it's over 😂,1,positive,validation,2,ordinal_-3_to_3,negative=-3..-1; zero=excluded; positive=1..3,E,ambiguous,0.7295852899551392,C,0.13961930572986603,0.5899659991264343,0.01738305576145649,0.08841492980718613,0.13961930572986603,0.02499743551015854,0.7295852899551392
ait-validation-2018-En-01863,2018-En-01863,@NisaLocally @CocaCola_GB thanks love share a coke and holiday with my family  #smile for a chance to #Win :),1,positive,validation,3,ordinal_-3_to_3,negative=-3..-1; zero=excluded; positive=1..3,C,reported_quoted,0.3029150366783142,B,0.288425087928772,0.014489948749542236,0.13900187611579895,0.288425087928772,0.3029150366783142,0.1298338770866394,0.1398240625858307
ait-validation-2018-En-01864,2018-En-01864,"@CNN @NewDay If #trump #whitehouse aren't held accountable for their actions,what precedent is being set for future presidencies. #nightmare",0,negative,validation,-2,ordinal_-3_to_3,negative=-3..-1; zero=excluded; positive=1..3,E,ambiguous,0.6334900259971619,B,0.12066777795553207,0.5128222703933716,0.1086607277393341,0.12066777795553207,0.10818219929933548,0.02899923548102379,0.6334900259971619
ait-validation-2018-En-01887,2018-En-01887,"If you sit back, watch &amp; listen to every .@TheDemocrats &amp; .@DNC member, you'll quickly learn it's #Victimhood, #racism, &amp; #hatred. I'm #WOKE",0,negative,validation,-2,ordinal_-3_to_3,negative=-3..-1; zero=excluded; positive=1..3,E,ambiguous,0.4995741844177246,A,0.17280404269695282,0.3267701268196106,0.17280404269695282,0.15016111731529236,0.14804215729236603,0.029418502002954483,0.4995741844177246
ait-validation-2018-En-01890,2018-En-01890,The moon tonight 😮 #beautiful,1,positive,validation,1,ordinal_-3_to_3,negative=-3..-1; zero=excluded; positive=1..3,E,ambiguous,0.5010016560554504,C,0.19674593210220337,0.30425572395324707,0.05979013815522194,0.17156264185905457,0.19674593210220337,0.07089969515800476,0.5010016560554504
ait-validation-2018-En-01896,2018-En-01896,The @GOP wants to exclude pre-existing conditions. #irony,0,negative,validation,-1,ordinal_-3_to_3,negative=-3..-1; zero=excluded; positive=1..3,E,ambiguous,0.7771733403205872,C,0.18460999429225922,0.5925633311271667,0.003095089690759778,0.03383367508649826,0.18460999429225922,0.0012878429843112826,0.7771733403205872
ait-validation-2018-En-01908,2018-En-01908,@dom_conlon It’s amazing isn’t it. I’m a big fan of B&amp;W but the life these restorations give the photographs is awe inspiring.,1,positive,validation,2,ordinal_-3_to_3,negative=-3..-1; zero=excluded; positive=1..3,A,target_directed,0.43512266874313354,E,0.2750866413116455,0.16003602743148804,0.43512266874313354,0.17071528732776642,0.05373598635196686,0.06533942371606827,0.2750866413116455
ait-validation-2018-En-01910,2018-En-01910,I could not be happier with my life right now 😊,1,positive,validation,3,ordinal_-3_to_3,negative=-3..-1; zero=excluded; positive=1..3,A,target_directed,0.5907309055328369,E,0.21169689297676086,0.37903401255607605,0.5907309055328369,0.07562191039323807,0.023833326995372772,0.09811695665121078,0.21169689297676086
ait-validation-2018-En-01932,2018-En-01932,Happy Birthday to #Olympic #great and #champ @jordyn_wieber 🎉 🎂 🎈,1,positive,validation,3,ordinal_-3_to_3,negative=-3..-1; zero=excluded; positive=1..3,A,target_directed,0.6036582589149475,B,0.1982465386390686,0.4054117202758789,0.6036582589149475,0.1982465386390686,0.05250166356563568,0.058631978929042816,0.08696156740188599
ait-validation-2018-En-01961,2018-En-01961,"#Jesus #truth Psalms 32:11 You that are righteous, be glad and rejoice because of what the Lord has done. You that obey him, shout for joy!",1,positive,validation,3,ordinal_-3_to_3,negative=-3..-1; zero=excluded; positive=1..3,C,reported_quoted,0.4060485363006592,A,0.2590940296649933,0.1469545066356659,0.2590940296649933,0.18831253051757812,0.4060485363006592,0.05311143025755882,0.09343347698450089
ait-validation-2018-En-01974,2018-En-01974,"You can have a certain #arrogance, and I think that's fine, but what you should never lose is the #respect for the others.",0,negative,validation,-1,ordinal_-3_to_3,negative=-3..-1; zero=excluded; positive=1..3,B,objectless_general,0.3867575526237488,E,0.2520233988761902,0.1347341537475586,0.1549440622329712,0.3867575526237488,0.16305656731128693,0.0432184636592865,0.2520233988761902
ait-validation-2018-En-01993,2018-En-01993,"@BadHombreNPS @SecretaryPerry If this didn't make me so angry, I'd be laughing at this tweet!",0,negative,validation,-2,ordinal_-3_to_3,negative=-3..-1; zero=excluded; positive=1..3,E,ambiguous,0.7919524908065796,B,0.09106571972370148,0.7008867859840393,0.03704116865992546,0.09106571972370148,0.05477317422628403,0.025167357176542282,0.7919524908065796
ait-validation-2018-En-01994,2018-En-01994,@lauramuiruns @Diamond_League Loved cheering you on with my kids!!!! X,1,positive,validation,3,ordinal_-3_to_3,negative=-3..-1; zero=excluded; positive=1..3,E,ambiguous,0.29206568002700806,A,0.23247875273227692,0.05958692729473114,0.23247875273227692,0.17885586619377136,0.11349402368068695,0.1831056922674179,0.29206568002700806
ait-validation-2018-En-02025,2018-En-02025,When did it all started? All these depression &amp; anxiety shits?All these suicide thoughts?All of these bad thoughts thts hugging me at night?,0,negative,validation,-2,ordinal_-3_to_3,negative=-3..-1; zero=excluded; positive=1..3,E,ambiguous,0.9131494164466858,C,0.03849459066987038,0.8746548295021057,0.007288284599781036,0.03838900849223137,0.03849459066987038,0.0026785829104483128,0.9131494164466858
ait-validation-2018-En-02035,2018-En-02035,"Being deeply loved by someone gives you strength, while loving someone deeply gives you courage. Lao Tzu #wedding #happy #love",1,positive,validation,2,ordinal_-3_to_3,negative=-3..-1; zero=excluded; positive=1..3,A,target_directed,0.48257550597190857,B,0.27443718910217285,0.20813831686973572,0.48257550597190857,0.27443718910217285,0.13934539258480072,0.03541427478194237,0.06822765618562698
ait-validation-2018-En-02070,2018-En-02070,"I click on download on my PC. Message says 'Thank you for downloading #iTunes \nSo, where's the download?! #frustrated ",0,negative,validation,-3,ordinal_-3_to_3,negative=-3..-1; zero=excluded; positive=1..3,E,ambiguous,0.3591328561306,B,0.30944308638572693,0.04968976974487305,0.02748764306306839,0.30944308638572693,0.11883039027452469,0.1851060390472412,0.3591328561306
ait-validation-2018-En-02079,2018-En-02079,@Delta.  Are you kidding?  Delayed from 7:30pm to 11:00 - only to cancel it because the pilot is overtime. ,0,negative,validation,-2,ordinal_-3_to_3,negative=-3..-1; zero=excluded; positive=1..3,E,ambiguous,0.4288675785064697,C,0.3790038228034973,0.04986375570297241,0.020810509100556374,0.1604325771331787,0.3790038228034973,0.010885427705943584,0.4288675785064697
ait-validation-2018-En-02113,2018-En-02113,@AmandaHolden Lovely photo Amanda! #summerhols #carefree,1,positive,validation,2,ordinal_-3_to_3,negative=-3..-1; zero=excluded; positive=1..3,B,objectless_general,0.27647024393081665,C,0.2756151854991913,0.0008550584316253662,0.14770355820655823,0.27647024393081665,0.2756151854991913,0.20180867612361908,0.09840229898691177
ait-validation-2018-En-02149,2018-En-02149,Freakin a...I deleted half the episode of BIP on accident  #bachelorinparadise,0,negative,validation,-2,ordinal_-3_to_3,negative=-3..-1; zero=excluded; positive=1..3,E,ambiguous,0.3180079758167267,C,0.299304336309433,0.0187036395072937,0.0956774652004242,0.19469717144966125,0.299304336309433,0.09231306612491608,0.3180079758167267
ait-validation-2018-En-02178,2018-En-02178,#dmme #kikme  #sext #horny  #ass #bbw  #naughty  #pussy #kik   #nudes  only  girls  😩 horny  #snap    jacobgigs,0,negative,validation,-1,ordinal_-3_to_3,negative=-3..-1; zero=excluded; positive=1..3,E,ambiguous,0.8682064414024353,C,0.0744020938873291,0.7938043475151062,0.02862810157239437,0.02136870287358761,0.0744020938873291,0.007394622545689344,0.8682064414024353
ait-validation-2018-En-02180,2018-En-02180,Just paid out my arsehole for a couple of New Found Glory tickets but it's gonna be a GREAT start to my birthday weekend 👊,1,positive,validation,1,ordinal_-3_to_3,negative=-3..-1; zero=excluded; positive=1..3,C,reported_quoted,0.2832336127758026,B,0.26103007793426514,0.022203534841537476,0.17062993347644806,0.26103007793426514,0.2832336127758026,0.11899649351835251,0.1661098450422287
ait-validation-2018-En-02185,2018-En-02185,"SUCCESS isn't just about what you accomplish in life, it's about what you inspire others to do. #inspiration  #inspire",1,positive,validation,1,ordinal_-3_to_3,negative=-3..-1; zero=excluded; positive=1..3,A,target_directed,0.5053593516349792,E,0.21036598086357117,0.2949933707714081,0.5053593516349792,0.15407916903495789,0.08497592061758041,0.04521964117884636,0.21036598086357117
ait-validation-2018-En-02214,2018-En-02214,"When I think about Yondu &amp; his crew, Rocket, &amp; Groot doing 700 jumps to Ego planet, I start laughing.",1,positive,validation,3,ordinal_-3_to_3,negative=-3..-1; zero=excluded; positive=1..3,E,ambiguous,0.5314179062843323,B,0.25179415941238403,0.27962374687194824,0.05940549075603485,0.25179415941238403,0.04985916614532471,0.10752328485250473,0.5314179062843323
ait-validation-2018-En-02222,2018-En-02222,Totally scare for this upcoming results .,0,negative,validation,-1,ordinal_-3_to_3,negative=-3..-1; zero=excluded; positive=1..3,E,ambiguous,0.5567500591278076,B,0.22664593160152435,0.33010411262512207,0.07829178124666214,0.22664593160152435,0.10954781621694565,0.028764385730028152,0.5567500591278076
ait-validation-2018-En-02255,2018-En-02255,@iamjpk @NameisNani what the phd!  eesav gattiga 😆,1,positive,validation,2,ordinal_-3_to_3,negative=-3..-1; zero=excluded; positive=1..3,E,ambiguous,0.4444112479686737,C,0.23384545743465424,0.21056579053401947,0.07218196243047714,0.16046281158924103,0.23384545743465424,0.0890984833240509,0.4444112479686737
ait-validation-2018-En-02278,2018-En-02278,Worst dreams. 😥,0,negative,validation,-2,ordinal_-3_to_3,negative=-3..-1; zero=excluded; positive=1..3,C,reported_quoted,0.2924267649650574,B,0.23096708953380585,0.061459675431251526,0.19606296718120575,0.23096708953380585,0.2924267649650574,0.0918804258108139,0.18866272270679474
ait-validation-2018-En-02288,2018-En-02288,"@NewsByKatherine @jonkarl @ABC YOU GUY'S SOUND astounded!! Does anyone working w Trump WH have an any ethical,moral, values? 🙈🙉🙊",0,negative,validation,-2,ordinal_-3_to_3,negative=-3..-1; zero=excluded; positive=1..3,E,ambiguous,0.6700071692466736,B,0.10912248492240906,0.5608847141265869,0.07477203756570816,0.10912248492240906,0.10889793932437897,0.03720035031437874,0.6700071692466736
ait-validation-2018-En-02296,2018-En-02296,"Imagine how many ksones are crying right now for not getting tickets 😭 Meanwhile, isones dont even get a chance to go on war for tickets 😭",0,negative,validation,-2,ordinal_-3_to_3,negative=-3..-1; zero=excluded; positive=1..3,E,ambiguous,0.507302463054657,B,0.17192478477954865,0.33537769317626953,0.08941808342933655,0.17192478477954865,0.15760193765163422,0.07375279068946838,0.507302463054657
ait-validation-2018-En-02298,2018-En-02298,What do I do with my heart that is trembling by just the thought of it?\nI really don’t know what love is,0,negative,validation,-1,ordinal_-3_to_3,negative=-3..-1; zero=excluded; positive=1..3,A,target_directed,0.367375910282135,B,0.33658915758132935,0.030786752700805664,0.367375910282135,0.33658915758132935,0.09667234867811203,0.11489567160606384,0.08446688950061798
ait-validation-2018-En-02314,2018-En-02314,What's worse than feeling discouraged? Not finding an emoji for feeling discouraged,0,negative,validation,-3,ordinal_-3_to_3,negative=-3..-1; zero=excluded; positive=1..3,B,objectless_general,0.4173371195793152,C,0.24028542637825012,0.17705169320106506,0.10648740828037262,0.4173371195793152,0.24028542637825012,0.15940500795841217,0.07648496329784393
ait-validation-2018-En-02322,2018-En-02322,Head hurting 😤,0,negative,validation,-3,ordinal_-3_to_3,negative=-3..-1; zero=excluded; positive=1..3,C,reported_quoted,0.47474169731140137,B,0.17430627346038818,0.3004354238510132,0.06384860724210739,0.17430627346038818,0.47474169731140137,0.11595520377159119,0.17114825546741486
ait-validation-2018-En-02339,2018-En-02339,"#AI #revolation, soon is possible!\n#fearless #fearful  #good #goodness",1,positive,validation,2,ordinal_-3_to_3,negative=-3..-1; zero=excluded; positive=1..3,E,ambiguous,0.3972891569137573,C,0.23671962320804596,0.16056953370571136,0.1558111160993576,0.16577720642089844,0.23671962320804596,0.044402945786714554,0.3972891569137573
ait-validation-2018-En-02352,2018-En-02352,#AmericasGotTalent live shows with so many technical faults #disheartening,0,negative,validation,-3,ordinal_-3_to_3,negative=-3..-1; zero=excluded; positive=1..3,C,reported_quoted,0.44850707054138184,E,0.33357563614845276,0.11493143439292908,0.029333457350730896,0.14138981699943542,0.44850707054138184,0.04719409719109535,0.33357563614845276
ait-validation-2018-En-02354,2018-En-02354,So @Ryanair site crashes everytime I try to book - how do they help? Tell me there's nothing wrong &amp; hang up #furious #helpless @SimonCalder,0,negative,validation,-3,ordinal_-3_to_3,negative=-3..-1; zero=excluded; positive=1..3,E,ambiguous,0.7218859791755676,B,0.0985260158777237,0.6233599781990051,0.034903381019830704,0.0985260158777237,0.05828394740819931,0.08640070259571075,0.7218859791755676
ait-validation-2018-En-02366,2018-En-02366,"I feel exhausted ...\nI tried to do a good job, but apparently God does not see me right. I'm weary! I EXIST! 😟💔📢\n#exist #weary #misonorotta",0,negative,validation,-2,ordinal_-3_to_3,negative=-3..-1; zero=excluded; positive=1..3,E,ambiguous,0.2663567066192627,D,0.21194656193256378,0.054410144686698914,0.19282427430152893,0.14479960501194,0.1840728372335434,0.21194656193256378,0.2663567066192627
ait-validation-2018-En-02378,2018-En-02378,How sick must someone be that they wish to 'punish' someone for not being their friend?  #insecure #lonely #miserable #vengeful #RHOC,0,negative,validation,-3,ordinal_-3_to_3,negative=-3..-1; zero=excluded; positive=1..3,E,ambiguous,0.6411448121070862,C,0.19750937819480896,0.4436354339122772,0.022048382088541985,0.07969741523265839,0.19750937819480896,0.05959993973374367,0.6411448121070862
ait-validation-2018-En-02386,2018-En-02386,Hmm...looks like no one @Tampax is available to respond. Its like waiting for a #doomsday reply. That #burning question with no #answer,0,negative,validation,-3,ordinal_-3_to_3,negative=-3..-1; zero=excluded; positive=1..3,C,reported_quoted,0.41273656487464905,E,0.253610223531723,0.15912634134292603,0.05352535471320152,0.23381859064102173,0.41273656487464905,0.04630926251411438,0.253610223531723
ait-validation-2018-En-02388,2018-En-02388,"@swish41 No offense but the mavs are only my 2nd favorite part about Dallas, 1# is the barbecue #delicious",1,positive,validation,3,ordinal_-3_to_3,negative=-3..-1; zero=excluded; positive=1..3,B,objectless_general,0.5440974831581116,C,0.28719979524612427,0.2568976879119873,0.05361258238554001,0.5440974831581116,0.28719979524612427,0.08997978270053864,0.025110319256782532
ait-validation-2018-En-02394,2018-En-02394,"@LeahRemini  A 'religion' that pushes people to suicide, and punishes you for doing the right thing?? #heartbreaking",0,negative,validation,-3,ordinal_-3_to_3,negative=-3..-1; zero=excluded; positive=1..3,A,target_directed,0.4028033912181854,E,0.31745049357414246,0.08535289764404297,0.4028033912181854,0.10722524672746658,0.11753612756729126,0.054984673857688904,0.31745049357414246
ait-validation-2018-En-02397,2018-En-02397,It's such a strange juxtaposition of emotions. A sense of euphoria but a sense of out most despair.,0,negative,validation,-2,ordinal_-3_to_3,negative=-3..-1; zero=excluded; positive=1..3,E,ambiguous,0.3469752073287964,D,0.2503572404384613,0.09661796689033508,0.08505555987358093,0.2396729588508606,0.07793905586004257,0.2503572404384613,0.3469752073287964
ait-validation-2018-En-02424,2018-En-02424,work is going to kill me and 5 o'clock is nowhere near 😟,0,negative,validation,-3,ordinal_-3_to_3,negative=-3..-1; zero=excluded; positive=1..3,E,ambiguous,0.6659979224205017,B,0.11246220767498016,0.5535356998443604,0.073600634932518,0.11246220767498016,0.08511125296354294,0.06282801181077957,0.6659979224205017
ait-validation-2018-En-02447,2018-En-02447,"When the lights shut off and it's my turn to settle down, my main concern...",0,negative,validation,-1,ordinal_-3_to_3,negative=-3..-1; zero=excluded; positive=1..3,C,reported_quoted,0.43137210607528687,B,0.36159271001815796,0.0697793960571289,0.06554454565048218,0.36159271001815796,0.43137210607528687,0.08277977257966995,0.05871084704995155
ait-validation-2018-En-02459,2018-En-02459,@BBCWorld Course he didn't. #sarcasm,0,negative,validation,-2,ordinal_-3_to_3,negative=-3..-1; zero=excluded; positive=1..3,E,ambiguous,0.8504559993743896,C,0.12485815584659576,0.7255978584289551,0.0025687655434012413,0.020003708079457283,0.12485815584659576,0.0021134724374860525,0.8504559993743896
ait-validation-2018-En-02484,2018-En-02484,The same part of roof bar (driver's side) are stolen from Grand Vitara cars. Let it be known. This is really #disheartening #brunei,0,negative,validation,-2,ordinal_-3_to_3,negative=-3..-1; zero=excluded; positive=1..3,C,reported_quoted,0.4030327796936035,B,0.20792779326438904,0.19510498642921448,0.16818732023239136,0.20792779326438904,0.4030327796936035,0.03636084869503975,0.18449123203754425
ait-validation-2018-En-02497,2018-En-02497,"Had frustration dream that left me utterly f**king furious. Plus side: so angry couldn't sleep, wrote 1500 words. Minus side: still raging!",0,negative,validation,-3,ordinal_-3_to_3,negative=-3..-1; zero=excluded; positive=1..3,E,ambiguous,0.7576959729194641,D,0.0812130868434906,0.6764829158782959,0.041243307292461395,0.07374605536460876,0.046101681888103485,0.0812130868434906,0.7576959729194641
ait-validation-2018-En-02500,2018-En-02500,"Because of your @smile, you @make the #life more #beautiful:::::::::::::::::::::::::::::::::::::::::",1,positive,validation,3,ordinal_-3_to_3,negative=-3..-1; zero=excluded; positive=1..3,C,reported_quoted,0.4097716212272644,E,0.2626402676105499,0.14713135361671448,0.12021566927433014,0.13105933368206024,0.4097716212272644,0.0763130784034729,0.2626402676105499
ait-validation-2018-En-02512,2018-En-02512,Is it supposed to be this arduous to interact with other people? I'm 'other people' to them and they don't seem to struggle. ,0,negative,validation,-2,ordinal_-3_to_3,negative=-3..-1; zero=excluded; positive=1..3,E,ambiguous,0.3067231774330139,C,0.29943856596946716,0.007284611463546753,0.03833478316664696,0.29223719239234924,0.29943856596946716,0.0632663369178772,0.3067231774330139
ait-validation-2018-En-02517,2018-En-02517,United Airline at Newark needs more Kiosks so that people won't miss their cut off time.  And hire more ppl too.  #horrible,0,negative,validation,-3,ordinal_-3_to_3,negative=-3..-1; zero=excluded; positive=1..3,B,objectless_general,0.3812936246395111,C,0.3437310755252838,0.037562549114227295,0.10683201253414154,0.3812936246395111,0.3437310755252838,0.01965697482228279,0.14848630130290985
ait-validation-2018-En-02522,2018-En-02522,Post TRNSMT blues,0,negative,validation,-1,ordinal_-3_to_3,negative=-3..-1; zero=excluded; positive=1..3,B,objectless_general,0.3865826427936554,C,0.2667396068572998,0.11984303593635559,0.23868007957935333,0.3865826427936554,0.2667396068572998,0.05729261413216591,0.05070512741804123
ait-validation-2018-En-02533,2018-En-02533,Don't fucking tag me in pictures as 'family first' when you cut me out 5 years ago. You're no one to me. ,0,negative,validation,-3,ordinal_-3_to_3,negative=-3..-1; zero=excluded; positive=1..3,E,ambiguous,0.6586593389511108,C,0.1432272344827652,0.5154321193695068,0.017914889380335808,0.08213185518980026,0.1432272344827652,0.09806673973798752,0.6586593389511108
ait-validation-2018-En-02551,2018-En-02551,The next time I go to Lagos I will gate crash somebody's owambe dressed in lace and gele to eat amala and shake my waist😑,1,positive,validation,1,ordinal_-3_to_3,negative=-3..-1; zero=excluded; positive=1..3,C,reported_quoted,0.2833957076072693,B,0.2464689016342163,0.03692680597305298,0.1019972562789917,0.2464689016342163,0.2833957076072693,0.14761663973331451,0.22052155435085297
ait-validation-2018-En-02573,2018-En-02573,@praddy06 sir.. will we have the need for umbrella today evening.. sun seems to be stronger to pave way for clouds.. 😟,0,negative,validation,-2,ordinal_-3_to_3,negative=-3..-1; zero=excluded; positive=1..3,B,objectless_general,0.49214011430740356,C,0.24014291167259216,0.2519972026348114,0.08335031569004059,0.49214011430740356,0.24014291167259216,0.11008413136005402,0.07428248971700668
ait-validation-2018-En-02584,2018-En-02584,@rickysnecklace I'm so proud Mils! Keep smiling ❤️,1,positive,validation,2,ordinal_-3_to_3,negative=-3..-1; zero=excluded; positive=1..3,E,ambiguous,0.4997616410255432,A,0.18629297614097595,0.31346866488456726,0.18629297614097595,0.12044829875230789,0.12267876416444778,0.07081830501556396,0.4997616410255432
ait-validation-2018-En-02590,2018-En-02590,I'm doing all this to make sure you smiling down on me bro,1,positive,validation,1,ordinal_-3_to_3,negative=-3..-1; zero=excluded; positive=1..3,E,ambiguous,0.37966516613960266,B,0.23567068576812744,0.14399448037147522,0.06910379230976105,0.23567068576812744,0.2267339527606964,0.08882636576890945,0.37966516613960266
ait-validation-2018-En-02593,2018-En-02593,"It was a bright cold day in April, and the clocks were striking thirteen. ~ George Orwell, 1984",1,positive,validation,1,ordinal_-3_to_3,negative=-3..-1; zero=excluded; positive=1..3,C,reported_quoted,0.566931962966919,A,0.22968332469463348,0.33724862337112427,0.22968332469463348,0.18861155211925507,0.566931962966919,0.008244398981332779,0.006528813391923904
ait-validation-2018-En-02603,2018-En-02603,"@F1 Why announcing so late, it will be hard to make it from Manchester and organising a day off. #sad",0,negative,validation,-3,ordinal_-3_to_3,negative=-3..-1; zero=excluded; positive=1..3,C,reported_quoted,0.75970458984375,B,0.14407746493816376,0.615627110004425,0.053512051701545715,0.14407746493816376,0.75970458984375,0.024174442514777184,0.018531404435634613
ait-validation-2018-En-02612,2018-En-02612,#depressed Today was bitter sweet watching all the kids go back to school made me really miss my babies. I'm so broke #backtoschool2017,0,negative,validation,-3,ordinal_-3_to_3,negative=-3..-1; zero=excluded; positive=1..3,B,objectless_general,0.38162022829055786,D,0.21788568794727325,0.1637345403432846,0.16064229607582092,0.38162022829055786,0.11166615039110184,0.21788568794727325,0.1281856745481491
ait-validation-2018-En-02646,2018-En-02646,"Beware the wrath of an angry, frustrated, #agile grandma with a network. 👵🏼😡 I'm just sayin'. #objectlesson",0,negative,validation,-3,ordinal_-3_to_3,negative=-3..-1; zero=excluded; positive=1..3,A,target_directed,0.2719801962375641,B,0.25968971848487854,0.012290477752685547,0.2719801962375641,0.25968971848487854,0.2579628527164459,0.050039198249578476,0.16032804548740387
ait-validation-2018-En-02662,2018-En-02662,@jihnwi u literally name us a word close to prostitutes ok oomf...... 😰,0,negative,validation,-3,ordinal_-3_to_3,negative=-3..-1; zero=excluded; positive=1..3,E,ambiguous,0.8447569608688354,C,0.1255003809928894,0.719256579875946,0.0048698363825678825,0.020269863307476044,0.1255003809928894,0.004603023640811443,0.8447569608688354
ait-validation-2018-En-02669,2018-En-02669,a lot of universities actively discourage even just one part-time job because it has a negative impact on studies--,0,negative,validation,-2,ordinal_-3_to_3,negative=-3..-1; zero=excluded; positive=1..3,B,objectless_general,0.30070382356643677,E,0.2656228840351105,0.035080939531326294,0.2177959829568863,0.30070382356643677,0.18582943081855774,0.0300479494035244,0.2656228840351105
ait-validation-2018-En-02677,2018-En-02677,"@JackRuff4 They have this horrible pudding here. Butterscotch pudding on Mondays, it's dreadful. #Fringe",0,negative,validation,-3,ordinal_-3_to_3,negative=-3..-1; zero=excluded; positive=1..3,C,reported_quoted,0.37493616342544556,B,0.36871519684791565,0.006220966577529907,0.10032198578119278,0.36871519684791565,0.37493616342544556,0.06273860484361649,0.09328805655241013
ait-validation-2018-En-02683,2018-En-02683,Yes @itv2 @LoveIsland putting that Angel @MikeThalassitis back in the villa was the best move #revenge #returnofthemike #LoveIsland #hot,1,positive,validation,1,ordinal_-3_to_3,negative=-3..-1; zero=excluded; positive=1..3,E,ambiguous,0.3825906813144684,B,0.2455132007598877,0.1370774805545807,0.10546348243951797,0.2455132007598877,0.19035257399082184,0.0760800912976265,0.3825906813144684
ait-validation-2018-En-02702,2018-En-02702,@CNN talking about meetings on collecting damaging information on a political figure and when best to release by @DonaldJTrumpJr. #ironic,0,negative,validation,-2,ordinal_-3_to_3,negative=-3..-1; zero=excluded; positive=1..3,E,ambiguous,0.8848333954811096,C,0.09938790649175644,0.785445511341095,0.001067101489752531,0.014037497341632843,0.09938790649175644,0.0006741019315086305,0.8848333954811096
ait-validation-2018-En-02706,2018-En-02706,Smile!!! #happy #smile,1,positive,validation,3,ordinal_-3_to_3,negative=-3..-1; zero=excluded; positive=1..3,A,target_directed,0.4954230487346649,E,0.36219802498817444,0.13322502374649048,0.4954230487346649,0.1058637946844101,0.015362946316599846,0.021152092143893242,0.36219802498817444
ait-validation-2018-En-02727,2018-En-02727,Each and every time I log on to that website to view the Lindsey Vonn pics I am #saddened by the courseness of our culture.,0,negative,validation,-3,ordinal_-3_to_3,negative=-3..-1; zero=excluded; positive=1..3,A,target_directed,0.465570330619812,E,0.18892037868499756,0.27664995193481445,0.465570330619812,0.18665708601474762,0.0886668860912323,0.07018531113862991,0.18892037868499756
ait-validation-2018-En-02737,2018-En-02737,@mashable For some reason this has filled me with delight. See Auntie laugh.,1,positive,validation,2,ordinal_-3_to_3,negative=-3..-1; zero=excluded; positive=1..3,E,ambiguous,0.614464282989502,A,0.30973026156425476,0.3047340214252472,0.30973026156425476,0.051419179886579514,0.007689114194363356,0.01669718511402607,0.614464282989502
ait-validation-2018-En-02739,2018-En-02739,HAPPY BIRTHDAY TO THE PANDERIFIC PANDA IK.@TheOrionSound I hope you have an amazing day Oli i love u so much and i ❤️ur vids they make me 😃,1,positive,validation,3,ordinal_-3_to_3,negative=-3..-1; zero=excluded; positive=1..3,E,ambiguous,0.2602652311325073,A,0.25537633895874023,0.00488889217376709,0.25537633895874023,0.23435859382152557,0.09502939879894257,0.1549704223871231,0.2602652311325073
ait-validation-2018-En-02744,2018-En-02744,If you build up resentment in silence are you really doing anyone any favors,0,negative,validation,-2,ordinal_-3_to_3,negative=-3..-1; zero=excluded; positive=1..3,B,objectless_general,0.48584625124931335,E,0.1499253809452057,0.33592087030410767,0.1394970864057541,0.48584625124931335,0.12511952221393585,0.09961176663637161,0.1499253809452057
ait-validation-2018-En-02748,2018-En-02748,#RIPBiwott I think Robert oukos soul can now rejoice and rest in peace. Call an evil man evil and a good man a good man. He was an evil man,0,negative,validation,-1,ordinal_-3_to_3,negative=-3..-1; zero=excluded; positive=1..3,E,ambiguous,0.47284144163131714,C,0.2719078063964844,0.20093363523483276,0.11603002995252609,0.09492737054824829,0.2719078063964844,0.04429342970252037,0.47284144163131714
ait-validation-2018-En-02753,2018-En-02753,SOLD OUT!!!! Next batch in 3 days!!!!   ,1,positive,validation,1,ordinal_-3_to_3,negative=-3..-1; zero=excluded; positive=1..3,E,ambiguous,0.5044457912445068,C,0.2620466649532318,0.24239912629127502,0.16660672426223755,0.05569407716393471,0.2620466649532318,0.011206774041056633,0.5044457912445068
ait-validation-2018-En-02781,2018-En-02781,The sound of rain is pretty peaceful when you're in a very annoyed mood 😅,0,negative,validation,-1,ordinal_-3_to_3,negative=-3..-1; zero=excluded; positive=1..3,E,ambiguous,0.35904884338378906,B,0.29337483644485474,0.06567400693893433,0.05870071426033974,0.29337483644485474,0.2124909609556198,0.07638469338417053,0.35904884338378906
ait-validation-2018-En-02789,2018-En-02789,@bloggerlinds wishing you joy in your day. #joy #happiness #empowerri,1,positive,validation,3,ordinal_-3_to_3,negative=-3..-1; zero=excluded; positive=1..3,A,target_directed,0.5617927312850952,B,0.22743244469165802,0.3343603014945984,0.5617927312850952,0.22743244469165802,0.13668368756771088,0.04109244421124458,0.03299868479371071
ait-validation-2018-En-02798,2018-En-02798,"Whenever I turn on the radio and hear Bob Dylan's Knocking on Heaven's Door being played, I assume he's died. #relieved #notyet #someday",0,negative,validation,-1,ordinal_-3_to_3,negative=-3..-1; zero=excluded; positive=1..3,C,reported_quoted,0.44531378149986267,E,0.2761363685131073,0.16917741298675537,0.07245392352342606,0.17388883233070374,0.44531378149986267,0.032207027077674866,0.2761363685131073
ait-validation-2018-En-02813,2018-En-02813,@prageru In a state where assisted suicide is legal. Talk about intellectual dishonesty. How stupid does the left think people are? #irony,0,negative,validation,-3,ordinal_-3_to_3,negative=-3..-1; zero=excluded; positive=1..3,E,ambiguous,0.8085846304893494,B,0.08874566107988358,0.7198389768600464,0.015813859179615974,0.08874566107988358,0.07888807356357574,0.007967800833284855,0.8085846304893494
ait-validation-2018-En-02820,2018-En-02820,"@SRuhle @MSNBC Sebestian Gorka, what a arrogant A~hole! Has no business speaking! ",0,negative,validation,-2,ordinal_-3_to_3,negative=-3..-1; zero=excluded; positive=1..3,A,target_directed,0.9835205674171448,E,0.014190830290317535,0.9693297147750854,0.9835205674171448,0.0007922160439193249,0.0008688867092132568,0.000627523404546082,0.014190830290317535
ait-validation-2018-En-02824,2018-En-02824,"@JoyceMeyer @mrsglessman #day of #vengeance of our #God; To #comfort all who #mourn, To console those who #mourn in #Zion, To give [4/7]",0,negative,validation,-2,ordinal_-3_to_3,negative=-3..-1; zero=excluded; positive=1..3,E,ambiguous,0.6835898756980896,C,0.19354085624217987,0.49004900455474854,0.05080597102642059,0.05738280341029167,0.19354085624217987,0.014680509455502033,0.6835898756980896
ait-validation-2018-En-02830,2018-En-02830,@Danger_McLovin Well done! 😀 (your twins Charlii and Cadance),1,positive,validation,3,ordinal_-3_to_3,negative=-3..-1; zero=excluded; positive=1..3,E,ambiguous,0.3740215003490448,A,0.24140170216560364,0.13261979818344116,0.24140170216560364,0.08689557760953903,0.17545120418071747,0.12223006784915924,0.3740215003490448
ait-validation-2018-En-02842,2018-En-02842,Soon the trailer will have more likes than views 😆,1,positive,validation,1,ordinal_-3_to_3,negative=-3..-1; zero=excluded; positive=1..3,E,ambiguous,0.456036239862442,B,0.27163469791412354,0.18440154194831848,0.07036156952381134,0.27163469791412354,0.15337982773780823,0.04858757555484772,0.456036239862442
ait-validation-2018-En-02845,2018-En-02845,Literally hanging on by a thread need some taylor ray tonight loving a bad dog sucks #taylorrayholbrook #hurting @TaylorRaysTweet,0,negative,validation,-2,ordinal_-3_to_3,negative=-3..-1; zero=excluded; positive=1..3,E,ambiguous,0.36789363622665405,C,0.2368057668209076,0.13108786940574646,0.20537656545639038,0.13028235733509064,0.2368057668209076,0.05964169278740883,0.36789363622665405
ait-validation-2018-En-02878,2018-En-02878,Happy to share my new video preview with some of my local fav's!\n#compose #excitement @CBCMusic @Musicyyc  @CJSW @BreakOutWest @HifiClub,1,positive,validation,3,ordinal_-3_to_3,negative=-3..-1; zero=excluded; positive=1..3,A,target_directed,0.5209173560142517,B,0.2865678071975708,0.2343495488166809,0.5209173560142517,0.2865678071975708,0.03240592032670975,0.07123637944459915,0.08887249231338501
ait-validation-2018-En-02921,2018-En-02921,Nobody 'liked' this? Really? #sarcasm #nevergowiththeincrowd #Theincrowdhasalwaysbeensuspect #resisttheincrowd,0,negative,validation,-2,ordinal_-3_to_3,negative=-3..-1; zero=excluded; positive=1..3,E,ambiguous,0.8313097357749939,C,0.12032362073659897,0.7109861373901367,0.004568308591842651,0.04132883623242378,0.12032362073659897,0.002469475846737623,0.8313097357749939
ait-validation-2018-En-02922,2018-En-02922,"@devlinjim @SophieLong01 What about Daniel 7:9? - his throne was like the fiery flame, and his wheels as burning fire.",0,negative,validation,-1,ordinal_-3_to_3,negative=-3..-1; zero=excluded; positive=1..3,C,reported_quoted,0.300544410943985,E,0.2919066548347473,0.008637756109237671,0.18423986434936523,0.18707698583602905,0.300544410943985,0.03623209521174431,0.2919066548347473
ait-validation-2018-En-02934,2018-En-02934,Are u #depressed #hypo #manic #lonely #bored #nofriends #needfreinds #friend I feel chatty I wanna help ppl or just #makefriend 's #dm #moms,0,negative,validation,-2,ordinal_-3_to_3,negative=-3..-1; zero=excluded; positive=1..3,B,objectless_general,0.294380784034729,D,0.27898484468460083,0.015395939350128174,0.11389833688735962,0.294380784034729,0.128261998295784,0.27898484468460083,0.18447406589984894
ait-validation-2018-En-02937,2018-En-02937,I have actually watch drugs destroy an entire family 😢Mother's on skid row. Oldest daughter lost her child. Father is estranged. #horrific,0,negative,validation,-3,ordinal_-3_to_3,negative=-3..-1; zero=excluded; positive=1..3,E,ambiguous,0.4283585548400879,C,0.20425310730934143,0.22410544753074646,0.14453771710395813,0.13874389231204987,0.20425310730934143,0.0841066986322403,0.4283585548400879
ait-validation-2018-En-02948,2018-En-02948,that alcohol clouds everyone's judgement. It dawns on me that some young men REALLY don't understand what 'vulnerable' means. #ironic,0,negative,validation,-1,ordinal_-3_to_3,negative=-3..-1; zero=excluded; positive=1..3,E,ambiguous,0.8844904899597168,B,0.06875879317522049,0.8157317042350769,0.007686513476073742,0.06875879317522049,0.03579713776707649,0.0032670143991708755,0.8844904899597168
ait-validation-2018-En-02952,2018-En-02952,@SaikalyJihad @RimaNJEIM Best birthy day sexy Rima l'wish to you a happy life,1,positive,validation,3,ordinal_-3_to_3,negative=-3..-1; zero=excluded; positive=1..3,B,objectless_general,0.3377074897289276,E,0.2413744330406189,0.09633305668830872,0.08198844641447067,0.3377074897289276,0.19714465737342834,0.14178498089313507,0.2413744330406189
ait-validation-2018-En-03002,2018-En-03002,We need but little learning to live happily - Michel de Montaigne #quote #philosophy #wisdom #wisewords #mentalhealth #psychology #anxiety,1,positive,validation,1,ordinal_-3_to_3,negative=-3..-1; zero=excluded; positive=1..3,C,reported_quoted,0.5672138929367065,B,0.2654070258140564,0.30180686712265015,0.09396345168352127,0.2654070258140564,0.5672138929367065,0.03337021544575691,0.04004540294408798
ait-validation-2018-En-03005,2018-En-03005,"@ThomasSanders This was great, looking forward to next part! 😄",1,positive,validation,3,ordinal_-3_to_3,negative=-3..-1; zero=excluded; positive=1..3,A,target_directed,0.41775619983673096,B,0.2562949061393738,0.16146129369735718,0.41775619983673096,0.2562949061393738,0.037415776401758194,0.0727255567908287,0.21580752730369568
ait-validation-2018-En-03010,2018-En-03010,I just watched the video that i took at troye's concert last year during happy little pill and now im crying i miss him @troyesivan 😭,0,negative,validation,-2,ordinal_-3_to_3,negative=-3..-1; zero=excluded; positive=1..3,E,ambiguous,0.2920472025871277,A,0.22146150469779968,0.070585697889328,0.22146150469779968,0.14606057107448578,0.20906254649162292,0.13136811554431915,0.2920472025871277
ait-validation-2018-En-03022,2018-En-03022,Omgsh Alexis is sooooo freaking funny on #BachelorInParadise 😂 That pizza segment! Plus I love her and Jazzy's friendship! ,1,positive,validation,3,ordinal_-3_to_3,negative=-3..-1; zero=excluded; positive=1..3,E,ambiguous,0.3543667495250702,B,0.24502810835838318,0.10933864116668701,0.15712158381938934,0.24502810835838318,0.06019166111946106,0.183291956782341,0.3543667495250702
ait-validation-2018-En-03036,2018-En-03036,So now I have to buy a whole new computer ,0,negative,validation,-2,ordinal_-3_to_3,negative=-3..-1; zero=excluded; positive=1..3,B,objectless_general,0.3820934295654297,C,0.3224368691444397,0.05965656042098999,0.07973203808069229,0.3820934295654297,0.3224368691444397,0.10376174002885818,0.11197598278522491
ait-validation-2018-En-03037,2018-En-03037,"@airish_cloudly aaww! iam sending virtual hug then, eonnie cares about you so cheer up and study well!",1,positive,validation,1,ordinal_-3_to_3,negative=-3..-1; zero=excluded; positive=1..3,B,objectless_general,0.31399407982826233,C,0.2880294620990753,0.02596461772918701,0.10863832384347916,0.31399407982826233,0.2880294620990753,0.11855342984199524,0.17078465223312378
ait-validation-2018-En-03038,2018-En-03038,James Clapper 'scary and disturbing'.  #25thAmendmentNow #ImpeachTrump  #terrified #nuclearcodes  #Godhelpus,0,negative,validation,-2,ordinal_-3_to_3,negative=-3..-1; zero=excluded; positive=1..3,A,target_directed,0.4809248149394989,E,0.2131267786026001,0.2677980363368988,0.4809248149394989,0.14177794754505157,0.14163361489772797,0.022536825388669968,0.2131267786026001
ait-validation-2018-En-03051,2018-En-03051,Failure is a part of success. You can't experience the joy of success with also experiencing failure. #bethehero #success #failure #joy,1,positive,validation,1,ordinal_-3_to_3,negative=-3..-1; zero=excluded; positive=1..3,C,reported_quoted,0.2911251187324524,A,0.2835276424884796,0.007597476243972778,0.2835276424884796,0.27242934703826904,0.2911251187324524,0.04632268100976944,0.10659517347812653
ait-validation-2018-En-03053,2018-En-03053,@GarfieldLineker @TimCRoberts *on his back. Apologies for retweeting a tweet with grammatical error #mybad 😱,0,negative,validation,-2,ordinal_-3_to_3,negative=-3..-1; zero=excluded; positive=1..3,C,reported_quoted,0.4169251024723053,E,0.37044548988342285,0.046479612588882446,0.04596332088112831,0.1482311189174652,0.4169251024723053,0.01843499019742012,0.37044548988342285
ait-validation-2018-En-03064,2018-En-03064,Today is 71117. 😀,1,positive,validation,2,ordinal_-3_to_3,negative=-3..-1; zero=excluded; positive=1..3,C,reported_quoted,0.38127127289772034,E,0.28438276052474976,0.09688851237297058,0.22236940264701843,0.04307786002755165,0.38127127289772034,0.06889865547418594,0.28438276052474976
ait-validation-2018-En-03087,2018-En-03087,We're really not afraid of you all. We find you rather #annoying &amp; #amusing. 😎😜🤣😂😂,1,positive,validation,1,ordinal_-3_to_3,negative=-3..-1; zero=excluded; positive=1..3,B,objectless_general,0.33606138825416565,E,0.2942039966583252,0.041857391595840454,0.11783101409673691,0.33606138825416565,0.13677948713302612,0.11512408405542374,0.2942039966583252
ait-validation-2018-En-03091,2018-En-03091,I like the #glow in the #dark #fidgetspinner. Not because it glows the dark neither. It feels more lighter and smoother than the others,1,positive,validation,2,ordinal_-3_to_3,negative=-3..-1; zero=excluded; positive=1..3,B,objectless_general,0.3255128860473633,D,0.25514543056488037,0.07036745548248291,0.1365460604429245,0.3255128860473633,0.08453938364982605,0.25514543056488037,0.19825619459152222
ait-validation-2018-En-03099,2018-En-03099,@CTAFails @cta is it ok for your drivers to smile not open the door and drive off ,0,negative,validation,-2,ordinal_-3_to_3,negative=-3..-1; zero=excluded; positive=1..3,E,ambiguous,0.3521142303943634,B,0.24996988475322723,0.10214434564113617,0.03861231729388237,0.24996988475322723,0.24642421305179596,0.11287933588027954,0.3521142303943634
ait-validation-2018-En-03129,2018-En-03129,Happy Amazon Prime day to all my primers 😆,1,positive,validation,1,ordinal_-3_to_3,negative=-3..-1; zero=excluded; positive=1..3,A,target_directed,0.547202467918396,B,0.238789364695549,0.3084130883216858,0.547202467918396,0.238789364695549,0.04657110571861267,0.06179620698094368,0.10564087331295013
ait-validation-2018-En-03165,2018-En-03165,"This is kind of fucked up, but my brother is about to join the police academy....and I'm not happy about. And I'm not the only one.",0,negative,validation,-3,ordinal_-3_to_3,negative=-3..-1; zero=excluded; positive=1..3,E,ambiguous,0.408438116312027,B,0.23882856965065002,0.16960954666137695,0.054320078343153,0.23882856965065002,0.1344660371541977,0.163947194814682,0.408438116312027
ait-validation-2018-En-03184,2018-En-03184,"I feel bad for meatball, not really but you know what I mean #vetoad #ironic #BB19",0,negative,validation,-1,ordinal_-3_to_3,negative=-3..-1; zero=excluded; positive=1..3,E,ambiguous,0.6717754006385803,C,0.179478257894516,0.49229714274406433,0.009207782335579395,0.07761295139789581,0.179478257894516,0.06192554533481598,0.6717754006385803
ait-validation-2018-En-03186,2018-En-03186,@Popstufs3 Coffee is good and view is even better 😊,1,positive,validation,2,ordinal_-3_to_3,negative=-3..-1; zero=excluded; positive=1..3,A,target_directed,0.46431538462638855,B,0.22299861907958984,0.2413167655467987,0.46431538462638855,0.22299861907958984,0.10325398296117783,0.10468773543834686,0.10474426299333572
ait-validation-2018-En-03202,2018-En-03202,@BernadetteAlly cute smile!,1,positive,validation,1,ordinal_-3_to_3,negative=-3..-1; zero=excluded; positive=1..3,A,target_directed,0.4254106879234314,B,0.40095189213752747,0.02445879578590393,0.4254106879234314,0.40095189213752747,0.04630955681204796,0.09489552676677704,0.032432299107313156
ait-validation-2018-En-03230,2018-En-03230,"It is a #great start for #beginners to jump into auto #trading. PROFITABLE FX EA will give you full support, manuals &amp; Team Viewer support.",1,positive,validation,1,ordinal_-3_to_3,negative=-3..-1; zero=excluded; positive=1..3,E,ambiguous,0.3431070148944855,A,0.21971164643764496,0.12339536845684052,0.21971164643764496,0.21165724098682404,0.19054102897644043,0.034983132034540176,0.3431070148944855
ait-validation-2018-En-03236,2018-En-03236,@andyfleming83 Bastard squirrels. 😡,0,negative,validation,-3,ordinal_-3_to_3,negative=-3..-1; zero=excluded; positive=1..3,A,target_directed,0.4235228896141052,E,0.26238366961479187,0.16113921999931335,0.4235228896141052,0.12947599589824677,0.10447974503040314,0.08013765513896942,0.26238366961479187
ait-validation-2018-En-03237,2018-En-03237,was one moron  driving his oversize tonka truck with the big flag in the bed back and forth blaring country music. 😐 #disappointment,0,negative,validation,-3,ordinal_-3_to_3,negative=-3..-1; zero=excluded; positive=1..3,B,objectless_general,0.3307568430900574,C,0.28207454085350037,0.04868230223655701,0.16900207102298737,0.3307568430900574,0.28207454085350037,0.055703017860651016,0.16246354579925537
ait-validation-2018-En-03248,2018-En-03248,Can't wait to perform 2nite at @CrashTestComedy at #Verns! #yyc #Calgary $5 #comedy #comedian #yycComedy #CalgaryComedy #fun #laughs #live,1,positive,validation,3,ordinal_-3_to_3,negative=-3..-1; zero=excluded; positive=1..3,B,objectless_general,0.3128295838832855,E,0.26062020659446716,0.05220937728881836,0.2179732769727707,0.3128295838832855,0.12910597026348114,0.07947088032960892,0.26062020659446716
ait-validation-2018-En-03250,2018-En-03250,y'all don't understand. this woman's wrath is REAL. 🌹🖤,0,negative,validation,-2,ordinal_-3_to_3,negative=-3..-1; zero=excluded; positive=1..3,E,ambiguous,0.41886284947395325,A,0.2405400425195694,0.17832280695438385,0.2405400425195694,0.16397807002067566,0.1046297699213028,0.0719892755150795,0.41886284947395325
ait-validation-2018-En-03255,2018-En-03255,Ha ha love flats description of Marlie packer... Default setting 'combat mode'.... 😂😂😂😂😂  #brilliant \n@davidflatman @MarliePacker #WRWC2017,1,positive,validation,3,ordinal_-3_to_3,negative=-3..-1; zero=excluded; positive=1..3,E,ambiguous,0.3783164918422699,C,0.2510167062282562,0.12729978561401367,0.1276823729276657,0.15357227623462677,0.2510167062282562,0.08941216766834259,0.3783164918422699
ait-validation-2018-En-03257,2018-En-03257,"05.30 is my time......brew, toast and TV before anyone else gets up  #earlydoors #mumlife #lifewithtoddlers",1,positive,validation,1,ordinal_-3_to_3,negative=-3..-1; zero=excluded; positive=1..3,B,objectless_general,0.5219998955726624,C,0.332420289516449,0.18957960605621338,0.027687573805451393,0.5219998955726624,0.332420289516449,0.09972751885652542,0.018164778128266335
ait-validation-2018-En-03269,2018-En-03269,"Listening to these refugee children, barely a decade old, describe the horrific acts they were forced to commit is terrifying. #DatelineSBS",0,negative,validation,-2,ordinal_-3_to_3,negative=-3..-1; zero=excluded; positive=1..3,A,target_directed,0.43086478114128113,E,0.27003228664398193,0.1608324944972992,0.43086478114128113,0.15904049575328827,0.11073038727045059,0.02933201566338539,0.27003228664398193
ait-validation-2018-En-03286,2018-En-03286,Finding a store that is closing is both sad and #awesome. 50% off everything!? Get in me now! My bag is nothing but #redbull &amp; aloe water,1,positive,validation,1,ordinal_-3_to_3,negative=-3..-1; zero=excluded; positive=1..3,E,ambiguous,0.2632746696472168,B,0.24225981533527374,0.021014854311943054,0.2295779436826706,0.24225981533527374,0.06198376789689064,0.2029038518667221,0.2632746696472168
ait-validation-2018-En-03289,2018-En-03289,"Like I might've set it down on top of my car &amp; if so, that shit is long gone 😭 ",0,negative,validation,-2,ordinal_-3_to_3,negative=-3..-1; zero=excluded; positive=1..3,C,reported_quoted,0.3784258961677551,B,0.3005850613117218,0.07784083485603333,0.04595522582530975,0.3005850613117218,0.3784258961677551,0.13772474229335785,0.1373090147972107
ait-validation-2018-En-03322,2018-En-03322,Definitely something happening today #SolarEclipse2017 #weird #annoyed,0,negative,validation,-3,ordinal_-3_to_3,negative=-3..-1; zero=excluded; positive=1..3,B,objectless_general,0.28464916348457336,E,0.28444182872772217,0.0002073347568511963,0.14635500311851501,0.28464916348457336,0.19220875203609467,0.09234527498483658,0.28444182872772217
ait-validation-2018-En-03337,2018-En-03337,@JoshuaRozenberg Oh dear! #tantrums,0,negative,validation,-1,ordinal_-3_to_3,negative=-3..-1; zero=excluded; positive=1..3,B,objectless_general,0.2953760325908661,E,0.2693119943141937,0.026064038276672363,0.15362419188022614,0.2953760325908661,0.1421843320131302,0.13950340449810028,0.2693119943141937
ait-validation-2018-En-03339,2018-En-03339,@beautifuIbaek Wow! I hope i win. 😭 thanks for this. 😊,1,positive,validation,1,ordinal_-3_to_3,negative=-3..-1; zero=excluded; positive=1..3,E,ambiguous,0.38271012902259827,B,0.20197778940200806,0.1807323396205902,0.17980113625526428,0.20197778940200806,0.10113072395324707,0.1343802809715271,0.38271012902259827
ait-validation-2018-En-03355,2018-En-03355,@del_krushnic I knw you have a temper paaa lol just chill dear don't be pissed waii or I will else worry u saaa but I'm sorry 😫,0,negative,validation,-2,ordinal_-3_to_3,negative=-3..-1; zero=excluded; positive=1..3,E,ambiguous,0.6387434601783752,C,0.1878667175769806,0.45087674260139465,0.03724924474954605,0.08659998327493668,0.1878667175769806,0.04954055696725845,0.6387434601783752
ait-validation-2018-En-03357,2018-En-03357,Mood : Happy 🙂 #blessing,1,positive,validation,3,ordinal_-3_to_3,negative=-3..-1; zero=excluded; positive=1..3,B,objectless_general,0.5573470592498779,A,0.40075963735580444,0.1565874218940735,0.40075963735580444,0.5573470592498779,0.012726170010864735,0.019032848998904228,0.010134330950677395
ait-validation-2018-En-03361,2018-En-03361,if not then #teamchristine bc all tana has done is provoke her by tweeting shady shit and trying to be a hard bitch begging for a fight,0,negative,validation,-3,ordinal_-3_to_3,negative=-3..-1; zero=excluded; positive=1..3,E,ambiguous,0.3231739103794098,C,0.26063820719718933,0.06253570318222046,0.14487676322460175,0.2354225218296051,0.26063820719718933,0.03588859364390373,0.3231739103794098
ait-validation-2018-En-03362,2018-En-03362,"Wrapped In This Burrito, Gotta Sweat This All Out 😰",0,negative,validation,-2,ordinal_-3_to_3,negative=-3..-1; zero=excluded; positive=1..3,C,reported_quoted,0.3138841390609741,B,0.2930072247982025,0.020876914262771606,0.2223455011844635,0.2930072247982025,0.3138841390609741,0.10056958347558975,0.07019361853599548
ait-validation-2018-En-03398,2018-En-03398,Paul Ehrlich said that humanity is a threat to all life. Such great news to start the day. If I could blush I would.,1,positive,validation,1,ordinal_-3_to_3,negative=-3..-1; zero=excluded; positive=1..3,B,objectless_general,0.35406553745269775,E,0.19403448700904846,0.1600310504436493,0.16317042708396912,0.35406553745269775,0.1821916252374649,0.10653791576623917,0.19403448700904846
ait-validation-2018-En-03411,2018-En-03411,@OxandCart_UK @jamieoliver I made it too  #quickandeasyfood,1,positive,validation,1,ordinal_-3_to_3,negative=-3..-1; zero=excluded; positive=1..3,B,objectless_general,0.4793083965778351,C,0.27548474073410034,0.20382365584373474,0.08387479186058044,0.4793083965778351,0.27548474073410034,0.07462668418884277,0.08670545369386673
ait-validation-2018-En-03432,2018-En-03432,im clapping and cheering for both teams ...,1,positive,validation,3,ordinal_-3_to_3,negative=-3..-1; zero=excluded; positive=1..3,B,objectless_general,0.3512060344219208,E,0.23621980845928192,0.11498622596263885,0.15899573266506195,0.3512060344219208,0.11467857658863068,0.13889984786510468,0.23621980845928192
ait-validation-2018-En-03440,2018-En-03440,@Chan_lfc10 @paul_rule @Nuttall1878 @DeadlineDayLive @Everton We'd be fuming if the hijacked our £8m move for a relegated full back 😡,0,negative,validation,-2,ordinal_-3_to_3,negative=-3..-1; zero=excluded; positive=1..3,E,ambiguous,0.42113861441612244,A,0.18609589338302612,0.2350427210330963,0.18609589338302612,0.17269094288349152,0.11381781846284866,0.10625673085451126,0.42113861441612244
ait-validation-2018-En-03458,2018-En-03458,Need your help guys 😊 survey for a friend,1,positive,validation,1,ordinal_-3_to_3,negative=-3..-1; zero=excluded; positive=1..3,B,objectless_general,0.4295472204685211,A,0.20544122159481049,0.22410599887371063,0.20544122159481049,0.4295472204685211,0.10297322273254395,0.1872873455286026,0.07475096732378006
ait-validation-2018-En-03459,2018-En-03459,Happy birthday to ma brother from another mother @Official1Cedi dis year More blessing #Break itz,1,positive,validation,3,ordinal_-3_to_3,negative=-3..-1; zero=excluded; positive=1..3,B,objectless_general,0.2711550295352936,A,0.2030884474515915,0.06806658208370209,0.2030884474515915,0.2711550295352936,0.19427280128002167,0.13952913880348206,0.19195450842380524
ait-validation-2018-En-03475,2018-En-03475,I just love #humid NYC #summer 🔥🙄💦 #sarcasm,1,positive,validation,1,ordinal_-3_to_3,negative=-3..-1; zero=excluded; positive=1..3,E,ambiguous,0.4977193772792816,B,0.1568765491247177,0.3408428430557251,0.11925254017114639,0.1568765491247177,0.11809791624546051,0.10805363953113556,0.4977193772792816
ait-validation-2018-En-03499,2018-En-03499,"dreamed that you are laughing and woke up from my sleep for the first time without a sad face , Fair enough to see you in my dream '",1,positive,validation,3,ordinal_-3_to_3,negative=-3..-1; zero=excluded; positive=1..3,B,objectless_general,0.2528510093688965,A,0.2489427924156189,0.003908216953277588,0.2489427924156189,0.2528510093688965,0.12472228705883026,0.2335338294506073,0.13995009660720825
ait-validation-2018-En-03544,2018-En-03544,Time for bed in a real bed after four nights camping. #bliss,1,positive,validation,1,ordinal_-3_to_3,negative=-3..-1; zero=excluded; positive=1..3,B,objectless_general,0.580599308013916,C,0.16361132264137268,0.41698798537254333,0.13207083940505981,0.580599308013916,0.16361132264137268,0.10176389664411545,0.0219546128064394
ait-validation-2018-En-03559,2018-En-03559,fuck a nigga feelings till I find a nigga I'm feeling 😆,0,negative,validation,-1,ordinal_-3_to_3,negative=-3..-1; zero=excluded; positive=1..3,E,ambiguous,0.9036868810653687,B,0.03032379411160946,0.8733630776405334,0.010481201112270355,0.03032379411160946,0.02768273651599884,0.027825402095913887,0.9036868810653687
ait-validation-2018-En-03622,2018-En-03622,Why the FUCK have i just saw a Game of Thrones spoiler on snapchat? SOME OF US HAVENT SAW IT YET 🖕🏻🖕🏻🖕🏻🖕🏻🖕🏻 #arsehole,0,negative,validation,-3,ordinal_-3_to_3,negative=-3..-1; zero=excluded; positive=1..3,E,ambiguous,0.9859579205513,B,0.007233737036585808,0.9787241816520691,0.0008996021351777017,0.007233737036585808,0.005392477847635746,0.0005161755252629519,0.9859579205513
ait-validation-2018-En-03640,2018-En-03640,@RGUpdate Have you tried English hospital food ?? #yak #gross ,0,negative,validation,-2,ordinal_-3_to_3,negative=-3..-1; zero=excluded; positive=1..3,E,ambiguous,0.5050182342529297,C,0.25119855999946594,0.25381967425346375,0.027917737141251564,0.17901472747325897,0.25119855999946594,0.0368507094681263,0.5050182342529297
ait-validation-2018-En-03643,2018-En-03643,@WhiteJennyB @EmreUslu jenny white  u r the dumbest here .. What r u trying ? Get lost..,0,negative,validation,-3,ordinal_-3_to_3,negative=-3..-1; zero=excluded; positive=1..3,E,ambiguous,0.8011583089828491,C,0.1628623902797699,0.6382958889007568,0.0039960178546607494,0.027752624824643135,0.1628623902797699,0.004230678081512451,0.8011583089828491
ait-validation-2018-En-03658,2018-En-03658,"That was absolutely the two worst National Anthem singers I've ever heard, both of them screwed up the words #awful",0,negative,validation,-2,ordinal_-3_to_3,negative=-3..-1; zero=excluded; positive=1..3,E,ambiguous,0.723908007144928,B,0.11591997742652893,0.6079879999160767,0.07377716153860092,0.11591997742652893,0.054352156817913055,0.03204267844557762,0.723908007144928
ait-validation-2018-En-03662,2018-En-03662,"After sleeping past noon, I look out the window to see my hotel has a HOT TUB!!!!! #bliss",1,positive,validation,1,ordinal_-3_to_3,negative=-3..-1; zero=excluded; positive=1..3,E,ambiguous,0.5010153651237488,A,0.2697887420654297,0.2312266230583191,0.2697887420654297,0.1255740225315094,0.04287436604499817,0.06074749305844307,0.5010153651237488
ait-validation-2018-En-03667,2018-En-03667,"@_ruthharvey_ happy bday Ruth, hope you have an amazing day 💘💘x",1,positive,validation,3,ordinal_-3_to_3,negative=-3..-1; zero=excluded; positive=1..3,A,target_directed,0.4825599491596222,B,0.23038063943386078,0.2521793246269226,0.4825599491596222,0.23038063943386078,0.06089988723397255,0.10584656149148941,0.1203128844499588
ait-validation-2018-En-03680,2018-En-03680,@theAliceRoberts @FryRsquared @AdamRutherford They've obviously never tried 'repressing' a red head #fiery,0,negative,validation,-2,ordinal_-3_to_3,negative=-3..-1; zero=excluded; positive=1..3,E,ambiguous,0.40859854221343994,C,0.26350125670433044,0.1450972855091095,0.05767020210623741,0.20637372136116028,0.26350125670433044,0.06385628134012222,0.40859854221343994
ait-validation-2018-En-03686,2018-En-03686,@MikeAndMike @Buster_ESPN if you get time.. @Orioles buyers it sellers or what are we going to do!!?! #panic,0,negative,validation,-2,ordinal_-3_to_3,negative=-3..-1; zero=excluded; positive=1..3,E,ambiguous,0.9302008748054504,C,0.027591289952397346,0.9026095867156982,0.007250348571687937,0.02564634196460247,0.027591289952397346,0.009311158210039139,0.9302008748054504
ait-validation-2018-En-03715,2018-En-03715,#Rage and #disappointment man.... Is that life or what? Lol,0,negative,validation,-2,ordinal_-3_to_3,negative=-3..-1; zero=excluded; positive=1..3,E,ambiguous,0.6554936170578003,B,0.13641968369483948,0.5190739631652832,0.09075731039047241,0.13641968369483948,0.046793483197689056,0.07053587585687637,0.6554936170578003
ait-validation-2018-En-03719,2018-En-03719,"The blackest abyss of despair, Alonzo",0,negative,validation,-3,ordinal_-3_to_3,negative=-3..-1; zero=excluded; positive=1..3,A,target_directed,0.3356185555458069,E,0.29205578565597534,0.04356276988983154,0.3356185555458069,0.061391860246658325,0.267408549785614,0.04352520778775215,0.29205578565597534
ait-validation-2018-En-03726,2018-En-03726,I have the best girlfriend in the world 😍 #blessed,1,positive,validation,3,ordinal_-3_to_3,negative=-3..-1; zero=excluded; positive=1..3,A,target_directed,0.3616142272949219,C,0.20480969548225403,0.15680453181266785,0.3616142272949219,0.2045219987630844,0.20480969548225403,0.13143345713615417,0.09762071073055267
ait-validation-2018-En-03733,2018-En-03733,Oh @BentleySystems what hast thou done to thy configurations? #despair,0,negative,validation,-3,ordinal_-3_to_3,negative=-3..-1; zero=excluded; positive=1..3,E,ambiguous,0.6737823486328125,B,0.12495139986276627,0.5488309264183044,0.08951275050640106,0.12495139986276627,0.06877817958593369,0.04297531396150589,0.6737823486328125
ait-validation-2018-En-03749,2018-En-03749,@TheView Joy isn't a comedian. She's a bully for fat shaming the governor. Great example she's setting for her grandson.,0,negative,validation,-2,ordinal_-3_to_3,negative=-3..-1; zero=excluded; positive=1..3,E,ambiguous,0.6873269081115723,C,0.1696082502603531,0.5177186727523804,0.027904996648430824,0.09680275619029999,0.1696082502603531,0.01835700310766697,0.6873269081115723
ait-validation-2018-En-03750,2018-En-03750,and i shouldve cut them off the moment i started hurting myself over them :o,0,negative,validation,-2,ordinal_-3_to_3,negative=-3..-1; zero=excluded; positive=1..3,E,ambiguous,0.6862117648124695,C,0.1359192430973053,0.5502924919128418,0.02849668823182583,0.11895155161619186,0.1359192430973053,0.03042084164917469,0.6862117648124695
ait-validation-2018-En-03752,2018-En-03752,That eclipse was  Angelic 🙏🏿 #blessing,1,positive,validation,2,ordinal_-3_to_3,negative=-3..-1; zero=excluded; positive=1..3,C,reported_quoted,0.3838100731372833,A,0.3152303993701935,0.06857967376708984,0.3152303993701935,0.10052027553319931,0.3838100731372833,0.08291961252689362,0.11751966178417206
ait-validation-2018-En-03758,2018-En-03758,One of the great/horrible moments as a professor is seeing a wonderful student leaving your university to pursue his/her true passion.,0,negative,validation,-2,ordinal_-3_to_3,negative=-3..-1; zero=excluded; positive=1..3,B,objectless_general,0.357507586479187,A,0.223079115152359,0.134428471326828,0.223079115152359,0.357507586479187,0.14426825940608978,0.13184495270252228,0.1433001607656479
ait-validation-2018-En-03770,2018-En-03770,Brown envelopes can induce panic. #posttruth,0,negative,validation,-1,ordinal_-3_to_3,negative=-3..-1; zero=excluded; positive=1..3,E,ambiguous,0.45303645730018616,A,0.22114510834217072,0.23189134895801544,0.22114510834217072,0.11165887117385864,0.1792633980512619,0.03489619493484497,0.45303645730018616
ait-validation-2018-En-03783,2018-En-03783,@GILMONK1 Maybe to stand in the field to scare away the crows,0,negative,validation,-1,ordinal_-3_to_3,negative=-3..-1; zero=excluded; positive=1..3,B,objectless_general,0.37893614172935486,C,0.3238598704338074,0.055076271295547485,0.10250550508499146,0.37893614172935486,0.3238598704338074,0.060092419385910034,0.13460609316825867
ait-validation-2018-En-03798,2018-En-03798,"@angrydwarf9 @carolinesandall It ruins my frigging night each night at 9pm. Mrs loves it, i've been early to bed for a month. #dreadful",0,negative,validation,-3,ordinal_-3_to_3,negative=-3..-1; zero=excluded; positive=1..3,E,ambiguous,0.5482006669044495,B,0.1680857539176941,0.38011491298675537,0.11693346500396729,0.1680857539176941,0.11046569794416428,0.05631435289978981,0.5482006669044495
ait-validation-2018-En-03820,2018-En-03820,@granlund_aarne Suicide would also help. #sarcasm,0,negative,validation,-2,ordinal_-3_to_3,negative=-3..-1; zero=excluded; positive=1..3,E,ambiguous,0.9573063850402832,C,0.03024963289499283,0.9270567297935486,0.0019179515074938536,0.009459178894758224,0.03024963289499283,0.0010668718023225665,0.9573063850402832
ait-validation-2018-En-03821,2018-En-03821,@wengzyjb I don't even know na naa koy beautiful nightmare hahahaha oks,1,positive,validation,1,ordinal_-3_to_3,negative=-3..-1; zero=excluded; positive=1..3,E,ambiguous,0.34357723593711853,B,0.22983244061470032,0.11374479532241821,0.07658059895038605,0.22983244061470032,0.1399126499891281,0.210097074508667,0.34357723593711853
ait-validation-2018-En-03823,2018-En-03823,@FFigureFBust How so? I've been thinking of getting it done and now you've given me a frighten.,0,negative,validation,-2,ordinal_-3_to_3,negative=-3..-1; zero=excluded; positive=1..3,E,ambiguous,0.5728154182434082,C,0.2310325801372528,0.3417828381061554,0.0168762169778347,0.1441464126110077,0.2310325801372528,0.03512934222817421,0.5728154182434082
ait-validation-2018-En-03840,2018-En-03840,@marcdeacon_ Happy Birthday Marc have a good one! Xx,1,positive,validation,2,ordinal_-3_to_3,negative=-3..-1; zero=excluded; positive=1..3,A,target_directed,0.5790398120880127,E,0.1831517219543457,0.395888090133667,0.5790398120880127,0.1676868349313736,0.04498542472720146,0.025136154145002365,0.1831517219543457
ait-validation-2018-En-03843,2018-En-03843,If @TheRock's Presidential run is as bad as his appearance in #Baywatch neither party need fear his run. That's $8 I'll never get back #crap,0,negative,validation,-3,ordinal_-3_to_3,negative=-3..-1; zero=excluded; positive=1..3,E,ambiguous,0.46838507056236267,C,0.3167892396450043,0.1515958309173584,0.027772434055805206,0.1735609918832779,0.3167892396450043,0.013492235913872719,0.46838507056236267
ait-validation-2018-En-03853,2018-En-03853,"[ @TheChicMystique ] — hurting badly and that he can't just leave him like that. Angry and heartless. ]\n\nI promise you that I'll be back, —",0,negative,validation,-3,ordinal_-3_to_3,negative=-3..-1; zero=excluded; positive=1..3,E,ambiguous,0.29326996207237244,B,0.2856709957122803,0.007598966360092163,0.1672200709581375,0.2856709957122803,0.17565405368804932,0.07818485051393509,0.29326996207237244
ait-validation-2018-En-03859,2018-En-03859,So disappointed in myself for spending £50 on an outfit for meeting a boy #noselfcontrol #nervous,0,negative,validation,-2,ordinal_-3_to_3,negative=-3..-1; zero=excluded; positive=1..3,B,objectless_general,0.3284757137298584,E,0.21311673521995544,0.11535897850990295,0.11512605100870132,0.3284757137298584,0.2089368849992752,0.13434463739395142,0.21311673521995544
ait-validation-2018-En-03867,2018-En-03867,if today is the first time you're playing FFXII I am happy for you. #Zodiacage,1,positive,validation,3,ordinal_-3_to_3,negative=-3..-1; zero=excluded; positive=1..3,B,objectless_general,0.33609849214553833,C,0.27726343274116516,0.05883505940437317,0.23290365934371948,0.33609849214553833,0.27726343274116516,0.04886845126748085,0.10486603528261185
ait-validation-2018-En-03875,2018-En-03875,Everything I order online just comes looking like a piece of shit 😤,0,negative,validation,-3,ordinal_-3_to_3,negative=-3..-1; zero=excluded; positive=1..3,E,ambiguous,0.44699886441230774,C,0.18452459573745728,0.26247426867485046,0.05993608385324478,0.17804481089115143,0.18452459573745728,0.1304956078529358,0.44699886441230774
ait-validation-2018-En-03899,2018-En-03899,Nearly 60% of GOP members think higher education is ruining this country. That includes GOP members with higher education degrees. #irony,0,negative,validation,-1,ordinal_-3_to_3,negative=-3..-1; zero=excluded; positive=1..3,C,reported_quoted,0.4613676965236664,E,0.3481988310813904,0.113168865442276,0.03643422573804855,0.1506577730178833,0.4613676965236664,0.0033414592035114765,0.3481988310813904
ait-validation-2018-En-03916,2018-En-03916,Got woken up by a road sweeper I was trying to sleep ,0,negative,validation,-2,ordinal_-3_to_3,negative=-3..-1; zero=excluded; positive=1..3,B,objectless_general,0.45853689312934875,C,0.2500493824481964,0.20848751068115234,0.15742015838623047,0.45853689312934875,0.2500493824481964,0.038217656314373016,0.09577582031488419
ait-validation-2018-En-03935,2018-En-03935,"Went to bed a 1:30, fell asleep after, my niece started crying at 4. I'm dying... 😧",0,negative,validation,-3,ordinal_-3_to_3,negative=-3..-1; zero=excluded; positive=1..3,C,reported_quoted,0.3844330310821533,E,0.2520235776901245,0.1324094533920288,0.07515797764062881,0.1747918725013733,0.3844330310821533,0.11359354853630066,0.2520235776901245
ait-validation-2018-En-03936,2018-En-03936,You have to learn how to live life regardless of circumstances &amp; not let life leave you. \n#purpose #Growth  #process #confident #happy #joy,1,positive,validation,3,ordinal_-3_to_3,negative=-3..-1; zero=excluded; positive=1..3,B,objectless_general,0.2632349729537964,A,0.24814580380916595,0.015089169144630432,0.24814580380916595,0.2632349729537964,0.23289144039154053,0.052981432527303696,0.20274637639522552
ait-validation-2018-En-03941,2018-En-03941,Someone's nicked my lunch out the fridge at work!! Roast dinner as well! #fuming,0,negative,validation,-3,ordinal_-3_to_3,negative=-3..-1; zero=excluded; positive=1..3,E,ambiguous,0.8239664435386658,B,0.07050040364265442,0.753466010093689,0.0601494126021862,0.07050040364265442,0.02723902463912964,0.018144721165299416,0.8239664435386658
ait-validation-2018-En-03948,2018-En-03948,She mad sus hung up on me 😂,1,positive,validation,1,ordinal_-3_to_3,negative=-3..-1; zero=excluded; positive=1..3,E,ambiguous,0.8878083229064941,C,0.05932332202792168,0.8284850120544434,0.005032503977417946,0.0452595055103302,0.05932332202792168,0.002576447557657957,0.8878083229064941
ait-validation-2018-En-03955,2018-En-03955,What is this miserable ass weather all about 😭 dark and gloomy #depressing #weekoff #wheresthesun,0,negative,validation,-3,ordinal_-3_to_3,negative=-3..-1; zero=excluded; positive=1..3,D,mixed,0.463250070810318,E,0.20236892998218536,0.26088112592697144,0.10029765963554382,0.13565070927143097,0.09843260794878006,0.463250070810318,0.20236892998218536
ait-validation-2018-En-03974,2018-En-03974,"@HasegawaSona Big, toothy smile as she wiggles about!",1,positive,validation,1,ordinal_-3_to_3,negative=-3..-1; zero=excluded; positive=1..3,A,target_directed,0.43879154324531555,B,0.3002240061759949,0.13856753706932068,0.43879154324531555,0.3002240061759949,0.07892664521932602,0.05463200435042381,0.12742578983306885
ait-validation-2018-En-04005,2018-En-04005,"Please ruin this party, @NSWRL. #origin #blues",0,negative,validation,-1,ordinal_-3_to_3,negative=-3..-1; zero=excluded; positive=1..3,E,ambiguous,0.7781016230583191,C,0.12473691254854202,0.6533647179603577,0.01575597934424877,0.07379627227783203,0.12473691254854202,0.0076091596856713295,0.7781016230583191
ait-validation-2018-En-04018,2018-En-04018,@itejasmehta @QTalker My pleasure 😊,1,positive,validation,2,ordinal_-3_to_3,negative=-3..-1; zero=excluded; positive=1..3,A,target_directed,0.43063393235206604,C,0.20795439183712006,0.22267954051494598,0.43063393235206604,0.1528824269771576,0.20795439183712006,0.11025705188512802,0.09827211499214172
ait-validation-2018-En-04041,2018-En-04041,Chelsea and united must be furious,0,negative,validation,-2,ordinal_-3_to_3,negative=-3..-1; zero=excluded; positive=1..3,C,reported_quoted,0.5898757576942444,B,0.24660131335258484,0.34327444434165955,0.08146548271179199,0.24660131335258484,0.5898757576942444,0.012596838176250458,0.06946057826280594
ait-validation-2018-En-04047,2018-En-04047,"Blah blah blah Kyrie, IT, etc. @CJC9BOSS leaving Boston is the real news and I am #devastated! #celtics #fave  #someonegetmeajerseyteeasap",0,negative,validation,-2,ordinal_-3_to_3,negative=-3..-1; zero=excluded; positive=1..3,E,ambiguous,0.9422232508659363,C,0.02262197434902191,0.9196012616157532,0.011553843505680561,0.016951091587543488,0.02262197434902191,0.006649788934737444,0.9422232508659363
ait-validation-2018-En-04066,2018-En-04066,@FierzaaRBX hi fierzaa i hope you be my friend in roblox btw i love kat and username:USATylerX 😀,1,positive,validation,3,ordinal_-3_to_3,negative=-3..-1; zero=excluded; positive=1..3,C,reported_quoted,0.30324018001556396,B,0.29448169469833374,0.008758485317230225,0.10210730135440826,0.29448169469833374,0.30324018001556396,0.16603676974773407,0.13413408398628235
ait-validation-2018-En-04078,2018-En-04078,"So happy to be home from Ibiza the place is some thing else mad gaff that , need find a bird now I wanna start doing romantic things now 😂😂",1,positive,validation,3,ordinal_-3_to_3,negative=-3..-1; zero=excluded; positive=1..3,E,ambiguous,0.4755164086818695,B,0.2112535685300827,0.264262855052948,0.06577655673027039,0.2112535685300827,0.10679235309362411,0.1406610906124115,0.4755164086818695
ait-validation-2018-En-04090,2018-En-04090,EEEEEKKKK!!!!\nProduct LAUNCH 😍✋💖\nI'm am literally B•U•Z•Z•I•N•G!!!\nSingle sachets 😍😍\n \nMessage me for yours! 😜🙆💜#loveyourlifestyle #shakes,1,positive,validation,3,ordinal_-3_to_3,negative=-3..-1; zero=excluded; positive=1..3,E,ambiguous,0.6251100301742554,C,0.16754476726055145,0.4575652480125427,0.058469027280807495,0.07761356979608536,0.16754476726055145,0.07126256823539734,0.6251100301742554
ait-validation-2018-En-04103,2018-En-04103,@Jack_Septic_Eye Grass growing simulator is offended,0,negative,validation,-2,ordinal_-3_to_3,negative=-3..-1; zero=excluded; positive=1..3,E,ambiguous,0.3587821125984192,C,0.33871373534202576,0.020068377256393433,0.13253067433834076,0.14207161962985992,0.33871373534202576,0.02790180966258049,0.3587821125984192
ait-validation-2018-En-04111,2018-En-04111,It's a beautiful pout. c:,1,positive,validation,2,ordinal_-3_to_3,negative=-3..-1; zero=excluded; positive=1..3,C,reported_quoted,0.9973282814025879,E,0.002445123391225934,0.9948831796646118,6.531786493724212e-05,3.554109935066663e-05,0.9973282814025879,0.00012570958642754704,0.002445123391225934
ait-validation-2018-En-04125,2018-En-04125,Lost my appetite for the past 5 days and I swear I already lost 3 pounds #depressing #at #least #i #will #be #skinny #for #pride #weekend,0,negative,validation,-3,ordinal_-3_to_3,negative=-3..-1; zero=excluded; positive=1..3,E,ambiguous,0.35449713468551636,C,0.20858821272850037,0.145908921957016,0.10365330427885056,0.1600729376077652,0.20858821272850037,0.17318843305110931,0.35449713468551636
ait-validation-2018-En-04182,2018-En-04182,"Idk why but when I help someone,  a smile comes on my lips.\n\n#thatisall #ieverwant #noneeds #justyou #love #peace #smiling #faces #kindness",1,positive,validation,3,ordinal_-3_to_3,negative=-3..-1; zero=excluded; positive=1..3,B,objectless_general,0.478666216135025,D,0.18174809217453003,0.296918123960495,0.17100182175636292,0.478666216135025,0.12532614171504974,0.18174809217453003,0.043257806450128555
ait-validation-2018-En-04196,2018-En-04196,@jewleree @GameOfThrones Lmao night king smiles 😂,1,positive,validation,3,ordinal_-3_to_3,negative=-3..-1; zero=excluded; positive=1..3,E,ambiguous,0.4232355058193207,C,0.3240896463394165,0.09914585947990417,0.03269099444150925,0.14052292704582214,0.3240896463394165,0.0794609785079956,0.4232355058193207
ait-validation-2018-En-04198,2018-En-04198,@Zineeta_R @RusEmbUSA @mfa_russia The hatred and fear many russians have for anything non-russian is just sad.,0,negative,validation,-3,ordinal_-3_to_3,negative=-3..-1; zero=excluded; positive=1..3,A,target_directed,0.38748475909233093,E,0.32560479640960693,0.061879962682724,0.38748475909233093,0.15686646103858948,0.10515899956226349,0.024884963408112526,0.32560479640960693
ait-validation-2018-En-04213,2018-En-04213,How shit and depressing is this weather wish I can travel the world for a living,0,negative,validation,-3,ordinal_-3_to_3,negative=-3..-1; zero=excluded; positive=1..3,B,objectless_general,0.3837677240371704,E,0.24672646820545197,0.13704125583171844,0.09784924238920212,0.3837677240371704,0.043589863926172256,0.22806677222251892,0.24672646820545197
ait-validation-2018-En-04214,2018-En-04214,Will I get in trouble if @Cody_Nolove or @GordonRamsay show up at #UFC215 and I try to find them at Rogers? 😂 (under 3 weeks!!) #excitement,1,positive,validation,3,ordinal_-3_to_3,negative=-3..-1; zero=excluded; positive=1..3,E,ambiguous,0.33165156841278076,B,0.24350661039352417,0.08814495801925659,0.08572375774383545,0.24350661039352417,0.183856800198555,0.15526121854782104,0.33165156841278076
ait-validation-2018-En-04243,2018-En-04243,Good morning and happy Tuesday! I hope you have a terrific day! Enjoy it tons 😃,1,positive,validation,3,ordinal_-3_to_3,negative=-3..-1; zero=excluded; positive=1..3,A,target_directed,0.4303344786167145,E,0.34808361530303955,0.08225086331367493,0.4303344786167145,0.14146173000335693,0.04274000972509384,0.03738017380237579,0.34808361530303955
ait-validation-2018-En-04244,2018-En-04244,@MonikaGoswamiRK I just see 2 episodes #DilLagi but still curious why you're falling for the Hero 😆 watching more soon.. 😉😃,1,positive,validation,1,ordinal_-3_to_3,negative=-3..-1; zero=excluded; positive=1..3,B,objectless_general,0.35122090578079224,C,0.2326858639717102,0.11853504180908203,0.10527075082063675,0.35122090578079224,0.2326858639717102,0.1799992471933365,0.1308232843875885
ait-validation-2018-En-04247,2018-En-04247,"@RKsAllyCat82 No, but I'm planning on it before September 😊",1,positive,validation,1,ordinal_-3_to_3,negative=-3..-1; zero=excluded; positive=1..3,B,objectless_general,0.3902475833892822,C,0.277131587266922,0.11311599612236023,0.06748633831739426,0.3902475833892822,0.277131587266922,0.14368076622486115,0.12145375460386276
ait-validation-2018-En-04274,2018-En-04274,@Cmdr_Hadfield CNN's Wolf Blitzer calls you an American astronaut and you don't correct him? #dissapointed,0,negative,validation,-3,ordinal_-3_to_3,negative=-3..-1; zero=excluded; positive=1..3,C,reported_quoted,0.41025465726852417,B,0.2588529586791992,0.15140169858932495,0.09052497893571854,0.2588529586791992,0.41025465726852417,0.08196380734443665,0.1584036499261856
ait-validation-2018-En-04291,2018-En-04291,"@UKSportsZone In other words, I don't like the result of the poll so I'm packing up my polls &amp; taking them home while I pout. 😂😂😻 #bbn",1,positive,validation,1,ordinal_-3_to_3,negative=-3..-1; zero=excluded; positive=1..3,D,mixed,0.4083683490753174,B,0.22689273953437805,0.18147560954093933,0.0465804785490036,0.22689273953437805,0.14314503967761993,0.4083683490753174,0.17501336336135864
ait-validation-2018-En-04302,2018-En-04302,"guess who stayed up until 2am just incase someone called but they never did like i knew already , it's me, mistakes were made",0,negative,validation,-2,ordinal_-3_to_3,negative=-3..-1; zero=excluded; positive=1..3,E,ambiguous,0.2912747263908386,B,0.26609739661216736,0.025177329778671265,0.08784622699022293,0.26609739661216736,0.2515738904476166,0.10320772230625153,0.2912747263908386
ait-validation-2018-En-04307,2018-En-04307,"+++ '#Dearly #beloved, avenge not yourselves, but rather give place unto #wrath: for it is #written, #Vengeance is #mine; I …' #Romans12v19",0,negative,validation,-1,ordinal_-3_to_3,negative=-3..-1; zero=excluded; positive=1..3,C,reported_quoted,0.4284575581550598,E,0.32895684242248535,0.09950071573257446,0.09054228663444519,0.09234022349119186,0.4284575581550598,0.05970308184623718,0.32895684242248535
ait-validation-2018-En-04326,2018-En-04326,#DamilolaOurLovedBoy So upsetting 😢😢. Why do people want to hurt others! Such a cruel world we live in #heartbreaking,0,negative,validation,-3,ordinal_-3_to_3,negative=-3..-1; zero=excluded; positive=1..3,D,mixed,0.4685538709163666,E,0.234440878033638,0.23411299288272858,0.07500945031642914,0.1014113500714302,0.12058455497026443,0.4685538709163666,0.234440878033638
ait-validation-2018-En-04327,2018-En-04327,"@JusticeWillett Lord, we don't understand tragedy. Do what You do best: bring good grom it and comfort those who mourn. Amen",0,negative,validation,-2,ordinal_-3_to_3,negative=-3..-1; zero=excluded; positive=1..3,E,ambiguous,0.43443697690963745,C,0.3273983895778656,0.10703858733177185,0.07403478026390076,0.11160840839147568,0.3273983895778656,0.05252145230770111,0.43443697690963745
ait-validation-2018-En-04332,2018-En-04332,@1720maryknoll I was #fuming Kenny.,0,negative,validation,-3,ordinal_-3_to_3,negative=-3..-1; zero=excluded; positive=1..3,E,ambiguous,0.7713485360145569,B,0.09519266337156296,0.6761558651924133,0.06377453356981277,0.09519266337156296,0.040982089936733246,0.028702260926365852,0.7713485360145569
ait-validation-2018-En-04347,2018-En-04347,I'm back on Twitter! #madden #madden18 #maddenmobile #ea #nfl #espn #packers,1,positive,validation,2,ordinal_-3_to_3,negative=-3..-1; zero=excluded; positive=1..3,B,objectless_general,0.3769412636756897,C,0.2311035692691803,0.1458376944065094,0.18542900681495667,0.3769412636756897,0.2311035692691803,0.0775483101606369,0.12897785007953644
ait-validation-2018-En-04352,2018-En-04352,#Twitter these days is just a massive critical debate on those that people don't like #annoying #depressing and #dull 😑,0,negative,validation,-3,ordinal_-3_to_3,negative=-3..-1; zero=excluded; positive=1..3,E,ambiguous,0.28646227717399597,C,0.22955326735973358,0.05690900981426239,0.12019789963960648,0.2238459438085556,0.22955326735973358,0.13994061946868896,0.28646227717399597
ait-validation-2018-En-04353,2018-En-04353,3 and a half hour more 😤 #EXO,0,negative,validation,-2,ordinal_-3_to_3,negative=-3..-1; zero=excluded; positive=1..3,E,ambiguous,0.4666077196598053,C,0.2529032230377197,0.21370449662208557,0.04417405277490616,0.1459067165851593,0.2529032230377197,0.09040825068950653,0.4666077196598053
ait-validation-2018-En-04358,2018-En-04358,Nothing is more #beautiful than a #smile that has struggled through tears.,1,positive,validation,2,ordinal_-3_to_3,negative=-3..-1; zero=excluded; positive=1..3,A,target_directed,0.645719587802887,B,0.19472292065620422,0.45099666714668274,0.645719587802887,0.19472292065620422,0.03538033738732338,0.035707034170627594,0.08847019821405411
ait-validation-2018-En-04360,2018-En-04360,Desmond was asleep when I called after I got out of my meeting... he still answered and let me vent to him the whole way home 😍 #sweetness,1,positive,validation,1,ordinal_-3_to_3,negative=-3..-1; zero=excluded; positive=1..3,C,reported_quoted,0.336805522441864,B,0.2728424072265625,0.06396311521530151,0.1687457412481308,0.2728424072265625,0.336805522441864,0.09236404299736023,0.12924225628376007
ait-validation-2018-En-04370,2018-En-04370,WAIT...Lawrence's friend dragged the fuck outta him!! ,0,negative,validation,-1,ordinal_-3_to_3,negative=-3..-1; zero=excluded; positive=1..3,E,ambiguous,0.9135314226150513,B,0.05180421099066734,0.861727237701416,0.00919000618159771,0.05180421099066734,0.022359557449817657,0.0031148609705269337,0.9135314226150513
