dataset,pair_index,clean_id,corrupted_id,clean_label,corrupted_label,clean_text,corrupted_text,clean_text_repr,corrupted_text_repr,clean_utf8_hex,corrupted_utf8_hex,clean_sha256,corrupted_sha256,clean_token_ids,corrupted_token_ids,clean_num_tokens,corrupted_num_tokens,equal_token_length,clean_source_text,corrupted_source_text,binarization_method,pythia_correct
toy_train,0,toy-train-pos-000,toy-train-neg-000,1,0,"I thought this movie was adequate, I enjoyed it. 
Conclusion: This movie is","I thought this movie was annoying, I hated it. 
Conclusion: This movie is","'I thought this movie was adequate, I enjoyed it. \nConclusion: This movie is'","'I thought this movie was annoying, I hated it. \nConclusion: This movie is'",492074686f756768742074686973206d6f766965207761732061646571756174652c204920656e6a6f7965642069742e200a436f6e636c7573696f6e3a2054686973206d6f766965206973,492074686f756768742074686973206d6f7669652077617320616e6e6f79696e672c20492068617465642069742e200a436f6e636c7573696f6e3a2054686973206d6f766965206973,777f8c5e413237085c99ea450a6c9ea268e90d1ae718cecf42d006bdb8615e95,958748e6949c4945f6f9f841d496397aeec200c07eaa7457df3ce7e1308c9859,"[50256, 40, 1807, 428, 3807, 373, 12872, 11, 314, 8359, 340, 13, 220, 198, 21481, 25, 770, 3807, 318]","[50256, 40, 1807, 428, 3807, 373, 15774, 11, 314, 16563, 340, 13, 220, 198, 21481, 25, 770, 3807, 318]",19,19,True,,,,
toy_train,1,toy-train-neg-000,toy-train-pos-001,0,1,"I thought this movie was annoying, I hated it. 
Conclusion: This movie is","I thought this movie was amazing, I loved it. 
Conclusion: This movie is","'I thought this movie was annoying, I hated it. \nConclusion: This movie is'","'I thought this movie was amazing, I loved it. \nConclusion: This movie is'",492074686f756768742074686973206d6f7669652077617320616e6e6f79696e672c20492068617465642069742e200a436f6e636c7573696f6e3a2054686973206d6f766965206973,492074686f756768742074686973206d6f7669652077617320616d617a696e672c2049206c6f7665642069742e200a436f6e636c7573696f6e3a2054686973206d6f766965206973,958748e6949c4945f6f9f841d496397aeec200c07eaa7457df3ce7e1308c9859,2f3aaecef7f086c9bfd26b85a34ecdc5640448a071c16e9f2b05648608f2b130,"[50256, 40, 1807, 428, 3807, 373, 15774, 11, 314, 16563, 340, 13, 220, 198, 21481, 25, 770, 3807, 318]","[50256, 40, 1807, 428, 3807, 373, 4998, 11, 314, 6151, 340, 13, 220, 198, 21481, 25, 770, 3807, 318]",19,19,True,,,,
toy_train,2,toy-train-pos-001,toy-train-neg-001,1,0,"I thought this movie was amazing, I loved it. 
Conclusion: This movie is","I thought this movie was awful, I disliked it. 
Conclusion: This movie is","'I thought this movie was amazing, I loved it. \nConclusion: This movie is'","'I thought this movie was awful, I disliked it. \nConclusion: This movie is'",492074686f756768742074686973206d6f7669652077617320616d617a696e672c2049206c6f7665642069742e200a436f6e636c7573696f6e3a2054686973206d6f766965206973,492074686f756768742074686973206d6f7669652077617320617766756c2c2049206469736c696b65642069742e200a436f6e636c7573696f6e3a2054686973206d6f766965206973,2f3aaecef7f086c9bfd26b85a34ecdc5640448a071c16e9f2b05648608f2b130,4b10b87a6258f566760a4efe1abcf0cb6efb7d72f3eb641be7a4a4ebbb3a15e7,"[50256, 40, 1807, 428, 3807, 373, 4998, 11, 314, 6151, 340, 13, 220, 198, 21481, 25, 770, 3807, 318]","[50256, 40, 1807, 428, 3807, 373, 12659, 11, 314, 43252, 340, 13, 220, 198, 21481, 25, 770, 3807, 318]",19,19,True,,,,
toy_train,3,toy-train-neg-001,toy-train-pos-002,0,1,"I thought this movie was awful, I disliked it. 
Conclusion: This movie is","I thought this movie was awesome, I liked it. 
Conclusion: This movie is","'I thought this movie was awful, I disliked it. \nConclusion: This movie is'","'I thought this movie was awesome, I liked it. \nConclusion: This movie is'",492074686f756768742074686973206d6f7669652077617320617766756c2c2049206469736c696b65642069742e200a436f6e636c7573696f6e3a2054686973206d6f766965206973,492074686f756768742074686973206d6f7669652077617320617765736f6d652c2049206c696b65642069742e200a436f6e636c7573696f6e3a2054686973206d6f766965206973,4b10b87a6258f566760a4efe1abcf0cb6efb7d72f3eb641be7a4a4ebbb3a15e7,1068b25c6dfc221ab3269d93aa2cfe794cece10e4a6362c459d4c4abd819941e,"[50256, 40, 1807, 428, 3807, 373, 12659, 11, 314, 43252, 340, 13, 220, 198, 21481, 25, 770, 3807, 318]","[50256, 40, 1807, 428, 3807, 373, 7427, 11, 314, 8288, 340, 13, 220, 198, 21481, 25, 770, 3807, 318]",19,19,True,,,,
toy_train,4,toy-train-pos-002,toy-train-neg-002,1,0,"I thought this movie was awesome, I liked it. 
Conclusion: This movie is","I thought this movie was bad, I despised it. 
Conclusion: This movie is","'I thought this movie was awesome, I liked it. \nConclusion: This movie is'","'I thought this movie was bad, I despised it. \nConclusion: This movie is'",492074686f756768742074686973206d6f7669652077617320617765736f6d652c2049206c696b65642069742e200a436f6e636c7573696f6e3a2054686973206d6f766965206973,492074686f756768742074686973206d6f76696520776173206261642c20492064657370697365642069742e200a436f6e636c7573696f6e3a2054686973206d6f766965206973,1068b25c6dfc221ab3269d93aa2cfe794cece10e4a6362c459d4c4abd819941e,ca1873a979d0a95f44d6d796bee17bfe3e94751a4ee3a2d90476392f1b92a957,"[50256, 40, 1807, 428, 3807, 373, 7427, 11, 314, 8288, 340, 13, 220, 198, 21481, 25, 770, 3807, 318]","[50256, 40, 1807, 428, 3807, 373, 2089, 11, 314, 44990, 340, 13, 220, 198, 21481, 25, 770, 3807, 318]",19,19,True,,,,
toy_train,5,toy-train-neg-002,toy-train-pos-003,0,1,"I thought this movie was bad, I despised it. 
Conclusion: This movie is","I thought this movie was beautiful, I appreciated it. 
Conclusion: This movie is","'I thought this movie was bad, I despised it. \nConclusion: This movie is'","'I thought this movie was beautiful, I appreciated it. \nConclusion: This movie is'",492074686f756768742074686973206d6f76696520776173206261642c20492064657370697365642069742e200a436f6e636c7573696f6e3a2054686973206d6f766965206973,492074686f756768742074686973206d6f766965207761732062656175746966756c2c20492061707072656369617465642069742e200a436f6e636c7573696f6e3a2054686973206d6f766965206973,ca1873a979d0a95f44d6d796bee17bfe3e94751a4ee3a2d90476392f1b92a957,74a299535ed89cef1054b821a2294c14375d9bff5db127989fb36cd5f3c4cddc,"[50256, 40, 1807, 428, 3807, 373, 2089, 11, 314, 44990, 340, 13, 220, 198, 21481, 25, 770, 3807, 318]","[50256, 40, 1807, 428, 3807, 373, 4950, 11, 314, 16373, 340, 13, 220, 198, 21481, 25, 770, 3807, 318]",19,19,True,,,,
toy_train,6,toy-train-pos-003,toy-train-neg-003,1,0,"I thought this movie was beautiful, I appreciated it. 
Conclusion: This movie is","I thought this movie was boring, I hated it. 
Conclusion: This movie is","'I thought this movie was beautiful, I appreciated it. \nConclusion: This movie is'","'I thought this movie was boring, I hated it. \nConclusion: This movie is'",492074686f756768742074686973206d6f766965207761732062656175746966756c2c20492061707072656369617465642069742e200a436f6e636c7573696f6e3a2054686973206d6f766965206973,492074686f756768742074686973206d6f7669652077617320626f72696e672c20492068617465642069742e200a436f6e636c7573696f6e3a2054686973206d6f766965206973,74a299535ed89cef1054b821a2294c14375d9bff5db127989fb36cd5f3c4cddc,985bad9d0f1cec9cca1b4a6ec4f8399b84e8b10a166f26eac3a2dbe1ca89f4f0,"[50256, 40, 1807, 428, 3807, 373, 4950, 11, 314, 16373, 340, 13, 220, 198, 21481, 25, 770, 3807, 318]","[50256, 40, 1807, 428, 3807, 373, 14262, 11, 314, 16563, 340, 13, 220, 198, 21481, 25, 770, 3807, 318]",19,19,True,,,,
toy_train,7,toy-train-neg-003,toy-train-pos-004,0,1,"I thought this movie was boring, I hated it. 
Conclusion: This movie is","I thought this movie was brilliant, I admired it. 
Conclusion: This movie is","'I thought this movie was boring, I hated it. \nConclusion: This movie is'","'I thought this movie was brilliant, I admired it. \nConclusion: This movie is'",492074686f756768742074686973206d6f7669652077617320626f72696e672c20492068617465642069742e200a436f6e636c7573696f6e3a2054686973206d6f766965206973,492074686f756768742074686973206d6f76696520776173206272696c6c69616e742c20492061646d697265642069742e200a436f6e636c7573696f6e3a2054686973206d6f766965206973,985bad9d0f1cec9cca1b4a6ec4f8399b84e8b10a166f26eac3a2dbe1ca89f4f0,a6c66b506260eaa4acbccc61a7a9264b2c7682cb0f55763d89ea9c959ead560a,"[50256, 40, 1807, 428, 3807, 373, 14262, 11, 314, 16563, 340, 13, 220, 198, 21481, 25, 770, 3807, 318]","[50256, 40, 1807, 428, 3807, 373, 10457, 11, 314, 29382, 340, 13, 220, 198, 21481, 25, 770, 3807, 318]",19,19,True,,,,
toy_train,8,toy-train-pos-004,toy-train-neg-004,1,0,"I thought this movie was brilliant, I admired it. 
Conclusion: This movie is","I thought this movie was depressing, I disliked it. 
Conclusion: This movie is","'I thought this movie was brilliant, I admired it. \nConclusion: This movie is'","'I thought this movie was depressing, I disliked it. \nConclusion: This movie is'",492074686f756768742074686973206d6f76696520776173206272696c6c69616e742c20492061646d697265642069742e200a436f6e636c7573696f6e3a2054686973206d6f766965206973,492074686f756768742074686973206d6f766965207761732064657072657373696e672c2049206469736c696b65642069742e200a436f6e636c7573696f6e3a2054686973206d6f766965206973,a6c66b506260eaa4acbccc61a7a9264b2c7682cb0f55763d89ea9c959ead560a,b6e18cbda68bd41c2b2aeb1c3c0acfc0c3a0eefb779a98b98d7a81f1538ddde3,"[50256, 40, 1807, 428, 3807, 373, 10457, 11, 314, 29382, 340, 13, 220, 198, 21481, 25, 770, 3807, 318]","[50256, 40, 1807, 428, 3807, 373, 31193, 11, 314, 43252, 340, 13, 220, 198, 21481, 25, 770, 3807, 318]",19,19,True,,,,
toy_train,9,toy-train-neg-004,toy-train-pos-005,0,1,"I thought this movie was depressing, I disliked it. 
Conclusion: This movie is","I thought this movie was charming, I enjoyed it. 
Conclusion: This movie is","'I thought this movie was depressing, I disliked it. \nConclusion: This movie is'","'I thought this movie was charming, I enjoyed it. \nConclusion: This movie is'",492074686f756768742074686973206d6f766965207761732064657072657373696e672c2049206469736c696b65642069742e200a436f6e636c7573696f6e3a2054686973206d6f766965206973,492074686f756768742074686973206d6f7669652077617320636861726d696e672c204920656e6a6f7965642069742e200a436f6e636c7573696f6e3a2054686973206d6f766965206973,b6e18cbda68bd41c2b2aeb1c3c0acfc0c3a0eefb779a98b98d7a81f1538ddde3,0f7d3cee7a9bbf650326001829a13cae033c3f9931f280cc8ab87806d88431c5,"[50256, 40, 1807, 428, 3807, 373, 31193, 11, 314, 43252, 340, 13, 220, 198, 21481, 25, 770, 3807, 318]","[50256, 40, 1807, 428, 3807, 373, 23332, 11, 314, 8359, 340, 13, 220, 198, 21481, 25, 770, 3807, 318]",19,19,True,,,,
toy_train,10,toy-train-pos-005,toy-train-neg-005,1,0,"I thought this movie was charming, I enjoyed it. 
Conclusion: This movie is","I thought this movie was disastrous, I despised it. 
Conclusion: This movie is","'I thought this movie was charming, I enjoyed it. \nConclusion: This movie is'","'I thought this movie was disastrous, I despised it. \nConclusion: This movie is'",492074686f756768742074686973206d6f7669652077617320636861726d696e672c204920656e6a6f7965642069742e200a436f6e636c7573696f6e3a2054686973206d6f766965206973,492074686f756768742074686973206d6f7669652077617320646973617374726f75732c20492064657370697365642069742e200a436f6e636c7573696f6e3a2054686973206d6f766965206973,0f7d3cee7a9bbf650326001829a13cae033c3f9931f280cc8ab87806d88431c5,16f1a87bafdcb5c981283203ed423a21c3c88366dd038468d29efc249cb59a7e,"[50256, 40, 1807, 428, 3807, 373, 23332, 11, 314, 8359, 340, 13, 220, 198, 21481, 25, 770, 3807, 318]","[50256, 40, 1807, 428, 3807, 373, 20756, 11, 314, 44990, 340, 13, 220, 198, 21481, 25, 770, 3807, 318]",19,19,True,,,,
toy_train,11,toy-train-neg-005,toy-train-pos-006,0,1,"I thought this movie was disastrous, I despised it. 
Conclusion: This movie is","I thought this movie was cheerful, I loved it. 
Conclusion: This movie is","'I thought this movie was disastrous, I despised it. \nConclusion: This movie is'","'I thought this movie was cheerful, I loved it. \nConclusion: This movie is'",492074686f756768742074686973206d6f7669652077617320646973617374726f75732c20492064657370697365642069742e200a436f6e636c7573696f6e3a2054686973206d6f766965206973,492074686f756768742074686973206d6f7669652077617320636865657266756c2c2049206c6f7665642069742e200a436f6e636c7573696f6e3a2054686973206d6f766965206973,16f1a87bafdcb5c981283203ed423a21c3c88366dd038468d29efc249cb59a7e,8272d47be9ec112c34006582f771691f58c40834398141bff93f7e2d609a988f,"[50256, 40, 1807, 428, 3807, 373, 20756, 11, 314, 44990, 340, 13, 220, 198, 21481, 25, 770, 3807, 318]","[50256, 40, 1807, 428, 3807, 373, 37999, 11, 314, 6151, 340, 13, 220, 198, 21481, 25, 770, 3807, 318]",19,19,True,,,,
toy_train,12,toy-train-pos-006,toy-train-neg-006,1,0,"I thought this movie was cheerful, I loved it. 
Conclusion: This movie is","I thought this movie was disgusting, I hated it. 
Conclusion: This movie is","'I thought this movie was cheerful, I loved it. \nConclusion: This movie is'","'I thought this movie was disgusting, I hated it. \nConclusion: This movie is'",492074686f756768742074686973206d6f7669652077617320636865657266756c2c2049206c6f7665642069742e200a436f6e636c7573696f6e3a2054686973206d6f766965206973,492074686f756768742074686973206d6f766965207761732064697367757374696e672c20492068617465642069742e200a436f6e636c7573696f6e3a2054686973206d6f766965206973,8272d47be9ec112c34006582f771691f58c40834398141bff93f7e2d609a988f,c9e96eeaa6206829fefa37abff3321bb342e5155e3990158558c7e4641c7ad32,"[50256, 40, 1807, 428, 3807, 373, 37999, 11, 314, 6151, 340, 13, 220, 198, 21481, 25, 770, 3807, 318]","[50256, 40, 1807, 428, 3807, 373, 23374, 11, 314, 16563, 340, 13, 220, 198, 21481, 25, 770, 3807, 318]",19,19,True,,,,
toy_train,13,toy-train-neg-006,toy-train-pos-007,0,1,"I thought this movie was disgusting, I hated it. 
Conclusion: This movie is","I thought this movie was decent, I liked it. 
Conclusion: This movie is","'I thought this movie was disgusting, I hated it. \nConclusion: This movie is'","'I thought this movie was decent, I liked it. \nConclusion: This movie is'",492074686f756768742074686973206d6f766965207761732064697367757374696e672c20492068617465642069742e200a436f6e636c7573696f6e3a2054686973206d6f766965206973,492074686f756768742074686973206d6f7669652077617320646563656e742c2049206c696b65642069742e200a436f6e636c7573696f6e3a2054686973206d6f766965206973,c9e96eeaa6206829fefa37abff3321bb342e5155e3990158558c7e4641c7ad32,5243e7a12cc5cd076d43703f2a134bda812b39bf048b7e528eee481b1dd819c4,"[50256, 40, 1807, 428, 3807, 373, 23374, 11, 314, 16563, 340, 13, 220, 198, 21481, 25, 770, 3807, 318]","[50256, 40, 1807, 428, 3807, 373, 7709, 11, 314, 8288, 340, 13, 220, 198, 21481, 25, 770, 3807, 318]",19,19,True,,,,
toy_train,14,toy-train-pos-007,toy-train-neg-007,1,0,"I thought this movie was decent, I liked it. 
Conclusion: This movie is","I thought this movie was dire, I disliked it. 
Conclusion: This movie is","'I thought this movie was decent, I liked it. \nConclusion: This movie is'","'I thought this movie was dire, I disliked it. \nConclusion: This movie is'",492074686f756768742074686973206d6f7669652077617320646563656e742c2049206c696b65642069742e200a436f6e636c7573696f6e3a2054686973206d6f766965206973,492074686f756768742074686973206d6f7669652077617320646972652c2049206469736c696b65642069742e200a436f6e636c7573696f6e3a2054686973206d6f766965206973,5243e7a12cc5cd076d43703f2a134bda812b39bf048b7e528eee481b1dd819c4,6fd2132706b1c23db5214c587a1f139fad8b6e9386247058ceb483e92abef1f4,"[50256, 40, 1807, 428, 3807, 373, 7709, 11, 314, 8288, 340, 13, 220, 198, 21481, 25, 770, 3807, 318]","[50256, 40, 1807, 428, 3807, 373, 19958, 11, 314, 43252, 340, 13, 220, 198, 21481, 25, 770, 3807, 318]",19,19,True,,,,
toy_train,15,toy-train-neg-007,toy-train-pos-008,0,1,"I thought this movie was dire, I disliked it. 
Conclusion: This movie is","I thought this movie was delightful, I appreciated it. 
Conclusion: This movie is","'I thought this movie was dire, I disliked it. \nConclusion: This movie is'","'I thought this movie was delightful, I appreciated it. \nConclusion: This movie is'",492074686f756768742074686973206d6f7669652077617320646972652c2049206469736c696b65642069742e200a436f6e636c7573696f6e3a2054686973206d6f766965206973,492074686f756768742074686973206d6f766965207761732064656c6967687466756c2c20492061707072656369617465642069742e200a436f6e636c7573696f6e3a2054686973206d6f766965206973,6fd2132706b1c23db5214c587a1f139fad8b6e9386247058ceb483e92abef1f4,9efbab5d640e17be02b3bcd63b8367e28a43aa5c5a24a016f1547c479b4b4dca,"[50256, 40, 1807, 428, 3807, 373, 19958, 11, 314, 43252, 340, 13, 220, 198, 21481, 25, 770, 3807, 318]","[50256, 40, 1807, 428, 3807, 373, 32327, 11, 314, 16373, 340, 13, 220, 198, 21481, 25, 770, 3807, 318]",19,19,True,,,,
toy_train,16,toy-train-pos-008,toy-train-neg-008,1,0,"I thought this movie was delightful, I appreciated it. 
Conclusion: This movie is","I thought this movie was dreadful, I despised it. 
Conclusion: This movie is","'I thought this movie was delightful, I appreciated it. \nConclusion: This movie is'","'I thought this movie was dreadful, I despised it. \nConclusion: This movie is'",492074686f756768742074686973206d6f766965207761732064656c6967687466756c2c20492061707072656369617465642069742e200a436f6e636c7573696f6e3a2054686973206d6f766965206973,492074686f756768742074686973206d6f7669652077617320647265616466756c2c20492064657370697365642069742e200a436f6e636c7573696f6e3a2054686973206d6f766965206973,9efbab5d640e17be02b3bcd63b8367e28a43aa5c5a24a016f1547c479b4b4dca,e0ee5336679f909be36921ee92b48600b73db036ae6bacd86aab833c48629507,"[50256, 40, 1807, 428, 3807, 373, 32327, 11, 314, 16373, 340, 13, 220, 198, 21481, 25, 770, 3807, 318]","[50256, 40, 1807, 428, 3807, 373, 35483, 11, 314, 44990, 340, 13, 220, 198, 21481, 25, 770, 3807, 318]",19,19,True,,,,
toy_train,17,toy-train-neg-008,toy-train-pos-009,0,1,"I thought this movie was dreadful, I despised it. 
Conclusion: This movie is","I thought this movie was excellent, I admired it. 
Conclusion: This movie is","'I thought this movie was dreadful, I despised it. \nConclusion: This movie is'","'I thought this movie was excellent, I admired it. \nConclusion: This movie is'",492074686f756768742074686973206d6f7669652077617320647265616466756c2c20492064657370697365642069742e200a436f6e636c7573696f6e3a2054686973206d6f766965206973,492074686f756768742074686973206d6f7669652077617320657863656c6c656e742c20492061646d697265642069742e200a436f6e636c7573696f6e3a2054686973206d6f766965206973,e0ee5336679f909be36921ee92b48600b73db036ae6bacd86aab833c48629507,bc5d8bcc510da95b52d2fd4c53c277c8375994d72b2d0cc55e1128f3b8806638,"[50256, 40, 1807, 428, 3807, 373, 35483, 11, 314, 44990, 340, 13, 220, 198, 21481, 25, 770, 3807, 318]","[50256, 40, 1807, 428, 3807, 373, 6275, 11, 314, 29382, 340, 13, 220, 198, 21481, 25, 770, 3807, 318]",19,19,True,,,,
toy_train,18,toy-train-pos-009,toy-train-neg-009,1,0,"I thought this movie was excellent, I admired it. 
Conclusion: This movie is","I thought this movie was dull, I hated it. 
Conclusion: This movie is","'I thought this movie was excellent, I admired it. \nConclusion: This movie is'","'I thought this movie was dull, I hated it. \nConclusion: This movie is'",492074686f756768742074686973206d6f7669652077617320657863656c6c656e742c20492061646d697265642069742e200a436f6e636c7573696f6e3a2054686973206d6f766965206973,492074686f756768742074686973206d6f766965207761732064756c6c2c20492068617465642069742e200a436f6e636c7573696f6e3a2054686973206d6f766965206973,bc5d8bcc510da95b52d2fd4c53c277c8375994d72b2d0cc55e1128f3b8806638,b0ef598eb86953f2dc90d78adaecd137b76903963ebdb7bdca3303c3fb9f4d52,"[50256, 40, 1807, 428, 3807, 373, 6275, 11, 314, 29382, 340, 13, 220, 198, 21481, 25, 770, 3807, 318]","[50256, 40, 1807, 428, 3807, 373, 19222, 11, 314, 16563, 340, 13, 220, 198, 21481, 25, 770, 3807, 318]",19,19,True,,,,
toy_train,19,toy-train-neg-009,toy-train-pos-010,0,1,"I thought this movie was dull, I hated it. 
Conclusion: This movie is","I thought this movie was exceptional, I enjoyed it. 
Conclusion: This movie is","'I thought this movie was dull, I hated it. \nConclusion: This movie is'","'I thought this movie was exceptional, I enjoyed it. \nConclusion: This movie is'",492074686f756768742074686973206d6f766965207761732064756c6c2c20492068617465642069742e200a436f6e636c7573696f6e3a2054686973206d6f766965206973,492074686f756768742074686973206d6f7669652077617320657863657074696f6e616c2c204920656e6a6f7965642069742e200a436f6e636c7573696f6e3a2054686973206d6f766965206973,b0ef598eb86953f2dc90d78adaecd137b76903963ebdb7bdca3303c3fb9f4d52,53217e1c5d5cf048fef14bd30e7a464d0dae2a6693d7aead36ae23887a644dde,"[50256, 40, 1807, 428, 3807, 373, 19222, 11, 314, 16563, 340, 13, 220, 198, 21481, 25, 770, 3807, 318]","[50256, 40, 1807, 428, 3807, 373, 15313, 11, 314, 8359, 340, 13, 220, 198, 21481, 25, 770, 3807, 318]",19,19,True,,,,
toy_train,20,toy-train-pos-010,toy-train-neg-010,1,0,"I thought this movie was exceptional, I enjoyed it. 
Conclusion: This movie is","I thought this movie was frustrating, I disliked it. 
Conclusion: This movie is","'I thought this movie was exceptional, I enjoyed it. \nConclusion: This movie is'","'I thought this movie was frustrating, I disliked it. \nConclusion: This movie is'",492074686f756768742074686973206d6f7669652077617320657863657074696f6e616c2c204920656e6a6f7965642069742e200a436f6e636c7573696f6e3a2054686973206d6f766965206973,492074686f756768742074686973206d6f76696520776173206672757374726174696e672c2049206469736c696b65642069742e200a436f6e636c7573696f6e3a2054686973206d6f766965206973,53217e1c5d5cf048fef14bd30e7a464d0dae2a6693d7aead36ae23887a644dde,864f009e24dd43f1d7d30e01f8cc0c1fcedcb785aba410836f1d343328092a64,"[50256, 40, 1807, 428, 3807, 373, 15313, 11, 314, 8359, 340, 13, 220, 198, 21481, 25, 770, 3807, 318]","[50256, 40, 1807, 428, 3807, 373, 16655, 11, 314, 43252, 340, 13, 220, 198, 21481, 25, 770, 3807, 318]",19,19,True,,,,
toy_train,21,toy-train-neg-010,toy-train-pos-011,0,1,"I thought this movie was frustrating, I disliked it. 
Conclusion: This movie is","I thought this movie was fabulous, I loved it. 
Conclusion: This movie is","'I thought this movie was frustrating, I disliked it. \nConclusion: This movie is'","'I thought this movie was fabulous, I loved it. \nConclusion: This movie is'",492074686f756768742074686973206d6f76696520776173206672757374726174696e672c2049206469736c696b65642069742e200a436f6e636c7573696f6e3a2054686973206d6f766965206973,492074686f756768742074686973206d6f7669652077617320666162756c6f75732c2049206c6f7665642069742e200a436f6e636c7573696f6e3a2054686973206d6f766965206973,864f009e24dd43f1d7d30e01f8cc0c1fcedcb785aba410836f1d343328092a64,6408008dbe93b0e098b1a12aeeb9b596cebe260c980a9c705d33b0617dd2f37c,"[50256, 40, 1807, 428, 3807, 373, 16655, 11, 314, 43252, 340, 13, 220, 198, 21481, 25, 770, 3807, 318]","[50256, 40, 1807, 428, 3807, 373, 28294, 11, 314, 6151, 340, 13, 220, 198, 21481, 25, 770, 3807, 318]",19,19,True,,,,
toy_train,22,toy-train-pos-011,toy-train-neg-011,1,0,"I thought this movie was fabulous, I loved it. 
Conclusion: This movie is","I thought this movie was horrific, I despised it. 
Conclusion: This movie is","'I thought this movie was fabulous, I loved it. \nConclusion: This movie is'","'I thought this movie was horrific, I despised it. \nConclusion: This movie is'",492074686f756768742074686973206d6f7669652077617320666162756c6f75732c2049206c6f7665642069742e200a436f6e636c7573696f6e3a2054686973206d6f766965206973,492074686f756768742074686973206d6f7669652077617320686f7272696669632c20492064657370697365642069742e200a436f6e636c7573696f6e3a2054686973206d6f766965206973,6408008dbe93b0e098b1a12aeeb9b596cebe260c980a9c705d33b0617dd2f37c,b51944fbc41c7022f6d9f66b2555da38dafe81fe665c0c3cdb889f5dacce11c3,"[50256, 40, 1807, 428, 3807, 373, 28294, 11, 314, 6151, 340, 13, 220, 198, 21481, 25, 770, 3807, 318]","[50256, 40, 1807, 428, 3807, 373, 19447, 11, 314, 44990, 340, 13, 220, 198, 21481, 25, 770, 3807, 318]",19,19,True,,,,
toy_train,23,toy-train-neg-011,toy-train-pos-012,0,1,"I thought this movie was horrific, I despised it. 
Conclusion: This movie is","I thought this movie was fantastic, I liked it. 
Conclusion: This movie is","'I thought this movie was horrific, I despised it. \nConclusion: This movie is'","'I thought this movie was fantastic, I liked it. \nConclusion: This movie is'",492074686f756768742074686973206d6f7669652077617320686f7272696669632c20492064657370697365642069742e200a436f6e636c7573696f6e3a2054686973206d6f766965206973,492074686f756768742074686973206d6f766965207761732066616e7461737469632c2049206c696b65642069742e200a436f6e636c7573696f6e3a2054686973206d6f766965206973,b51944fbc41c7022f6d9f66b2555da38dafe81fe665c0c3cdb889f5dacce11c3,d3ca5c15a227be5110b4605ee1ee1628f4615c77c9b2ef9d6530a039650c7492,"[50256, 40, 1807, 428, 3807, 373, 19447, 11, 314, 44990, 340, 13, 220, 198, 21481, 25, 770, 3807, 318]","[50256, 40, 1807, 428, 3807, 373, 9623, 11, 314, 8288, 340, 13, 220, 198, 21481, 25, 770, 3807, 318]",19,19,True,,,,
toy_train,24,toy-train-pos-012,toy-train-neg-012,1,0,"I thought this movie was fantastic, I liked it. 
Conclusion: This movie is","I thought this movie was horrible, I hated it. 
Conclusion: This movie is","'I thought this movie was fantastic, I liked it. \nConclusion: This movie is'","'I thought this movie was horrible, I hated it. \nConclusion: This movie is'",492074686f756768742074686973206d6f766965207761732066616e7461737469632c2049206c696b65642069742e200a436f6e636c7573696f6e3a2054686973206d6f766965206973,492074686f756768742074686973206d6f7669652077617320686f727269626c652c20492068617465642069742e200a436f6e636c7573696f6e3a2054686973206d6f766965206973,d3ca5c15a227be5110b4605ee1ee1628f4615c77c9b2ef9d6530a039650c7492,4806ddad7ff95949a593044f618ccd0495dedfa79c09125bd4fc4e31d928f42a,"[50256, 40, 1807, 428, 3807, 373, 9623, 11, 314, 8288, 340, 13, 220, 198, 21481, 25, 770, 3807, 318]","[50256, 40, 1807, 428, 3807, 373, 12361, 11, 314, 16563, 340, 13, 220, 198, 21481, 25, 770, 3807, 318]",19,19,True,,,,
toy_train,25,toy-train-neg-012,toy-train-pos-013,0,1,"I thought this movie was horrible, I hated it. 
Conclusion: This movie is","I thought this movie was good, I appreciated it. 
Conclusion: This movie is","'I thought this movie was horrible, I hated it. \nConclusion: This movie is'","'I thought this movie was good, I appreciated it. \nConclusion: This movie is'",492074686f756768742074686973206d6f7669652077617320686f727269626c652c20492068617465642069742e200a436f6e636c7573696f6e3a2054686973206d6f766965206973,492074686f756768742074686973206d6f7669652077617320676f6f642c20492061707072656369617465642069742e200a436f6e636c7573696f6e3a2054686973206d6f766965206973,4806ddad7ff95949a593044f618ccd0495dedfa79c09125bd4fc4e31d928f42a,0d05777d857d640a0f65014d82166c2b6345a86e771d8fbbae19cfcf896d7487,"[50256, 40, 1807, 428, 3807, 373, 12361, 11, 314, 16563, 340, 13, 220, 198, 21481, 25, 770, 3807, 318]","[50256, 40, 1807, 428, 3807, 373, 922, 11, 314, 16373, 340, 13, 220, 198, 21481, 25, 770, 3807, 318]",19,19,True,,,,
toy_train,26,toy-train-pos-013,toy-train-neg-013,1,0,"I thought this movie was good, I appreciated it. 
Conclusion: This movie is","I thought this movie was inadequate, I disliked it. 
Conclusion: This movie is","'I thought this movie was good, I appreciated it. \nConclusion: This movie is'","'I thought this movie was inadequate, I disliked it. \nConclusion: This movie is'",492074686f756768742074686973206d6f7669652077617320676f6f642c20492061707072656369617465642069742e200a436f6e636c7573696f6e3a2054686973206d6f766965206973,492074686f756768742074686973206d6f7669652077617320696e61646571756174652c2049206469736c696b65642069742e200a436f6e636c7573696f6e3a2054686973206d6f766965206973,0d05777d857d640a0f65014d82166c2b6345a86e771d8fbbae19cfcf896d7487,6bdd4a380c865ed34f6c16d02b3c16b49f6e8f46d4bc4a4374f4808e88666b45,"[50256, 40, 1807, 428, 3807, 373, 922, 11, 314, 16373, 340, 13, 220, 198, 21481, 25, 770, 3807, 318]","[50256, 40, 1807, 428, 3807, 373, 20577, 11, 314, 43252, 340, 13, 220, 198, 21481, 25, 770, 3807, 318]",19,19,True,,,,
toy_train,27,toy-train-neg-013,toy-train-pos-014,0,1,"I thought this movie was inadequate, I disliked it. 
Conclusion: This movie is","I thought this movie was great, I admired it. 
Conclusion: This movie is","'I thought this movie was inadequate, I disliked it. \nConclusion: This movie is'","'I thought this movie was great, I admired it. \nConclusion: This movie is'",492074686f756768742074686973206d6f7669652077617320696e61646571756174652c2049206469736c696b65642069742e200a436f6e636c7573696f6e3a2054686973206d6f766965206973,492074686f756768742074686973206d6f766965207761732067726561742c20492061646d697265642069742e200a436f6e636c7573696f6e3a2054686973206d6f766965206973,6bdd4a380c865ed34f6c16d02b3c16b49f6e8f46d4bc4a4374f4808e88666b45,6aec5dd165ab2e67ee210ec72e3866bbc4498bb91bf94217a8cb869ca533d156,"[50256, 40, 1807, 428, 3807, 373, 20577, 11, 314, 43252, 340, 13, 220, 198, 21481, 25, 770, 3807, 318]","[50256, 40, 1807, 428, 3807, 373, 1049, 11, 314, 29382, 340, 13, 220, 198, 21481, 25, 770, 3807, 318]",19,19,True,,,,
toy_train,28,toy-train-pos-014,toy-train-neg-014,1,0,"I thought this movie was great, I admired it. 
Conclusion: This movie is","I thought this movie was inferior, I despised it. 
Conclusion: This movie is","'I thought this movie was great, I admired it. \nConclusion: This movie is'","'I thought this movie was inferior, I despised it. \nConclusion: This movie is'",492074686f756768742074686973206d6f766965207761732067726561742c20492061646d697265642069742e200a436f6e636c7573696f6e3a2054686973206d6f766965206973,492074686f756768742074686973206d6f7669652077617320696e666572696f722c20492064657370697365642069742e200a436f6e636c7573696f6e3a2054686973206d6f766965206973,6aec5dd165ab2e67ee210ec72e3866bbc4498bb91bf94217a8cb869ca533d156,5c0ecb319c3f2b9bc34a2d91bd652af943da2fe3118f8438ebd9e8bc26b65d85,"[50256, 40, 1807, 428, 3807, 373, 1049, 11, 314, 29382, 340, 13, 220, 198, 21481, 25, 770, 3807, 318]","[50256, 40, 1807, 428, 3807, 373, 18536, 11, 314, 44990, 340, 13, 220, 198, 21481, 25, 770, 3807, 318]",19,19,True,,,,
toy_train,29,toy-train-neg-014,toy-train-pos-015,0,1,"I thought this movie was inferior, I despised it. 
Conclusion: This movie is","I thought this movie was incredible, I enjoyed it. 
Conclusion: This movie is","'I thought this movie was inferior, I despised it. \nConclusion: This movie is'","'I thought this movie was incredible, I enjoyed it. \nConclusion: This movie is'",492074686f756768742074686973206d6f7669652077617320696e666572696f722c20492064657370697365642069742e200a436f6e636c7573696f6e3a2054686973206d6f766965206973,492074686f756768742074686973206d6f7669652077617320696e6372656469626c652c204920656e6a6f7965642069742e200a436f6e636c7573696f6e3a2054686973206d6f766965206973,5c0ecb319c3f2b9bc34a2d91bd652af943da2fe3118f8438ebd9e8bc26b65d85,d1b71ec5b317875b6b5460bffba8f106db42a5067f8fb30620a2164f8fda3f76,"[50256, 40, 1807, 428, 3807, 373, 18536, 11, 314, 44990, 340, 13, 220, 198, 21481, 25, 770, 3807, 318]","[50256, 40, 1807, 428, 3807, 373, 8082, 11, 314, 8359, 340, 13, 220, 198, 21481, 25, 770, 3807, 318]",19,19,True,,,,
toy_train,30,toy-train-pos-015,toy-train-neg-015,1,0,"I thought this movie was incredible, I enjoyed it. 
Conclusion: This movie is","I thought this movie was miserable, I hated it. 
Conclusion: This movie is","'I thought this movie was incredible, I enjoyed it. \nConclusion: This movie is'","'I thought this movie was miserable, I hated it. \nConclusion: This movie is'",492074686f756768742074686973206d6f7669652077617320696e6372656469626c652c204920656e6a6f7965642069742e200a436f6e636c7573696f6e3a2054686973206d6f766965206973,492074686f756768742074686973206d6f76696520776173206d6973657261626c652c20492068617465642069742e200a436f6e636c7573696f6e3a2054686973206d6f766965206973,d1b71ec5b317875b6b5460bffba8f106db42a5067f8fb30620a2164f8fda3f76,cc32319c30c09d767eedb518b6e062a19749ac48d72520fd526c576d082b1b53,"[50256, 40, 1807, 428, 3807, 373, 8082, 11, 314, 8359, 340, 13, 220, 198, 21481, 25, 770, 3807, 318]","[50256, 40, 1807, 428, 3807, 373, 22444, 11, 314, 16563, 340, 13, 220, 198, 21481, 25, 770, 3807, 318]",19,19,True,,,,
toy_train,31,toy-train-neg-015,toy-train-pos-016,0,1,"I thought this movie was miserable, I hated it. 
Conclusion: This movie is","I thought this movie was extraordinary, I loved it. 
Conclusion: This movie is","'I thought this movie was miserable, I hated it. \nConclusion: This movie is'","'I thought this movie was extraordinary, I loved it. \nConclusion: This movie is'",492074686f756768742074686973206d6f76696520776173206d6973657261626c652c20492068617465642069742e200a436f6e636c7573696f6e3a2054686973206d6f766965206973,492074686f756768742074686973206d6f766965207761732065787472616f7264696e6172792c2049206c6f7665642069742e200a436f6e636c7573696f6e3a2054686973206d6f766965206973,cc32319c30c09d767eedb518b6e062a19749ac48d72520fd526c576d082b1b53,21d6a35a8b3ae9b471baee61717750321586111cd8af1099361ea2158c390afe,"[50256, 40, 1807, 428, 3807, 373, 22444, 11, 314, 16563, 340, 13, 220, 198, 21481, 25, 770, 3807, 318]","[50256, 40, 1807, 428, 3807, 373, 11359, 11, 314, 6151, 340, 13, 220, 198, 21481, 25, 770, 3807, 318]",19,19,True,,,,
toy_train,32,toy-train-pos-016,toy-train-neg-016,1,0,"I thought this movie was extraordinary, I loved it. 
Conclusion: This movie is","I thought this movie was nasty, I disliked it. 
Conclusion: This movie is","'I thought this movie was extraordinary, I loved it. \nConclusion: This movie is'","'I thought this movie was nasty, I disliked it. \nConclusion: This movie is'",492074686f756768742074686973206d6f766965207761732065787472616f7264696e6172792c2049206c6f7665642069742e200a436f6e636c7573696f6e3a2054686973206d6f766965206973,492074686f756768742074686973206d6f76696520776173206e617374792c2049206469736c696b65642069742e200a436f6e636c7573696f6e3a2054686973206d6f766965206973,21d6a35a8b3ae9b471baee61717750321586111cd8af1099361ea2158c390afe,ed33b909f1969b31eb5c1a22eea46b0c96faaad4ba918031744443fc89048559,"[50256, 40, 1807, 428, 3807, 373, 11359, 11, 314, 6151, 340, 13, 220, 198, 21481, 25, 770, 3807, 318]","[50256, 40, 1807, 428, 3807, 373, 17166, 11, 314, 43252, 340, 13, 220, 198, 21481, 25, 770, 3807, 318]",19,19,True,,,,
toy_train,33,toy-train-neg-016,toy-train-pos-017,0,1,"I thought this movie was nasty, I disliked it. 
Conclusion: This movie is","I thought this movie was lovely, I liked it. 
Conclusion: This movie is","'I thought this movie was nasty, I disliked it. \nConclusion: This movie is'","'I thought this movie was lovely, I liked it. \nConclusion: This movie is'",492074686f756768742074686973206d6f76696520776173206e617374792c2049206469736c696b65642069742e200a436f6e636c7573696f6e3a2054686973206d6f766965206973,492074686f756768742074686973206d6f76696520776173206c6f76656c792c2049206c696b65642069742e200a436f6e636c7573696f6e3a2054686973206d6f766965206973,ed33b909f1969b31eb5c1a22eea46b0c96faaad4ba918031744443fc89048559,14278874eefcf0fd4387bec67011a0a5ab79a8d542ffebcc9a01df93c46b8ae9,"[50256, 40, 1807, 428, 3807, 373, 17166, 11, 314, 43252, 340, 13, 220, 198, 21481, 25, 770, 3807, 318]","[50256, 40, 1807, 428, 3807, 373, 14081, 11, 314, 8288, 340, 13, 220, 198, 21481, 25, 770, 3807, 318]",19,19,True,,,,
toy_train,34,toy-train-pos-017,toy-train-neg-017,1,0,"I thought this movie was lovely, I liked it. 
Conclusion: This movie is","I thought this movie was offensive, I despised it. 
Conclusion: This movie is","'I thought this movie was lovely, I liked it. \nConclusion: This movie is'","'I thought this movie was offensive, I despised it. \nConclusion: This movie is'",492074686f756768742074686973206d6f76696520776173206c6f76656c792c2049206c696b65642069742e200a436f6e636c7573696f6e3a2054686973206d6f766965206973,492074686f756768742074686973206d6f76696520776173206f6666656e736976652c20492064657370697365642069742e200a436f6e636c7573696f6e3a2054686973206d6f766965206973,14278874eefcf0fd4387bec67011a0a5ab79a8d542ffebcc9a01df93c46b8ae9,49a5ee2eade3bee51b7089ff11c5d1c2da609ed5b87f41c205b6269539ade64e,"[50256, 40, 1807, 428, 3807, 373, 14081, 11, 314, 8288, 340, 13, 220, 198, 21481, 25, 770, 3807, 318]","[50256, 40, 1807, 428, 3807, 373, 5859, 11, 314, 44990, 340, 13, 220, 198, 21481, 25, 770, 3807, 318]",19,19,True,,,,
toy_train,35,toy-train-neg-017,toy-train-pos-018,0,1,"I thought this movie was offensive, I despised it. 
Conclusion: This movie is","I thought this movie was nice, I appreciated it. 
Conclusion: This movie is","'I thought this movie was offensive, I despised it. \nConclusion: This movie is'","'I thought this movie was nice, I appreciated it. \nConclusion: This movie is'",492074686f756768742074686973206d6f76696520776173206f6666656e736976652c20492064657370697365642069742e200a436f6e636c7573696f6e3a2054686973206d6f766965206973,492074686f756768742074686973206d6f76696520776173206e6963652c20492061707072656369617465642069742e200a436f6e636c7573696f6e3a2054686973206d6f766965206973,49a5ee2eade3bee51b7089ff11c5d1c2da609ed5b87f41c205b6269539ade64e,b76165a76b5c037988c846b09beb396a7f20ad6082bc8ac87dbc95312ac4838c,"[50256, 40, 1807, 428, 3807, 373, 5859, 11, 314, 44990, 340, 13, 220, 198, 21481, 25, 770, 3807, 318]","[50256, 40, 1807, 428, 3807, 373, 3621, 11, 314, 16373, 340, 13, 220, 198, 21481, 25, 770, 3807, 318]",19,19,True,,,,
toy_train,36,toy-train-pos-018,toy-train-neg-018,1,0,"I thought this movie was nice, I appreciated it. 
Conclusion: This movie is","I thought this movie was disappointing, I hated it. 
Conclusion: This movie is","'I thought this movie was nice, I appreciated it. \nConclusion: This movie is'","'I thought this movie was disappointing, I hated it. \nConclusion: This movie is'",492074686f756768742074686973206d6f76696520776173206e6963652c20492061707072656369617465642069742e200a436f6e636c7573696f6e3a2054686973206d6f766965206973,492074686f756768742074686973206d6f76696520776173206469736170706f696e74696e672c20492068617465642069742e200a436f6e636c7573696f6e3a2054686973206d6f766965206973,b76165a76b5c037988c846b09beb396a7f20ad6082bc8ac87dbc95312ac4838c,d98f763e771e6a936f98ccf298eb346222d11992ecf28bfdb647875a4a06976c,"[50256, 40, 1807, 428, 3807, 373, 3621, 11, 314, 16373, 340, 13, 220, 198, 21481, 25, 770, 3807, 318]","[50256, 40, 1807, 428, 3807, 373, 17185, 11, 314, 16563, 340, 13, 220, 198, 21481, 25, 770, 3807, 318]",19,19,True,,,,
toy_train,37,toy-train-neg-018,toy-train-pos-019,0,1,"I thought this movie was disappointing, I hated it. 
Conclusion: This movie is","I thought this movie was outstanding, I admired it. 
Conclusion: This movie is","'I thought this movie was disappointing, I hated it. \nConclusion: This movie is'","'I thought this movie was outstanding, I admired it. \nConclusion: This movie is'",492074686f756768742074686973206d6f76696520776173206469736170706f696e74696e672c20492068617465642069742e200a436f6e636c7573696f6e3a2054686973206d6f766965206973,492074686f756768742074686973206d6f76696520776173206f75747374616e64696e672c20492061646d697265642069742e200a436f6e636c7573696f6e3a2054686973206d6f766965206973,d98f763e771e6a936f98ccf298eb346222d11992ecf28bfdb647875a4a06976c,3c6b5952b3f4a8d3f9aed49b660ff25fb53c98a5f0653fc3a5852f07a37f1dce,"[50256, 40, 1807, 428, 3807, 373, 17185, 11, 314, 16563, 340, 13, 220, 198, 21481, 25, 770, 3807, 318]","[50256, 40, 1807, 428, 3807, 373, 11660, 11, 314, 29382, 340, 13, 220, 198, 21481, 25, 770, 3807, 318]",19,19,True,,,,
toy_train,38,toy-train-pos-019,toy-train-neg-019,1,0,"I thought this movie was outstanding, I admired it. 
Conclusion: This movie is","I thought this movie was terrible, I disliked it. 
Conclusion: This movie is","'I thought this movie was outstanding, I admired it. \nConclusion: This movie is'","'I thought this movie was terrible, I disliked it. \nConclusion: This movie is'",492074686f756768742074686973206d6f76696520776173206f75747374616e64696e672c20492061646d697265642069742e200a436f6e636c7573696f6e3a2054686973206d6f766965206973,492074686f756768742074686973206d6f76696520776173207465727269626c652c2049206469736c696b65642069742e200a436f6e636c7573696f6e3a2054686973206d6f766965206973,3c6b5952b3f4a8d3f9aed49b660ff25fb53c98a5f0653fc3a5852f07a37f1dce,36f2e14023809a641a33164cdaa5ba4c3c5f3b94b92ad25215bcf97aa362d6e1,"[50256, 40, 1807, 428, 3807, 373, 11660, 11, 314, 29382, 340, 13, 220, 198, 21481, 25, 770, 3807, 318]","[50256, 40, 1807, 428, 3807, 373, 7818, 11, 314, 43252, 340, 13, 220, 198, 21481, 25, 770, 3807, 318]",19,19,True,,,,
toy_train,39,toy-train-neg-019,toy-train-pos-020,0,1,"I thought this movie was terrible, I disliked it. 
Conclusion: This movie is","I thought this movie was perfect, I enjoyed it. 
Conclusion: This movie is","'I thought this movie was terrible, I disliked it. \nConclusion: This movie is'","'I thought this movie was perfect, I enjoyed it. \nConclusion: This movie is'",492074686f756768742074686973206d6f76696520776173207465727269626c652c2049206469736c696b65642069742e200a436f6e636c7573696f6e3a2054686973206d6f766965206973,492074686f756768742074686973206d6f7669652077617320706572666563742c204920656e6a6f7965642069742e200a436f6e636c7573696f6e3a2054686973206d6f766965206973,36f2e14023809a641a33164cdaa5ba4c3c5f3b94b92ad25215bcf97aa362d6e1,e92c630682ac6b57773148bd30d7baeb9bf4387dd1e8d798d0011379a6739fc6,"[50256, 40, 1807, 428, 3807, 373, 7818, 11, 314, 43252, 340, 13, 220, 198, 21481, 25, 770, 3807, 318]","[50256, 40, 1807, 428, 3807, 373, 2818, 11, 314, 8359, 340, 13, 220, 198, 21481, 25, 770, 3807, 318]",19,19,True,,,,
toy_train,40,toy-train-pos-020,toy-train-neg-020,1,0,"I thought this movie was perfect, I enjoyed it. 
Conclusion: This movie is","I thought this movie was tragic, I despised it. 
Conclusion: This movie is","'I thought this movie was perfect, I enjoyed it. \nConclusion: This movie is'","'I thought this movie was tragic, I despised it. \nConclusion: This movie is'",492074686f756768742074686973206d6f7669652077617320706572666563742c204920656e6a6f7965642069742e200a436f6e636c7573696f6e3a2054686973206d6f766965206973,492074686f756768742074686973206d6f76696520776173207472616769632c20492064657370697365642069742e200a436f6e636c7573696f6e3a2054686973206d6f766965206973,e92c630682ac6b57773148bd30d7baeb9bf4387dd1e8d798d0011379a6739fc6,0ef589dab72ba9820ce3d731bf38b864371cd9383c0ff005ba96e01c4537203b,"[50256, 40, 1807, 428, 3807, 373, 2818, 11, 314, 8359, 340, 13, 220, 198, 21481, 25, 770, 3807, 318]","[50256, 40, 1807, 428, 3807, 373, 15444, 11, 314, 44990, 340, 13, 220, 198, 21481, 25, 770, 3807, 318]",19,19,True,,,,
toy_train,41,toy-train-neg-020,toy-train-pos-021,0,1,"I thought this movie was tragic, I despised it. 
Conclusion: This movie is","I thought this movie was pleasant, I loved it. 
Conclusion: This movie is","'I thought this movie was tragic, I despised it. \nConclusion: This movie is'","'I thought this movie was pleasant, I loved it. \nConclusion: This movie is'",492074686f756768742074686973206d6f76696520776173207472616769632c20492064657370697365642069742e200a436f6e636c7573696f6e3a2054686973206d6f766965206973,492074686f756768742074686973206d6f7669652077617320706c656173616e742c2049206c6f7665642069742e200a436f6e636c7573696f6e3a2054686973206d6f766965206973,0ef589dab72ba9820ce3d731bf38b864371cd9383c0ff005ba96e01c4537203b,ea10f41e3b29da9d4e2556336a3b827e0a3c88767b4d2faa36a9871b15d244ed,"[50256, 40, 1807, 428, 3807, 373, 15444, 11, 314, 44990, 340, 13, 220, 198, 21481, 25, 770, 3807, 318]","[50256, 40, 1807, 428, 3807, 373, 15497, 11, 314, 6151, 340, 13, 220, 198, 21481, 25, 770, 3807, 318]",19,19,True,,,,
toy_train,42,toy-train-pos-021,toy-train-neg-021,1,0,"I thought this movie was pleasant, I loved it. 
Conclusion: This movie is","I thought this movie was ugly, I hated it. 
Conclusion: This movie is","'I thought this movie was pleasant, I loved it. \nConclusion: This movie is'","'I thought this movie was ugly, I hated it. \nConclusion: This movie is'",492074686f756768742074686973206d6f7669652077617320706c656173616e742c2049206c6f7665642069742e200a436f6e636c7573696f6e3a2054686973206d6f766965206973,492074686f756768742074686973206d6f766965207761732075676c792c20492068617465642069742e200a436f6e636c7573696f6e3a2054686973206d6f766965206973,ea10f41e3b29da9d4e2556336a3b827e0a3c88767b4d2faa36a9871b15d244ed,36c72de4e5a35d11bbae802ddeda1d25ca546476943bac465557c5e46ddc89a0,"[50256, 40, 1807, 428, 3807, 373, 15497, 11, 314, 6151, 340, 13, 220, 198, 21481, 25, 770, 3807, 318]","[50256, 40, 1807, 428, 3807, 373, 13400, 11, 314, 16563, 340, 13, 220, 198, 21481, 25, 770, 3807, 318]",19,19,True,,,,
toy_train,43,toy-train-neg-021,toy-train-pos-022,0,1,"I thought this movie was ugly, I hated it. 
Conclusion: This movie is","I thought this movie was positive, I liked it. 
Conclusion: This movie is","'I thought this movie was ugly, I hated it. \nConclusion: This movie is'","'I thought this movie was positive, I liked it. \nConclusion: This movie is'",492074686f756768742074686973206d6f766965207761732075676c792c20492068617465642069742e200a436f6e636c7573696f6e3a2054686973206d6f766965206973,492074686f756768742074686973206d6f7669652077617320706f7369746976652c2049206c696b65642069742e200a436f6e636c7573696f6e3a2054686973206d6f766965206973,36c72de4e5a35d11bbae802ddeda1d25ca546476943bac465557c5e46ddc89a0,b4e0cd326ee49949fe1cbf9b29fe911b84b7d840b3489615446135b45ee155f6,"[50256, 40, 1807, 428, 3807, 373, 13400, 11, 314, 16563, 340, 13, 220, 198, 21481, 25, 770, 3807, 318]","[50256, 40, 1807, 428, 3807, 373, 3967, 11, 314, 8288, 340, 13, 220, 198, 21481, 25, 770, 3807, 318]",19,19,True,,,,
toy_train,44,toy-train-pos-022,toy-train-neg-022,1,0,"I thought this movie was positive, I liked it. 
Conclusion: This movie is","I thought this movie was unpleasant, I disliked it. 
Conclusion: This movie is","'I thought this movie was positive, I liked it. \nConclusion: This movie is'","'I thought this movie was unpleasant, I disliked it. \nConclusion: This movie is'",492074686f756768742074686973206d6f7669652077617320706f7369746976652c2049206c696b65642069742e200a436f6e636c7573696f6e3a2054686973206d6f766965206973,492074686f756768742074686973206d6f7669652077617320756e706c656173616e742c2049206469736c696b65642069742e200a436f6e636c7573696f6e3a2054686973206d6f766965206973,b4e0cd326ee49949fe1cbf9b29fe911b84b7d840b3489615446135b45ee155f6,81c254c2ee2f84ff5c90af9b7f28b8d0a0b18dab499e674631ddbce37c248de4,"[50256, 40, 1807, 428, 3807, 373, 3967, 11, 314, 8288, 340, 13, 220, 198, 21481, 25, 770, 3807, 318]","[50256, 40, 1807, 428, 3807, 373, 22029, 11, 314, 43252, 340, 13, 220, 198, 21481, 25, 770, 3807, 318]",19,19,True,,,,
toy_train,45,toy-train-neg-022,toy-train-pos-023,0,1,"I thought this movie was unpleasant, I disliked it. 
Conclusion: This movie is","I thought this movie was remarkable, I appreciated it. 
Conclusion: This movie is","'I thought this movie was unpleasant, I disliked it. \nConclusion: This movie is'","'I thought this movie was remarkable, I appreciated it. \nConclusion: This movie is'",492074686f756768742074686973206d6f7669652077617320756e706c656173616e742c2049206469736c696b65642069742e200a436f6e636c7573696f6e3a2054686973206d6f766965206973,492074686f756768742074686973206d6f766965207761732072656d61726b61626c652c20492061707072656369617465642069742e200a436f6e636c7573696f6e3a2054686973206d6f766965206973,81c254c2ee2f84ff5c90af9b7f28b8d0a0b18dab499e674631ddbce37c248de4,80613f63d3731abbf8a1117d34231d07237aa951b2b1a3e693fbc5a3f830507b,"[50256, 40, 1807, 428, 3807, 373, 22029, 11, 314, 43252, 340, 13, 220, 198, 21481, 25, 770, 3807, 318]","[50256, 40, 1807, 428, 3807, 373, 11004, 11, 314, 16373, 340, 13, 220, 198, 21481, 25, 770, 3807, 318]",19,19,True,,,,
toy_train,46,toy-train-pos-023,toy-train-neg-023,1,0,"I thought this movie was remarkable, I appreciated it. 
Conclusion: This movie is","I thought this movie was wretched, I despised it. 
Conclusion: This movie is","'I thought this movie was remarkable, I appreciated it. \nConclusion: This movie is'","'I thought this movie was wretched, I despised it. \nConclusion: This movie is'",492074686f756768742074686973206d6f766965207761732072656d61726b61626c652c20492061707072656369617465642069742e200a436f6e636c7573696f6e3a2054686973206d6f766965206973,492074686f756768742074686973206d6f766965207761732077726574636865642c20492064657370697365642069742e200a436f6e636c7573696f6e3a2054686973206d6f766965206973,80613f63d3731abbf8a1117d34231d07237aa951b2b1a3e693fbc5a3f830507b,74ccdfab4e485ad01285ad28efca5afbb9ba2286cd78854f9559259d36877173,"[50256, 40, 1807, 428, 3807, 373, 11004, 11, 314, 16373, 340, 13, 220, 198, 21481, 25, 770, 3807, 318]","[50256, 40, 1807, 428, 3807, 373, 41857, 11, 314, 44990, 340, 13, 220, 198, 21481, 25, 770, 3807, 318]",19,19,True,,,,
toy_train,47,toy-train-neg-023,toy-train-pos-000,0,1,"I thought this movie was wretched, I despised it. 
Conclusion: This movie is","I thought this movie was adequate, I enjoyed it. 
Conclusion: This movie is","'I thought this movie was wretched, I despised it. \nConclusion: This movie is'","'I thought this movie was adequate, I enjoyed it. \nConclusion: This movie is'",492074686f756768742074686973206d6f766965207761732077726574636865642c20492064657370697365642069742e200a436f6e636c7573696f6e3a2054686973206d6f766965206973,492074686f756768742074686973206d6f766965207761732061646571756174652c204920656e6a6f7965642069742e200a436f6e636c7573696f6e3a2054686973206d6f766965206973,74ccdfab4e485ad01285ad28efca5afbb9ba2286cd78854f9559259d36877173,777f8c5e413237085c99ea450a6c9ea268e90d1ae718cecf42d006bdb8615e95,"[50256, 40, 1807, 428, 3807, 373, 41857, 11, 314, 44990, 340, 13, 220, 198, 21481, 25, 770, 3807, 318]","[50256, 40, 1807, 428, 3807, 373, 12872, 11, 314, 8359, 340, 13, 220, 198, 21481, 25, 770, 3807, 318]",19,19,True,,,,
toy_test,0,toy-test-pos-000,toy-test-neg-000,1,0,"I thought this movie was admirable, I enjoyed it. 
Conclusion: This movie is","I thought this movie was ancient, I hated it. 
Conclusion: This movie is","'I thought this movie was admirable, I enjoyed it. \nConclusion: This movie is'","'I thought this movie was ancient, I hated it. \nConclusion: This movie is'",492074686f756768742074686973206d6f766965207761732061646d697261626c652c204920656e6a6f7965642069742e200a436f6e636c7573696f6e3a2054686973206d6f766965206973,492074686f756768742074686973206d6f7669652077617320616e6369656e742c20492068617465642069742e200a436f6e636c7573696f6e3a2054686973206d6f766965206973,6dd301e88a560cc5b42ca367d5d3474a42285eb81e0fbe3fa3dfaae730729ca6,7f3afdc4b04e615047f7c7986b1776f027a4ed71297b57376fe08090a6246695,"[50256, 40, 1807, 428, 3807, 373, 37959, 11, 314, 8359, 340, 13, 220, 198, 21481, 25, 770, 3807, 318]","[50256, 40, 1807, 428, 3807, 373, 6156, 11, 314, 16563, 340, 13, 220, 198, 21481, 25, 770, 3807, 318]",19,19,True,,,,
toy_test,1,toy-test-neg-000,toy-test-pos-001,0,1,"I thought this movie was ancient, I hated it. 
Conclusion: This movie is","I thought this movie was glorious, I loved it. 
Conclusion: This movie is","'I thought this movie was ancient, I hated it. \nConclusion: This movie is'","'I thought this movie was glorious, I loved it. \nConclusion: This movie is'",492074686f756768742074686973206d6f7669652077617320616e6369656e742c20492068617465642069742e200a436f6e636c7573696f6e3a2054686973206d6f766965206973,492074686f756768742074686973206d6f7669652077617320676c6f72696f75732c2049206c6f7665642069742e200a436f6e636c7573696f6e3a2054686973206d6f766965206973,7f3afdc4b04e615047f7c7986b1776f027a4ed71297b57376fe08090a6246695,f4a330a65184f63b876fdab5e95cc520cf73d22b6773fe995ddab0a0830e22dd,"[50256, 40, 1807, 428, 3807, 373, 6156, 11, 314, 16563, 340, 13, 220, 198, 21481, 25, 770, 3807, 318]","[50256, 40, 1807, 428, 3807, 373, 21140, 11, 314, 6151, 340, 13, 220, 198, 21481, 25, 770, 3807, 318]",19,19,True,,,,
toy_test,2,toy-test-pos-001,toy-test-neg-001,1,0,"I thought this movie was glorious, I loved it. 
Conclusion: This movie is","I thought this movie was appalling, I disliked it. 
Conclusion: This movie is","'I thought this movie was glorious, I loved it. \nConclusion: This movie is'","'I thought this movie was appalling, I disliked it. \nConclusion: This movie is'",492074686f756768742074686973206d6f7669652077617320676c6f72696f75732c2049206c6f7665642069742e200a436f6e636c7573696f6e3a2054686973206d6f766965206973,492074686f756768742074686973206d6f7669652077617320617070616c6c696e672c2049206469736c696b65642069742e200a436f6e636c7573696f6e3a2054686973206d6f766965206973,f4a330a65184f63b876fdab5e95cc520cf73d22b6773fe995ddab0a0830e22dd,8f446f5f0e238a2c17577f1c384288753c3ce50896ce86094788a0ede515ed42,"[50256, 40, 1807, 428, 3807, 373, 21140, 11, 314, 6151, 340, 13, 220, 198, 21481, 25, 770, 3807, 318]","[50256, 40, 1807, 428, 3807, 373, 34130, 11, 314, 43252, 340, 13, 220, 198, 21481, 25, 770, 3807, 318]",19,19,True,,,,
toy_test,3,toy-test-neg-001,toy-test-pos-002,0,1,"I thought this movie was appalling, I disliked it. 
Conclusion: This movie is","I thought this movie was helpful, I liked it. 
Conclusion: This movie is","'I thought this movie was appalling, I disliked it. \nConclusion: This movie is'","'I thought this movie was helpful, I liked it. \nConclusion: This movie is'",492074686f756768742074686973206d6f7669652077617320617070616c6c696e672c2049206469736c696b65642069742e200a436f6e636c7573696f6e3a2054686973206d6f766965206973,492074686f756768742074686973206d6f766965207761732068656c7066756c2c2049206c696b65642069742e200a436f6e636c7573696f6e3a2054686973206d6f766965206973,8f446f5f0e238a2c17577f1c384288753c3ce50896ce86094788a0ede515ed42,b706ea8a56f87661f1ad593d44c58c5164a067acfdd5a60e4c2d57aad89bef61,"[50256, 40, 1807, 428, 3807, 373, 34130, 11, 314, 43252, 340, 13, 220, 198, 21481, 25, 770, 3807, 318]","[50256, 40, 1807, 428, 3807, 373, 7613, 11, 314, 8288, 340, 13, 220, 198, 21481, 25, 770, 3807, 318]",19,19,True,,,,
toy_test,4,toy-test-pos-002,toy-test-neg-002,1,0,"I thought this movie was helpful, I liked it. 
Conclusion: This movie is","I thought this movie was bitter, I despised it. 
Conclusion: This movie is","'I thought this movie was helpful, I liked it. \nConclusion: This movie is'","'I thought this movie was bitter, I despised it. \nConclusion: This movie is'",492074686f756768742074686973206d6f766965207761732068656c7066756c2c2049206c696b65642069742e200a436f6e636c7573696f6e3a2054686973206d6f766965206973,492074686f756768742074686973206d6f76696520776173206269747465722c20492064657370697365642069742e200a436f6e636c7573696f6e3a2054686973206d6f766965206973,b706ea8a56f87661f1ad593d44c58c5164a067acfdd5a60e4c2d57aad89bef61,1535563978be98cd8071d14ba32bc2456a4f5ec5bf45494deed2297341df3341,"[50256, 40, 1807, 428, 3807, 373, 7613, 11, 314, 8288, 340, 13, 220, 198, 21481, 25, 770, 3807, 318]","[50256, 40, 1807, 428, 3807, 373, 12922, 11, 314, 44990, 340, 13, 220, 198, 21481, 25, 770, 3807, 318]",19,19,True,,,,
toy_test,5,toy-test-neg-002,toy-test-pos-003,0,1,"I thought this movie was bitter, I despised it. 
Conclusion: This movie is","I thought this movie was impressive, I appreciated it. 
Conclusion: This movie is","'I thought this movie was bitter, I despised it. \nConclusion: This movie is'","'I thought this movie was impressive, I appreciated it. \nConclusion: This movie is'",492074686f756768742074686973206d6f76696520776173206269747465722c20492064657370697365642069742e200a436f6e636c7573696f6e3a2054686973206d6f766965206973,492074686f756768742074686973206d6f7669652077617320696d70726573736976652c20492061707072656369617465642069742e200a436f6e636c7573696f6e3a2054686973206d6f766965206973,1535563978be98cd8071d14ba32bc2456a4f5ec5bf45494deed2297341df3341,665b8056f2918b085dd5e50a3d0bfd1a52612491142711c67bfb106883eeec43,"[50256, 40, 1807, 428, 3807, 373, 12922, 11, 314, 44990, 340, 13, 220, 198, 21481, 25, 770, 3807, 318]","[50256, 40, 1807, 428, 3807, 373, 8036, 11, 314, 16373, 340, 13, 220, 198, 21481, 25, 770, 3807, 318]",19,19,True,,,,
toy_test,6,toy-test-pos-003,toy-test-neg-003,1,0,"I thought this movie was impressive, I appreciated it. 
Conclusion: This movie is","I thought this movie was dismal, I hated it. 
Conclusion: This movie is","'I thought this movie was impressive, I appreciated it. \nConclusion: This movie is'","'I thought this movie was dismal, I hated it. \nConclusion: This movie is'",492074686f756768742074686973206d6f7669652077617320696d70726573736976652c20492061707072656369617465642069742e200a436f6e636c7573696f6e3a2054686973206d6f766965206973,492074686f756768742074686973206d6f76696520776173206469736d616c2c20492068617465642069742e200a436f6e636c7573696f6e3a2054686973206d6f766965206973,665b8056f2918b085dd5e50a3d0bfd1a52612491142711c67bfb106883eeec43,90837f977f576eaf88891479bfb0c56bd22a9f9d1543cb4042fdc8926d6dbfe8,"[50256, 40, 1807, 428, 3807, 373, 8036, 11, 314, 16373, 340, 13, 220, 198, 21481, 25, 770, 3807, 318]","[50256, 40, 1807, 428, 3807, 373, 39656, 11, 314, 16563, 340, 13, 220, 198, 21481, 25, 770, 3807, 318]",19,19,True,,,,
toy_test,7,toy-test-neg-003,toy-test-pos-004,0,1,"I thought this movie was dismal, I hated it. 
Conclusion: This movie is","I thought this movie was lively, I admired it. 
Conclusion: This movie is","'I thought this movie was dismal, I hated it. \nConclusion: This movie is'","'I thought this movie was lively, I admired it. \nConclusion: This movie is'",492074686f756768742074686973206d6f76696520776173206469736d616c2c20492068617465642069742e200a436f6e636c7573696f6e3a2054686973206d6f766965206973,492074686f756768742074686973206d6f76696520776173206c6976656c792c20492061646d697265642069742e200a436f6e636c7573696f6e3a2054686973206d6f766965206973,90837f977f576eaf88891479bfb0c56bd22a9f9d1543cb4042fdc8926d6dbfe8,dbf095a0304c7d5e95b8e0eef74d57d565612f4e9d8e5b298db383578b43ec7d,"[50256, 40, 1807, 428, 3807, 373, 39656, 11, 314, 16563, 340, 13, 220, 198, 21481, 25, 770, 3807, 318]","[50256, 40, 1807, 428, 3807, 373, 29696, 11, 314, 29382, 340, 13, 220, 198, 21481, 25, 770, 3807, 318]",19,19,True,,,,
toy_test,8,toy-test-pos-004,toy-test-neg-004,1,0,"I thought this movie was lively, I admired it. 
Conclusion: This movie is","I thought this movie was flat, I disliked it. 
Conclusion: This movie is","'I thought this movie was lively, I admired it. \nConclusion: This movie is'","'I thought this movie was flat, I disliked it. \nConclusion: This movie is'",492074686f756768742074686973206d6f76696520776173206c6976656c792c20492061646d697265642069742e200a436f6e636c7573696f6e3a2054686973206d6f766965206973,492074686f756768742074686973206d6f7669652077617320666c61742c2049206469736c696b65642069742e200a436f6e636c7573696f6e3a2054686973206d6f766965206973,dbf095a0304c7d5e95b8e0eef74d57d565612f4e9d8e5b298db383578b43ec7d,5a74a8b391172667cfdf75539b42c7e36d6d840874b99b53af5afe3bcd02ae4f,"[50256, 40, 1807, 428, 3807, 373, 29696, 11, 314, 29382, 340, 13, 220, 198, 21481, 25, 770, 3807, 318]","[50256, 40, 1807, 428, 3807, 373, 6228, 11, 314, 43252, 340, 13, 220, 198, 21481, 25, 770, 3807, 318]",19,19,True,,,,
toy_test,9,toy-test-neg-004,toy-test-pos-005,0,1,"I thought this movie was flat, I disliked it. 
Conclusion: This movie is","I thought this movie was magical, I enjoyed it. 
Conclusion: This movie is","'I thought this movie was flat, I disliked it. \nConclusion: This movie is'","'I thought this movie was magical, I enjoyed it. \nConclusion: This movie is'",492074686f756768742074686973206d6f7669652077617320666c61742c2049206469736c696b65642069742e200a436f6e636c7573696f6e3a2054686973206d6f766965206973,492074686f756768742074686973206d6f76696520776173206d61676963616c2c204920656e6a6f7965642069742e200a436f6e636c7573696f6e3a2054686973206d6f766965206973,5a74a8b391172667cfdf75539b42c7e36d6d840874b99b53af5afe3bcd02ae4f,90fa984f2ac320e99b05bdaef88d8ce9f50594117bba5261af89be0199872548,"[50256, 40, 1807, 428, 3807, 373, 6228, 11, 314, 43252, 340, 13, 220, 198, 21481, 25, 770, 3807, 318]","[50256, 40, 1807, 428, 3807, 373, 10883, 11, 314, 8359, 340, 13, 220, 198, 21481, 25, 770, 3807, 318]",19,19,True,,,,
toy_test,10,toy-test-pos-005,toy-test-neg-005,1,0,"I thought this movie was magical, I enjoyed it. 
Conclusion: This movie is","I thought this movie was foul, I despised it. 
Conclusion: This movie is","'I thought this movie was magical, I enjoyed it. \nConclusion: This movie is'","'I thought this movie was foul, I despised it. \nConclusion: This movie is'",492074686f756768742074686973206d6f76696520776173206d61676963616c2c204920656e6a6f7965642069742e200a436f6e636c7573696f6e3a2054686973206d6f766965206973,492074686f756768742074686973206d6f7669652077617320666f756c2c20492064657370697365642069742e200a436f6e636c7573696f6e3a2054686973206d6f766965206973,90fa984f2ac320e99b05bdaef88d8ce9f50594117bba5261af89be0199872548,ba6bf07512a8dad832798d61467564f9a280633a8870d59112fb9211563aec8b,"[50256, 40, 1807, 428, 3807, 373, 10883, 11, 314, 8359, 340, 13, 220, 198, 21481, 25, 770, 3807, 318]","[50256, 40, 1807, 428, 3807, 373, 15626, 11, 314, 44990, 340, 13, 220, 198, 21481, 25, 770, 3807, 318]",19,19,True,,,,
toy_test,11,toy-test-neg-005,toy-test-pos-006,0,1,"I thought this movie was foul, I despised it. 
Conclusion: This movie is","I thought this movie was modern, I loved it. 
Conclusion: This movie is","'I thought this movie was foul, I despised it. \nConclusion: This movie is'","'I thought this movie was modern, I loved it. \nConclusion: This movie is'",492074686f756768742074686973206d6f7669652077617320666f756c2c20492064657370697365642069742e200a436f6e636c7573696f6e3a2054686973206d6f766965206973,492074686f756768742074686973206d6f76696520776173206d6f6465726e2c2049206c6f7665642069742e200a436f6e636c7573696f6e3a2054686973206d6f766965206973,ba6bf07512a8dad832798d61467564f9a280633a8870d59112fb9211563aec8b,4221a80f1af64db25c667acbda6d27b97ab39aff6130743eb9a5441269b3bebd,"[50256, 40, 1807, 428, 3807, 373, 15626, 11, 314, 44990, 340, 13, 220, 198, 21481, 25, 770, 3807, 318]","[50256, 40, 1807, 428, 3807, 373, 3660, 11, 314, 6151, 340, 13, 220, 198, 21481, 25, 770, 3807, 318]",19,19,True,,,,
toy_test,12,toy-test-pos-006,toy-test-neg-006,1,0,"I thought this movie was modern, I loved it. 
Conclusion: This movie is","I thought this movie was grim, I hated it. 
Conclusion: This movie is","'I thought this movie was modern, I loved it. \nConclusion: This movie is'","'I thought this movie was grim, I hated it. \nConclusion: This movie is'",492074686f756768742074686973206d6f76696520776173206d6f6465726e2c2049206c6f7665642069742e200a436f6e636c7573696f6e3a2054686973206d6f766965206973,492074686f756768742074686973206d6f76696520776173206772696d2c20492068617465642069742e200a436f6e636c7573696f6e3a2054686973206d6f766965206973,4221a80f1af64db25c667acbda6d27b97ab39aff6130743eb9a5441269b3bebd,88039c24c41babf515c20230bc11171a5fcf44bcbc4ee976e08561f7e84f84e5,"[50256, 40, 1807, 428, 3807, 373, 3660, 11, 314, 6151, 340, 13, 220, 198, 21481, 25, 770, 3807, 318]","[50256, 40, 1807, 428, 3807, 373, 18288, 11, 314, 16563, 340, 13, 220, 198, 21481, 25, 770, 3807, 318]",19,19,True,,,,
toy_test,13,toy-test-neg-006,toy-test-pos-007,0,1,"I thought this movie was grim, I hated it. 
Conclusion: This movie is","I thought this movie was phenomenal, I liked it. 
Conclusion: This movie is","'I thought this movie was grim, I hated it. \nConclusion: This movie is'","'I thought this movie was phenomenal, I liked it. \nConclusion: This movie is'",492074686f756768742074686973206d6f76696520776173206772696d2c20492068617465642069742e200a436f6e636c7573696f6e3a2054686973206d6f766965206973,492074686f756768742074686973206d6f76696520776173207068656e6f6d656e616c2c2049206c696b65642069742e200a436f6e636c7573696f6e3a2054686973206d6f766965206973,88039c24c41babf515c20230bc11171a5fcf44bcbc4ee976e08561f7e84f84e5,a53af7c6cf7074aa31ba458f683d1ffcc29ae7b8e4031385fb83d331fc8e3c0f,"[50256, 40, 1807, 428, 3807, 373, 18288, 11, 314, 16563, 340, 13, 220, 198, 21481, 25, 770, 3807, 318]","[50256, 40, 1807, 428, 3807, 373, 28187, 11, 314, 8288, 340, 13, 220, 198, 21481, 25, 770, 3807, 318]",19,19,True,,,,
toy_test,14,toy-test-pos-007,toy-test-neg-007,1,0,"I thought this movie was phenomenal, I liked it. 
Conclusion: This movie is","I thought this movie was lazy, I disliked it. 
Conclusion: This movie is","'I thought this movie was phenomenal, I liked it. \nConclusion: This movie is'","'I thought this movie was lazy, I disliked it. \nConclusion: This movie is'",492074686f756768742074686973206d6f76696520776173207068656e6f6d656e616c2c2049206c696b65642069742e200a436f6e636c7573696f6e3a2054686973206d6f766965206973,492074686f756768742074686973206d6f76696520776173206c617a792c2049206469736c696b65642069742e200a436f6e636c7573696f6e3a2054686973206d6f766965206973,a53af7c6cf7074aa31ba458f683d1ffcc29ae7b8e4031385fb83d331fc8e3c0f,fa00eead7c1f9aae202e4088b6d6415282bce27956c9dd468eea50643a2842f0,"[50256, 40, 1807, 428, 3807, 373, 28187, 11, 314, 8288, 340, 13, 220, 198, 21481, 25, 770, 3807, 318]","[50256, 40, 1807, 428, 3807, 373, 16931, 11, 314, 43252, 340, 13, 220, 198, 21481, 25, 770, 3807, 318]",19,19,True,,,,
toy_test,15,toy-test-neg-007,toy-test-pos-008,0,1,"I thought this movie was lazy, I disliked it. 
Conclusion: This movie is","I thought this movie was pleasing, I appreciated it. 
Conclusion: This movie is","'I thought this movie was lazy, I disliked it. \nConclusion: This movie is'","'I thought this movie was pleasing, I appreciated it. \nConclusion: This movie is'",492074686f756768742074686973206d6f76696520776173206c617a792c2049206469736c696b65642069742e200a436f6e636c7573696f6e3a2054686973206d6f766965206973,492074686f756768742074686973206d6f7669652077617320706c656173696e672c20492061707072656369617465642069742e200a436f6e636c7573696f6e3a2054686973206d6f766965206973,fa00eead7c1f9aae202e4088b6d6415282bce27956c9dd468eea50643a2842f0,51fa0c4e7d8788c1c89c5197b362e46dc8cbf3b571e04e31e1593ebe77ec712f,"[50256, 40, 1807, 428, 3807, 373, 16931, 11, 314, 43252, 340, 13, 220, 198, 21481, 25, 770, 3807, 318]","[50256, 40, 1807, 428, 3807, 373, 28790, 11, 314, 16373, 340, 13, 220, 198, 21481, 25, 770, 3807, 318]",19,19,True,,,,
toy_test,16,toy-test-pos-008,toy-test-neg-008,1,0,"I thought this movie was pleasing, I appreciated it. 
Conclusion: This movie is","I thought this movie was noisy, I despised it. 
Conclusion: This movie is","'I thought this movie was pleasing, I appreciated it. \nConclusion: This movie is'","'I thought this movie was noisy, I despised it. \nConclusion: This movie is'",492074686f756768742074686973206d6f7669652077617320706c656173696e672c20492061707072656369617465642069742e200a436f6e636c7573696f6e3a2054686973206d6f766965206973,492074686f756768742074686973206d6f76696520776173206e6f6973792c20492064657370697365642069742e200a436f6e636c7573696f6e3a2054686973206d6f766965206973,51fa0c4e7d8788c1c89c5197b362e46dc8cbf3b571e04e31e1593ebe77ec712f,756815e6a6d2876b679b9a0eccee8926e7503b4cf2eab8ff26c467932e198420,"[50256, 40, 1807, 428, 3807, 373, 28790, 11, 314, 16373, 340, 13, 220, 198, 21481, 25, 770, 3807, 318]","[50256, 40, 1807, 428, 3807, 373, 31210, 11, 314, 44990, 340, 13, 220, 198, 21481, 25, 770, 3807, 318]",19,19,True,,,,
toy_test,17,toy-test-neg-008,toy-test-pos-009,0,1,"I thought this movie was noisy, I despised it. 
Conclusion: This movie is","I thought this movie was radiant, I admired it. 
Conclusion: This movie is","'I thought this movie was noisy, I despised it. \nConclusion: This movie is'","'I thought this movie was radiant, I admired it. \nConclusion: This movie is'",492074686f756768742074686973206d6f76696520776173206e6f6973792c20492064657370697365642069742e200a436f6e636c7573696f6e3a2054686973206d6f766965206973,492074686f756768742074686973206d6f766965207761732072616469616e742c20492061646d697265642069742e200a436f6e636c7573696f6e3a2054686973206d6f766965206973,756815e6a6d2876b679b9a0eccee8926e7503b4cf2eab8ff26c467932e198420,c65d1b388e13a0a702cff1347aa9a408514f28f41b3e58780279f9a610c6e404,"[50256, 40, 1807, 428, 3807, 373, 31210, 11, 314, 44990, 340, 13, 220, 198, 21481, 25, 770, 3807, 318]","[50256, 40, 1807, 428, 3807, 373, 43888, 11, 314, 29382, 340, 13, 220, 198, 21481, 25, 770, 3807, 318]",19,19,True,,,,
toy_test,18,toy-test-pos-009,toy-test-neg-009,1,0,"I thought this movie was radiant, I admired it. 
Conclusion: This movie is","I thought this movie was poor, I hated it. 
Conclusion: This movie is","'I thought this movie was radiant, I admired it. \nConclusion: This movie is'","'I thought this movie was poor, I hated it. \nConclusion: This movie is'",492074686f756768742074686973206d6f766965207761732072616469616e742c20492061646d697265642069742e200a436f6e636c7573696f6e3a2054686973206d6f766965206973,492074686f756768742074686973206d6f7669652077617320706f6f722c20492068617465642069742e200a436f6e636c7573696f6e3a2054686973206d6f766965206973,c65d1b388e13a0a702cff1347aa9a408514f28f41b3e58780279f9a610c6e404,41db61b2977a424d4f0692d9db7560c4d68ecb4c58b97ee4a061b9efb1b85e65,"[50256, 40, 1807, 428, 3807, 373, 43888, 11, 314, 29382, 340, 13, 220, 198, 21481, 25, 770, 3807, 318]","[50256, 40, 1807, 428, 3807, 373, 3595, 11, 314, 16563, 340, 13, 220, 198, 21481, 25, 770, 3807, 318]",19,19,True,,,,
toy_test,19,toy-test-neg-009,toy-test-pos-010,0,1,"I thought this movie was poor, I hated it. 
Conclusion: This movie is","I thought this movie was crisp, I enjoyed it. 
Conclusion: This movie is","'I thought this movie was poor, I hated it. \nConclusion: This movie is'","'I thought this movie was crisp, I enjoyed it. \nConclusion: This movie is'",492074686f756768742074686973206d6f7669652077617320706f6f722c20492068617465642069742e200a436f6e636c7573696f6e3a2054686973206d6f766965206973,492074686f756768742074686973206d6f766965207761732063726973702c204920656e6a6f7965642069742e200a436f6e636c7573696f6e3a2054686973206d6f766965206973,41db61b2977a424d4f0692d9db7560c4d68ecb4c58b97ee4a061b9efb1b85e65,ced33a405cad10f5e134dfb599924c8a40f73a4abdba818158ccb0d79b132ad2,"[50256, 40, 1807, 428, 3807, 373, 3595, 11, 314, 16563, 340, 13, 220, 198, 21481, 25, 770, 3807, 318]","[50256, 40, 1807, 428, 3807, 373, 23453, 11, 314, 8359, 340, 13, 220, 198, 21481, 25, 770, 3807, 318]",19,19,True,,,,
toy_test,20,toy-test-pos-010,toy-test-neg-010,1,0,"I thought this movie was crisp, I enjoyed it. 
Conclusion: This movie is","I thought this movie was rough, I disliked it. 
Conclusion: This movie is","'I thought this movie was crisp, I enjoyed it. \nConclusion: This movie is'","'I thought this movie was rough, I disliked it. \nConclusion: This movie is'",492074686f756768742074686973206d6f766965207761732063726973702c204920656e6a6f7965642069742e200a436f6e636c7573696f6e3a2054686973206d6f766965206973,492074686f756768742074686973206d6f7669652077617320726f7567682c2049206469736c696b65642069742e200a436f6e636c7573696f6e3a2054686973206d6f766965206973,ced33a405cad10f5e134dfb599924c8a40f73a4abdba818158ccb0d79b132ad2,f7477c27a681ec90d5601989528bc8aec9718f7069464a7f4ce7ec69c2b7c5a3,"[50256, 40, 1807, 428, 3807, 373, 23453, 11, 314, 8359, 340, 13, 220, 198, 21481, 25, 770, 3807, 318]","[50256, 40, 1807, 428, 3807, 373, 5210, 11, 314, 43252, 340, 13, 220, 198, 21481, 25, 770, 3807, 318]",19,19,True,,,,
toy_test,21,toy-test-neg-010,toy-test-pos-011,0,1,"I thought this movie was rough, I disliked it. 
Conclusion: This movie is","I thought this movie was strong, I loved it. 
Conclusion: This movie is","'I thought this movie was rough, I disliked it. \nConclusion: This movie is'","'I thought this movie was strong, I loved it. \nConclusion: This movie is'",492074686f756768742074686973206d6f7669652077617320726f7567682c2049206469736c696b65642069742e200a436f6e636c7573696f6e3a2054686973206d6f766965206973,492074686f756768742074686973206d6f76696520776173207374726f6e672c2049206c6f7665642069742e200a436f6e636c7573696f6e3a2054686973206d6f766965206973,f7477c27a681ec90d5601989528bc8aec9718f7069464a7f4ce7ec69c2b7c5a3,c365a2f65eff1b2c43ca0bbd2ce4395330834dd3ea1d2dad31b9e4720dd0dd67,"[50256, 40, 1807, 428, 3807, 373, 5210, 11, 314, 43252, 340, 13, 220, 198, 21481, 25, 770, 3807, 318]","[50256, 40, 1807, 428, 3807, 373, 1913, 11, 314, 6151, 340, 13, 220, 198, 21481, 25, 770, 3807, 318]",19,19,True,,,,
toy_test,22,toy-test-pos-011,toy-test-neg-011,1,0,"I thought this movie was strong, I loved it. 
Conclusion: This movie is","I thought this movie was rotten, I despised it. 
Conclusion: This movie is","'I thought this movie was strong, I loved it. \nConclusion: This movie is'","'I thought this movie was rotten, I despised it. \nConclusion: This movie is'",492074686f756768742074686973206d6f76696520776173207374726f6e672c2049206c6f7665642069742e200a436f6e636c7573696f6e3a2054686973206d6f766965206973,492074686f756768742074686973206d6f7669652077617320726f7474656e2c20492064657370697365642069742e200a436f6e636c7573696f6e3a2054686973206d6f766965206973,c365a2f65eff1b2c43ca0bbd2ce4395330834dd3ea1d2dad31b9e4720dd0dd67,2ffb55e406179b7ad32d06fb27a4080b60a85ec3010d8077096e3ee1a0788353,"[50256, 40, 1807, 428, 3807, 373, 1913, 11, 314, 6151, 340, 13, 220, 198, 21481, 25, 770, 3807, 318]","[50256, 40, 1807, 428, 3807, 373, 36371, 11, 314, 44990, 340, 13, 220, 198, 21481, 25, 770, 3807, 318]",19,19,True,,,,
toy_test,23,toy-test-neg-011,toy-test-pos-012,0,1,"I thought this movie was rotten, I despised it. 
Conclusion: This movie is","I thought this movie was stunning, I liked it. 
Conclusion: This movie is","'I thought this movie was rotten, I despised it. \nConclusion: This movie is'","'I thought this movie was stunning, I liked it. \nConclusion: This movie is'",492074686f756768742074686973206d6f7669652077617320726f7474656e2c20492064657370697365642069742e200a436f6e636c7573696f6e3a2054686973206d6f766965206973,492074686f756768742074686973206d6f76696520776173207374756e6e696e672c2049206c696b65642069742e200a436f6e636c7573696f6e3a2054686973206d6f766965206973,2ffb55e406179b7ad32d06fb27a4080b60a85ec3010d8077096e3ee1a0788353,bd003a03cff002fd7aee273a1f10fcfb0728e2066e1e237258e388dd6a94d8db,"[50256, 40, 1807, 428, 3807, 373, 36371, 11, 314, 44990, 340, 13, 220, 198, 21481, 25, 770, 3807, 318]","[50256, 40, 1807, 428, 3807, 373, 13393, 11, 314, 8288, 340, 13, 220, 198, 21481, 25, 770, 3807, 318]",19,19,True,,,,
toy_test,24,toy-test-pos-012,toy-test-neg-012,1,0,"I thought this movie was stunning, I liked it. 
Conclusion: This movie is","I thought this movie was sour, I hated it. 
Conclusion: This movie is","'I thought this movie was stunning, I liked it. \nConclusion: This movie is'","'I thought this movie was sour, I hated it. \nConclusion: This movie is'",492074686f756768742074686973206d6f76696520776173207374756e6e696e672c2049206c696b65642069742e200a436f6e636c7573696f6e3a2054686973206d6f766965206973,492074686f756768742074686973206d6f7669652077617320736f75722c20492068617465642069742e200a436f6e636c7573696f6e3a2054686973206d6f766965206973,bd003a03cff002fd7aee273a1f10fcfb0728e2066e1e237258e388dd6a94d8db,46c1576c92c2f4c65ae65a1325db39fff8572b8261078ee911cedbc686c23464,"[50256, 40, 1807, 428, 3807, 373, 13393, 11, 314, 8288, 340, 13, 220, 198, 21481, 25, 770, 3807, 318]","[50256, 40, 1807, 428, 3807, 373, 11348, 11, 314, 16563, 340, 13, 220, 198, 21481, 25, 770, 3807, 318]",19,19,True,,,,
toy_test,25,toy-test-neg-012,toy-test-pos-013,0,1,"I thought this movie was sour, I hated it. 
Conclusion: This movie is","I thought this movie was sweet, I appreciated it. 
Conclusion: This movie is","'I thought this movie was sour, I hated it. \nConclusion: This movie is'","'I thought this movie was sweet, I appreciated it. \nConclusion: This movie is'",492074686f756768742074686973206d6f7669652077617320736f75722c20492068617465642069742e200a436f6e636c7573696f6e3a2054686973206d6f766965206973,492074686f756768742074686973206d6f766965207761732073776565742c20492061707072656369617465642069742e200a436f6e636c7573696f6e3a2054686973206d6f766965206973,46c1576c92c2f4c65ae65a1325db39fff8572b8261078ee911cedbc686c23464,8e5d7fa8bbf3ca7164d573911bb02e9f19f70193d6d26b335d2b3a3049b1d6f8,"[50256, 40, 1807, 428, 3807, 373, 11348, 11, 314, 16563, 340, 13, 220, 198, 21481, 25, 770, 3807, 318]","[50256, 40, 1807, 428, 3807, 373, 6029, 11, 314, 16373, 340, 13, 220, 198, 21481, 25, 770, 3807, 318]",19,19,True,,,,
toy_test,26,toy-test-pos-013,toy-test-neg-013,1,0,"I thought this movie was sweet, I appreciated it. 
Conclusion: This movie is","I thought this movie was vile, I disliked it. 
Conclusion: This movie is","'I thought this movie was sweet, I appreciated it. \nConclusion: This movie is'","'I thought this movie was vile, I disliked it. \nConclusion: This movie is'",492074686f756768742074686973206d6f766965207761732073776565742c20492061707072656369617465642069742e200a436f6e636c7573696f6e3a2054686973206d6f766965206973,492074686f756768742074686973206d6f766965207761732076696c652c2049206469736c696b65642069742e200a436f6e636c7573696f6e3a2054686973206d6f766965206973,8e5d7fa8bbf3ca7164d573911bb02e9f19f70193d6d26b335d2b3a3049b1d6f8,8054cd8a1d5c6564173d875239121173312a2a1bbaecc6440ab3a7513b188ec7,"[50256, 40, 1807, 428, 3807, 373, 6029, 11, 314, 16373, 340, 13, 220, 198, 21481, 25, 770, 3807, 318]","[50256, 40, 1807, 428, 3807, 373, 34942, 11, 314, 43252, 340, 13, 220, 198, 21481, 25, 770, 3807, 318]",19,19,True,,,,
toy_test,27,toy-test-neg-013,toy-test-pos-000,0,1,"I thought this movie was vile, I disliked it. 
Conclusion: This movie is","I thought this movie was admirable, I enjoyed it. 
Conclusion: This movie is","'I thought this movie was vile, I disliked it. \nConclusion: This movie is'","'I thought this movie was admirable, I enjoyed it. \nConclusion: This movie is'",492074686f756768742074686973206d6f766965207761732076696c652c2049206469736c696b65642069742e200a436f6e636c7573696f6e3a2054686973206d6f766965206973,492074686f756768742074686973206d6f766965207761732061646d697261626c652c204920656e6a6f7965642069742e200a436f6e636c7573696f6e3a2054686973206d6f766965206973,8054cd8a1d5c6564173d875239121173312a2a1bbaecc6440ab3a7513b188ec7,6dd301e88a560cc5b42ca367d5d3474a42285eb81e0fbe3fa3dfaae730729ca6,"[50256, 40, 1807, 428, 3807, 373, 34942, 11, 314, 43252, 340, 13, 220, 198, 21481, 25, 770, 3807, 318]","[50256, 40, 1807, 428, 3807, 373, 37959, 11, 314, 8359, 340, 13, 220, 198, 21481, 25, 770, 3807, 318]",19,19,True,,,,
sst_tigges_pythia_correct_test,0,sst-8968,sst-8874,1,0,Review Text: Brimful. Review Sentiment:,Review Text: Bears is bad. Review Sentiment:,'Review Text: Brimful. Review Sentiment:','Review Text: Bears is bad. Review Sentiment:',52657669657720546578743a204272696d66756c2e205265766965772053656e74696d656e743a,52657669657720546578743a204265617273206973206261642e205265766965772053656e74696d656e743a,a643017852a1a8b743d98d45427353da377e5b836d88d6d81177996e77a852b0,67fca0616ee34b817631ad79acbd1c5373f334cafafce92c9ac4cab19a22aa77,"[50256, 14832, 8255, 25, 1709, 320, 913, 13, 6602, 11352, 3681, 25]","[50256, 14832, 8255, 25, 15682, 318, 2089, 13, 6602, 11352, 3681, 25]",12,12,True,Brimful.,Bears is bad.,tigges,True
sst_tigges_pythia_correct_test,1,sst-8874,sst-8968,0,1,Review Text: Bears is bad. Review Sentiment:,Review Text: Brimful. Review Sentiment:,'Review Text: Bears is bad. Review Sentiment:','Review Text: Brimful. Review Sentiment:',52657669657720546578743a204265617273206973206261642e205265766965772053656e74696d656e743a,52657669657720546578743a204272696d66756c2e205265766965772053656e74696d656e743a,67fca0616ee34b817631ad79acbd1c5373f334cafafce92c9ac4cab19a22aa77,a643017852a1a8b743d98d45427353da377e5b836d88d6d81177996e77a852b0,"[50256, 14832, 8255, 25, 15682, 318, 2089, 13, 6602, 11352, 3681, 25]","[50256, 14832, 8255, 25, 1709, 320, 913, 13, 6602, 11352, 3681, 25]",12,12,True,Bears is bad.,Brimful.,tigges,True
sst_tigges_pythia_correct_test,2,sst-8433,sst-8851,1,0,Review Text: Excellent acting and direction. Review Sentiment:,Review Text: Nothing about it fits. Review Sentiment:,'Review Text: Excellent acting and direction. Review Sentiment:','Review Text: Nothing about it fits. Review Sentiment:',52657669657720546578743a20457863656c6c656e7420616374696e6720616e6420646972656374696f6e2e205265766965772053656e74696d656e743a,52657669657720546578743a204e6f7468696e672061626f757420697420666974732e205265766965772053656e74696d656e743a,8276dc299d9d7b83f4dcda59659f20dffc5ea5c50b8583201e3b03447571c661,289ce6ff7bcc9691220f465c3d3a8527eb44dde68e14cf0458a1af331170beb7,"[50256, 14832, 8255, 25, 30932, 7205, 290, 4571, 13, 6602, 11352, 3681, 25]","[50256, 14832, 8255, 25, 10528, 546, 340, 11414, 13, 6602, 11352, 3681, 25]",13,13,True,Excellent acting and direction.,Nothing about it fits.,tigges,True
sst_tigges_pythia_correct_test,3,sst-8851,sst-8433,0,1,Review Text: Nothing about it fits. Review Sentiment:,Review Text: Excellent acting and direction. Review Sentiment:,'Review Text: Nothing about it fits. Review Sentiment:','Review Text: Excellent acting and direction. Review Sentiment:',52657669657720546578743a204e6f7468696e672061626f757420697420666974732e205265766965772053656e74696d656e743a,52657669657720546578743a20457863656c6c656e7420616374696e6720616e6420646972656374696f6e2e205265766965772053656e74696d656e743a,289ce6ff7bcc9691220f465c3d3a8527eb44dde68e14cf0458a1af331170beb7,8276dc299d9d7b83f4dcda59659f20dffc5ea5c50b8583201e3b03447571c661,"[50256, 14832, 8255, 25, 10528, 546, 340, 11414, 13, 6602, 11352, 3681, 25]","[50256, 14832, 8255, 25, 30932, 7205, 290, 4571, 13, 6602, 11352, 3681, 25]",13,13,True,Nothing about it fits.,Excellent acting and direction.,tigges,True
sst_tigges_pythia_correct_test,4,sst-196,sst-8315,1,0,Review Text: A very funny movie. Review Sentiment:,Review Text: A very bad sign. Review Sentiment:,'Review Text: A very funny movie. Review Sentiment:','Review Text: A very bad sign. Review Sentiment:',52657669657720546578743a204120766572792066756e6e79206d6f7669652e205265766965772053656e74696d656e743a,52657669657720546578743a2041207665727920626164207369676e2e205265766965772053656e74696d656e743a,3469927298e2e8790bbe78ad3de9d51c27f4aea5ae022fa7ce81919ea70c1614,f11cb62cb467d23ba3eb677f006b5bf3d305d3e47ba6bd571b83abda3ce99fdb,"[50256, 14832, 8255, 25, 317, 845, 8258, 3807, 13, 6602, 11352, 3681, 25]","[50256, 14832, 8255, 25, 317, 845, 2089, 1051, 13, 6602, 11352, 3681, 25]",13,13,True,A very funny movie.,A very bad sign.,tigges,True
sst_tigges_pythia_correct_test,5,sst-8315,sst-196,0,1,Review Text: A very bad sign. Review Sentiment:,Review Text: A very funny movie. Review Sentiment:,'Review Text: A very bad sign. Review Sentiment:','Review Text: A very funny movie. Review Sentiment:',52657669657720546578743a2041207665727920626164207369676e2e205265766965772053656e74696d656e743a,52657669657720546578743a204120766572792066756e6e79206d6f7669652e205265766965772053656e74696d656e743a,f11cb62cb467d23ba3eb677f006b5bf3d305d3e47ba6bd571b83abda3ce99fdb,3469927298e2e8790bbe78ad3de9d51c27f4aea5ae022fa7ce81919ea70c1614,"[50256, 14832, 8255, 25, 317, 845, 2089, 1051, 13, 6602, 11352, 3681, 25]","[50256, 14832, 8255, 25, 317, 845, 8258, 3807, 13, 6602, 11352, 3681, 25]",13,13,True,A very bad sign.,A very funny movie.,tigges,True
sst_tigges_pythia_correct_test,6,sst-847,sst-8154,1,0,Review Text: Worth the effort to watch. Review Sentiment:,"Review Text: A sour, nasty offering. Review Sentiment:",'Review Text: Worth the effort to watch. Review Sentiment:',"'Review Text: A sour, nasty offering. Review Sentiment:'",52657669657720546578743a20576f72746820746865206566666f727420746f2077617463682e205265766965772053656e74696d656e743a,52657669657720546578743a204120736f75722c206e61737479206f66666572696e672e205265766965772053656e74696d656e743a,76d3a414dc94968b6f99d3966c69590cbb44b27b1b6830ea9704bc0d60de6faf,0f95920a87ecc5f0d1c681a6bfc8cb827e0e98793dc87a9c8b9c64749259d70b,"[50256, 14832, 8255, 25, 22301, 262, 3626, 284, 2342, 13, 6602, 11352, 3681, 25]","[50256, 14832, 8255, 25, 317, 11348, 11, 17166, 6011, 13, 6602, 11352, 3681, 25]",14,14,True,Worth the effort to watch.,"A sour, nasty offering.",tigges,True
sst_tigges_pythia_correct_test,7,sst-8154,sst-847,0,1,"Review Text: A sour, nasty offering. Review Sentiment:",Review Text: Worth the effort to watch. Review Sentiment:,"'Review Text: A sour, nasty offering. Review Sentiment:'",'Review Text: Worth the effort to watch. Review Sentiment:',52657669657720546578743a204120736f75722c206e61737479206f66666572696e672e205265766965772053656e74696d656e743a,52657669657720546578743a20576f72746820746865206566666f727420746f2077617463682e205265766965772053656e74696d656e743a,0f95920a87ecc5f0d1c681a6bfc8cb827e0e98793dc87a9c8b9c64749259d70b,76d3a414dc94968b6f99d3966c69590cbb44b27b1b6830ea9704bc0d60de6faf,"[50256, 14832, 8255, 25, 317, 11348, 11, 17166, 6011, 13, 6602, 11352, 3681, 25]","[50256, 14832, 8255, 25, 22301, 262, 3626, 284, 2342, 13, 6602, 11352, 3681, 25]",14,14,True,"A sour, nasty offering.",Worth the effort to watch.,tigges,True
sst_tigges_pythia_correct_test,8,sst-1005,sst-7912,1,0,Review Text: This is one for the ages. Review Sentiment:,Review Text: The film seems a dead weight. Review Sentiment:,'Review Text: This is one for the ages. Review Sentiment:','Review Text: The film seems a dead weight. Review Sentiment:',52657669657720546578743a2054686973206973206f6e6520666f722074686520616765732e205265766965772053656e74696d656e743a,52657669657720546578743a205468652066696c6d207365656d7320612064656164207765696768742e205265766965772053656e74696d656e743a,e2ee7d879f7ee07b8713add777cf033531a3312adbf5cd880ff8ee6b95b4720b,0b22bccf84827428fe09b9e65826da0001ece664e09ff9551314047750aa7ec2,"[50256, 14832, 8255, 25, 770, 318, 530, 329, 262, 9337, 13, 6602, 11352, 3681, 25]","[50256, 14832, 8255, 25, 383, 2646, 2331, 257, 2636, 3463, 13, 6602, 11352, 3681, 25]",15,15,True,This is one for the ages.,The film seems a dead weight.,tigges,True
sst_tigges_pythia_correct_test,9,sst-7912,sst-1005,0,1,Review Text: The film seems a dead weight. Review Sentiment:,Review Text: This is one for the ages. Review Sentiment:,'Review Text: The film seems a dead weight. Review Sentiment:','Review Text: This is one for the ages. Review Sentiment:',52657669657720546578743a205468652066696c6d207365656d7320612064656164207765696768742e205265766965772053656e74696d656e743a,52657669657720546578743a2054686973206973206f6e6520666f722074686520616765732e205265766965772053656e74696d656e743a,0b22bccf84827428fe09b9e65826da0001ece664e09ff9551314047750aa7ec2,e2ee7d879f7ee07b8713add777cf033531a3312adbf5cd880ff8ee6b95b4720b,"[50256, 14832, 8255, 25, 383, 2646, 2331, 257, 2636, 3463, 13, 6602, 11352, 3681, 25]","[50256, 14832, 8255, 25, 770, 318, 530, 329, 262, 9337, 13, 6602, 11352, 3681, 25]",15,15,True,The film seems a dead weight.,This is one for the ages.,tigges,True
sst_tigges_pythia_correct_test,10,sst-208,sst-8717,1,0,Review Text: I admired this work a lot. Review Sentiment:,Review Text: A very average science fiction film. Review Sentiment:,'Review Text: I admired this work a lot. Review Sentiment:','Review Text: A very average science fiction film. Review Sentiment:',52657669657720546578743a20492061646d69726564207468697320776f726b2061206c6f742e205265766965772053656e74696d656e743a,52657669657720546578743a20412076657279206176657261676520736369656e63652066696374696f6e2066696c6d2e205265766965772053656e74696d656e743a,769c07e7b20598bc369262dfdb940e4f46ea6b9b90c9f55c3163dec6ddf6794b,c424ccfa5f6d501fc6f6b9c2fa21f61fe12f4869d2f8ed65b0331489a505ff02,"[50256, 14832, 8255, 25, 314, 29382, 428, 670, 257, 1256, 13, 6602, 11352, 3681, 25]","[50256, 14832, 8255, 25, 317, 845, 2811, 3783, 10165, 2646, 13, 6602, 11352, 3681, 25]",15,15,True,I admired this work a lot.,A very average science fiction film.,tigges,True
sst_tigges_pythia_correct_test,11,sst-8717,sst-208,0,1,Review Text: A very average science fiction film. Review Sentiment:,Review Text: I admired this work a lot. Review Sentiment:,'Review Text: A very average science fiction film. Review Sentiment:','Review Text: I admired this work a lot. Review Sentiment:',52657669657720546578743a20412076657279206176657261676520736369656e63652066696374696f6e2066696c6d2e205265766965772053656e74696d656e743a,52657669657720546578743a20492061646d69726564207468697320776f726b2061206c6f742e205265766965772053656e74696d656e743a,c424ccfa5f6d501fc6f6b9c2fa21f61fe12f4869d2f8ed65b0331489a505ff02,769c07e7b20598bc369262dfdb940e4f46ea6b9b90c9f55c3163dec6ddf6794b,"[50256, 14832, 8255, 25, 317, 845, 2811, 3783, 10165, 2646, 13, 6602, 11352, 3681, 25]","[50256, 14832, 8255, 25, 314, 29382, 428, 670, 257, 1256, 13, 6602, 11352, 3681, 25]",15,15,True,A very average science fiction film.,I admired this work a lot.,tigges,True
sst_tigges_pythia_correct_test,12,sst-177,sst-8666,1,0,Review Text: A solidly seaworthy chiller. Review Sentiment:,Review Text: The movie gets muted and routine. Review Sentiment:,'Review Text: A solidly seaworthy chiller. Review Sentiment:','Review Text: The movie gets muted and routine. Review Sentiment:',52657669657720546578743a204120736f6c69646c7920736561776f72746879206368696c6c65722e205265766965772053656e74696d656e743a,52657669657720546578743a20546865206d6f7669652067657473206d7574656420616e6420726f7574696e652e205265766965772053656e74696d656e743a,f7b2fcab45c6f33f5242fa0e49737869b1255f409cd7b7fc2f43e3df9322540e,f608df3f2e952570e04ad0524a466bac9cbc199ffd422c9a6c2d86013bd9b34d,"[50256, 14832, 8255, 25, 317, 49549, 32085, 18906, 442, 4665, 13, 6602, 11352, 3681, 25]","[50256, 14832, 8255, 25, 383, 3807, 3011, 38952, 290, 8027, 13, 6602, 11352, 3681, 25]",15,15,True,A solidly seaworthy chiller.,The movie gets muted and routine.,tigges,True
sst_tigges_pythia_correct_test,13,sst-8666,sst-177,0,1,Review Text: The movie gets muted and routine. Review Sentiment:,Review Text: A solidly seaworthy chiller. Review Sentiment:,'Review Text: The movie gets muted and routine. Review Sentiment:','Review Text: A solidly seaworthy chiller. Review Sentiment:',52657669657720546578743a20546865206d6f7669652067657473206d7574656420616e6420726f7574696e652e205265766965772053656e74696d656e743a,52657669657720546578743a204120736f6c69646c7920736561776f72746879206368696c6c65722e205265766965772053656e74696d656e743a,f608df3f2e952570e04ad0524a466bac9cbc199ffd422c9a6c2d86013bd9b34d,f7b2fcab45c6f33f5242fa0e49737869b1255f409cd7b7fc2f43e3df9322540e,"[50256, 14832, 8255, 25, 383, 3807, 3011, 38952, 290, 8027, 13, 6602, 11352, 3681, 25]","[50256, 14832, 8255, 25, 317, 49549, 32085, 18906, 442, 4665, 13, 6602, 11352, 3681, 25]",15,15,True,The movie gets muted and routine.,A solidly seaworthy chiller.,tigges,True
sst_tigges_pythia_correct_test,14,sst-390,sst-8825,1,0,Review Text: Energetic and boldly provocative. Review Sentiment:,Review Text: It settles for being merely grim. Review Sentiment:,'Review Text: Energetic and boldly provocative. Review Sentiment:','Review Text: It settles for being merely grim. Review Sentiment:',52657669657720546578743a20456e6572676574696320616e6420626f6c646c792070726f766f6361746976652e205265766965772053656e74696d656e743a,52657669657720546578743a20497420736574746c657320666f72206265696e67206d6572656c79206772696d2e205265766965772053656e74696d656e743a,7bb5c61de1badc65a6fa3471fbfdb43a3e4760bfac7743dfa776422d5f7d459f,a7d101297a46463e39cb45886c0a1d9887ae486a736b66bf99c09e34185e5d86,"[50256, 14832, 8255, 25, 412, 1008, 24321, 290, 42831, 28695, 13, 6602, 11352, 3681, 25]","[50256, 14832, 8255, 25, 632, 43684, 329, 852, 6974, 18288, 13, 6602, 11352, 3681, 25]",15,15,True,Energetic and boldly provocative.,It settles for being merely grim.,tigges,True
sst_tigges_pythia_correct_test,15,sst-8825,sst-390,0,1,Review Text: It settles for being merely grim. Review Sentiment:,Review Text: Energetic and boldly provocative. Review Sentiment:,'Review Text: It settles for being merely grim. Review Sentiment:','Review Text: Energetic and boldly provocative. Review Sentiment:',52657669657720546578743a20497420736574746c657320666f72206265696e67206d6572656c79206772696d2e205265766965772053656e74696d656e743a,52657669657720546578743a20456e6572676574696320616e6420626f6c646c792070726f766f6361746976652e205265766965772053656e74696d656e743a,a7d101297a46463e39cb45886c0a1d9887ae486a736b66bf99c09e34185e5d86,7bb5c61de1badc65a6fa3471fbfdb43a3e4760bfac7743dfa776422d5f7d459f,"[50256, 14832, 8255, 25, 632, 43684, 329, 852, 6974, 18288, 13, 6602, 11352, 3681, 25]","[50256, 14832, 8255, 25, 412, 1008, 24321, 290, 42831, 28695, 13, 6602, 11352, 3681, 25]",15,15,True,It settles for being merely grim.,Energetic and boldly provocative.,tigges,True
sst_tigges_pythia_correct_test,16,sst-941,sst-8241,1,0,Review Text: Not a bad journey at all. Review Sentiment:,Review Text: A dreadful live-action movie. Review Sentiment:,'Review Text: Not a bad journey at all. Review Sentiment:','Review Text: A dreadful live-action movie. Review Sentiment:',52657669657720546578743a204e6f74206120626164206a6f75726e657920617420616c6c2e205265766965772053656e74696d656e743a,52657669657720546578743a204120647265616466756c206c6976652d616374696f6e206d6f7669652e205265766965772053656e74696d656e743a,910c87d81915b4c711410def4bf98e8461241fefefc2ae3e7a6f151391a0d5f0,90d6947206a2e7a689088a1d22a587db1816c332056926ce1c073b24d19c3ab1,"[50256, 14832, 8255, 25, 1892, 257, 2089, 7002, 379, 477, 13, 6602, 11352, 3681, 25]","[50256, 14832, 8255, 25, 317, 35483, 2107, 12, 2673, 3807, 13, 6602, 11352, 3681, 25]",15,15,True,Not a bad journey at all.,A dreadful live-action movie.,tigges,True
sst_tigges_pythia_correct_test,17,sst-8241,sst-941,0,1,Review Text: A dreadful live-action movie. Review Sentiment:,Review Text: Not a bad journey at all. Review Sentiment:,'Review Text: A dreadful live-action movie. Review Sentiment:','Review Text: Not a bad journey at all. Review Sentiment:',52657669657720546578743a204120647265616466756c206c6976652d616374696f6e206d6f7669652e205265766965772053656e74696d656e743a,52657669657720546578743a204e6f74206120626164206a6f75726e657920617420616c6c2e205265766965772053656e74696d656e743a,90d6947206a2e7a689088a1d22a587db1816c332056926ce1c073b24d19c3ab1,910c87d81915b4c711410def4bf98e8461241fefefc2ae3e7a6f151391a0d5f0,"[50256, 14832, 8255, 25, 317, 35483, 2107, 12, 2673, 3807, 13, 6602, 11352, 3681, 25]","[50256, 14832, 8255, 25, 1892, 257, 2089, 7002, 379, 477, 13, 6602, 11352, 3681, 25]",15,15,True,A dreadful live-action movie.,Not a bad journey at all.,tigges,True
sst_tigges_pythia_correct_test,18,sst-322,sst-8751,1,0,"Review Text: Morton is, as usual, brilliant. Review Sentiment:",Review Text: Bad beyond belief and ridiculous beyond description. Review Sentiment:,"'Review Text: Morton is, as usual, brilliant. Review Sentiment:'",'Review Text: Bad beyond belief and ridiculous beyond description. Review Sentiment:',52657669657720546578743a204d6f72746f6e2069732c20617320757375616c2c206272696c6c69616e742e205265766965772053656e74696d656e743a,52657669657720546578743a20426164206265796f6e642062656c69656620616e64207269646963756c6f7573206265796f6e64206465736372697074696f6e2e205265766965772053656e74696d656e743a,a3c757cb602f588a9a69a9f32279ee05d7c3b098e5585ce7e34a49dea4a493c3,3b08939afc08c82080c980414b02c71b84178344d06aaad5faad8758e1756198,"[50256, 14832, 8255, 25, 35766, 318, 11, 355, 6678, 11, 10457, 13, 6602, 11352, 3681, 25]","[50256, 14832, 8255, 25, 7772, 3675, 4901, 290, 11441, 3675, 6764, 13, 6602, 11352, 3681, 25]",16,16,True,"Morton is, as usual, brilliant.",Bad beyond belief and ridiculous beyond description.,tigges,True
sst_tigges_pythia_correct_test,19,sst-8751,sst-322,0,1,Review Text: Bad beyond belief and ridiculous beyond description. Review Sentiment:,"Review Text: Morton is, as usual, brilliant. Review Sentiment:",'Review Text: Bad beyond belief and ridiculous beyond description. Review Sentiment:',"'Review Text: Morton is, as usual, brilliant. Review Sentiment:'",52657669657720546578743a20426164206265796f6e642062656c69656620616e64207269646963756c6f7573206265796f6e64206465736372697074696f6e2e205265766965772053656e74696d656e743a,52657669657720546578743a204d6f72746f6e2069732c20617320757375616c2c206272696c6c69616e742e205265766965772053656e74696d656e743a,3b08939afc08c82080c980414b02c71b84178344d06aaad5faad8758e1756198,a3c757cb602f588a9a69a9f32279ee05d7c3b098e5585ce7e34a49dea4a493c3,"[50256, 14832, 8255, 25, 7772, 3675, 4901, 290, 11441, 3675, 6764, 13, 6602, 11352, 3681, 25]","[50256, 14832, 8255, 25, 35766, 318, 11, 355, 6678, 11, 10457, 13, 6602, 11352, 3681, 25]",16,16,True,Bad beyond belief and ridiculous beyond description.,"Morton is, as usual, brilliant.",tigges,True
sst_tigges_pythia_correct_test,20,sst-1048,sst-9008,1,0,Review Text: The cast is uniformly excellent and relaxed. Review Sentiment:,"Review Text: A mild, reluctant, thumbs down. Review Sentiment:",'Review Text: The cast is uniformly excellent and relaxed. Review Sentiment:',"'Review Text: A mild, reluctant, thumbs down. Review Sentiment:'",52657669657720546578743a20546865206361737420697320756e69666f726d6c7920657863656c6c656e7420616e642072656c617865642e205265766965772053656e74696d656e743a,52657669657720546578743a2041206d696c642c2072656c756374616e742c207468756d627320646f776e2e205265766965772053656e74696d656e743a,6906572a04e988abddf44aeb4653f8594a75b486f2014d04bafc7d79bd2da129,685421ac112893b88cd80690f1bac47c44a51ad685b53e099e720556d1f96880,"[50256, 14832, 8255, 25, 383, 3350, 318, 42096, 6275, 290, 18397, 13, 6602, 11352, 3681, 25]","[50256, 14832, 8255, 25, 317, 11607, 11, 18416, 11, 32766, 866, 13, 6602, 11352, 3681, 25]",16,16,True,The cast is uniformly excellent and relaxed.,"A mild, reluctant, thumbs down.",tigges,True
sst_tigges_pythia_correct_test,21,sst-9008,sst-1048,0,1,"Review Text: A mild, reluctant, thumbs down. Review Sentiment:",Review Text: The cast is uniformly excellent and relaxed. Review Sentiment:,"'Review Text: A mild, reluctant, thumbs down. Review Sentiment:'",'Review Text: The cast is uniformly excellent and relaxed. Review Sentiment:',52657669657720546578743a2041206d696c642c2072656c756374616e742c207468756d627320646f776e2e205265766965772053656e74696d656e743a,52657669657720546578743a20546865206361737420697320756e69666f726d6c7920657863656c6c656e7420616e642072656c617865642e205265766965772053656e74696d656e743a,685421ac112893b88cd80690f1bac47c44a51ad685b53e099e720556d1f96880,6906572a04e988abddf44aeb4653f8594a75b486f2014d04bafc7d79bd2da129,"[50256, 14832, 8255, 25, 317, 11607, 11, 18416, 11, 32766, 866, 13, 6602, 11352, 3681, 25]","[50256, 14832, 8255, 25, 383, 3350, 318, 42096, 6275, 290, 18397, 13, 6602, 11352, 3681, 25]",16,16,True,"A mild, reluctant, thumbs down.",The cast is uniformly excellent and relaxed.,tigges,True
sst_tigges_pythia_correct_test,22,sst-19,sst-8164,1,0,Review Text: A masterpiece four years in the making. Review Sentiment:,Review Text: Much-anticipated and ultimately lackluster movie. Review Sentiment:,'Review Text: A masterpiece four years in the making. Review Sentiment:','Review Text: Much-anticipated and ultimately lackluster movie. Review Sentiment:',52657669657720546578743a2041206d6173746572706965636520666f757220796561727320696e20746865206d616b696e672e205265766965772053656e74696d656e743a,52657669657720546578743a204d7563682d616e74696369706174656420616e6420756c74696d6174656c79206c61636b6c7573746572206d6f7669652e205265766965772053656e74696d656e743a,01c64d4b615930821564ef9e7e52e3d39e4cbe3c00b4ab842e8a141c843f015c,376296637098b4aeccadfec1f885aac92c95e9803dd7f6ff5afb6925282392a5,"[50256, 14832, 8255, 25, 317, 30669, 1440, 812, 287, 262, 1642, 13, 6602, 11352, 3681, 25]","[50256, 14832, 8255, 25, 13111, 12, 45178, 290, 6165, 50146, 3807, 13, 6602, 11352, 3681, 25]",16,16,True,A masterpiece four years in the making.,Much-anticipated and ultimately lackluster movie.,tigges,True
sst_tigges_pythia_correct_test,23,sst-8164,sst-19,0,1,Review Text: Much-anticipated and ultimately lackluster movie. Review Sentiment:,Review Text: A masterpiece four years in the making. Review Sentiment:,'Review Text: Much-anticipated and ultimately lackluster movie. Review Sentiment:','Review Text: A masterpiece four years in the making. Review Sentiment:',52657669657720546578743a204d7563682d616e74696369706174656420616e6420756c74696d6174656c79206c61636b6c7573746572206d6f7669652e205265766965772053656e74696d656e743a,52657669657720546578743a2041206d6173746572706965636520666f757220796561727320696e20746865206d616b696e672e205265766965772053656e74696d656e743a,376296637098b4aeccadfec1f885aac92c95e9803dd7f6ff5afb6925282392a5,01c64d4b615930821564ef9e7e52e3d39e4cbe3c00b4ab842e8a141c843f015c,"[50256, 14832, 8255, 25, 13111, 12, 45178, 290, 6165, 50146, 3807, 13, 6602, 11352, 3681, 25]","[50256, 14832, 8255, 25, 317, 30669, 1440, 812, 287, 262, 1642, 13, 6602, 11352, 3681, 25]",16,16,True,Much-anticipated and ultimately lackluster movie.,A masterpiece four years in the making.,tigges,True
sst_tigges_pythia_correct_test,24,sst-3,sst-8592,1,0,Review Text: Effective but too-tepid biopic Review Sentiment:,Review Text: High Crimes miscasts nearly every leading character. Review Sentiment:,'Review Text: Effective but too-tepid biopic Review Sentiment:','Review Text: High Crimes miscasts nearly every leading character. Review Sentiment:',52657669657720546578743a204566666563746976652062757420746f6f2d74657069642062696f706963205265766965772053656e74696d656e743a,52657669657720546578743a2048696768204372696d6573206d69736361737473206e6561726c79206576657279206c656164696e67206368617261637465722e205265766965772053656e74696d656e743a,e3a6bfa73613add9f8014813523143264af36b2c5aa23f70c06334d9164995a5,33bb67824f1efa516f76c9c58a8ee6aaaea3c1f1630aa9fa6ac738e1ef6e920f,"[50256, 14832, 8255, 25, 29455, 475, 1165, 12, 83, 538, 312, 3182, 16603, 6602, 11352, 3681, 25]","[50256, 14832, 8255, 25, 3334, 32655, 12747, 5773, 3016, 790, 3756, 2095, 13, 6602, 11352, 3681, 25]",17,17,True,Effective but too-tepid biopic,High Crimes miscasts nearly every leading character.,tigges,True
sst_tigges_pythia_correct_test,25,sst-8592,sst-3,0,1,Review Text: High Crimes miscasts nearly every leading character. Review Sentiment:,Review Text: Effective but too-tepid biopic Review Sentiment:,'Review Text: High Crimes miscasts nearly every leading character. Review Sentiment:','Review Text: Effective but too-tepid biopic Review Sentiment:',52657669657720546578743a2048696768204372696d6573206d69736361737473206e6561726c79206576657279206c656164696e67206368617261637465722e205265766965772053656e74696d656e743a,52657669657720546578743a204566666563746976652062757420746f6f2d74657069642062696f706963205265766965772053656e74696d656e743a,33bb67824f1efa516f76c9c58a8ee6aaaea3c1f1630aa9fa6ac738e1ef6e920f,e3a6bfa73613add9f8014813523143264af36b2c5aa23f70c06334d9164995a5,"[50256, 14832, 8255, 25, 3334, 32655, 12747, 5773, 3016, 790, 3756, 2095, 13, 6602, 11352, 3681, 25]","[50256, 14832, 8255, 25, 29455, 475, 1165, 12, 83, 538, 312, 3182, 16603, 6602, 11352, 3681, 25]",17,17,True,High Crimes miscasts nearly every leading character.,Effective but too-tepid biopic,tigges,True
sst_tigges_pythia_correct_test,26,sst-306,sst-8712,1,0,"Review Text: The tone is balanced, reflective and reasonable. Review Sentiment:",Review Text: A predictable and stereotypical little B-movie. Review Sentiment:,"'Review Text: The tone is balanced, reflective and reasonable. Review Sentiment:'",'Review Text: A predictable and stereotypical little B-movie. Review Sentiment:',52657669657720546578743a2054686520746f6e652069732062616c616e6365642c207265666c65637469766520616e6420726561736f6e61626c652e205265766965772053656e74696d656e743a,52657669657720546578743a2041207072656469637461626c6520616e642073746572656f7479706963616c206c6974746c6520422d6d6f7669652e205265766965772053656e74696d656e743a,5ffb402b5e30178898efbd9fbdbc6d52f5453cc4b0bcff9a4200dcea614e7707,54569b073542b4a86f855d56105f86f05d988d16092f76de0f9dcf57a32cc991,"[50256, 14832, 8255, 25, 383, 8216, 318, 12974, 11, 28962, 290, 6397, 13, 6602, 11352, 3681, 25]","[50256, 14832, 8255, 25, 317, 20039, 290, 46112, 1310, 347, 12, 41364, 13, 6602, 11352, 3681, 25]",17,17,True,"The tone is balanced, reflective and reasonable.",A predictable and stereotypical little B-movie.,tigges,True
sst_tigges_pythia_correct_test,27,sst-8712,sst-306,0,1,Review Text: A predictable and stereotypical little B-movie. Review Sentiment:,"Review Text: The tone is balanced, reflective and reasonable. Review Sentiment:",'Review Text: A predictable and stereotypical little B-movie. Review Sentiment:',"'Review Text: The tone is balanced, reflective and reasonable. Review Sentiment:'",52657669657720546578743a2041207072656469637461626c6520616e642073746572656f7479706963616c206c6974746c6520422d6d6f7669652e205265766965772053656e74696d656e743a,52657669657720546578743a2054686520746f6e652069732062616c616e6365642c207265666c65637469766520616e6420726561736f6e61626c652e205265766965772053656e74696d656e743a,54569b073542b4a86f855d56105f86f05d988d16092f76de0f9dcf57a32cc991,5ffb402b5e30178898efbd9fbdbc6d52f5453cc4b0bcff9a4200dcea614e7707,"[50256, 14832, 8255, 25, 317, 20039, 290, 46112, 1310, 347, 12, 41364, 13, 6602, 11352, 3681, 25]","[50256, 14832, 8255, 25, 383, 8216, 318, 12974, 11, 28962, 290, 6397, 13, 6602, 11352, 3681, 25]",17,17,True,A predictable and stereotypical little B-movie.,"The tone is balanced, reflective and reasonable.",tigges,True
sst_tigges_pythia_correct_test,28,sst-8359,sst-8347,1,0,"Review Text: Oh, it's extreme, all right. Review Sentiment:",Review Text: Tom Green just gives them a bad odor. Review Sentiment:,"""Review Text: Oh, it's extreme, all right. Review Sentiment:""",'Review Text: Tom Green just gives them a bad odor. Review Sentiment:',52657669657720546578743a204f682c20697427732065787472656d652c20616c6c2072696768742e205265766965772053656e74696d656e743a,52657669657720546578743a20546f6d20477265656e206a757374206769766573207468656d206120626164206f646f722e205265766965772053656e74696d656e743a,a9902f9d54ccb23c9b929a06d8c708295751f266afc103fb2fc4c714b0f8b6d6,7bb524772840fbe6b1cbaafca16b18efc421132df2e29e9c4f9f9741c54e30c8,"[50256, 14832, 8255, 25, 3966, 11, 340, 338, 3257, 11, 477, 826, 13, 6602, 11352, 3681, 25]","[50256, 14832, 8255, 25, 4186, 3469, 655, 3607, 606, 257, 2089, 28192, 13, 6602, 11352, 3681, 25]",17,17,True,"Oh, it's extreme, all right.",Tom Green just gives them a bad odor.,tigges,True
sst_tigges_pythia_correct_test,29,sst-8347,sst-8359,0,1,Review Text: Tom Green just gives them a bad odor. Review Sentiment:,"Review Text: Oh, it's extreme, all right. Review Sentiment:",'Review Text: Tom Green just gives them a bad odor. Review Sentiment:',"""Review Text: Oh, it's extreme, all right. Review Sentiment:""",52657669657720546578743a20546f6d20477265656e206a757374206769766573207468656d206120626164206f646f722e205265766965772053656e74696d656e743a,52657669657720546578743a204f682c20697427732065787472656d652c20616c6c2072696768742e205265766965772053656e74696d656e743a,7bb524772840fbe6b1cbaafca16b18efc421132df2e29e9c4f9f9741c54e30c8,a9902f9d54ccb23c9b929a06d8c708295751f266afc103fb2fc4c714b0f8b6d6,"[50256, 14832, 8255, 25, 4186, 3469, 655, 3607, 606, 257, 2089, 28192, 13, 6602, 11352, 3681, 25]","[50256, 14832, 8255, 25, 3966, 11, 340, 338, 3257, 11, 477, 826, 13, 6602, 11352, 3681, 25]",17,17,True,Tom Green just gives them a bad odor.,"Oh, it's extreme, all right.",tigges,True
sst_tigges_pythia_correct_test,30,sst-350,sst-8215,1,0,Review Text: An intelligent fiction about learning through cultural clash. Review Sentiment:,Review Text: Godawful boring slug of a movie. Review Sentiment:,'Review Text: An intelligent fiction about learning through cultural clash. Review Sentiment:','Review Text: Godawful boring slug of a movie. Review Sentiment:',52657669657720546578743a20416e20696e74656c6c6967656e742066696374696f6e2061626f7574206c6561726e696e67207468726f7567682063756c747572616c20636c6173682e205265766965772053656e74696d656e743a,52657669657720546578743a20476f64617766756c20626f72696e6720736c7567206f662061206d6f7669652e205265766965772053656e74696d656e743a,4af3cb4a5faeae3f634dc51c34bb672f8a73d4a1ecf4553bd77635ce3f4d24df,92430e0442ac39370f98cdcef60ea380585a773dae764755188cec34e30db4e8,"[50256, 14832, 8255, 25, 1052, 12661, 10165, 546, 4673, 832, 6467, 19122, 13, 6602, 11352, 3681, 25]","[50256, 14832, 8255, 25, 1793, 707, 913, 14262, 31065, 286, 257, 3807, 13, 6602, 11352, 3681, 25]",17,17,True,An intelligent fiction about learning through cultural clash.,Godawful boring slug of a movie.,tigges,True
sst_tigges_pythia_correct_test,31,sst-8215,sst-350,0,1,Review Text: Godawful boring slug of a movie. Review Sentiment:,Review Text: An intelligent fiction about learning through cultural clash. Review Sentiment:,'Review Text: Godawful boring slug of a movie. Review Sentiment:','Review Text: An intelligent fiction about learning through cultural clash. Review Sentiment:',52657669657720546578743a20476f64617766756c20626f72696e6720736c7567206f662061206d6f7669652e205265766965772053656e74696d656e743a,52657669657720546578743a20416e20696e74656c6c6967656e742066696374696f6e2061626f7574206c6561726e696e67207468726f7567682063756c747572616c20636c6173682e205265766965772053656e74696d656e743a,92430e0442ac39370f98cdcef60ea380585a773dae764755188cec34e30db4e8,4af3cb4a5faeae3f634dc51c34bb672f8a73d4a1ecf4553bd77635ce3f4d24df,"[50256, 14832, 8255, 25, 1793, 707, 913, 14262, 31065, 286, 257, 3807, 13, 6602, 11352, 3681, 25]","[50256, 14832, 8255, 25, 1052, 12661, 10165, 546, 4673, 832, 6467, 19122, 13, 6602, 11352, 3681, 25]",17,17,True,Godawful boring slug of a movie.,An intelligent fiction about learning through cultural clash.,tigges,True
sst_tigges_pythia_correct_test,32,sst-396,sst-8473,1,0,Review Text: Jacquot's Tosca is a treat. Review Sentiment:,"Review Text: Now it's a bad, embarrassing movie. Review Sentiment:","""Review Text: Jacquot's Tosca is a treat. Review Sentiment:""","""Review Text: Now it's a bad, embarrassing movie. Review Sentiment:""",52657669657720546578743a204a616371756f74277320546f73636120697320612074726561742e205265766965772053656e74696d656e743a,52657669657720546578743a204e6f7720697427732061206261642c20656d62617272617373696e67206d6f7669652e205265766965772053656e74696d656e743a,f30eb0f27ada9cc903abad6b62a4840b8a7c8d23749b2ba9800b4d7d3f38de65,a0a27953d2cc0076d2f73c09c43743606395adfbd753c231a1d1443152e576d6,"[50256, 14832, 8255, 25, 44726, 313, 338, 40195, 6888, 318, 257, 2190, 13, 6602, 11352, 3681, 25]","[50256, 14832, 8255, 25, 2735, 340, 338, 257, 2089, 11, 18997, 3807, 13, 6602, 11352, 3681, 25]",17,17,True,Jacquot's Tosca is a treat.,"Now it's a bad, embarrassing movie.",tigges,True
sst_tigges_pythia_correct_test,33,sst-8473,sst-396,0,1,"Review Text: Now it's a bad, embarrassing movie. Review Sentiment:",Review Text: Jacquot's Tosca is a treat. Review Sentiment:,"""Review Text: Now it's a bad, embarrassing movie. Review Sentiment:""","""Review Text: Jacquot's Tosca is a treat. Review Sentiment:""",52657669657720546578743a204e6f7720697427732061206261642c20656d62617272617373696e67206d6f7669652e205265766965772053656e74696d656e743a,52657669657720546578743a204a616371756f74277320546f73636120697320612074726561742e205265766965772053656e74696d656e743a,a0a27953d2cc0076d2f73c09c43743606395adfbd753c231a1d1443152e576d6,f30eb0f27ada9cc903abad6b62a4840b8a7c8d23749b2ba9800b4d7d3f38de65,"[50256, 14832, 8255, 25, 2735, 340, 338, 257, 2089, 11, 18997, 3807, 13, 6602, 11352, 3681, 25]","[50256, 14832, 8255, 25, 44726, 313, 338, 40195, 6888, 318, 257, 2190, 13, 6602, 11352, 3681, 25]",17,17,True,"Now it's a bad, embarrassing movie.",Jacquot's Tosca is a treat.,tigges,True
sst_tigges_pythia_correct_test,34,sst-898,sst-8996,1,0,Review Text: A worthy entry into a very difficult genre. Review Sentiment:,Review Text: The story... is moldy and obvious. Review Sentiment:,'Review Text: A worthy entry into a very difficult genre. Review Sentiment:','Review Text: The story... is moldy and obvious. Review Sentiment:',52657669657720546578743a204120776f7274687920656e74727920696e746f2061207665727920646966666963756c742067656e72652e205265766965772053656e74696d656e743a,52657669657720546578743a205468652073746f72792e2e2e206973206d6f6c647920616e64206f6276696f75732e205265766965772053656e74696d656e743a,d45cc7db0970822bb31d56cc45518e49a14408630001926e8c9ace6c3d589c3a,bd2e76e14ce5e40744e5b305105eb954c783d42bfec508df93d877bf1ff3dc69,"[50256, 14832, 8255, 25, 317, 12733, 5726, 656, 257, 845, 2408, 12121, 13, 6602, 11352, 3681, 25]","[50256, 14832, 8255, 25, 383, 1621, 986, 318, 15936, 88, 290, 3489, 13, 6602, 11352, 3681, 25]",17,17,True,A worthy entry into a very difficult genre.,The story... is moldy and obvious.,tigges,True
sst_tigges_pythia_correct_test,35,sst-8996,sst-898,0,1,Review Text: The story... is moldy and obvious. Review Sentiment:,Review Text: A worthy entry into a very difficult genre. Review Sentiment:,'Review Text: The story... is moldy and obvious. Review Sentiment:','Review Text: A worthy entry into a very difficult genre. Review Sentiment:',52657669657720546578743a205468652073746f72792e2e2e206973206d6f6c647920616e64206f6276696f75732e205265766965772053656e74696d656e743a,52657669657720546578743a204120776f7274687920656e74727920696e746f2061207665727920646966666963756c742067656e72652e205265766965772053656e74696d656e743a,bd2e76e14ce5e40744e5b305105eb954c783d42bfec508df93d877bf1ff3dc69,d45cc7db0970822bb31d56cc45518e49a14408630001926e8c9ace6c3d589c3a,"[50256, 14832, 8255, 25, 383, 1621, 986, 318, 15936, 88, 290, 3489, 13, 6602, 11352, 3681, 25]","[50256, 14832, 8255, 25, 317, 12733, 5726, 656, 257, 845, 2408, 12121, 13, 6602, 11352, 3681, 25]",17,17,True,The story... is moldy and obvious.,A worthy entry into a very difficult genre.,tigges,True
sst_tigges_pythia_correct_test,36,sst-633,sst-8564,1,0,"Review Text: And in this regard, On Guard delivers. Review Sentiment:",Review Text: An awkward and indigestible movie. Review Sentiment:,"'Review Text: And in this regard, On Guard delivers. Review Sentiment:'",'Review Text: An awkward and indigestible movie. Review Sentiment:',52657669657720546578743a20416e6420696e2074686973207265676172642c204f6e2047756172642064656c69766572732e205265766965772053656e74696d656e743a,52657669657720546578743a20416e2061776b7761726420616e6420696e64696765737469626c65206d6f7669652e205265766965772053656e74696d656e743a,a1f9abc915e0215dea3c9366bf463ed37e132d72d30e8e2ca14589b9322a9e9a,3523d006206aaca7dc6564f1cfb4e6cd8bdcb34d6574a74f71efe07b854ab0e9,"[50256, 14832, 8255, 25, 843, 287, 428, 2754, 11, 1550, 4932, 16316, 13, 6602, 11352, 3681, 25]","[50256, 14832, 8255, 25, 1052, 13006, 290, 773, 328, 395, 856, 3807, 13, 6602, 11352, 3681, 25]",17,17,True,"And in this regard, On Guard delivers.",An awkward and indigestible movie.,tigges,True
sst_tigges_pythia_correct_test,37,sst-8564,sst-633,0,1,Review Text: An awkward and indigestible movie. Review Sentiment:,"Review Text: And in this regard, On Guard delivers. Review Sentiment:",'Review Text: An awkward and indigestible movie. Review Sentiment:',"'Review Text: And in this regard, On Guard delivers. Review Sentiment:'",52657669657720546578743a20416e2061776b7761726420616e6420696e64696765737469626c65206d6f7669652e205265766965772053656e74696d656e743a,52657669657720546578743a20416e6420696e2074686973207265676172642c204f6e2047756172642064656c69766572732e205265766965772053656e74696d656e743a,3523d006206aaca7dc6564f1cfb4e6cd8bdcb34d6574a74f71efe07b854ab0e9,a1f9abc915e0215dea3c9366bf463ed37e132d72d30e8e2ca14589b9322a9e9a,"[50256, 14832, 8255, 25, 1052, 13006, 290, 773, 328, 395, 856, 3807, 13, 6602, 11352, 3681, 25]","[50256, 14832, 8255, 25, 843, 287, 428, 2754, 11, 1550, 4932, 16316, 13, 6602, 11352, 3681, 25]",17,17,True,An awkward and indigestible movie.,"And in this regard, On Guard delivers.",tigges,True
sst_tigges_pythia_correct_test,38,sst-97,sst-8465,1,0,Review Text: The tenderness of the piece is still intact. Review Sentiment:,Review Text: An instant candidate for worst movie of the year. Review Sentiment:,'Review Text: The tenderness of the piece is still intact. Review Sentiment:','Review Text: An instant candidate for worst movie of the year. Review Sentiment:',52657669657720546578743a205468652074656e6465726e657373206f6620746865207069656365206973207374696c6c20696e746163742e205265766965772053656e74696d656e743a,52657669657720546578743a20416e20696e7374616e742063616e64696461746520666f7220776f727374206d6f766965206f662074686520796561722e205265766965772053656e74696d656e743a,f79900efea0dff1a118f38b3663d06c93dbd852289f2b3179c0c7ea5fa6403dc,8b2d48ca085103a2112eee4654c5bc3cbe43f81882d9f0f49e1538577133ae75,"[50256, 14832, 8255, 25, 383, 15403, 1108, 286, 262, 3704, 318, 991, 16572, 13, 6602, 11352, 3681, 25]","[50256, 14832, 8255, 25, 1052, 9113, 4540, 329, 5290, 3807, 286, 262, 614, 13, 6602, 11352, 3681, 25]",18,18,True,The tenderness of the piece is still intact.,An instant candidate for worst movie of the year.,tigges,True
sst_tigges_pythia_correct_test,39,sst-8465,sst-97,0,1,Review Text: An instant candidate for worst movie of the year. Review Sentiment:,Review Text: The tenderness of the piece is still intact. Review Sentiment:,'Review Text: An instant candidate for worst movie of the year. Review Sentiment:','Review Text: The tenderness of the piece is still intact. Review Sentiment:',52657669657720546578743a20416e20696e7374616e742063616e64696461746520666f7220776f727374206d6f766965206f662074686520796561722e205265766965772053656e74696d656e743a,52657669657720546578743a205468652074656e6465726e657373206f6620746865207069656365206973207374696c6c20696e746163742e205265766965772053656e74696d656e743a,8b2d48ca085103a2112eee4654c5bc3cbe43f81882d9f0f49e1538577133ae75,f79900efea0dff1a118f38b3663d06c93dbd852289f2b3179c0c7ea5fa6403dc,"[50256, 14832, 8255, 25, 1052, 9113, 4540, 329, 5290, 3807, 286, 262, 614, 13, 6602, 11352, 3681, 25]","[50256, 14832, 8255, 25, 383, 15403, 1108, 286, 262, 3704, 318, 991, 16572, 13, 6602, 11352, 3681, 25]",18,18,True,An instant candidate for worst movie of the year.,The tenderness of the piece is still intact.,tigges,True
sst_tigges_pythia_correct_test,40,sst-982,sst-8856,1,0,"Review Text: Marvelous, merry and, yes, melancholy film. Review Sentiment:",Review Text: The movie quickly drags on becoming boring and predictable. Review Sentiment:,"'Review Text: Marvelous, merry and, yes, melancholy film. Review Sentiment:'",'Review Text: The movie quickly drags on becoming boring and predictable. Review Sentiment:',52657669657720546578743a204d617276656c6f75732c206d6572727920616e642c207965732c206d656c616e63686f6c792066696c6d2e205265766965772053656e74696d656e743a,52657669657720546578743a20546865206d6f76696520717569636b6c79206472616773206f6e206265636f6d696e6720626f72696e6720616e64207072656469637461626c652e205265766965772053656e74696d656e743a,f8710f596bdbb5b52ff0eeb7cb53803a154ec00779d530e6c72fb6f89597c378,83ffee550bf0603b2ef7d28efe7fb513801ce320e7c5bfed53474466f8c4985c,"[50256, 14832, 8255, 25, 9923, 516, 11, 44570, 290, 11, 3763, 11, 47886, 2646, 13, 6602, 11352, 3681, 25]","[50256, 14832, 8255, 25, 383, 3807, 2952, 1553, 3775, 319, 5033, 14262, 290, 20039, 13, 6602, 11352, 3681, 25]",19,19,True,"Marvelous, merry and, yes, melancholy film.",The movie quickly drags on becoming boring and predictable.,tigges,True
sst_tigges_pythia_correct_test,41,sst-8856,sst-982,0,1,Review Text: The movie quickly drags on becoming boring and predictable. Review Sentiment:,"Review Text: Marvelous, merry and, yes, melancholy film. Review Sentiment:",'Review Text: The movie quickly drags on becoming boring and predictable. Review Sentiment:',"'Review Text: Marvelous, merry and, yes, melancholy film. Review Sentiment:'",52657669657720546578743a20546865206d6f76696520717569636b6c79206472616773206f6e206265636f6d696e6720626f72696e6720616e64207072656469637461626c652e205265766965772053656e74696d656e743a,52657669657720546578743a204d617276656c6f75732c206d6572727920616e642c207965732c206d656c616e63686f6c792066696c6d2e205265766965772053656e74696d656e743a,83ffee550bf0603b2ef7d28efe7fb513801ce320e7c5bfed53474466f8c4985c,f8710f596bdbb5b52ff0eeb7cb53803a154ec00779d530e6c72fb6f89597c378,"[50256, 14832, 8255, 25, 383, 3807, 2952, 1553, 3775, 319, 5033, 14262, 290, 20039, 13, 6602, 11352, 3681, 25]","[50256, 14832, 8255, 25, 9923, 516, 11, 44570, 290, 11, 3763, 11, 47886, 2646, 13, 6602, 11352, 3681, 25]",19,19,True,The movie quickly drags on becoming boring and predictable.,"Marvelous, merry and, yes, melancholy film.",tigges,True
sst_tigges_pythia_correct_test,42,sst-533,sst-8296,1,0,Review Text: This is a very fine movie--go see it. Review Sentiment:,"Review Text: When the plot kicks in, the film loses credibility. Review Sentiment:",'Review Text: This is a very fine movie--go see it. Review Sentiment:',"'Review Text: When the plot kicks in, the film loses credibility. Review Sentiment:'",52657669657720546578743a2054686973206973206120766572792066696e65206d6f7669652d2d676f207365652069742e205265766965772053656e74696d656e743a,52657669657720546578743a205768656e2074686520706c6f74206b69636b7320696e2c207468652066696c6d206c6f73657320637265646962696c6974792e205265766965772053656e74696d656e743a,7ce5296be0e735096e1cb23cdb5ed74f411ac485023c142d77b798c92b1bed76,41b64bd2ee806f599aef30db89e7c22ea6cfb1ba3f29d8e11f2583d6e06cbe83,"[50256, 14832, 8255, 25, 770, 318, 257, 845, 3734, 3807, 438, 2188, 766, 340, 13, 6602, 11352, 3681, 25]","[50256, 14832, 8255, 25, 1649, 262, 7110, 17364, 287, 11, 262, 2646, 14754, 16532, 13, 6602, 11352, 3681, 25]",19,19,True,This is a very fine movie--go see it.,"When the plot kicks in, the film loses credibility.",tigges,True
sst_tigges_pythia_correct_test,43,sst-8296,sst-533,0,1,"Review Text: When the plot kicks in, the film loses credibility. Review Sentiment:",Review Text: This is a very fine movie--go see it. Review Sentiment:,"'Review Text: When the plot kicks in, the film loses credibility. Review Sentiment:'",'Review Text: This is a very fine movie--go see it. Review Sentiment:',52657669657720546578743a205768656e2074686520706c6f74206b69636b7320696e2c207468652066696c6d206c6f73657320637265646962696c6974792e205265766965772053656e74696d656e743a,52657669657720546578743a2054686973206973206120766572792066696e65206d6f7669652d2d676f207365652069742e205265766965772053656e74696d656e743a,41b64bd2ee806f599aef30db89e7c22ea6cfb1ba3f29d8e11f2583d6e06cbe83,7ce5296be0e735096e1cb23cdb5ed74f411ac485023c142d77b798c92b1bed76,"[50256, 14832, 8255, 25, 1649, 262, 7110, 17364, 287, 11, 262, 2646, 14754, 16532, 13, 6602, 11352, 3681, 25]","[50256, 14832, 8255, 25, 770, 318, 257, 845, 3734, 3807, 438, 2188, 766, 340, 13, 6602, 11352, 3681, 25]",19,19,True,"When the plot kicks in, the film loses credibility.",This is a very fine movie--go see it.,tigges,True
sst_tigges_pythia_correct_test,44,sst-890,sst-8508,1,0,Review Text: Davis has filled out his cast with appealing fresh faces. Review Sentiment:,Review Text: Flaccid drama and exasperatingly slow journey. Review Sentiment:,'Review Text: Davis has filled out his cast with appealing fresh faces. Review Sentiment:','Review Text: Flaccid drama and exasperatingly slow journey. Review Sentiment:',52657669657720546578743a204461766973206861732066696c6c6564206f757420686973206361737420776974682061707065616c696e672066726573682066616365732e205265766965772053656e74696d656e743a,52657669657720546578743a20466c6163636964206472616d6120616e6420657861737065726174696e676c7920736c6f77206a6f75726e65792e205265766965772053656e74696d656e743a,b5190cf76cd468c2e21bec463e0723c507380d2c1700c20d3e8e24b005a34fb2,2f2e3016174fc7d66f04def3cfc6ac0fc04f4ef7e5336e12cec1bf19c9c81f92,"[50256, 14832, 8255, 25, 7802, 468, 5901, 503, 465, 3350, 351, 16403, 4713, 6698, 13, 6602, 11352, 3681, 25]","[50256, 14832, 8255, 25, 1610, 4134, 312, 10512, 290, 41851, 803, 306, 3105, 7002, 13, 6602, 11352, 3681, 25]",19,19,True,Davis has filled out his cast with appealing fresh faces.,Flaccid drama and exasperatingly slow journey.,tigges,True
sst_tigges_pythia_correct_test,45,sst-8508,sst-890,0,1,Review Text: Flaccid drama and exasperatingly slow journey. Review Sentiment:,Review Text: Davis has filled out his cast with appealing fresh faces. Review Sentiment:,'Review Text: Flaccid drama and exasperatingly slow journey. Review Sentiment:','Review Text: Davis has filled out his cast with appealing fresh faces. Review Sentiment:',52657669657720546578743a20466c6163636964206472616d6120616e6420657861737065726174696e676c7920736c6f77206a6f75726e65792e205265766965772053656e74696d656e743a,52657669657720546578743a204461766973206861732066696c6c6564206f757420686973206361737420776974682061707065616c696e672066726573682066616365732e205265766965772053656e74696d656e743a,2f2e3016174fc7d66f04def3cfc6ac0fc04f4ef7e5336e12cec1bf19c9c81f92,b5190cf76cd468c2e21bec463e0723c507380d2c1700c20d3e8e24b005a34fb2,"[50256, 14832, 8255, 25, 1610, 4134, 312, 10512, 290, 41851, 803, 306, 3105, 7002, 13, 6602, 11352, 3681, 25]","[50256, 14832, 8255, 25, 7802, 468, 5901, 503, 465, 3350, 351, 16403, 4713, 6698, 13, 6602, 11352, 3681, 25]",19,19,True,Flaccid drama and exasperatingly slow journey.,Davis has filled out his cast with appealing fresh faces.,tigges,True
sst_tigges_pythia_correct_test,46,sst-811,sst-8288,1,0,"Review Text: Sharp, lively, funny and ultimately sobering film. Review Sentiment:",Review Text: Mocking them now is an exercise in pointlessness. Review Sentiment:,"'Review Text: Sharp, lively, funny and ultimately sobering film. Review Sentiment:'",'Review Text: Mocking them now is an exercise in pointlessness. Review Sentiment:',52657669657720546578743a2053686172702c206c6976656c792c2066756e6e7920616e6420756c74696d6174656c7920736f626572696e672066696c6d2e205265766965772053656e74696d656e743a,52657669657720546578743a204d6f636b696e67207468656d206e6f7720697320616e20657865726369736520696e20706f696e746c6573736e6573732e205265766965772053656e74696d656e743a,47b1afaa70994c767f8689c7d12c278af5cbfc4c0c46f121b9b0a48000fe305f,a21e76ef40093d142a29fc640065ac9391e0763d139b85892b9b2b8111730c8e,"[50256, 14832, 8255, 25, 22835, 11, 29696, 11, 8258, 290, 6165, 24281, 278, 2646, 13, 6602, 11352, 3681, 25]","[50256, 14832, 8255, 25, 337, 8629, 606, 783, 318, 281, 5517, 287, 966, 17587, 13, 6602, 11352, 3681, 25]",19,19,True,"Sharp, lively, funny and ultimately sobering film.",Mocking them now is an exercise in pointlessness.,tigges,True
sst_tigges_pythia_correct_test,47,sst-8288,sst-811,0,1,Review Text: Mocking them now is an exercise in pointlessness. Review Sentiment:,"Review Text: Sharp, lively, funny and ultimately sobering film. Review Sentiment:",'Review Text: Mocking them now is an exercise in pointlessness. Review Sentiment:',"'Review Text: Sharp, lively, funny and ultimately sobering film. Review Sentiment:'",52657669657720546578743a204d6f636b696e67207468656d206e6f7720697320616e20657865726369736520696e20706f696e746c6573736e6573732e205265766965772053656e74696d656e743a,52657669657720546578743a2053686172702c206c6976656c792c2066756e6e7920616e6420756c74696d6174656c7920736f626572696e672066696c6d2e205265766965772053656e74696d656e743a,a21e76ef40093d142a29fc640065ac9391e0763d139b85892b9b2b8111730c8e,47b1afaa70994c767f8689c7d12c278af5cbfc4c0c46f121b9b0a48000fe305f,"[50256, 14832, 8255, 25, 337, 8629, 606, 783, 318, 281, 5517, 287, 966, 17587, 13, 6602, 11352, 3681, 25]","[50256, 14832, 8255, 25, 22835, 11, 29696, 11, 8258, 290, 6165, 24281, 278, 2646, 13, 6602, 11352, 3681, 25]",19,19,True,Mocking them now is an exercise in pointlessness.,"Sharp, lively, funny and ultimately sobering film.",tigges,True
sst_tigges_pythia_correct_test,48,sst-755,sst-8513,1,0,Review Text: A refreshingly authentic coming-of-age tale. Review Sentiment:,"Review Text: A trashy, exploitative, thoroughly unpleasant experience. Review Sentiment:",'Review Text: A refreshingly authentic coming-of-age tale. Review Sentiment:',"'Review Text: A trashy, exploitative, thoroughly unpleasant experience. Review Sentiment:'",52657669657720546578743a20412072656672657368696e676c792061757468656e74696320636f6d696e672d6f662d6167652074616c652e205265766965772053656e74696d656e743a,52657669657720546578743a2041207472617368792c206578706c6f697461746976652c2074686f726f7567686c7920756e706c656173616e7420657870657269656e63652e205265766965772053656e74696d656e743a,33f77612192a8ef9a9c6c355d438a3147cf01f93f71547adfa191c35246d6464,bf9244dbc71c23edaf33a7a672d1db7234cd593c723aa44aa90f862decf73ac2,"[50256, 14832, 8255, 25, 317, 23056, 306, 16425, 2406, 12, 1659, 12, 496, 12838, 13, 6602, 11352, 3681, 25]","[50256, 14832, 8255, 25, 317, 13913, 88, 11, 6694, 12464, 11, 13770, 22029, 1998, 13, 6602, 11352, 3681, 25]",19,19,True,A refreshingly authentic coming-of-age tale.,"A trashy, exploitative, thoroughly unpleasant experience.",tigges,True
sst_tigges_pythia_correct_test,49,sst-8513,sst-755,0,1,"Review Text: A trashy, exploitative, thoroughly unpleasant experience. Review Sentiment:",Review Text: A refreshingly authentic coming-of-age tale. Review Sentiment:,"'Review Text: A trashy, exploitative, thoroughly unpleasant experience. Review Sentiment:'",'Review Text: A refreshingly authentic coming-of-age tale. Review Sentiment:',52657669657720546578743a2041207472617368792c206578706c6f697461746976652c2074686f726f7567686c7920756e706c656173616e7420657870657269656e63652e205265766965772053656e74696d656e743a,52657669657720546578743a20412072656672657368696e676c792061757468656e74696320636f6d696e672d6f662d6167652074616c652e205265766965772053656e74696d656e743a,bf9244dbc71c23edaf33a7a672d1db7234cd593c723aa44aa90f862decf73ac2,33f77612192a8ef9a9c6c355d438a3147cf01f93f71547adfa191c35246d6464,"[50256, 14832, 8255, 25, 317, 13913, 88, 11, 6694, 12464, 11, 13770, 22029, 1998, 13, 6602, 11352, 3681, 25]","[50256, 14832, 8255, 25, 317, 23056, 306, 16425, 2406, 12, 1659, 12, 496, 12838, 13, 6602, 11352, 3681, 25]",19,19,True,"A trashy, exploitative, thoroughly unpleasant experience.",A refreshingly authentic coming-of-age tale.,tigges,True
sst_tigges_pythia_correct_test,50,sst-922,sst-8206,1,0,"Review Text: An elegant, exquisitely modulated psychological thriller. Review Sentiment:",Review Text: A didactic and dull documentary glorifying software anarchy. Review Sentiment:,"'Review Text: An elegant, exquisitely modulated psychological thriller. Review Sentiment:'",'Review Text: A didactic and dull documentary glorifying software anarchy. Review Sentiment:',52657669657720546578743a20416e20656c6567616e742c206578717569736974656c79206d6f64756c617465642070737963686f6c6f676963616c20746872696c6c65722e205265766965772053656e74696d656e743a,52657669657720546578743a204120646964616374696320616e642064756c6c20646f63756d656e7461727920676c6f72696679696e6720736f66747761726520616e61726368792e205265766965772053656e74696d656e743a,b9d8649dd449b3eec549500c6cd33c71e1ce77969fc461dc4b23b725a9388407,3ab2c073825ebe695821253c2602eb2c7ff41634cec001ecb370cb4e717c4431,"[50256, 14832, 8255, 25, 1052, 19992, 11, 33954, 271, 3973, 953, 4817, 10590, 32251, 13, 6602, 11352, 3681, 25]","[50256, 14832, 8255, 25, 317, 750, 12009, 290, 19222, 11648, 26996, 4035, 3788, 42856, 13, 6602, 11352, 3681, 25]",19,19,True,"An elegant, exquisitely modulated psychological thriller.",A didactic and dull documentary glorifying software anarchy.,tigges,True
sst_tigges_pythia_correct_test,51,sst-8206,sst-922,0,1,Review Text: A didactic and dull documentary glorifying software anarchy. Review Sentiment:,"Review Text: An elegant, exquisitely modulated psychological thriller. Review Sentiment:",'Review Text: A didactic and dull documentary glorifying software anarchy. Review Sentiment:',"'Review Text: An elegant, exquisitely modulated psychological thriller. Review Sentiment:'",52657669657720546578743a204120646964616374696320616e642064756c6c20646f63756d656e7461727920676c6f72696679696e6720736f66747761726520616e61726368792e205265766965772053656e74696d656e743a,52657669657720546578743a20416e20656c6567616e742c206578717569736974656c79206d6f64756c617465642070737963686f6c6f676963616c20746872696c6c65722e205265766965772053656e74696d656e743a,3ab2c073825ebe695821253c2602eb2c7ff41634cec001ecb370cb4e717c4431,b9d8649dd449b3eec549500c6cd33c71e1ce77969fc461dc4b23b725a9388407,"[50256, 14832, 8255, 25, 317, 750, 12009, 290, 19222, 11648, 26996, 4035, 3788, 42856, 13, 6602, 11352, 3681, 25]","[50256, 14832, 8255, 25, 1052, 19992, 11, 33954, 271, 3973, 953, 4817, 10590, 32251, 13, 6602, 11352, 3681, 25]",19,19,True,A didactic and dull documentary glorifying software anarchy.,"An elegant, exquisitely modulated psychological thriller.",tigges,True
sst_tigges_pythia_correct_test,52,sst-737,sst-8169,1,0,"Review Text: A deliciously mordant, bitter black comedy. Review Sentiment:",Review Text: Neither funny nor suspenseful nor particularly well-drawn. Review Sentiment:,"'Review Text: A deliciously mordant, bitter black comedy. Review Sentiment:'",'Review Text: Neither funny nor suspenseful nor particularly well-drawn. Review Sentiment:',52657669657720546578743a20412064656c6963696f75736c79206d6f7264616e742c2062697474657220626c61636b20636f6d6564792e205265766965772053656e74696d656e743a,52657669657720546578743a204e6569746865722066756e6e79206e6f722073757370656e736566756c206e6f7220706172746963756c61726c792077656c6c2d647261776e2e205265766965772053656e74696d656e743a,fb06ad25c9c414d76cb9b9a2761539775eb6dbce029846b61ed42e1211318f31,af0b47987496ac2f148be97a4883e7162b445eaaeb9af112a98eb04a3edbcea6,"[50256, 14832, 8255, 25, 317, 8675, 6819, 285, 585, 415, 11, 12922, 2042, 10997, 13, 6602, 11352, 3681, 25]","[50256, 14832, 8255, 25, 16126, 8258, 4249, 43527, 913, 4249, 3573, 880, 12, 41549, 13, 6602, 11352, 3681, 25]",19,19,True,"A deliciously mordant, bitter black comedy.",Neither funny nor suspenseful nor particularly well-drawn.,tigges,True
sst_tigges_pythia_correct_test,53,sst-8169,sst-737,0,1,Review Text: Neither funny nor suspenseful nor particularly well-drawn. Review Sentiment:,"Review Text: A deliciously mordant, bitter black comedy. Review Sentiment:",'Review Text: Neither funny nor suspenseful nor particularly well-drawn. Review Sentiment:',"'Review Text: A deliciously mordant, bitter black comedy. Review Sentiment:'",52657669657720546578743a204e6569746865722066756e6e79206e6f722073757370656e736566756c206e6f7220706172746963756c61726c792077656c6c2d647261776e2e205265766965772053656e74696d656e743a,52657669657720546578743a20412064656c6963696f75736c79206d6f7264616e742c2062697474657220626c61636b20636f6d6564792e205265766965772053656e74696d656e743a,af0b47987496ac2f148be97a4883e7162b445eaaeb9af112a98eb04a3edbcea6,fb06ad25c9c414d76cb9b9a2761539775eb6dbce029846b61ed42e1211318f31,"[50256, 14832, 8255, 25, 16126, 8258, 4249, 43527, 913, 4249, 3573, 880, 12, 41549, 13, 6602, 11352, 3681, 25]","[50256, 14832, 8255, 25, 317, 8675, 6819, 285, 585, 415, 11, 12922, 2042, 10997, 13, 6602, 11352, 3681, 25]",19,19,True,Neither funny nor suspenseful nor particularly well-drawn.,"A deliciously mordant, bitter black comedy.",tigges,True
sst_tigges_pythia_correct_test,54,sst-8312,sst-8297,1,0,Review Text: What would Jesus do if He was a film director? Review Sentiment:,Review Text: Credibility sinks into a mire of sentiment. Review Sentiment:,'Review Text: What would Jesus do if He was a film director? Review Sentiment:','Review Text: Credibility sinks into a mire of sentiment. Review Sentiment:',52657669657720546578743a205768617420776f756c64204a6573757320646f2069662048652077617320612066696c6d206469726563746f723f205265766965772053656e74696d656e743a,52657669657720546578743a20437265646962696c6974792073696e6b7320696e746f2061206d697265206f662073656e74696d656e742e205265766965772053656e74696d656e743a,079893fff6059c6211600a9f7629efd6f13f840015f8f8309b61ab67a50bae88,7ec108f3017d1ee0a83c81fe9f8d5063210023386df8c71365b3d27e83be1579,"[50256, 14832, 8255, 25, 1867, 561, 5803, 466, 611, 679, 373, 257, 2646, 3437, 30, 6602, 11352, 3681, 25]","[50256, 14832, 8255, 25, 327, 445, 2247, 38614, 656, 257, 285, 557, 286, 15598, 13, 6602, 11352, 3681, 25]",19,19,True,What would Jesus do if He was a film director?,Credibility sinks into a mire of sentiment.,tigges,True
sst_tigges_pythia_correct_test,55,sst-8297,sst-8312,0,1,Review Text: Credibility sinks into a mire of sentiment. Review Sentiment:,Review Text: What would Jesus do if He was a film director? Review Sentiment:,'Review Text: Credibility sinks into a mire of sentiment. Review Sentiment:','Review Text: What would Jesus do if He was a film director? Review Sentiment:',52657669657720546578743a20437265646962696c6974792073696e6b7320696e746f2061206d697265206f662073656e74696d656e742e205265766965772053656e74696d656e743a,52657669657720546578743a205768617420776f756c64204a6573757320646f2069662048652077617320612066696c6d206469726563746f723f205265766965772053656e74696d656e743a,7ec108f3017d1ee0a83c81fe9f8d5063210023386df8c71365b3d27e83be1579,079893fff6059c6211600a9f7629efd6f13f840015f8f8309b61ab67a50bae88,"[50256, 14832, 8255, 25, 327, 445, 2247, 38614, 656, 257, 285, 557, 286, 15598, 13, 6602, 11352, 3681, 25]","[50256, 14832, 8255, 25, 1867, 561, 5803, 466, 611, 679, 373, 257, 2646, 3437, 30, 6602, 11352, 3681, 25]",19,19,True,Credibility sinks into a mire of sentiment.,What would Jesus do if He was a film director?,tigges,True
sst_tigges_pythia_correct_test,56,sst-712,sst-8273,1,0,Review Text: Binoche and Magimel are perfect in these roles. Review Sentiment:,"Review Text: Scotland, Pa. is a strangely drab romp. Review Sentiment:",'Review Text: Binoche and Magimel are perfect in these roles. Review Sentiment:',"'Review Text: Scotland, Pa. is a strangely drab romp. Review Sentiment:'",52657669657720546578743a2042696e6f63686520616e64204d6167696d656c20617265207065726665637420696e20746865736520726f6c65732e205265766965772053656e74696d656e743a,52657669657720546578743a2053636f746c616e642c2050612e206973206120737472616e67656c79206472616220726f6d702e205265766965772053656e74696d656e743a,52e0823f6e1477d52538654274b16def31c4d1d099cdf80f26bbb2d0ab4db4d6,a94f982a655c38d7f3ddb80377c71201c15f45a5dfc5c0ce48accec178c6299c,"[50256, 14832, 8255, 25, 20828, 30848, 290, 2944, 320, 417, 389, 2818, 287, 777, 9176, 13, 6602, 11352, 3681, 25]","[50256, 14832, 8255, 25, 8838, 11, 11243, 13, 318, 257, 29381, 1553, 397, 374, 3361, 13, 6602, 11352, 3681, 25]",20,20,True,Binoche and Magimel are perfect in these roles.,"Scotland, Pa. is a strangely drab romp.",tigges,True
sst_tigges_pythia_correct_test,57,sst-8273,sst-712,0,1,"Review Text: Scotland, Pa. is a strangely drab romp. Review Sentiment:",Review Text: Binoche and Magimel are perfect in these roles. Review Sentiment:,"'Review Text: Scotland, Pa. is a strangely drab romp. Review Sentiment:'",'Review Text: Binoche and Magimel are perfect in these roles. Review Sentiment:',52657669657720546578743a2053636f746c616e642c2050612e206973206120737472616e67656c79206472616220726f6d702e205265766965772053656e74696d656e743a,52657669657720546578743a2042696e6f63686520616e64204d6167696d656c20617265207065726665637420696e20746865736520726f6c65732e205265766965772053656e74696d656e743a,a94f982a655c38d7f3ddb80377c71201c15f45a5dfc5c0ce48accec178c6299c,52e0823f6e1477d52538654274b16def31c4d1d099cdf80f26bbb2d0ab4db4d6,"[50256, 14832, 8255, 25, 8838, 11, 11243, 13, 318, 257, 29381, 1553, 397, 374, 3361, 13, 6602, 11352, 3681, 25]","[50256, 14832, 8255, 25, 20828, 30848, 290, 2944, 320, 417, 389, 2818, 287, 777, 9176, 13, 6602, 11352, 3681, 25]",20,20,True,"Scotland, Pa. is a strangely drab romp.",Binoche and Magimel are perfect in these roles.,tigges,True
sst_tigges_pythia_correct_test,58,sst-8013,sst-8318,1,0,"Review Text: When it's all wet, Blue Crush is highly enjoyable. Review Sentiment:","Review Text: Still, this thing feels flimsy and ephemeral. Review Sentiment:","""Review Text: When it's all wet, Blue Crush is highly enjoyable. Review Sentiment:""","'Review Text: Still, this thing feels flimsy and ephemeral. Review Sentiment:'",52657669657720546578743a205768656e206974277320616c6c207765742c20426c756520437275736820697320686967686c7920656e6a6f7961626c652e205265766965772053656e74696d656e743a,52657669657720546578743a205374696c6c2c2074686973207468696e67206665656c7320666c696d737920616e6420657068656d6572616c2e205265766965772053656e74696d656e743a,16c170f39951fafb1440301aa8ee30631cf8b9d7600217e547292b31c39df919,de1a9157d9c9aa1e699b5354ef44bdf6e4c5a81f94c70d70d8e81fc188a1023e,"[50256, 14832, 8255, 25, 1649, 340, 338, 477, 9583, 11, 4518, 40104, 318, 4047, 20050, 13, 6602, 11352, 3681, 25]","[50256, 14832, 8255, 25, 7831, 11, 428, 1517, 5300, 781, 48295, 290, 2462, 39557, 282, 13, 6602, 11352, 3681, 25]",20,20,True,"When it's all wet, Blue Crush is highly enjoyable.","Still, this thing feels flimsy and ephemeral.",tigges,True
sst_tigges_pythia_correct_test,59,sst-8318,sst-8013,0,1,"Review Text: Still, this thing feels flimsy and ephemeral. Review Sentiment:","Review Text: When it's all wet, Blue Crush is highly enjoyable. Review Sentiment:","'Review Text: Still, this thing feels flimsy and ephemeral. Review Sentiment:'","""Review Text: When it's all wet, Blue Crush is highly enjoyable. Review Sentiment:""",52657669657720546578743a205374696c6c2c2074686973207468696e67206665656c7320666c696d737920616e6420657068656d6572616c2e205265766965772053656e74696d656e743a,52657669657720546578743a205768656e206974277320616c6c207765742c20426c756520437275736820697320686967686c7920656e6a6f7961626c652e205265766965772053656e74696d656e743a,de1a9157d9c9aa1e699b5354ef44bdf6e4c5a81f94c70d70d8e81fc188a1023e,16c170f39951fafb1440301aa8ee30631cf8b9d7600217e547292b31c39df919,"[50256, 14832, 8255, 25, 7831, 11, 428, 1517, 5300, 781, 48295, 290, 2462, 39557, 282, 13, 6602, 11352, 3681, 25]","[50256, 14832, 8255, 25, 1649, 340, 338, 477, 9583, 11, 4518, 40104, 318, 4047, 20050, 13, 6602, 11352, 3681, 25]",20,20,True,"Still, this thing feels flimsy and ephemeral.","When it's all wet, Blue Crush is highly enjoyable.",tigges,True
sst_tigges_pythia_correct_test,60,sst-8644,sst-8707,1,0,Review Text: Despite some gulps the film is a fuzzy huggy. Review Sentiment:,Review Text: There is not an ounce of honesty in the entire production. Review Sentiment:,'Review Text: Despite some gulps the film is a fuzzy huggy. Review Sentiment:','Review Text: There is not an ounce of honesty in the entire production. Review Sentiment:',52657669657720546578743a204465737069746520736f6d652067756c7073207468652066696c6d20697320612066757a7a792068756767792e205265766965772053656e74696d656e743a,52657669657720546578743a205468657265206973206e6f7420616e206f756e6365206f6620686f6e6573747920696e2074686520656e746972652070726f64756374696f6e2e205265766965772053656e74696d656e743a,4a71cfd227b3acaf5ec7826704c1f783cc6d033e024f2272474c03d0fe132984,9821be6c4eb9f3871d2bbe6be3d1812d22223552f0989778889d44384888ff97,"[50256, 14832, 8255, 25, 7945, 617, 47161, 862, 262, 2646, 318, 257, 34669, 16225, 1360, 13, 6602, 11352, 3681, 25]","[50256, 14832, 8255, 25, 1318, 318, 407, 281, 25799, 286, 24345, 287, 262, 2104, 3227, 13, 6602, 11352, 3681, 25]",20,20,True,Despite some gulps the film is a fuzzy huggy.,There is not an ounce of honesty in the entire production.,tigges,True
sst_tigges_pythia_correct_test,61,sst-8707,sst-8644,0,1,Review Text: There is not an ounce of honesty in the entire production. Review Sentiment:,Review Text: Despite some gulps the film is a fuzzy huggy. Review Sentiment:,'Review Text: There is not an ounce of honesty in the entire production. Review Sentiment:','Review Text: Despite some gulps the film is a fuzzy huggy. Review Sentiment:',52657669657720546578743a205468657265206973206e6f7420616e206f756e6365206f6620686f6e6573747920696e2074686520656e746972652070726f64756374696f6e2e205265766965772053656e74696d656e743a,52657669657720546578743a204465737069746520736f6d652067756c7073207468652066696c6d20697320612066757a7a792068756767792e205265766965772053656e74696d656e743a,9821be6c4eb9f3871d2bbe6be3d1812d22223552f0989778889d44384888ff97,4a71cfd227b3acaf5ec7826704c1f783cc6d033e024f2272474c03d0fe132984,"[50256, 14832, 8255, 25, 1318, 318, 407, 281, 25799, 286, 24345, 287, 262, 2104, 3227, 13, 6602, 11352, 3681, 25]","[50256, 14832, 8255, 25, 7945, 617, 47161, 862, 262, 2646, 318, 257, 34669, 16225, 1360, 13, 6602, 11352, 3681, 25]",20,20,True,There is not an ounce of honesty in the entire production.,Despite some gulps the film is a fuzzy huggy.,tigges,True
sst_tigges_pythia_correct_test,62,sst-21,sst-8436,1,0,Review Text: Offers a breath of the fresh air of true sophistication. Review Sentiment:,"Review Text: Even as lame horror flicks go, this is lame. Review Sentiment:",'Review Text: Offers a breath of the fresh air of true sophistication. Review Sentiment:',"'Review Text: Even as lame horror flicks go, this is lame. Review Sentiment:'",52657669657720546578743a204f6666657273206120627265617468206f662074686520667265736820616972206f66207472756520736f706869737469636174696f6e2e205265766965772053656e74696d656e743a,52657669657720546578743a204576656e206173206c616d6520686f72726f7220666c69636b7320676f2c2074686973206973206c616d652e205265766965772053656e74696d656e743a,d21f84012a4ebfbd874a2658906fab63aa6b14752c6b50984764eee11f129ff8,c0e471e1a3f79bfd3dd1f637d45e727558e5aff1e8716d6ec58bd449ee454754,"[50256, 14832, 8255, 25, 3242, 364, 257, 8033, 286, 262, 4713, 1633, 286, 2081, 44809, 13, 6602, 11352, 3681, 25]","[50256, 14832, 8255, 25, 3412, 355, 30248, 9961, 277, 49191, 467, 11, 428, 318, 30248, 13, 6602, 11352, 3681, 25]",20,20,True,Offers a breath of the fresh air of true sophistication.,"Even as lame horror flicks go, this is lame.",tigges,True
sst_tigges_pythia_correct_test,63,sst-8436,sst-21,0,1,"Review Text: Even as lame horror flicks go, this is lame. Review Sentiment:",Review Text: Offers a breath of the fresh air of true sophistication. Review Sentiment:,"'Review Text: Even as lame horror flicks go, this is lame. Review Sentiment:'",'Review Text: Offers a breath of the fresh air of true sophistication. Review Sentiment:',52657669657720546578743a204576656e206173206c616d6520686f72726f7220666c69636b7320676f2c2074686973206973206c616d652e205265766965772053656e74696d656e743a,52657669657720546578743a204f6666657273206120627265617468206f662074686520667265736820616972206f66207472756520736f706869737469636174696f6e2e205265766965772053656e74696d656e743a,c0e471e1a3f79bfd3dd1f637d45e727558e5aff1e8716d6ec58bd449ee454754,d21f84012a4ebfbd874a2658906fab63aa6b14752c6b50984764eee11f129ff8,"[50256, 14832, 8255, 25, 3412, 355, 30248, 9961, 277, 49191, 467, 11, 428, 318, 30248, 13, 6602, 11352, 3681, 25]","[50256, 14832, 8255, 25, 3242, 364, 257, 8033, 286, 262, 4713, 1633, 286, 2081, 44809, 13, 6602, 11352, 3681, 25]",20,20,True,"Even as lame horror flicks go, this is lame.",Offers a breath of the fresh air of true sophistication.,tigges,True
