model,method,layer,subspace_dimension,seed,epochs,learning_rate,batch_size,epoch,train_loss,evaluation_loss
gpt2-small,das,0,1,0,64,0.001,128,0,0.9970963597297668,0.9860627055168152
gpt2-small,das,0,1,0,64,0.001,128,1,0.9860627055168152,0.9471544027328491
gpt2-small,das,0,1,0,64,0.001,128,2,0.9471544027328491,0.9001161456108093
gpt2-small,das,0,1,0,64,0.001,128,3,0.9001161456108093,0.8356562256813049
gpt2-small,das,0,1,0,64,0.001,128,4,0.8356562256813049,0.7624855041503906
gpt2-small,das,0,1,0,64,0.001,128,5,0.7624855041503906,0.6980255246162415
gpt2-small,das,0,1,0,64,0.001,128,6,0.6980255246162415,0.6614401340484619
gpt2-small,das,0,1,0,64,0.001,128,7,0.6614401340484619,0.6184669137001038
gpt2-small,das,0,1,0,64,0.001,128,8,0.6184669137001038,0.5998837947845459
gpt2-small,das,0,1,0,64,0.001,128,9,0.5998837947845459,0.5778164863586426
gpt2-small,das,0,1,0,64,0.001,128,10,0.5778164863586426,0.5621370673179626
gpt2-small,das,0,1,0,64,0.001,128,11,0.5621370673179626,0.5406504273414612
gpt2-small,das,0,1,0,64,0.001,128,12,0.5406504273414612,0.5156794190406799
gpt2-small,das,0,1,0,64,0.001,128,13,0.5156794190406799,0.5
gpt2-small,das,0,1,0,64,0.001,128,14,0.5,0.46689897775650024
gpt2-small,das,0,1,0,64,0.001,128,15,0.46689897775650024,0.4436701536178589
gpt2-small,das,0,1,0,64,0.001,128,16,0.4436701536178589,0.41753774881362915
gpt2-small,das,0,1,0,64,0.001,128,17,0.41753774881362915,0.3948896527290344
gpt2-small,das,0,1,0,64,0.001,128,18,0.3948896527290344,0.37514519691467285
gpt2-small,das,0,1,0,64,0.001,128,19,0.37514519691467285,0.3455284833908081
gpt2-small,das,0,1,0,64,0.001,128,20,0.3455284833908081,0.3414634168148041
gpt2-small,das,0,1,0,64,0.001,128,21,0.3414634168148041,0.31416961550712585
gpt2-small,das,0,1,0,64,0.001,128,22,0.31416961550712585,0.30720093846321106
gpt2-small,das,0,1,0,64,0.001,128,23,0.30720093846321106,0.296167254447937
gpt2-small,das,0,1,0,64,0.001,128,24,0.296167254447937,0.2752613425254822
gpt2-small,das,0,1,0,64,0.001,128,25,0.2752613425254822,0.25958189368247986
gpt2-small,das,0,1,0,64,0.001,128,26,0.25958189368247986,0.2531939744949341
gpt2-small,das,0,1,0,64,0.001,128,27,0.2531939744949341,0.2398374080657959
gpt2-small,das,0,1,0,64,0.001,128,28,0.2398374080657959,0.2247386872768402
gpt2-small,das,0,1,0,64,0.001,128,29,0.2247386872768402,0.22357726097106934
gpt2-small,das,0,1,0,64,0.001,128,30,0.22357726097106934,0.2142857164144516
gpt2-small,das,0,1,0,64,0.001,128,31,0.2142857164144516,0.21138212084770203
gpt2-small,das,0,1,0,64,0.001,128,32,0.21138212084770203,0.19802556931972504
gpt2-small,das,0,1,0,64,0.001,128,33,0.19802556931972504,0.190476194024086
gpt2-small,das,0,1,0,64,0.001,128,34,0.190476194024086,0.1887340545654297
gpt2-small,das,0,1,0,64,0.001,128,35,0.1887340545654297,0.1823461353778839
gpt2-small,das,0,1,0,64,0.001,128,36,0.1823461353778839,0.17770038545131683
gpt2-small,das,0,1,0,64,0.001,128,37,0.17770038545131683,0.1788617968559265
gpt2-small,das,0,1,0,64,0.001,128,38,0.1788617968559265,0.16957029700279236
gpt2-small,das,0,1,0,64,0.001,128,39,0.16957029700279236,0.17073175311088562
gpt2-small,das,0,1,0,64,0.001,128,40,0.17073175311088562,0.16376304626464844
gpt2-small,das,0,1,0,64,0.001,128,41,0.16376304626464844,0.15911732614040375
gpt2-small,das,0,1,0,64,0.001,128,42,0.15911732614040375,0.15563298761844635
gpt2-small,das,0,1,0,64,0.001,128,43,0.15563298761844635,0.1562137007713318
gpt2-small,das,0,1,0,64,0.001,128,44,0.1562137007713318,0.1515679806470871
gpt2-small,das,0,1,0,64,0.001,128,45,0.1515679806470871,0.1498258113861084
gpt2-small,das,0,1,0,64,0.001,128,46,0.1498258113861084,0.1480836421251297
gpt2-small,das,0,1,0,64,0.001,128,47,0.1480836421251297,0.15098726749420166
gpt2-small,das,0,1,0,64,0.001,128,48,0.15098726749420166,0.143437922000885
gpt2-small,das,0,1,0,64,0.001,128,49,0.143437922000885,0.15040652453899384
gpt2-small,das,0,1,0,64,0.001,128,50,0.15040652453899384,0.14401860535144806
gpt2-small,das,0,1,0,64,0.001,128,51,0.14401860535144806,0.14634151756763458
gpt2-small,das,0,1,0,64,0.001,128,52,0.14634151756763458,0.14866435527801514
gpt2-small,das,0,1,0,64,0.001,128,53,0.14866435527801514,0.14750289916992188
gpt2-small,das,0,1,0,64,0.001,128,54,0.14750289916992188,0.14750292897224426
gpt2-small,das,0,1,0,64,0.001,128,55,0.14750292897224426,0.14169572293758392
gpt2-small,das,0,1,0,64,0.001,128,56,0.14169572293758392,0.13879212737083435
gpt2-small,das,0,1,0,64,0.001,128,57,0.13879212737083435,0.13821138441562653
gpt2-small,das,0,1,0,64,0.001,128,58,0.13821138441562653,0.13646921515464783
gpt2-small,das,0,1,0,64,0.001,128,59,0.13646921515464783,0.14401860535144806
gpt2-small,das,0,1,0,64,0.001,128,60,0.14401860535144806,0.13821138441562653
gpt2-small,das,0,1,0,64,0.001,128,61,0.13821138441562653,0.13995355367660522
gpt2-small,das,0,1,0,64,0.001,128,62,0.13995355367660522,0.14169572293758392
gpt2-small,das,0,1,0,64,0.001,128,63,0.14169572293758392,0.13995355367660522
gpt2-small,das2d,0,2,0,64,0.001,128,0,0.9953542351722717,0.9825783967971802
gpt2-small,das2d,0,2,0,64,0.001,128,1,0.9825783967971802,0.9448316097259521
gpt2-small,das2d,0,2,0,64,0.001,128,2,0.9448316097259521,0.9024389982223511
gpt2-small,das2d,0,2,0,64,0.001,128,3,0.9024389982223511,0.8391405344009399
gpt2-small,das2d,0,2,0,64,0.001,128,4,0.8391405344009399,0.7671312093734741
gpt2-small,das2d,0,2,0,64,0.001,128,5,0.7671312093734741,0.6957026720046997
gpt2-small,das2d,0,2,0,64,0.001,128,6,0.6957026720046997,0.642276406288147
gpt2-small,das2d,0,2,0,64,0.001,128,7,0.642276406288147,0.611498236656189
gpt2-small,das2d,0,2,0,64,0.001,128,8,0.611498236656189,0.5813007950782776
gpt2-small,das2d,0,2,0,64,0.001,128,9,0.5813007950782776,0.5586527585983276
gpt2-small,das2d,0,2,0,64,0.001,128,10,0.5586527585983276,0.5365853905677795
gpt2-small,das2d,0,2,0,64,0.001,128,11,0.5365853905677795,0.5092915296554565
gpt2-small,das2d,0,2,0,64,0.001,128,12,0.5092915296554565,0.47154471278190613
gpt2-small,das2d,0,2,0,64,0.001,128,13,0.47154471278190613,0.4471544921398163
gpt2-small,das2d,0,2,0,64,0.001,128,14,0.4471544921398163,0.4117305278778076
gpt2-small,das2d,0,2,0,64,0.001,128,15,0.4117305278778076,0.3745644688606262
gpt2-small,das2d,0,2,0,64,0.001,128,16,0.3745644688606262,0.3536585569381714
gpt2-small,das2d,0,2,0,64,0.001,128,17,0.3536585569381714,0.3252032399177551
gpt2-small,das2d,0,2,0,64,0.001,128,18,0.3252032399177551,0.2996515929698944
gpt2-small,das2d,0,2,0,64,0.001,128,19,0.2996515929698944,0.2787456512451172
gpt2-small,das2d,0,2,0,64,0.001,128,20,0.2787456512451172,0.26132407784461975
gpt2-small,das2d,0,2,0,64,0.001,128,21,0.26132407784461975,0.2485482096672058
gpt2-small,das2d,0,2,0,64,0.001,128,22,0.2485482096672058,0.22067366540431976
gpt2-small,das2d,0,2,0,64,0.001,128,23,0.22067366540431976,0.20325203239917755
gpt2-small,das2d,0,2,0,64,0.001,128,24,0.20325203239917755,0.19686411321163177
gpt2-small,das2d,0,2,0,64,0.001,128,25,0.19686411321163177,0.18466901779174805
gpt2-small,das2d,0,2,0,64,0.001,128,26,0.18466901779174805,0.16608595848083496
gpt2-small,das2d,0,2,0,64,0.001,128,27,0.16608595848083496,0.149825781583786
gpt2-small,das2d,0,2,0,64,0.001,128,28,0.149825781583786,0.14053426682949066
gpt2-small,das2d,0,2,0,64,0.001,128,29,0.14053426682949066,0.13182349503040314
gpt2-small,das2d,0,2,0,64,0.001,128,30,0.13182349503040314,0.12717774510383606
gpt2-small,das2d,0,2,0,64,0.001,128,31,0.12717774510383606,0.10859468579292297
gpt2-small,das2d,0,2,0,64,0.001,128,32,0.10859468579292297,0.10975611209869385
gpt2-small,das2d,0,2,0,64,0.001,128,33,0.10975611209869385,0.1004645973443985
gpt2-small,das2d,0,2,0,64,0.001,128,34,0.1004645973443985,0.09581883996725082
gpt2-small,das2d,0,2,0,64,0.001,128,35,0.09581883996725082,0.09756097197532654
gpt2-small,das2d,0,2,0,64,0.001,128,36,0.09756097197532654,0.09872239828109741
gpt2-small,das2d,0,2,0,64,0.001,128,37,0.09872239828109741,0.10162601619958878
gpt2-small,das2d,0,2,0,64,0.001,128,38,0.10162601619958878,0.09233453869819641
gpt2-small,das2d,0,2,0,64,0.001,128,39,0.09233453869819641,0.08826953172683716
gpt2-small,das2d,0,2,0,64,0.001,128,40,0.08826953172683716,0.09059237688779831
gpt2-small,das2d,0,2,0,64,0.001,128,41,0.09059237688779831,0.08304299414157867
gpt2-small,das2d,0,2,0,64,0.001,128,42,0.08304299414157867,0.08130079507827759
gpt2-small,das2d,0,2,0,64,0.001,128,43,0.08130079507827759,0.07897794991731644
gpt2-small,das2d,0,2,0,64,0.001,128,44,0.07897794991731644,0.08362370729446411
gpt2-small,das2d,0,2,0,64,0.001,128,45,0.08362370729446411,0.07723578065633774
gpt2-small,das2d,0,2,0,64,0.001,128,46,0.07723578065633774,0.08420442044734955
gpt2-small,das2d,0,2,0,64,0.001,128,47,0.08420442044734955,0.07723578065633774
gpt2-small,das2d,0,2,0,64,0.001,128,48,0.07723578065633774,0.07607436180114746
gpt2-small,das2d,0,2,0,64,0.001,128,49,0.07607436180114746,0.07723578065633774
gpt2-small,das2d,0,2,0,64,0.001,128,50,0.07723578065633774,0.08594658225774765
gpt2-small,das2d,0,2,0,64,0.001,128,51,0.08594658225774765,0.08304299414157867
gpt2-small,das2d,0,2,0,64,0.001,128,52,0.08304299414157867,0.07549364864826202
gpt2-small,das2d,0,2,0,64,0.001,128,53,0.07549364864826202,0.07200928032398224
gpt2-small,das2d,0,2,0,64,0.001,128,54,0.07200928032398224,0.0696864053606987
gpt2-small,das2d,0,2,0,64,0.001,128,55,0.0696864053606987,0.07200934737920761
gpt2-small,das2d,0,2,0,64,0.001,128,56,0.07200934737920761,0.07433219254016876
gpt2-small,das2d,0,2,0,64,0.001,128,57,0.07433219254016876,0.07317077368497849
gpt2-small,das2d,0,2,0,64,0.001,128,58,0.07317077368497849,0.07084786146879196
gpt2-small,das2d,0,2,0,64,0.001,128,59,0.07084786146879196,0.07607436180114746
gpt2-small,das2d,0,2,0,64,0.001,128,60,0.07607436180114746,0.07026714831590652
gpt2-small,das2d,0,2,0,64,0.001,128,61,0.07026714831590652,0.06794427335262299
gpt2-small,das2d,0,2,0,64,0.001,128,62,0.06794427335262299,0.06736356019973755
gpt2-small,das2d,0,2,0,64,0.001,128,63,0.06736356019973755,0.0632985457777977
gpt2-small,das3d,0,3,0,64,0.001,128,0,0.9889662861824036,0.9738675355911255
gpt2-small,das3d,0,3,0,64,0.001,128,1,0.9738675355911255,0.9401858448982239
gpt2-small,das3d,0,3,0,64,0.001,128,2,0.9401858448982239,0.8943089246749878
gpt2-small,das3d,0,3,0,64,0.001,128,3,0.8943089246749878,0.8106852173805237
gpt2-small,das3d,0,3,0,64,0.001,128,4,0.8106852173805237,0.7241579294204712
gpt2-small,das3d,0,3,0,64,0.001,128,5,0.7241579294204712,0.6533101201057434
gpt2-small,das3d,0,3,0,64,0.001,128,6,0.6533101201057434,0.5842044353485107
gpt2-small,das3d,0,3,0,64,0.001,128,7,0.5842044353485107,0.5418118238449097
gpt2-small,das3d,0,3,0,64,0.001,128,8,0.5418118238449097,0.5174216032028198
gpt2-small,das3d,0,3,0,64,0.001,128,9,0.5174216032028198,0.4883855879306793
gpt2-small,das3d,0,3,0,64,0.001,128,10,0.4883855879306793,0.46051105856895447
gpt2-small,das3d,0,3,0,64,0.001,128,11,0.46051105856895447,0.4320557713508606
gpt2-small,das3d,0,3,0,64,0.001,128,12,0.4320557713508606,0.39895468950271606
gpt2-small,das3d,0,3,0,64,0.001,128,13,0.39895468950271606,0.36295008659362793
gpt2-small,das3d,0,3,0,64,0.001,128,14,0.36295008659362793,0.3397212624549866
gpt2-small,das3d,0,3,0,64,0.001,128,15,0.3397212624549866,0.3008130192756653
gpt2-small,das3d,0,3,0,64,0.001,128,16,0.3008130192756653,0.27642276883125305
gpt2-small,das3d,0,3,0,64,0.001,128,17,0.27642276883125305,0.24738678336143494
gpt2-small,das3d,0,3,0,64,0.001,128,18,0.24738678336143494,0.23461094498634338
gpt2-small,das3d,0,3,0,64,0.001,128,19,0.23461094498634338,0.21486642956733704
gpt2-small,das3d,0,3,0,64,0.001,128,20,0.21486642956733704,0.1922183632850647
gpt2-small,das3d,0,3,0,64,0.001,128,21,0.1922183632850647,0.17944251000881195
gpt2-small,das3d,0,3,0,64,0.001,128,22,0.17944251000881195,0.16782809793949127
gpt2-small,das3d,0,3,0,64,0.001,128,23,0.16782809793949127,0.15795587003231049
gpt2-small,das3d,0,3,0,64,0.001,128,24,0.15795587003231049,0.14401863515377045
gpt2-small,das3d,0,3,0,64,0.001,128,25,0.14401863515377045,0.14053426682949066
gpt2-small,das3d,0,3,0,64,0.001,128,26,0.14053426682949066,0.12891986966133118
gpt2-small,das3d,0,3,0,64,0.001,128,27,0.12891986966133118,0.11440186202526093
gpt2-small,das3d,0,3,0,64,0.001,128,28,0.11440186202526093,0.10801397264003754
gpt2-small,das3d,0,3,0,64,0.001,128,29,0.10801397264003754,0.10743319988250732
gpt2-small,das3d,0,3,0,64,0.001,128,30,0.10743319988250732,0.09523812681436539
gpt2-small,das3d,0,3,0,64,0.001,128,31,0.09523812681436539,0.0969802662730217
gpt2-small,das3d,0,3,0,64,0.001,128,32,0.0969802662730217,0.08420442044734955
gpt2-small,das3d,0,3,0,64,0.001,128,33,0.08420442044734955,0.08246231824159622
gpt2-small,das3d,0,3,0,64,0.001,128,34,0.08246231824159622,0.07781653106212616
gpt2-small,das3d,0,3,0,64,0.001,128,35,0.07781653106212616,0.07433219254016876
gpt2-small,das3d,0,3,0,64,0.001,128,36,0.07433219254016876,0.07317077368497849
gpt2-small,das3d,0,3,0,64,0.001,128,37,0.07317077368497849,0.06910569220781326
gpt2-small,das3d,0,3,0,64,0.001,128,38,0.06910569220781326,0.06736356019973755
gpt2-small,das3d,0,3,0,64,0.001,128,39,0.06736356019973755,0.0696864053606987
gpt2-small,das3d,0,3,0,64,0.001,128,40,0.0696864053606987,0.060394927859306335
gpt2-small,das3d,0,3,0,64,0.001,128,41,0.060394927859306335,0.0598142147064209
gpt2-small,das3d,0,3,0,64,0.001,128,42,0.0598142147064209,0.05052267014980316
gpt2-small,das3d,0,3,0,64,0.001,128,43,0.05052267014980316,0.05516839399933815
gpt2-small,das3d,0,3,0,64,0.001,128,44,0.05516839399933815,0.0511033833026886
gpt2-small,das3d,0,3,0,64,0.001,128,45,0.0511033833026886,0.04355400428175926
gpt2-small,das3d,0,3,0,64,0.001,128,46,0.04355400428175926,0.042392581701278687
gpt2-small,das3d,0,3,0,64,0.001,128,47,0.042392581701278687,0.040069736540317535
gpt2-small,das3d,0,3,0,64,0.001,128,48,0.040069736540317535,0.0325203575193882
gpt2-small,das3d,0,3,0,64,0.001,128,49,0.0325203575193882,0.03716614842414856
gpt2-small,das3d,0,3,0,64,0.001,128,50,0.03716614842414856,0.035423945635557175
gpt2-small,das3d,0,3,0,64,0.001,128,51,0.035423945635557175,0.024390269070863724
gpt2-small,das3d,0,3,0,64,0.001,128,52,0.024390269070863724,0.03135893493890762
gpt2-small,das3d,0,3,0,64,0.001,128,53,0.03135893493890762,0.023228812962770462
gpt2-small,das3d,0,3,0,64,0.001,128,54,0.023228812962770462,0.02497098036110401
gpt2-small,das3d,0,3,0,64,0.001,128,55,0.02497098036110401,0.015098756179213524
gpt2-small,das3d,0,3,0,64,0.001,128,56,0.015098756179213524,0.015098756179213524
gpt2-small,das3d,0,3,0,64,0.001,128,57,0.015098756179213524,0.005807211622595787
gpt2-small,das3d,0,3,0,64,0.001,128,58,0.005807211622595787,0.00406511127948761
gpt2-small,das3d,0,3,0,64,0.001,128,59,0.00406511127948761,0.005226533394306898
gpt2-small,das3d,0,3,0,64,0.001,128,60,0.005226533394306898,0.006968633737415075
gpt2-small,das3d,0,3,0,64,0.001,128,61,0.006968633737415075,0.0005807444103993475
gpt2-small,das3d,0,3,0,64,0.001,128,62,0.0005807444103993475,-0.008130055852234364
gpt2-small,das3d,0,3,0,64,0.001,128,63,-0.008130055852234364,-0.013356490060687065
gpt2-small,das,1,1,0,64,0.001,128,0,1.005226492881775,0.9953542351722717
gpt2-small,das,1,1,0,64,0.001,128,1,0.9953542351722717,0.9889662861824036
gpt2-small,das,1,1,0,64,0.001,128,2,0.9889662861824036,0.9837398529052734
gpt2-small,das,1,1,0,64,0.001,128,3,0.9837398529052734,0.965737521648407
gpt2-small,das,1,1,0,64,0.001,128,4,0.965737521648407,0.9274100065231323
gpt2-small,das,1,1,0,64,0.001,128,5,0.9274100065231323,0.8606271147727966
gpt2-small,das,1,1,0,64,0.001,128,6,0.8606271147727966,0.7897793054580688
gpt2-small,das,1,1,0,64,0.001,128,7,0.7897793054580688,0.7160279154777527
gpt2-small,das,1,1,0,64,0.001,128,8,0.7160279154777527,0.657375156879425
gpt2-small,das,1,1,0,64,0.001,128,9,0.657375156879425,0.6225319504737854
gpt2-small,das,1,1,0,64,0.001,128,10,0.6225319504737854,0.5975610017776489
gpt2-small,das,1,1,0,64,0.001,128,11,0.5975610017776489,0.5836237072944641
gpt2-small,das,1,1,0,64,0.001,128,12,0.5836237072944641,0.5621370673179626
gpt2-small,das,1,1,0,64,0.001,128,13,0.5621370673179626,0.5481997728347778
gpt2-small,das,1,1,0,64,0.001,128,14,0.5481997728347778,0.5319396257400513
gpt2-small,das,1,1,0,64,0.001,128,15,0.5319396257400513,0.5104529857635498
gpt2-small,das,1,1,0,64,0.001,128,16,0.5104529857635498,0.48025551438331604
gpt2-small,das,1,1,0,64,0.001,128,17,0.48025551438331604,0.44657373428344727
gpt2-small,das,1,1,0,64,0.001,128,18,0.44657373428344727,0.42624855041503906
gpt2-small,das,1,1,0,64,0.001,128,19,0.42624855041503906,0.4117305278778076
gpt2-small,das,1,1,0,64,0.001,128,20,0.4117305278778076,0.38211384415626526
gpt2-small,das,1,1,0,64,0.001,128,21,0.38211384415626526,0.35830432176589966
gpt2-small,das,1,1,0,64,0.001,128,22,0.35830432176589966,0.34785133600234985
gpt2-small,das,1,1,0,64,0.001,128,23,0.34785133600234985,0.32752615213394165
gpt2-small,das,1,1,0,64,0.001,128,24,0.32752615213394165,0.3147503137588501
gpt2-small,das,1,1,0,64,0.001,128,25,0.3147503137588501,0.2973287105560303
gpt2-small,das,1,1,0,64,0.001,128,26,0.2973287105560303,0.2897793650627136
gpt2-small,das,1,1,0,64,0.001,128,27,0.2897793650627136,0.27119630575180054
gpt2-small,das,1,1,0,64,0.001,128,28,0.27119630575180054,0.265389084815979
gpt2-small,das,1,1,0,64,0.001,128,29,0.265389084815979,0.2514517903327942
gpt2-small,das,1,1,0,64,0.001,128,30,0.2514517903327942,0.24274100363254547
gpt2-small,das,1,1,0,64,0.001,128,31,0.24274100363254547,0.2380952686071396
gpt2-small,das,1,1,0,64,0.001,128,32,0.2380952686071396,0.22183509171009064
gpt2-small,das,1,1,0,64,0.001,128,33,0.22183509171009064,0.21370500326156616
gpt2-small,das,1,1,0,64,0.001,128,34,0.21370500326156616,0.2044134885072708
gpt2-small,das,1,1,0,64,0.001,128,35,0.2044134885072708,0.19628340005874634
gpt2-small,das,1,1,0,64,0.001,128,36,0.19628340005874634,0.19163765013217926
gpt2-small,das,1,1,0,64,0.001,128,37,0.19163765013217926,0.1887340247631073
gpt2-small,das,1,1,0,64,0.001,128,38,0.1887340247631073,0.1858304738998413
gpt2-small,das,1,1,0,64,0.001,128,39,0.1858304738998413,0.18408827483654022
gpt2-small,das,1,1,0,64,0.001,128,40,0.18408827483654022,0.18118467926979065
gpt2-small,das,1,1,0,64,0.001,128,41,0.18118467926979065,0.1753775030374527
gpt2-small,das,1,1,0,64,0.001,128,42,0.1753775030374527,0.1631823629140854
gpt2-small,das,1,1,0,64,0.001,128,43,0.1631823629140854,0.17479676008224487
gpt2-small,das,1,1,0,64,0.001,128,44,0.17479676008224487,0.16550524532794952
gpt2-small,das,1,1,0,64,0.001,128,45,0.16550524532794952,0.16898958384990692
gpt2-small,das,1,1,0,64,0.001,128,46,0.16898958384990692,0.15853658318519592
gpt2-small,das,1,1,0,64,0.001,128,47,0.15853658318519592,0.16260161995887756
gpt2-small,das,1,1,0,64,0.001,128,48,0.16260161995887756,0.15389086306095123
gpt2-small,das,1,1,0,64,0.001,128,49,0.15389086306095123,0.16085949540138245
gpt2-small,das,1,1,0,64,0.001,128,50,0.16085949540138245,0.1550522744655609
gpt2-small,das,1,1,0,64,0.001,128,51,0.1550522744655609,0.1550522744655609
gpt2-small,das,1,1,0,64,0.001,128,52,0.1550522744655609,0.15563298761844635
gpt2-small,das,1,1,0,64,0.001,128,53,0.15563298761844635,0.15331010520458221
gpt2-small,das,1,1,0,64,0.001,128,54,0.15331010520458221,0.15098726749420166
gpt2-small,das,1,1,0,64,0.001,128,55,0.15098726749420166,0.149825781583786
gpt2-small,das,1,1,0,64,0.001,128,56,0.149825781583786,0.14750292897224426
gpt2-small,das,1,1,0,64,0.001,128,57,0.14750292897224426,0.15272940695285797
gpt2-small,das,1,1,0,64,0.001,128,58,0.15272940695285797,0.146341472864151
gpt2-small,das,1,1,0,64,0.001,128,59,0.146341472864151,0.15331010520458221
gpt2-small,das,1,1,0,64,0.001,128,60,0.15331010520458221,0.15272940695285797
gpt2-small,das,1,1,0,64,0.001,128,61,0.15272940695285797,0.1480836421251297
gpt2-small,das,1,1,0,64,0.001,128,62,0.1480836421251297,0.14866435527801514
gpt2-small,das,1,1,0,64,0.001,128,63,0.14866435527801514,0.15214864909648895
gpt2-small,das2d,1,2,0,64,0.001,128,0,0.9988385438919067,0.9947735667228699
gpt2-small,das2d,1,2,0,64,0.001,128,1,0.9947735667228699,0.9663182497024536
gpt2-small,das2d,1,2,0,64,0.001,128,2,0.9663182497024536,0.924506425857544
gpt2-small,das2d,1,2,0,64,0.001,128,3,0.924506425857544,0.8745644688606262
gpt2-small,das2d,1,2,0,64,0.001,128,4,0.8745644688606262,0.8124274611473083
gpt2-small,das2d,1,2,0,64,0.001,128,5,0.8124274611473083,0.7409988641738892
gpt2-small,das2d,1,2,0,64,0.001,128,6,0.7409988641738892,0.6788617968559265
gpt2-small,das2d,1,2,0,64,0.001,128,7,0.6788617968559265,0.6347270011901855
gpt2-small,das2d,1,2,0,64,0.001,128,8,0.6347270011901855,0.608013927936554
gpt2-small,das2d,1,2,0,64,0.001,128,9,0.608013927936554,0.5789779424667358
gpt2-small,das2d,1,2,0,64,0.001,128,10,0.5789779424667358,0.553426206111908
gpt2-small,das2d,1,2,0,64,0.001,128,11,0.553426206111908,0.5284552574157715
gpt2-small,das2d,1,2,0,64,0.001,128,12,0.5284552574157715,0.4936120808124542
gpt2-small,das2d,1,2,0,64,0.001,128,13,0.4936120808124542,0.4523809552192688
gpt2-small,das2d,1,2,0,64,0.001,128,14,0.4523809552192688,0.4303135871887207
gpt2-small,das2d,1,2,0,64,0.001,128,15,0.4303135871887207,0.3960511088371277
gpt2-small,das2d,1,2,0,64,0.001,128,16,0.3960511088371277,0.3722415864467621
gpt2-small,das2d,1,2,0,64,0.001,128,17,0.3722415864467621,0.3385598063468933
gpt2-small,das2d,1,2,0,64,0.001,128,18,0.3385598063468933,0.31591174006462097
gpt2-small,das2d,1,2,0,64,0.001,128,19,0.31591174006462097,0.29326367378234863
gpt2-small,das2d,1,2,0,64,0.001,128,20,0.29326367378234863,0.27003487944602966
gpt2-small,das2d,1,2,0,64,0.001,128,21,0.27003487944602966,0.24041813611984253
gpt2-small,das2d,1,2,0,64,0.001,128,22,0.24041813611984253,0.2247386872768402
gpt2-small,das2d,1,2,0,64,0.001,128,23,0.2247386872768402,0.2055749148130417
gpt2-small,das2d,1,2,0,64,0.001,128,24,0.2055749148130417,0.190476194024086
gpt2-small,das2d,1,2,0,64,0.001,128,25,0.190476194024086,0.1753774732351303
gpt2-small,das2d,1,2,0,64,0.001,128,26,0.1753774732351303,0.16085949540138245
gpt2-small,das2d,1,2,0,64,0.001,128,27,0.16085949540138245,0.14866435527801514
gpt2-small,das2d,1,2,0,64,0.001,128,28,0.14866435527801514,0.1411150097846985
gpt2-small,das2d,1,2,0,64,0.001,128,29,0.1411150097846985,0.13588851690292358
gpt2-small,das2d,1,2,0,64,0.001,128,30,0.13588851690292358,0.12891986966133118
gpt2-small,das2d,1,2,0,64,0.001,128,31,0.12891986966133118,0.12485486268997192
gpt2-small,das2d,1,2,0,64,0.001,128,32,0.12485486268997192,0.10917539894580841
gpt2-small,das2d,1,2,0,64,0.001,128,33,0.10917539894580841,0.11324044317007065
gpt2-small,das2d,1,2,0,64,0.001,128,34,0.11324044317007065,0.1039489284157753
gpt2-small,das2d,1,2,0,64,0.001,128,35,0.1039489284157753,0.10452960431575775
gpt2-small,das2d,1,2,0,64,0.001,128,36,0.10452960431575775,0.09756097197532654
gpt2-small,das2d,1,2,0,64,0.001,128,37,0.09756097197532654,0.09756097197532654
gpt2-small,das2d,1,2,0,64,0.001,128,38,0.09756097197532654,0.09291521459817886
gpt2-small,das2d,1,2,0,64,0.001,128,39,0.09291521459817886,0.09639955312013626
gpt2-small,das2d,1,2,0,64,0.001,128,40,0.09639955312013626,0.09581883996725082
gpt2-small,das2d,1,2,0,64,0.001,128,41,0.09581883996725082,0.0969802662730217
gpt2-small,das2d,1,2,0,64,0.001,128,42,0.0969802662730217,0.09001166373491287
gpt2-small,das2d,1,2,0,64,0.001,128,43,0.09001166373491287,0.08652732521295547
gpt2-small,das2d,1,2,0,64,0.001,128,44,0.08652732521295547,0.08826946467161179
gpt2-small,das2d,1,2,0,64,0.001,128,45,0.08826946467161179,0.08768875151872635
gpt2-small,das2d,1,2,0,64,0.001,128,46,0.08768875151872635,0.08710800856351852
gpt2-small,das2d,1,2,0,64,0.001,128,47,0.08710800856351852,0.09233450889587402
gpt2-small,das2d,1,2,0,64,0.001,128,48,0.09233450889587402,0.08536587655544281
gpt2-small,das2d,1,2,0,64,0.001,128,49,0.08536587655544281,0.08652729541063309
gpt2-small,das2d,1,2,0,64,0.001,128,50,0.08652729541063309,0.08536587655544281
gpt2-small,das2d,1,2,0,64,0.001,128,51,0.08536587655544281,0.08478516340255737
gpt2-small,das2d,1,2,0,64,0.001,128,52,0.08478516340255737,0.07549361884593964
gpt2-small,das2d,1,2,0,64,0.001,128,53,0.07549361884593964,0.0766550749540329
gpt2-small,das2d,1,2,0,64,0.001,128,54,0.0766550749540329,0.07549361884593964
gpt2-small,das2d,1,2,0,64,0.001,128,55,0.07549361884593964,0.07375148683786392
gpt2-small,das2d,1,2,0,64,0.001,128,56,0.07375148683786392,0.07665503770112991
gpt2-small,das2d,1,2,0,64,0.001,128,57,0.07665503770112991,0.07781653106212616
gpt2-small,das2d,1,2,0,64,0.001,128,58,0.07781653106212616,0.07317077368497849
gpt2-small,das2d,1,2,0,64,0.001,128,59,0.07317077368497849,0.0714285746216774
gpt2-small,das2d,1,2,0,64,0.001,128,60,0.0714285746216774,0.07026714831590652
gpt2-small,das2d,1,2,0,64,0.001,128,61,0.07026714831590652,0.06852498650550842
gpt2-small,das2d,1,2,0,64,0.001,128,62,0.06852498650550842,0.06852498650550842
gpt2-small,das2d,1,2,0,64,0.001,128,63,0.06852498650550842,0.06736356019973755
gpt2-small,das3d,1,3,0,64,0.001,128,0,0.9970963597297668,0.9767712354660034
gpt2-small,das3d,1,3,0,64,0.001,128,1,0.9767712354660034,0.9274100065231323
gpt2-small,das3d,1,3,0,64,0.001,128,2,0.9274100065231323,0.8763065934181213
gpt2-small,das3d,1,3,0,64,0.001,128,3,0.8763065934181213,0.8002322316169739
gpt2-small,das3d,1,3,0,64,0.001,128,4,0.8002322316169739,0.717189371585846
gpt2-small,das3d,1,3,0,64,0.001,128,5,0.717189371585846,0.6492450833320618
gpt2-small,das3d,1,3,0,64,0.001,128,6,0.6492450833320618,0.6004645824432373
gpt2-small,das3d,1,3,0,64,0.001,128,7,0.6004645824432373,0.5632984638214111
gpt2-small,das3d,1,3,0,64,0.001,128,8,0.5632984638214111,0.5267131328582764
gpt2-small,das3d,1,3,0,64,0.001,128,9,0.5267131328582764,0.5063879489898682
gpt2-small,das3d,1,3,0,64,0.001,128,10,0.5063879489898682,0.46864113211631775
gpt2-small,das3d,1,3,0,64,0.001,128,11,0.46864113211631775,0.43612080812454224
gpt2-small,das3d,1,3,0,64,0.001,128,12,0.43612080812454224,0.41579559445381165
gpt2-small,das3d,1,3,0,64,0.001,128,13,0.41579559445381165,0.377468079328537
gpt2-small,das3d,1,3,0,64,0.001,128,14,0.377468079328537,0.3385598063468933
gpt2-small,das3d,1,3,0,64,0.001,128,15,0.3385598063468933,0.3083623945713043
gpt2-small,das3d,1,3,0,64,0.001,128,16,0.3083623945713043,0.2839721441268921
gpt2-small,das3d,1,3,0,64,0.001,128,17,0.2839721441268921,0.2601625919342041
gpt2-small,das3d,1,3,0,64,0.001,128,18,0.2601625919342041,0.23693381249904633
gpt2-small,das3d,1,3,0,64,0.001,128,19,0.23693381249904633,0.21312429010868073
gpt2-small,das3d,1,3,0,64,0.001,128,20,0.21312429010868073,0.18350756168365479
gpt2-small,das3d,1,3,0,64,0.001,128,21,0.18350756168365479,0.18466898798942566
gpt2-small,das3d,1,3,0,64,0.001,128,22,0.18466898798942566,0.16434378921985626
gpt2-small,das3d,1,3,0,64,0.001,128,23,0.16434378921985626,0.15737515687942505
gpt2-small,das3d,1,3,0,64,0.001,128,24,0.15737515687942505,0.13646921515464783
gpt2-small,das3d,1,3,0,64,0.001,128,25,0.13646921515464783,0.1324041783809662
gpt2-small,das3d,1,3,0,64,0.001,128,26,0.1324041783809662,0.11962836235761642
gpt2-small,das3d,1,3,0,64,0.001,128,27,0.11962836235761642,0.11265973001718521
gpt2-small,das3d,1,3,0,64,0.001,128,28,0.11265973001718521,0.10627177357673645
gpt2-small,das3d,1,3,0,64,0.001,128,29,0.10627177357673645,0.10511035472154617
gpt2-small,das3d,1,3,0,64,0.001,128,30,0.10511035472154617,0.10278747230768204
gpt2-small,das3d,1,3,0,64,0.001,128,31,0.10278747230768204,0.09349596500396729
gpt2-small,das3d,1,3,0,64,0.001,128,32,0.09349596500396729,0.08710800856351852
gpt2-small,das3d,1,3,0,64,0.001,128,33,0.08710800856351852,0.08536587655544281
gpt2-small,das3d,1,3,0,64,0.001,128,34,0.08536587655544281,0.09291521459817886
gpt2-small,das3d,1,3,0,64,0.001,128,35,0.09291521459817886,0.09059237688779831
gpt2-small,das3d,1,3,0,64,0.001,128,36,0.09059237688779831,0.08710803836584091
gpt2-small,das3d,1,3,0,64,0.001,128,37,0.08710803836584091,0.08768875151872635
gpt2-small,das3d,1,3,0,64,0.001,128,38,0.08768875151872635,0.0853659063577652
gpt2-small,das3d,1,3,0,64,0.001,128,39,0.0853659063577652,0.07607436180114746
gpt2-small,das3d,1,3,0,64,0.001,128,40,0.07607436180114746,0.07839720696210861
gpt2-small,das3d,1,3,0,64,0.001,128,41,0.07839720696210861,0.07955866307020187
gpt2-small,das3d,1,3,0,64,0.001,128,42,0.07955866307020187,0.08130086213350296
gpt2-small,das3d,1,3,0,64,0.001,128,43,0.08130086213350296,0.07491293549537659
gpt2-small,das3d,1,3,0,64,0.001,128,44,0.07491293549537659,0.07200934737920761
gpt2-small,das3d,1,3,0,64,0.001,128,45,0.07200934737920761,0.06562139093875885
gpt2-small,das3d,1,3,0,64,0.001,128,46,0.06562139093875885,0.06794427335262299
gpt2-small,das3d,1,3,0,64,0.001,128,47,0.06794427335262299,0.06562139093875885
gpt2-small,das3d,1,3,0,64,0.001,128,48,0.06562139093875885,0.06039489433169365
gpt2-small,das3d,1,3,0,64,0.001,128,49,0.06039489433169365,0.0580720491707325
gpt2-small,das3d,1,3,0,64,0.001,128,50,0.0580720491707325,0.05807201564311981
gpt2-small,das3d,1,3,0,64,0.001,128,51,0.05807201564311981,0.052845548838377
gpt2-small,das3d,1,3,0,64,0.001,128,52,0.052845548838377,0.05342632532119751
gpt2-small,das3d,1,3,0,64,0.001,128,53,0.05342632532119751,0.04645759239792824
gpt2-small,das3d,1,3,0,64,0.001,128,54,0.04645759239792824,0.04761911556124687
gpt2-small,das3d,1,3,0,64,0.001,128,55,0.04761911556124687,0.03948899358510971
gpt2-small,das3d,1,3,0,64,0.001,128,56,0.03948899358510971,0.04181186854839325
gpt2-small,das3d,1,3,0,64,0.001,128,57,0.04181186854839325,0.03658536821603775
gpt2-small,das3d,1,3,0,64,0.001,128,58,0.03658536821603775,0.0325203575193882
gpt2-small,das3d,1,3,0,64,0.001,128,59,0.0325203575193882,0.02497098036110401
gpt2-small,das3d,1,3,0,64,0.001,128,60,0.02497098036110401,0.023809557780623436
gpt2-small,das3d,1,3,0,64,0.001,128,61,0.023809557780623436,0.028455279767513275
gpt2-small,das3d,1,3,0,64,0.001,128,62,0.028455279767513275,0.015098756179213524
gpt2-small,das3d,1,3,0,64,0.001,128,63,0.015098756179213524,0.019744480028748512
gpt2-small,das,2,1,0,64,0.001,128,0,0.9924506545066833,0.9825783371925354
gpt2-small,das,2,1,0,64,0.001,128,1,0.9825783371925354,0.9709640145301819
gpt2-small,das,2,1,0,64,0.001,128,2,0.9709640145301819,0.9297327995300293
gpt2-small,das,2,1,0,64,0.001,128,3,0.9297327995300293,0.8629500269889832
gpt2-small,das,2,1,0,64,0.001,128,4,0.8629500269889832,0.7868757247924805
gpt2-small,das,2,1,0,64,0.001,128,5,0.7868757247924805,0.6904761791229248
gpt2-small,das,2,1,0,64,0.001,128,6,0.6904761791229248,0.6196283102035522
gpt2-small,das,2,1,0,64,0.001,128,7,0.6196283102035522,0.5662021040916443
gpt2-small,das,2,1,0,64,0.001,128,8,0.5662021040916443,0.534262478351593
gpt2-small,das,2,1,0,64,0.001,128,9,0.534262478351593,0.5133565664291382
gpt2-small,das,2,1,0,64,0.001,128,10,0.5133565664291382,0.5110336542129517
gpt2-small,das,2,1,0,64,0.001,128,11,0.5110336542129517,0.4883856177330017
gpt2-small,das,2,1,0,64,0.001,128,12,0.4883856177330017,0.47212544083595276
gpt2-small,das,2,1,0,64,0.001,128,13,0.47212544083595276,0.438443660736084
gpt2-small,das,2,1,0,64,0.001,128,14,0.438443660736084,0.4233449697494507
gpt2-small,das,2,1,0,64,0.001,128,15,0.4233449697494507,0.3896631896495819
gpt2-small,das,2,1,0,64,0.001,128,16,0.3896631896495819,0.3693379759788513
gpt2-small,das,2,1,0,64,0.001,128,17,0.3693379759788513,0.3490127623081207
gpt2-small,das,2,1,0,64,0.001,128,18,0.3490127623081207,0.326945424079895
gpt2-small,das,2,1,0,64,0.001,128,19,0.326945424079895,0.3048780858516693
gpt2-small,das,2,1,0,64,0.001,128,20,0.3048780858516693,0.28513357043266296
gpt2-small,das,2,1,0,64,0.001,128,21,0.28513357043266296,0.26480838656425476
gpt2-small,das,2,1,0,64,0.001,128,22,0.26480838656425476,0.24970966577529907
gpt2-small,das,2,1,0,64,0.001,128,23,0.24970966577529907,0.23170733451843262
gpt2-small,das,2,1,0,64,0.001,128,24,0.23170733451843262,0.217770054936409
gpt2-small,das,2,1,0,64,0.001,128,25,0.217770054936409,0.2061556577682495
gpt2-small,das,2,1,0,64,0.001,128,26,0.2061556577682495,0.19163765013217926
gpt2-small,das,2,1,0,64,0.001,128,27,0.19163765013217926,0.18118467926979065
gpt2-small,das,2,1,0,64,0.001,128,28,0.18118467926979065,0.16782812774181366
gpt2-small,das,2,1,0,64,0.001,128,29,0.16782812774181366,0.15272943675518036
gpt2-small,das,2,1,0,64,0.001,128,30,0.15272943675518036,0.14053426682949066
gpt2-small,das,2,1,0,64,0.001,128,31,0.14053426682949066,0.12833917140960693
gpt2-small,das,2,1,0,64,0.001,128,32,0.12833917140960693,0.12543557584285736
gpt2-small,das,2,1,0,64,0.001,128,33,0.12543557584285736,0.11149831116199493
gpt2-small,das,2,1,0,64,0.001,128,34,0.11149831116199493,0.10975614190101624
gpt2-small,das,2,1,0,64,0.001,128,35,0.10975614190101624,0.0969802662730217
gpt2-small,das,2,1,0,64,0.001,128,36,0.0969802662730217,0.09988392144441605
gpt2-small,das,2,1,0,64,0.001,128,37,0.09988392144441605,0.08885017037391663
gpt2-small,das,2,1,0,64,0.001,128,38,0.08885017037391663,0.08594658225774765
gpt2-small,das,2,1,0,64,0.001,128,39,0.08594658225774765,0.07607436180114746
gpt2-small,das,2,1,0,64,0.001,128,40,0.07607436180114746,0.07897794991731644
gpt2-small,das,2,1,0,64,0.001,128,41,0.07897794991731644,0.06794427335262299
gpt2-small,das,2,1,0,64,0.001,128,42,0.06794427335262299,0.06678281724452972
gpt2-small,das,2,1,0,64,0.001,128,43,0.06678281724452972,0.06504068523645401
gpt2-small,das,2,1,0,64,0.001,128,44,0.06504068523645401,0.05807201564311981
gpt2-small,das,2,1,0,64,0.001,128,45,0.05807201564311981,0.06155635043978691
gpt2-small,das,2,1,0,64,0.001,128,46,0.06155635043978691,0.056910593062639236
gpt2-small,das,2,1,0,64,0.001,128,47,0.056910593062639236,0.0563298836350441
gpt2-small,das,2,1,0,64,0.001,128,48,0.0563298836350441,0.05168409273028374
gpt2-small,das,2,1,0,64,0.001,128,49,0.05168409273028374,0.052845548838377
gpt2-small,das,2,1,0,64,0.001,128,50,0.052845548838377,0.052264802157878876
gpt2-small,das,2,1,0,64,0.001,128,51,0.052264802157878876,0.048199791461229324
gpt2-small,das,2,1,0,64,0.001,128,52,0.048199791461229324,0.05052267014980316
gpt2-small,das,2,1,0,64,0.001,128,53,0.05052267014980316,0.04529616981744766
gpt2-small,das,2,1,0,64,0.001,128,54,0.04529616981744766,0.038327571004629135
gpt2-small,das,2,1,0,64,0.001,128,55,0.038327571004629135,0.056910593062639236
gpt2-small,das,2,1,0,64,0.001,128,56,0.056910593062639236,0.04703836888074875
gpt2-small,das,2,1,0,64,0.001,128,57,0.04703836888074875,0.04645765945315361
gpt2-small,das,2,1,0,64,0.001,128,58,0.04645765945315361,0.05168412625789642
gpt2-small,das,2,1,0,64,0.001,128,59,0.05168412625789642,0.04529616981744766
gpt2-small,das,2,1,0,64,0.001,128,60,0.04529616981744766,0.04645765945315361
gpt2-small,das,2,1,0,64,0.001,128,61,0.04645765945315361,0.04587694630026817
gpt2-small,das,2,1,0,64,0.001,128,62,0.04587694630026817,0.04878050461411476
gpt2-small,das,2,1,0,64,0.001,128,63,0.04878050461411476,0.04587694630026817
gpt2-small,das2d,2,2,0,64,0.001,128,0,0.9994192123413086,0.979674756526947
gpt2-small,das2d,2,2,0,64,0.001,128,1,0.979674756526947,0.9448316097259521
gpt2-small,das2d,2,2,0,64,0.001,128,2,0.9448316097259521,0.888501763343811
gpt2-small,das2d,2,2,0,64,0.001,128,3,0.888501763343811,0.8112660050392151
gpt2-small,das2d,2,2,0,64,0.001,128,4,0.8112660050392151,0.7288036942481995
gpt2-small,das2d,2,2,0,64,0.001,128,5,0.7288036942481995,0.657375156879425
gpt2-small,das2d,2,2,0,64,0.001,128,6,0.657375156879425,0.599303126335144
gpt2-small,das2d,2,2,0,64,0.001,128,7,0.599303126335144,0.5522648096084595
gpt2-small,das2d,2,2,0,64,0.001,128,8,0.5522648096084595,0.5267131328582764
gpt2-small,das2d,2,2,0,64,0.001,128,9,0.5267131328582764,0.4965156614780426
gpt2-small,das2d,2,2,0,64,0.001,128,10,0.4965156614780426,0.4692218601703644
gpt2-small,das2d,2,2,0,64,0.001,128,11,0.4692218601703644,0.4390243887901306
gpt2-small,das2d,2,2,0,64,0.001,128,12,0.4390243887901306,0.4099884033203125
gpt2-small,das2d,2,2,0,64,0.001,128,13,0.4099884033203125,0.3739837408065796
gpt2-small,das2d,2,2,0,64,0.001,128,14,0.3739837408065796,0.3437862992286682
gpt2-small,das2d,2,2,0,64,0.001,128,15,0.3437862992286682,0.3124274015426636
gpt2-small,das2d,2,2,0,64,0.001,128,16,0.3124274015426636,0.28513357043266296
gpt2-small,das2d,2,2,0,64,0.001,128,17,0.28513357043266296,0.25958189368247986
gpt2-small,das2d,2,2,0,64,0.001,128,18,0.25958189368247986,0.2293844372034073
gpt2-small,das2d,2,2,0,64,0.001,128,19,0.2293844372034073,0.20209062099456787
gpt2-small,das2d,2,2,0,64,0.001,128,20,0.20209062099456787,0.17828109860420227
gpt2-small,das2d,2,2,0,64,0.001,128,21,0.17828109860420227,0.16202090680599213
gpt2-small,das2d,2,2,0,64,0.001,128,22,0.16202090680599213,0.14692221581935883
gpt2-small,das2d,2,2,0,64,0.001,128,23,0.14692221581935883,0.11788620054721832
gpt2-small,das2d,2,2,0,64,0.001,128,24,0.11788620054721832,0.10917539894580841
gpt2-small,das2d,2,2,0,64,0.001,128,25,0.10917539894580841,0.08943095058202744
gpt2-small,das2d,2,2,0,64,0.001,128,26,0.08943095058202744,0.0766550749540329
gpt2-small,das2d,2,2,0,64,0.001,128,27,0.0766550749540329,0.06968643516302109
gpt2-small,das2d,2,2,0,64,0.001,128,28,0.06968643516302109,0.05342625826597214
gpt2-small,das2d,2,2,0,64,0.001,128,29,0.05342625826597214,0.038908280432224274
gpt2-small,das2d,2,2,0,64,0.001,128,30,0.038908280432224274,0.03658536821603775
gpt2-small,das2d,2,2,0,64,0.001,128,31,0.03658536821603775,0.022067390382289886
gpt2-small,das2d,2,2,0,64,0.001,128,32,0.022067390382289886,0.022648101672530174
gpt2-small,das2d,2,2,0,64,0.001,128,33,0.022648101672530174,0.012195167131721973
gpt2-small,das2d,2,2,0,64,0.001,128,34,0.012195167131721973,0.005807211622595787
gpt2-small,das2d,2,2,0,64,0.001,128,35,0.005807211622595787,0.006387955974787474
gpt2-small,das2d,2,2,0,64,0.001,128,36,0.006387955974787474,0.0034843666944652796
gpt2-small,das2d,2,2,0,64,0.001,128,37,0.0034843666944652796,0.0
gpt2-small,das2d,2,2,0,64,0.001,128,38,0.0,-0.0017421335214748979
gpt2-small,das2d,2,2,0,64,0.001,128,39,-0.0017421335214748979,-0.002322844695299864
gpt2-small,das2d,2,2,0,64,0.001,128,40,-0.002322844695299864,-0.0029035890474915504
gpt2-small,das2d,2,2,0,64,0.001,128,41,-0.0029035890474915504,-0.01219506748020649
gpt2-small,das2d,2,2,0,64,0.001,128,42,-0.01219506748020649,-0.01161432359367609
gpt2-small,das2d,2,2,0,64,0.001,128,43,-0.01161432359367609,-0.011033645831048489
gpt2-small,das2d,2,2,0,64,0.001,128,44,-0.011033645831048489,-0.008710800670087337
gpt2-small,das2d,2,2,0,64,0.001,128,45,-0.008710800670087337,-0.006968633737415075
gpt2-small,das2d,2,2,0,64,0.001,128,46,-0.006968633737415075,-0.014518012292683125
gpt2-small,das2d,2,2,0,64,0.001,128,47,-0.014518012292683125,-0.013356523588299751
gpt2-small,das2d,2,2,0,64,0.001,128,48,-0.013356523588299751,-0.013356523588299751
gpt2-small,das2d,2,2,0,64,0.001,128,49,-0.013356523588299751,-0.0168408565223217
gpt2-small,das2d,2,2,0,64,0.001,128,50,-0.0168408565223217,-0.013356589712202549
gpt2-small,das2d,2,2,0,64,0.001,128,51,-0.013356589712202549,-0.015679433941841125
gpt2-small,das2d,2,2,0,64,0.001,128,52,-0.015679433941841125,-0.01916373521089554
gpt2-small,das2d,2,2,0,64,0.001,128,53,-0.01916373521089554,-0.023809457197785378
gpt2-small,das2d,2,2,0,64,0.001,128,54,-0.023809457197785378,-0.018002312630414963
gpt2-small,das2d,2,2,0,64,0.001,128,55,-0.018002312630414963,-0.018002312630414963
gpt2-small,das2d,2,2,0,64,0.001,128,56,-0.018002312630414963,-0.027874501422047615
gpt2-small,das2d,2,2,0,64,0.001,128,57,-0.027874501422047615,-0.015679433941841125
gpt2-small,das2d,2,2,0,64,0.001,128,58,-0.015679433941841125,-0.024390235543251038
gpt2-small,das2d,2,2,0,64,0.001,128,59,-0.024390235543251038,-0.0307781919836998
gpt2-small,das2d,2,2,0,64,0.001,128,60,-0.0307781919836998,-0.02845524623990059
gpt2-small,das2d,2,2,0,64,0.001,128,61,-0.02845524623990059,-0.03252025693655014
gpt2-small,das2d,2,2,0,64,0.001,128,62,-0.03252025693655014,-0.034262459725141525
gpt2-small,das2d,2,2,0,64,0.001,128,63,-0.034262459725141525,-0.03484320268034935
gpt2-small,das3d,2,3,0,64,0.001,128,0,0.9994192123413086,0.9709640145301819
gpt2-small,das3d,2,3,0,64,0.001,128,1,0.9709640145301819,0.914634108543396
gpt2-small,das3d,2,3,0,64,0.001,128,2,0.914634108543396,0.8385598659515381
gpt2-small,das3d,2,3,0,64,0.001,128,3,0.8385598659515381,0.748548150062561
gpt2-small,das3d,2,3,0,64,0.001,128,4,0.748548150062561,0.6579558849334717
gpt2-small,das3d,2,3,0,64,0.001,128,5,0.6579558849334717,0.5795586705207825
gpt2-small,das3d,2,3,0,64,0.001,128,6,0.5795586705207825,0.5116143822669983
gpt2-small,das3d,2,3,0,64,0.001,128,7,0.5116143822669983,0.4744483232498169
gpt2-small,das3d,2,3,0,64,0.001,128,8,0.4744483232498169,0.4436701536178589
gpt2-small,das3d,2,3,0,64,0.001,128,9,0.4436701536178589,0.41579559445381165
gpt2-small,das3d,2,3,0,64,0.001,128,10,0.41579559445381165,0.38675960898399353
gpt2-small,das3d,2,3,0,64,0.001,128,11,0.38675960898399353,0.35307782888412476
gpt2-small,das3d,2,3,0,64,0.001,128,12,0.35307782888412476,0.3281068801879883
gpt2-small,das3d,2,3,0,64,0.001,128,13,0.3281068801879883,0.28861790895462036
gpt2-small,das3d,2,3,0,64,0.001,128,14,0.28861790895462036,0.26132407784461975
gpt2-small,das3d,2,3,0,64,0.001,128,15,0.26132407784461975,0.22531943023204803
gpt2-small,das3d,2,3,0,64,0.001,128,16,0.22531943023204803,0.19976773858070374
gpt2-small,das3d,2,3,0,64,0.001,128,17,0.19976773858070374,0.17653892934322357
gpt2-small,das3d,2,3,0,64,0.001,128,18,0.17653892934322357,0.14866435527801514
gpt2-small,das3d,2,3,0,64,0.001,128,19,0.14866435527801514,0.13356566429138184
gpt2-small,das3d,2,3,0,64,0.001,128,20,0.13356566429138184,0.11149827390909195
gpt2-small,das3d,2,3,0,64,0.001,128,21,0.11149827390909195,0.0818815752863884
gpt2-small,das3d,2,3,0,64,0.001,128,22,0.0818815752863884,0.07200928032398224
gpt2-small,das3d,2,3,0,64,0.001,128,23,0.07200928032398224,0.056910593062639236
gpt2-small,das3d,2,3,0,64,0.001,128,24,0.056910593062639236,0.03716614842414856
gpt2-small,das3d,2,3,0,64,0.001,128,25,0.03716614842414856,0.028455279767513275
gpt2-small,das3d,2,3,0,64,0.001,128,26,0.028455279767513275,0.01567946746945381
gpt2-small,das3d,2,3,0,64,0.001,128,27,0.01567946746945381,0.0034843666944652796
gpt2-small,das3d,2,3,0,64,0.001,128,28,0.0034843666944652796,-0.002322844695299864
gpt2-small,das3d,2,3,0,64,0.001,128,29,-0.002322844695299864,-0.013356523588299751
gpt2-small,das3d,2,3,0,64,0.001,128,30,-0.013356523588299751,-0.02322874590754509
gpt2-small,das3d,2,3,0,64,0.001,128,31,-0.02322874590754509,-0.02845524623990059
gpt2-small,das3d,2,3,0,64,0.001,128,32,-0.02845524623990059,-0.03310103714466095
gpt2-small,das3d,2,3,0,64,0.001,128,33,-0.03310103714466095,-0.03832750394940376
gpt2-small,das3d,2,3,0,64,0.001,128,34,-0.03832750394940376,-0.04297325760126114
gpt2-small,das3d,2,3,0,64,0.001,128,35,-0.04297325760126114,-0.05226477235555649
gpt2-small,das3d,2,3,0,64,0.001,128,36,-0.05226477235555649,-0.0505225695669651
gpt2-small,das3d,2,3,0,64,0.001,128,37,-0.0505225695669651,-0.0493612140417099
gpt2-small,das3d,2,3,0,64,0.001,128,38,-0.0493612140417099,-0.06271777302026749
gpt2-small,das3d,2,3,0,64,0.001,128,39,-0.06271777302026749,-0.0574912391602993
gpt2-small,das3d,2,3,0,64,0.001,128,40,-0.0574912391602993,-0.05923343822360039
gpt2-small,das3d,2,3,0,64,0.001,128,41,-0.05923343822360039,-0.0574912391602993
gpt2-small,das3d,2,3,0,64,0.001,128,42,-0.0574912391602993,-0.0644599050283432
gpt2-small,das3d,2,3,0,64,0.001,128,43,-0.0644599050283432,-0.07026708126068115
gpt2-small,das3d,2,3,0,64,0.001,128,44,-0.07026708126068115,-0.0760742649435997
gpt2-small,das3d,2,3,0,64,0.001,128,45,-0.0760742649435997,-0.07665503770112991
gpt2-small,das3d,2,3,0,64,0.001,128,46,-0.07665503770112991,-0.07433212548494339
gpt2-small,das3d,2,3,0,64,0.001,128,47,-0.07433212548494339,-0.08130079507827759
gpt2-small,das3d,2,3,0,64,0.001,128,48,-0.08130079507827759,-0.08072008192539215
gpt2-small,das3d,2,3,0,64,0.001,128,49,-0.08072008192539215,-0.08594648540019989
gpt2-small,das3d,2,3,0,64,0.001,128,50,-0.08594648540019989,-0.0830429270863533
gpt2-small,das3d,2,3,0,64,0.001,128,51,-0.0830429270863533,-0.09814168512821198
gpt2-small,das3d,2,3,0,64,0.001,128,52,-0.09814168512821198,-0.09059230983257294
gpt2-small,das3d,2,3,0,64,0.001,128,53,-0.09059230983257294,-0.09581883996725082
gpt2-small,das3d,2,3,0,64,0.001,128,54,-0.09581883996725082,-0.10801390558481216
gpt2-small,das3d,2,3,0,64,0.001,128,55,-0.10801390558481216,-0.10278744250535965
gpt2-small,das3d,2,3,0,64,0.001,128,56,-0.10278744250535965,-0.10685248672962189
gpt2-small,das3d,2,3,0,64,0.001,128,57,-0.10685248672962189,-0.10975604504346848
gpt2-small,das3d,2,3,0,64,0.001,128,58,-0.10975604504346848,-0.13095232844352722
gpt2-small,das3d,2,3,0,64,0.001,128,59,-0.13095232844352722,-0.13385602831840515
gpt2-small,das3d,2,3,0,64,0.001,128,60,-0.13385602831840515,-0.15040649473667145
gpt2-small,das3d,2,3,0,64,0.001,128,61,-0.15040649473667145,-0.1673925220966339
gpt2-small,das3d,2,3,0,64,0.001,128,62,-0.1673925220966339,-0.18800809979438782
gpt2-small,das3d,2,3,0,64,0.001,128,63,-0.18800809979438782,-0.16303712129592896
gpt2-small,das,3,1,0,64,0.001,128,0,0.9907084107398987,0.9936120510101318
gpt2-small,das,3,1,0,64,0.001,128,1,0.9936120510101318,0.9785133600234985
gpt2-small,das,3,1,0,64,0.001,128,2,0.9785133600234985,0.9448316097259521
gpt2-small,das,3,1,0,64,0.001,128,3,0.9448316097259521,0.8879210352897644
gpt2-small,das,3,1,0,64,0.001,128,4,0.8879210352897644,0.8164924383163452
gpt2-small,das,3,1,0,64,0.001,128,5,0.8164924383163452,0.7224157452583313
gpt2-small,das,3,1,0,64,0.001,128,6,0.7224157452583313,0.6376306414604187
gpt2-small,das,3,1,0,64,0.001,128,7,0.6376306414604187,0.5609756708145142
gpt2-small,das,3,1,0,64,0.001,128,8,0.5609756708145142,0.5226480960845947
gpt2-small,das,3,1,0,64,0.001,128,9,0.5226480960845947,0.49419277906417847
gpt2-small,das,3,1,0,64,0.001,128,10,0.49419277906417847,0.4796748161315918
gpt2-small,das,3,1,0,64,0.001,128,11,0.4796748161315918,0.4750290513038635
gpt2-small,das,3,1,0,64,0.001,128,12,0.4750290513038635,0.4488966464996338
gpt2-small,das,3,1,0,64,0.001,128,13,0.4488966464996338,0.4250870943069458
gpt2-small,das,3,1,0,64,0.001,128,14,0.4250870943069458,0.3948896527290344
gpt2-small,das,3,1,0,64,0.001,128,15,0.3948896527290344,0.3745644688606262
gpt2-small,das,3,1,0,64,0.001,128,16,0.3745644688606262,0.354239284992218
gpt2-small,das,3,1,0,64,0.001,128,17,0.354239284992218,0.3263646960258484
gpt2-small,das,3,1,0,64,0.001,128,18,0.3263646960258484,0.2990708649158478
gpt2-small,das,3,1,0,64,0.001,128,19,0.2990708649158478,0.28803718090057373
gpt2-small,das,3,1,0,64,0.001,128,20,0.28803718090057373,0.265389084815979
gpt2-small,das,3,1,0,64,0.001,128,21,0.265389084815979,0.24912893772125244
gpt2-small,das,3,1,0,64,0.001,128,22,0.24912893772125244,0.23751452565193176
gpt2-small,das,3,1,0,64,0.001,128,23,0.23751452565193176,0.2195122241973877
gpt2-small,das,3,1,0,64,0.001,128,24,0.2195122241973877,0.20557494461536407
gpt2-small,das,3,1,0,64,0.001,128,25,0.20557494461536407,0.18350756168365479
gpt2-small,das,3,1,0,64,0.001,128,26,0.18350756168365479,0.1701509952545166
gpt2-small,das,3,1,0,64,0.001,128,27,0.1701509952545166,0.15969803929328918
gpt2-small,das,3,1,0,64,0.001,128,28,0.15969803929328918,0.14576075971126556
gpt2-small,das,3,1,0,64,0.001,128,29,0.14576075971126556,0.14169572293758392
gpt2-small,das,3,1,0,64,0.001,128,30,0.14169572293758392,0.1295005828142166
gpt2-small,das,3,1,0,64,0.001,128,31,0.1295005828142166,0.1225319504737854
gpt2-small,das,3,1,0,64,0.001,128,32,0.1225319504737854,0.11091756075620651
gpt2-small,das,3,1,0,64,0.001,128,33,0.11091756075620651,0.10162605345249176
gpt2-small,das,3,1,0,64,0.001,128,34,0.10162605345249176,0.09465738385915756
gpt2-small,das,3,1,0,64,0.001,128,35,0.09465738385915756,0.09175379574298859
gpt2-small,das,3,1,0,64,0.001,128,36,0.09175379574298859,0.0766550749540329
gpt2-small,das,3,1,0,64,0.001,128,37,0.0766550749540329,0.07026714831590652
gpt2-small,das,3,1,0,64,0.001,128,38,0.07026714831590652,0.07200934737920761
gpt2-small,das,3,1,0,64,0.001,128,39,0.07200934737920761,0.06097560375928879
gpt2-small,das,3,1,0,64,0.001,128,40,0.06097560375928879,0.05807201564311981
gpt2-small,das,3,1,0,64,0.001,128,41,0.05807201564311981,0.05168412625789642
gpt2-small,das,3,1,0,64,0.001,128,42,0.05168412625789642,0.0511033833026886
gpt2-small,das,3,1,0,64,0.001,128,43,0.0511033833026886,0.04703836888074875
gpt2-small,das,3,1,0,64,0.001,128,44,0.04703836888074875,0.04471542686223984
gpt2-small,das,3,1,0,64,0.001,128,45,0.04471542686223984,0.038908280432224274
gpt2-small,das,3,1,0,64,0.001,128,46,0.038908280432224274,0.035423945635557175
gpt2-small,das,3,1,0,64,0.001,128,47,0.035423945635557175,0.033101070672273636
gpt2-small,das,3,1,0,64,0.001,128,48,0.033101070672273636,0.04006970301270485
gpt2-small,das,3,1,0,64,0.001,128,49,0.04006970301270485,0.0342625230550766
gpt2-small,das,3,1,0,64,0.001,128,50,0.0342625230550766,0.019163768738508224
gpt2-small,das,3,1,0,64,0.001,128,51,0.019163768738508224,0.026713145896792412
gpt2-small,das,3,1,0,64,0.001,128,52,0.026713145896792412,0.0272938571870327
gpt2-small,das,3,1,0,64,0.001,128,53,0.0272938571870327,0.03135893493890762
gpt2-small,das,3,1,0,64,0.001,128,54,0.03135893493890762,0.018583057448267937
gpt2-small,das,3,1,0,64,0.001,128,55,0.018583057448267937,0.013937334530055523
gpt2-small,das,3,1,0,64,0.001,128,56,0.013937334530055523,0.024390235543251038
gpt2-small,das,3,1,0,64,0.001,128,57,0.024390235543251038,0.013356589712202549
gpt2-small,das,3,1,0,64,0.001,128,58,0.013356589712202549,0.022067390382289886
gpt2-small,das,3,1,0,64,0.001,128,59,0.022067390382289886,0.0214866790920496
gpt2-small,das,3,1,0,64,0.001,128,60,0.0214866790920496,0.02497098036110401
gpt2-small,das,3,1,0,64,0.001,128,61,0.02497098036110401,0.02090596780180931
gpt2-small,das,3,1,0,64,0.001,128,62,0.02090596780180931,0.02090596780180931
gpt2-small,das,3,1,0,64,0.001,128,63,0.02090596780180931,0.022648101672530174
gpt2-small,das2d,3,2,0,64,0.001,128,0,0.9982578158378601,0.9790940880775452
gpt2-small,das2d,3,2,0,64,0.001,128,1,0.9790940880775452,0.9430894255638123
gpt2-small,das2d,3,2,0,64,0.001,128,2,0.9430894255638123,0.8774680495262146
gpt2-small,das2d,3,2,0,64,0.001,128,3,0.8774680495262146,0.8002322316169739
gpt2-small,das2d,3,2,0,64,0.001,128,4,0.8002322316169739,0.7166085839271545
gpt2-small,das2d,3,2,0,64,0.001,128,5,0.7166085839271545,0.6306620240211487
gpt2-small,das2d,3,2,0,64,0.001,128,6,0.6306620240211487,0.5760743618011475
gpt2-small,das2d,3,2,0,64,0.001,128,7,0.5760743618011475,0.5296167135238647
gpt2-small,das2d,3,2,0,64,0.001,128,8,0.5296167135238647,0.49767711758613586
gpt2-small,das2d,3,2,0,64,0.001,128,9,0.49767711758613586,0.48432058095932007
gpt2-small,das2d,3,2,0,64,0.001,128,10,0.48432058095932007,0.4552845358848572
gpt2-small,das2d,3,2,0,64,0.001,128,11,0.4552845358848572,0.42276424169540405
gpt2-small,das2d,3,2,0,64,0.001,128,12,0.42276424169540405,0.38327527046203613
gpt2-small,das2d,3,2,0,64,0.001,128,13,0.38327527046203613,0.3536585569381714
gpt2-small,das2d,3,2,0,64,0.001,128,14,0.3536585569381714,0.32404181361198425
gpt2-small,das2d,3,2,0,64,0.001,128,15,0.32404181361198425,0.29036006331443787
gpt2-small,das2d,3,2,0,64,0.001,128,16,0.29036006331443787,0.2700348496437073
gpt2-small,das2d,3,2,0,64,0.001,128,17,0.2700348496437073,0.24274100363254547
gpt2-small,das2d,3,2,0,64,0.001,128,18,0.24274100363254547,0.2195122241973877
gpt2-small,das2d,3,2,0,64,0.001,128,19,0.2195122241973877,0.19337981939315796
gpt2-small,das2d,3,2,0,64,0.001,128,20,0.19337981939315796,0.1718931347131729
gpt2-small,das2d,3,2,0,64,0.001,128,21,0.1718931347131729,0.14866435527801514
gpt2-small,das2d,3,2,0,64,0.001,128,22,0.14866435527801514,0.13879212737083435
gpt2-small,das2d,3,2,0,64,0.001,128,23,0.13879212737083435,0.11149827390909195
gpt2-small,das2d,3,2,0,64,0.001,128,24,0.11149827390909195,0.09930317103862762
gpt2-small,das2d,3,2,0,64,0.001,128,25,0.09930317103862762,0.08246228098869324
gpt2-small,das2d,3,2,0,64,0.001,128,26,0.08246228098869324,0.06736356019973755
gpt2-small,das2d,3,2,0,64,0.001,128,27,0.06736356019973755,0.05516839399933815
gpt2-small,das2d,3,2,0,64,0.001,128,28,0.05516839399933815,0.054006971418857574
gpt2-small,das2d,3,2,0,64,0.001,128,29,0.054006971418857574,0.038908280432224274
gpt2-small,das2d,3,2,0,64,0.001,128,30,0.038908280432224274,0.026132401078939438
gpt2-small,das2d,3,2,0,64,0.001,128,31,0.026132401078939438,0.023809557780623436
gpt2-small,das2d,3,2,0,64,0.001,128,32,0.023809557780623436,0.007549378089606762
gpt2-small,das2d,3,2,0,64,0.001,128,33,0.007549378089606762,-0.0029035890474915504
gpt2-small,das2d,3,2,0,64,0.001,128,34,-0.0029035890474915504,-0.0046457890421152115
gpt2-small,das2d,3,2,0,64,0.001,128,35,-0.0046457890421152115,-0.005807211622595787
gpt2-small,das2d,3,2,0,64,0.001,128,36,-0.005807211622595787,-0.011614389717578888
gpt2-small,das2d,3,2,0,64,0.001,128,37,-0.011614389717578888,-0.01219506748020649
gpt2-small,das2d,3,2,0,64,0.001,128,38,-0.01219506748020649,-0.022648034617304802
gpt2-small,das2d,3,2,0,64,0.001,128,39,-0.022648034617304802,-0.0255516916513443
gpt2-small,das2d,3,2,0,64,0.001,128,40,-0.0255516916513443,-0.027293823659420013
gpt2-small,das2d,3,2,0,64,0.001,128,41,-0.027293823659420013,-0.023228812962770462
gpt2-small,das2d,3,2,0,64,0.001,128,42,-0.023228812962770462,-0.026132401078939438
gpt2-small,das2d,3,2,0,64,0.001,128,43,-0.026132401078939438,-0.02845524623990059
gpt2-small,das2d,3,2,0,64,0.001,128,44,-0.02845524623990059,-0.0261323694139719
gpt2-small,das2d,3,2,0,64,0.001,128,45,-0.0261323694139719,-0.027293823659420013
gpt2-small,das2d,3,2,0,64,0.001,128,46,-0.027293823659420013,-0.029035957530140877
gpt2-small,das2d,3,2,0,64,0.001,128,47,-0.029035957530140877,-0.031358834356069565
gpt2-small,das2d,3,2,0,64,0.001,128,48,-0.031358834356069565,-0.036004625260829926
gpt2-small,das2d,3,2,0,64,0.001,128,49,-0.036004625260829926,-0.03252025693655014
gpt2-small,das2d,3,2,0,64,0.001,128,50,-0.03252025693655014,-0.031939614564180374
gpt2-small,das2d,3,2,0,64,0.001,128,51,-0.031939614564180374,-0.023228812962770462
gpt2-small,das2d,3,2,0,64,0.001,128,52,-0.023228812962770462,-0.03368174657225609
gpt2-small,das2d,3,2,0,64,0.001,128,53,-0.03368174657225609,-0.02845524623990059
gpt2-small,das2d,3,2,0,64,0.001,128,54,-0.02845524623990059,-0.034262459725141525
gpt2-small,das2d,3,2,0,64,0.001,128,55,-0.034262459725141525,-0.04006963595747948
gpt2-small,das2d,3,2,0,64,0.001,128,56,-0.04006963595747948,-0.045296136289834976
gpt2-small,das2d,3,2,0,64,0.001,128,57,-0.045296136289834976,-0.03948892652988434
gpt2-small,das2d,3,2,0,64,0.001,128,58,-0.03948892652988434,-0.03484320268034935
gpt2-small,das2d,3,2,0,64,0.001,128,59,-0.03484320268034935,-0.03310103714466095
gpt2-small,das2d,3,2,0,64,0.001,128,60,-0.03310103714466095,-0.044134680181741714
gpt2-small,das2d,3,2,0,64,0.001,128,61,-0.044134680181741714,-0.03948892652988434
gpt2-small,das2d,3,2,0,64,0.001,128,62,-0.03948892652988434,-0.041231125593185425
gpt2-small,das2d,3,2,0,64,0.001,128,63,-0.041231125593185425,-0.034262459725141525
gpt2-small,das3d,3,3,0,64,0.001,128,0,0.9994192123413086,0.9639953374862671
gpt2-small,das3d,3,3,0,64,0.001,128,1,0.9639953374862671,0.9140534400939941
gpt2-small,das3d,3,3,0,64,0.001,128,2,0.9140534400939941,0.833914041519165
gpt2-small,das3d,3,3,0,64,0.001,128,3,0.833914041519165,0.731126606464386
gpt2-small,das3d,3,3,0,64,0.001,128,4,0.731126606464386,0.6329848766326904
gpt2-small,das3d,3,3,0,64,0.001,128,5,0.6329848766326904,0.5464575886726379
gpt2-small,das3d,3,3,0,64,0.001,128,6,0.5464575886726379,0.4895470440387726
gpt2-small,das3d,3,3,0,64,0.001,128,7,0.4895470440387726,0.45354241132736206
gpt2-small,das3d,3,3,0,64,0.001,128,8,0.45354241132736206,0.4297328591346741
gpt2-small,das3d,3,3,0,64,0.001,128,9,0.4297328591346741,0.40418121218681335
gpt2-small,das3d,3,3,0,64,0.001,128,10,0.40418121218681335,0.3745644688606262
gpt2-small,das3d,3,3,0,64,0.001,128,11,0.3745644688606262,0.33391404151916504
gpt2-small,das3d,3,3,0,64,0.001,128,12,0.33391404151916504,0.30081304907798767
gpt2-small,das3d,3,3,0,64,0.001,128,13,0.30081304907798767,0.2700348496437073
gpt2-small,das3d,3,3,0,64,0.001,128,14,0.2700348496437073,0.2433217465877533
gpt2-small,das3d,3,3,0,64,0.001,128,15,0.2433217465877533,0.22183510661125183
gpt2-small,das3d,3,3,0,64,0.001,128,16,0.22183510661125183,0.1939605325460434
gpt2-small,das3d,3,3,0,64,0.001,128,17,0.1939605325460434,0.16260161995887756
gpt2-small,das3d,3,3,0,64,0.001,128,18,0.16260161995887756,0.14576080441474915
gpt2-small,das3d,3,3,0,64,0.001,128,19,0.14576080441474915,0.12020907551050186
gpt2-small,das3d,3,3,0,64,0.001,128,20,0.12020907551050186,0.09756097197532654
gpt2-small,das3d,3,3,0,64,0.001,128,21,0.09756097197532654,0.07607436180114746
gpt2-small,das3d,3,3,0,64,0.001,128,22,0.07607436180114746,0.0632985457777977
gpt2-small,das3d,3,3,0,64,0.001,128,23,0.0632985457777977,0.04123115912079811
gpt2-small,das3d,3,3,0,64,0.001,128,24,0.04123115912079811,0.03135890141129494
gpt2-small,das3d,3,3,0,64,0.001,128,25,0.03135890141129494,0.025551723316311836
gpt2-small,das3d,3,3,0,64,0.001,128,26,0.025551723316311836,0.007549378089606762
gpt2-small,das3d,3,3,0,64,0.001,128,27,0.007549378089606762,0.011614389717578888
gpt2-small,das3d,3,3,0,64,0.001,128,28,0.011614389717578888,-0.0017421335214748979
gpt2-small,das3d,3,3,0,64,0.001,128,29,-0.0017421335214748979,-0.009291478432714939
gpt2-small,das3d,3,3,0,64,0.001,128,30,-0.009291478432714939,-0.015679433941841125
gpt2-small,das3d,3,3,0,64,0.001,128,31,-0.015679433941841125,-0.015679433941841125
gpt2-small,das3d,3,3,0,64,0.001,128,32,-0.015679433941841125,-0.023228812962770462
gpt2-small,das3d,3,3,0,64,0.001,128,33,-0.023228812962770462,-0.031358834356069565
gpt2-small,das3d,3,3,0,64,0.001,128,34,-0.031358834356069565,-0.03716608136892319
gpt2-small,das3d,3,3,0,64,0.001,128,35,-0.03716608136892319,-0.03019741363823414
gpt2-small,das3d,3,3,0,64,0.001,128,36,-0.03019741363823414,-0.04006963595747948
gpt2-small,das3d,3,3,0,64,0.001,128,37,-0.04006963595747948,-0.0389082133769989
gpt2-small,das3d,3,3,0,64,0.001,128,38,-0.0389082133769989,-0.037746790796518326
gpt2-small,das3d,3,3,0,64,0.001,128,39,-0.037746790796518326,-0.044134680181741714
gpt2-small,das3d,3,3,0,64,0.001,128,40,-0.044134680181741714,-0.04471542686223984
gpt2-small,das3d,3,3,0,64,0.001,128,41,-0.04471542686223984,-0.04123105853796005
gpt2-small,das3d,3,3,0,64,0.001,128,42,-0.04123105853796005,-0.04819972440600395
gpt2-small,das3d,3,3,0,64,0.001,128,43,-0.04819972440600395,-0.047619014978408813
gpt2-small,das3d,3,3,0,64,0.001,128,44,-0.047619014978408813,-0.05923343822360039
gpt2-small,das3d,3,3,0,64,0.001,128,45,-0.05923343822360039,-0.05516839399933815
gpt2-small,das3d,3,3,0,64,0.001,128,46,-0.05516839399933815,-0.06213699281215668
gpt2-small,das3d,3,3,0,64,0.001,128,47,-0.06213699281215668,-0.06504061818122864
gpt2-small,das3d,3,3,0,64,0.001,128,48,-0.06504061818122864,-0.06562132388353348
gpt2-small,das3d,3,3,0,64,0.001,128,49,-0.06562132388353348,-0.07200928032398224
gpt2-small,das3d,3,3,0,64,0.001,128,50,-0.07200928032398224,-0.07026708126068115
gpt2-small,das3d,3,3,0,64,0.001,128,51,-0.07026708126068115,-0.07491283863782883
gpt2-small,das3d,3,3,0,64,0.001,128,52,-0.07491283863782883,-0.07955866307020187
gpt2-small,das3d,3,3,0,64,0.001,128,53,-0.07955866307020187,-0.07897788286209106
gpt2-small,das3d,3,3,0,64,0.001,128,54,-0.07897788286209106,-0.08130079507827759
gpt2-small,das3d,3,3,0,64,0.001,128,55,-0.08130079507827759,-0.08826946467161179
gpt2-small,das3d,3,3,0,64,0.001,128,56,-0.08826946467161179,-0.08826939761638641
gpt2-small,das3d,3,3,0,64,0.001,128,57,-0.08826939761638641,-0.0900115966796875
gpt2-small,das3d,3,3,0,64,0.001,128,58,-0.0900115966796875,-0.09639948606491089
gpt2-small,das3d,3,3,0,64,0.001,128,59,-0.09639948606491089,-0.10104524344205856
gpt2-small,das3d,3,3,0,64,0.001,128,60,-0.10104524344205856,-0.10046453028917313
gpt2-small,das3d,3,3,0,64,0.001,128,61,-0.10046453028917313,-0.1016259491443634
gpt2-small,das3d,3,3,0,64,0.001,128,62,-0.1016259491443634,-0.10104524344205856
gpt2-small,das3d,3,3,0,64,0.001,128,63,-0.10104524344205856,-0.10743319988250732
gpt2-small,das,4,1,0,64,0.001,128,0,0.9988386034965515,0.9976770877838135
gpt2-small,das,4,1,0,64,0.001,128,1,0.9976770877838135,0.9634146094322205
gpt2-small,das,4,1,0,64,0.001,128,2,0.9634146094322205,0.9239256381988525
gpt2-small,das,4,1,0,64,0.001,128,3,0.9239256381988525,0.8623693585395813
gpt2-small,das,4,1,0,64,0.001,128,4,0.8623693585395813,0.775842010974884
gpt2-small,das,4,1,0,64,0.001,128,5,0.775842010974884,0.6823461651802063
gpt2-small,das,4,1,0,64,0.001,128,6,0.6823461651802063,0.5934959053993225
gpt2-small,das,4,1,0,64,0.001,128,7,0.5934959053993225,0.5255516767501831
gpt2-small,das,4,1,0,64,0.001,128,8,0.5255516767501831,0.4796748161315918
gpt2-small,das,4,1,0,64,0.001,128,9,0.4796748161315918,0.45005807280540466
gpt2-small,das,4,1,0,64,0.001,128,10,0.45005807280540466,0.4372822344303131
gpt2-small,das,4,1,0,64,0.001,128,11,0.4372822344303131,0.4233449697494507
gpt2-small,das,4,1,0,64,0.001,128,12,0.4233449697494507,0.4030197560787201
gpt2-small,das,4,1,0,64,0.001,128,13,0.4030197560787201,0.38153308629989624
gpt2-small,das,4,1,0,64,0.001,128,14,0.38153308629989624,0.3519164025783539
gpt2-small,das,4,1,0,64,0.001,128,15,0.3519164025783539,0.31707319617271423
gpt2-small,das,4,1,0,64,0.001,128,16,0.31707319617271423,0.2979094088077545
gpt2-small,das,4,1,0,64,0.001,128,17,0.2979094088077545,0.2752613425254822
gpt2-small,das,4,1,0,64,0.001,128,18,0.2752613425254822,0.25087109208106995
gpt2-small,das,4,1,0,64,0.001,128,19,0.25087109208106995,0.2229965478181839
gpt2-small,das,4,1,0,64,0.001,128,20,0.2229965478181839,0.2044134885072708
gpt2-small,das,4,1,0,64,0.001,128,21,0.2044134885072708,0.18524973094463348
gpt2-small,das,4,1,0,64,0.001,128,22,0.18524973094463348,0.16550524532794952
gpt2-small,das,4,1,0,64,0.001,128,23,0.16550524532794952,0.14459934830665588
gpt2-small,das,4,1,0,64,0.001,128,24,0.14459934830665588,0.13995355367660522
gpt2-small,das,4,1,0,64,0.001,128,25,0.13995355367660522,0.11265973001718521
gpt2-small,das,4,1,0,64,0.001,128,26,0.11265973001718521,0.10975614190101624
gpt2-small,das,4,1,0,64,0.001,128,27,0.10975614190101624,0.09059237688779831
gpt2-small,das,4,1,0,64,0.001,128,28,0.09059237688779831,0.08072008192539215
gpt2-small,das,4,1,0,64,0.001,128,29,0.08072008192539215,0.06562139093875885
gpt2-small,das,4,1,0,64,0.001,128,30,0.06562139093875885,0.06329848617315292
gpt2-small,das,4,1,0,64,0.001,128,31,0.06329848617315292,0.04878053814172745
gpt2-small,das,4,1,0,64,0.001,128,32,0.04878053814172745,0.03716608136892319
gpt2-small,das,4,1,0,64,0.001,128,33,0.03716608136892319,0.033681780099868774
gpt2-small,das,4,1,0,64,0.001,128,34,0.033681780099868774,0.025551723316311836
gpt2-small,das,4,1,0,64,0.001,128,35,0.025551723316311836,0.016840923577547073
gpt2-small,das,4,1,0,64,0.001,128,36,0.016840923577547073,0.007549378089606762
gpt2-small,das,4,1,0,64,0.001,128,37,0.007549378089606762,-0.0017421335214748979
gpt2-small,das,4,1,0,64,0.001,128,38,-0.0017421335214748979,-0.006387922912836075
gpt2-small,das,4,1,0,64,0.001,128,39,-0.006387922912836075,-0.008710800670087337
gpt2-small,das,4,1,0,64,0.001,128,40,-0.008710800670087337,-0.014518012292683125
gpt2-small,das,4,1,0,64,0.001,128,41,-0.014518012292683125,-0.025551658123731613
gpt2-small,das,4,1,0,64,0.001,128,42,-0.025551658123731613,-0.03019741363823414
gpt2-small,das,4,1,0,64,0.001,128,43,-0.03019741363823414,-0.031358834356069565
gpt2-small,das,4,1,0,64,0.001,128,44,-0.031358834356069565,-0.043553970754146576
gpt2-small,das,4,1,0,64,0.001,128,45,-0.043553970754146576,-0.047619014978408813
gpt2-small,das,4,1,0,64,0.001,128,46,-0.047619014978408813,-0.050522636622190475
gpt2-small,das,4,1,0,64,0.001,128,47,-0.050522636622190475,-0.05110334977507591
gpt2-small,das,4,1,0,64,0.001,128,48,-0.05110334977507591,-0.06271777302026749
gpt2-small,das,4,1,0,64,0.001,128,49,-0.06271777302026749,-0.06678281724452972
gpt2-small,das,4,1,0,64,0.001,128,50,-0.06678281724452972,-0.0644599050283432
gpt2-small,das,4,1,0,64,0.001,128,51,-0.0644599050283432,-0.0644599050283432
gpt2-small,das,4,1,0,64,0.001,128,52,-0.0644599050283432,-0.06620203703641891
gpt2-small,das,4,1,0,64,0.001,128,53,-0.06620203703641891,-0.06910566240549088
gpt2-small,das,4,1,0,64,0.001,128,54,-0.06910566240549088,-0.06968643516302109
gpt2-small,das,4,1,0,64,0.001,128,55,-0.06968643516302109,-0.07084786146879196
gpt2-small,das,4,1,0,64,0.001,128,56,-0.07084786146879196,-0.0714285746216774
gpt2-small,das,4,1,0,64,0.001,128,57,-0.0714285746216774,-0.07258999347686768
gpt2-small,das,4,1,0,64,0.001,128,58,-0.07258999347686768,-0.07200928032398224
gpt2-small,das,4,1,0,64,0.001,128,59,-0.07200928032398224,-0.06562139093875885
gpt2-small,das,4,1,0,64,0.001,128,60,-0.06562139093875885,-0.06852488219738007
gpt2-small,das,4,1,0,64,0.001,128,61,-0.06852488219738007,-0.06968643516302109
gpt2-small,das,4,1,0,64,0.001,128,62,-0.06968643516302109,-0.0830429270863533
gpt2-small,das,4,1,0,64,0.001,128,63,-0.0830429270863533,-0.07375141978263855
gpt2-small,das2d,4,2,0,64,0.001,128,0,0.9970963597297668,0.972706139087677
gpt2-small,das2d,4,2,0,64,0.001,128,1,0.972706139087677,0.9291521310806274
gpt2-small,das2d,4,2,0,64,0.001,128,2,0.9291521310806274,0.857723593711853
gpt2-small,das2d,4,2,0,64,0.001,128,3,0.857723593711853,0.7816492319107056
gpt2-small,das2d,4,2,0,64,0.001,128,4,0.7816492319107056,0.6904761791229248
gpt2-small,das2d,4,2,0,64,0.001,128,5,0.6904761791229248,0.6091753244400024
gpt2-small,das2d,4,2,0,64,0.001,128,6,0.6091753244400024,0.5423925518989563
gpt2-small,das2d,4,2,0,64,0.001,128,7,0.5423925518989563,0.4947735369205475
gpt2-small,das2d,4,2,0,64,0.001,128,8,0.4947735369205475,0.462253212928772
gpt2-small,das2d,4,2,0,64,0.001,128,9,0.462253212928772,0.4337978959083557
gpt2-small,das2d,4,2,0,64,0.001,128,10,0.4337978959083557,0.4099884033203125
gpt2-small,das2d,4,2,0,64,0.001,128,11,0.4099884033203125,0.3774680495262146
gpt2-small,das2d,4,2,0,64,0.001,128,12,0.3774680495262146,0.34262484312057495
gpt2-small,das2d,4,2,0,64,0.001,128,13,0.34262484312057495,0.3031359016895294
gpt2-small,das2d,4,2,0,64,0.001,128,14,0.3031359016895294,0.2648083567619324
gpt2-small,das2d,4,2,0,64,0.001,128,15,0.2648083567619324,0.22590015828609467
gpt2-small,das2d,4,2,0,64,0.001,128,16,0.22590015828609467,0.2044134885072708
gpt2-small,das2d,4,2,0,64,0.001,128,17,0.2044134885072708,0.16957029700279236
gpt2-small,das2d,4,2,0,64,0.001,128,18,0.16957029700279236,0.15563298761844635
gpt2-small,das2d,4,2,0,64,0.001,128,19,0.15563298761844635,0.1277584582567215
gpt2-small,das2d,4,2,0,64,0.001,128,20,0.1277584582567215,0.10569106042385101
gpt2-small,das2d,4,2,0,64,0.001,128,21,0.10569106042385101,0.08478516340255737
gpt2-small,das2d,4,2,0,64,0.001,128,22,0.08478516340255737,0.0696864053606987
gpt2-small,das2d,4,2,0,64,0.001,128,23,0.0696864053606987,0.04645765945315361
gpt2-small,das2d,4,2,0,64,0.001,128,24,0.04645765945315361,0.03019748069345951
gpt2-small,das2d,4,2,0,64,0.001,128,25,0.03019748069345951,0.023228812962770462
gpt2-small,das2d,4,2,0,64,0.001,128,26,0.023228812962770462,0.0017421668162569404
gpt2-small,das2d,4,2,0,64,0.001,128,27,0.0017421668162569404,-0.004065011627972126
gpt2-small,das2d,4,2,0,64,0.001,128,28,-0.004065011627972126,-0.01858302392065525
gpt2-small,das2d,4,2,0,64,0.001,128,29,-0.01858302392065525,-0.026713112369179726
gpt2-small,das2d,4,2,0,64,0.001,128,30,-0.026713112369179726,-0.04181183502078056
gpt2-small,das2d,4,2,0,64,0.001,128,31,-0.04181183502078056,-0.04878043755888939
gpt2-small,das2d,4,2,0,64,0.001,128,32,-0.04878043755888939,-0.050522636622190475
gpt2-small,das2d,4,2,0,64,0.001,128,33,-0.050522636622190475,-0.06562132388353348
gpt2-small,das2d,4,2,0,64,0.001,128,34,-0.06562132388353348,-0.06852488219738007
gpt2-small,das2d,4,2,0,64,0.001,128,35,-0.06852488219738007,-0.07084786146879196
gpt2-small,das2d,4,2,0,64,0.001,128,36,-0.07084786146879196,-0.08072008192539215
gpt2-small,das2d,4,2,0,64,0.001,128,37,-0.08072008192539215,-0.09059230983257294
gpt2-small,das2d,4,2,0,64,0.001,128,38,-0.09059230983257294,-0.09059230983257294
gpt2-small,das2d,4,2,0,64,0.001,128,39,-0.09059230983257294,-0.08826946467161179
gpt2-small,das2d,4,2,0,64,0.001,128,40,-0.08826946467161179,-0.09756097197532654
gpt2-small,das2d,4,2,0,64,0.001,128,41,-0.09756097197532654,-0.09581883996725082
gpt2-small,das2d,4,2,0,64,0.001,128,42,-0.09581883996725082,-0.09639948606491089
gpt2-small,das2d,4,2,0,64,0.001,128,43,-0.09639948606491089,-0.10452964156866074
gpt2-small,das2d,4,2,0,64,0.001,128,44,-0.10452964156866074,-0.10627177357673645
gpt2-small,das2d,4,2,0,64,0.001,128,45,-0.10627177357673645,-0.10801390558481216
gpt2-small,das2d,4,2,0,64,0.001,128,46,-0.10801390558481216,-0.10627177357673645
gpt2-small,das2d,4,2,0,64,0.001,128,47,-0.10627177357673645,-0.11382115632295609
gpt2-small,das2d,4,2,0,64,0.001,128,48,-0.11382115632295609,-0.1155632883310318
gpt2-small,das2d,4,2,0,64,0.001,128,49,-0.1155632883310318,-0.11672470718622208
gpt2-small,das2d,4,2,0,64,0.001,128,50,-0.11672470718622208,-0.11672470718622208
gpt2-small,das2d,4,2,0,64,0.001,128,51,-0.11672470718622208,-0.11962833255529404
gpt2-small,das2d,4,2,0,64,0.001,128,52,-0.11962833255529404,-0.12020904570817947
gpt2-small,das2d,4,2,0,64,0.001,128,53,-0.12020904570817947,-0.12601621448993683
gpt2-small,das2d,4,2,0,64,0.001,128,54,-0.12601621448993683,-0.12311266362667084
gpt2-small,das2d,4,2,0,64,0.001,128,55,-0.12311266362667084,-0.11962833255529404
gpt2-small,das2d,4,2,0,64,0.001,128,56,-0.11962833255529404,-0.12543551623821259
gpt2-small,das2d,4,2,0,64,0.001,128,57,-0.12543551623821259,-0.12601621448993683
gpt2-small,das2d,4,2,0,64,0.001,128,58,-0.12601621448993683,-0.12311266362667084
gpt2-small,das2d,4,2,0,64,0.001,128,59,-0.12311266362667084,-0.1289198398590088
gpt2-small,das2d,4,2,0,64,0.001,128,60,-0.1289198398590088,-0.13588844239711761
gpt2-small,das2d,4,2,0,64,0.001,128,61,-0.13588844239711761,-0.12601621448993683
gpt2-small,das2d,4,2,0,64,0.001,128,62,-0.12601621448993683,-0.13588844239711761
gpt2-small,das2d,4,2,0,64,0.001,128,63,-0.13588844239711761,-0.1271776407957077
gpt2-small,das3d,4,3,0,64,0.001,128,0,0.9924506545066833,0.9541230797767639
gpt2-small,das3d,4,3,0,64,0.001,128,1,0.9541230797767639,0.891986072063446
gpt2-small,das3d,4,3,0,64,0.001,128,2,0.891986072063446,0.7996515035629272
gpt2-small,das3d,4,3,0,64,0.001,128,3,0.7996515035629272,0.6991869807243347
gpt2-small,das3d,4,3,0,64,0.001,128,4,0.6991869807243347,0.5952381491661072
gpt2-small,das3d,4,3,0,64,0.001,128,5,0.5952381491661072,0.5197444558143616
gpt2-small,das3d,4,3,0,64,0.001,128,6,0.5197444558143616,0.4552845358848572
gpt2-small,das3d,4,3,0,64,0.001,128,7,0.4552845358848572,0.4169570505619049
gpt2-small,das3d,4,3,0,64,0.001,128,8,0.4169570505619049,0.3873403072357178
gpt2-small,das3d,4,3,0,64,0.001,128,9,0.3873403072357178,0.35830432176589966
gpt2-small,das3d,4,3,0,64,0.001,128,10,0.35830432176589966,0.32752615213394165
gpt2-small,das3d,4,3,0,64,0.001,128,11,0.32752615213394165,0.28687575459480286
gpt2-small,das3d,4,3,0,64,0.001,128,12,0.28687575459480286,0.25261327624320984
gpt2-small,das3d,4,3,0,64,0.001,128,13,0.25261327624320984,0.2142857164144516
gpt2-small,das3d,4,3,0,64,0.001,128,14,0.2142857164144516,0.18350756168365479
gpt2-small,das3d,4,3,0,64,0.001,128,15,0.18350756168365479,0.14750292897224426
gpt2-small,das3d,4,3,0,64,0.001,128,16,0.14750292897224426,0.1225319504737854
gpt2-small,das3d,4,3,0,64,0.001,128,17,0.1225319504737854,0.09639955312013626
gpt2-small,das3d,4,3,0,64,0.001,128,18,0.09639955312013626,0.0696864053606987
gpt2-small,das3d,4,3,0,64,0.001,128,19,0.0696864053606987,0.048199791461229324
gpt2-small,das3d,4,3,0,64,0.001,128,20,0.048199791461229324,0.027874568477272987
gpt2-small,das3d,4,3,0,64,0.001,128,21,0.027874568477272987,0.022067390382289886
gpt2-small,das3d,4,3,0,64,0.001,128,22,0.022067390382289886,-0.000580711173824966
gpt2-small,das3d,4,3,0,64,0.001,128,23,-0.000580711173824966,-0.019744480028748512
gpt2-small,das3d,4,3,0,64,0.001,128,24,-0.019744480028748512,-0.023228812962770462
gpt2-small,das3d,4,3,0,64,0.001,128,25,-0.023228812962770462,-0.03252032399177551
gpt2-small,das3d,4,3,0,64,0.001,128,26,-0.03252032399177551,-0.04703827202320099
gpt2-small,das3d,4,3,0,64,0.001,128,27,-0.04703827202320099,-0.053426194936037064
gpt2-small,das3d,4,3,0,64,0.001,128,28,-0.053426194936037064,-0.05807194858789444
gpt2-small,das3d,4,3,0,64,0.001,128,29,-0.05807194858789444,-0.07084786146879196
gpt2-small,das3d,4,3,0,64,0.001,128,30,-0.07084786146879196,-0.08188150823116302
gpt2-small,das3d,4,3,0,64,0.001,128,31,-0.08188150823116302,-0.08304299414157867
gpt2-small,das3d,4,3,0,64,0.001,128,32,-0.08304299414157867,-0.09059230983257294
gpt2-small,das3d,4,3,0,64,0.001,128,33,-0.09059230983257294,-0.09291521459817886
gpt2-small,das3d,4,3,0,64,0.001,128,34,-0.09291521459817886,-0.09407664090394974
gpt2-small,das3d,4,3,0,64,0.001,128,35,-0.09407664090394974,-0.10104524344205856
gpt2-small,das3d,4,3,0,64,0.001,128,36,-0.10104524344205856,-0.1039489284157753
gpt2-small,das3d,4,3,0,64,0.001,128,37,-0.1039489284157753,-0.10220672935247421
gpt2-small,das3d,4,3,0,64,0.001,128,38,-0.10220672935247421,-0.11324044317007065
gpt2-small,das3d,4,3,0,64,0.001,128,39,-0.11324044317007065,-0.11672470718622208
gpt2-small,das3d,4,3,0,64,0.001,128,40,-0.11672470718622208,-0.11962833255529404
gpt2-small,das3d,4,3,0,64,0.001,128,41,-0.11962833255529404,-0.12253189086914062
gpt2-small,das3d,4,3,0,64,0.001,128,42,-0.12253189086914062,-0.12078975141048431
gpt2-small,das3d,4,3,0,64,0.001,128,43,-0.12078975141048431,-0.12253189086914062
gpt2-small,das3d,4,3,0,64,0.001,128,44,-0.12253189086914062,-0.13530772924423218
gpt2-small,das3d,4,3,0,64,0.001,128,45,-0.13530772924423218,-0.13995349407196045
gpt2-small,das3d,4,3,0,64,0.001,128,46,-0.13995349407196045,-0.13995349407196045
gpt2-small,das3d,4,3,0,64,0.001,128,47,-0.13995349407196045,-0.14866435527801514
gpt2-small,das3d,4,3,0,64,0.001,128,48,-0.14866435527801514,-0.15040649473667145
gpt2-small,das3d,4,3,0,64,0.001,128,49,-0.15040649473667145,-0.15911729633808136
gpt2-small,das3d,4,3,0,64,0.001,128,50,-0.15911729633808136,-0.163182333111763
gpt2-small,das3d,4,3,0,64,0.001,128,51,-0.163182333111763,-0.16608595848083496
gpt2-small,das3d,4,3,0,64,0.001,128,52,-0.16608595848083496,-0.17944245040416718
gpt2-small,das3d,4,3,0,64,0.001,128,53,-0.17944245040416718,-0.17247384786605835
gpt2-small,das3d,4,3,0,64,0.001,128,54,-0.17247384786605835,-0.18234607577323914
gpt2-small,das3d,4,3,0,64,0.001,128,55,-0.18234607577323914,-0.18583039939403534
gpt2-small,das3d,4,3,0,64,0.001,128,56,-0.18583039939403534,-0.1904761642217636
gpt2-small,das3d,4,3,0,64,0.001,128,57,-0.1904761642217636,-0.19279907643795013
gpt2-small,das3d,4,3,0,64,0.001,128,58,-0.19279907643795013,-0.196864053606987
gpt2-small,das3d,4,3,0,64,0.001,128,59,-0.196864053606987,-0.19279907643795013
gpt2-small,das3d,4,3,0,64,0.001,128,60,-0.19279907643795013,-0.20499420166015625
gpt2-small,das3d,4,3,0,64,0.001,128,61,-0.20499420166015625,-0.20905925333499908
gpt2-small,das3d,4,3,0,64,0.001,128,62,-0.20905925333499908,-0.21776998043060303
gpt2-small,das3d,4,3,0,64,0.001,128,63,-0.21776998043060303,-0.21312423050403595
gpt2-small,das,5,1,0,64,0.001,128,0,0.9970963597297668,0.9883855581283569
gpt2-small,das,5,1,0,64,0.001,128,1,0.9883855581283569,0.9581881165504456
gpt2-small,das,5,1,0,64,0.001,128,2,0.9581881165504456,0.9030197262763977
gpt2-small,das,5,1,0,64,0.001,128,3,0.9030197262763977,0.847270667552948
gpt2-small,das,5,1,0,64,0.001,128,4,0.847270667552948,0.7793263792991638
gpt2-small,das,5,1,0,64,0.001,128,5,0.7793263792991638,0.7328687310218811
gpt2-small,das,5,1,0,64,0.001,128,6,0.7328687310218811,0.6927990913391113
gpt2-small,das,5,1,0,64,0.001,128,7,0.6927990913391113,0.6718931198120117
gpt2-small,das,5,1,0,64,0.001,128,8,0.6718931198120117,0.6399535536766052
gpt2-small,das,5,1,0,64,0.001,128,9,0.6399535536766052,0.6149826049804688
gpt2-small,das,5,1,0,64,0.001,128,10,0.6149826049804688,0.5900115966796875
gpt2-small,das,5,1,0,64,0.001,128,11,0.5900115966796875,0.5644599199295044
gpt2-small,das,5,1,0,64,0.001,128,12,0.5644599199295044,0.5313588976860046
gpt2-small,das,5,1,0,64,0.001,128,13,0.5313588976860046,0.5058072209358215
gpt2-small,das,5,1,0,64,0.001,128,14,0.5058072209358215,0.47560977935791016
gpt2-small,das,5,1,0,64,0.001,128,15,0.47560977935791016,0.4471544921398163
gpt2-small,das,5,1,0,64,0.001,128,16,0.4471544921398163,0.40940767526626587
gpt2-small,das,5,1,0,64,0.001,128,17,0.40940767526626587,0.3780488073825836
gpt2-small,das,5,1,0,64,0.001,128,18,0.3780488073825836,0.3455284833908081
gpt2-small,das,5,1,0,64,0.001,128,19,0.3455284833908081,0.31707319617271423
gpt2-small,das,5,1,0,64,0.001,128,20,0.31707319617271423,0.2909407913684845
gpt2-small,das,5,1,0,64,0.001,128,21,0.2909407913684845,0.2590011656284332
gpt2-small,das,5,1,0,64,0.001,128,22,0.2590011656284332,0.2380952686071396
gpt2-small,das,5,1,0,64,0.001,128,23,0.2380952686071396,0.203832745552063
gpt2-small,das,5,1,0,64,0.001,128,24,0.203832745552063,0.186991885304451
gpt2-small,das,5,1,0,64,0.001,128,25,0.186991885304451,0.15563298761844635
gpt2-small,das,5,1,0,64,0.001,128,26,0.15563298761844635,0.13182346522808075
gpt2-small,das,5,1,0,64,0.001,128,27,0.13182346522808075,0.11207898706197739
gpt2-small,das,5,1,0,64,0.001,128,28,0.11207898706197739,0.08246228098869324
gpt2-small,das,5,1,0,64,0.001,128,29,0.08246228098869324,0.06445997208356857
gpt2-small,das,5,1,0,64,0.001,128,30,0.06445997208356857,0.04123115912079811
gpt2-small,das,5,1,0,64,0.001,128,31,0.04123115912079811,0.029036058112978935
gpt2-small,das,5,1,0,64,0.001,128,32,0.029036058112978935,0.01567946746945381
gpt2-small,das,5,1,0,64,0.001,128,33,0.01567946746945381,-0.0029035890474915504
gpt2-small,das,5,1,0,64,0.001,128,34,-0.0029035890474915504,-0.030487801879644394
gpt2-small,das,5,1,0,64,0.001,128,35,-0.030487801879644394,-0.048199694603681564
gpt2-small,das,5,1,0,64,0.001,128,36,-0.048199694603681564,-0.06910572946071625
gpt2-small,das,5,1,0,64,0.001,128,37,-0.06910572946071625,-0.0763646811246872
gpt2-small,das,5,1,0,64,0.001,128,38,-0.0763646811246872,-0.08754347264766693
gpt2-small,das,5,1,0,64,0.001,128,39,-0.08754347264766693,-0.09857725352048874
gpt2-small,das,5,1,0,64,0.001,128,40,-0.09857725352048874,-0.10946568846702576
gpt2-small,das,5,1,0,64,0.001,128,41,-0.10946568846702576,-0.12340302020311356
gpt2-small,das,5,1,0,64,0.001,128,42,-0.12340302020311356,-0.13327524065971375
gpt2-small,das,5,1,0,64,0.001,128,43,-0.13327524065971375,-0.134872168302536
gpt2-small,das,5,1,0,64,0.001,128,44,-0.134872168302536,-0.14038905501365662
gpt2-small,das,5,1,0,64,0.001,128,45,-0.14038905501365662,-0.14518001675605774
gpt2-small,das,5,1,0,64,0.001,128,46,-0.14518001675605774,-0.1488095074892044
gpt2-small,das,5,1,0,64,0.001,128,47,-0.1488095074892044,-0.1499709188938141
gpt2-small,das,5,1,0,64,0.001,128,48,-0.1499709188938141,-0.16158534586429596
gpt2-small,das,5,1,0,64,0.001,128,49,-0.16158534586429596,-0.15287454426288605
gpt2-small,das,5,1,0,64,0.001,128,50,-0.15287454426288605,-0.15519745647907257
gpt2-small,das,5,1,0,64,0.001,128,51,-0.15519745647907257,-0.16056907176971436
gpt2-small,das,5,1,0,64,0.001,128,52,-0.16056907176971436,-0.15389081835746765
gpt2-small,das,5,1,0,64,0.001,128,53,-0.15389081835746765,-0.15839137136936188
gpt2-small,das,5,1,0,64,0.001,128,54,-0.15839137136936188,-0.16303712129592896
gpt2-small,das,5,1,0,64,0.001,128,55,-0.16303712129592896,-0.16202084720134735
gpt2-small,das,5,1,0,64,0.001,128,56,-0.16202084720134735,-0.15142276883125305
gpt2-small,das,5,1,0,64,0.001,128,57,-0.15142276883125305,-0.158681720495224
gpt2-small,das,5,1,0,64,0.001,128,58,-0.158681720495224,-0.15882693231105804
gpt2-small,das,5,1,0,64,0.001,128,59,-0.15882693231105804,-0.16158534586429596
gpt2-small,das,5,1,0,64,0.001,128,60,-0.16158534586429596,-0.16173048317432404
gpt2-small,das,5,1,0,64,0.001,128,61,-0.16173048317432404,-0.15940764546394348
gpt2-small,das,5,1,0,64,0.001,128,62,-0.15940764546394348,-0.16361789405345917
gpt2-small,das,5,1,0,64,0.001,128,63,-0.16361789405345917,-0.1611497849225998
gpt2-small,das2d,5,2,0,64,0.001,128,0,1.0011614561080933,0.9773519039154053
gpt2-small,das2d,5,2,0,64,0.001,128,1,0.9773519039154053,0.9343786239624023
gpt2-small,das2d,5,2,0,64,0.001,128,2,0.9343786239624023,0.8722415566444397
gpt2-small,das2d,5,2,0,64,0.001,128,3,0.8722415566444397,0.7950058579444885
gpt2-small,das2d,5,2,0,64,0.001,128,4,0.7950058579444885,0.727642297744751
gpt2-small,das2d,5,2,0,64,0.001,128,5,0.727642297744751,0.6620209217071533
gpt2-small,das2d,5,2,0,64,0.001,128,6,0.6620209217071533,0.6085945963859558
gpt2-small,das2d,5,2,0,64,0.001,128,7,0.6085945963859558,0.5656213760375977
gpt2-small,das2d,5,2,0,64,0.001,128,8,0.5656213760375977,0.534262478351593
gpt2-small,das2d,5,2,0,64,0.001,128,9,0.534262478351593,0.503484308719635
gpt2-small,das2d,5,2,0,64,0.001,128,10,0.503484308719635,0.4814169406890869
gpt2-small,das2d,5,2,0,64,0.001,128,11,0.4814169406890869,0.4436701536178589
gpt2-small,das2d,5,2,0,64,0.001,128,12,0.4436701536178589,0.4012776017189026
gpt2-small,das2d,5,2,0,64,0.001,128,13,0.4012776017189026,0.36178863048553467
gpt2-small,das2d,5,2,0,64,0.001,128,14,0.36178863048553467,0.32055750489234924
gpt2-small,das2d,5,2,0,64,0.001,128,15,0.32055750489234924,0.28629499673843384
gpt2-small,das2d,5,2,0,64,0.001,128,16,0.28629499673843384,0.24564459919929504
gpt2-small,das2d,5,2,0,64,0.001,128,17,0.24564459919929504,0.2055749148130417
gpt2-small,das2d,5,2,0,64,0.001,128,18,0.2055749148130417,0.173635333776474
gpt2-small,das2d,5,2,0,64,0.001,128,19,0.173635333776474,0.14750292897224426
gpt2-small,das2d,5,2,0,64,0.001,128,20,0.14750292897224426,0.11498257517814636
gpt2-small,das2d,5,2,0,64,0.001,128,21,0.11498257517814636,0.0969802662730217
gpt2-small,das2d,5,2,0,64,0.001,128,22,0.0969802662730217,0.06387919187545776
gpt2-small,das2d,5,2,0,64,0.001,128,23,0.06387919187545776,0.03948899358510971
gpt2-small,das2d,5,2,0,64,0.001,128,24,0.03948899358510971,0.0069686672650277615
gpt2-small,das2d,5,2,0,64,0.001,128,25,0.0069686672650277615,-0.011614389717578888
gpt2-small,das2d,5,2,0,64,0.001,128,26,-0.011614389717578888,-0.03135890141129494
gpt2-small,das2d,5,2,0,64,0.001,128,27,-0.03135890141129494,-0.056910593062639236
gpt2-small,das2d,5,2,0,64,0.001,128,28,-0.056910593062639236,-0.07549361884593964
gpt2-small,das2d,5,2,0,64,0.001,128,29,-0.07549361884593964,-0.09959352761507034
gpt2-small,das2d,5,2,0,64,0.001,128,30,-0.09959352761507034,-0.13066203892230988
gpt2-small,das2d,5,2,0,64,0.001,128,31,-0.13066203892230988,-0.15708473324775696
gpt2-small,das2d,5,2,0,64,0.001,128,32,-0.15708473324775696,-0.1901858001947403
gpt2-small,das2d,5,2,0,64,0.001,128,33,-0.1901858001947403,-0.2105109542608261
gpt2-small,das2d,5,2,0,64,0.001,128,34,-0.2105109542608261,-0.23257838189601898
gpt2-small,das2d,5,2,0,64,0.001,128,35,-0.23257838189601898,-0.23315909504890442
gpt2-small,das2d,5,2,0,64,0.001,128,36,-0.23315909504890442,-0.21951211988925934
gpt2-small,das2d,5,2,0,64,0.001,128,37,-0.21951211988925934,-0.2630661725997925
gpt2-small,das2d,5,2,0,64,0.001,128,38,-0.2630661725997925,-0.24593500792980194
gpt2-small,das2d,5,2,0,64,0.001,128,39,-0.24593500792980194,-0.2874564528465271
gpt2-small,das2d,5,2,0,64,0.001,128,40,-0.2874564528465271,-0.2756968140602112
gpt2-small,das2d,5,2,0,64,0.001,128,41,-0.2756968140602112,-0.3130081593990326
gpt2-small,das2d,5,2,0,64,0.001,128,42,-0.3130081593990326,-0.27497097849845886
gpt2-small,das2d,5,2,0,64,0.001,128,43,-0.27497097849845886,-0.3156212866306305
gpt2-small,das2d,5,2,0,64,0.001,128,44,-0.3156212866306305,-0.2977641820907593
gpt2-small,das2d,5,2,0,64,0.001,128,45,-0.2977641820907593,-0.3208478093147278
gpt2-small,das2d,5,2,0,64,0.001,128,46,-0.3208478093147278,-0.31010445952415466
gpt2-small,das2d,5,2,0,64,0.001,128,47,-0.31010445952415466,-0.3313007354736328
gpt2-small,das2d,5,2,0,64,0.001,128,48,-0.3313007354736328,-0.33217188715934753
gpt2-small,das2d,5,2,0,64,0.001,128,49,-0.33217188715934753,-0.338850200176239
gpt2-small,das2d,5,2,0,64,0.001,128,50,-0.338850200176239,-0.3350754380226135
gpt2-small,das2d,5,2,0,64,0.001,128,51,-0.3350754380226135,-0.3498838245868683
gpt2-small,das2d,5,2,0,64,0.001,128,52,-0.3498838245868683,-0.35249704122543335
gpt2-small,das2d,5,2,0,64,0.001,128,53,-0.35249704122543335,-0.3463995158672333
gpt2-small,das2d,5,2,0,64,0.001,128,54,-0.3463995158672333,-0.3687572181224823
gpt2-small,das2d,5,2,0,64,0.001,128,55,-0.3687572181224823,-0.3667246699333191
gpt2-small,das2d,5,2,0,64,0.001,128,56,-0.3667246699333191,-0.37427404522895813
gpt2-small,das2d,5,2,0,64,0.001,128,57,-0.37427404522895813,-0.3693380057811737
gpt2-small,das2d,5,2,0,64,0.001,128,58,-0.3693380057811737,-0.3786294460296631
gpt2-small,das2d,5,2,0,64,0.001,128,59,-0.3786294460296631,-0.38734036684036255
gpt2-small,das2d,5,2,0,64,0.001,128,60,-0.38734036684036255,-0.38995349407196045
gpt2-small,das2d,5,2,0,64,0.001,128,61,-0.38995349407196045,-0.3960510492324829
gpt2-small,das2d,5,2,0,64,0.001,128,62,-0.3960510492324829,-0.3980835974216461
gpt2-small,das2d,5,2,0,64,0.001,128,63,-0.3980835974216461,-0.41173049807548523
gpt2-small,das3d,5,3,0,64,0.001,128,0,0.9988385438919067,0.9552845358848572
gpt2-small,das3d,5,3,0,64,0.001,128,1,0.9552845358848572,0.8850173950195312
gpt2-small,das3d,5,3,0,64,0.001,128,2,0.8850173950195312,0.7984901070594788
gpt2-small,das3d,5,3,0,64,0.001,128,3,0.7984901070594788,0.7067363262176514
gpt2-small,das3d,5,3,0,64,0.001,128,4,0.7067363262176514,0.6173053979873657
gpt2-small,das3d,5,3,0,64,0.001,128,5,0.6173053979873657,0.5435540080070496
gpt2-small,das3d,5,3,0,64,0.001,128,6,0.5435540080070496,0.48432058095932007
gpt2-small,das3d,5,3,0,64,0.001,128,7,0.48432058095932007,0.4419279992580414
gpt2-small,das3d,5,3,0,64,0.001,128,8,0.4419279992580414,0.40940767526626587
gpt2-small,das3d,5,3,0,64,0.001,128,9,0.40940767526626587,0.37282228469848633
gpt2-small,das3d,5,3,0,64,0.001,128,10,0.37282228469848633,0.3379790782928467
gpt2-small,das3d,5,3,0,64,0.001,128,11,0.3379790782928467,0.3048780858516693
gpt2-small,das3d,5,3,0,64,0.001,128,12,0.3048780858516693,0.2624855041503906
gpt2-small,das3d,5,3,0,64,0.001,128,13,0.2624855041503906,0.22357726097106934
gpt2-small,das3d,5,3,0,64,0.001,128,14,0.22357726097106934,0.1858304738998413
gpt2-small,das3d,5,3,0,64,0.001,128,15,0.1858304738998413,0.14285717904567719
gpt2-small,das3d,5,3,0,64,0.001,128,16,0.14285717904567719,0.11672477424144745
gpt2-small,das3d,5,3,0,64,0.001,128,17,0.11672477424144745,0.07549364864826202
gpt2-small,das3d,5,3,0,64,0.001,128,18,0.07549364864826202,0.05516846105456352
gpt2-small,das3d,5,3,0,64,0.001,128,19,0.05516846105456352,0.023228812962770462
gpt2-small,das3d,5,3,0,64,0.001,128,20,0.023228812962770462,-0.0029035559855401516
gpt2-small,das3d,5,3,0,64,0.001,128,21,-0.0029035559855401516,-0.026713145896792412
gpt2-small,das3d,5,3,0,64,0.001,128,22,-0.026713145896792412,-0.04936111345887184
gpt2-small,das3d,5,3,0,64,0.001,128,23,-0.04936111345887184,-0.0714285746216774
gpt2-small,das3d,5,3,0,64,0.001,128,24,-0.0714285746216774,-0.09639955312013626
gpt2-small,das3d,5,3,0,64,0.001,128,25,-0.09639955312013626,-0.11991868913173676
gpt2-small,das3d,5,3,0,64,0.001,128,26,-0.11991868913173676,-0.14663180708885193
gpt2-small,das3d,5,3,0,64,0.001,128,27,-0.14663180708885193,-0.17653888463974
gpt2-small,das3d,5,3,0,64,0.001,128,28,-0.17653888463974,-0.19483156502246857
gpt2-small,das3d,5,3,0,64,0.001,128,29,-0.19483156502246857,-0.21631820499897003
gpt2-small,das3d,5,3,0,64,0.001,128,30,-0.21631820499897003,-0.2360626459121704
gpt2-small,das3d,5,3,0,64,0.001,128,31,-0.2360626459121704,-0.2598721981048584
gpt2-small,das3d,5,3,0,64,0.001,128,32,-0.2598721981048584,-0.2650986611843109
gpt2-small,das3d,5,3,0,64,0.001,128,33,-0.2650986611843109,-0.26626017689704895
gpt2-small,das3d,5,3,0,64,0.001,128,34,-0.26626017689704895,-0.27119627594947815
gpt2-small,das3d,5,3,0,64,0.001,128,35,-0.27119627594947815,-0.30052265524864197
gpt2-small,das3d,5,3,0,64,0.001,128,36,-0.30052265524864197,-0.2889082431793213
gpt2-small,das3d,5,3,0,64,0.001,128,37,-0.2889082431793213,-0.31968632340431213
gpt2-small,das3d,5,3,0,64,0.001,128,38,-0.31968632340431213,-0.3057490587234497
gpt2-small,das3d,5,3,0,64,0.001,128,39,-0.3057490587234497,-0.3365272879600525
gpt2-small,das3d,5,3,0,64,0.001,128,40,-0.3365272879600525,-0.34059226512908936
gpt2-small,das3d,5,3,0,64,0.001,128,41,-0.34059226512908936,-0.33594655990600586
gpt2-small,das3d,5,3,0,64,0.001,128,42,-0.33594655990600586,-0.3481416404247284
gpt2-small,das3d,5,3,0,64,0.001,128,43,-0.3481416404247284,-0.3580138683319092
gpt2-small,das3d,5,3,0,64,0.001,128,44,-0.3580138683319092,-0.37166082859039307
gpt2-small,das3d,5,3,0,64,0.001,128,45,-0.37166082859039307,-0.375435471534729
gpt2-small,das3d,5,3,0,64,0.001,128,46,-0.375435471534729,-0.3925667107105255
gpt2-small,das3d,5,3,0,64,0.001,128,47,-0.3925667107105255,-0.3972124755382538
gpt2-small,das3d,5,3,0,64,0.001,128,48,-0.3972124755382538,-0.4157954752445221
gpt2-small,das3d,5,3,0,64,0.001,128,49,-0.4157954752445221,-0.4186991751194
gpt2-small,das3d,5,3,0,64,0.001,128,50,-0.4186991751194,-0.4387340545654297
gpt2-small,das3d,5,3,0,64,0.001,128,51,-0.4387340545654297,-0.43670156598091125
gpt2-small,das3d,5,3,0,64,0.001,128,52,-0.43670156598091125,-0.4375726282596588
gpt2-small,das3d,5,3,0,64,0.001,128,53,-0.4375726282596588,-0.4535423219203949
gpt2-small,das3d,5,3,0,64,0.001,128,54,-0.4535423219203949,-0.45731693506240845
gpt2-small,das3d,5,3,0,64,0.001,128,55,-0.45731693506240845,-0.47038325667381287
gpt2-small,das3d,5,3,0,64,0.001,128,56,-0.47038325667381287,-0.476190447807312
gpt2-small,das3d,5,3,0,64,0.001,128,57,-0.476190447807312,-0.48664331436157227
gpt2-small,das3d,5,3,0,64,0.001,128,58,-0.48664331436157227,-0.4828687012195587
gpt2-small,das3d,5,3,0,64,0.001,128,59,-0.4828687012195587,-0.5040649175643921
gpt2-small,das3d,5,3,0,64,0.001,128,60,-0.5040649175643921,-0.5017420649528503
gpt2-small,das3d,5,3,0,64,0.001,128,61,-0.5017420649528503,-0.5159696936607361
gpt2-small,das3d,5,3,0,64,0.001,128,62,-0.5159696936607361,-0.5206155180931091
gpt2-small,das3d,5,3,0,64,0.001,128,63,-0.5206155180931091,-0.5252612829208374
gpt2-small,das,6,1,0,64,0.001,128,0,0.9930313229560852,0.9889662861824036
gpt2-small,das,6,1,0,64,0.001,128,1,0.9889662861824036,0.9518002271652222
gpt2-small,das,6,1,0,64,0.001,128,2,0.9518002271652222,0.9001161456108093
gpt2-small,das,6,1,0,64,0.001,128,3,0.9001161456108093,0.8222996592521667
gpt2-small,das,6,1,0,64,0.001,128,4,0.8222996592521667,0.7601625919342041
gpt2-small,das,6,1,0,64,0.001,128,5,0.7601625919342041,0.707317054271698
gpt2-small,das,6,1,0,64,0.001,128,6,0.707317054271698,0.6655052304267883
gpt2-small,das,6,1,0,64,0.001,128,7,0.6655052304267883,0.635307788848877
gpt2-small,das,6,1,0,64,0.001,128,8,0.635307788848877,0.6219512224197388
gpt2-small,das,6,1,0,64,0.001,128,9,0.6219512224197388,0.5952381491661072
gpt2-small,das,6,1,0,64,0.001,128,10,0.5952381491661072,0.5818815231323242
gpt2-small,das,6,1,0,64,0.001,128,11,0.5818815231323242,0.5540069937705994
gpt2-small,das,6,1,0,64,0.001,128,12,0.5540069937705994,0.5313588976860046
gpt2-small,das,6,1,0,64,0.001,128,13,0.5313588976860046,0.5040650367736816
gpt2-small,das,6,1,0,64,0.001,128,14,0.5040650367736816,0.47154471278190613
gpt2-small,das,6,1,0,64,0.001,128,15,0.47154471278190613,0.4320557713508606
gpt2-small,das,6,1,0,64,0.001,128,16,0.4320557713508606,0.3914053440093994
gpt2-small,das,6,1,0,64,0.001,128,17,0.3914053440093994,0.354239284992218
gpt2-small,das,6,1,0,64,0.001,128,18,0.354239284992218,0.32346111536026
gpt2-small,das,6,1,0,64,0.001,128,19,0.32346111536026,0.29500579833984375
gpt2-small,das,6,1,0,64,0.001,128,20,0.29500579833984375,0.26945415139198303
gpt2-small,das,6,1,0,64,0.001,128,21,0.26945415139198303,0.23403020203113556
gpt2-small,das,6,1,0,64,0.001,128,22,0.23403020203113556,0.21312429010868073
gpt2-small,das,6,1,0,64,0.001,128,23,0.21312429010868073,0.18350756168365479
gpt2-small,das,6,1,0,64,0.001,128,24,0.18350756168365479,0.1515679806470871
gpt2-small,das,6,1,0,64,0.001,128,25,0.1515679806470871,0.13356566429138184
gpt2-small,das,6,1,0,64,0.001,128,26,0.13356566429138184,0.11207898706197739
gpt2-small,das,6,1,0,64,0.001,128,27,0.11207898706197739,0.09814175218343735
gpt2-small,das,6,1,0,64,0.001,128,28,0.09814175218343735,0.07433219254016876
gpt2-small,das,6,1,0,64,0.001,128,29,0.07433219254016876,0.05807201564311981
gpt2-small,das,6,1,0,64,0.001,128,30,0.05807201564311981,0.04181183502078056
gpt2-small,das,6,1,0,64,0.001,128,31,0.04181183502078056,0.025551723316311836
gpt2-small,das,6,1,0,64,0.001,128,32,0.025551723316311836,0.016840890049934387
gpt2-small,das,6,1,0,64,0.001,128,33,0.016840890049934387,0.009291545487940311
gpt2-small,das,6,1,0,64,0.001,128,34,0.009291545487940311,-0.008710800670087337
gpt2-small,das,6,1,0,64,0.001,128,35,-0.008710800670087337,-0.014518012292683125
gpt2-small,das,6,1,0,64,0.001,128,36,-0.014518012292683125,-0.031939547508955
gpt2-small,das,6,1,0,64,0.001,128,37,-0.031939547508955,-0.03832750394940376
gpt2-small,das,6,1,0,64,0.001,128,38,-0.03832750394940376,-0.04529616981744766
gpt2-small,das,6,1,0,64,0.001,128,39,-0.04529616981744766,-0.04994192719459534
gpt2-small,das,6,1,0,64,0.001,128,40,-0.04994192719459534,-0.053426194936037064
gpt2-small,das,6,1,0,64,0.001,128,41,-0.053426194936037064,-0.06155628338456154
gpt2-small,das,6,1,0,64,0.001,128,42,-0.06155628338456154,-0.07549361884593964
gpt2-small,das,6,1,0,64,0.001,128,43,-0.07549361884593964,-0.07317070662975311
gpt2-small,das,6,1,0,64,0.001,128,44,-0.07317070662975311,-0.07433212548494339
gpt2-small,das,6,1,0,64,0.001,128,45,-0.07433212548494339,-0.07897794991731644
gpt2-small,das,6,1,0,64,0.001,128,46,-0.07897794991731644,-0.08362364023923874
gpt2-small,das,6,1,0,64,0.001,128,47,-0.08362364023923874,-0.09117301553487778
gpt2-small,das,6,1,0,64,0.001,128,48,-0.09117301553487778,-0.08246221393346786
gpt2-small,das,6,1,0,64,0.001,128,49,-0.08246221393346786,-0.09291521459817886
gpt2-small,das,6,1,0,64,0.001,128,50,-0.09291521459817886,-0.09581883996725082
gpt2-small,das,6,1,0,64,0.001,128,51,-0.09581883996725082,-0.08362364023923874
gpt2-small,das,6,1,0,64,0.001,128,52,-0.08362364023923874,-0.0969802662730217
gpt2-small,das,6,1,0,64,0.001,128,53,-0.0969802662730217,-0.09117301553487778
gpt2-small,das,6,1,0,64,0.001,128,54,-0.09117301553487778,-0.09349586069583893
gpt2-small,das,6,1,0,64,0.001,128,55,-0.09349586069583893,-0.09581877291202545
gpt2-small,das,6,1,0,64,0.001,128,56,-0.09581877291202545,-0.09407664090394974
gpt2-small,das,6,1,0,64,0.001,128,57,-0.09407664090394974,-0.10046453028917313
gpt2-small,das,6,1,0,64,0.001,128,58,-0.10046453028917313,-0.10452950745820999
gpt2-small,das,6,1,0,64,0.001,128,59,-0.10452950745820999,-0.08826946467161179
gpt2-small,das,6,1,0,64,0.001,128,60,-0.08826946467161179,-0.10220666229724884
gpt2-small,das,6,1,0,64,0.001,128,61,-0.10220666229724884,-0.1004645973443985
gpt2-small,das,6,1,0,64,0.001,128,62,-0.1004645973443985,-0.09698019921779633
gpt2-small,das,6,1,0,64,0.001,128,63,-0.09698019921779633,-0.09756097197532654
gpt2-small,das2d,6,2,0,64,0.001,128,0,0.9941927790641785,0.962253212928772
gpt2-small,das2d,6,2,0,64,0.001,128,1,0.962253212928772,0.9082462191581726
gpt2-small,das2d,6,2,0,64,0.001,128,2,0.9082462191581726,0.8234610557556152
gpt2-small,das2d,6,2,0,64,0.001,128,3,0.8234610557556152,0.7427409887313843
gpt2-small,das2d,6,2,0,64,0.001,128,4,0.7427409887313843,0.6707317233085632
gpt2-small,das2d,6,2,0,64,0.001,128,5,0.6707317233085632,0.6149826049804688
gpt2-small,das2d,6,2,0,64,0.001,128,6,0.6149826049804688,0.5789779424667358
gpt2-small,das2d,6,2,0,64,0.001,128,7,0.5789779424667358,0.5447154641151428
gpt2-small,das2d,6,2,0,64,0.001,128,8,0.5447154641151428,0.5267131328582764
gpt2-small,das2d,6,2,0,64,0.001,128,9,0.5267131328582764,0.5058072209358215
gpt2-small,das2d,6,2,0,64,0.001,128,10,0.5058072209358215,0.47677120566368103
gpt2-small,das2d,6,2,0,64,0.001,128,11,0.47677120566368103,0.43089431524276733
gpt2-small,das2d,6,2,0,64,0.001,128,12,0.43089431524276733,0.39198610186576843
gpt2-small,das2d,6,2,0,64,0.001,128,13,0.39198610186576843,0.3368176817893982
gpt2-small,das2d,6,2,0,64,0.001,128,14,0.3368176817893982,0.292682945728302
gpt2-small,das2d,6,2,0,64,0.001,128,15,0.292682945728302,0.25087112188339233
gpt2-small,das2d,6,2,0,64,0.001,128,16,0.25087112188339233,0.20963996648788452
gpt2-small,das2d,6,2,0,64,0.001,128,17,0.20963996648788452,0.186991885304451
gpt2-small,das2d,6,2,0,64,0.001,128,18,0.186991885304451,0.146341472864151
gpt2-small,das2d,6,2,0,64,0.001,128,19,0.146341472864151,0.1207897886633873
gpt2-small,das2d,6,2,0,64,0.001,128,20,0.1207897886633873,0.08826946467161179
gpt2-small,das2d,6,2,0,64,0.001,128,21,0.08826946467161179,0.0714285746216774
gpt2-small,das2d,6,2,0,64,0.001,128,22,0.0714285746216774,0.04703836888074875
gpt2-small,das2d,6,2,0,64,0.001,128,23,0.04703836888074875,0.023809557780623436
gpt2-small,das2d,6,2,0,64,0.001,128,24,0.023809557780623436,0.009872223250567913
gpt2-small,das2d,6,2,0,64,0.001,128,25,0.009872223250567913,-0.00638785632327199
gpt2-small,das2d,6,2,0,64,0.001,128,26,-0.00638785632327199,-0.03310097008943558
gpt2-small,das2d,6,2,0,64,0.001,128,27,-0.03310097008943558,-0.04006963595747948
gpt2-small,das2d,6,2,0,64,0.001,128,28,-0.04006963595747948,-0.04471542686223984
gpt2-small,das2d,6,2,0,64,0.001,128,29,-0.04471542686223984,-0.056910526007413864
gpt2-small,das2d,6,2,0,64,0.001,128,30,-0.056910526007413864,-0.0714285746216774
gpt2-small,das2d,6,2,0,64,0.001,128,31,-0.0714285746216774,-0.08072008192539215
gpt2-small,das2d,6,2,0,64,0.001,128,32,-0.08072008192539215,-0.08420442044734955
gpt2-small,das2d,6,2,0,64,0.001,128,33,-0.08420442044734955,-0.08826946467161179
gpt2-small,das2d,6,2,0,64,0.001,128,34,-0.08826946467161179,-0.09291515499353409
gpt2-small,das2d,6,2,0,64,0.001,128,35,-0.09291515499353409,-0.09756097197532654
gpt2-small,das2d,6,2,0,64,0.001,128,36,-0.09756097197532654,-0.09639955312013626
gpt2-small,das2d,6,2,0,64,0.001,128,37,-0.09639955312013626,-0.09814168512821198
gpt2-small,das2d,6,2,0,64,0.001,128,38,-0.09814168512821198,-0.10104524344205856
gpt2-small,das2d,6,2,0,64,0.001,128,39,-0.10104524344205856,-0.10569106042385101
gpt2-small,das2d,6,2,0,64,0.001,128,40,-0.10569106042385101,-0.11149817705154419
gpt2-small,das2d,6,2,0,64,0.001,128,41,-0.11149817705154419,-0.10336815565824509
gpt2-small,das2d,6,2,0,64,0.001,128,42,-0.10336815565824509,-0.10627170652151108
gpt2-small,das2d,6,2,0,64,0.001,128,43,-0.10627170652151108,-0.11265973001718521
gpt2-small,das2d,6,2,0,64,0.001,128,44,-0.11265973001718521,-0.10046453028917313
gpt2-small,das2d,6,2,0,64,0.001,128,45,-0.10046453028917313,-0.1085946187376976
gpt2-small,das2d,6,2,0,64,0.001,128,46,-0.1085946187376976,-0.11498257517814636
gpt2-small,das2d,6,2,0,64,0.001,128,47,-0.11498257517814636,-0.1190476194024086
gpt2-small,das2d,6,2,0,64,0.001,128,48,-0.1190476194024086,-0.11091753095388412
gpt2-small,das2d,6,2,0,64,0.001,128,49,-0.11091753095388412,-0.1120789498090744
gpt2-small,das2d,6,2,0,64,0.001,128,50,-0.1120789498090744,-0.11440179497003555
gpt2-small,das2d,6,2,0,64,0.001,128,51,-0.11440179497003555,-0.11207901686429977
gpt2-small,das2d,6,2,0,64,0.001,128,52,-0.11207901686429977,-0.10917533189058304
gpt2-small,das2d,6,2,0,64,0.001,128,53,-0.10917533189058304,-0.12601621448993683
gpt2-small,das2d,6,2,0,64,0.001,128,54,-0.12601621448993683,-0.11788613349199295
gpt2-small,das2d,6,2,0,64,0.001,128,55,-0.11788613349199295,-0.11614400148391724
gpt2-small,das2d,6,2,0,64,0.001,128,56,-0.11614400148391724,-0.12020904570817947
gpt2-small,das2d,6,2,0,64,0.001,128,57,-0.12020904570817947,-0.12137046456336975
gpt2-small,das2d,6,2,0,64,0.001,128,58,-0.12137046456336975,-0.12427408993244171
gpt2-small,das2d,6,2,0,64,0.001,128,59,-0.12427408993244171,-0.12485479563474655
gpt2-small,das2d,6,2,0,64,0.001,128,60,-0.12485479563474655,-0.12253189086914062
gpt2-small,das2d,6,2,0,64,0.001,128,61,-0.12253189086914062,-0.12775841355323792
gpt2-small,das2d,6,2,0,64,0.001,128,62,-0.12775841355323792,-0.13298489153385162
gpt2-small,das2d,6,2,0,64,0.001,128,63,-0.13298489153385162,-0.13356560468673706
gpt2-small,das3d,6,3,0,64,0.001,128,0,0.9860627055168152,0.9407665133476257
gpt2-small,das3d,6,3,0,64,0.001,128,1,0.9407665133476257,0.8484320640563965
gpt2-small,das3d,6,3,0,64,0.001,128,2,0.8484320640563965,0.7590011358261108
gpt2-small,das3d,6,3,0,64,0.001,128,3,0.7590011358261108,0.6579558849334717
gpt2-small,das3d,6,3,0,64,0.001,128,4,0.6579558849334717,0.578397274017334
gpt2-small,das3d,6,3,0,64,0.001,128,5,0.578397274017334,0.523809552192688
gpt2-small,das3d,6,3,0,64,0.001,128,6,0.523809552192688,0.4918699264526367
gpt2-small,das3d,6,3,0,64,0.001,128,7,0.4918699264526367,0.45354241132736206
gpt2-small,das3d,6,3,0,64,0.001,128,8,0.45354241132736206,0.42102205753326416
gpt2-small,das3d,6,3,0,64,0.001,128,9,0.42102205753326416,0.3890824615955353
gpt2-small,das3d,6,3,0,64,0.001,128,10,0.3890824615955353,0.3281068801879883
gpt2-small,das3d,6,3,0,64,0.001,128,11,0.3281068801879883,0.28687572479248047
gpt2-small,das3d,6,3,0,64,0.001,128,12,0.28687572479248047,0.24274100363254547
gpt2-small,das3d,6,3,0,64,0.001,128,13,0.24274100363254547,0.18815334141254425
gpt2-small,das3d,6,3,0,64,0.001,128,14,0.18815334141254425,0.1567944437265396
gpt2-small,das3d,6,3,0,64,0.001,128,15,0.1567944437265396,0.11440186202526093
gpt2-small,das3d,6,3,0,64,0.001,128,16,0.11440186202526093,0.08768875151872635
gpt2-small,das3d,6,3,0,64,0.001,128,17,0.08768875151872635,0.06910569220781326
gpt2-small,das3d,6,3,0,64,0.001,128,18,0.06910569220781326,0.03948899358510971
gpt2-small,das3d,6,3,0,64,0.001,128,19,0.03948899358510971,0.008710800670087337
gpt2-small,das3d,6,3,0,64,0.001,128,20,0.008710800670087337,-0.009291511960327625
gpt2-small,das3d,6,3,0,64,0.001,128,21,-0.009291511960327625,-0.022067291662096977
gpt2-small,das3d,6,3,0,64,0.001,128,22,-0.022067291662096977,-0.04123105853796005
gpt2-small,das3d,6,3,0,64,0.001,128,23,-0.04123105853796005,-0.05923343822360039
gpt2-small,das3d,6,3,0,64,0.001,128,24,-0.05923343822360039,-0.06213699281215668
gpt2-small,das3d,6,3,0,64,0.001,128,25,-0.06213699281215668,-0.08013937622308731
gpt2-small,das3d,6,3,0,64,0.001,128,26,-0.08013937622308731,-0.09465735405683517
gpt2-small,das3d,6,3,0,64,0.001,128,27,-0.09465735405683517,-0.09639948606491089
gpt2-small,das3d,6,3,0,64,0.001,128,28,-0.09639948606491089,-0.10278744250535965
gpt2-small,das3d,6,3,0,64,0.001,128,29,-0.10278744250535965,-0.10336815565824509
gpt2-small,das3d,6,3,0,64,0.001,128,30,-0.10336815565824509,-0.10743319988250732
gpt2-small,das3d,6,3,0,64,0.001,128,31,-0.10743319988250732,-0.11265966296195984
gpt2-small,das3d,6,3,0,64,0.001,128,32,-0.11265966296195984,-0.11730542033910751
gpt2-small,das3d,6,3,0,64,0.001,128,33,-0.11730542033910751,-0.11730542033910751
gpt2-small,das3d,6,3,0,64,0.001,128,34,-0.11730542033910751,-0.12485479563474655
gpt2-small,das3d,6,3,0,64,0.001,128,35,-0.12485479563474655,-0.12195124477148056
gpt2-small,das3d,6,3,0,64,0.001,128,36,-0.12195124477148056,-0.1271776407957077
gpt2-small,das3d,6,3,0,64,0.001,128,37,-0.1271776407957077,-0.12427408993244171
gpt2-small,das3d,6,3,0,64,0.001,128,38,-0.12427408993244171,-0.12833912670612335
gpt2-small,das3d,6,3,0,64,0.001,128,39,-0.12833912670612335,-0.13240410387516022
gpt2-small,das3d,6,3,0,64,0.001,128,40,-0.13240410387516022,-0.13298489153385162
gpt2-small,das3d,6,3,0,64,0.001,128,41,-0.13298489153385162,-0.13704992830753326
gpt2-small,das3d,6,3,0,64,0.001,128,42,-0.13704992830753326,-0.14227640628814697
gpt2-small,das3d,6,3,0,64,0.001,128,43,-0.14227640628814697,-0.1445993185043335
gpt2-small,das3d,6,3,0,64,0.001,128,44,-0.1445993185043335,-0.1411149799823761
gpt2-small,das3d,6,3,0,64,0.001,128,45,-0.1411149799823761,-0.16027870774269104
gpt2-small,das3d,6,3,0,64,0.001,128,46,-0.16027870774269104,-0.16027870774269104
gpt2-small,das3d,6,3,0,64,0.001,128,47,-0.16027870774269104,-0.1643436849117279
gpt2-small,das3d,6,3,0,64,0.001,128,48,-0.1643436849117279,-0.1649244725704193
gpt2-small,das3d,6,3,0,64,0.001,128,49,-0.1649244725704193,-0.17305462062358856
gpt2-small,das3d,6,3,0,64,0.001,128,50,-0.17305462062358856,-0.17711959779262543
gpt2-small,das3d,6,3,0,64,0.001,128,51,-0.17711959779262543,-0.18060387670993805
gpt2-small,das3d,6,3,0,64,0.001,128,52,-0.18060387670993805,-0.18641111254692078
gpt2-small,das3d,6,3,0,64,0.001,128,53,-0.18641111254692078,-0.19279907643795013
gpt2-small,das3d,6,3,0,64,0.001,128,54,-0.19279907643795013,-0.19860617816448212
gpt2-small,das3d,6,3,0,64,0.001,128,55,-0.19860617816448212,-0.19976766407489777
gpt2-small,das3d,6,3,0,64,0.001,128,56,-0.19976766407489777,-0.20441342890262604
gpt2-small,das3d,6,3,0,64,0.001,128,57,-0.20441342890262604,-0.2038327157497406
gpt2-small,das3d,6,3,0,64,0.001,128,58,-0.2038327157497406,-0.21486635506153107
gpt2-small,das3d,6,3,0,64,0.001,128,59,-0.21486635506153107,-0.220673605799675
gpt2-small,das3d,6,3,0,64,0.001,128,60,-0.220673605799675,-0.22125431895256042
gpt2-small,das3d,6,3,0,64,0.001,128,61,-0.22125431895256042,-0.2293844074010849
gpt2-small,das3d,6,3,0,64,0.001,128,62,-0.2293844074010849,-0.23344944417476654
gpt2-small,das3d,6,3,0,64,0.001,128,63,-0.23344944417476654,-0.24738672375679016
gpt2-small,das,7,1,0,64,0.001,128,0,0.9959349632263184,0.9779326319694519
gpt2-small,das,7,1,0,64,0.001,128,1,0.9779326319694519,0.9308942556381226
gpt2-small,das,7,1,0,64,0.001,128,2,0.9308942556381226,0.8524970412254333
gpt2-small,das,7,1,0,64,0.001,128,3,0.8524970412254333,0.7740998268127441
gpt2-small,das,7,1,0,64,0.001,128,4,0.7740998268127441,0.7200928926467896
gpt2-small,das,7,1,0,64,0.001,128,5,0.7200928926467896,0.6747967600822449
gpt2-small,das,7,1,0,64,0.001,128,6,0.6747967600822449,0.645760715007782
gpt2-small,das,7,1,0,64,0.001,128,7,0.645760715007782,0.6289198398590088
gpt2-small,das,7,1,0,64,0.001,128,8,0.6289198398590088,0.6155632734298706
gpt2-small,das,7,1,0,64,0.001,128,9,0.6155632734298706,0.6149826049804688
gpt2-small,das,7,1,0,64,0.001,128,10,0.6149826049804688,0.5981416702270508
gpt2-small,das,7,1,0,64,0.001,128,11,0.5981416702270508,0.5795586705207825
gpt2-small,das,7,1,0,64,0.001,128,12,0.5795586705207825,0.5586527585983276
gpt2-small,das,7,1,0,64,0.001,128,13,0.5586527585983276,0.5394889712333679
gpt2-small,das,7,1,0,64,0.001,128,14,0.5394889712333679,0.5116143822669983
gpt2-small,das,7,1,0,64,0.001,128,15,0.5116143822669983,0.4901277422904968
gpt2-small,das,7,1,0,64,0.001,128,16,0.4901277422904968,0.462253212928772
gpt2-small,das,7,1,0,64,0.001,128,17,0.462253212928772,0.43786293268203735
gpt2-small,das,7,1,0,64,0.001,128,18,0.43786293268203735,0.4047619104385376
gpt2-small,das,7,1,0,64,0.001,128,19,0.4047619104385376,0.36701512336730957
gpt2-small,das,7,1,0,64,0.001,128,20,0.36701512336730957,0.350174218416214
gpt2-small,das,7,1,0,64,0.001,128,21,0.350174218416214,0.3252032697200775
gpt2-small,das,7,1,0,64,0.001,128,22,0.3252032697200775,0.30371662974357605
gpt2-small,das,7,1,0,64,0.001,128,23,0.30371662974357605,0.28339144587516785
gpt2-small,das,7,1,0,64,0.001,128,24,0.28339144587516785,0.25551682710647583
gpt2-small,das,7,1,0,64,0.001,128,25,0.25551682710647583,0.23925669491291046
gpt2-small,das,7,1,0,64,0.001,128,26,0.23925669491291046,0.21835076808929443
gpt2-small,das,7,1,0,64,0.001,128,27,0.21835076808929443,0.20615562796592712
gpt2-small,das,7,1,0,64,0.001,128,28,0.20615562796592712,0.1823461353778839
gpt2-small,das,7,1,0,64,0.001,128,29,0.1823461353778839,0.1649245321750641
gpt2-small,das,7,1,0,64,0.001,128,30,0.1649245321750641,0.1411149799823761
gpt2-small,das,7,1,0,64,0.001,128,31,0.1411149799823761,0.1347270905971527
gpt2-small,das,7,1,0,64,0.001,128,32,0.1347270905971527,0.12137053161859512
gpt2-small,das,7,1,0,64,0.001,128,33,0.12137053161859512,0.11382115632295609
gpt2-small,das,7,1,0,64,0.001,128,34,0.11382115632295609,0.09117308259010315
gpt2-small,das,7,1,0,64,0.001,128,35,0.09117308259010315,0.07955866307020187
gpt2-small,das,7,1,0,64,0.001,128,36,0.07955866307020187,0.07200928032398224
gpt2-small,das,7,1,0,64,0.001,128,37,0.07200928032398224,0.06504068523645401
gpt2-small,das,7,1,0,64,0.001,128,38,0.06504068523645401,0.05749130621552467
gpt2-small,das,7,1,0,64,0.001,128,39,0.05749130621552467,0.05342622473835945
gpt2-small,das,7,1,0,64,0.001,128,40,0.05342622473835945,0.0493612140417099
gpt2-small,das,7,1,0,64,0.001,128,41,0.0493612140417099,0.04413474723696709
gpt2-small,das,7,1,0,64,0.001,128,42,0.04413474723696709,0.03600465878844261
gpt2-small,das,7,1,0,64,0.001,128,43,0.03600465878844261,0.03484320268034935
gpt2-small,das,7,1,0,64,0.001,128,44,0.03484320268034935,0.023228812962770462
gpt2-small,das,7,1,0,64,0.001,128,45,0.023228812962770462,0.0203251913189888
gpt2-small,das,7,1,0,64,0.001,128,46,0.0203251913189888,0.023809557780623436
gpt2-small,das,7,1,0,64,0.001,128,47,0.023809557780623436,0.019744480028748512
gpt2-small,das,7,1,0,64,0.001,128,48,0.019744480028748512,0.0162601787596941
gpt2-small,das,7,1,0,64,0.001,128,49,0.0162601787596941,0.01742163486778736
gpt2-small,das,7,1,0,64,0.001,128,50,0.01742163486778736,0.019744545221328735
gpt2-small,das,7,1,0,64,0.001,128,51,0.019744545221328735,0.013356623239815235
gpt2-small,das,7,1,0,64,0.001,128,52,0.013356623239815235,0.013937301002442837
gpt2-small,das,7,1,0,64,0.001,128,53,0.013937301002442837,0.01567946746945381
gpt2-small,das,7,1,0,64,0.001,128,54,0.01567946746945381,0.011614455841481686
gpt2-small,das,7,1,0,64,0.001,128,55,0.011614455841481686,0.008710800670087337
gpt2-small,das,7,1,0,64,0.001,128,56,0.008710800670087337,0.013356589712202549
gpt2-small,das,7,1,0,64,0.001,128,57,0.013356589712202549,0.006387922912836075
gpt2-small,das,7,1,0,64,0.001,128,58,0.006387922912836075,0.014518012292683125
gpt2-small,das,7,1,0,64,0.001,128,59,0.014518012292683125,0.011033745482563972
gpt2-small,das,7,1,0,64,0.001,128,60,0.011033745482563972,0.017421601340174675
gpt2-small,das,7,1,0,64,0.001,128,61,0.017421601340174675,0.013937301002442837
gpt2-small,das,7,1,0,64,0.001,128,62,0.013937301002442837,0.013937301002442837
gpt2-small,das,7,1,0,64,0.001,128,63,0.013937301002442837,0.012775878421962261
gpt2-small,das2d,7,2,0,64,0.001,128,0,0.9959349632263184,0.9581881165504456
gpt2-small,das2d,7,2,0,64,0.001,128,1,0.9581881165504456,0.8995354175567627
gpt2-small,das2d,7,2,0,64,0.001,128,2,0.8995354175567627,0.8217189311981201
gpt2-small,das2d,7,2,0,64,0.001,128,3,0.8217189311981201,0.742741048336029
gpt2-small,das2d,7,2,0,64,0.001,128,4,0.742741048336029,0.673054575920105
gpt2-small,das2d,7,2,0,64,0.001,128,5,0.673054575920105,0.6236934065818787
gpt2-small,das2d,7,2,0,64,0.001,128,6,0.6236934065818787,0.5958187580108643
gpt2-small,das2d,7,2,0,64,0.001,128,7,0.5958187580108643,0.5836237072944641
gpt2-small,das2d,7,2,0,64,0.001,128,8,0.5836237072944641,0.5569105744361877
gpt2-small,das2d,7,2,0,64,0.001,128,9,0.5569105744361877,0.5452961921691895
gpt2-small,das2d,7,2,0,64,0.001,128,10,0.5452961921691895,0.5209059119224548
gpt2-small,das2d,7,2,0,64,0.001,128,11,0.5209059119224548,0.4912891983985901
gpt2-small,das2d,7,2,0,64,0.001,128,12,0.4912891983985901,0.44831591844558716
gpt2-small,das2d,7,2,0,64,0.001,128,13,0.44831591844558716,0.40243902802467346
gpt2-small,das2d,7,2,0,64,0.001,128,14,0.40243902802467346,0.36178863048553467
gpt2-small,das2d,7,2,0,64,0.001,128,15,0.36178863048553467,0.3217189610004425
gpt2-small,das2d,7,2,0,64,0.001,128,16,0.3217189610004425,0.28513357043266296
gpt2-small,das2d,7,2,0,64,0.001,128,17,0.28513357043266296,0.2636469602584839
gpt2-small,das2d,7,2,0,64,0.001,128,18,0.2636469602584839,0.23344948887825012
gpt2-small,das2d,7,2,0,64,0.001,128,19,0.23344948887825012,0.2078978270292282
gpt2-small,das2d,7,2,0,64,0.001,128,20,0.2078978270292282,0.18641118705272675
gpt2-small,das2d,7,2,0,64,0.001,128,21,0.18641118705272675,0.16085949540138245
gpt2-small,das2d,7,2,0,64,0.001,128,22,0.16085949540138245,0.14053426682949066
gpt2-small,das2d,7,2,0,64,0.001,128,23,0.14053426682949066,0.11672477424144745
gpt2-small,das2d,7,2,0,64,0.001,128,24,0.11672477424144745,0.09581883996725082
gpt2-small,das2d,7,2,0,64,0.001,128,25,0.09581883996725082,0.0818815752863884
gpt2-small,das2d,7,2,0,64,0.001,128,26,0.0818815752863884,0.06562139093875885
gpt2-small,das2d,7,2,0,64,0.001,128,27,0.06562139093875885,0.05052267014980316
gpt2-small,das2d,7,2,0,64,0.001,128,28,0.05052267014980316,0.047038301825523376
gpt2-small,das2d,7,2,0,64,0.001,128,29,0.047038301825523376,0.03019748069345951
gpt2-small,das2d,7,2,0,64,0.001,128,30,0.03019748069345951,0.022648101672530174
gpt2-small,das2d,7,2,0,64,0.001,128,31,0.022648101672530174,0.015098756179213524
gpt2-small,das2d,7,2,0,64,0.001,128,32,0.015098756179213524,0.0029035890474915504
gpt2-small,das2d,7,2,0,64,0.001,128,33,0.0029035890474915504,-0.0029035559855401516
gpt2-small,das2d,7,2,0,64,0.001,128,34,-0.0029035559855401516,-0.007549378089606762
gpt2-small,das2d,7,2,0,64,0.001,128,35,-0.007549378089606762,-0.011614389717578888
gpt2-small,das2d,7,2,0,64,0.001,128,36,-0.011614389717578888,-0.0104529345408082
gpt2-small,das2d,7,2,0,64,0.001,128,37,-0.0104529345408082,-0.022067323327064514
gpt2-small,das2d,7,2,0,64,0.001,128,38,-0.022067323327064514,-0.01858302392065525
gpt2-small,das2d,7,2,0,64,0.001,128,39,-0.01858302392065525,-0.02671308070421219
gpt2-small,das2d,7,2,0,64,0.001,128,40,-0.02671308070421219,-0.026132401078939438
gpt2-small,das2d,7,2,0,64,0.001,128,41,-0.026132401078939438,-0.022067323327064514
gpt2-small,das2d,7,2,0,64,0.001,128,42,-0.022067323327064514,-0.02671308070421219
gpt2-small,das2d,7,2,0,64,0.001,128,43,-0.02671308070421219,-0.03019741363823414
gpt2-small,das2d,7,2,0,64,0.001,128,44,-0.03019741363823414,-0.02671308070421219
gpt2-small,das2d,7,2,0,64,0.001,128,45,-0.02671308070421219,-0.029035957530140877
gpt2-small,das2d,7,2,0,64,0.001,128,46,-0.029035957530140877,-0.024390235543251038
gpt2-small,das2d,7,2,0,64,0.001,128,47,-0.024390235543251038,-0.03019741363823414
gpt2-small,das2d,7,2,0,64,0.001,128,48,-0.03019741363823414,-0.03832747042179108
gpt2-small,das2d,7,2,0,64,0.001,128,49,-0.03832747042179108,-0.036004625260829926
gpt2-small,das2d,7,2,0,64,0.001,128,50,-0.036004625260829926,-0.04819972440600395
gpt2-small,das2d,7,2,0,64,0.001,128,51,-0.04819972440600395,-0.05400693789124489
gpt2-small,das2d,7,2,0,64,0.001,128,52,-0.05400693789124489,-0.05691049247980118
gpt2-small,das2d,7,2,0,64,0.001,128,53,-0.05691049247980118,-0.06678275018930435
gpt2-small,das2d,7,2,0,64,0.001,128,54,-0.06678275018930435,-0.07026714831590652
gpt2-small,das2d,7,2,0,64,0.001,128,55,-0.07026714831590652,-0.07665503770112991
gpt2-small,das2d,7,2,0,64,0.001,128,56,-0.07665503770112991,-0.08130079507827759
gpt2-small,das2d,7,2,0,64,0.001,128,57,-0.08130079507827759,-0.08826939761638641
gpt2-small,das2d,7,2,0,64,0.001,128,58,-0.08826939761638641,-0.09175372868776321
gpt2-small,das2d,7,2,0,64,0.001,128,59,-0.09175372868776321,-0.08885017037391663
gpt2-small,das2d,7,2,0,64,0.001,128,60,-0.08885017037391663,-0.0969802662730217
gpt2-small,das2d,7,2,0,64,0.001,128,61,-0.0969802662730217,-0.1004645973443985
gpt2-small,das2d,7,2,0,64,0.001,128,62,-0.1004645973443985,-0.10104524344205856
gpt2-small,das2d,7,2,0,64,0.001,128,63,-0.10104524344205856,-0.10859468579292297
gpt2-small,das3d,7,3,0,64,0.001,128,0,0.9883855581283569,0.9407665133476257
gpt2-small,das3d,7,3,0,64,0.001,128,1,0.9407665133476257,0.8623693585395813
gpt2-small,das3d,7,3,0,64,0.001,128,2,0.8623693585395813,0.7642276287078857
gpt2-small,das3d,7,3,0,64,0.001,128,3,0.7642276287078857,0.6794425249099731
gpt2-small,das3d,7,3,0,64,0.001,128,4,0.6794425249099731,0.6167247295379639
gpt2-small,das3d,7,3,0,64,0.001,128,5,0.6167247295379639,0.5754936337471008
gpt2-small,das3d,7,3,0,64,0.001,128,6,0.5754936337471008,0.5499419569969177
gpt2-small,das3d,7,3,0,64,0.001,128,7,0.5499419569969177,0.5185829997062683
gpt2-small,das3d,7,3,0,64,0.001,128,8,0.5185829997062683,0.4970964193344116
gpt2-small,das3d,7,3,0,64,0.001,128,9,0.4970964193344116,0.46167245507240295
gpt2-small,das3d,7,3,0,64,0.001,128,10,0.46167245507240295,0.4128919839859009
gpt2-small,das3d,7,3,0,64,0.001,128,11,0.4128919839859009,0.36991870403289795
gpt2-small,das3d,7,3,0,64,0.001,128,12,0.36991870403289795,0.3286875784397125
gpt2-small,das3d,7,3,0,64,0.001,128,13,0.3286875784397125,0.2857142984867096
gpt2-small,das3d,7,3,0,64,0.001,128,14,0.2857142984867096,0.2485482096672058
gpt2-small,das3d,7,3,0,64,0.001,128,15,0.2485482096672058,0.21660859882831573
gpt2-small,das3d,7,3,0,64,0.001,128,16,0.21660859882831573,0.18292684853076935
gpt2-small,das3d,7,3,0,64,0.001,128,17,0.18292684853076935,0.16550524532794952
gpt2-small,das3d,7,3,0,64,0.001,128,18,0.16550524532794952,0.13588851690292358
gpt2-small,das3d,7,3,0,64,0.001,128,19,0.13588851690292358,0.11324044317007065
gpt2-small,das3d,7,3,0,64,0.001,128,20,0.11324044317007065,0.095238097012043
gpt2-small,das3d,7,3,0,64,0.001,128,21,0.095238097012043,0.07317070662975311
gpt2-small,das3d,7,3,0,64,0.001,128,22,0.07317070662975311,0.05865275859832764
gpt2-small,das3d,7,3,0,64,0.001,128,23,0.05865275859832764,0.04297332465648651
gpt2-small,das3d,7,3,0,64,0.001,128,24,0.04297332465648651,0.038908280432224274
gpt2-small,das3d,7,3,0,64,0.001,128,25,0.038908280432224274,0.02787463553249836
gpt2-small,das3d,7,3,0,64,0.001,128,26,0.02787463553249836,0.016260212287306786
gpt2-small,das3d,7,3,0,64,0.001,128,27,0.016260212287306786,0.010452967137098312
gpt2-small,das3d,7,3,0,64,0.001,128,28,0.010452967137098312,0.009291511960327625
gpt2-small,das3d,7,3,0,64,0.001,128,29,0.009291511960327625,0.0011615219991654158
gpt2-small,das3d,7,3,0,64,0.001,128,30,0.0011615219991654158,-0.004065011627972126
gpt2-small,das3d,7,3,0,64,0.001,128,31,-0.004065011627972126,0.004645822569727898
gpt2-small,das3d,7,3,0,64,0.001,128,32,0.004645822569727898,-0.002903522690758109
gpt2-small,das3d,7,3,0,64,0.001,128,33,-0.002903522690758109,-0.010452967137098312
gpt2-small,das3d,7,3,0,64,0.001,128,34,-0.010452967137098312,-0.013937234878540039
gpt2-small,das3d,7,3,0,64,0.001,128,35,-0.013937234878540039,-0.01509865652769804
gpt2-small,das3d,7,3,0,64,0.001,128,36,-0.01509865652769804,-0.015679433941841125
gpt2-small,das3d,7,3,0,64,0.001,128,37,-0.015679433941841125,-0.0203251913189888
gpt2-small,das3d,7,3,0,64,0.001,128,38,-0.0203251913189888,-0.03484320268034935
gpt2-small,das3d,7,3,0,64,0.001,128,39,-0.03484320268034935,-0.026132401078939438
gpt2-small,das3d,7,3,0,64,0.001,128,40,-0.026132401078939438,-0.03542391210794449
gpt2-small,das3d,7,3,0,64,0.001,128,41,-0.03542391210794449,-0.042392548173666
gpt2-small,das3d,7,3,0,64,0.001,128,42,-0.042392548173666,-0.050522636622190475
gpt2-small,das3d,7,3,0,64,0.001,128,43,-0.050522636622190475,-0.0557490698993206
gpt2-small,das3d,7,3,0,64,0.001,128,44,-0.0557490698993206,-0.0644599050283432
gpt2-small,das3d,7,3,0,64,0.001,128,45,-0.0644599050283432,-0.078397236764431
gpt2-small,das3d,7,3,0,64,0.001,128,46,-0.078397236764431,-0.07955866307020187
gpt2-small,das3d,7,3,0,64,0.001,128,47,-0.07955866307020187,-0.08536577224731445
gpt2-small,das3d,7,3,0,64,0.001,128,48,-0.08536577224731445,-0.10336821526288986
gpt2-small,das3d,7,3,0,64,0.001,128,49,-0.10336821526288986,-0.1120789498090744
gpt2-small,das3d,7,3,0,64,0.001,128,50,-0.1120789498090744,-0.11614400148391724
gpt2-small,das3d,7,3,0,64,0.001,128,51,-0.11614400148391724,-0.12311266362667084
gpt2-small,das3d,7,3,0,64,0.001,128,52,-0.12311266362667084,-0.12833912670612335
gpt2-small,das3d,7,3,0,64,0.001,128,53,-0.12833912670612335,-0.12950055301189423
gpt2-small,das3d,7,3,0,64,0.001,128,54,-0.12950055301189423,-0.13530780375003815
gpt2-small,das3d,7,3,0,64,0.001,128,55,-0.13530780375003815,-0.14459924399852753
gpt2-small,das3d,7,3,0,64,0.001,128,56,-0.14459924399852753,-0.1440185308456421
gpt2-small,das3d,7,3,0,64,0.001,128,57,-0.1440185308456421,-0.152729332447052
gpt2-small,das3d,7,3,0,64,0.001,128,58,-0.152729332447052,-0.1562136709690094
gpt2-small,das3d,7,3,0,64,0.001,128,59,-0.1562136709690094,-0.1544715315103531
gpt2-small,das3d,7,3,0,64,0.001,128,60,-0.1544715315103531,-0.16724738478660583
gpt2-small,das3d,7,3,0,64,0.001,128,61,-0.16724738478660583,-0.1695702224969864
gpt2-small,das3d,7,3,0,64,0.001,128,62,-0.1695702224969864,-0.16782809793949127
gpt2-small,das3d,7,3,0,64,0.001,128,63,-0.16782809793949127,-0.17770031094551086
gpt2-small,das,8,1,0,64,0.001,128,0,1.005226492881775,0.9721254110336304
gpt2-small,das,8,1,0,64,0.001,128,1,0.9721254110336304,0.932055652141571
gpt2-small,das,8,1,0,64,0.001,128,2,0.932055652141571,0.8728222846984863
gpt2-small,das,8,1,0,64,0.001,128,3,0.8728222846984863,0.8124274611473083
gpt2-small,das,8,1,0,64,0.001,128,4,0.8124274611473083,0.7531939744949341
gpt2-small,das,8,1,0,64,0.001,128,5,0.7531939744949341,0.7235772609710693
gpt2-small,das,8,1,0,64,0.001,128,6,0.7235772609710693,0.7067363262176514
gpt2-small,das,8,1,0,64,0.001,128,7,0.7067363262176514,0.6933797597885132
gpt2-small,das,8,1,0,64,0.001,128,8,0.6933797597885132,0.6881533265113831
gpt2-small,das,8,1,0,64,0.001,128,9,0.6881533265113831,0.6800232529640198
gpt2-small,das,8,1,0,64,0.001,128,10,0.6800232529640198,0.6620209217071533
gpt2-small,das,8,1,0,64,0.001,128,11,0.6620209217071533,0.65389084815979
gpt2-small,das,8,1,0,64,0.001,128,12,0.65389084815979,0.6335656046867371
gpt2-small,das,8,1,0,64,0.001,128,13,0.6335656046867371,0.6149826049804688
gpt2-small,das,8,1,0,64,0.001,128,14,0.6149826049804688,0.5987223982810974
gpt2-small,das,8,1,0,64,0.001,128,15,0.5987223982810974,0.5778165459632874
gpt2-small,das,8,1,0,64,0.001,128,16,0.5778165459632874,0.5598141551017761
gpt2-small,das,8,1,0,64,0.001,128,17,0.5598141551017761,0.5389082431793213
gpt2-small,das,8,1,0,64,0.001,128,18,0.5389082431793213,0.5185829997062683
gpt2-small,das,8,1,0,64,0.001,128,19,0.5185829997062683,0.5017421841621399
gpt2-small,das,8,1,0,64,0.001,128,20,0.5017421841621399,0.48373985290527344
gpt2-small,das,8,1,0,64,0.001,128,21,0.48373985290527344,0.4639953374862671
gpt2-small,das,8,1,0,64,0.001,128,22,0.4639953374862671,0.4494773745536804
gpt2-small,das,8,1,0,64,0.001,128,23,0.4494773745536804,0.42276424169540405
gpt2-small,das,8,1,0,64,0.001,128,24,0.42276424169540405,0.4047619104385376
gpt2-small,das,8,1,0,64,0.001,128,25,0.4047619104385376,0.38501742482185364
gpt2-small,das,8,1,0,64,0.001,128,26,0.38501742482185364,0.35307785868644714
gpt2-small,das,8,1,0,64,0.001,128,27,0.35307785868644714,0.31939607858657837
gpt2-small,das,8,1,0,64,0.001,128,28,0.31939607858657837,0.27468061447143555
gpt2-small,das,8,1,0,64,0.001,128,29,0.27468061447143555,0.2485482096672058
gpt2-small,das,8,1,0,64,0.001,128,30,0.2485482096672058,0.22590015828609467
gpt2-small,das,8,1,0,64,0.001,128,31,0.22590015828609467,0.1957026869058609
gpt2-small,das,8,1,0,64,0.001,128,32,0.1957026869058609,0.19454123079776764
gpt2-small,das,8,1,0,64,0.001,128,33,0.19454123079776764,0.18118467926979065
gpt2-small,das,8,1,0,64,0.001,128,34,0.18118467926979065,0.1666666716337204
gpt2-small,das,8,1,0,64,0.001,128,35,0.1666666716337204,0.14866435527801514
gpt2-small,das,8,1,0,64,0.001,128,36,0.14866435527801514,0.13995355367660522
gpt2-small,das,8,1,0,64,0.001,128,37,0.13995355367660522,0.12195120751857758
gpt2-small,das,8,1,0,64,0.001,128,38,0.12195120751857758,0.11382115632295609
gpt2-small,das,8,1,0,64,0.001,128,39,0.11382115632295609,0.10336821526288986
gpt2-small,das,8,1,0,64,0.001,128,40,0.10336821526288986,0.09059237688779831
gpt2-small,das,8,1,0,64,0.001,128,41,0.09059237688779831,0.09001166373491287
gpt2-small,das,8,1,0,64,0.001,128,42,0.09001166373491287,0.08420445024967194
gpt2-small,das,8,1,0,64,0.001,128,43,0.08420445024967194,0.08246228098869324
gpt2-small,das,8,1,0,64,0.001,128,44,0.08246228098869324,0.07839720696210861
gpt2-small,das,8,1,0,64,0.001,128,45,0.07839720696210861,0.08188150823116302
gpt2-small,das,8,1,0,64,0.001,128,46,0.08188150823116302,0.078397236764431
gpt2-small,das,8,1,0,64,0.001,128,47,0.078397236764431,0.0714285746216774
gpt2-small,das,8,1,0,64,0.001,128,48,0.0714285746216774,0.0749129056930542
gpt2-small,das,8,1,0,64,0.001,128,49,0.0749129056930542,0.05981418117880821
gpt2-small,das,8,1,0,64,0.001,128,50,0.05981418117880821,0.06271784007549286
gpt2-small,das,8,1,0,64,0.001,128,51,0.06271784007549286,0.06504068523645401
gpt2-small,das,8,1,0,64,0.001,128,52,0.06504068523645401,0.06736356019973755
gpt2-small,das,8,1,0,64,0.001,128,53,0.06736356019973755,0.0714285746216774
gpt2-small,das,8,1,0,64,0.001,128,54,0.0714285746216774,0.07259006053209305
gpt2-small,das,8,1,0,64,0.001,128,55,0.07259006053209305,0.07259006053209305
gpt2-small,das,8,1,0,64,0.001,128,56,0.07259006053209305,0.07084782421588898
gpt2-small,das,8,1,0,64,0.001,128,57,0.07084782421588898,0.06910569220781326
gpt2-small,das,8,1,0,64,0.001,128,58,0.06910569220781326,0.07491293549537659
gpt2-small,das,8,1,0,64,0.001,128,59,0.07491293549537659,0.07897794991731644
gpt2-small,das,8,1,0,64,0.001,128,60,0.07897794991731644,0.06910569220781326
gpt2-small,das,8,1,0,64,0.001,128,61,0.06910569220781326,0.06910572946071625
gpt2-small,das,8,1,0,64,0.001,128,62,0.06910572946071625,0.07433219254016876
gpt2-small,das,8,1,0,64,0.001,128,63,0.07433219254016876,0.0714285746216774
gpt2-small,das2d,8,2,0,64,0.001,128,0,0.9895470142364502,0.9628338813781738
gpt2-small,das2d,8,2,0,64,0.001,128,1,0.9628338813781738,0.9053426384925842
gpt2-small,das2d,8,2,0,64,0.001,128,2,0.9053426384925842,0.8362369537353516
gpt2-small,das2d,8,2,0,64,0.001,128,3,0.8362369537353516,0.7735190987586975
gpt2-small,das2d,8,2,0,64,0.001,128,4,0.7735190987586975,0.7218350172042847
gpt2-small,das2d,8,2,0,64,0.001,128,5,0.7218350172042847,0.6974448561668396
gpt2-small,das2d,8,2,0,64,0.001,128,6,0.6974448561668396,0.6713124513626099
gpt2-small,das2d,8,2,0,64,0.001,128,7,0.6713124513626099,0.6602787375450134
gpt2-small,das2d,8,2,0,64,0.001,128,8,0.6602787375450134,0.6434378027915955
gpt2-small,das2d,8,2,0,64,0.001,128,9,0.6434378027915955,0.6260161995887756
gpt2-small,das2d,8,2,0,64,0.001,128,10,0.6260161995887756,0.6062718033790588
gpt2-small,das2d,8,2,0,64,0.001,128,11,0.6062718033790588,0.5818815231323242
gpt2-small,das2d,8,2,0,64,0.001,128,12,0.5818815231323242,0.5603948831558228
gpt2-small,das2d,8,2,0,64,0.001,128,13,0.5603948831558228,0.5267131328582764
gpt2-small,das2d,8,2,0,64,0.001,128,14,0.5267131328582764,0.5
gpt2-small,das2d,8,2,0,64,0.001,128,15,0.5,0.4750290513038635
gpt2-small,das2d,8,2,0,64,0.001,128,16,0.4750290513038635,0.44831591844558716
gpt2-small,das2d,8,2,0,64,0.001,128,17,0.44831591844558716,0.4186992049217224
gpt2-small,das2d,8,2,0,64,0.001,128,18,0.4186992049217224,0.39024388790130615
gpt2-small,das2d,8,2,0,64,0.001,128,19,0.39024388790130615,0.3693379759788513
gpt2-small,das2d,8,2,0,64,0.001,128,20,0.3693379759788513,0.3385598361492157
gpt2-small,das2d,8,2,0,64,0.001,128,21,0.3385598361492157,0.292682945728302
gpt2-small,das2d,8,2,0,64,0.001,128,22,0.292682945728302,0.24622535705566406
gpt2-small,das2d,8,2,0,64,0.001,128,23,0.24622535705566406,0.20034845173358917
gpt2-small,das2d,8,2,0,64,0.001,128,24,0.20034845173358917,0.1567944437265396
gpt2-small,das2d,8,2,0,64,0.001,128,25,0.1567944437265396,0.13821138441562653
gpt2-small,das2d,8,2,0,64,0.001,128,26,0.13821138441562653,0.1364692598581314
gpt2-small,das2d,8,2,0,64,0.001,128,27,0.1364692598581314,0.10685255378484726
gpt2-small,das2d,8,2,0,64,0.001,128,28,0.10685255378484726,0.10627177357673645
gpt2-small,das2d,8,2,0,64,0.001,128,29,0.10627177357673645,0.09639955312013626
gpt2-small,das2d,8,2,0,64,0.001,128,30,0.09639955312013626,0.08072008192539215
gpt2-small,das2d,8,2,0,64,0.001,128,31,0.08072008192539215,0.07084792852401733
gpt2-small,das2d,8,2,0,64,0.001,128,32,0.07084792852401733,0.06039489433169365
gpt2-small,das2d,8,2,0,64,0.001,128,33,0.06039489433169365,0.04761911556124687
gpt2-small,das2d,8,2,0,64,0.001,128,34,0.04761911556124687,0.047619082033634186
gpt2-small,das2d,8,2,0,64,0.001,128,35,0.047619082033634186,0.04645765945315361
gpt2-small,das2d,8,2,0,64,0.001,128,36,0.04645765945315361,0.04878053814172745
gpt2-small,das2d,8,2,0,64,0.001,128,37,0.04878053814172745,0.04413474723696709
gpt2-small,das2d,8,2,0,64,0.001,128,38,0.04413474723696709,0.0377468578517437
gpt2-small,das2d,8,2,0,64,0.001,128,39,0.0377468578517437,0.037746790796518326
gpt2-small,das2d,8,2,0,64,0.001,128,40,0.037746790796518326,0.03426249325275421
gpt2-small,das2d,8,2,0,64,0.001,128,41,0.03426249325275421,0.03890831395983696
gpt2-small,das2d,8,2,0,64,0.001,128,42,0.03890831395983696,0.037746790796518326
gpt2-small,das2d,8,2,0,64,0.001,128,43,0.037746790796518326,0.03600465878844261
gpt2-small,das2d,8,2,0,64,0.001,128,44,0.03600465878844261,0.036004625260829926
gpt2-small,das2d,8,2,0,64,0.001,128,45,0.036004625260829926,0.03368181362748146
gpt2-small,das2d,8,2,0,64,0.001,128,46,0.03368181362748146,0.023809557780623436
gpt2-small,das2d,8,2,0,64,0.001,128,47,0.023809557780623436,0.02497101202607155
gpt2-small,das2d,8,2,0,64,0.001,128,48,0.02497101202607155,0.02497098036110401
gpt2-small,das2d,8,2,0,64,0.001,128,49,0.02497098036110401,0.022067390382289886
gpt2-small,das2d,8,2,0,64,0.001,128,50,0.022067390382289886,0.0214866790920496
gpt2-small,das2d,8,2,0,64,0.001,128,51,0.0214866790920496,0.020325256511569023
gpt2-small,das2d,8,2,0,64,0.001,128,52,0.020325256511569023,0.0162601787596941
gpt2-small,das2d,8,2,0,64,0.001,128,53,0.0162601787596941,0.017421601340174675
gpt2-small,das2d,8,2,0,64,0.001,128,54,0.017421601340174675,0.012195167131721973
gpt2-small,das2d,8,2,0,64,0.001,128,55,0.012195167131721973,0.015098756179213524
gpt2-small,das2d,8,2,0,64,0.001,128,56,0.015098756179213524,0.010452967137098312
gpt2-small,das2d,8,2,0,64,0.001,128,57,0.010452967137098312,0.006387922912836075
gpt2-small,das2d,8,2,0,64,0.001,128,58,0.006387922912836075,0.0005807444103993475
gpt2-small,das2d,8,2,0,64,0.001,128,59,0.0005807444103993475,-0.0017421335214748979
gpt2-small,das2d,8,2,0,64,0.001,128,60,-0.0017421335214748979,0.0005807444103993475
gpt2-small,das2d,8,2,0,64,0.001,128,61,0.0005807444103993475,0.0017421668162569404
gpt2-small,das2d,8,2,0,64,0.001,128,62,0.0017421668162569404,0.0034843666944652796
gpt2-small,das2d,8,2,0,64,0.001,128,63,0.0034843666944652796,-0.007549278438091278
gpt2-small,das3d,8,3,0,64,0.001,128,0,0.9872241616249084,0.9541230797767639
gpt2-small,das3d,8,3,0,64,0.001,128,1,0.9541230797767639,0.8914053440093994
gpt2-small,das3d,8,3,0,64,0.001,128,2,0.8914053440093994,0.8013937473297119
gpt2-small,das3d,8,3,0,64,0.001,128,3,0.8013937473297119,0.7311265468597412
gpt2-small,das3d,8,3,0,64,0.001,128,4,0.7311265468597412,0.6724738478660583
gpt2-small,das3d,8,3,0,64,0.001,128,5,0.6724738478660583,0.6416956782341003
gpt2-small,das3d,8,3,0,64,0.001,128,6,0.6416956782341003,0.6248548030853271
gpt2-small,das3d,8,3,0,64,0.001,128,7,0.6248548030853271,0.6051103472709656
gpt2-small,das3d,8,3,0,64,0.001,128,8,0.6051103472709656,0.5876887440681458
gpt2-small,das3d,8,3,0,64,0.001,128,9,0.5876887440681458,0.5667828321456909
gpt2-small,das3d,8,3,0,64,0.001,128,10,0.5667828321456909,0.5313588976860046
gpt2-small,das3d,8,3,0,64,0.001,128,11,0.5313588976860046,0.5023229122161865
gpt2-small,das3d,8,3,0,64,0.001,128,12,0.5023229122161865,0.46167245507240295
gpt2-small,das3d,8,3,0,64,0.001,128,13,0.46167245507240295,0.434959352016449
gpt2-small,das3d,8,3,0,64,0.001,128,14,0.434959352016449,0.40534260869026184
gpt2-small,das3d,8,3,0,64,0.001,128,15,0.40534260869026184,0.3739837408065796
gpt2-small,das3d,8,3,0,64,0.001,128,16,0.3739837408065796,0.3414634168148041
gpt2-small,das3d,8,3,0,64,0.001,128,17,0.3414634168148041,0.3147503137588501
gpt2-small,das3d,8,3,0,64,0.001,128,18,0.3147503137588501,0.2839721441268921
gpt2-small,das3d,8,3,0,64,0.001,128,19,0.2839721441268921,0.2502903938293457
gpt2-small,das3d,8,3,0,64,0.001,128,20,0.2502903938293457,0.19976773858070374
gpt2-small,das3d,8,3,0,64,0.001,128,21,0.19976773858070374,0.15098723769187927
gpt2-small,das3d,8,3,0,64,0.001,128,22,0.15098723769187927,0.11904765665531158
gpt2-small,das3d,8,3,0,64,0.001,128,23,0.11904765665531158,0.09930317103862762
gpt2-small,das3d,8,3,0,64,0.001,128,24,0.09930317103862762,0.088850237429142
gpt2-small,das3d,8,3,0,64,0.001,128,25,0.088850237429142,0.09059237688779831
gpt2-small,das3d,8,3,0,64,0.001,128,26,0.09059237688779831,0.07607436180114746
gpt2-small,das3d,8,3,0,64,0.001,128,27,0.07607436180114746,0.07259006053209305
gpt2-small,das3d,8,3,0,64,0.001,128,28,0.07259006053209305,0.06736353039741516
gpt2-small,das3d,8,3,0,64,0.001,128,29,0.06736353039741516,0.06562142819166183
gpt2-small,das3d,8,3,0,64,0.001,128,30,0.06562142819166183,0.05168409273028374
gpt2-small,das3d,8,3,0,64,0.001,128,31,0.05168409273028374,0.0441347137093544
gpt2-small,das3d,8,3,0,64,0.001,128,32,0.0441347137093544,0.04181186854839325
gpt2-small,das3d,8,3,0,64,0.001,128,33,0.04181186854839325,0.040650445967912674
gpt2-small,das3d,8,3,0,64,0.001,128,34,0.040650445967912674,0.03890831395983696
gpt2-small,das3d,8,3,0,64,0.001,128,35,0.03890831395983696,0.034843236207962036
gpt2-small,das3d,8,3,0,64,0.001,128,36,0.034843236207962036,0.034843236207962036
gpt2-small,das3d,8,3,0,64,0.001,128,37,0.034843236207962036,0.0342625230550766
gpt2-small,das3d,8,3,0,64,0.001,128,38,0.0342625230550766,0.028455279767513275
gpt2-small,das3d,8,3,0,64,0.001,128,39,0.028455279767513275,0.022067390382289886
gpt2-small,das3d,8,3,0,64,0.001,128,40,0.022067390382289886,0.01742163486778736
gpt2-small,das3d,8,3,0,64,0.001,128,41,0.01742163486778736,0.01567946746945381
gpt2-small,das3d,8,3,0,64,0.001,128,42,0.01567946746945381,0.011614455841481686
gpt2-small,das3d,8,3,0,64,0.001,128,43,0.011614455841481686,0.009872255846858025
gpt2-small,das3d,8,3,0,64,0.001,128,44,0.009872255846858025,0.005226533394306898
gpt2-small,das3d,8,3,0,64,0.001,128,45,0.005226533394306898,0.0034843666944652796
gpt2-small,das3d,8,3,0,64,0.001,128,46,0.0034843666944652796,-0.006968633737415075
gpt2-small,das3d,8,3,0,64,0.001,128,47,-0.006968633737415075,0.0017422332894057035
gpt2-small,das3d,8,3,0,64,0.001,128,48,0.0017422332894057035,-0.0162601787596941
gpt2-small,das3d,8,3,0,64,0.001,128,49,-0.0162601787596941,-0.022067323327064514
gpt2-small,das3d,8,3,0,64,0.001,128,50,-0.022067323327064514,-0.025551658123731613
gpt2-small,das3d,8,3,0,64,0.001,128,51,-0.025551658123731613,-0.019744446501135826
gpt2-small,das3d,8,3,0,64,0.001,128,52,-0.019744446501135826,-0.023228812962770462
gpt2-small,das3d,8,3,0,64,0.001,128,53,-0.023228812962770462,-0.024970946833491325
gpt2-small,das3d,8,3,0,64,0.001,128,54,-0.024970946833491325,-0.02845524623990059
gpt2-small,das3d,8,3,0,64,0.001,128,55,-0.02845524623990059,-0.031358834356069565
gpt2-small,das3d,8,3,0,64,0.001,128,56,-0.031358834356069565,-0.031939547508955
gpt2-small,das3d,8,3,0,64,0.001,128,57,-0.031939547508955,-0.036585334688425064
gpt2-small,das3d,8,3,0,64,0.001,128,58,-0.036585334688425064,-0.031939547508955
gpt2-small,das3d,8,3,0,64,0.001,128,59,-0.031939547508955,-0.03426249325275421
gpt2-small,das3d,8,3,0,64,0.001,128,60,-0.03426249325275421,-0.043553970754146576
gpt2-small,das3d,8,3,0,64,0.001,128,61,-0.043553970754146576,-0.03948899358510971
gpt2-small,das3d,8,3,0,64,0.001,128,62,-0.03948899358510971,-0.045296136289834976
gpt2-small,das3d,8,3,0,64,0.001,128,63,-0.045296136289834976,-0.04703827202320099
gpt2-small,das,9,1,0,64,0.001,128,0,0.9941928386688232,0.979674756526947
gpt2-small,das,9,1,0,64,0.001,128,1,0.979674756526947,0.9477351903915405
gpt2-small,das,9,1,0,64,0.001,128,2,0.9477351903915405,0.8902439475059509
gpt2-small,das,9,1,0,64,0.001,128,3,0.8902439475059509,0.8141695857048035
gpt2-small,das,9,1,0,64,0.001,128,4,0.8141695857048035,0.7624855041503906
gpt2-small,das,9,1,0,64,0.001,128,5,0.7624855041503906,0.7317073345184326
gpt2-small,das,9,1,0,64,0.001,128,6,0.7317073345184326,0.7090592384338379
gpt2-small,das,9,1,0,64,0.001,128,7,0.7090592384338379,0.6933797597885132
gpt2-small,das,9,1,0,64,0.001,128,8,0.6933797597885132,0.6852496862411499
gpt2-small,das,9,1,0,64,0.001,128,9,0.6852496862411499,0.6747967600822449
gpt2-small,das,9,1,0,64,0.001,128,10,0.6747967600822449,0.6631823182106018
gpt2-small,das,9,1,0,64,0.001,128,11,0.6631823182106018,0.6475029587745667
gpt2-small,das,9,1,0,64,0.001,128,12,0.6475029587745667,0.6271777153015137
gpt2-small,das,9,1,0,64,0.001,128,13,0.6271777153015137,0.608013927936554
gpt2-small,das,9,1,0,64,0.001,128,14,0.608013927936554,0.5836237072944641
gpt2-small,das,9,1,0,64,0.001,128,15,0.5836237072944641,0.5691056847572327
gpt2-small,das,9,1,0,64,0.001,128,16,0.5691056847572327,0.5534262657165527
gpt2-small,das,9,1,0,64,0.001,128,17,0.5534262657165527,0.5296167135238647
gpt2-small,das,9,1,0,64,0.001,128,18,0.5296167135238647,0.5174216032028198
gpt2-small,das,9,1,0,64,0.001,128,19,0.5174216032028198,0.49303138256073
gpt2-small,das,9,1,0,64,0.001,128,20,0.49303138256073,0.4825783967971802
gpt2-small,das,9,1,0,64,0.001,128,21,0.4825783967971802,0.4610917568206787
gpt2-small,das,9,1,0,64,0.001,128,22,0.4610917568206787,0.44831591844558716
gpt2-small,das,9,1,0,64,0.001,128,23,0.44831591844558716,0.4355400800704956
gpt2-small,das,9,1,0,64,0.001,128,24,0.4355400800704956,0.4198606312274933
gpt2-small,das,9,1,0,64,0.001,128,25,0.4198606312274933,0.40534260869026184
gpt2-small,das,9,1,0,64,0.001,128,26,0.40534260869026184,0.38850176334381104
gpt2-small,das,9,1,0,64,0.001,128,27,0.38850176334381104,0.37340304255485535
gpt2-small,das,9,1,0,64,0.001,128,28,0.37340304255485535,0.36178863048553467
gpt2-small,das,9,1,0,64,0.001,128,29,0.36178863048553467,0.34436702728271484
gpt2-small,das,9,1,0,64,0.001,128,30,0.34436702728271484,0.33275261521339417
gpt2-small,das,9,1,0,64,0.001,128,31,0.33275261521339417,0.32288041710853577
gpt2-small,das,9,1,0,64,0.001,128,32,0.32288041710853577,0.30894309282302856
gpt2-small,das,9,1,0,64,0.001,128,33,0.30894309282302856,0.29500582814216614
gpt2-small,das,9,1,0,64,0.001,128,34,0.29500582814216614,0.28687575459480286
gpt2-small,das,9,1,0,64,0.001,128,35,0.28687575459480286,0.26829269528388977
gpt2-small,das,9,1,0,64,0.001,128,36,0.26829269528388977,0.25435540080070496
gpt2-small,das,9,1,0,64,0.001,128,37,0.25435540080070496,0.2468060404062271
gpt2-small,das,9,1,0,64,0.001,128,38,0.2468060404062271,0.23867598176002502
gpt2-small,das,9,1,0,64,0.001,128,39,0.23867598176002502,0.23635311424732208
gpt2-small,das,9,1,0,64,0.001,128,40,0.23635311424732208,0.22764228284358978
gpt2-small,das,9,1,0,64,0.001,128,41,0.22764228284358978,0.22706155478954315
gpt2-small,das,9,1,0,64,0.001,128,42,0.22706155478954315,0.22764231264591217
gpt2-small,das,9,1,0,64,0.001,128,43,0.22764231264591217,0.22241580486297607
gpt2-small,das,9,1,0,64,0.001,128,44,0.22241580486297607,0.20963996648788452
gpt2-small,das,9,1,0,64,0.001,128,45,0.20963996648788452,0.20905925333499908
gpt2-small,das,9,1,0,64,0.001,128,46,0.20905925333499908,0.20034845173358917
gpt2-small,das,9,1,0,64,0.001,128,47,0.20034845173358917,0.20150987803936005
gpt2-small,das,9,1,0,64,0.001,128,48,0.20150987803936005,0.1957026869058609
gpt2-small,das,9,1,0,64,0.001,128,49,0.1957026869058609,0.19628340005874634
gpt2-small,das,9,1,0,64,0.001,128,50,0.19628340005874634,0.19860631227493286
gpt2-small,das,9,1,0,64,0.001,128,51,0.19860631227493286,0.1957026869058609
gpt2-small,das,9,1,0,64,0.001,128,52,0.1957026869058609,0.19860628247261047
gpt2-small,das,9,1,0,64,0.001,128,53,0.19860628247261047,0.2044134885072708
gpt2-small,das,9,1,0,64,0.001,128,54,0.2044134885072708,0.1957026869058609
gpt2-small,das,9,1,0,64,0.001,128,55,0.1957026869058609,0.20034845173358917
gpt2-small,das,9,1,0,64,0.001,128,56,0.20034845173358917,0.1957026869058609
gpt2-small,das,9,1,0,64,0.001,128,57,0.1957026869058609,0.19976773858070374
gpt2-small,das,9,1,0,64,0.001,128,58,0.19976773858070374,0.20383277535438538
gpt2-small,das,9,1,0,64,0.001,128,59,0.20383277535438538,0.19628340005874634
gpt2-small,das,9,1,0,64,0.001,128,60,0.19628340005874634,0.20034845173358917
gpt2-small,das,9,1,0,64,0.001,128,61,0.20034845173358917,0.19976773858070374
gpt2-small,das,9,1,0,64,0.001,128,62,0.19976773858070374,0.20267131924629211
gpt2-small,das,9,1,0,64,0.001,128,63,0.20267131924629211,0.20383277535438538
gpt2-small,das2d,9,2,0,64,0.001,128,0,0.9941928386688232,0.9698025584220886
gpt2-small,das2d,9,2,0,64,0.001,128,1,0.9698025584220886,0.911149799823761
gpt2-small,das2d,9,2,0,64,0.001,128,2,0.911149799823761,0.8478513360023499
gpt2-small,das2d,9,2,0,64,0.001,128,3,0.8478513360023499,0.7717769742012024
gpt2-small,das2d,9,2,0,64,0.001,128,4,0.7717769742012024,0.7183507680892944
gpt2-small,das2d,9,2,0,64,0.001,128,5,0.7183507680892944,0.6817654371261597
gpt2-small,das2d,9,2,0,64,0.001,128,6,0.6817654371261597,0.6626016497612
gpt2-small,das2d,9,2,0,64,0.001,128,7,0.6626016497612,0.6434378027915955
gpt2-small,das2d,9,2,0,64,0.001,128,8,0.6434378027915955,0.630081295967102
gpt2-small,das2d,9,2,0,64,0.001,128,9,0.630081295967102,0.6173053979873657
gpt2-small,das2d,9,2,0,64,0.001,128,10,0.6173053979873657,0.5836237072944641
gpt2-small,das2d,9,2,0,64,0.001,128,11,0.5836237072944641,0.5743321776390076
gpt2-small,das2d,9,2,0,64,0.001,128,12,0.5743321776390076,0.5493612289428711
gpt2-small,das2d,9,2,0,64,0.001,128,13,0.5493612289428711,0.5261324048042297
gpt2-small,das2d,9,2,0,64,0.001,128,14,0.5261324048042297,0.4982578456401825
gpt2-small,das2d,9,2,0,64,0.001,128,15,0.4982578456401825,0.46515679359436035
gpt2-small,das2d,9,2,0,64,0.001,128,16,0.46515679359436035,0.445993036031723
gpt2-small,das2d,9,2,0,64,0.001,128,17,0.445993036031723,0.4163762927055359
gpt2-small,das2d,9,2,0,64,0.001,128,18,0.4163762927055359,0.3960511088371277
gpt2-small,das2d,9,2,0,64,0.001,128,19,0.3960511088371277,0.37514516711235046
gpt2-small,das2d,9,2,0,64,0.001,128,20,0.37514516711235046,0.35830432176589966
gpt2-small,das2d,9,2,0,64,0.001,128,21,0.35830432176589966,0.3414634168148041
gpt2-small,das2d,9,2,0,64,0.001,128,22,0.3414634168148041,0.31533101201057434
gpt2-small,das2d,9,2,0,64,0.001,128,23,0.31533101201057434,0.29849013686180115
gpt2-small,das2d,9,2,0,64,0.001,128,24,0.29849013686180115,0.28339141607284546
gpt2-small,das2d,9,2,0,64,0.001,128,25,0.28339141607284546,0.26306620240211487
gpt2-small,das2d,9,2,0,64,0.001,128,26,0.26306620240211487,0.24796749651432037
gpt2-small,das2d,9,2,0,64,0.001,128,27,0.24796749651432037,0.22764228284358978
gpt2-small,das2d,9,2,0,64,0.001,128,28,0.22764228284358978,0.21544720232486725
gpt2-small,das2d,9,2,0,64,0.001,128,29,0.21544720232486725,0.20905925333499908
gpt2-small,das2d,9,2,0,64,0.001,128,30,0.20905925333499908,0.20150987803936005
gpt2-small,das2d,9,2,0,64,0.001,128,31,0.20150987803936005,0.19976773858070374
gpt2-small,das2d,9,2,0,64,0.001,128,32,0.19976773858070374,0.18583042919635773
gpt2-small,das2d,9,2,0,64,0.001,128,33,0.18583042919635773,0.18002325296401978
gpt2-small,das2d,9,2,0,64,0.001,128,34,0.18002325296401978,0.1858304738998413
gpt2-small,das2d,9,2,0,64,0.001,128,35,0.1858304738998413,0.17944251000881195
gpt2-small,das2d,9,2,0,64,0.001,128,36,0.17944251000881195,0.17828109860420227
gpt2-small,das2d,9,2,0,64,0.001,128,37,0.17828109860420227,0.1788617968559265
gpt2-small,das2d,9,2,0,64,0.001,128,38,0.1788617968559265,0.1800232231616974
gpt2-small,das2d,9,2,0,64,0.001,128,39,0.1800232231616974,0.17421604692935944
gpt2-small,das2d,9,2,0,64,0.001,128,40,0.17421604692935944,0.17944251000881195
gpt2-small,das2d,9,2,0,64,0.001,128,41,0.17944251000881195,0.1753774732351303
gpt2-small,das2d,9,2,0,64,0.001,128,42,0.1753774732351303,0.1788617968559265
gpt2-small,das2d,9,2,0,64,0.001,128,43,0.1788617968559265,0.17421604692935944
gpt2-small,das2d,9,2,0,64,0.001,128,44,0.17421604692935944,0.16840887069702148
gpt2-small,das2d,9,2,0,64,0.001,128,45,0.16840887069702148,0.17828109860420227
gpt2-small,das2d,9,2,0,64,0.001,128,46,0.17828109860420227,0.17770038545131683
gpt2-small,das2d,9,2,0,64,0.001,128,47,0.17770038545131683,0.17073170840740204
gpt2-small,das2d,9,2,0,64,0.001,128,48,0.17073170840740204,0.173635333776474
gpt2-small,das2d,9,2,0,64,0.001,128,49,0.173635333776474,0.17131242156028748
gpt2-small,das2d,9,2,0,64,0.001,128,50,0.17131242156028748,0.17421604692935944
gpt2-small,das2d,9,2,0,64,0.001,128,51,0.17421604692935944,0.16782815754413605
gpt2-small,das2d,9,2,0,64,0.001,128,52,0.16782815754413605,0.177119642496109
gpt2-small,das2d,9,2,0,64,0.001,128,53,0.177119642496109,0.16434378921985626
gpt2-small,das2d,9,2,0,64,0.001,128,54,0.16434378921985626,0.16608595848083496
gpt2-small,das2d,9,2,0,64,0.001,128,55,0.16608595848083496,0.16434378921985626
gpt2-small,das2d,9,2,0,64,0.001,128,56,0.16434378921985626,0.1649245321750641
gpt2-small,das2d,9,2,0,64,0.001,128,57,0.1649245321750641,0.16085949540138245
gpt2-small,das2d,9,2,0,64,0.001,128,58,0.16085949540138245,0.15795587003231049
gpt2-small,das2d,9,2,0,64,0.001,128,59,0.15795587003231049,0.163182333111763
gpt2-small,das2d,9,2,0,64,0.001,128,60,0.163182333111763,0.15389081835746765
gpt2-small,das2d,9,2,0,64,0.001,128,61,0.15389081835746765,0.15795587003231049
gpt2-small,das2d,9,2,0,64,0.001,128,62,0.15795587003231049,0.15389086306095123
gpt2-small,das2d,9,2,0,64,0.001,128,63,0.15389086306095123,0.14750292897224426
gpt2-small,das3d,9,3,0,64,0.001,128,0,0.9953542351722717,0.9483159184455872
gpt2-small,das3d,9,3,0,64,0.001,128,1,0.9483159184455872,0.8931474685668945
gpt2-small,das3d,9,3,0,64,0.001,128,2,0.8931474685668945,0.8176538348197937
gpt2-small,das3d,9,3,0,64,0.001,128,3,0.8176538348197937,0.7386759519577026
gpt2-small,das3d,9,3,0,64,0.001,128,4,0.7386759519577026,0.6829268336296082
gpt2-small,das3d,9,3,0,64,0.001,128,5,0.6829268336296082,0.6451800465583801
gpt2-small,das3d,9,3,0,64,0.001,128,6,0.6451800465583801,0.6196283102035522
gpt2-small,das3d,9,3,0,64,0.001,128,7,0.6196283102035522,0.6022067070007324
gpt2-small,das3d,9,3,0,64,0.001,128,8,0.6022067070007324,0.5731707215309143
gpt2-small,das3d,9,3,0,64,0.001,128,9,0.5731707215309143,0.5545876622200012
gpt2-small,das3d,9,3,0,64,0.001,128,10,0.5545876622200012,0.5255516767501831
gpt2-small,das3d,9,3,0,64,0.001,128,11,0.5255516767501831,0.4936120808124542
gpt2-small,das3d,9,3,0,64,0.001,128,12,0.4936120808124542,0.47038325667381287
gpt2-small,das3d,9,3,0,64,0.001,128,13,0.47038325667381287,0.43670153617858887
gpt2-small,das3d,9,3,0,64,0.001,128,14,0.43670153617858887,0.40940770506858826
gpt2-small,das3d,9,3,0,64,0.001,128,15,0.40940770506858826,0.38501742482185364
gpt2-small,das3d,9,3,0,64,0.001,128,16,0.38501742482185364,0.35946574807167053
gpt2-small,das3d,9,3,0,64,0.001,128,17,0.35946574807167053,0.33914053440093994
gpt2-small,das3d,9,3,0,64,0.001,128,18,0.33914053440093994,0.31939607858657837
gpt2-small,das3d,9,3,0,64,0.001,128,19,0.31939607858657837,0.29210224747657776
gpt2-small,das3d,9,3,0,64,0.001,128,20,0.29210224747657776,0.2822299897670746
gpt2-small,das3d,9,3,0,64,0.001,128,21,0.2822299897670746,0.25958192348480225
gpt2-small,das3d,9,3,0,64,0.001,128,22,0.25958192348480225,0.24390247464179993
gpt2-small,das3d,9,3,0,64,0.001,128,23,0.24390247464179993,0.23170733451843262
gpt2-small,das3d,9,3,0,64,0.001,128,24,0.23170733451843262,0.217770054936409
gpt2-small,das3d,9,3,0,64,0.001,128,25,0.217770054936409,0.2009291648864746
gpt2-small,das3d,9,3,0,64,0.001,128,26,0.2009291648864746,0.19163765013217926
gpt2-small,das3d,9,3,0,64,0.001,128,27,0.19163765013217926,0.18931476771831512
gpt2-small,das3d,9,3,0,64,0.001,128,28,0.18931476771831512,0.18641114234924316
gpt2-small,das3d,9,3,0,64,0.001,128,29,0.18641114234924316,0.18524973094463348
gpt2-small,das3d,9,3,0,64,0.001,128,30,0.18524973094463348,0.18466901779174805
gpt2-small,das3d,9,3,0,64,0.001,128,31,0.18466901779174805,0.17828109860420227
gpt2-small,das3d,9,3,0,64,0.001,128,32,0.17828109860420227,0.18234610557556152
gpt2-small,das3d,9,3,0,64,0.001,128,33,0.18234610557556152,0.18118467926979065
gpt2-small,das3d,9,3,0,64,0.001,128,34,0.18118467926979065,0.18466898798942566
gpt2-small,das3d,9,3,0,64,0.001,128,35,0.18466898798942566,0.17770038545131683
gpt2-small,das3d,9,3,0,64,0.001,128,36,0.17770038545131683,0.1718931645154953
gpt2-small,das3d,9,3,0,64,0.001,128,37,0.1718931645154953,0.17131242156028748
gpt2-small,das3d,9,3,0,64,0.001,128,38,0.17131242156028748,0.16957029700279236
gpt2-small,das3d,9,3,0,64,0.001,128,39,0.16957029700279236,0.16957029700279236
gpt2-small,das3d,9,3,0,64,0.001,128,40,0.16957029700279236,0.1684088408946991
gpt2-small,das3d,9,3,0,64,0.001,128,41,0.1684088408946991,0.1684088408946991
gpt2-small,das3d,9,3,0,64,0.001,128,42,0.1684088408946991,0.15795587003231049
gpt2-small,das3d,9,3,0,64,0.001,128,43,0.15795587003231049,0.1550522744655609
gpt2-small,das3d,9,3,0,64,0.001,128,44,0.1550522744655609,0.15331010520458221
gpt2-small,das3d,9,3,0,64,0.001,128,45,0.15331010520458221,0.15272940695285797
gpt2-small,das3d,9,3,0,64,0.001,128,46,0.15272940695285797,0.1498258113861084
gpt2-small,das3d,9,3,0,64,0.001,128,47,0.1498258113861084,0.14924506843090057
gpt2-small,das3d,9,3,0,64,0.001,128,48,0.14924506843090057,0.13995355367660522
gpt2-small,das3d,9,3,0,64,0.001,128,49,0.13995355367660522,0.14401860535144806
gpt2-small,das3d,9,3,0,64,0.001,128,50,0.14401860535144806,0.14401860535144806
gpt2-small,das3d,9,3,0,64,0.001,128,51,0.14401860535144806,0.14053426682949066
gpt2-small,das3d,9,3,0,64,0.001,128,52,0.14053426682949066,0.13704992830753326
gpt2-small,das3d,9,3,0,64,0.001,128,53,0.13704992830753326,0.13240420818328857
gpt2-small,das3d,9,3,0,64,0.001,128,54,0.13240420818328857,0.12891986966133118
gpt2-small,das3d,9,3,0,64,0.001,128,55,0.12891986966133118,0.13414637744426727
gpt2-small,das3d,9,3,0,64,0.001,128,56,0.13414637744426727,0.12833917140960693
gpt2-small,das3d,9,3,0,64,0.001,128,57,0.12833917140960693,0.13008132576942444
gpt2-small,das3d,9,3,0,64,0.001,128,58,0.13008132576942444,0.12195120751857758
gpt2-small,das3d,9,3,0,64,0.001,128,59,0.12195120751857758,0.11091756075620651
gpt2-small,das3d,9,3,0,64,0.001,128,60,0.11091756075620651,0.11265973001718521
gpt2-small,das3d,9,3,0,64,0.001,128,61,0.11265973001718521,0.11382115632295609
gpt2-small,das3d,9,3,0,64,0.001,128,62,0.11382115632295609,0.11091756075620651
gpt2-small,das3d,9,3,0,64,0.001,128,63,0.11091756075620651,0.1091754287481308
gpt2-small,das,10,1,0,64,0.001,128,0,1.0023229122161865,0.9883855581283569
gpt2-small,das,10,1,0,64,0.001,128,1,0.9883855581283569,0.9639953374862671
gpt2-small,das,10,1,0,64,0.001,128,2,0.9639953374862671,0.9181184768676758
gpt2-small,das,10,1,0,64,0.001,128,3,0.9181184768676758,0.8728222846984863
gpt2-small,das,10,1,0,64,0.001,128,4,0.8728222846984863,0.8193960189819336
gpt2-small,das,10,1,0,64,0.001,128,5,0.8193960189819336,0.7822299003601074
gpt2-small,das,10,1,0,64,0.001,128,6,0.7822299003601074,0.7671312093734741
gpt2-small,das,10,1,0,64,0.001,128,7,0.7671312093734741,0.7566782236099243
gpt2-small,das,10,1,0,64,0.001,128,8,0.7566782236099243,0.7473867535591125
gpt2-small,das,10,1,0,64,0.001,128,9,0.7473867535591125,0.7392566204071045
gpt2-small,das,10,1,0,64,0.001,128,10,0.7392566204071045,0.7386759519577026
gpt2-small,das,10,1,0,64,0.001,128,11,0.7386759519577026,0.7119628190994263
gpt2-small,das,10,1,0,64,0.001,128,12,0.7119628190994263,0.7015098929405212
gpt2-small,das,10,1,0,64,0.001,128,13,0.7015098929405212,0.6922183632850647
gpt2-small,das,10,1,0,64,0.001,128,14,0.6922183632850647,0.6829268336296082
gpt2-small,das,10,1,0,64,0.001,128,15,0.6829268336296082,0.666085958480835
gpt2-small,das,10,1,0,64,0.001,128,16,0.666085958480835,0.645760715007782
gpt2-small,das,10,1,0,64,0.001,128,17,0.645760715007782,0.6358885169029236
gpt2-small,das,10,1,0,64,0.001,128,18,0.6358885169029236,0.6161440014839172
gpt2-small,das,10,1,0,64,0.001,128,19,0.6161440014839172,0.6033681631088257
gpt2-small,das,10,1,0,64,0.001,128,20,0.6033681631088257,0.5911730527877808
gpt2-small,das,10,1,0,64,0.001,128,21,0.5911730527877808,0.5818815231323242
gpt2-small,das,10,1,0,64,0.001,128,22,0.5818815231323242,0.5667828321456909
gpt2-small,das,10,1,0,64,0.001,128,23,0.5667828321456909,0.5522648096084595
gpt2-small,das,10,1,0,64,0.001,128,24,0.5522648096084595,0.5394889712333679
gpt2-small,das,10,1,0,64,0.001,128,25,0.5394889712333679,0.537746787071228
gpt2-small,das,10,1,0,64,0.001,128,26,0.537746787071228,0.5168408751487732
gpt2-small,das,10,1,0,64,0.001,128,27,0.5168408751487732,0.5081300735473633
gpt2-small,das,10,1,0,64,0.001,128,28,0.5081300735473633,0.4965156614780426
gpt2-small,das,10,1,0,64,0.001,128,29,0.4965156614780426,0.48548200726509094
gpt2-small,das,10,1,0,64,0.001,128,30,0.48548200726509094,0.48548200726509094
gpt2-small,das,10,1,0,64,0.001,128,31,0.48548200726509094,0.46689897775650024
gpt2-small,das,10,1,0,64,0.001,128,32,0.46689897775650024,0.45470383763313293
gpt2-small,das,10,1,0,64,0.001,128,33,0.45470383763313293,0.45180025696754456
gpt2-small,das,10,1,0,64,0.001,128,34,0.45180025696754456,0.4436701536178589
gpt2-small,das,10,1,0,64,0.001,128,35,0.4436701536178589,0.43670153617858887
gpt2-small,das,10,1,0,64,0.001,128,36,0.43670153617858887,0.43263646960258484
gpt2-small,das,10,1,0,64,0.001,128,37,0.43263646960258484,0.4274100065231323
gpt2-small,das,10,1,0,64,0.001,128,38,0.4274100065231323,0.42044132947921753
gpt2-small,das,10,1,0,64,0.001,128,39,0.42044132947921753,0.41056913137435913
gpt2-small,das,10,1,0,64,0.001,128,40,0.41056913137435913,0.40708479285240173
gpt2-small,das,10,1,0,64,0.001,128,41,0.40708479285240173,0.39721256494522095
gpt2-small,das,10,1,0,64,0.001,128,42,0.39721256494522095,0.3995354175567627
gpt2-small,das,10,1,0,64,0.001,128,43,0.3995354175567627,0.3977932631969452
gpt2-small,das,10,1,0,64,0.001,128,44,0.3977932631969452,0.39024388790130615
gpt2-small,das,10,1,0,64,0.001,128,45,0.39024388790130615,0.3890824615955353
gpt2-small,das,10,1,0,64,0.001,128,46,0.3890824615955353,0.39024388790130615
gpt2-small,das,10,1,0,64,0.001,128,47,0.39024388790130615,0.387921005487442
gpt2-small,das,10,1,0,64,0.001,128,48,0.387921005487442,0.38153308629989624
gpt2-small,das,10,1,0,64,0.001,128,49,0.38153308629989624,0.384436696767807
gpt2-small,das,10,1,0,64,0.001,128,50,0.384436696767807,0.38153308629989624
gpt2-small,das,10,1,0,64,0.001,128,51,0.38153308629989624,0.38037165999412537
gpt2-small,das,10,1,0,64,0.001,128,52,0.38037165999412537,0.3792102038860321
gpt2-small,das,10,1,0,64,0.001,128,53,0.3792102038860321,0.3914053440093994
gpt2-small,das,10,1,0,64,0.001,128,54,0.3914053440093994,0.38327527046203613
gpt2-small,das,10,1,0,64,0.001,128,55,0.38327527046203613,0.3826945424079895
gpt2-small,das,10,1,0,64,0.001,128,56,0.3826945424079895,0.380952388048172
gpt2-small,das,10,1,0,64,0.001,128,57,0.380952388048172,0.3861788511276245
gpt2-small,das,10,1,0,64,0.001,128,58,0.3861788511276245,0.3861788809299469
gpt2-small,das,10,1,0,64,0.001,128,59,0.3861788809299469,0.38501742482185364
gpt2-small,das,10,1,0,64,0.001,128,60,0.38501742482185364,0.38850176334381104
gpt2-small,das,10,1,0,64,0.001,128,61,0.38850176334381104,0.3826945424079895
gpt2-small,das,10,1,0,64,0.001,128,62,0.3826945424079895,0.38559815287590027
gpt2-small,das,10,1,0,64,0.001,128,63,0.38559815287590027,0.38501742482185364
gpt2-small,das2d,10,2,0,64,0.001,128,0,1.0,0.9756097197532654
gpt2-small,das2d,10,2,0,64,0.001,128,1,0.9756097197532654,0.9442508816719055
gpt2-small,das2d,10,2,0,64,0.001,128,2,0.9442508816719055,0.8832752704620361
gpt2-small,das2d,10,2,0,64,0.001,128,3,0.8832752704620361,0.83042973279953
gpt2-small,das2d,10,2,0,64,0.001,128,4,0.83042973279953,0.784552812576294
gpt2-small,das2d,10,2,0,64,0.001,128,5,0.784552812576294,0.7665505409240723
gpt2-small,das2d,10,2,0,64,0.001,128,6,0.7665505409240723,0.7392566204071045
gpt2-small,das2d,10,2,0,64,0.001,128,7,0.7392566204071045,0.7229965329170227
gpt2-small,das2d,10,2,0,64,0.001,128,8,0.7229965329170227,0.717189371585846
gpt2-small,das2d,10,2,0,64,0.001,128,9,0.717189371585846,0.707317054271698
gpt2-small,das2d,10,2,0,64,0.001,128,10,0.707317054271698,0.686991810798645
gpt2-small,das2d,10,2,0,64,0.001,128,11,0.686991810798645,0.6695702075958252
gpt2-small,das2d,10,2,0,64,0.001,128,12,0.6695702075958252,0.6492450833320618
gpt2-small,das2d,10,2,0,64,0.001,128,13,0.6492450833320618,0.6300813555717468
gpt2-small,das2d,10,2,0,64,0.001,128,14,0.6300813555717468,0.6051103472709656
gpt2-small,das2d,10,2,0,64,0.001,128,15,0.6051103472709656,0.588850200176239
gpt2-small,das2d,10,2,0,64,0.001,128,16,0.588850200176239,0.5696864724159241
gpt2-small,das2d,10,2,0,64,0.001,128,17,0.5696864724159241,0.5487805008888245
gpt2-small,das2d,10,2,0,64,0.001,128,18,0.5487805008888245,0.534262478351593
gpt2-small,das2d,10,2,0,64,0.001,128,19,0.534262478351593,0.5226480960845947
gpt2-small,das2d,10,2,0,64,0.001,128,20,0.5226480960845947,0.49941930174827576
gpt2-small,das2d,10,2,0,64,0.001,128,21,0.49941930174827576,0.4912891983985901
gpt2-small,das2d,10,2,0,64,0.001,128,22,0.4912891983985901,0.472706139087677
gpt2-small,das2d,10,2,0,64,0.001,128,23,0.472706139087677,0.4576074481010437
gpt2-small,das2d,10,2,0,64,0.001,128,24,0.4576074481010437,0.44831591844558716
gpt2-small,das2d,10,2,0,64,0.001,128,25,0.44831591844558716,0.43670153617858887
gpt2-small,das2d,10,2,0,64,0.001,128,26,0.43670153617858887,0.4285714328289032
gpt2-small,das2d,10,2,0,64,0.001,128,27,0.4285714328289032,0.4111498296260834
gpt2-small,das2d,10,2,0,64,0.001,128,28,0.4111498296260834,0.407665491104126
gpt2-small,das2d,10,2,0,64,0.001,128,29,0.407665491104126,0.3977932631969452
gpt2-small,das2d,10,2,0,64,0.001,128,30,0.3977932631969452,0.39198607206344604
gpt2-small,das2d,10,2,0,64,0.001,128,31,0.39198607206344604,0.38501742482185364
gpt2-small,das2d,10,2,0,64,0.001,128,32,0.38501742482185364,0.38211384415626526
gpt2-small,das2d,10,2,0,64,0.001,128,33,0.38211384415626526,0.3797909617424011
gpt2-small,das2d,10,2,0,64,0.001,128,34,0.3797909617424011,0.37688735127449036
gpt2-small,das2d,10,2,0,64,0.001,128,35,0.37688735127449036,0.3739837110042572
gpt2-small,das2d,10,2,0,64,0.001,128,36,0.3739837110042572,0.36701512336730957
gpt2-small,das2d,10,2,0,64,0.001,128,37,0.36701512336730957,0.3722415864467621
gpt2-small,das2d,10,2,0,64,0.001,128,38,0.3722415864467621,0.3652729094028473
gpt2-small,das2d,10,2,0,64,0.001,128,39,0.3652729094028473,0.3693379759788513
gpt2-small,das2d,10,2,0,64,0.001,128,40,0.3693379759788513,0.37340301275253296
gpt2-small,das2d,10,2,0,64,0.001,128,41,0.37340301275253296,0.3675958216190338
gpt2-small,das2d,10,2,0,64,0.001,128,42,0.3675958216190338,0.37340304255485535
gpt2-small,das2d,10,2,0,64,0.001,128,43,0.37340304255485535,0.3763066232204437
gpt2-small,das2d,10,2,0,64,0.001,128,44,0.3763066232204437,0.36991870403289795
gpt2-small,das2d,10,2,0,64,0.001,128,45,0.36991870403289795,0.3745644688606262
gpt2-small,das2d,10,2,0,64,0.001,128,46,0.3745644688606262,0.37340301275253296
gpt2-small,das2d,10,2,0,64,0.001,128,47,0.37340301275253296,0.3693379759788513
gpt2-small,das2d,10,2,0,64,0.001,128,48,0.3693379759788513,0.36991873383522034
gpt2-small,das2d,10,2,0,64,0.001,128,49,0.36991873383522034,0.3687572479248047
gpt2-small,das2d,10,2,0,64,0.001,128,50,0.3687572479248047,0.37340301275253296
gpt2-small,das2d,10,2,0,64,0.001,128,51,0.37340301275253296,0.3704994320869446
gpt2-small,das2d,10,2,0,64,0.001,128,52,0.3704994320869446,0.37282228469848633
gpt2-small,das2d,10,2,0,64,0.001,128,53,0.37282228469848633,0.3693380057811737
gpt2-small,das2d,10,2,0,64,0.001,128,54,0.3693380057811737,0.3693379759788513
gpt2-small,das2d,10,2,0,64,0.001,128,55,0.3693379759788513,0.37166085839271545
gpt2-small,das2d,10,2,0,64,0.001,128,56,0.37166085839271545,0.3687572479248047
gpt2-small,das2d,10,2,0,64,0.001,128,57,0.3687572479248047,0.3693380057811737
gpt2-small,das2d,10,2,0,64,0.001,128,58,0.3693380057811737,0.36469221115112305
gpt2-small,das2d,10,2,0,64,0.001,128,59,0.36469221115112305,0.3658536970615387
gpt2-small,das2d,10,2,0,64,0.001,128,60,0.3658536970615387,0.3606272041797638
gpt2-small,das2d,10,2,0,64,0.001,128,61,0.3606272041797638,0.3588850200176239
gpt2-small,das2d,10,2,0,64,0.001,128,62,0.3588850200176239,0.36178866028785706
gpt2-small,das2d,10,2,0,64,0.001,128,63,0.36178866028785706,0.3635307848453522
gpt2-small,das3d,10,3,0,64,0.001,128,0,0.9953542351722717,0.9668989181518555
gpt2-small,das3d,10,3,0,64,0.001,128,1,0.9668989181518555,0.9175377488136292
gpt2-small,das3d,10,3,0,64,0.001,128,2,0.9175377488136292,0.8646922707557678
gpt2-small,das3d,10,3,0,64,0.001,128,3,0.8646922707557678,0.8077816367149353
gpt2-small,das3d,10,3,0,64,0.001,128,4,0.8077816367149353,0.7595818638801575
gpt2-small,das3d,10,3,0,64,0.001,128,5,0.7595818638801575,0.7334494590759277
gpt2-small,das3d,10,3,0,64,0.001,128,6,0.7334494590759277,0.7090592384338379
gpt2-small,das3d,10,3,0,64,0.001,128,7,0.7090592384338379,0.6898954510688782
gpt2-small,das3d,10,3,0,64,0.001,128,8,0.6898954510688782,0.6771196126937866
gpt2-small,das3d,10,3,0,64,0.001,128,9,0.6771196126937866,0.6649245023727417
gpt2-small,das3d,10,3,0,64,0.001,128,10,0.6649245023727417,0.6405342817306519
gpt2-small,das3d,10,3,0,64,0.001,128,11,0.6405342817306519,0.6190476417541504
gpt2-small,das3d,10,3,0,64,0.001,128,12,0.6190476417541504,0.5905923247337341
gpt2-small,das3d,10,3,0,64,0.001,128,13,0.5905923247337341,0.5673635601997375
gpt2-small,das3d,10,3,0,64,0.001,128,14,0.5673635601997375,0.5487805008888245
gpt2-small,das3d,10,3,0,64,0.001,128,15,0.5487805008888245,0.5284552574157715
gpt2-small,das3d,10,3,0,64,0.001,128,16,0.5284552574157715,0.5034843683242798
gpt2-small,das3d,10,3,0,64,0.001,128,17,0.5034843683242798,0.49245065450668335
gpt2-small,das3d,10,3,0,64,0.001,128,18,0.49245065450668335,0.48896631598472595
gpt2-small,das3d,10,3,0,64,0.001,128,19,0.48896631598472595,0.45470383763313293
gpt2-small,das3d,10,3,0,64,0.001,128,20,0.45470383763313293,0.4442509114742279
gpt2-small,das3d,10,3,0,64,0.001,128,21,0.4442509114742279,0.434959352016449
gpt2-small,das3d,10,3,0,64,0.001,128,22,0.434959352016449,0.41753774881362915
gpt2-small,das3d,10,3,0,64,0.001,128,23,0.41753774881362915,0.40940770506858826
gpt2-small,das3d,10,3,0,64,0.001,128,24,0.40940770506858826,0.39547041058540344
gpt2-small,das3d,10,3,0,64,0.001,128,25,0.39547041058540344,0.3890824615955353
gpt2-small,das3d,10,3,0,64,0.001,128,26,0.3890824615955353,0.38211381435394287
gpt2-small,das3d,10,3,0,64,0.001,128,27,0.38211381435394287,0.3774680495262146
gpt2-small,das3d,10,3,0,64,0.001,128,28,0.3774680495262146,0.3797909617424011
gpt2-small,das3d,10,3,0,64,0.001,128,29,0.3797909617424011,0.3745644688606262
gpt2-small,das3d,10,3,0,64,0.001,128,30,0.3745644688606262,0.3763066232204437
gpt2-small,das3d,10,3,0,64,0.001,128,31,0.3763066232204437,0.3739837408065796
gpt2-small,das3d,10,3,0,64,0.001,128,32,0.3739837408065796,0.3780488073825836
gpt2-small,das3d,10,3,0,64,0.001,128,33,0.3780488073825836,0.3710801601409912
gpt2-small,das3d,10,3,0,64,0.001,128,34,0.3710801601409912,0.3763066232204437
gpt2-small,das3d,10,3,0,64,0.001,128,35,0.3763066232204437,0.37049946188926697
gpt2-small,das3d,10,3,0,64,0.001,128,36,0.37049946188926697,0.3704994320869446
gpt2-small,das3d,10,3,0,64,0.001,128,37,0.3704994320869446,0.37166085839271545
gpt2-small,das3d,10,3,0,64,0.001,128,38,0.37166085839271545,0.3745644688606262
gpt2-small,das3d,10,3,0,64,0.001,128,39,0.3745644688606262,0.37340301275253296
gpt2-small,das3d,10,3,0,64,0.001,128,40,0.37340301275253296,0.3710801303386688
gpt2-small,das3d,10,3,0,64,0.001,128,41,0.3710801303386688,0.36469224095344543
gpt2-small,das3d,10,3,0,64,0.001,128,42,0.36469224095344543,0.3687572479248047
gpt2-small,das3d,10,3,0,64,0.001,128,43,0.3687572479248047,0.36701512336730957
gpt2-small,das3d,10,3,0,64,0.001,128,44,0.36701512336730957,0.36701512336730957
gpt2-small,das3d,10,3,0,64,0.001,128,45,0.36701512336730957,0.36295008659362793
gpt2-small,das3d,10,3,0,64,0.001,128,46,0.36295008659362793,0.3606271743774414
gpt2-small,das3d,10,3,0,64,0.001,128,47,0.3606271743774414,0.36120790243148804
gpt2-small,das3d,10,3,0,64,0.001,128,48,0.36120790243148804,0.3623693585395813
gpt2-small,das3d,10,3,0,64,0.001,128,49,0.3623693585395813,0.3600464463233948
gpt2-small,das3d,10,3,0,64,0.001,128,50,0.3600464463233948,0.354239284992218
gpt2-small,das3d,10,3,0,64,0.001,128,51,0.354239284992218,0.354239284992218
gpt2-small,das3d,10,3,0,64,0.001,128,52,0.354239284992218,0.35307785868644714
gpt2-small,das3d,10,3,0,64,0.001,128,53,0.35307785868644714,0.3571428954601288
gpt2-small,das3d,10,3,0,64,0.001,128,54,0.3571428954601288,0.34436705708503723
gpt2-small,das3d,10,3,0,64,0.001,128,55,0.34436705708503723,0.34959352016448975
gpt2-small,das3d,10,3,0,64,0.001,128,56,0.34959352016448975,0.35133564472198486
gpt2-small,das3d,10,3,0,64,0.001,128,57,0.35133564472198486,0.3455284833908081
gpt2-small,das3d,10,3,0,64,0.001,128,58,0.3455284833908081,0.350174218416214
gpt2-small,das3d,10,3,0,64,0.001,128,59,0.350174218416214,0.3420441448688507
gpt2-small,das3d,10,3,0,64,0.001,128,60,0.3420441448688507,0.3414634168148041
gpt2-small,das3d,10,3,0,64,0.001,128,61,0.3414634168148041,0.34262484312057495
gpt2-small,das3d,10,3,0,64,0.001,128,62,0.34262484312057495,0.3397212624549866
gpt2-small,das3d,10,3,0,64,0.001,128,63,0.3397212624549866,0.3368176817893982
gpt2-small,das,11,1,0,64,0.001,128,0,0.9994192123413086,0.9918698668479919
gpt2-small,das,11,1,0,64,0.001,128,1,0.9918698668479919,0.9947734475135803
gpt2-small,das,11,1,0,64,0.001,128,2,0.9947734475135803,0.9889662861824036
gpt2-small,das,11,1,0,64,0.001,128,3,0.9889662861824036,0.9732868075370789
gpt2-small,das,11,1,0,64,0.001,128,4,0.9732868075370789,0.972706139087677
gpt2-small,das,11,1,0,64,0.001,128,5,0.972706139087677,0.9599303007125854
gpt2-small,das,11,1,0,64,0.001,128,6,0.9599303007125854,0.9552845358848572
gpt2-small,das,11,1,0,64,0.001,128,7,0.9552845358848572,0.9459930062294006
gpt2-small,das,11,1,0,64,0.001,128,8,0.9459930062294006,0.9390243291854858
gpt2-small,das,11,1,0,64,0.001,128,9,0.9390243291854858,0.9425087571144104
gpt2-small,das,11,1,0,64,0.001,128,10,0.9425087571144104,0.9355400800704956
gpt2-small,das,11,1,0,64,0.001,128,11,0.9355400800704956,0.9216027855873108
gpt2-small,das,11,1,0,64,0.001,128,12,0.9216027855873108,0.9256678223609924
gpt2-small,das,11,1,0,64,0.001,128,13,0.9256678223609924,0.9169570207595825
gpt2-small,das,11,1,0,64,0.001,128,14,0.9169570207595825,0.9221834540367126
gpt2-small,das,11,1,0,64,0.001,128,15,0.9221834540367126,0.911149799823761
gpt2-small,das,11,1,0,64,0.001,128,16,0.911149799823761,0.9001161456108093
gpt2-small,das,11,1,0,64,0.001,128,17,0.9001161456108093,0.8908246755599976
gpt2-small,das,11,1,0,64,0.001,128,18,0.8908246755599976,0.8902438879013062
gpt2-small,das,11,1,0,64,0.001,128,19,0.8902438879013062,0.8792102336883545
gpt2-small,das,11,1,0,64,0.001,128,20,0.8792102336883545,0.8710801601409912
gpt2-small,das,11,1,0,64,0.001,128,21,0.8710801601409912,0.8658536672592163
gpt2-small,das,11,1,0,64,0.001,128,22,0.8658536672592163,0.861207902431488
gpt2-small,das,11,1,0,64,0.001,128,23,0.861207902431488,0.8583042621612549
gpt2-small,das,11,1,0,64,0.001,128,24,0.8583042621612549,0.8420441150665283
gpt2-small,das,11,1,0,64,0.001,128,25,0.8420441150665283,0.8443669676780701
gpt2-small,das,11,1,0,64,0.001,128,26,0.8443669676780701,0.8327525854110718
gpt2-small,das,11,1,0,64,0.001,128,27,0.8327525854110718,0.8252032399177551
gpt2-small,das,11,1,0,64,0.001,128,28,0.8252032399177551,0.8217189311981201
gpt2-small,das,11,1,0,64,0.001,128,29,0.8217189311981201,0.815330982208252
gpt2-small,das,11,1,0,64,0.001,128,30,0.815330982208252,0.8095238208770752
gpt2-small,das,11,1,0,64,0.001,128,31,0.8095238208770752,0.8037166595458984
gpt2-small,das,11,1,0,64,0.001,128,32,0.8037166595458984,0.7973287105560303
gpt2-small,das,11,1,0,64,0.001,128,33,0.7973287105560303,0.7938443422317505
gpt2-small,das,11,1,0,64,0.001,128,34,0.7938443422317505,0.7921022176742554
gpt2-small,das,11,1,0,64,0.001,128,35,0.7921022176742554,0.7944250702857971
gpt2-small,das,11,1,0,64,0.001,128,36,0.7944250702857971,0.785714328289032
gpt2-small,das,11,1,0,64,0.001,128,37,0.785714328289032,0.785714328289032
gpt2-small,das,11,1,0,64,0.001,128,38,0.785714328289032,0.7804877758026123
gpt2-small,das,11,1,0,64,0.001,128,39,0.7804877758026123,0.7770035266876221
gpt2-small,das,11,1,0,64,0.001,128,40,0.7770035266876221,0.7804877758026123
gpt2-small,das,11,1,0,64,0.001,128,41,0.7804877758026123,0.772357702255249
gpt2-small,das,11,1,0,64,0.001,128,42,0.772357702255249,0.7764227390289307
gpt2-small,das,11,1,0,64,0.001,128,43,0.7764227390289307,0.7740998268127441
gpt2-small,das,11,1,0,64,0.001,128,44,0.7740998268127441,0.772357702255249
gpt2-small,das,11,1,0,64,0.001,128,45,0.772357702255249,0.7706155776977539
gpt2-small,das,11,1,0,64,0.001,128,46,0.7706155776977539,0.7706155776977539
gpt2-small,das,11,1,0,64,0.001,128,47,0.7706155776977539,0.7682926654815674
gpt2-small,das,11,1,0,64,0.001,128,48,0.7682926654815674,0.7700348496437073
gpt2-small,das,11,1,0,64,0.001,128,49,0.7700348496437073,0.7694541215896606
gpt2-small,das,11,1,0,64,0.001,128,50,0.7694541215896606,0.7706155776977539
gpt2-small,das,11,1,0,64,0.001,128,51,0.7706155776977539,0.7665505409240723
gpt2-small,das,11,1,0,64,0.001,128,52,0.7665505409240723,0.7711963057518005
gpt2-small,das,11,1,0,64,0.001,128,53,0.7711963057518005,0.7729384303092957
gpt2-small,das,11,1,0,64,0.001,128,54,0.7729384303092957,0.7735190987586975
gpt2-small,das,11,1,0,64,0.001,128,55,0.7735190987586975,0.7793263792991638
gpt2-small,das,11,1,0,64,0.001,128,56,0.7793263792991638,0.772357702255249
gpt2-small,das,11,1,0,64,0.001,128,57,0.772357702255249,0.7729384303092957
gpt2-small,das,11,1,0,64,0.001,128,58,0.7729384303092957,0.7746806144714355
gpt2-small,das,11,1,0,64,0.001,128,59,0.7746806144714355,0.7735190987586975
gpt2-small,das,11,1,0,64,0.001,128,60,0.7735190987586975,0.7711963057518005
gpt2-small,das,11,1,0,64,0.001,128,61,0.7711963057518005,0.7746806144714355
gpt2-small,das,11,1,0,64,0.001,128,62,0.7746806144714355,0.7735190987586975
gpt2-small,das,11,1,0,64,0.001,128,63,0.7735190987586975,0.7711963057518005
gpt2-small,das2d,11,2,0,64,0.001,128,0,0.9953542351722717,0.9982578158378601
gpt2-small,das2d,11,2,0,64,0.001,128,1,0.9982578158378601,0.9959349632263184
gpt2-small,das2d,11,2,0,64,0.001,128,2,0.9959349632263184,0.9744483232498169
gpt2-small,das2d,11,2,0,64,0.001,128,3,0.9744483232498169,0.9709640145301819
gpt2-small,das2d,11,2,0,64,0.001,128,4,0.9709640145301819,0.9605110287666321
gpt2-small,das2d,11,2,0,64,0.001,128,5,0.9605110287666321,0.9512194991111755
gpt2-small,das2d,11,2,0,64,0.001,128,6,0.9512194991111755,0.9500580430030823
gpt2-small,das2d,11,2,0,64,0.001,128,7,0.9500580430030823,0.9407665133476257
gpt2-small,das2d,11,2,0,64,0.001,128,8,0.9407665133476257,0.9343786239624023
gpt2-small,das2d,11,2,0,64,0.001,128,9,0.9343786239624023,0.9192798733711243
gpt2-small,das2d,11,2,0,64,0.001,128,10,0.9192798733711243,0.9175377488136292
gpt2-small,das2d,11,2,0,64,0.001,128,11,0.9175377488136292,0.9065040349960327
gpt2-small,das2d,11,2,0,64,0.001,128,12,0.9065040349960327,0.8989547491073608
gpt2-small,das2d,11,2,0,64,0.001,128,13,0.8989547491073608,0.8832752704620361
gpt2-small,das2d,11,2,0,64,0.001,128,14,0.8832752704620361,0.8774680495262146
gpt2-small,das2d,11,2,0,64,0.001,128,15,0.8774680495262146,0.8745644688606262
gpt2-small,das2d,11,2,0,64,0.001,128,16,0.8745644688606262,0.8658536672592163
gpt2-small,das2d,11,2,0,64,0.001,128,17,0.8658536672592163,0.8583042621612549
gpt2-small,das2d,11,2,0,64,0.001,128,18,0.8583042621612549,0.8466899394989014
gpt2-small,das2d,11,2,0,64,0.001,128,19,0.8466899394989014,0.842624843120575
gpt2-small,das2d,11,2,0,64,0.001,128,20,0.842624843120575,0.8321718573570251
gpt2-small,das2d,11,2,0,64,0.001,128,21,0.8321718573570251,0.8211382627487183
gpt2-small,das2d,11,2,0,64,0.001,128,22,0.8211382627487183,0.8176538944244385
gpt2-small,das2d,11,2,0,64,0.001,128,23,0.8176538944244385,0.8072009086608887
gpt2-small,das2d,11,2,0,64,0.001,128,24,0.8072009086608887,0.7950058579444885
gpt2-small,das2d,11,2,0,64,0.001,128,25,0.7950058579444885,0.792682945728302
gpt2-small,das2d,11,2,0,64,0.001,128,26,0.792682945728302,0.7839721441268921
gpt2-small,das2d,11,2,0,64,0.001,128,27,0.7839721441268921,0.7799071073532104
gpt2-small,das2d,11,2,0,64,0.001,128,28,0.7799071073532104,0.7787456512451172
gpt2-small,das2d,11,2,0,64,0.001,128,29,0.7787456512451172,0.7775842547416687
gpt2-small,das2d,11,2,0,64,0.001,128,30,0.7775842547416687,0.7711963057518005
gpt2-small,das2d,11,2,0,64,0.001,128,31,0.7711963057518005,0.7694541215896606
gpt2-small,das2d,11,2,0,64,0.001,128,32,0.7694541215896606,0.7706155776977539
gpt2-small,das2d,11,2,0,64,0.001,128,33,0.7706155776977539,0.7677119374275208
gpt2-small,das2d,11,2,0,64,0.001,128,34,0.7677119374275208,0.7677119374275208
gpt2-small,das2d,11,2,0,64,0.001,128,35,0.7677119374275208,0.7717769742012024
gpt2-small,das2d,11,2,0,64,0.001,128,36,0.7717769742012024,0.7700348496437073
gpt2-small,das2d,11,2,0,64,0.001,128,37,0.7700348496437073,0.7706155776977539
gpt2-small,das2d,11,2,0,64,0.001,128,38,0.7706155776977539,0.7682927250862122
gpt2-small,das2d,11,2,0,64,0.001,128,39,0.7682927250862122,0.7729384303092957
gpt2-small,das2d,11,2,0,64,0.001,128,40,0.7729384303092957,0.7764227390289307
gpt2-small,das2d,11,2,0,64,0.001,128,41,0.7764227390289307,0.7665505409240723
gpt2-small,das2d,11,2,0,64,0.001,128,42,0.7665505409240723,0.7735190987586975
gpt2-small,das2d,11,2,0,64,0.001,128,43,0.7735190987586975,0.7700348496437073
gpt2-small,das2d,11,2,0,64,0.001,128,44,0.7700348496437073,0.7682927250862122
gpt2-small,das2d,11,2,0,64,0.001,128,45,0.7682927250862122,0.7648082971572876
gpt2-small,das2d,11,2,0,64,0.001,128,46,0.7648082971572876,0.7642276287078857
gpt2-small,das2d,11,2,0,64,0.001,128,47,0.7642276287078857,0.7642276287078857
gpt2-small,das2d,11,2,0,64,0.001,128,48,0.7642276287078857,0.7653890252113342
gpt2-small,das2d,11,2,0,64,0.001,128,49,0.7653890252113342,0.7648082971572876
gpt2-small,das2d,11,2,0,64,0.001,128,50,0.7648082971572876,0.7677119374275208
gpt2-small,das2d,11,2,0,64,0.001,128,51,0.7677119374275208,0.7671312093734741
gpt2-small,das2d,11,2,0,64,0.001,128,52,0.7671312093734741,0.7677119374275208
gpt2-small,das2d,11,2,0,64,0.001,128,53,0.7677119374275208,0.7694541215896606
gpt2-small,das2d,11,2,0,64,0.001,128,54,0.7694541215896606,0.7642276287078857
gpt2-small,das2d,11,2,0,64,0.001,128,55,0.7642276287078857,0.7636469006538391
gpt2-small,das2d,11,2,0,64,0.001,128,56,0.7636469006538391,0.7613240480422974
gpt2-small,das2d,11,2,0,64,0.001,128,57,0.7613240480422974,0.7590011358261108
gpt2-small,das2d,11,2,0,64,0.001,128,58,0.7590011358261108,0.7607433199882507
gpt2-small,das2d,11,2,0,64,0.001,128,59,0.7607433199882507,0.7584204077720642
gpt2-small,das2d,11,2,0,64,0.001,128,60,0.7584204077720642,0.7630661725997925
gpt2-small,das2d,11,2,0,64,0.001,128,61,0.7630661725997925,0.7578397393226624
gpt2-small,das2d,11,2,0,64,0.001,128,62,0.7578397393226624,0.757258951663971
gpt2-small,das2d,11,2,0,64,0.001,128,63,0.757258951663971,0.7531939744949341
gpt2-small,das3d,11,3,0,64,0.001,128,0,0.9947735667228699,0.9959349632263184
gpt2-small,das3d,11,3,0,64,0.001,128,1,0.9959349632263184,0.9918698668479919
gpt2-small,das3d,11,3,0,64,0.001,128,2,0.9918698668479919,0.9732868075370789
gpt2-small,das3d,11,3,0,64,0.001,128,3,0.9732868075370789,0.9663182497024536
gpt2-small,das3d,11,3,0,64,0.001,128,4,0.9663182497024536,0.955865204334259
gpt2-small,das3d,11,3,0,64,0.001,128,5,0.955865204334259,0.9436701536178589
gpt2-small,das3d,11,3,0,64,0.001,128,6,0.9436701536178589,0.9390243887901306
gpt2-small,das3d,11,3,0,64,0.001,128,7,0.9390243887901306,0.931475043296814
gpt2-small,das3d,11,3,0,64,0.001,128,8,0.931475043296814,0.9204413294792175
gpt2-small,das3d,11,3,0,64,0.001,128,9,0.9204413294792175,0.9204413294792175
gpt2-small,das3d,11,3,0,64,0.001,128,10,0.9204413294792175,0.9047619104385376
gpt2-small,das3d,11,3,0,64,0.001,128,11,0.9047619104385376,0.8890824317932129
gpt2-small,das3d,11,3,0,64,0.001,128,12,0.8890824317932129,0.8844366669654846
gpt2-small,das3d,11,3,0,64,0.001,128,13,0.8844366669654846,0.8693379163742065
gpt2-small,das3d,11,3,0,64,0.001,128,14,0.8693379163742065,0.8565621376037598
gpt2-small,das3d,11,3,0,64,0.001,128,15,0.8565621376037598,0.8443670272827148
gpt2-small,das3d,11,3,0,64,0.001,128,16,0.8443670272827148,0.8373984098434448
gpt2-small,das3d,11,3,0,64,0.001,128,17,0.8373984098434448,0.8246225118637085
gpt2-small,das3d,11,3,0,64,0.001,128,18,0.8246225118637085,0.8170731067657471
gpt2-small,das3d,11,3,0,64,0.001,128,19,0.8170731067657471,0.8124274611473083
gpt2-small,das3d,11,3,0,64,0.001,128,20,0.8124274611473083,0.8013937473297119
gpt2-small,das3d,11,3,0,64,0.001,128,21,0.8013937473297119,0.7903600335121155
gpt2-small,das3d,11,3,0,64,0.001,128,22,0.7903600335121155,0.7851335406303406
gpt2-small,das3d,11,3,0,64,0.001,128,23,0.7851335406303406,0.785714328289032
gpt2-small,das3d,11,3,0,64,0.001,128,24,0.785714328289032,0.7770035266876221
gpt2-small,das3d,11,3,0,64,0.001,128,25,0.7770035266876221,0.7752613425254822
gpt2-small,das3d,11,3,0,64,0.001,128,26,0.7752613425254822,0.7706155776977539
gpt2-small,das3d,11,3,0,64,0.001,128,27,0.7706155776977539,0.772357702255249
gpt2-small,das3d,11,3,0,64,0.001,128,28,0.772357702255249,0.761904776096344
gpt2-small,das3d,11,3,0,64,0.001,128,29,0.761904776096344,0.7630661725997925
gpt2-small,das3d,11,3,0,64,0.001,128,30,0.7630661725997925,0.7717769742012024
gpt2-small,das3d,11,3,0,64,0.001,128,31,0.7717769742012024,0.7659698128700256
gpt2-small,das3d,11,3,0,64,0.001,128,32,0.7659698128700256,0.7659698128700256
gpt2-small,das3d,11,3,0,64,0.001,128,33,0.7659698128700256,0.7740998268127441
gpt2-small,das3d,11,3,0,64,0.001,128,34,0.7740998268127441,0.7717769742012024
gpt2-small,das3d,11,3,0,64,0.001,128,35,0.7717769742012024,0.7671312093734741
gpt2-small,das3d,11,3,0,64,0.001,128,36,0.7671312093734741,0.7671312093734741
gpt2-small,das3d,11,3,0,64,0.001,128,37,0.7671312093734741,0.7717769742012024
gpt2-small,das3d,11,3,0,64,0.001,128,38,0.7717769742012024,0.7665505409240723
gpt2-small,das3d,11,3,0,64,0.001,128,39,0.7665505409240723,0.7671312093734741
gpt2-small,das3d,11,3,0,64,0.001,128,40,0.7671312093734741,0.7630661725997925
gpt2-small,das3d,11,3,0,64,0.001,128,41,0.7630661725997925,0.7653890252113342
gpt2-small,das3d,11,3,0,64,0.001,128,42,0.7653890252113342,0.7688734531402588
gpt2-small,das3d,11,3,0,64,0.001,128,43,0.7688734531402588,0.7590011358261108
gpt2-small,das3d,11,3,0,64,0.001,128,44,0.7590011358261108,0.7642276287078857
gpt2-small,das3d,11,3,0,64,0.001,128,45,0.7642276287078857,0.7584204077720642
gpt2-small,das3d,11,3,0,64,0.001,128,46,0.7584204077720642,0.7572590112686157
gpt2-small,das3d,11,3,0,64,0.001,128,47,0.7572590112686157,0.7595818638801575
gpt2-small,das3d,11,3,0,64,0.001,128,48,0.7595818638801575,0.7572590112686157
gpt2-small,das3d,11,3,0,64,0.001,128,49,0.7572590112686157,0.7590011358261108
gpt2-small,das3d,11,3,0,64,0.001,128,50,0.7590011358261108,0.7543553709983826
gpt2-small,das3d,11,3,0,64,0.001,128,51,0.7543553709983826,0.7526132464408875
gpt2-small,das3d,11,3,0,64,0.001,128,52,0.7526132464408875,0.7584204077720642
gpt2-small,das3d,11,3,0,64,0.001,128,53,0.7584204077720642,0.7578397393226624
gpt2-small,das3d,11,3,0,64,0.001,128,54,0.7578397393226624,0.7560974955558777
gpt2-small,das3d,11,3,0,64,0.001,128,55,0.7560974955558777,0.7566782236099243
gpt2-small,das3d,11,3,0,64,0.001,128,56,0.7566782236099243,0.7526132464408875
gpt2-small,das3d,11,3,0,64,0.001,128,57,0.7526132464408875,0.751451849937439
gpt2-small,das3d,11,3,0,64,0.001,128,58,0.751451849937439,0.7468060255050659
gpt2-small,das3d,11,3,0,64,0.001,128,59,0.7468060255050659,0.7468060255050659
gpt2-small,das3d,11,3,0,64,0.001,128,60,0.7468060255050659,0.7497096061706543
gpt2-small,das3d,11,3,0,64,0.001,128,61,0.7497096061706543,0.7497096061706543
gpt2-small,das3d,11,3,0,64,0.001,128,62,0.7497096061706543,0.7497096061706543
gpt2-small,das3d,11,3,0,64,0.001,128,63,0.7497096061706543,0.7502903342247009
gpt2-small,das,12,1,0,64,0.001,128,0,0.9999999403953552,0.9999999403953552
gpt2-small,das,12,1,0,64,0.001,128,1,0.9999999403953552,0.9999999403953552
gpt2-small,das,12,1,0,64,0.001,128,2,0.9999999403953552,0.9999999403953552
gpt2-small,das,12,1,0,64,0.001,128,3,0.9999999403953552,0.9999999403953552
gpt2-small,das,12,1,0,64,0.001,128,4,0.9999999403953552,0.9999999403953552
gpt2-small,das,12,1,0,64,0.001,128,5,0.9999999403953552,0.9999999403953552
gpt2-small,das,12,1,0,64,0.001,128,6,0.9999999403953552,0.9999999403953552
gpt2-small,das,12,1,0,64,0.001,128,7,0.9999999403953552,0.9999999403953552
gpt2-small,das,12,1,0,64,0.001,128,8,0.9999999403953552,0.9999999403953552
gpt2-small,das,12,1,0,64,0.001,128,9,0.9999999403953552,0.9999999403953552
gpt2-small,das,12,1,0,64,0.001,128,10,0.9999999403953552,0.9999999403953552
gpt2-small,das,12,1,0,64,0.001,128,11,0.9999999403953552,0.9999999403953552
gpt2-small,das,12,1,0,64,0.001,128,12,0.9999999403953552,0.9999999403953552
gpt2-small,das,12,1,0,64,0.001,128,13,0.9999999403953552,0.9999999403953552
gpt2-small,das,12,1,0,64,0.001,128,14,0.9999999403953552,0.9999999403953552
gpt2-small,das,12,1,0,64,0.001,128,15,0.9999999403953552,0.9999999403953552
gpt2-small,das,12,1,0,64,0.001,128,16,0.9999999403953552,0.9999999403953552
gpt2-small,das,12,1,0,64,0.001,128,17,0.9999999403953552,0.9999999403953552
gpt2-small,das,12,1,0,64,0.001,128,18,0.9999999403953552,0.9999999403953552
gpt2-small,das,12,1,0,64,0.001,128,19,0.9999999403953552,0.9999999403953552
gpt2-small,das,12,1,0,64,0.001,128,20,0.9999999403953552,0.9999999403953552
gpt2-small,das,12,1,0,64,0.001,128,21,0.9999999403953552,0.9999999403953552
gpt2-small,das,12,1,0,64,0.001,128,22,0.9999999403953552,0.9999999403953552
gpt2-small,das,12,1,0,64,0.001,128,23,0.9999999403953552,0.9999999403953552
gpt2-small,das,12,1,0,64,0.001,128,24,0.9999999403953552,0.9999999403953552
gpt2-small,das,12,1,0,64,0.001,128,25,0.9999999403953552,0.9999999403953552
gpt2-small,das,12,1,0,64,0.001,128,26,0.9999999403953552,0.9999999403953552
gpt2-small,das,12,1,0,64,0.001,128,27,0.9999999403953552,0.9999999403953552
gpt2-small,das,12,1,0,64,0.001,128,28,0.9999999403953552,0.9999999403953552
gpt2-small,das,12,1,0,64,0.001,128,29,0.9999999403953552,0.9999999403953552
gpt2-small,das,12,1,0,64,0.001,128,30,0.9999999403953552,0.9999999403953552
gpt2-small,das,12,1,0,64,0.001,128,31,0.9999999403953552,0.9999999403953552
gpt2-small,das,12,1,0,64,0.001,128,32,0.9999999403953552,0.9999999403953552
gpt2-small,das,12,1,0,64,0.001,128,33,0.9999999403953552,0.9999999403953552
gpt2-small,das,12,1,0,64,0.001,128,34,0.9999999403953552,0.9999999403953552
gpt2-small,das,12,1,0,64,0.001,128,35,0.9999999403953552,0.9999999403953552
gpt2-small,das,12,1,0,64,0.001,128,36,0.9999999403953552,0.9999999403953552
gpt2-small,das,12,1,0,64,0.001,128,37,0.9999999403953552,0.9999999403953552
gpt2-small,das,12,1,0,64,0.001,128,38,0.9999999403953552,0.9999999403953552
gpt2-small,das,12,1,0,64,0.001,128,39,0.9999999403953552,0.9999999403953552
gpt2-small,das,12,1,0,64,0.001,128,40,0.9999999403953552,0.9999999403953552
gpt2-small,das,12,1,0,64,0.001,128,41,0.9999999403953552,0.9999999403953552
gpt2-small,das,12,1,0,64,0.001,128,42,0.9999999403953552,0.9999999403953552
gpt2-small,das,12,1,0,64,0.001,128,43,0.9999999403953552,0.9999999403953552
gpt2-small,das,12,1,0,64,0.001,128,44,0.9999999403953552,0.9999999403953552
gpt2-small,das,12,1,0,64,0.001,128,45,0.9999999403953552,0.9999999403953552
gpt2-small,das,12,1,0,64,0.001,128,46,0.9999999403953552,0.9999999403953552
gpt2-small,das,12,1,0,64,0.001,128,47,0.9999999403953552,0.9999999403953552
gpt2-small,das,12,1,0,64,0.001,128,48,0.9999999403953552,0.9999999403953552
gpt2-small,das,12,1,0,64,0.001,128,49,0.9999999403953552,0.9999999403953552
gpt2-small,das,12,1,0,64,0.001,128,50,0.9999999403953552,0.9999999403953552
gpt2-small,das,12,1,0,64,0.001,128,51,0.9999999403953552,0.9999999403953552
gpt2-small,das,12,1,0,64,0.001,128,52,0.9999999403953552,0.9999999403953552
gpt2-small,das,12,1,0,64,0.001,128,53,0.9999999403953552,0.9999999403953552
gpt2-small,das,12,1,0,64,0.001,128,54,0.9999999403953552,0.9999999403953552
gpt2-small,das,12,1,0,64,0.001,128,55,0.9999999403953552,0.9999999403953552
gpt2-small,das,12,1,0,64,0.001,128,56,0.9999999403953552,0.9999999403953552
gpt2-small,das,12,1,0,64,0.001,128,57,0.9999999403953552,0.9999999403953552
gpt2-small,das,12,1,0,64,0.001,128,58,0.9999999403953552,0.9999999403953552
gpt2-small,das,12,1,0,64,0.001,128,59,0.9999999403953552,0.9999999403953552
gpt2-small,das,12,1,0,64,0.001,128,60,0.9999999403953552,0.9999999403953552
gpt2-small,das,12,1,0,64,0.001,128,61,0.9999999403953552,0.9999999403953552
gpt2-small,das,12,1,0,64,0.001,128,62,0.9999999403953552,0.9999999403953552
gpt2-small,das,12,1,0,64,0.001,128,63,0.9999999403953552,0.9999999403953552
gpt2-small,das2d,12,2,0,64,0.001,128,0,0.9999999403953552,0.9999999403953552
gpt2-small,das2d,12,2,0,64,0.001,128,1,0.9999999403953552,0.9999999403953552
gpt2-small,das2d,12,2,0,64,0.001,128,2,0.9999999403953552,0.9999999403953552
gpt2-small,das2d,12,2,0,64,0.001,128,3,0.9999999403953552,0.9999999403953552
gpt2-small,das2d,12,2,0,64,0.001,128,4,0.9999999403953552,0.9999999403953552
gpt2-small,das2d,12,2,0,64,0.001,128,5,0.9999999403953552,0.9999999403953552
gpt2-small,das2d,12,2,0,64,0.001,128,6,0.9999999403953552,0.9999999403953552
gpt2-small,das2d,12,2,0,64,0.001,128,7,0.9999999403953552,0.9999999403953552
gpt2-small,das2d,12,2,0,64,0.001,128,8,0.9999999403953552,0.9999999403953552
gpt2-small,das2d,12,2,0,64,0.001,128,9,0.9999999403953552,0.9999999403953552
gpt2-small,das2d,12,2,0,64,0.001,128,10,0.9999999403953552,0.9999999403953552
gpt2-small,das2d,12,2,0,64,0.001,128,11,0.9999999403953552,0.9999999403953552
gpt2-small,das2d,12,2,0,64,0.001,128,12,0.9999999403953552,0.9999999403953552
gpt2-small,das2d,12,2,0,64,0.001,128,13,0.9999999403953552,0.9999999403953552
gpt2-small,das2d,12,2,0,64,0.001,128,14,0.9999999403953552,0.9999999403953552
gpt2-small,das2d,12,2,0,64,0.001,128,15,0.9999999403953552,0.9999999403953552
gpt2-small,das2d,12,2,0,64,0.001,128,16,0.9999999403953552,0.9999999403953552
gpt2-small,das2d,12,2,0,64,0.001,128,17,0.9999999403953552,0.9999999403953552
gpt2-small,das2d,12,2,0,64,0.001,128,18,0.9999999403953552,0.9999999403953552
gpt2-small,das2d,12,2,0,64,0.001,128,19,0.9999999403953552,0.9999999403953552
gpt2-small,das2d,12,2,0,64,0.001,128,20,0.9999999403953552,0.9999999403953552
gpt2-small,das2d,12,2,0,64,0.001,128,21,0.9999999403953552,0.9999999403953552
gpt2-small,das2d,12,2,0,64,0.001,128,22,0.9999999403953552,0.9999999403953552
gpt2-small,das2d,12,2,0,64,0.001,128,23,0.9999999403953552,0.9999999403953552
gpt2-small,das2d,12,2,0,64,0.001,128,24,0.9999999403953552,0.9999999403953552
gpt2-small,das2d,12,2,0,64,0.001,128,25,0.9999999403953552,0.9999999403953552
gpt2-small,das2d,12,2,0,64,0.001,128,26,0.9999999403953552,0.9999999403953552
gpt2-small,das2d,12,2,0,64,0.001,128,27,0.9999999403953552,0.9999999403953552
gpt2-small,das2d,12,2,0,64,0.001,128,28,0.9999999403953552,0.9999999403953552
gpt2-small,das2d,12,2,0,64,0.001,128,29,0.9999999403953552,0.9999999403953552
gpt2-small,das2d,12,2,0,64,0.001,128,30,0.9999999403953552,0.9999999403953552
gpt2-small,das2d,12,2,0,64,0.001,128,31,0.9999999403953552,0.9999999403953552
gpt2-small,das2d,12,2,0,64,0.001,128,32,0.9999999403953552,0.9999999403953552
gpt2-small,das2d,12,2,0,64,0.001,128,33,0.9999999403953552,0.9999999403953552
gpt2-small,das2d,12,2,0,64,0.001,128,34,0.9999999403953552,0.9999999403953552
gpt2-small,das2d,12,2,0,64,0.001,128,35,0.9999999403953552,0.9999999403953552
gpt2-small,das2d,12,2,0,64,0.001,128,36,0.9999999403953552,0.9999999403953552
gpt2-small,das2d,12,2,0,64,0.001,128,37,0.9999999403953552,0.9999999403953552
gpt2-small,das2d,12,2,0,64,0.001,128,38,0.9999999403953552,0.9999999403953552
gpt2-small,das2d,12,2,0,64,0.001,128,39,0.9999999403953552,0.9999999403953552
gpt2-small,das2d,12,2,0,64,0.001,128,40,0.9999999403953552,0.9999999403953552
gpt2-small,das2d,12,2,0,64,0.001,128,41,0.9999999403953552,0.9999999403953552
gpt2-small,das2d,12,2,0,64,0.001,128,42,0.9999999403953552,0.9999999403953552
gpt2-small,das2d,12,2,0,64,0.001,128,43,0.9999999403953552,0.9999999403953552
gpt2-small,das2d,12,2,0,64,0.001,128,44,0.9999999403953552,0.9999999403953552
gpt2-small,das2d,12,2,0,64,0.001,128,45,0.9999999403953552,0.9999999403953552
gpt2-small,das2d,12,2,0,64,0.001,128,46,0.9999999403953552,0.9999999403953552
gpt2-small,das2d,12,2,0,64,0.001,128,47,0.9999999403953552,0.9999999403953552
gpt2-small,das2d,12,2,0,64,0.001,128,48,0.9999999403953552,0.9999999403953552
gpt2-small,das2d,12,2,0,64,0.001,128,49,0.9999999403953552,0.9999999403953552
gpt2-small,das2d,12,2,0,64,0.001,128,50,0.9999999403953552,0.9999999403953552
gpt2-small,das2d,12,2,0,64,0.001,128,51,0.9999999403953552,0.9999999403953552
gpt2-small,das2d,12,2,0,64,0.001,128,52,0.9999999403953552,0.9999999403953552
gpt2-small,das2d,12,2,0,64,0.001,128,53,0.9999999403953552,0.9999999403953552
gpt2-small,das2d,12,2,0,64,0.001,128,54,0.9999999403953552,0.9999999403953552
gpt2-small,das2d,12,2,0,64,0.001,128,55,0.9999999403953552,0.9999999403953552
gpt2-small,das2d,12,2,0,64,0.001,128,56,0.9999999403953552,0.9999999403953552
gpt2-small,das2d,12,2,0,64,0.001,128,57,0.9999999403953552,0.9999999403953552
gpt2-small,das2d,12,2,0,64,0.001,128,58,0.9999999403953552,0.9999999403953552
gpt2-small,das2d,12,2,0,64,0.001,128,59,0.9999999403953552,0.9999999403953552
gpt2-small,das2d,12,2,0,64,0.001,128,60,0.9999999403953552,0.9999999403953552
gpt2-small,das2d,12,2,0,64,0.001,128,61,0.9999999403953552,0.9999999403953552
gpt2-small,das2d,12,2,0,64,0.001,128,62,0.9999999403953552,0.9999999403953552
gpt2-small,das2d,12,2,0,64,0.001,128,63,0.9999999403953552,0.9999999403953552
gpt2-small,das3d,12,3,0,64,0.001,128,0,0.9999999403953552,0.9999999403953552
gpt2-small,das3d,12,3,0,64,0.001,128,1,0.9999999403953552,0.9999999403953552
gpt2-small,das3d,12,3,0,64,0.001,128,2,0.9999999403953552,0.9999999403953552
gpt2-small,das3d,12,3,0,64,0.001,128,3,0.9999999403953552,0.9999999403953552
gpt2-small,das3d,12,3,0,64,0.001,128,4,0.9999999403953552,0.9999999403953552
gpt2-small,das3d,12,3,0,64,0.001,128,5,0.9999999403953552,0.9999999403953552
gpt2-small,das3d,12,3,0,64,0.001,128,6,0.9999999403953552,0.9999999403953552
gpt2-small,das3d,12,3,0,64,0.001,128,7,0.9999999403953552,0.9999999403953552
gpt2-small,das3d,12,3,0,64,0.001,128,8,0.9999999403953552,0.9999999403953552
gpt2-small,das3d,12,3,0,64,0.001,128,9,0.9999999403953552,0.9999999403953552
gpt2-small,das3d,12,3,0,64,0.001,128,10,0.9999999403953552,0.9999999403953552
gpt2-small,das3d,12,3,0,64,0.001,128,11,0.9999999403953552,0.9999999403953552
gpt2-small,das3d,12,3,0,64,0.001,128,12,0.9999999403953552,0.9999999403953552
gpt2-small,das3d,12,3,0,64,0.001,128,13,0.9999999403953552,0.9999999403953552
gpt2-small,das3d,12,3,0,64,0.001,128,14,0.9999999403953552,0.9999999403953552
gpt2-small,das3d,12,3,0,64,0.001,128,15,0.9999999403953552,0.9999999403953552
gpt2-small,das3d,12,3,0,64,0.001,128,16,0.9999999403953552,0.9999999403953552
gpt2-small,das3d,12,3,0,64,0.001,128,17,0.9999999403953552,0.9999999403953552
gpt2-small,das3d,12,3,0,64,0.001,128,18,0.9999999403953552,0.9999999403953552
gpt2-small,das3d,12,3,0,64,0.001,128,19,0.9999999403953552,0.9999999403953552
gpt2-small,das3d,12,3,0,64,0.001,128,20,0.9999999403953552,0.9999999403953552
gpt2-small,das3d,12,3,0,64,0.001,128,21,0.9999999403953552,0.9999999403953552
gpt2-small,das3d,12,3,0,64,0.001,128,22,0.9999999403953552,0.9999999403953552
gpt2-small,das3d,12,3,0,64,0.001,128,23,0.9999999403953552,0.9999999403953552
gpt2-small,das3d,12,3,0,64,0.001,128,24,0.9999999403953552,0.9999999403953552
gpt2-small,das3d,12,3,0,64,0.001,128,25,0.9999999403953552,0.9999999403953552
gpt2-small,das3d,12,3,0,64,0.001,128,26,0.9999999403953552,0.9999999403953552
gpt2-small,das3d,12,3,0,64,0.001,128,27,0.9999999403953552,0.9999999403953552
gpt2-small,das3d,12,3,0,64,0.001,128,28,0.9999999403953552,0.9999999403953552
gpt2-small,das3d,12,3,0,64,0.001,128,29,0.9999999403953552,0.9999999403953552
gpt2-small,das3d,12,3,0,64,0.001,128,30,0.9999999403953552,0.9999999403953552
gpt2-small,das3d,12,3,0,64,0.001,128,31,0.9999999403953552,0.9999999403953552
gpt2-small,das3d,12,3,0,64,0.001,128,32,0.9999999403953552,0.9999999403953552
gpt2-small,das3d,12,3,0,64,0.001,128,33,0.9999999403953552,0.9999999403953552
gpt2-small,das3d,12,3,0,64,0.001,128,34,0.9999999403953552,0.9999999403953552
gpt2-small,das3d,12,3,0,64,0.001,128,35,0.9999999403953552,0.9999999403953552
gpt2-small,das3d,12,3,0,64,0.001,128,36,0.9999999403953552,0.9999999403953552
gpt2-small,das3d,12,3,0,64,0.001,128,37,0.9999999403953552,0.9999999403953552
gpt2-small,das3d,12,3,0,64,0.001,128,38,0.9999999403953552,0.9999999403953552
gpt2-small,das3d,12,3,0,64,0.001,128,39,0.9999999403953552,0.9999999403953552
gpt2-small,das3d,12,3,0,64,0.001,128,40,0.9999999403953552,0.9999999403953552
gpt2-small,das3d,12,3,0,64,0.001,128,41,0.9999999403953552,0.9999999403953552
gpt2-small,das3d,12,3,0,64,0.001,128,42,0.9999999403953552,0.9999999403953552
gpt2-small,das3d,12,3,0,64,0.001,128,43,0.9999999403953552,0.9999999403953552
gpt2-small,das3d,12,3,0,64,0.001,128,44,0.9999999403953552,0.9999999403953552
gpt2-small,das3d,12,3,0,64,0.001,128,45,0.9999999403953552,0.9999999403953552
gpt2-small,das3d,12,3,0,64,0.001,128,46,0.9999999403953552,0.9999999403953552
gpt2-small,das3d,12,3,0,64,0.001,128,47,0.9999999403953552,0.9999999403953552
gpt2-small,das3d,12,3,0,64,0.001,128,48,0.9999999403953552,0.9999999403953552
gpt2-small,das3d,12,3,0,64,0.001,128,49,0.9999999403953552,0.9999999403953552
gpt2-small,das3d,12,3,0,64,0.001,128,50,0.9999999403953552,0.9999999403953552
gpt2-small,das3d,12,3,0,64,0.001,128,51,0.9999999403953552,0.9999999403953552
gpt2-small,das3d,12,3,0,64,0.001,128,52,0.9999999403953552,0.9999999403953552
gpt2-small,das3d,12,3,0,64,0.001,128,53,0.9999999403953552,0.9999999403953552
gpt2-small,das3d,12,3,0,64,0.001,128,54,0.9999999403953552,0.9999999403953552
gpt2-small,das3d,12,3,0,64,0.001,128,55,0.9999999403953552,0.9999999403953552
gpt2-small,das3d,12,3,0,64,0.001,128,56,0.9999999403953552,0.9999999403953552
gpt2-small,das3d,12,3,0,64,0.001,128,57,0.9999999403953552,0.9999999403953552
gpt2-small,das3d,12,3,0,64,0.001,128,58,0.9999999403953552,0.9999999403953552
gpt2-small,das3d,12,3,0,64,0.001,128,59,0.9999999403953552,0.9999999403953552
gpt2-small,das3d,12,3,0,64,0.001,128,60,0.9999999403953552,0.9999999403953552
gpt2-small,das3d,12,3,0,64,0.001,128,61,0.9999999403953552,0.9999999403953552
gpt2-small,das3d,12,3,0,64,0.001,128,62,0.9999999403953552,0.9999999403953552
gpt2-small,das3d,12,3,0,64,0.001,128,63,0.9999999403953552,0.9999999403953552
