dataset,pair_index,clean_id,corrupted_id,clean_label,corrupted_label,clean_text,corrupted_text,clean_text_repr,corrupted_text_repr,clean_utf8_hex,corrupted_utf8_hex,clean_sha256,corrupted_sha256,clean_token_ids,corrupted_token_ids,clean_num_tokens,corrupted_num_tokens,equal_token_length,clean_source_text,corrupted_source_text,binarization_method,pythia_correct
toy_train,0,toy-train-pos-000,toy-train-neg-000,1,0,"I thought this movie was adequate, I enjoyed it. 
Conclusion: This movie is","I thought this movie was annoying, I hated it. 
Conclusion: This movie is","'I thought this movie was adequate, I enjoyed it. \nConclusion: This movie is'","'I thought this movie was annoying, I hated it. \nConclusion: This movie is'",492074686f756768742074686973206d6f766965207761732061646571756174652c204920656e6a6f7965642069742e200a436f6e636c7573696f6e3a2054686973206d6f766965206973,492074686f756768742074686973206d6f7669652077617320616e6e6f79696e672c20492068617465642069742e200a436f6e636c7573696f6e3a2054686973206d6f766965206973,777f8c5e413237085c99ea450a6c9ea268e90d1ae718cecf42d006bdb8615e95,958748e6949c4945f6f9f841d496397aeec200c07eaa7457df3ce7e1308c9859,"[50256, 40, 1807, 428, 3807, 373, 12872, 11, 314, 8359, 340, 13, 220, 198, 21481, 25, 770, 3807, 318]","[50256, 40, 1807, 428, 3807, 373, 15774, 11, 314, 16563, 340, 13, 220, 198, 21481, 25, 770, 3807, 318]",19,19,True,,,,
toy_train,1,toy-train-neg-000,toy-train-pos-001,0,1,"I thought this movie was annoying, I hated it. 
Conclusion: This movie is","I thought this movie was amazing, I loved it. 
Conclusion: This movie is","'I thought this movie was annoying, I hated it. \nConclusion: This movie is'","'I thought this movie was amazing, I loved it. \nConclusion: This movie is'",492074686f756768742074686973206d6f7669652077617320616e6e6f79696e672c20492068617465642069742e200a436f6e636c7573696f6e3a2054686973206d6f766965206973,492074686f756768742074686973206d6f7669652077617320616d617a696e672c2049206c6f7665642069742e200a436f6e636c7573696f6e3a2054686973206d6f766965206973,958748e6949c4945f6f9f841d496397aeec200c07eaa7457df3ce7e1308c9859,2f3aaecef7f086c9bfd26b85a34ecdc5640448a071c16e9f2b05648608f2b130,"[50256, 40, 1807, 428, 3807, 373, 15774, 11, 314, 16563, 340, 13, 220, 198, 21481, 25, 770, 3807, 318]","[50256, 40, 1807, 428, 3807, 373, 4998, 11, 314, 6151, 340, 13, 220, 198, 21481, 25, 770, 3807, 318]",19,19,True,,,,
toy_train,2,toy-train-pos-001,toy-train-neg-001,1,0,"I thought this movie was amazing, I loved it. 
Conclusion: This movie is","I thought this movie was awful, I disliked it. 
Conclusion: This movie is","'I thought this movie was amazing, I loved it. \nConclusion: This movie is'","'I thought this movie was awful, I disliked it. \nConclusion: This movie is'",492074686f756768742074686973206d6f7669652077617320616d617a696e672c2049206c6f7665642069742e200a436f6e636c7573696f6e3a2054686973206d6f766965206973,492074686f756768742074686973206d6f7669652077617320617766756c2c2049206469736c696b65642069742e200a436f6e636c7573696f6e3a2054686973206d6f766965206973,2f3aaecef7f086c9bfd26b85a34ecdc5640448a071c16e9f2b05648608f2b130,4b10b87a6258f566760a4efe1abcf0cb6efb7d72f3eb641be7a4a4ebbb3a15e7,"[50256, 40, 1807, 428, 3807, 373, 4998, 11, 314, 6151, 340, 13, 220, 198, 21481, 25, 770, 3807, 318]","[50256, 40, 1807, 428, 3807, 373, 12659, 11, 314, 43252, 340, 13, 220, 198, 21481, 25, 770, 3807, 318]",19,19,True,,,,
toy_train,3,toy-train-neg-001,toy-train-pos-002,0,1,"I thought this movie was awful, I disliked it. 
Conclusion: This movie is","I thought this movie was awesome, I liked it. 
Conclusion: This movie is","'I thought this movie was awful, I disliked it. \nConclusion: This movie is'","'I thought this movie was awesome, I liked it. \nConclusion: This movie is'",492074686f756768742074686973206d6f7669652077617320617766756c2c2049206469736c696b65642069742e200a436f6e636c7573696f6e3a2054686973206d6f766965206973,492074686f756768742074686973206d6f7669652077617320617765736f6d652c2049206c696b65642069742e200a436f6e636c7573696f6e3a2054686973206d6f766965206973,4b10b87a6258f566760a4efe1abcf0cb6efb7d72f3eb641be7a4a4ebbb3a15e7,1068b25c6dfc221ab3269d93aa2cfe794cece10e4a6362c459d4c4abd819941e,"[50256, 40, 1807, 428, 3807, 373, 12659, 11, 314, 43252, 340, 13, 220, 198, 21481, 25, 770, 3807, 318]","[50256, 40, 1807, 428, 3807, 373, 7427, 11, 314, 8288, 340, 13, 220, 198, 21481, 25, 770, 3807, 318]",19,19,True,,,,
toy_train,4,toy-train-pos-002,toy-train-neg-002,1,0,"I thought this movie was awesome, I liked it. 
Conclusion: This movie is","I thought this movie was bad, I despised it. 
Conclusion: This movie is","'I thought this movie was awesome, I liked it. \nConclusion: This movie is'","'I thought this movie was bad, I despised it. \nConclusion: This movie is'",492074686f756768742074686973206d6f7669652077617320617765736f6d652c2049206c696b65642069742e200a436f6e636c7573696f6e3a2054686973206d6f766965206973,492074686f756768742074686973206d6f76696520776173206261642c20492064657370697365642069742e200a436f6e636c7573696f6e3a2054686973206d6f766965206973,1068b25c6dfc221ab3269d93aa2cfe794cece10e4a6362c459d4c4abd819941e,ca1873a979d0a95f44d6d796bee17bfe3e94751a4ee3a2d90476392f1b92a957,"[50256, 40, 1807, 428, 3807, 373, 7427, 11, 314, 8288, 340, 13, 220, 198, 21481, 25, 770, 3807, 318]","[50256, 40, 1807, 428, 3807, 373, 2089, 11, 314, 44990, 340, 13, 220, 198, 21481, 25, 770, 3807, 318]",19,19,True,,,,
toy_train,5,toy-train-neg-002,toy-train-pos-003,0,1,"I thought this movie was bad, I despised it. 
Conclusion: This movie is","I thought this movie was beautiful, I appreciated it. 
Conclusion: This movie is","'I thought this movie was bad, I despised it. \nConclusion: This movie is'","'I thought this movie was beautiful, I appreciated it. \nConclusion: This movie is'",492074686f756768742074686973206d6f76696520776173206261642c20492064657370697365642069742e200a436f6e636c7573696f6e3a2054686973206d6f766965206973,492074686f756768742074686973206d6f766965207761732062656175746966756c2c20492061707072656369617465642069742e200a436f6e636c7573696f6e3a2054686973206d6f766965206973,ca1873a979d0a95f44d6d796bee17bfe3e94751a4ee3a2d90476392f1b92a957,74a299535ed89cef1054b821a2294c14375d9bff5db127989fb36cd5f3c4cddc,"[50256, 40, 1807, 428, 3807, 373, 2089, 11, 314, 44990, 340, 13, 220, 198, 21481, 25, 770, 3807, 318]","[50256, 40, 1807, 428, 3807, 373, 4950, 11, 314, 16373, 340, 13, 220, 198, 21481, 25, 770, 3807, 318]",19,19,True,,,,
toy_train,6,toy-train-pos-003,toy-train-neg-003,1,0,"I thought this movie was beautiful, I appreciated it. 
Conclusion: This movie is","I thought this movie was boring, I hated it. 
Conclusion: This movie is","'I thought this movie was beautiful, I appreciated it. \nConclusion: This movie is'","'I thought this movie was boring, I hated it. \nConclusion: This movie is'",492074686f756768742074686973206d6f766965207761732062656175746966756c2c20492061707072656369617465642069742e200a436f6e636c7573696f6e3a2054686973206d6f766965206973,492074686f756768742074686973206d6f7669652077617320626f72696e672c20492068617465642069742e200a436f6e636c7573696f6e3a2054686973206d6f766965206973,74a299535ed89cef1054b821a2294c14375d9bff5db127989fb36cd5f3c4cddc,985bad9d0f1cec9cca1b4a6ec4f8399b84e8b10a166f26eac3a2dbe1ca89f4f0,"[50256, 40, 1807, 428, 3807, 373, 4950, 11, 314, 16373, 340, 13, 220, 198, 21481, 25, 770, 3807, 318]","[50256, 40, 1807, 428, 3807, 373, 14262, 11, 314, 16563, 340, 13, 220, 198, 21481, 25, 770, 3807, 318]",19,19,True,,,,
toy_train,7,toy-train-neg-003,toy-train-pos-004,0,1,"I thought this movie was boring, I hated it. 
Conclusion: This movie is","I thought this movie was brilliant, I admired it. 
Conclusion: This movie is","'I thought this movie was boring, I hated it. \nConclusion: This movie is'","'I thought this movie was brilliant, I admired it. \nConclusion: This movie is'",492074686f756768742074686973206d6f7669652077617320626f72696e672c20492068617465642069742e200a436f6e636c7573696f6e3a2054686973206d6f766965206973,492074686f756768742074686973206d6f76696520776173206272696c6c69616e742c20492061646d697265642069742e200a436f6e636c7573696f6e3a2054686973206d6f766965206973,985bad9d0f1cec9cca1b4a6ec4f8399b84e8b10a166f26eac3a2dbe1ca89f4f0,a6c66b506260eaa4acbccc61a7a9264b2c7682cb0f55763d89ea9c959ead560a,"[50256, 40, 1807, 428, 3807, 373, 14262, 11, 314, 16563, 340, 13, 220, 198, 21481, 25, 770, 3807, 318]","[50256, 40, 1807, 428, 3807, 373, 10457, 11, 314, 29382, 340, 13, 220, 198, 21481, 25, 770, 3807, 318]",19,19,True,,,,
toy_train,8,toy-train-pos-004,toy-train-neg-004,1,0,"I thought this movie was brilliant, I admired it. 
Conclusion: This movie is","I thought this movie was depressing, I disliked it. 
Conclusion: This movie is","'I thought this movie was brilliant, I admired it. \nConclusion: This movie is'","'I thought this movie was depressing, I disliked it. \nConclusion: This movie is'",492074686f756768742074686973206d6f76696520776173206272696c6c69616e742c20492061646d697265642069742e200a436f6e636c7573696f6e3a2054686973206d6f766965206973,492074686f756768742074686973206d6f766965207761732064657072657373696e672c2049206469736c696b65642069742e200a436f6e636c7573696f6e3a2054686973206d6f766965206973,a6c66b506260eaa4acbccc61a7a9264b2c7682cb0f55763d89ea9c959ead560a,b6e18cbda68bd41c2b2aeb1c3c0acfc0c3a0eefb779a98b98d7a81f1538ddde3,"[50256, 40, 1807, 428, 3807, 373, 10457, 11, 314, 29382, 340, 13, 220, 198, 21481, 25, 770, 3807, 318]","[50256, 40, 1807, 428, 3807, 373, 31193, 11, 314, 43252, 340, 13, 220, 198, 21481, 25, 770, 3807, 318]",19,19,True,,,,
toy_train,9,toy-train-neg-004,toy-train-pos-005,0,1,"I thought this movie was depressing, I disliked it. 
Conclusion: This movie is","I thought this movie was charming, I enjoyed it. 
Conclusion: This movie is","'I thought this movie was depressing, I disliked it. \nConclusion: This movie is'","'I thought this movie was charming, I enjoyed it. \nConclusion: This movie is'",492074686f756768742074686973206d6f766965207761732064657072657373696e672c2049206469736c696b65642069742e200a436f6e636c7573696f6e3a2054686973206d6f766965206973,492074686f756768742074686973206d6f7669652077617320636861726d696e672c204920656e6a6f7965642069742e200a436f6e636c7573696f6e3a2054686973206d6f766965206973,b6e18cbda68bd41c2b2aeb1c3c0acfc0c3a0eefb779a98b98d7a81f1538ddde3,0f7d3cee7a9bbf650326001829a13cae033c3f9931f280cc8ab87806d88431c5,"[50256, 40, 1807, 428, 3807, 373, 31193, 11, 314, 43252, 340, 13, 220, 198, 21481, 25, 770, 3807, 318]","[50256, 40, 1807, 428, 3807, 373, 23332, 11, 314, 8359, 340, 13, 220, 198, 21481, 25, 770, 3807, 318]",19,19,True,,,,
toy_train,10,toy-train-pos-005,toy-train-neg-005,1,0,"I thought this movie was charming, I enjoyed it. 
Conclusion: This movie is","I thought this movie was disastrous, I despised it. 
Conclusion: This movie is","'I thought this movie was charming, I enjoyed it. \nConclusion: This movie is'","'I thought this movie was disastrous, I despised it. \nConclusion: This movie is'",492074686f756768742074686973206d6f7669652077617320636861726d696e672c204920656e6a6f7965642069742e200a436f6e636c7573696f6e3a2054686973206d6f766965206973,492074686f756768742074686973206d6f7669652077617320646973617374726f75732c20492064657370697365642069742e200a436f6e636c7573696f6e3a2054686973206d6f766965206973,0f7d3cee7a9bbf650326001829a13cae033c3f9931f280cc8ab87806d88431c5,16f1a87bafdcb5c981283203ed423a21c3c88366dd038468d29efc249cb59a7e,"[50256, 40, 1807, 428, 3807, 373, 23332, 11, 314, 8359, 340, 13, 220, 198, 21481, 25, 770, 3807, 318]","[50256, 40, 1807, 428, 3807, 373, 20756, 11, 314, 44990, 340, 13, 220, 198, 21481, 25, 770, 3807, 318]",19,19,True,,,,
toy_train,11,toy-train-neg-005,toy-train-pos-006,0,1,"I thought this movie was disastrous, I despised it. 
Conclusion: This movie is","I thought this movie was cheerful, I loved it. 
Conclusion: This movie is","'I thought this movie was disastrous, I despised it. \nConclusion: This movie is'","'I thought this movie was cheerful, I loved it. \nConclusion: This movie is'",492074686f756768742074686973206d6f7669652077617320646973617374726f75732c20492064657370697365642069742e200a436f6e636c7573696f6e3a2054686973206d6f766965206973,492074686f756768742074686973206d6f7669652077617320636865657266756c2c2049206c6f7665642069742e200a436f6e636c7573696f6e3a2054686973206d6f766965206973,16f1a87bafdcb5c981283203ed423a21c3c88366dd038468d29efc249cb59a7e,8272d47be9ec112c34006582f771691f58c40834398141bff93f7e2d609a988f,"[50256, 40, 1807, 428, 3807, 373, 20756, 11, 314, 44990, 340, 13, 220, 198, 21481, 25, 770, 3807, 318]","[50256, 40, 1807, 428, 3807, 373, 37999, 11, 314, 6151, 340, 13, 220, 198, 21481, 25, 770, 3807, 318]",19,19,True,,,,
toy_train,12,toy-train-pos-006,toy-train-neg-006,1,0,"I thought this movie was cheerful, I loved it. 
Conclusion: This movie is","I thought this movie was disgusting, I hated it. 
Conclusion: This movie is","'I thought this movie was cheerful, I loved it. \nConclusion: This movie is'","'I thought this movie was disgusting, I hated it. \nConclusion: This movie is'",492074686f756768742074686973206d6f7669652077617320636865657266756c2c2049206c6f7665642069742e200a436f6e636c7573696f6e3a2054686973206d6f766965206973,492074686f756768742074686973206d6f766965207761732064697367757374696e672c20492068617465642069742e200a436f6e636c7573696f6e3a2054686973206d6f766965206973,8272d47be9ec112c34006582f771691f58c40834398141bff93f7e2d609a988f,c9e96eeaa6206829fefa37abff3321bb342e5155e3990158558c7e4641c7ad32,"[50256, 40, 1807, 428, 3807, 373, 37999, 11, 314, 6151, 340, 13, 220, 198, 21481, 25, 770, 3807, 318]","[50256, 40, 1807, 428, 3807, 373, 23374, 11, 314, 16563, 340, 13, 220, 198, 21481, 25, 770, 3807, 318]",19,19,True,,,,
toy_train,13,toy-train-neg-006,toy-train-pos-007,0,1,"I thought this movie was disgusting, I hated it. 
Conclusion: This movie is","I thought this movie was decent, I liked it. 
Conclusion: This movie is","'I thought this movie was disgusting, I hated it. \nConclusion: This movie is'","'I thought this movie was decent, I liked it. \nConclusion: This movie is'",492074686f756768742074686973206d6f766965207761732064697367757374696e672c20492068617465642069742e200a436f6e636c7573696f6e3a2054686973206d6f766965206973,492074686f756768742074686973206d6f7669652077617320646563656e742c2049206c696b65642069742e200a436f6e636c7573696f6e3a2054686973206d6f766965206973,c9e96eeaa6206829fefa37abff3321bb342e5155e3990158558c7e4641c7ad32,5243e7a12cc5cd076d43703f2a134bda812b39bf048b7e528eee481b1dd819c4,"[50256, 40, 1807, 428, 3807, 373, 23374, 11, 314, 16563, 340, 13, 220, 198, 21481, 25, 770, 3807, 318]","[50256, 40, 1807, 428, 3807, 373, 7709, 11, 314, 8288, 340, 13, 220, 198, 21481, 25, 770, 3807, 318]",19,19,True,,,,
toy_train,14,toy-train-pos-007,toy-train-neg-007,1,0,"I thought this movie was decent, I liked it. 
Conclusion: This movie is","I thought this movie was dire, I disliked it. 
Conclusion: This movie is","'I thought this movie was decent, I liked it. \nConclusion: This movie is'","'I thought this movie was dire, I disliked it. \nConclusion: This movie is'",492074686f756768742074686973206d6f7669652077617320646563656e742c2049206c696b65642069742e200a436f6e636c7573696f6e3a2054686973206d6f766965206973,492074686f756768742074686973206d6f7669652077617320646972652c2049206469736c696b65642069742e200a436f6e636c7573696f6e3a2054686973206d6f766965206973,5243e7a12cc5cd076d43703f2a134bda812b39bf048b7e528eee481b1dd819c4,6fd2132706b1c23db5214c587a1f139fad8b6e9386247058ceb483e92abef1f4,"[50256, 40, 1807, 428, 3807, 373, 7709, 11, 314, 8288, 340, 13, 220, 198, 21481, 25, 770, 3807, 318]","[50256, 40, 1807, 428, 3807, 373, 19958, 11, 314, 43252, 340, 13, 220, 198, 21481, 25, 770, 3807, 318]",19,19,True,,,,
toy_train,15,toy-train-neg-007,toy-train-pos-008,0,1,"I thought this movie was dire, I disliked it. 
Conclusion: This movie is","I thought this movie was delightful, I appreciated it. 
Conclusion: This movie is","'I thought this movie was dire, I disliked it. \nConclusion: This movie is'","'I thought this movie was delightful, I appreciated it. \nConclusion: This movie is'",492074686f756768742074686973206d6f7669652077617320646972652c2049206469736c696b65642069742e200a436f6e636c7573696f6e3a2054686973206d6f766965206973,492074686f756768742074686973206d6f766965207761732064656c6967687466756c2c20492061707072656369617465642069742e200a436f6e636c7573696f6e3a2054686973206d6f766965206973,6fd2132706b1c23db5214c587a1f139fad8b6e9386247058ceb483e92abef1f4,9efbab5d640e17be02b3bcd63b8367e28a43aa5c5a24a016f1547c479b4b4dca,"[50256, 40, 1807, 428, 3807, 373, 19958, 11, 314, 43252, 340, 13, 220, 198, 21481, 25, 770, 3807, 318]","[50256, 40, 1807, 428, 3807, 373, 32327, 11, 314, 16373, 340, 13, 220, 198, 21481, 25, 770, 3807, 318]",19,19,True,,,,
toy_train,16,toy-train-pos-008,toy-train-neg-008,1,0,"I thought this movie was delightful, I appreciated it. 
Conclusion: This movie is","I thought this movie was dreadful, I despised it. 
Conclusion: This movie is","'I thought this movie was delightful, I appreciated it. \nConclusion: This movie is'","'I thought this movie was dreadful, I despised it. \nConclusion: This movie is'",492074686f756768742074686973206d6f766965207761732064656c6967687466756c2c20492061707072656369617465642069742e200a436f6e636c7573696f6e3a2054686973206d6f766965206973,492074686f756768742074686973206d6f7669652077617320647265616466756c2c20492064657370697365642069742e200a436f6e636c7573696f6e3a2054686973206d6f766965206973,9efbab5d640e17be02b3bcd63b8367e28a43aa5c5a24a016f1547c479b4b4dca,e0ee5336679f909be36921ee92b48600b73db036ae6bacd86aab833c48629507,"[50256, 40, 1807, 428, 3807, 373, 32327, 11, 314, 16373, 340, 13, 220, 198, 21481, 25, 770, 3807, 318]","[50256, 40, 1807, 428, 3807, 373, 35483, 11, 314, 44990, 340, 13, 220, 198, 21481, 25, 770, 3807, 318]",19,19,True,,,,
toy_train,17,toy-train-neg-008,toy-train-pos-009,0,1,"I thought this movie was dreadful, I despised it. 
Conclusion: This movie is","I thought this movie was excellent, I admired it. 
Conclusion: This movie is","'I thought this movie was dreadful, I despised it. \nConclusion: This movie is'","'I thought this movie was excellent, I admired it. \nConclusion: This movie is'",492074686f756768742074686973206d6f7669652077617320647265616466756c2c20492064657370697365642069742e200a436f6e636c7573696f6e3a2054686973206d6f766965206973,492074686f756768742074686973206d6f7669652077617320657863656c6c656e742c20492061646d697265642069742e200a436f6e636c7573696f6e3a2054686973206d6f766965206973,e0ee5336679f909be36921ee92b48600b73db036ae6bacd86aab833c48629507,bc5d8bcc510da95b52d2fd4c53c277c8375994d72b2d0cc55e1128f3b8806638,"[50256, 40, 1807, 428, 3807, 373, 35483, 11, 314, 44990, 340, 13, 220, 198, 21481, 25, 770, 3807, 318]","[50256, 40, 1807, 428, 3807, 373, 6275, 11, 314, 29382, 340, 13, 220, 198, 21481, 25, 770, 3807, 318]",19,19,True,,,,
toy_train,18,toy-train-pos-009,toy-train-neg-009,1,0,"I thought this movie was excellent, I admired it. 
Conclusion: This movie is","I thought this movie was dull, I hated it. 
Conclusion: This movie is","'I thought this movie was excellent, I admired it. \nConclusion: This movie is'","'I thought this movie was dull, I hated it. \nConclusion: This movie is'",492074686f756768742074686973206d6f7669652077617320657863656c6c656e742c20492061646d697265642069742e200a436f6e636c7573696f6e3a2054686973206d6f766965206973,492074686f756768742074686973206d6f766965207761732064756c6c2c20492068617465642069742e200a436f6e636c7573696f6e3a2054686973206d6f766965206973,bc5d8bcc510da95b52d2fd4c53c277c8375994d72b2d0cc55e1128f3b8806638,b0ef598eb86953f2dc90d78adaecd137b76903963ebdb7bdca3303c3fb9f4d52,"[50256, 40, 1807, 428, 3807, 373, 6275, 11, 314, 29382, 340, 13, 220, 198, 21481, 25, 770, 3807, 318]","[50256, 40, 1807, 428, 3807, 373, 19222, 11, 314, 16563, 340, 13, 220, 198, 21481, 25, 770, 3807, 318]",19,19,True,,,,
toy_train,19,toy-train-neg-009,toy-train-pos-010,0,1,"I thought this movie was dull, I hated it. 
Conclusion: This movie is","I thought this movie was exceptional, I enjoyed it. 
Conclusion: This movie is","'I thought this movie was dull, I hated it. \nConclusion: This movie is'","'I thought this movie was exceptional, I enjoyed it. \nConclusion: This movie is'",492074686f756768742074686973206d6f766965207761732064756c6c2c20492068617465642069742e200a436f6e636c7573696f6e3a2054686973206d6f766965206973,492074686f756768742074686973206d6f7669652077617320657863657074696f6e616c2c204920656e6a6f7965642069742e200a436f6e636c7573696f6e3a2054686973206d6f766965206973,b0ef598eb86953f2dc90d78adaecd137b76903963ebdb7bdca3303c3fb9f4d52,53217e1c5d5cf048fef14bd30e7a464d0dae2a6693d7aead36ae23887a644dde,"[50256, 40, 1807, 428, 3807, 373, 19222, 11, 314, 16563, 340, 13, 220, 198, 21481, 25, 770, 3807, 318]","[50256, 40, 1807, 428, 3807, 373, 15313, 11, 314, 8359, 340, 13, 220, 198, 21481, 25, 770, 3807, 318]",19,19,True,,,,
toy_train,20,toy-train-pos-010,toy-train-neg-010,1,0,"I thought this movie was exceptional, I enjoyed it. 
Conclusion: This movie is","I thought this movie was frustrating, I disliked it. 
Conclusion: This movie is","'I thought this movie was exceptional, I enjoyed it. \nConclusion: This movie is'","'I thought this movie was frustrating, I disliked it. \nConclusion: This movie is'",492074686f756768742074686973206d6f7669652077617320657863657074696f6e616c2c204920656e6a6f7965642069742e200a436f6e636c7573696f6e3a2054686973206d6f766965206973,492074686f756768742074686973206d6f76696520776173206672757374726174696e672c2049206469736c696b65642069742e200a436f6e636c7573696f6e3a2054686973206d6f766965206973,53217e1c5d5cf048fef14bd30e7a464d0dae2a6693d7aead36ae23887a644dde,864f009e24dd43f1d7d30e01f8cc0c1fcedcb785aba410836f1d343328092a64,"[50256, 40, 1807, 428, 3807, 373, 15313, 11, 314, 8359, 340, 13, 220, 198, 21481, 25, 770, 3807, 318]","[50256, 40, 1807, 428, 3807, 373, 16655, 11, 314, 43252, 340, 13, 220, 198, 21481, 25, 770, 3807, 318]",19,19,True,,,,
toy_train,21,toy-train-neg-010,toy-train-pos-011,0,1,"I thought this movie was frustrating, I disliked it. 
Conclusion: This movie is","I thought this movie was fabulous, I loved it. 
Conclusion: This movie is","'I thought this movie was frustrating, I disliked it. \nConclusion: This movie is'","'I thought this movie was fabulous, I loved it. \nConclusion: This movie is'",492074686f756768742074686973206d6f76696520776173206672757374726174696e672c2049206469736c696b65642069742e200a436f6e636c7573696f6e3a2054686973206d6f766965206973,492074686f756768742074686973206d6f7669652077617320666162756c6f75732c2049206c6f7665642069742e200a436f6e636c7573696f6e3a2054686973206d6f766965206973,864f009e24dd43f1d7d30e01f8cc0c1fcedcb785aba410836f1d343328092a64,6408008dbe93b0e098b1a12aeeb9b596cebe260c980a9c705d33b0617dd2f37c,"[50256, 40, 1807, 428, 3807, 373, 16655, 11, 314, 43252, 340, 13, 220, 198, 21481, 25, 770, 3807, 318]","[50256, 40, 1807, 428, 3807, 373, 28294, 11, 314, 6151, 340, 13, 220, 198, 21481, 25, 770, 3807, 318]",19,19,True,,,,
toy_train,22,toy-train-pos-011,toy-train-neg-011,1,0,"I thought this movie was fabulous, I loved it. 
Conclusion: This movie is","I thought this movie was horrific, I despised it. 
Conclusion: This movie is","'I thought this movie was fabulous, I loved it. \nConclusion: This movie is'","'I thought this movie was horrific, I despised it. \nConclusion: This movie is'",492074686f756768742074686973206d6f7669652077617320666162756c6f75732c2049206c6f7665642069742e200a436f6e636c7573696f6e3a2054686973206d6f766965206973,492074686f756768742074686973206d6f7669652077617320686f7272696669632c20492064657370697365642069742e200a436f6e636c7573696f6e3a2054686973206d6f766965206973,6408008dbe93b0e098b1a12aeeb9b596cebe260c980a9c705d33b0617dd2f37c,b51944fbc41c7022f6d9f66b2555da38dafe81fe665c0c3cdb889f5dacce11c3,"[50256, 40, 1807, 428, 3807, 373, 28294, 11, 314, 6151, 340, 13, 220, 198, 21481, 25, 770, 3807, 318]","[50256, 40, 1807, 428, 3807, 373, 19447, 11, 314, 44990, 340, 13, 220, 198, 21481, 25, 770, 3807, 318]",19,19,True,,,,
toy_train,23,toy-train-neg-011,toy-train-pos-012,0,1,"I thought this movie was horrific, I despised it. 
Conclusion: This movie is","I thought this movie was fantastic, I liked it. 
Conclusion: This movie is","'I thought this movie was horrific, I despised it. \nConclusion: This movie is'","'I thought this movie was fantastic, I liked it. \nConclusion: This movie is'",492074686f756768742074686973206d6f7669652077617320686f7272696669632c20492064657370697365642069742e200a436f6e636c7573696f6e3a2054686973206d6f766965206973,492074686f756768742074686973206d6f766965207761732066616e7461737469632c2049206c696b65642069742e200a436f6e636c7573696f6e3a2054686973206d6f766965206973,b51944fbc41c7022f6d9f66b2555da38dafe81fe665c0c3cdb889f5dacce11c3,d3ca5c15a227be5110b4605ee1ee1628f4615c77c9b2ef9d6530a039650c7492,"[50256, 40, 1807, 428, 3807, 373, 19447, 11, 314, 44990, 340, 13, 220, 198, 21481, 25, 770, 3807, 318]","[50256, 40, 1807, 428, 3807, 373, 9623, 11, 314, 8288, 340, 13, 220, 198, 21481, 25, 770, 3807, 318]",19,19,True,,,,
toy_train,24,toy-train-pos-012,toy-train-neg-012,1,0,"I thought this movie was fantastic, I liked it. 
Conclusion: This movie is","I thought this movie was horrible, I hated it. 
Conclusion: This movie is","'I thought this movie was fantastic, I liked it. \nConclusion: This movie is'","'I thought this movie was horrible, I hated it. \nConclusion: This movie is'",492074686f756768742074686973206d6f766965207761732066616e7461737469632c2049206c696b65642069742e200a436f6e636c7573696f6e3a2054686973206d6f766965206973,492074686f756768742074686973206d6f7669652077617320686f727269626c652c20492068617465642069742e200a436f6e636c7573696f6e3a2054686973206d6f766965206973,d3ca5c15a227be5110b4605ee1ee1628f4615c77c9b2ef9d6530a039650c7492,4806ddad7ff95949a593044f618ccd0495dedfa79c09125bd4fc4e31d928f42a,"[50256, 40, 1807, 428, 3807, 373, 9623, 11, 314, 8288, 340, 13, 220, 198, 21481, 25, 770, 3807, 318]","[50256, 40, 1807, 428, 3807, 373, 12361, 11, 314, 16563, 340, 13, 220, 198, 21481, 25, 770, 3807, 318]",19,19,True,,,,
toy_train,25,toy-train-neg-012,toy-train-pos-013,0,1,"I thought this movie was horrible, I hated it. 
Conclusion: This movie is","I thought this movie was good, I appreciated it. 
Conclusion: This movie is","'I thought this movie was horrible, I hated it. \nConclusion: This movie is'","'I thought this movie was good, I appreciated it. \nConclusion: This movie is'",492074686f756768742074686973206d6f7669652077617320686f727269626c652c20492068617465642069742e200a436f6e636c7573696f6e3a2054686973206d6f766965206973,492074686f756768742074686973206d6f7669652077617320676f6f642c20492061707072656369617465642069742e200a436f6e636c7573696f6e3a2054686973206d6f766965206973,4806ddad7ff95949a593044f618ccd0495dedfa79c09125bd4fc4e31d928f42a,0d05777d857d640a0f65014d82166c2b6345a86e771d8fbbae19cfcf896d7487,"[50256, 40, 1807, 428, 3807, 373, 12361, 11, 314, 16563, 340, 13, 220, 198, 21481, 25, 770, 3807, 318]","[50256, 40, 1807, 428, 3807, 373, 922, 11, 314, 16373, 340, 13, 220, 198, 21481, 25, 770, 3807, 318]",19,19,True,,,,
toy_train,26,toy-train-pos-013,toy-train-neg-013,1,0,"I thought this movie was good, I appreciated it. 
Conclusion: This movie is","I thought this movie was inadequate, I disliked it. 
Conclusion: This movie is","'I thought this movie was good, I appreciated it. \nConclusion: This movie is'","'I thought this movie was inadequate, I disliked it. \nConclusion: This movie is'",492074686f756768742074686973206d6f7669652077617320676f6f642c20492061707072656369617465642069742e200a436f6e636c7573696f6e3a2054686973206d6f766965206973,492074686f756768742074686973206d6f7669652077617320696e61646571756174652c2049206469736c696b65642069742e200a436f6e636c7573696f6e3a2054686973206d6f766965206973,0d05777d857d640a0f65014d82166c2b6345a86e771d8fbbae19cfcf896d7487,6bdd4a380c865ed34f6c16d02b3c16b49f6e8f46d4bc4a4374f4808e88666b45,"[50256, 40, 1807, 428, 3807, 373, 922, 11, 314, 16373, 340, 13, 220, 198, 21481, 25, 770, 3807, 318]","[50256, 40, 1807, 428, 3807, 373, 20577, 11, 314, 43252, 340, 13, 220, 198, 21481, 25, 770, 3807, 318]",19,19,True,,,,
toy_train,27,toy-train-neg-013,toy-train-pos-014,0,1,"I thought this movie was inadequate, I disliked it. 
Conclusion: This movie is","I thought this movie was great, I admired it. 
Conclusion: This movie is","'I thought this movie was inadequate, I disliked it. \nConclusion: This movie is'","'I thought this movie was great, I admired it. \nConclusion: This movie is'",492074686f756768742074686973206d6f7669652077617320696e61646571756174652c2049206469736c696b65642069742e200a436f6e636c7573696f6e3a2054686973206d6f766965206973,492074686f756768742074686973206d6f766965207761732067726561742c20492061646d697265642069742e200a436f6e636c7573696f6e3a2054686973206d6f766965206973,6bdd4a380c865ed34f6c16d02b3c16b49f6e8f46d4bc4a4374f4808e88666b45,6aec5dd165ab2e67ee210ec72e3866bbc4498bb91bf94217a8cb869ca533d156,"[50256, 40, 1807, 428, 3807, 373, 20577, 11, 314, 43252, 340, 13, 220, 198, 21481, 25, 770, 3807, 318]","[50256, 40, 1807, 428, 3807, 373, 1049, 11, 314, 29382, 340, 13, 220, 198, 21481, 25, 770, 3807, 318]",19,19,True,,,,
toy_train,28,toy-train-pos-014,toy-train-neg-014,1,0,"I thought this movie was great, I admired it. 
Conclusion: This movie is","I thought this movie was inferior, I despised it. 
Conclusion: This movie is","'I thought this movie was great, I admired it. \nConclusion: This movie is'","'I thought this movie was inferior, I despised it. \nConclusion: This movie is'",492074686f756768742074686973206d6f766965207761732067726561742c20492061646d697265642069742e200a436f6e636c7573696f6e3a2054686973206d6f766965206973,492074686f756768742074686973206d6f7669652077617320696e666572696f722c20492064657370697365642069742e200a436f6e636c7573696f6e3a2054686973206d6f766965206973,6aec5dd165ab2e67ee210ec72e3866bbc4498bb91bf94217a8cb869ca533d156,5c0ecb319c3f2b9bc34a2d91bd652af943da2fe3118f8438ebd9e8bc26b65d85,"[50256, 40, 1807, 428, 3807, 373, 1049, 11, 314, 29382, 340, 13, 220, 198, 21481, 25, 770, 3807, 318]","[50256, 40, 1807, 428, 3807, 373, 18536, 11, 314, 44990, 340, 13, 220, 198, 21481, 25, 770, 3807, 318]",19,19,True,,,,
toy_train,29,toy-train-neg-014,toy-train-pos-015,0,1,"I thought this movie was inferior, I despised it. 
Conclusion: This movie is","I thought this movie was incredible, I enjoyed it. 
Conclusion: This movie is","'I thought this movie was inferior, I despised it. \nConclusion: This movie is'","'I thought this movie was incredible, I enjoyed it. \nConclusion: This movie is'",492074686f756768742074686973206d6f7669652077617320696e666572696f722c20492064657370697365642069742e200a436f6e636c7573696f6e3a2054686973206d6f766965206973,492074686f756768742074686973206d6f7669652077617320696e6372656469626c652c204920656e6a6f7965642069742e200a436f6e636c7573696f6e3a2054686973206d6f766965206973,5c0ecb319c3f2b9bc34a2d91bd652af943da2fe3118f8438ebd9e8bc26b65d85,d1b71ec5b317875b6b5460bffba8f106db42a5067f8fb30620a2164f8fda3f76,"[50256, 40, 1807, 428, 3807, 373, 18536, 11, 314, 44990, 340, 13, 220, 198, 21481, 25, 770, 3807, 318]","[50256, 40, 1807, 428, 3807, 373, 8082, 11, 314, 8359, 340, 13, 220, 198, 21481, 25, 770, 3807, 318]",19,19,True,,,,
toy_train,30,toy-train-pos-015,toy-train-neg-015,1,0,"I thought this movie was incredible, I enjoyed it. 
Conclusion: This movie is","I thought this movie was miserable, I hated it. 
Conclusion: This movie is","'I thought this movie was incredible, I enjoyed it. \nConclusion: This movie is'","'I thought this movie was miserable, I hated it. \nConclusion: This movie is'",492074686f756768742074686973206d6f7669652077617320696e6372656469626c652c204920656e6a6f7965642069742e200a436f6e636c7573696f6e3a2054686973206d6f766965206973,492074686f756768742074686973206d6f76696520776173206d6973657261626c652c20492068617465642069742e200a436f6e636c7573696f6e3a2054686973206d6f766965206973,d1b71ec5b317875b6b5460bffba8f106db42a5067f8fb30620a2164f8fda3f76,cc32319c30c09d767eedb518b6e062a19749ac48d72520fd526c576d082b1b53,"[50256, 40, 1807, 428, 3807, 373, 8082, 11, 314, 8359, 340, 13, 220, 198, 21481, 25, 770, 3807, 318]","[50256, 40, 1807, 428, 3807, 373, 22444, 11, 314, 16563, 340, 13, 220, 198, 21481, 25, 770, 3807, 318]",19,19,True,,,,
toy_train,31,toy-train-neg-015,toy-train-pos-016,0,1,"I thought this movie was miserable, I hated it. 
Conclusion: This movie is","I thought this movie was extraordinary, I loved it. 
Conclusion: This movie is","'I thought this movie was miserable, I hated it. \nConclusion: This movie is'","'I thought this movie was extraordinary, I loved it. \nConclusion: This movie is'",492074686f756768742074686973206d6f76696520776173206d6973657261626c652c20492068617465642069742e200a436f6e636c7573696f6e3a2054686973206d6f766965206973,492074686f756768742074686973206d6f766965207761732065787472616f7264696e6172792c2049206c6f7665642069742e200a436f6e636c7573696f6e3a2054686973206d6f766965206973,cc32319c30c09d767eedb518b6e062a19749ac48d72520fd526c576d082b1b53,21d6a35a8b3ae9b471baee61717750321586111cd8af1099361ea2158c390afe,"[50256, 40, 1807, 428, 3807, 373, 22444, 11, 314, 16563, 340, 13, 220, 198, 21481, 25, 770, 3807, 318]","[50256, 40, 1807, 428, 3807, 373, 11359, 11, 314, 6151, 340, 13, 220, 198, 21481, 25, 770, 3807, 318]",19,19,True,,,,
toy_train,32,toy-train-pos-016,toy-train-neg-016,1,0,"I thought this movie was extraordinary, I loved it. 
Conclusion: This movie is","I thought this movie was nasty, I disliked it. 
Conclusion: This movie is","'I thought this movie was extraordinary, I loved it. \nConclusion: This movie is'","'I thought this movie was nasty, I disliked it. \nConclusion: This movie is'",492074686f756768742074686973206d6f766965207761732065787472616f7264696e6172792c2049206c6f7665642069742e200a436f6e636c7573696f6e3a2054686973206d6f766965206973,492074686f756768742074686973206d6f76696520776173206e617374792c2049206469736c696b65642069742e200a436f6e636c7573696f6e3a2054686973206d6f766965206973,21d6a35a8b3ae9b471baee61717750321586111cd8af1099361ea2158c390afe,ed33b909f1969b31eb5c1a22eea46b0c96faaad4ba918031744443fc89048559,"[50256, 40, 1807, 428, 3807, 373, 11359, 11, 314, 6151, 340, 13, 220, 198, 21481, 25, 770, 3807, 318]","[50256, 40, 1807, 428, 3807, 373, 17166, 11, 314, 43252, 340, 13, 220, 198, 21481, 25, 770, 3807, 318]",19,19,True,,,,
toy_train,33,toy-train-neg-016,toy-train-pos-017,0,1,"I thought this movie was nasty, I disliked it. 
Conclusion: This movie is","I thought this movie was lovely, I liked it. 
Conclusion: This movie is","'I thought this movie was nasty, I disliked it. \nConclusion: This movie is'","'I thought this movie was lovely, I liked it. \nConclusion: This movie is'",492074686f756768742074686973206d6f76696520776173206e617374792c2049206469736c696b65642069742e200a436f6e636c7573696f6e3a2054686973206d6f766965206973,492074686f756768742074686973206d6f76696520776173206c6f76656c792c2049206c696b65642069742e200a436f6e636c7573696f6e3a2054686973206d6f766965206973,ed33b909f1969b31eb5c1a22eea46b0c96faaad4ba918031744443fc89048559,14278874eefcf0fd4387bec67011a0a5ab79a8d542ffebcc9a01df93c46b8ae9,"[50256, 40, 1807, 428, 3807, 373, 17166, 11, 314, 43252, 340, 13, 220, 198, 21481, 25, 770, 3807, 318]","[50256, 40, 1807, 428, 3807, 373, 14081, 11, 314, 8288, 340, 13, 220, 198, 21481, 25, 770, 3807, 318]",19,19,True,,,,
toy_train,34,toy-train-pos-017,toy-train-neg-017,1,0,"I thought this movie was lovely, I liked it. 
Conclusion: This movie is","I thought this movie was offensive, I despised it. 
Conclusion: This movie is","'I thought this movie was lovely, I liked it. \nConclusion: This movie is'","'I thought this movie was offensive, I despised it. \nConclusion: This movie is'",492074686f756768742074686973206d6f76696520776173206c6f76656c792c2049206c696b65642069742e200a436f6e636c7573696f6e3a2054686973206d6f766965206973,492074686f756768742074686973206d6f76696520776173206f6666656e736976652c20492064657370697365642069742e200a436f6e636c7573696f6e3a2054686973206d6f766965206973,14278874eefcf0fd4387bec67011a0a5ab79a8d542ffebcc9a01df93c46b8ae9,49a5ee2eade3bee51b7089ff11c5d1c2da609ed5b87f41c205b6269539ade64e,"[50256, 40, 1807, 428, 3807, 373, 14081, 11, 314, 8288, 340, 13, 220, 198, 21481, 25, 770, 3807, 318]","[50256, 40, 1807, 428, 3807, 373, 5859, 11, 314, 44990, 340, 13, 220, 198, 21481, 25, 770, 3807, 318]",19,19,True,,,,
toy_train,35,toy-train-neg-017,toy-train-pos-018,0,1,"I thought this movie was offensive, I despised it. 
Conclusion: This movie is","I thought this movie was nice, I appreciated it. 
Conclusion: This movie is","'I thought this movie was offensive, I despised it. \nConclusion: This movie is'","'I thought this movie was nice, I appreciated it. \nConclusion: This movie is'",492074686f756768742074686973206d6f76696520776173206f6666656e736976652c20492064657370697365642069742e200a436f6e636c7573696f6e3a2054686973206d6f766965206973,492074686f756768742074686973206d6f76696520776173206e6963652c20492061707072656369617465642069742e200a436f6e636c7573696f6e3a2054686973206d6f766965206973,49a5ee2eade3bee51b7089ff11c5d1c2da609ed5b87f41c205b6269539ade64e,b76165a76b5c037988c846b09beb396a7f20ad6082bc8ac87dbc95312ac4838c,"[50256, 40, 1807, 428, 3807, 373, 5859, 11, 314, 44990, 340, 13, 220, 198, 21481, 25, 770, 3807, 318]","[50256, 40, 1807, 428, 3807, 373, 3621, 11, 314, 16373, 340, 13, 220, 198, 21481, 25, 770, 3807, 318]",19,19,True,,,,
toy_train,36,toy-train-pos-018,toy-train-neg-018,1,0,"I thought this movie was nice, I appreciated it. 
Conclusion: This movie is","I thought this movie was disappointing, I hated it. 
Conclusion: This movie is","'I thought this movie was nice, I appreciated it. \nConclusion: This movie is'","'I thought this movie was disappointing, I hated it. \nConclusion: This movie is'",492074686f756768742074686973206d6f76696520776173206e6963652c20492061707072656369617465642069742e200a436f6e636c7573696f6e3a2054686973206d6f766965206973,492074686f756768742074686973206d6f76696520776173206469736170706f696e74696e672c20492068617465642069742e200a436f6e636c7573696f6e3a2054686973206d6f766965206973,b76165a76b5c037988c846b09beb396a7f20ad6082bc8ac87dbc95312ac4838c,d98f763e771e6a936f98ccf298eb346222d11992ecf28bfdb647875a4a06976c,"[50256, 40, 1807, 428, 3807, 373, 3621, 11, 314, 16373, 340, 13, 220, 198, 21481, 25, 770, 3807, 318]","[50256, 40, 1807, 428, 3807, 373, 17185, 11, 314, 16563, 340, 13, 220, 198, 21481, 25, 770, 3807, 318]",19,19,True,,,,
toy_train,37,toy-train-neg-018,toy-train-pos-019,0,1,"I thought this movie was disappointing, I hated it. 
Conclusion: This movie is","I thought this movie was outstanding, I admired it. 
Conclusion: This movie is","'I thought this movie was disappointing, I hated it. \nConclusion: This movie is'","'I thought this movie was outstanding, I admired it. \nConclusion: This movie is'",492074686f756768742074686973206d6f76696520776173206469736170706f696e74696e672c20492068617465642069742e200a436f6e636c7573696f6e3a2054686973206d6f766965206973,492074686f756768742074686973206d6f76696520776173206f75747374616e64696e672c20492061646d697265642069742e200a436f6e636c7573696f6e3a2054686973206d6f766965206973,d98f763e771e6a936f98ccf298eb346222d11992ecf28bfdb647875a4a06976c,3c6b5952b3f4a8d3f9aed49b660ff25fb53c98a5f0653fc3a5852f07a37f1dce,"[50256, 40, 1807, 428, 3807, 373, 17185, 11, 314, 16563, 340, 13, 220, 198, 21481, 25, 770, 3807, 318]","[50256, 40, 1807, 428, 3807, 373, 11660, 11, 314, 29382, 340, 13, 220, 198, 21481, 25, 770, 3807, 318]",19,19,True,,,,
toy_train,38,toy-train-pos-019,toy-train-neg-019,1,0,"I thought this movie was outstanding, I admired it. 
Conclusion: This movie is","I thought this movie was terrible, I disliked it. 
Conclusion: This movie is","'I thought this movie was outstanding, I admired it. \nConclusion: This movie is'","'I thought this movie was terrible, I disliked it. \nConclusion: This movie is'",492074686f756768742074686973206d6f76696520776173206f75747374616e64696e672c20492061646d697265642069742e200a436f6e636c7573696f6e3a2054686973206d6f766965206973,492074686f756768742074686973206d6f76696520776173207465727269626c652c2049206469736c696b65642069742e200a436f6e636c7573696f6e3a2054686973206d6f766965206973,3c6b5952b3f4a8d3f9aed49b660ff25fb53c98a5f0653fc3a5852f07a37f1dce,36f2e14023809a641a33164cdaa5ba4c3c5f3b94b92ad25215bcf97aa362d6e1,"[50256, 40, 1807, 428, 3807, 373, 11660, 11, 314, 29382, 340, 13, 220, 198, 21481, 25, 770, 3807, 318]","[50256, 40, 1807, 428, 3807, 373, 7818, 11, 314, 43252, 340, 13, 220, 198, 21481, 25, 770, 3807, 318]",19,19,True,,,,
toy_train,39,toy-train-neg-019,toy-train-pos-020,0,1,"I thought this movie was terrible, I disliked it. 
Conclusion: This movie is","I thought this movie was perfect, I enjoyed it. 
Conclusion: This movie is","'I thought this movie was terrible, I disliked it. \nConclusion: This movie is'","'I thought this movie was perfect, I enjoyed it. \nConclusion: This movie is'",492074686f756768742074686973206d6f76696520776173207465727269626c652c2049206469736c696b65642069742e200a436f6e636c7573696f6e3a2054686973206d6f766965206973,492074686f756768742074686973206d6f7669652077617320706572666563742c204920656e6a6f7965642069742e200a436f6e636c7573696f6e3a2054686973206d6f766965206973,36f2e14023809a641a33164cdaa5ba4c3c5f3b94b92ad25215bcf97aa362d6e1,e92c630682ac6b57773148bd30d7baeb9bf4387dd1e8d798d0011379a6739fc6,"[50256, 40, 1807, 428, 3807, 373, 7818, 11, 314, 43252, 340, 13, 220, 198, 21481, 25, 770, 3807, 318]","[50256, 40, 1807, 428, 3807, 373, 2818, 11, 314, 8359, 340, 13, 220, 198, 21481, 25, 770, 3807, 318]",19,19,True,,,,
toy_train,40,toy-train-pos-020,toy-train-neg-020,1,0,"I thought this movie was perfect, I enjoyed it. 
Conclusion: This movie is","I thought this movie was tragic, I despised it. 
Conclusion: This movie is","'I thought this movie was perfect, I enjoyed it. \nConclusion: This movie is'","'I thought this movie was tragic, I despised it. \nConclusion: This movie is'",492074686f756768742074686973206d6f7669652077617320706572666563742c204920656e6a6f7965642069742e200a436f6e636c7573696f6e3a2054686973206d6f766965206973,492074686f756768742074686973206d6f76696520776173207472616769632c20492064657370697365642069742e200a436f6e636c7573696f6e3a2054686973206d6f766965206973,e92c630682ac6b57773148bd30d7baeb9bf4387dd1e8d798d0011379a6739fc6,0ef589dab72ba9820ce3d731bf38b864371cd9383c0ff005ba96e01c4537203b,"[50256, 40, 1807, 428, 3807, 373, 2818, 11, 314, 8359, 340, 13, 220, 198, 21481, 25, 770, 3807, 318]","[50256, 40, 1807, 428, 3807, 373, 15444, 11, 314, 44990, 340, 13, 220, 198, 21481, 25, 770, 3807, 318]",19,19,True,,,,
toy_train,41,toy-train-neg-020,toy-train-pos-021,0,1,"I thought this movie was tragic, I despised it. 
Conclusion: This movie is","I thought this movie was pleasant, I loved it. 
Conclusion: This movie is","'I thought this movie was tragic, I despised it. \nConclusion: This movie is'","'I thought this movie was pleasant, I loved it. \nConclusion: This movie is'",492074686f756768742074686973206d6f76696520776173207472616769632c20492064657370697365642069742e200a436f6e636c7573696f6e3a2054686973206d6f766965206973,492074686f756768742074686973206d6f7669652077617320706c656173616e742c2049206c6f7665642069742e200a436f6e636c7573696f6e3a2054686973206d6f766965206973,0ef589dab72ba9820ce3d731bf38b864371cd9383c0ff005ba96e01c4537203b,ea10f41e3b29da9d4e2556336a3b827e0a3c88767b4d2faa36a9871b15d244ed,"[50256, 40, 1807, 428, 3807, 373, 15444, 11, 314, 44990, 340, 13, 220, 198, 21481, 25, 770, 3807, 318]","[50256, 40, 1807, 428, 3807, 373, 15497, 11, 314, 6151, 340, 13, 220, 198, 21481, 25, 770, 3807, 318]",19,19,True,,,,
toy_train,42,toy-train-pos-021,toy-train-neg-021,1,0,"I thought this movie was pleasant, I loved it. 
Conclusion: This movie is","I thought this movie was ugly, I hated it. 
Conclusion: This movie is","'I thought this movie was pleasant, I loved it. \nConclusion: This movie is'","'I thought this movie was ugly, I hated it. \nConclusion: This movie is'",492074686f756768742074686973206d6f7669652077617320706c656173616e742c2049206c6f7665642069742e200a436f6e636c7573696f6e3a2054686973206d6f766965206973,492074686f756768742074686973206d6f766965207761732075676c792c20492068617465642069742e200a436f6e636c7573696f6e3a2054686973206d6f766965206973,ea10f41e3b29da9d4e2556336a3b827e0a3c88767b4d2faa36a9871b15d244ed,36c72de4e5a35d11bbae802ddeda1d25ca546476943bac465557c5e46ddc89a0,"[50256, 40, 1807, 428, 3807, 373, 15497, 11, 314, 6151, 340, 13, 220, 198, 21481, 25, 770, 3807, 318]","[50256, 40, 1807, 428, 3807, 373, 13400, 11, 314, 16563, 340, 13, 220, 198, 21481, 25, 770, 3807, 318]",19,19,True,,,,
toy_train,43,toy-train-neg-021,toy-train-pos-022,0,1,"I thought this movie was ugly, I hated it. 
Conclusion: This movie is","I thought this movie was positive, I liked it. 
Conclusion: This movie is","'I thought this movie was ugly, I hated it. \nConclusion: This movie is'","'I thought this movie was positive, I liked it. \nConclusion: This movie is'",492074686f756768742074686973206d6f766965207761732075676c792c20492068617465642069742e200a436f6e636c7573696f6e3a2054686973206d6f766965206973,492074686f756768742074686973206d6f7669652077617320706f7369746976652c2049206c696b65642069742e200a436f6e636c7573696f6e3a2054686973206d6f766965206973,36c72de4e5a35d11bbae802ddeda1d25ca546476943bac465557c5e46ddc89a0,b4e0cd326ee49949fe1cbf9b29fe911b84b7d840b3489615446135b45ee155f6,"[50256, 40, 1807, 428, 3807, 373, 13400, 11, 314, 16563, 340, 13, 220, 198, 21481, 25, 770, 3807, 318]","[50256, 40, 1807, 428, 3807, 373, 3967, 11, 314, 8288, 340, 13, 220, 198, 21481, 25, 770, 3807, 318]",19,19,True,,,,
toy_train,44,toy-train-pos-022,toy-train-neg-022,1,0,"I thought this movie was positive, I liked it. 
Conclusion: This movie is","I thought this movie was unpleasant, I disliked it. 
Conclusion: This movie is","'I thought this movie was positive, I liked it. \nConclusion: This movie is'","'I thought this movie was unpleasant, I disliked it. \nConclusion: This movie is'",492074686f756768742074686973206d6f7669652077617320706f7369746976652c2049206c696b65642069742e200a436f6e636c7573696f6e3a2054686973206d6f766965206973,492074686f756768742074686973206d6f7669652077617320756e706c656173616e742c2049206469736c696b65642069742e200a436f6e636c7573696f6e3a2054686973206d6f766965206973,b4e0cd326ee49949fe1cbf9b29fe911b84b7d840b3489615446135b45ee155f6,81c254c2ee2f84ff5c90af9b7f28b8d0a0b18dab499e674631ddbce37c248de4,"[50256, 40, 1807, 428, 3807, 373, 3967, 11, 314, 8288, 340, 13, 220, 198, 21481, 25, 770, 3807, 318]","[50256, 40, 1807, 428, 3807, 373, 22029, 11, 314, 43252, 340, 13, 220, 198, 21481, 25, 770, 3807, 318]",19,19,True,,,,
toy_train,45,toy-train-neg-022,toy-train-pos-023,0,1,"I thought this movie was unpleasant, I disliked it. 
Conclusion: This movie is","I thought this movie was remarkable, I appreciated it. 
Conclusion: This movie is","'I thought this movie was unpleasant, I disliked it. \nConclusion: This movie is'","'I thought this movie was remarkable, I appreciated it. \nConclusion: This movie is'",492074686f756768742074686973206d6f7669652077617320756e706c656173616e742c2049206469736c696b65642069742e200a436f6e636c7573696f6e3a2054686973206d6f766965206973,492074686f756768742074686973206d6f766965207761732072656d61726b61626c652c20492061707072656369617465642069742e200a436f6e636c7573696f6e3a2054686973206d6f766965206973,81c254c2ee2f84ff5c90af9b7f28b8d0a0b18dab499e674631ddbce37c248de4,80613f63d3731abbf8a1117d34231d07237aa951b2b1a3e693fbc5a3f830507b,"[50256, 40, 1807, 428, 3807, 373, 22029, 11, 314, 43252, 340, 13, 220, 198, 21481, 25, 770, 3807, 318]","[50256, 40, 1807, 428, 3807, 373, 11004, 11, 314, 16373, 340, 13, 220, 198, 21481, 25, 770, 3807, 318]",19,19,True,,,,
toy_train,46,toy-train-pos-023,toy-train-neg-023,1,0,"I thought this movie was remarkable, I appreciated it. 
Conclusion: This movie is","I thought this movie was wretched, I despised it. 
Conclusion: This movie is","'I thought this movie was remarkable, I appreciated it. \nConclusion: This movie is'","'I thought this movie was wretched, I despised it. \nConclusion: This movie is'",492074686f756768742074686973206d6f766965207761732072656d61726b61626c652c20492061707072656369617465642069742e200a436f6e636c7573696f6e3a2054686973206d6f766965206973,492074686f756768742074686973206d6f766965207761732077726574636865642c20492064657370697365642069742e200a436f6e636c7573696f6e3a2054686973206d6f766965206973,80613f63d3731abbf8a1117d34231d07237aa951b2b1a3e693fbc5a3f830507b,74ccdfab4e485ad01285ad28efca5afbb9ba2286cd78854f9559259d36877173,"[50256, 40, 1807, 428, 3807, 373, 11004, 11, 314, 16373, 340, 13, 220, 198, 21481, 25, 770, 3807, 318]","[50256, 40, 1807, 428, 3807, 373, 41857, 11, 314, 44990, 340, 13, 220, 198, 21481, 25, 770, 3807, 318]",19,19,True,,,,
toy_train,47,toy-train-neg-023,toy-train-pos-000,0,1,"I thought this movie was wretched, I despised it. 
Conclusion: This movie is","I thought this movie was adequate, I enjoyed it. 
Conclusion: This movie is","'I thought this movie was wretched, I despised it. \nConclusion: This movie is'","'I thought this movie was adequate, I enjoyed it. \nConclusion: This movie is'",492074686f756768742074686973206d6f766965207761732077726574636865642c20492064657370697365642069742e200a436f6e636c7573696f6e3a2054686973206d6f766965206973,492074686f756768742074686973206d6f766965207761732061646571756174652c204920656e6a6f7965642069742e200a436f6e636c7573696f6e3a2054686973206d6f766965206973,74ccdfab4e485ad01285ad28efca5afbb9ba2286cd78854f9559259d36877173,777f8c5e413237085c99ea450a6c9ea268e90d1ae718cecf42d006bdb8615e95,"[50256, 40, 1807, 428, 3807, 373, 41857, 11, 314, 44990, 340, 13, 220, 198, 21481, 25, 770, 3807, 318]","[50256, 40, 1807, 428, 3807, 373, 12872, 11, 314, 8359, 340, 13, 220, 198, 21481, 25, 770, 3807, 318]",19,19,True,,,,
toy_test,0,toy-test-pos-000,toy-test-neg-000,1,0,"I thought this movie was admirable, I enjoyed it. 
Conclusion: This movie is","I thought this movie was ancient, I hated it. 
Conclusion: This movie is","'I thought this movie was admirable, I enjoyed it. \nConclusion: This movie is'","'I thought this movie was ancient, I hated it. \nConclusion: This movie is'",492074686f756768742074686973206d6f766965207761732061646d697261626c652c204920656e6a6f7965642069742e200a436f6e636c7573696f6e3a2054686973206d6f766965206973,492074686f756768742074686973206d6f7669652077617320616e6369656e742c20492068617465642069742e200a436f6e636c7573696f6e3a2054686973206d6f766965206973,6dd301e88a560cc5b42ca367d5d3474a42285eb81e0fbe3fa3dfaae730729ca6,7f3afdc4b04e615047f7c7986b1776f027a4ed71297b57376fe08090a6246695,"[50256, 40, 1807, 428, 3807, 373, 37959, 11, 314, 8359, 340, 13, 220, 198, 21481, 25, 770, 3807, 318]","[50256, 40, 1807, 428, 3807, 373, 6156, 11, 314, 16563, 340, 13, 220, 198, 21481, 25, 770, 3807, 318]",19,19,True,,,,
toy_test,1,toy-test-neg-000,toy-test-pos-001,0,1,"I thought this movie was ancient, I hated it. 
Conclusion: This movie is","I thought this movie was glorious, I loved it. 
Conclusion: This movie is","'I thought this movie was ancient, I hated it. \nConclusion: This movie is'","'I thought this movie was glorious, I loved it. \nConclusion: This movie is'",492074686f756768742074686973206d6f7669652077617320616e6369656e742c20492068617465642069742e200a436f6e636c7573696f6e3a2054686973206d6f766965206973,492074686f756768742074686973206d6f7669652077617320676c6f72696f75732c2049206c6f7665642069742e200a436f6e636c7573696f6e3a2054686973206d6f766965206973,7f3afdc4b04e615047f7c7986b1776f027a4ed71297b57376fe08090a6246695,f4a330a65184f63b876fdab5e95cc520cf73d22b6773fe995ddab0a0830e22dd,"[50256, 40, 1807, 428, 3807, 373, 6156, 11, 314, 16563, 340, 13, 220, 198, 21481, 25, 770, 3807, 318]","[50256, 40, 1807, 428, 3807, 373, 21140, 11, 314, 6151, 340, 13, 220, 198, 21481, 25, 770, 3807, 318]",19,19,True,,,,
toy_test,2,toy-test-pos-001,toy-test-neg-001,1,0,"I thought this movie was glorious, I loved it. 
Conclusion: This movie is","I thought this movie was appalling, I disliked it. 
Conclusion: This movie is","'I thought this movie was glorious, I loved it. \nConclusion: This movie is'","'I thought this movie was appalling, I disliked it. \nConclusion: This movie is'",492074686f756768742074686973206d6f7669652077617320676c6f72696f75732c2049206c6f7665642069742e200a436f6e636c7573696f6e3a2054686973206d6f766965206973,492074686f756768742074686973206d6f7669652077617320617070616c6c696e672c2049206469736c696b65642069742e200a436f6e636c7573696f6e3a2054686973206d6f766965206973,f4a330a65184f63b876fdab5e95cc520cf73d22b6773fe995ddab0a0830e22dd,8f446f5f0e238a2c17577f1c384288753c3ce50896ce86094788a0ede515ed42,"[50256, 40, 1807, 428, 3807, 373, 21140, 11, 314, 6151, 340, 13, 220, 198, 21481, 25, 770, 3807, 318]","[50256, 40, 1807, 428, 3807, 373, 34130, 11, 314, 43252, 340, 13, 220, 198, 21481, 25, 770, 3807, 318]",19,19,True,,,,
toy_test,3,toy-test-neg-001,toy-test-pos-002,0,1,"I thought this movie was appalling, I disliked it. 
Conclusion: This movie is","I thought this movie was helpful, I liked it. 
Conclusion: This movie is","'I thought this movie was appalling, I disliked it. \nConclusion: This movie is'","'I thought this movie was helpful, I liked it. \nConclusion: This movie is'",492074686f756768742074686973206d6f7669652077617320617070616c6c696e672c2049206469736c696b65642069742e200a436f6e636c7573696f6e3a2054686973206d6f766965206973,492074686f756768742074686973206d6f766965207761732068656c7066756c2c2049206c696b65642069742e200a436f6e636c7573696f6e3a2054686973206d6f766965206973,8f446f5f0e238a2c17577f1c384288753c3ce50896ce86094788a0ede515ed42,b706ea8a56f87661f1ad593d44c58c5164a067acfdd5a60e4c2d57aad89bef61,"[50256, 40, 1807, 428, 3807, 373, 34130, 11, 314, 43252, 340, 13, 220, 198, 21481, 25, 770, 3807, 318]","[50256, 40, 1807, 428, 3807, 373, 7613, 11, 314, 8288, 340, 13, 220, 198, 21481, 25, 770, 3807, 318]",19,19,True,,,,
toy_test,4,toy-test-pos-002,toy-test-neg-002,1,0,"I thought this movie was helpful, I liked it. 
Conclusion: This movie is","I thought this movie was bitter, I despised it. 
Conclusion: This movie is","'I thought this movie was helpful, I liked it. \nConclusion: This movie is'","'I thought this movie was bitter, I despised it. \nConclusion: This movie is'",492074686f756768742074686973206d6f766965207761732068656c7066756c2c2049206c696b65642069742e200a436f6e636c7573696f6e3a2054686973206d6f766965206973,492074686f756768742074686973206d6f76696520776173206269747465722c20492064657370697365642069742e200a436f6e636c7573696f6e3a2054686973206d6f766965206973,b706ea8a56f87661f1ad593d44c58c5164a067acfdd5a60e4c2d57aad89bef61,1535563978be98cd8071d14ba32bc2456a4f5ec5bf45494deed2297341df3341,"[50256, 40, 1807, 428, 3807, 373, 7613, 11, 314, 8288, 340, 13, 220, 198, 21481, 25, 770, 3807, 318]","[50256, 40, 1807, 428, 3807, 373, 12922, 11, 314, 44990, 340, 13, 220, 198, 21481, 25, 770, 3807, 318]",19,19,True,,,,
toy_test,5,toy-test-neg-002,toy-test-pos-003,0,1,"I thought this movie was bitter, I despised it. 
Conclusion: This movie is","I thought this movie was impressive, I appreciated it. 
Conclusion: This movie is","'I thought this movie was bitter, I despised it. \nConclusion: This movie is'","'I thought this movie was impressive, I appreciated it. \nConclusion: This movie is'",492074686f756768742074686973206d6f76696520776173206269747465722c20492064657370697365642069742e200a436f6e636c7573696f6e3a2054686973206d6f766965206973,492074686f756768742074686973206d6f7669652077617320696d70726573736976652c20492061707072656369617465642069742e200a436f6e636c7573696f6e3a2054686973206d6f766965206973,1535563978be98cd8071d14ba32bc2456a4f5ec5bf45494deed2297341df3341,665b8056f2918b085dd5e50a3d0bfd1a52612491142711c67bfb106883eeec43,"[50256, 40, 1807, 428, 3807, 373, 12922, 11, 314, 44990, 340, 13, 220, 198, 21481, 25, 770, 3807, 318]","[50256, 40, 1807, 428, 3807, 373, 8036, 11, 314, 16373, 340, 13, 220, 198, 21481, 25, 770, 3807, 318]",19,19,True,,,,
toy_test,6,toy-test-pos-003,toy-test-neg-003,1,0,"I thought this movie was impressive, I appreciated it. 
Conclusion: This movie is","I thought this movie was dismal, I hated it. 
Conclusion: This movie is","'I thought this movie was impressive, I appreciated it. \nConclusion: This movie is'","'I thought this movie was dismal, I hated it. \nConclusion: This movie is'",492074686f756768742074686973206d6f7669652077617320696d70726573736976652c20492061707072656369617465642069742e200a436f6e636c7573696f6e3a2054686973206d6f766965206973,492074686f756768742074686973206d6f76696520776173206469736d616c2c20492068617465642069742e200a436f6e636c7573696f6e3a2054686973206d6f766965206973,665b8056f2918b085dd5e50a3d0bfd1a52612491142711c67bfb106883eeec43,90837f977f576eaf88891479bfb0c56bd22a9f9d1543cb4042fdc8926d6dbfe8,"[50256, 40, 1807, 428, 3807, 373, 8036, 11, 314, 16373, 340, 13, 220, 198, 21481, 25, 770, 3807, 318]","[50256, 40, 1807, 428, 3807, 373, 39656, 11, 314, 16563, 340, 13, 220, 198, 21481, 25, 770, 3807, 318]",19,19,True,,,,
toy_test,7,toy-test-neg-003,toy-test-pos-004,0,1,"I thought this movie was dismal, I hated it. 
Conclusion: This movie is","I thought this movie was lively, I admired it. 
Conclusion: This movie is","'I thought this movie was dismal, I hated it. \nConclusion: This movie is'","'I thought this movie was lively, I admired it. \nConclusion: This movie is'",492074686f756768742074686973206d6f76696520776173206469736d616c2c20492068617465642069742e200a436f6e636c7573696f6e3a2054686973206d6f766965206973,492074686f756768742074686973206d6f76696520776173206c6976656c792c20492061646d697265642069742e200a436f6e636c7573696f6e3a2054686973206d6f766965206973,90837f977f576eaf88891479bfb0c56bd22a9f9d1543cb4042fdc8926d6dbfe8,dbf095a0304c7d5e95b8e0eef74d57d565612f4e9d8e5b298db383578b43ec7d,"[50256, 40, 1807, 428, 3807, 373, 39656, 11, 314, 16563, 340, 13, 220, 198, 21481, 25, 770, 3807, 318]","[50256, 40, 1807, 428, 3807, 373, 29696, 11, 314, 29382, 340, 13, 220, 198, 21481, 25, 770, 3807, 318]",19,19,True,,,,
toy_test,8,toy-test-pos-004,toy-test-neg-004,1,0,"I thought this movie was lively, I admired it. 
Conclusion: This movie is","I thought this movie was flat, I disliked it. 
Conclusion: This movie is","'I thought this movie was lively, I admired it. \nConclusion: This movie is'","'I thought this movie was flat, I disliked it. \nConclusion: This movie is'",492074686f756768742074686973206d6f76696520776173206c6976656c792c20492061646d697265642069742e200a436f6e636c7573696f6e3a2054686973206d6f766965206973,492074686f756768742074686973206d6f7669652077617320666c61742c2049206469736c696b65642069742e200a436f6e636c7573696f6e3a2054686973206d6f766965206973,dbf095a0304c7d5e95b8e0eef74d57d565612f4e9d8e5b298db383578b43ec7d,5a74a8b391172667cfdf75539b42c7e36d6d840874b99b53af5afe3bcd02ae4f,"[50256, 40, 1807, 428, 3807, 373, 29696, 11, 314, 29382, 340, 13, 220, 198, 21481, 25, 770, 3807, 318]","[50256, 40, 1807, 428, 3807, 373, 6228, 11, 314, 43252, 340, 13, 220, 198, 21481, 25, 770, 3807, 318]",19,19,True,,,,
toy_test,9,toy-test-neg-004,toy-test-pos-005,0,1,"I thought this movie was flat, I disliked it. 
Conclusion: This movie is","I thought this movie was magical, I enjoyed it. 
Conclusion: This movie is","'I thought this movie was flat, I disliked it. \nConclusion: This movie is'","'I thought this movie was magical, I enjoyed it. \nConclusion: This movie is'",492074686f756768742074686973206d6f7669652077617320666c61742c2049206469736c696b65642069742e200a436f6e636c7573696f6e3a2054686973206d6f766965206973,492074686f756768742074686973206d6f76696520776173206d61676963616c2c204920656e6a6f7965642069742e200a436f6e636c7573696f6e3a2054686973206d6f766965206973,5a74a8b391172667cfdf75539b42c7e36d6d840874b99b53af5afe3bcd02ae4f,90fa984f2ac320e99b05bdaef88d8ce9f50594117bba5261af89be0199872548,"[50256, 40, 1807, 428, 3807, 373, 6228, 11, 314, 43252, 340, 13, 220, 198, 21481, 25, 770, 3807, 318]","[50256, 40, 1807, 428, 3807, 373, 10883, 11, 314, 8359, 340, 13, 220, 198, 21481, 25, 770, 3807, 318]",19,19,True,,,,
toy_test,10,toy-test-pos-005,toy-test-neg-005,1,0,"I thought this movie was magical, I enjoyed it. 
Conclusion: This movie is","I thought this movie was foul, I despised it. 
Conclusion: This movie is","'I thought this movie was magical, I enjoyed it. \nConclusion: This movie is'","'I thought this movie was foul, I despised it. \nConclusion: This movie is'",492074686f756768742074686973206d6f76696520776173206d61676963616c2c204920656e6a6f7965642069742e200a436f6e636c7573696f6e3a2054686973206d6f766965206973,492074686f756768742074686973206d6f7669652077617320666f756c2c20492064657370697365642069742e200a436f6e636c7573696f6e3a2054686973206d6f766965206973,90fa984f2ac320e99b05bdaef88d8ce9f50594117bba5261af89be0199872548,ba6bf07512a8dad832798d61467564f9a280633a8870d59112fb9211563aec8b,"[50256, 40, 1807, 428, 3807, 373, 10883, 11, 314, 8359, 340, 13, 220, 198, 21481, 25, 770, 3807, 318]","[50256, 40, 1807, 428, 3807, 373, 15626, 11, 314, 44990, 340, 13, 220, 198, 21481, 25, 770, 3807, 318]",19,19,True,,,,
toy_test,11,toy-test-neg-005,toy-test-pos-006,0,1,"I thought this movie was foul, I despised it. 
Conclusion: This movie is","I thought this movie was modern, I loved it. 
Conclusion: This movie is","'I thought this movie was foul, I despised it. \nConclusion: This movie is'","'I thought this movie was modern, I loved it. \nConclusion: This movie is'",492074686f756768742074686973206d6f7669652077617320666f756c2c20492064657370697365642069742e200a436f6e636c7573696f6e3a2054686973206d6f766965206973,492074686f756768742074686973206d6f76696520776173206d6f6465726e2c2049206c6f7665642069742e200a436f6e636c7573696f6e3a2054686973206d6f766965206973,ba6bf07512a8dad832798d61467564f9a280633a8870d59112fb9211563aec8b,4221a80f1af64db25c667acbda6d27b97ab39aff6130743eb9a5441269b3bebd,"[50256, 40, 1807, 428, 3807, 373, 15626, 11, 314, 44990, 340, 13, 220, 198, 21481, 25, 770, 3807, 318]","[50256, 40, 1807, 428, 3807, 373, 3660, 11, 314, 6151, 340, 13, 220, 198, 21481, 25, 770, 3807, 318]",19,19,True,,,,
toy_test,12,toy-test-pos-006,toy-test-neg-006,1,0,"I thought this movie was modern, I loved it. 
Conclusion: This movie is","I thought this movie was grim, I hated it. 
Conclusion: This movie is","'I thought this movie was modern, I loved it. \nConclusion: This movie is'","'I thought this movie was grim, I hated it. \nConclusion: This movie is'",492074686f756768742074686973206d6f76696520776173206d6f6465726e2c2049206c6f7665642069742e200a436f6e636c7573696f6e3a2054686973206d6f766965206973,492074686f756768742074686973206d6f76696520776173206772696d2c20492068617465642069742e200a436f6e636c7573696f6e3a2054686973206d6f766965206973,4221a80f1af64db25c667acbda6d27b97ab39aff6130743eb9a5441269b3bebd,88039c24c41babf515c20230bc11171a5fcf44bcbc4ee976e08561f7e84f84e5,"[50256, 40, 1807, 428, 3807, 373, 3660, 11, 314, 6151, 340, 13, 220, 198, 21481, 25, 770, 3807, 318]","[50256, 40, 1807, 428, 3807, 373, 18288, 11, 314, 16563, 340, 13, 220, 198, 21481, 25, 770, 3807, 318]",19,19,True,,,,
toy_test,13,toy-test-neg-006,toy-test-pos-007,0,1,"I thought this movie was grim, I hated it. 
Conclusion: This movie is","I thought this movie was phenomenal, I liked it. 
Conclusion: This movie is","'I thought this movie was grim, I hated it. \nConclusion: This movie is'","'I thought this movie was phenomenal, I liked it. \nConclusion: This movie is'",492074686f756768742074686973206d6f76696520776173206772696d2c20492068617465642069742e200a436f6e636c7573696f6e3a2054686973206d6f766965206973,492074686f756768742074686973206d6f76696520776173207068656e6f6d656e616c2c2049206c696b65642069742e200a436f6e636c7573696f6e3a2054686973206d6f766965206973,88039c24c41babf515c20230bc11171a5fcf44bcbc4ee976e08561f7e84f84e5,a53af7c6cf7074aa31ba458f683d1ffcc29ae7b8e4031385fb83d331fc8e3c0f,"[50256, 40, 1807, 428, 3807, 373, 18288, 11, 314, 16563, 340, 13, 220, 198, 21481, 25, 770, 3807, 318]","[50256, 40, 1807, 428, 3807, 373, 28187, 11, 314, 8288, 340, 13, 220, 198, 21481, 25, 770, 3807, 318]",19,19,True,,,,
toy_test,14,toy-test-pos-007,toy-test-neg-007,1,0,"I thought this movie was phenomenal, I liked it. 
Conclusion: This movie is","I thought this movie was lazy, I disliked it. 
Conclusion: This movie is","'I thought this movie was phenomenal, I liked it. \nConclusion: This movie is'","'I thought this movie was lazy, I disliked it. \nConclusion: This movie is'",492074686f756768742074686973206d6f76696520776173207068656e6f6d656e616c2c2049206c696b65642069742e200a436f6e636c7573696f6e3a2054686973206d6f766965206973,492074686f756768742074686973206d6f76696520776173206c617a792c2049206469736c696b65642069742e200a436f6e636c7573696f6e3a2054686973206d6f766965206973,a53af7c6cf7074aa31ba458f683d1ffcc29ae7b8e4031385fb83d331fc8e3c0f,fa00eead7c1f9aae202e4088b6d6415282bce27956c9dd468eea50643a2842f0,"[50256, 40, 1807, 428, 3807, 373, 28187, 11, 314, 8288, 340, 13, 220, 198, 21481, 25, 770, 3807, 318]","[50256, 40, 1807, 428, 3807, 373, 16931, 11, 314, 43252, 340, 13, 220, 198, 21481, 25, 770, 3807, 318]",19,19,True,,,,
toy_test,15,toy-test-neg-007,toy-test-pos-008,0,1,"I thought this movie was lazy, I disliked it. 
Conclusion: This movie is","I thought this movie was pleasing, I appreciated it. 
Conclusion: This movie is","'I thought this movie was lazy, I disliked it. \nConclusion: This movie is'","'I thought this movie was pleasing, I appreciated it. \nConclusion: This movie is'",492074686f756768742074686973206d6f76696520776173206c617a792c2049206469736c696b65642069742e200a436f6e636c7573696f6e3a2054686973206d6f766965206973,492074686f756768742074686973206d6f7669652077617320706c656173696e672c20492061707072656369617465642069742e200a436f6e636c7573696f6e3a2054686973206d6f766965206973,fa00eead7c1f9aae202e4088b6d6415282bce27956c9dd468eea50643a2842f0,51fa0c4e7d8788c1c89c5197b362e46dc8cbf3b571e04e31e1593ebe77ec712f,"[50256, 40, 1807, 428, 3807, 373, 16931, 11, 314, 43252, 340, 13, 220, 198, 21481, 25, 770, 3807, 318]","[50256, 40, 1807, 428, 3807, 373, 28790, 11, 314, 16373, 340, 13, 220, 198, 21481, 25, 770, 3807, 318]",19,19,True,,,,
toy_test,16,toy-test-pos-008,toy-test-neg-008,1,0,"I thought this movie was pleasing, I appreciated it. 
Conclusion: This movie is","I thought this movie was noisy, I despised it. 
Conclusion: This movie is","'I thought this movie was pleasing, I appreciated it. \nConclusion: This movie is'","'I thought this movie was noisy, I despised it. \nConclusion: This movie is'",492074686f756768742074686973206d6f7669652077617320706c656173696e672c20492061707072656369617465642069742e200a436f6e636c7573696f6e3a2054686973206d6f766965206973,492074686f756768742074686973206d6f76696520776173206e6f6973792c20492064657370697365642069742e200a436f6e636c7573696f6e3a2054686973206d6f766965206973,51fa0c4e7d8788c1c89c5197b362e46dc8cbf3b571e04e31e1593ebe77ec712f,756815e6a6d2876b679b9a0eccee8926e7503b4cf2eab8ff26c467932e198420,"[50256, 40, 1807, 428, 3807, 373, 28790, 11, 314, 16373, 340, 13, 220, 198, 21481, 25, 770, 3807, 318]","[50256, 40, 1807, 428, 3807, 373, 31210, 11, 314, 44990, 340, 13, 220, 198, 21481, 25, 770, 3807, 318]",19,19,True,,,,
toy_test,17,toy-test-neg-008,toy-test-pos-009,0,1,"I thought this movie was noisy, I despised it. 
Conclusion: This movie is","I thought this movie was radiant, I admired it. 
Conclusion: This movie is","'I thought this movie was noisy, I despised it. \nConclusion: This movie is'","'I thought this movie was radiant, I admired it. \nConclusion: This movie is'",492074686f756768742074686973206d6f76696520776173206e6f6973792c20492064657370697365642069742e200a436f6e636c7573696f6e3a2054686973206d6f766965206973,492074686f756768742074686973206d6f766965207761732072616469616e742c20492061646d697265642069742e200a436f6e636c7573696f6e3a2054686973206d6f766965206973,756815e6a6d2876b679b9a0eccee8926e7503b4cf2eab8ff26c467932e198420,c65d1b388e13a0a702cff1347aa9a408514f28f41b3e58780279f9a610c6e404,"[50256, 40, 1807, 428, 3807, 373, 31210, 11, 314, 44990, 340, 13, 220, 198, 21481, 25, 770, 3807, 318]","[50256, 40, 1807, 428, 3807, 373, 43888, 11, 314, 29382, 340, 13, 220, 198, 21481, 25, 770, 3807, 318]",19,19,True,,,,
toy_test,18,toy-test-pos-009,toy-test-neg-009,1,0,"I thought this movie was radiant, I admired it. 
Conclusion: This movie is","I thought this movie was poor, I hated it. 
Conclusion: This movie is","'I thought this movie was radiant, I admired it. \nConclusion: This movie is'","'I thought this movie was poor, I hated it. \nConclusion: This movie is'",492074686f756768742074686973206d6f766965207761732072616469616e742c20492061646d697265642069742e200a436f6e636c7573696f6e3a2054686973206d6f766965206973,492074686f756768742074686973206d6f7669652077617320706f6f722c20492068617465642069742e200a436f6e636c7573696f6e3a2054686973206d6f766965206973,c65d1b388e13a0a702cff1347aa9a408514f28f41b3e58780279f9a610c6e404,41db61b2977a424d4f0692d9db7560c4d68ecb4c58b97ee4a061b9efb1b85e65,"[50256, 40, 1807, 428, 3807, 373, 43888, 11, 314, 29382, 340, 13, 220, 198, 21481, 25, 770, 3807, 318]","[50256, 40, 1807, 428, 3807, 373, 3595, 11, 314, 16563, 340, 13, 220, 198, 21481, 25, 770, 3807, 318]",19,19,True,,,,
toy_test,19,toy-test-neg-009,toy-test-pos-010,0,1,"I thought this movie was poor, I hated it. 
Conclusion: This movie is","I thought this movie was crisp, I enjoyed it. 
Conclusion: This movie is","'I thought this movie was poor, I hated it. \nConclusion: This movie is'","'I thought this movie was crisp, I enjoyed it. \nConclusion: This movie is'",492074686f756768742074686973206d6f7669652077617320706f6f722c20492068617465642069742e200a436f6e636c7573696f6e3a2054686973206d6f766965206973,492074686f756768742074686973206d6f766965207761732063726973702c204920656e6a6f7965642069742e200a436f6e636c7573696f6e3a2054686973206d6f766965206973,41db61b2977a424d4f0692d9db7560c4d68ecb4c58b97ee4a061b9efb1b85e65,ced33a405cad10f5e134dfb599924c8a40f73a4abdba818158ccb0d79b132ad2,"[50256, 40, 1807, 428, 3807, 373, 3595, 11, 314, 16563, 340, 13, 220, 198, 21481, 25, 770, 3807, 318]","[50256, 40, 1807, 428, 3807, 373, 23453, 11, 314, 8359, 340, 13, 220, 198, 21481, 25, 770, 3807, 318]",19,19,True,,,,
toy_test,20,toy-test-pos-010,toy-test-neg-010,1,0,"I thought this movie was crisp, I enjoyed it. 
Conclusion: This movie is","I thought this movie was rough, I disliked it. 
Conclusion: This movie is","'I thought this movie was crisp, I enjoyed it. \nConclusion: This movie is'","'I thought this movie was rough, I disliked it. \nConclusion: This movie is'",492074686f756768742074686973206d6f766965207761732063726973702c204920656e6a6f7965642069742e200a436f6e636c7573696f6e3a2054686973206d6f766965206973,492074686f756768742074686973206d6f7669652077617320726f7567682c2049206469736c696b65642069742e200a436f6e636c7573696f6e3a2054686973206d6f766965206973,ced33a405cad10f5e134dfb599924c8a40f73a4abdba818158ccb0d79b132ad2,f7477c27a681ec90d5601989528bc8aec9718f7069464a7f4ce7ec69c2b7c5a3,"[50256, 40, 1807, 428, 3807, 373, 23453, 11, 314, 8359, 340, 13, 220, 198, 21481, 25, 770, 3807, 318]","[50256, 40, 1807, 428, 3807, 373, 5210, 11, 314, 43252, 340, 13, 220, 198, 21481, 25, 770, 3807, 318]",19,19,True,,,,
toy_test,21,toy-test-neg-010,toy-test-pos-011,0,1,"I thought this movie was rough, I disliked it. 
Conclusion: This movie is","I thought this movie was strong, I loved it. 
Conclusion: This movie is","'I thought this movie was rough, I disliked it. \nConclusion: This movie is'","'I thought this movie was strong, I loved it. \nConclusion: This movie is'",492074686f756768742074686973206d6f7669652077617320726f7567682c2049206469736c696b65642069742e200a436f6e636c7573696f6e3a2054686973206d6f766965206973,492074686f756768742074686973206d6f76696520776173207374726f6e672c2049206c6f7665642069742e200a436f6e636c7573696f6e3a2054686973206d6f766965206973,f7477c27a681ec90d5601989528bc8aec9718f7069464a7f4ce7ec69c2b7c5a3,c365a2f65eff1b2c43ca0bbd2ce4395330834dd3ea1d2dad31b9e4720dd0dd67,"[50256, 40, 1807, 428, 3807, 373, 5210, 11, 314, 43252, 340, 13, 220, 198, 21481, 25, 770, 3807, 318]","[50256, 40, 1807, 428, 3807, 373, 1913, 11, 314, 6151, 340, 13, 220, 198, 21481, 25, 770, 3807, 318]",19,19,True,,,,
toy_test,22,toy-test-pos-011,toy-test-neg-011,1,0,"I thought this movie was strong, I loved it. 
Conclusion: This movie is","I thought this movie was rotten, I despised it. 
Conclusion: This movie is","'I thought this movie was strong, I loved it. \nConclusion: This movie is'","'I thought this movie was rotten, I despised it. \nConclusion: This movie is'",492074686f756768742074686973206d6f76696520776173207374726f6e672c2049206c6f7665642069742e200a436f6e636c7573696f6e3a2054686973206d6f766965206973,492074686f756768742074686973206d6f7669652077617320726f7474656e2c20492064657370697365642069742e200a436f6e636c7573696f6e3a2054686973206d6f766965206973,c365a2f65eff1b2c43ca0bbd2ce4395330834dd3ea1d2dad31b9e4720dd0dd67,2ffb55e406179b7ad32d06fb27a4080b60a85ec3010d8077096e3ee1a0788353,"[50256, 40, 1807, 428, 3807, 373, 1913, 11, 314, 6151, 340, 13, 220, 198, 21481, 25, 770, 3807, 318]","[50256, 40, 1807, 428, 3807, 373, 36371, 11, 314, 44990, 340, 13, 220, 198, 21481, 25, 770, 3807, 318]",19,19,True,,,,
toy_test,23,toy-test-neg-011,toy-test-pos-012,0,1,"I thought this movie was rotten, I despised it. 
Conclusion: This movie is","I thought this movie was stunning, I liked it. 
Conclusion: This movie is","'I thought this movie was rotten, I despised it. \nConclusion: This movie is'","'I thought this movie was stunning, I liked it. \nConclusion: This movie is'",492074686f756768742074686973206d6f7669652077617320726f7474656e2c20492064657370697365642069742e200a436f6e636c7573696f6e3a2054686973206d6f766965206973,492074686f756768742074686973206d6f76696520776173207374756e6e696e672c2049206c696b65642069742e200a436f6e636c7573696f6e3a2054686973206d6f766965206973,2ffb55e406179b7ad32d06fb27a4080b60a85ec3010d8077096e3ee1a0788353,bd003a03cff002fd7aee273a1f10fcfb0728e2066e1e237258e388dd6a94d8db,"[50256, 40, 1807, 428, 3807, 373, 36371, 11, 314, 44990, 340, 13, 220, 198, 21481, 25, 770, 3807, 318]","[50256, 40, 1807, 428, 3807, 373, 13393, 11, 314, 8288, 340, 13, 220, 198, 21481, 25, 770, 3807, 318]",19,19,True,,,,
toy_test,24,toy-test-pos-012,toy-test-neg-012,1,0,"I thought this movie was stunning, I liked it. 
Conclusion: This movie is","I thought this movie was sour, I hated it. 
Conclusion: This movie is","'I thought this movie was stunning, I liked it. \nConclusion: This movie is'","'I thought this movie was sour, I hated it. \nConclusion: This movie is'",492074686f756768742074686973206d6f76696520776173207374756e6e696e672c2049206c696b65642069742e200a436f6e636c7573696f6e3a2054686973206d6f766965206973,492074686f756768742074686973206d6f7669652077617320736f75722c20492068617465642069742e200a436f6e636c7573696f6e3a2054686973206d6f766965206973,bd003a03cff002fd7aee273a1f10fcfb0728e2066e1e237258e388dd6a94d8db,46c1576c92c2f4c65ae65a1325db39fff8572b8261078ee911cedbc686c23464,"[50256, 40, 1807, 428, 3807, 373, 13393, 11, 314, 8288, 340, 13, 220, 198, 21481, 25, 770, 3807, 318]","[50256, 40, 1807, 428, 3807, 373, 11348, 11, 314, 16563, 340, 13, 220, 198, 21481, 25, 770, 3807, 318]",19,19,True,,,,
toy_test,25,toy-test-neg-012,toy-test-pos-013,0,1,"I thought this movie was sour, I hated it. 
Conclusion: This movie is","I thought this movie was sweet, I appreciated it. 
Conclusion: This movie is","'I thought this movie was sour, I hated it. \nConclusion: This movie is'","'I thought this movie was sweet, I appreciated it. \nConclusion: This movie is'",492074686f756768742074686973206d6f7669652077617320736f75722c20492068617465642069742e200a436f6e636c7573696f6e3a2054686973206d6f766965206973,492074686f756768742074686973206d6f766965207761732073776565742c20492061707072656369617465642069742e200a436f6e636c7573696f6e3a2054686973206d6f766965206973,46c1576c92c2f4c65ae65a1325db39fff8572b8261078ee911cedbc686c23464,8e5d7fa8bbf3ca7164d573911bb02e9f19f70193d6d26b335d2b3a3049b1d6f8,"[50256, 40, 1807, 428, 3807, 373, 11348, 11, 314, 16563, 340, 13, 220, 198, 21481, 25, 770, 3807, 318]","[50256, 40, 1807, 428, 3807, 373, 6029, 11, 314, 16373, 340, 13, 220, 198, 21481, 25, 770, 3807, 318]",19,19,True,,,,
toy_test,26,toy-test-pos-013,toy-test-neg-013,1,0,"I thought this movie was sweet, I appreciated it. 
Conclusion: This movie is","I thought this movie was vile, I disliked it. 
Conclusion: This movie is","'I thought this movie was sweet, I appreciated it. \nConclusion: This movie is'","'I thought this movie was vile, I disliked it. \nConclusion: This movie is'",492074686f756768742074686973206d6f766965207761732073776565742c20492061707072656369617465642069742e200a436f6e636c7573696f6e3a2054686973206d6f766965206973,492074686f756768742074686973206d6f766965207761732076696c652c2049206469736c696b65642069742e200a436f6e636c7573696f6e3a2054686973206d6f766965206973,8e5d7fa8bbf3ca7164d573911bb02e9f19f70193d6d26b335d2b3a3049b1d6f8,8054cd8a1d5c6564173d875239121173312a2a1bbaecc6440ab3a7513b188ec7,"[50256, 40, 1807, 428, 3807, 373, 6029, 11, 314, 16373, 340, 13, 220, 198, 21481, 25, 770, 3807, 318]","[50256, 40, 1807, 428, 3807, 373, 34942, 11, 314, 43252, 340, 13, 220, 198, 21481, 25, 770, 3807, 318]",19,19,True,,,,
toy_test,27,toy-test-neg-013,toy-test-pos-000,0,1,"I thought this movie was vile, I disliked it. 
Conclusion: This movie is","I thought this movie was admirable, I enjoyed it. 
Conclusion: This movie is","'I thought this movie was vile, I disliked it. \nConclusion: This movie is'","'I thought this movie was admirable, I enjoyed it. \nConclusion: This movie is'",492074686f756768742074686973206d6f766965207761732076696c652c2049206469736c696b65642069742e200a436f6e636c7573696f6e3a2054686973206d6f766965206973,492074686f756768742074686973206d6f766965207761732061646d697261626c652c204920656e6a6f7965642069742e200a436f6e636c7573696f6e3a2054686973206d6f766965206973,8054cd8a1d5c6564173d875239121173312a2a1bbaecc6440ab3a7513b188ec7,6dd301e88a560cc5b42ca367d5d3474a42285eb81e0fbe3fa3dfaae730729ca6,"[50256, 40, 1807, 428, 3807, 373, 34942, 11, 314, 43252, 340, 13, 220, 198, 21481, 25, 770, 3807, 318]","[50256, 40, 1807, 428, 3807, 373, 37959, 11, 314, 8359, 340, 13, 220, 198, 21481, 25, 770, 3807, 318]",19,19,True,,,,
sst_tigges_pythia_correct_test,0,sst-8968,sst-8874,1,0,Review Text: Brimful. Review Sentiment:,Review Text: Bears is bad. Review Sentiment:,'Review Text: Brimful. Review Sentiment:','Review Text: Bears is bad. Review Sentiment:',52657669657720546578743a204272696d66756c2e205265766965772053656e74696d656e743a,52657669657720546578743a204265617273206973206261642e205265766965772053656e74696d656e743a,a643017852a1a8b743d98d45427353da377e5b836d88d6d81177996e77a852b0,67fca0616ee34b817631ad79acbd1c5373f334cafafce92c9ac4cab19a22aa77,"[50256, 14832, 8255, 25, 1709, 320, 913, 13, 6602, 11352, 3681, 25]","[50256, 14832, 8255, 25, 15682, 318, 2089, 13, 6602, 11352, 3681, 25]",12,12,True,Brimful.,Bears is bad.,tigges,True
sst_tigges_pythia_correct_test,1,sst-8874,sst-8968,0,1,Review Text: Bears is bad. Review Sentiment:,Review Text: Brimful. Review Sentiment:,'Review Text: Bears is bad. Review Sentiment:','Review Text: Brimful. Review Sentiment:',52657669657720546578743a204265617273206973206261642e205265766965772053656e74696d656e743a,52657669657720546578743a204272696d66756c2e205265766965772053656e74696d656e743a,67fca0616ee34b817631ad79acbd1c5373f334cafafce92c9ac4cab19a22aa77,a643017852a1a8b743d98d45427353da377e5b836d88d6d81177996e77a852b0,"[50256, 14832, 8255, 25, 15682, 318, 2089, 13, 6602, 11352, 3681, 25]","[50256, 14832, 8255, 25, 1709, 320, 913, 13, 6602, 11352, 3681, 25]",12,12,True,Bears is bad.,Brimful.,tigges,True
sst_tigges_pythia_correct_test,2,sst-8433,sst-8851,1,0,Review Text: Excellent acting and direction. Review Sentiment:,Review Text: Nothing about it fits. Review Sentiment:,'Review Text: Excellent acting and direction. Review Sentiment:','Review Text: Nothing about it fits. Review Sentiment:',52657669657720546578743a20457863656c6c656e7420616374696e6720616e6420646972656374696f6e2e205265766965772053656e74696d656e743a,52657669657720546578743a204e6f7468696e672061626f757420697420666974732e205265766965772053656e74696d656e743a,8276dc299d9d7b83f4dcda59659f20dffc5ea5c50b8583201e3b03447571c661,289ce6ff7bcc9691220f465c3d3a8527eb44dde68e14cf0458a1af331170beb7,"[50256, 14832, 8255, 25, 30932, 7205, 290, 4571, 13, 6602, 11352, 3681, 25]","[50256, 14832, 8255, 25, 10528, 546, 340, 11414, 13, 6602, 11352, 3681, 25]",13,13,True,Excellent acting and direction.,Nothing about it fits.,tigges,True
sst_tigges_pythia_correct_test,3,sst-8851,sst-8433,0,1,Review Text: Nothing about it fits. Review Sentiment:,Review Text: Excellent acting and direction. Review Sentiment:,'Review Text: Nothing about it fits. Review Sentiment:','Review Text: Excellent acting and direction. Review Sentiment:',52657669657720546578743a204e6f7468696e672061626f757420697420666974732e205265766965772053656e74696d656e743a,52657669657720546578743a20457863656c6c656e7420616374696e6720616e6420646972656374696f6e2e205265766965772053656e74696d656e743a,289ce6ff7bcc9691220f465c3d3a8527eb44dde68e14cf0458a1af331170beb7,8276dc299d9d7b83f4dcda59659f20dffc5ea5c50b8583201e3b03447571c661,"[50256, 14832, 8255, 25, 10528, 546, 340, 11414, 13, 6602, 11352, 3681, 25]","[50256, 14832, 8255, 25, 30932, 7205, 290, 4571, 13, 6602, 11352, 3681, 25]",13,13,True,Nothing about it fits.,Excellent acting and direction.,tigges,True
sst_tigges_pythia_correct_test,4,sst-196,sst-8315,1,0,Review Text: A very funny movie. Review Sentiment:,Review Text: A very bad sign. Review Sentiment:,'Review Text: A very funny movie. Review Sentiment:','Review Text: A very bad sign. Review Sentiment:',52657669657720546578743a204120766572792066756e6e79206d6f7669652e205265766965772053656e74696d656e743a,52657669657720546578743a2041207665727920626164207369676e2e205265766965772053656e74696d656e743a,3469927298e2e8790bbe78ad3de9d51c27f4aea5ae022fa7ce81919ea70c1614,f11cb62cb467d23ba3eb677f006b5bf3d305d3e47ba6bd571b83abda3ce99fdb,"[50256, 14832, 8255, 25, 317, 845, 8258, 3807, 13, 6602, 11352, 3681, 25]","[50256, 14832, 8255, 25, 317, 845, 2089, 1051, 13, 6602, 11352, 3681, 25]",13,13,True,A very funny movie.,A very bad sign.,tigges,True
sst_tigges_pythia_correct_test,5,sst-8315,sst-196,0,1,Review Text: A very bad sign. Review Sentiment:,Review Text: A very funny movie. Review Sentiment:,'Review Text: A very bad sign. Review Sentiment:','Review Text: A very funny movie. Review Sentiment:',52657669657720546578743a2041207665727920626164207369676e2e205265766965772053656e74696d656e743a,52657669657720546578743a204120766572792066756e6e79206d6f7669652e205265766965772053656e74696d656e743a,f11cb62cb467d23ba3eb677f006b5bf3d305d3e47ba6bd571b83abda3ce99fdb,3469927298e2e8790bbe78ad3de9d51c27f4aea5ae022fa7ce81919ea70c1614,"[50256, 14832, 8255, 25, 317, 845, 2089, 1051, 13, 6602, 11352, 3681, 25]","[50256, 14832, 8255, 25, 317, 845, 8258, 3807, 13, 6602, 11352, 3681, 25]",13,13,True,A very bad sign.,A very funny movie.,tigges,True
sst_tigges_pythia_correct_test,6,sst-847,sst-8154,1,0,Review Text: Worth the effort to watch. Review Sentiment:,"Review Text: A sour, nasty offering. Review Sentiment:",'Review Text: Worth the effort to watch. Review Sentiment:',"'Review Text: A sour, nasty offering. Review Sentiment:'",52657669657720546578743a20576f72746820746865206566666f727420746f2077617463682e205265766965772053656e74696d656e743a,52657669657720546578743a204120736f75722c206e61737479206f66666572696e672e205265766965772053656e74696d656e743a,76d3a414dc94968b6f99d3966c69590cbb44b27b1b6830ea9704bc0d60de6faf,0f95920a87ecc5f0d1c681a6bfc8cb827e0e98793dc87a9c8b9c64749259d70b,"[50256, 14832, 8255, 25, 22301, 262, 3626, 284, 2342, 13, 6602, 11352, 3681, 25]","[50256, 14832, 8255, 25, 317, 11348, 11, 17166, 6011, 13, 6602, 11352, 3681, 25]",14,14,True,Worth the effort to watch.,"A sour, nasty offering.",tigges,True
sst_tigges_pythia_correct_test,7,sst-8154,sst-847,0,1,"Review Text: A sour, nasty offering. Review Sentiment:",Review Text: Worth the effort to watch. Review Sentiment:,"'Review Text: A sour, nasty offering. Review Sentiment:'",'Review Text: Worth the effort to watch. Review Sentiment:',52657669657720546578743a204120736f75722c206e61737479206f66666572696e672e205265766965772053656e74696d656e743a,52657669657720546578743a20576f72746820746865206566666f727420746f2077617463682e205265766965772053656e74696d656e743a,0f95920a87ecc5f0d1c681a6bfc8cb827e0e98793dc87a9c8b9c64749259d70b,76d3a414dc94968b6f99d3966c69590cbb44b27b1b6830ea9704bc0d60de6faf,"[50256, 14832, 8255, 25, 317, 11348, 11, 17166, 6011, 13, 6602, 11352, 3681, 25]","[50256, 14832, 8255, 25, 22301, 262, 3626, 284, 2342, 13, 6602, 11352, 3681, 25]",14,14,True,"A sour, nasty offering.",Worth the effort to watch.,tigges,True
sst_tigges_pythia_correct_test,8,sst-1005,sst-7912,1,0,Review Text: This is one for the ages. Review Sentiment:,Review Text: The film seems a dead weight. Review Sentiment:,'Review Text: This is one for the ages. Review Sentiment:','Review Text: The film seems a dead weight. Review Sentiment:',52657669657720546578743a2054686973206973206f6e6520666f722074686520616765732e205265766965772053656e74696d656e743a,52657669657720546578743a205468652066696c6d207365656d7320612064656164207765696768742e205265766965772053656e74696d656e743a,e2ee7d879f7ee07b8713add777cf033531a3312adbf5cd880ff8ee6b95b4720b,0b22bccf84827428fe09b9e65826da0001ece664e09ff9551314047750aa7ec2,"[50256, 14832, 8255, 25, 770, 318, 530, 329, 262, 9337, 13, 6602, 11352, 3681, 25]","[50256, 14832, 8255, 25, 383, 2646, 2331, 257, 2636, 3463, 13, 6602, 11352, 3681, 25]",15,15,True,This is one for the ages.,The film seems a dead weight.,tigges,True
sst_tigges_pythia_correct_test,9,sst-7912,sst-1005,0,1,Review Text: The film seems a dead weight. Review Sentiment:,Review Text: This is one for the ages. Review Sentiment:,'Review Text: The film seems a dead weight. Review Sentiment:','Review Text: This is one for the ages. Review Sentiment:',52657669657720546578743a205468652066696c6d207365656d7320612064656164207765696768742e205265766965772053656e74696d656e743a,52657669657720546578743a2054686973206973206f6e6520666f722074686520616765732e205265766965772053656e74696d656e743a,0b22bccf84827428fe09b9e65826da0001ece664e09ff9551314047750aa7ec2,e2ee7d879f7ee07b8713add777cf033531a3312adbf5cd880ff8ee6b95b4720b,"[50256, 14832, 8255, 25, 383, 2646, 2331, 257, 2636, 3463, 13, 6602, 11352, 3681, 25]","[50256, 14832, 8255, 25, 770, 318, 530, 329, 262, 9337, 13, 6602, 11352, 3681, 25]",15,15,True,The film seems a dead weight.,This is one for the ages.,tigges,True
sst_tigges_pythia_correct_test,10,sst-208,sst-8717,1,0,Review Text: I admired this work a lot. Review Sentiment:,Review Text: A very average science fiction film. Review Sentiment:,'Review Text: I admired this work a lot. Review Sentiment:','Review Text: A very average science fiction film. Review Sentiment:',52657669657720546578743a20492061646d69726564207468697320776f726b2061206c6f742e205265766965772053656e74696d656e743a,52657669657720546578743a20412076657279206176657261676520736369656e63652066696374696f6e2066696c6d2e205265766965772053656e74696d656e743a,769c07e7b20598bc369262dfdb940e4f46ea6b9b90c9f55c3163dec6ddf6794b,c424ccfa5f6d501fc6f6b9c2fa21f61fe12f4869d2f8ed65b0331489a505ff02,"[50256, 14832, 8255, 25, 314, 29382, 428, 670, 257, 1256, 13, 6602, 11352, 3681, 25]","[50256, 14832, 8255, 25, 317, 845, 2811, 3783, 10165, 2646, 13, 6602, 11352, 3681, 25]",15,15,True,I admired this work a lot.,A very average science fiction film.,tigges,True
sst_tigges_pythia_correct_test,11,sst-8717,sst-208,0,1,Review Text: A very average science fiction film. Review Sentiment:,Review Text: I admired this work a lot. Review Sentiment:,'Review Text: A very average science fiction film. Review Sentiment:','Review Text: I admired this work a lot. Review Sentiment:',52657669657720546578743a20412076657279206176657261676520736369656e63652066696374696f6e2066696c6d2e205265766965772053656e74696d656e743a,52657669657720546578743a20492061646d69726564207468697320776f726b2061206c6f742e205265766965772053656e74696d656e743a,c424ccfa5f6d501fc6f6b9c2fa21f61fe12f4869d2f8ed65b0331489a505ff02,769c07e7b20598bc369262dfdb940e4f46ea6b9b90c9f55c3163dec6ddf6794b,"[50256, 14832, 8255, 25, 317, 845, 2811, 3783, 10165, 2646, 13, 6602, 11352, 3681, 25]","[50256, 14832, 8255, 25, 314, 29382, 428, 670, 257, 1256, 13, 6602, 11352, 3681, 25]",15,15,True,A very average science fiction film.,I admired this work a lot.,tigges,True
sst_tigges_pythia_correct_test,12,sst-177,sst-8666,1,0,Review Text: A solidly seaworthy chiller. Review Sentiment:,Review Text: The movie gets muted and routine. Review Sentiment:,'Review Text: A solidly seaworthy chiller. Review Sentiment:','Review Text: The movie gets muted and routine. Review Sentiment:',52657669657720546578743a204120736f6c69646c7920736561776f72746879206368696c6c65722e205265766965772053656e74696d656e743a,52657669657720546578743a20546865206d6f7669652067657473206d7574656420616e6420726f7574696e652e205265766965772053656e74696d656e743a,f7b2fcab45c6f33f5242fa0e49737869b1255f409cd7b7fc2f43e3df9322540e,f608df3f2e952570e04ad0524a466bac9cbc199ffd422c9a6c2d86013bd9b34d,"[50256, 14832, 8255, 25, 317, 49549, 32085, 18906, 442, 4665, 13, 6602, 11352, 3681, 25]","[50256, 14832, 8255, 25, 383, 3807, 3011, 38952, 290, 8027, 13, 6602, 11352, 3681, 25]",15,15,True,A solidly seaworthy chiller.,The movie gets muted and routine.,tigges,True
sst_tigges_pythia_correct_test,13,sst-8666,sst-177,0,1,Review Text: The movie gets muted and routine. Review Sentiment:,Review Text: A solidly seaworthy chiller. Review Sentiment:,'Review Text: The movie gets muted and routine. Review Sentiment:','Review Text: A solidly seaworthy chiller. Review Sentiment:',52657669657720546578743a20546865206d6f7669652067657473206d7574656420616e6420726f7574696e652e205265766965772053656e74696d656e743a,52657669657720546578743a204120736f6c69646c7920736561776f72746879206368696c6c65722e205265766965772053656e74696d656e743a,f608df3f2e952570e04ad0524a466bac9cbc199ffd422c9a6c2d86013bd9b34d,f7b2fcab45c6f33f5242fa0e49737869b1255f409cd7b7fc2f43e3df9322540e,"[50256, 14832, 8255, 25, 383, 3807, 3011, 38952, 290, 8027, 13, 6602, 11352, 3681, 25]","[50256, 14832, 8255, 25, 317, 49549, 32085, 18906, 442, 4665, 13, 6602, 11352, 3681, 25]",15,15,True,The movie gets muted and routine.,A solidly seaworthy chiller.,tigges,True
sst_tigges_pythia_correct_test,14,sst-390,sst-8825,1,0,Review Text: Energetic and boldly provocative. Review Sentiment:,Review Text: It settles for being merely grim. Review Sentiment:,'Review Text: Energetic and boldly provocative. Review Sentiment:','Review Text: It settles for being merely grim. Review Sentiment:',52657669657720546578743a20456e6572676574696320616e6420626f6c646c792070726f766f6361746976652e205265766965772053656e74696d656e743a,52657669657720546578743a20497420736574746c657320666f72206265696e67206d6572656c79206772696d2e205265766965772053656e74696d656e743a,7bb5c61de1badc65a6fa3471fbfdb43a3e4760bfac7743dfa776422d5f7d459f,a7d101297a46463e39cb45886c0a1d9887ae486a736b66bf99c09e34185e5d86,"[50256, 14832, 8255, 25, 412, 1008, 24321, 290, 42831, 28695, 13, 6602, 11352, 3681, 25]","[50256, 14832, 8255, 25, 632, 43684, 329, 852, 6974, 18288, 13, 6602, 11352, 3681, 25]",15,15,True,Energetic and boldly provocative.,It settles for being merely grim.,tigges,True
sst_tigges_pythia_correct_test,15,sst-8825,sst-390,0,1,Review Text: It settles for being merely grim. Review Sentiment:,Review Text: Energetic and boldly provocative. Review Sentiment:,'Review Text: It settles for being merely grim. Review Sentiment:','Review Text: Energetic and boldly provocative. Review Sentiment:',52657669657720546578743a20497420736574746c657320666f72206265696e67206d6572656c79206772696d2e205265766965772053656e74696d656e743a,52657669657720546578743a20456e6572676574696320616e6420626f6c646c792070726f766f6361746976652e205265766965772053656e74696d656e743a,a7d101297a46463e39cb45886c0a1d9887ae486a736b66bf99c09e34185e5d86,7bb5c61de1badc65a6fa3471fbfdb43a3e4760bfac7743dfa776422d5f7d459f,"[50256, 14832, 8255, 25, 632, 43684, 329, 852, 6974, 18288, 13, 6602, 11352, 3681, 25]","[50256, 14832, 8255, 25, 412, 1008, 24321, 290, 42831, 28695, 13, 6602, 11352, 3681, 25]",15,15,True,It settles for being merely grim.,Energetic and boldly provocative.,tigges,True
sst_tigges_pythia_correct_test,16,sst-941,sst-8241,1,0,Review Text: Not a bad journey at all. Review Sentiment:,Review Text: A dreadful live-action movie. Review Sentiment:,'Review Text: Not a bad journey at all. Review Sentiment:','Review Text: A dreadful live-action movie. Review Sentiment:',52657669657720546578743a204e6f74206120626164206a6f75726e657920617420616c6c2e205265766965772053656e74696d656e743a,52657669657720546578743a204120647265616466756c206c6976652d616374696f6e206d6f7669652e205265766965772053656e74696d656e743a,910c87d81915b4c711410def4bf98e8461241fefefc2ae3e7a6f151391a0d5f0,90d6947206a2e7a689088a1d22a587db1816c332056926ce1c073b24d19c3ab1,"[50256, 14832, 8255, 25, 1892, 257, 2089, 7002, 379, 477, 13, 6602, 11352, 3681, 25]","[50256, 14832, 8255, 25, 317, 35483, 2107, 12, 2673, 3807, 13, 6602, 11352, 3681, 25]",15,15,True,Not a bad journey at all.,A dreadful live-action movie.,tigges,True
sst_tigges_pythia_correct_test,17,sst-8241,sst-941,0,1,Review Text: A dreadful live-action movie. Review Sentiment:,Review Text: Not a bad journey at all. Review Sentiment:,'Review Text: A dreadful live-action movie. Review Sentiment:','Review Text: Not a bad journey at all. Review Sentiment:',52657669657720546578743a204120647265616466756c206c6976652d616374696f6e206d6f7669652e205265766965772053656e74696d656e743a,52657669657720546578743a204e6f74206120626164206a6f75726e657920617420616c6c2e205265766965772053656e74696d656e743a,90d6947206a2e7a689088a1d22a587db1816c332056926ce1c073b24d19c3ab1,910c87d81915b4c711410def4bf98e8461241fefefc2ae3e7a6f151391a0d5f0,"[50256, 14832, 8255, 25, 317, 35483, 2107, 12, 2673, 3807, 13, 6602, 11352, 3681, 25]","[50256, 14832, 8255, 25, 1892, 257, 2089, 7002, 379, 477, 13, 6602, 11352, 3681, 25]",15,15,True,A dreadful live-action movie.,Not a bad journey at all.,tigges,True
sst_tigges_pythia_correct_test,18,sst-322,sst-8751,1,0,"Review Text: Morton is, as usual, brilliant. Review Sentiment:",Review Text: Bad beyond belief and ridiculous beyond description. Review Sentiment:,"'Review Text: Morton is, as usual, brilliant. Review Sentiment:'",'Review Text: Bad beyond belief and ridiculous beyond description. Review Sentiment:',52657669657720546578743a204d6f72746f6e2069732c20617320757375616c2c206272696c6c69616e742e205265766965772053656e74696d656e743a,52657669657720546578743a20426164206265796f6e642062656c69656620616e64207269646963756c6f7573206265796f6e64206465736372697074696f6e2e205265766965772053656e74696d656e743a,a3c757cb602f588a9a69a9f32279ee05d7c3b098e5585ce7e34a49dea4a493c3,3b08939afc08c82080c980414b02c71b84178344d06aaad5faad8758e1756198,"[50256, 14832, 8255, 25, 35766, 318, 11, 355, 6678, 11, 10457, 13, 6602, 11352, 3681, 25]","[50256, 14832, 8255, 25, 7772, 3675, 4901, 290, 11441, 3675, 6764, 13, 6602, 11352, 3681, 25]",16,16,True,"Morton is, as usual, brilliant.",Bad beyond belief and ridiculous beyond description.,tigges,True
sst_tigges_pythia_correct_test,19,sst-8751,sst-322,0,1,Review Text: Bad beyond belief and ridiculous beyond description. Review Sentiment:,"Review Text: Morton is, as usual, brilliant. Review Sentiment:",'Review Text: Bad beyond belief and ridiculous beyond description. Review Sentiment:',"'Review Text: Morton is, as usual, brilliant. Review Sentiment:'",52657669657720546578743a20426164206265796f6e642062656c69656620616e64207269646963756c6f7573206265796f6e64206465736372697074696f6e2e205265766965772053656e74696d656e743a,52657669657720546578743a204d6f72746f6e2069732c20617320757375616c2c206272696c6c69616e742e205265766965772053656e74696d656e743a,3b08939afc08c82080c980414b02c71b84178344d06aaad5faad8758e1756198,a3c757cb602f588a9a69a9f32279ee05d7c3b098e5585ce7e34a49dea4a493c3,"[50256, 14832, 8255, 25, 7772, 3675, 4901, 290, 11441, 3675, 6764, 13, 6602, 11352, 3681, 25]","[50256, 14832, 8255, 25, 35766, 318, 11, 355, 6678, 11, 10457, 13, 6602, 11352, 3681, 25]",16,16,True,Bad beyond belief and ridiculous beyond description.,"Morton is, as usual, brilliant.",tigges,True
sst_tigges_pythia_correct_test,20,sst-1048,sst-9008,1,0,Review Text: The cast is uniformly excellent and relaxed. Review Sentiment:,"Review Text: A mild, reluctant, thumbs down. Review Sentiment:",'Review Text: The cast is uniformly excellent and relaxed. Review Sentiment:',"'Review Text: A mild, reluctant, thumbs down. Review Sentiment:'",52657669657720546578743a20546865206361737420697320756e69666f726d6c7920657863656c6c656e7420616e642072656c617865642e205265766965772053656e74696d656e743a,52657669657720546578743a2041206d696c642c2072656c756374616e742c207468756d627320646f776e2e205265766965772053656e74696d656e743a,6906572a04e988abddf44aeb4653f8594a75b486f2014d04bafc7d79bd2da129,685421ac112893b88cd80690f1bac47c44a51ad685b53e099e720556d1f96880,"[50256, 14832, 8255, 25, 383, 3350, 318, 42096, 6275, 290, 18397, 13, 6602, 11352, 3681, 25]","[50256, 14832, 8255, 25, 317, 11607, 11, 18416, 11, 32766, 866, 13, 6602, 11352, 3681, 25]",16,16,True,The cast is uniformly excellent and relaxed.,"A mild, reluctant, thumbs down.",tigges,True
sst_tigges_pythia_correct_test,21,sst-9008,sst-1048,0,1,"Review Text: A mild, reluctant, thumbs down. Review Sentiment:",Review Text: The cast is uniformly excellent and relaxed. Review Sentiment:,"'Review Text: A mild, reluctant, thumbs down. Review Sentiment:'",'Review Text: The cast is uniformly excellent and relaxed. Review Sentiment:',52657669657720546578743a2041206d696c642c2072656c756374616e742c207468756d627320646f776e2e205265766965772053656e74696d656e743a,52657669657720546578743a20546865206361737420697320756e69666f726d6c7920657863656c6c656e7420616e642072656c617865642e205265766965772053656e74696d656e743a,685421ac112893b88cd80690f1bac47c44a51ad685b53e099e720556d1f96880,6906572a04e988abddf44aeb4653f8594a75b486f2014d04bafc7d79bd2da129,"[50256, 14832, 8255, 25, 317, 11607, 11, 18416, 11, 32766, 866, 13, 6602, 11352, 3681, 25]","[50256, 14832, 8255, 25, 383, 3350, 318, 42096, 6275, 290, 18397, 13, 6602, 11352, 3681, 25]",16,16,True,"A mild, reluctant, thumbs down.",The cast is uniformly excellent and relaxed.,tigges,True
sst_tigges_pythia_correct_test,22,sst-19,sst-8164,1,0,Review Text: A masterpiece four years in the making. Review Sentiment:,Review Text: Much-anticipated and ultimately lackluster movie. Review Sentiment:,'Review Text: A masterpiece four years in the making. Review Sentiment:','Review Text: Much-anticipated and ultimately lackluster movie. Review Sentiment:',52657669657720546578743a2041206d6173746572706965636520666f757220796561727320696e20746865206d616b696e672e205265766965772053656e74696d656e743a,52657669657720546578743a204d7563682d616e74696369706174656420616e6420756c74696d6174656c79206c61636b6c7573746572206d6f7669652e205265766965772053656e74696d656e743a,01c64d4b615930821564ef9e7e52e3d39e4cbe3c00b4ab842e8a141c843f015c,376296637098b4aeccadfec1f885aac92c95e9803dd7f6ff5afb6925282392a5,"[50256, 14832, 8255, 25, 317, 30669, 1440, 812, 287, 262, 1642, 13, 6602, 11352, 3681, 25]","[50256, 14832, 8255, 25, 13111, 12, 45178, 290, 6165, 50146, 3807, 13, 6602, 11352, 3681, 25]",16,16,True,A masterpiece four years in the making.,Much-anticipated and ultimately lackluster movie.,tigges,True
sst_tigges_pythia_correct_test,23,sst-8164,sst-19,0,1,Review Text: Much-anticipated and ultimately lackluster movie. Review Sentiment:,Review Text: A masterpiece four years in the making. Review Sentiment:,'Review Text: Much-anticipated and ultimately lackluster movie. Review Sentiment:','Review Text: A masterpiece four years in the making. Review Sentiment:',52657669657720546578743a204d7563682d616e74696369706174656420616e6420756c74696d6174656c79206c61636b6c7573746572206d6f7669652e205265766965772053656e74696d656e743a,52657669657720546578743a2041206d6173746572706965636520666f757220796561727320696e20746865206d616b696e672e205265766965772053656e74696d656e743a,376296637098b4aeccadfec1f885aac92c95e9803dd7f6ff5afb6925282392a5,01c64d4b615930821564ef9e7e52e3d39e4cbe3c00b4ab842e8a141c843f015c,"[50256, 14832, 8255, 25, 13111, 12, 45178, 290, 6165, 50146, 3807, 13, 6602, 11352, 3681, 25]","[50256, 14832, 8255, 25, 317, 30669, 1440, 812, 287, 262, 1642, 13, 6602, 11352, 3681, 25]",16,16,True,Much-anticipated and ultimately lackluster movie.,A masterpiece four years in the making.,tigges,True
sst_tigges_pythia_correct_test,24,sst-3,sst-8592,1,0,Review Text: Effective but too-tepid biopic Review Sentiment:,Review Text: High Crimes miscasts nearly every leading character. Review Sentiment:,'Review Text: Effective but too-tepid biopic Review Sentiment:','Review Text: High Crimes miscasts nearly every leading character. Review Sentiment:',52657669657720546578743a204566666563746976652062757420746f6f2d74657069642062696f706963205265766965772053656e74696d656e743a,52657669657720546578743a2048696768204372696d6573206d69736361737473206e6561726c79206576657279206c656164696e67206368617261637465722e205265766965772053656e74696d656e743a,e3a6bfa73613add9f8014813523143264af36b2c5aa23f70c06334d9164995a5,33bb67824f1efa516f76c9c58a8ee6aaaea3c1f1630aa9fa6ac738e1ef6e920f,"[50256, 14832, 8255, 25, 29455, 475, 1165, 12, 83, 538, 312, 3182, 16603, 6602, 11352, 3681, 25]","[50256, 14832, 8255, 25, 3334, 32655, 12747, 5773, 3016, 790, 3756, 2095, 13, 6602, 11352, 3681, 25]",17,17,True,Effective but too-tepid biopic,High Crimes miscasts nearly every leading character.,tigges,True
sst_tigges_pythia_correct_test,25,sst-8592,sst-3,0,1,Review Text: High Crimes miscasts nearly every leading character. Review Sentiment:,Review Text: Effective but too-tepid biopic Review Sentiment:,'Review Text: High Crimes miscasts nearly every leading character. Review Sentiment:','Review Text: Effective but too-tepid biopic Review Sentiment:',52657669657720546578743a2048696768204372696d6573206d69736361737473206e6561726c79206576657279206c656164696e67206368617261637465722e205265766965772053656e74696d656e743a,52657669657720546578743a204566666563746976652062757420746f6f2d74657069642062696f706963205265766965772053656e74696d656e743a,33bb67824f1efa516f76c9c58a8ee6aaaea3c1f1630aa9fa6ac738e1ef6e920f,e3a6bfa73613add9f8014813523143264af36b2c5aa23f70c06334d9164995a5,"[50256, 14832, 8255, 25, 3334, 32655, 12747, 5773, 3016, 790, 3756, 2095, 13, 6602, 11352, 3681, 25]","[50256, 14832, 8255, 25, 29455, 475, 1165, 12, 83, 538, 312, 3182, 16603, 6602, 11352, 3681, 25]",17,17,True,High Crimes miscasts nearly every leading character.,Effective but too-tepid biopic,tigges,True
sst_tigges_pythia_correct_test,26,sst-306,sst-8712,1,0,"Review Text: The tone is balanced, reflective and reasonable. Review Sentiment:",Review Text: A predictable and stereotypical little B-movie. Review Sentiment:,"'Review Text: The tone is balanced, reflective and reasonable. Review Sentiment:'",'Review Text: A predictable and stereotypical little B-movie. Review Sentiment:',52657669657720546578743a2054686520746f6e652069732062616c616e6365642c207265666c65637469766520616e6420726561736f6e61626c652e205265766965772053656e74696d656e743a,52657669657720546578743a2041207072656469637461626c6520616e642073746572656f7479706963616c206c6974746c6520422d6d6f7669652e205265766965772053656e74696d656e743a,5ffb402b5e30178898efbd9fbdbc6d52f5453cc4b0bcff9a4200dcea614e7707,54569b073542b4a86f855d56105f86f05d988d16092f76de0f9dcf57a32cc991,"[50256, 14832, 8255, 25, 383, 8216, 318, 12974, 11, 28962, 290, 6397, 13, 6602, 11352, 3681, 25]","[50256, 14832, 8255, 25, 317, 20039, 290, 46112, 1310, 347, 12, 41364, 13, 6602, 11352, 3681, 25]",17,17,True,"The tone is balanced, reflective and reasonable.",A predictable and stereotypical little B-movie.,tigges,True
sst_tigges_pythia_correct_test,27,sst-8712,sst-306,0,1,Review Text: A predictable and stereotypical little B-movie. Review Sentiment:,"Review Text: The tone is balanced, reflective and reasonable. Review Sentiment:",'Review Text: A predictable and stereotypical little B-movie. Review Sentiment:',"'Review Text: The tone is balanced, reflective and reasonable. Review Sentiment:'",52657669657720546578743a2041207072656469637461626c6520616e642073746572656f7479706963616c206c6974746c6520422d6d6f7669652e205265766965772053656e74696d656e743a,52657669657720546578743a2054686520746f6e652069732062616c616e6365642c207265666c65637469766520616e6420726561736f6e61626c652e205265766965772053656e74696d656e743a,54569b073542b4a86f855d56105f86f05d988d16092f76de0f9dcf57a32cc991,5ffb402b5e30178898efbd9fbdbc6d52f5453cc4b0bcff9a4200dcea614e7707,"[50256, 14832, 8255, 25, 317, 20039, 290, 46112, 1310, 347, 12, 41364, 13, 6602, 11352, 3681, 25]","[50256, 14832, 8255, 25, 383, 8216, 318, 12974, 11, 28962, 290, 6397, 13, 6602, 11352, 3681, 25]",17,17,True,A predictable and stereotypical little B-movie.,"The tone is balanced, reflective and reasonable.",tigges,True
sst_tigges_pythia_correct_test,28,sst-8359,sst-8347,1,0,"Review Text: Oh, it's extreme, all right. Review Sentiment:",Review Text: Tom Green just gives them a bad odor. Review Sentiment:,"""Review Text: Oh, it's extreme, all right. Review Sentiment:""",'Review Text: Tom Green just gives them a bad odor. Review Sentiment:',52657669657720546578743a204f682c20697427732065787472656d652c20616c6c2072696768742e205265766965772053656e74696d656e743a,52657669657720546578743a20546f6d20477265656e206a757374206769766573207468656d206120626164206f646f722e205265766965772053656e74696d656e743a,a9902f9d54ccb23c9b929a06d8c708295751f266afc103fb2fc4c714b0f8b6d6,7bb524772840fbe6b1cbaafca16b18efc421132df2e29e9c4f9f9741c54e30c8,"[50256, 14832, 8255, 25, 3966, 11, 340, 338, 3257, 11, 477, 826, 13, 6602, 11352, 3681, 25]","[50256, 14832, 8255, 25, 4186, 3469, 655, 3607, 606, 257, 2089, 28192, 13, 6602, 11352, 3681, 25]",17,17,True,"Oh, it's extreme, all right.",Tom Green just gives them a bad odor.,tigges,True
sst_tigges_pythia_correct_test,29,sst-8347,sst-8359,0,1,Review Text: Tom Green just gives them a bad odor. Review Sentiment:,"Review Text: Oh, it's extreme, all right. Review Sentiment:",'Review Text: Tom Green just gives them a bad odor. Review Sentiment:',"""Review Text: Oh, it's extreme, all right. Review Sentiment:""",52657669657720546578743a20546f6d20477265656e206a757374206769766573207468656d206120626164206f646f722e205265766965772053656e74696d656e743a,52657669657720546578743a204f682c20697427732065787472656d652c20616c6c2072696768742e205265766965772053656e74696d656e743a,7bb524772840fbe6b1cbaafca16b18efc421132df2e29e9c4f9f9741c54e30c8,a9902f9d54ccb23c9b929a06d8c708295751f266afc103fb2fc4c714b0f8b6d6,"[50256, 14832, 8255, 25, 4186, 3469, 655, 3607, 606, 257, 2089, 28192, 13, 6602, 11352, 3681, 25]","[50256, 14832, 8255, 25, 3966, 11, 340, 338, 3257, 11, 477, 826, 13, 6602, 11352, 3681, 25]",17,17,True,Tom Green just gives them a bad odor.,"Oh, it's extreme, all right.",tigges,True
sst_tigges_pythia_correct_test,30,sst-350,sst-8215,1,0,Review Text: An intelligent fiction about learning through cultural clash. Review Sentiment:,Review Text: Godawful boring slug of a movie. Review Sentiment:,'Review Text: An intelligent fiction about learning through cultural clash. Review Sentiment:','Review Text: Godawful boring slug of a movie. Review Sentiment:',52657669657720546578743a20416e20696e74656c6c6967656e742066696374696f6e2061626f7574206c6561726e696e67207468726f7567682063756c747572616c20636c6173682e205265766965772053656e74696d656e743a,52657669657720546578743a20476f64617766756c20626f72696e6720736c7567206f662061206d6f7669652e205265766965772053656e74696d656e743a,4af3cb4a5faeae3f634dc51c34bb672f8a73d4a1ecf4553bd77635ce3f4d24df,92430e0442ac39370f98cdcef60ea380585a773dae764755188cec34e30db4e8,"[50256, 14832, 8255, 25, 1052, 12661, 10165, 546, 4673, 832, 6467, 19122, 13, 6602, 11352, 3681, 25]","[50256, 14832, 8255, 25, 1793, 707, 913, 14262, 31065, 286, 257, 3807, 13, 6602, 11352, 3681, 25]",17,17,True,An intelligent fiction about learning through cultural clash.,Godawful boring slug of a movie.,tigges,True
sst_tigges_pythia_correct_test,31,sst-8215,sst-350,0,1,Review Text: Godawful boring slug of a movie. Review Sentiment:,Review Text: An intelligent fiction about learning through cultural clash. Review Sentiment:,'Review Text: Godawful boring slug of a movie. Review Sentiment:','Review Text: An intelligent fiction about learning through cultural clash. Review Sentiment:',52657669657720546578743a20476f64617766756c20626f72696e6720736c7567206f662061206d6f7669652e205265766965772053656e74696d656e743a,52657669657720546578743a20416e20696e74656c6c6967656e742066696374696f6e2061626f7574206c6561726e696e67207468726f7567682063756c747572616c20636c6173682e205265766965772053656e74696d656e743a,92430e0442ac39370f98cdcef60ea380585a773dae764755188cec34e30db4e8,4af3cb4a5faeae3f634dc51c34bb672f8a73d4a1ecf4553bd77635ce3f4d24df,"[50256, 14832, 8255, 25, 1793, 707, 913, 14262, 31065, 286, 257, 3807, 13, 6602, 11352, 3681, 25]","[50256, 14832, 8255, 25, 1052, 12661, 10165, 546, 4673, 832, 6467, 19122, 13, 6602, 11352, 3681, 25]",17,17,True,Godawful boring slug of a movie.,An intelligent fiction about learning through cultural clash.,tigges,True
sst_tigges_pythia_correct_test,32,sst-396,sst-8473,1,0,Review Text: Jacquot's Tosca is a treat. Review Sentiment:,"Review Text: Now it's a bad, embarrassing movie. Review Sentiment:","""Review Text: Jacquot's Tosca is a treat. Review Sentiment:""","""Review Text: Now it's a bad, embarrassing movie. Review Sentiment:""",52657669657720546578743a204a616371756f74277320546f73636120697320612074726561742e205265766965772053656e74696d656e743a,52657669657720546578743a204e6f7720697427732061206261642c20656d62617272617373696e67206d6f7669652e205265766965772053656e74696d656e743a,f30eb0f27ada9cc903abad6b62a4840b8a7c8d23749b2ba9800b4d7d3f38de65,a0a27953d2cc0076d2f73c09c43743606395adfbd753c231a1d1443152e576d6,"[50256, 14832, 8255, 25, 44726, 313, 338, 40195, 6888, 318, 257, 2190, 13, 6602, 11352, 3681, 25]","[50256, 14832, 8255, 25, 2735, 340, 338, 257, 2089, 11, 18997, 3807, 13, 6602, 11352, 3681, 25]",17,17,True,Jacquot's Tosca is a treat.,"Now it's a bad, embarrassing movie.",tigges,True
sst_tigges_pythia_correct_test,33,sst-8473,sst-396,0,1,"Review Text: Now it's a bad, embarrassing movie. Review Sentiment:",Review Text: Jacquot's Tosca is a treat. Review Sentiment:,"""Review Text: Now it's a bad, embarrassing movie. Review Sentiment:""","""Review Text: Jacquot's Tosca is a treat. Review Sentiment:""",52657669657720546578743a204e6f7720697427732061206261642c20656d62617272617373696e67206d6f7669652e205265766965772053656e74696d656e743a,52657669657720546578743a204a616371756f74277320546f73636120697320612074726561742e205265766965772053656e74696d656e743a,a0a27953d2cc0076d2f73c09c43743606395adfbd753c231a1d1443152e576d6,f30eb0f27ada9cc903abad6b62a4840b8a7c8d23749b2ba9800b4d7d3f38de65,"[50256, 14832, 8255, 25, 2735, 340, 338, 257, 2089, 11, 18997, 3807, 13, 6602, 11352, 3681, 25]","[50256, 14832, 8255, 25, 44726, 313, 338, 40195, 6888, 318, 257, 2190, 13, 6602, 11352, 3681, 25]",17,17,True,"Now it's a bad, embarrassing movie.",Jacquot's Tosca is a treat.,tigges,True
sst_tigges_pythia_correct_test,34,sst-898,sst-8996,1,0,Review Text: A worthy entry into a very difficult genre. Review Sentiment:,Review Text: The story... is moldy and obvious. Review Sentiment:,'Review Text: A worthy entry into a very difficult genre. Review Sentiment:','Review Text: The story... is moldy and obvious. Review Sentiment:',52657669657720546578743a204120776f7274687920656e74727920696e746f2061207665727920646966666963756c742067656e72652e205265766965772053656e74696d656e743a,52657669657720546578743a205468652073746f72792e2e2e206973206d6f6c647920616e64206f6276696f75732e205265766965772053656e74696d656e743a,d45cc7db0970822bb31d56cc45518e49a14408630001926e8c9ace6c3d589c3a,bd2e76e14ce5e40744e5b305105eb954c783d42bfec508df93d877bf1ff3dc69,"[50256, 14832, 8255, 25, 317, 12733, 5726, 656, 257, 845, 2408, 12121, 13, 6602, 11352, 3681, 25]","[50256, 14832, 8255, 25, 383, 1621, 986, 318, 15936, 88, 290, 3489, 13, 6602, 11352, 3681, 25]",17,17,True,A worthy entry into a very difficult genre.,The story... is moldy and obvious.,tigges,True
sst_tigges_pythia_correct_test,35,sst-8996,sst-898,0,1,Review Text: The story... is moldy and obvious. Review Sentiment:,Review Text: A worthy entry into a very difficult genre. Review Sentiment:,'Review Text: The story... is moldy and obvious. Review Sentiment:','Review Text: A worthy entry into a very difficult genre. Review Sentiment:',52657669657720546578743a205468652073746f72792e2e2e206973206d6f6c647920616e64206f6276696f75732e205265766965772053656e74696d656e743a,52657669657720546578743a204120776f7274687920656e74727920696e746f2061207665727920646966666963756c742067656e72652e205265766965772053656e74696d656e743a,bd2e76e14ce5e40744e5b305105eb954c783d42bfec508df93d877bf1ff3dc69,d45cc7db0970822bb31d56cc45518e49a14408630001926e8c9ace6c3d589c3a,"[50256, 14832, 8255, 25, 383, 1621, 986, 318, 15936, 88, 290, 3489, 13, 6602, 11352, 3681, 25]","[50256, 14832, 8255, 25, 317, 12733, 5726, 656, 257, 845, 2408, 12121, 13, 6602, 11352, 3681, 25]",17,17,True,The story... is moldy and obvious.,A worthy entry into a very difficult genre.,tigges,True
sst_tigges_pythia_correct_test,36,sst-633,sst-8564,1,0,"Review Text: And in this regard, On Guard delivers. Review Sentiment:",Review Text: An awkward and indigestible movie. Review Sentiment:,"'Review Text: And in this regard, On Guard delivers. Review Sentiment:'",'Review Text: An awkward and indigestible movie. Review Sentiment:',52657669657720546578743a20416e6420696e2074686973207265676172642c204f6e2047756172642064656c69766572732e205265766965772053656e74696d656e743a,52657669657720546578743a20416e2061776b7761726420616e6420696e64696765737469626c65206d6f7669652e205265766965772053656e74696d656e743a,a1f9abc915e0215dea3c9366bf463ed37e132d72d30e8e2ca14589b9322a9e9a,3523d006206aaca7dc6564f1cfb4e6cd8bdcb34d6574a74f71efe07b854ab0e9,"[50256, 14832, 8255, 25, 843, 287, 428, 2754, 11, 1550, 4932, 16316, 13, 6602, 11352, 3681, 25]","[50256, 14832, 8255, 25, 1052, 13006, 290, 773, 328, 395, 856, 3807, 13, 6602, 11352, 3681, 25]",17,17,True,"And in this regard, On Guard delivers.",An awkward and indigestible movie.,tigges,True
sst_tigges_pythia_correct_test,37,sst-8564,sst-633,0,1,Review Text: An awkward and indigestible movie. Review Sentiment:,"Review Text: And in this regard, On Guard delivers. Review Sentiment:",'Review Text: An awkward and indigestible movie. Review Sentiment:',"'Review Text: And in this regard, On Guard delivers. Review Sentiment:'",52657669657720546578743a20416e2061776b7761726420616e6420696e64696765737469626c65206d6f7669652e205265766965772053656e74696d656e743a,52657669657720546578743a20416e6420696e2074686973207265676172642c204f6e2047756172642064656c69766572732e205265766965772053656e74696d656e743a,3523d006206aaca7dc6564f1cfb4e6cd8bdcb34d6574a74f71efe07b854ab0e9,a1f9abc915e0215dea3c9366bf463ed37e132d72d30e8e2ca14589b9322a9e9a,"[50256, 14832, 8255, 25, 1052, 13006, 290, 773, 328, 395, 856, 3807, 13, 6602, 11352, 3681, 25]","[50256, 14832, 8255, 25, 843, 287, 428, 2754, 11, 1550, 4932, 16316, 13, 6602, 11352, 3681, 25]",17,17,True,An awkward and indigestible movie.,"And in this regard, On Guard delivers.",tigges,True
sst_tigges_pythia_correct_test,38,sst-97,sst-8465,1,0,Review Text: The tenderness of the piece is still intact. Review Sentiment:,Review Text: An instant candidate for worst movie of the year. Review Sentiment:,'Review Text: The tenderness of the piece is still intact. Review Sentiment:','Review Text: An instant candidate for worst movie of the year. Review Sentiment:',52657669657720546578743a205468652074656e6465726e657373206f6620746865207069656365206973207374696c6c20696e746163742e205265766965772053656e74696d656e743a,52657669657720546578743a20416e20696e7374616e742063616e64696461746520666f7220776f727374206d6f766965206f662074686520796561722e205265766965772053656e74696d656e743a,f79900efea0dff1a118f38b3663d06c93dbd852289f2b3179c0c7ea5fa6403dc,8b2d48ca085103a2112eee4654c5bc3cbe43f81882d9f0f49e1538577133ae75,"[50256, 14832, 8255, 25, 383, 15403, 1108, 286, 262, 3704, 318, 991, 16572, 13, 6602, 11352, 3681, 25]","[50256, 14832, 8255, 25, 1052, 9113, 4540, 329, 5290, 3807, 286, 262, 614, 13, 6602, 11352, 3681, 25]",18,18,True,The tenderness of the piece is still intact.,An instant candidate for worst movie of the year.,tigges,True
sst_tigges_pythia_correct_test,39,sst-8465,sst-97,0,1,Review Text: An instant candidate for worst movie of the year. Review Sentiment:,Review Text: The tenderness of the piece is still intact. Review Sentiment:,'Review Text: An instant candidate for worst movie of the year. Review Sentiment:','Review Text: The tenderness of the piece is still intact. Review Sentiment:',52657669657720546578743a20416e20696e7374616e742063616e64696461746520666f7220776f727374206d6f766965206f662074686520796561722e205265766965772053656e74696d656e743a,52657669657720546578743a205468652074656e6465726e657373206f6620746865207069656365206973207374696c6c20696e746163742e205265766965772053656e74696d656e743a,8b2d48ca085103a2112eee4654c5bc3cbe43f81882d9f0f49e1538577133ae75,f79900efea0dff1a118f38b3663d06c93dbd852289f2b3179c0c7ea5fa6403dc,"[50256, 14832, 8255, 25, 1052, 9113, 4540, 329, 5290, 3807, 286, 262, 614, 13, 6602, 11352, 3681, 25]","[50256, 14832, 8255, 25, 383, 15403, 1108, 286, 262, 3704, 318, 991, 16572, 13, 6602, 11352, 3681, 25]",18,18,True,An instant candidate for worst movie of the year.,The tenderness of the piece is still intact.,tigges,True
sst_tigges_pythia_correct_test,40,sst-982,sst-8856,1,0,"Review Text: Marvelous, merry and, yes, melancholy film. Review Sentiment:",Review Text: The movie quickly drags on becoming boring and predictable. Review Sentiment:,"'Review Text: Marvelous, merry and, yes, melancholy film. Review Sentiment:'",'Review Text: The movie quickly drags on becoming boring and predictable. Review Sentiment:',52657669657720546578743a204d617276656c6f75732c206d6572727920616e642c207965732c206d656c616e63686f6c792066696c6d2e205265766965772053656e74696d656e743a,52657669657720546578743a20546865206d6f76696520717569636b6c79206472616773206f6e206265636f6d696e6720626f72696e6720616e64207072656469637461626c652e205265766965772053656e74696d656e743a,f8710f596bdbb5b52ff0eeb7cb53803a154ec00779d530e6c72fb6f89597c378,83ffee550bf0603b2ef7d28efe7fb513801ce320e7c5bfed53474466f8c4985c,"[50256, 14832, 8255, 25, 9923, 516, 11, 44570, 290, 11, 3763, 11, 47886, 2646, 13, 6602, 11352, 3681, 25]","[50256, 14832, 8255, 25, 383, 3807, 2952, 1553, 3775, 319, 5033, 14262, 290, 20039, 13, 6602, 11352, 3681, 25]",19,19,True,"Marvelous, merry and, yes, melancholy film.",The movie quickly drags on becoming boring and predictable.,tigges,True
sst_tigges_pythia_correct_test,41,sst-8856,sst-982,0,1,Review Text: The movie quickly drags on becoming boring and predictable. Review Sentiment:,"Review Text: Marvelous, merry and, yes, melancholy film. Review Sentiment:",'Review Text: The movie quickly drags on becoming boring and predictable. Review Sentiment:',"'Review Text: Marvelous, merry and, yes, melancholy film. Review Sentiment:'",52657669657720546578743a20546865206d6f76696520717569636b6c79206472616773206f6e206265636f6d696e6720626f72696e6720616e64207072656469637461626c652e205265766965772053656e74696d656e743a,52657669657720546578743a204d617276656c6f75732c206d6572727920616e642c207965732c206d656c616e63686f6c792066696c6d2e205265766965772053656e74696d656e743a,83ffee550bf0603b2ef7d28efe7fb513801ce320e7c5bfed53474466f8c4985c,f8710f596bdbb5b52ff0eeb7cb53803a154ec00779d530e6c72fb6f89597c378,"[50256, 14832, 8255, 25, 383, 3807, 2952, 1553, 3775, 319, 5033, 14262, 290, 20039, 13, 6602, 11352, 3681, 25]","[50256, 14832, 8255, 25, 9923, 516, 11, 44570, 290, 11, 3763, 11, 47886, 2646, 13, 6602, 11352, 3681, 25]",19,19,True,The movie quickly drags on becoming boring and predictable.,"Marvelous, merry and, yes, melancholy film.",tigges,True
sst_tigges_pythia_correct_test,42,sst-533,sst-8296,1,0,Review Text: This is a very fine movie--go see it. Review Sentiment:,"Review Text: When the plot kicks in, the film loses credibility. Review Sentiment:",'Review Text: This is a very fine movie--go see it. Review Sentiment:',"'Review Text: When the plot kicks in, the film loses credibility. Review Sentiment:'",52657669657720546578743a2054686973206973206120766572792066696e65206d6f7669652d2d676f207365652069742e205265766965772053656e74696d656e743a,52657669657720546578743a205768656e2074686520706c6f74206b69636b7320696e2c207468652066696c6d206c6f73657320637265646962696c6974792e205265766965772053656e74696d656e743a,7ce5296be0e735096e1cb23cdb5ed74f411ac485023c142d77b798c92b1bed76,41b64bd2ee806f599aef30db89e7c22ea6cfb1ba3f29d8e11f2583d6e06cbe83,"[50256, 14832, 8255, 25, 770, 318, 257, 845, 3734, 3807, 438, 2188, 766, 340, 13, 6602, 11352, 3681, 25]","[50256, 14832, 8255, 25, 1649, 262, 7110, 17364, 287, 11, 262, 2646, 14754, 16532, 13, 6602, 11352, 3681, 25]",19,19,True,This is a very fine movie--go see it.,"When the plot kicks in, the film loses credibility.",tigges,True
sst_tigges_pythia_correct_test,43,sst-8296,sst-533,0,1,"Review Text: When the plot kicks in, the film loses credibility. Review Sentiment:",Review Text: This is a very fine movie--go see it. Review Sentiment:,"'Review Text: When the plot kicks in, the film loses credibility. Review Sentiment:'",'Review Text: This is a very fine movie--go see it. Review Sentiment:',52657669657720546578743a205768656e2074686520706c6f74206b69636b7320696e2c207468652066696c6d206c6f73657320637265646962696c6974792e205265766965772053656e74696d656e743a,52657669657720546578743a2054686973206973206120766572792066696e65206d6f7669652d2d676f207365652069742e205265766965772053656e74696d656e743a,41b64bd2ee806f599aef30db89e7c22ea6cfb1ba3f29d8e11f2583d6e06cbe83,7ce5296be0e735096e1cb23cdb5ed74f411ac485023c142d77b798c92b1bed76,"[50256, 14832, 8255, 25, 1649, 262, 7110, 17364, 287, 11, 262, 2646, 14754, 16532, 13, 6602, 11352, 3681, 25]","[50256, 14832, 8255, 25, 770, 318, 257, 845, 3734, 3807, 438, 2188, 766, 340, 13, 6602, 11352, 3681, 25]",19,19,True,"When the plot kicks in, the film loses credibility.",This is a very fine movie--go see it.,tigges,True
sst_tigges_pythia_correct_test,44,sst-890,sst-8508,1,0,Review Text: Davis has filled out his cast with appealing fresh faces. Review Sentiment:,Review Text: Flaccid drama and exasperatingly slow journey. Review Sentiment:,'Review Text: Davis has filled out his cast with appealing fresh faces. Review Sentiment:','Review Text: Flaccid drama and exasperatingly slow journey. Review Sentiment:',52657669657720546578743a204461766973206861732066696c6c6564206f757420686973206361737420776974682061707065616c696e672066726573682066616365732e205265766965772053656e74696d656e743a,52657669657720546578743a20466c6163636964206472616d6120616e6420657861737065726174696e676c7920736c6f77206a6f75726e65792e205265766965772053656e74696d656e743a,b5190cf76cd468c2e21bec463e0723c507380d2c1700c20d3e8e24b005a34fb2,2f2e3016174fc7d66f04def3cfc6ac0fc04f4ef7e5336e12cec1bf19c9c81f92,"[50256, 14832, 8255, 25, 7802, 468, 5901, 503, 465, 3350, 351, 16403, 4713, 6698, 13, 6602, 11352, 3681, 25]","[50256, 14832, 8255, 25, 1610, 4134, 312, 10512, 290, 41851, 803, 306, 3105, 7002, 13, 6602, 11352, 3681, 25]",19,19,True,Davis has filled out his cast with appealing fresh faces.,Flaccid drama and exasperatingly slow journey.,tigges,True
sst_tigges_pythia_correct_test,45,sst-8508,sst-890,0,1,Review Text: Flaccid drama and exasperatingly slow journey. Review Sentiment:,Review Text: Davis has filled out his cast with appealing fresh faces. Review Sentiment:,'Review Text: Flaccid drama and exasperatingly slow journey. Review Sentiment:','Review Text: Davis has filled out his cast with appealing fresh faces. Review Sentiment:',52657669657720546578743a20466c6163636964206472616d6120616e6420657861737065726174696e676c7920736c6f77206a6f75726e65792e205265766965772053656e74696d656e743a,52657669657720546578743a204461766973206861732066696c6c6564206f757420686973206361737420776974682061707065616c696e672066726573682066616365732e205265766965772053656e74696d656e743a,2f2e3016174fc7d66f04def3cfc6ac0fc04f4ef7e5336e12cec1bf19c9c81f92,b5190cf76cd468c2e21bec463e0723c507380d2c1700c20d3e8e24b005a34fb2,"[50256, 14832, 8255, 25, 1610, 4134, 312, 10512, 290, 41851, 803, 306, 3105, 7002, 13, 6602, 11352, 3681, 25]","[50256, 14832, 8255, 25, 7802, 468, 5901, 503, 465, 3350, 351, 16403, 4713, 6698, 13, 6602, 11352, 3681, 25]",19,19,True,Flaccid drama and exasperatingly slow journey.,Davis has filled out his cast with appealing fresh faces.,tigges,True
sst_tigges_pythia_correct_test,46,sst-811,sst-8288,1,0,"Review Text: Sharp, lively, funny and ultimately sobering film. Review Sentiment:",Review Text: Mocking them now is an exercise in pointlessness. Review Sentiment:,"'Review Text: Sharp, lively, funny and ultimately sobering film. Review Sentiment:'",'Review Text: Mocking them now is an exercise in pointlessness. Review Sentiment:',52657669657720546578743a2053686172702c206c6976656c792c2066756e6e7920616e6420756c74696d6174656c7920736f626572696e672066696c6d2e205265766965772053656e74696d656e743a,52657669657720546578743a204d6f636b696e67207468656d206e6f7720697320616e20657865726369736520696e20706f696e746c6573736e6573732e205265766965772053656e74696d656e743a,47b1afaa70994c767f8689c7d12c278af5cbfc4c0c46f121b9b0a48000fe305f,a21e76ef40093d142a29fc640065ac9391e0763d139b85892b9b2b8111730c8e,"[50256, 14832, 8255, 25, 22835, 11, 29696, 11, 8258, 290, 6165, 24281, 278, 2646, 13, 6602, 11352, 3681, 25]","[50256, 14832, 8255, 25, 337, 8629, 606, 783, 318, 281, 5517, 287, 966, 17587, 13, 6602, 11352, 3681, 25]",19,19,True,"Sharp, lively, funny and ultimately sobering film.",Mocking them now is an exercise in pointlessness.,tigges,True
sst_tigges_pythia_correct_test,47,sst-8288,sst-811,0,1,Review Text: Mocking them now is an exercise in pointlessness. Review Sentiment:,"Review Text: Sharp, lively, funny and ultimately sobering film. Review Sentiment:",'Review Text: Mocking them now is an exercise in pointlessness. Review Sentiment:',"'Review Text: Sharp, lively, funny and ultimately sobering film. Review Sentiment:'",52657669657720546578743a204d6f636b696e67207468656d206e6f7720697320616e20657865726369736520696e20706f696e746c6573736e6573732e205265766965772053656e74696d656e743a,52657669657720546578743a2053686172702c206c6976656c792c2066756e6e7920616e6420756c74696d6174656c7920736f626572696e672066696c6d2e205265766965772053656e74696d656e743a,a21e76ef40093d142a29fc640065ac9391e0763d139b85892b9b2b8111730c8e,47b1afaa70994c767f8689c7d12c278af5cbfc4c0c46f121b9b0a48000fe305f,"[50256, 14832, 8255, 25, 337, 8629, 606, 783, 318, 281, 5517, 287, 966, 17587, 13, 6602, 11352, 3681, 25]","[50256, 14832, 8255, 25, 22835, 11, 29696, 11, 8258, 290, 6165, 24281, 278, 2646, 13, 6602, 11352, 3681, 25]",19,19,True,Mocking them now is an exercise in pointlessness.,"Sharp, lively, funny and ultimately sobering film.",tigges,True
sst_tigges_pythia_correct_test,48,sst-755,sst-8513,1,0,Review Text: A refreshingly authentic coming-of-age tale. Review Sentiment:,"Review Text: A trashy, exploitative, thoroughly unpleasant experience. Review Sentiment:",'Review Text: A refreshingly authentic coming-of-age tale. Review Sentiment:',"'Review Text: A trashy, exploitative, thoroughly unpleasant experience. Review Sentiment:'",52657669657720546578743a20412072656672657368696e676c792061757468656e74696320636f6d696e672d6f662d6167652074616c652e205265766965772053656e74696d656e743a,52657669657720546578743a2041207472617368792c206578706c6f697461746976652c2074686f726f7567686c7920756e706c656173616e7420657870657269656e63652e205265766965772053656e74696d656e743a,33f77612192a8ef9a9c6c355d438a3147cf01f93f71547adfa191c35246d6464,bf9244dbc71c23edaf33a7a672d1db7234cd593c723aa44aa90f862decf73ac2,"[50256, 14832, 8255, 25, 317, 23056, 306, 16425, 2406, 12, 1659, 12, 496, 12838, 13, 6602, 11352, 3681, 25]","[50256, 14832, 8255, 25, 317, 13913, 88, 11, 6694, 12464, 11, 13770, 22029, 1998, 13, 6602, 11352, 3681, 25]",19,19,True,A refreshingly authentic coming-of-age tale.,"A trashy, exploitative, thoroughly unpleasant experience.",tigges,True
sst_tigges_pythia_correct_test,49,sst-8513,sst-755,0,1,"Review Text: A trashy, exploitative, thoroughly unpleasant experience. Review Sentiment:",Review Text: A refreshingly authentic coming-of-age tale. Review Sentiment:,"'Review Text: A trashy, exploitative, thoroughly unpleasant experience. Review Sentiment:'",'Review Text: A refreshingly authentic coming-of-age tale. Review Sentiment:',52657669657720546578743a2041207472617368792c206578706c6f697461746976652c2074686f726f7567686c7920756e706c656173616e7420657870657269656e63652e205265766965772053656e74696d656e743a,52657669657720546578743a20412072656672657368696e676c792061757468656e74696320636f6d696e672d6f662d6167652074616c652e205265766965772053656e74696d656e743a,bf9244dbc71c23edaf33a7a672d1db7234cd593c723aa44aa90f862decf73ac2,33f77612192a8ef9a9c6c355d438a3147cf01f93f71547adfa191c35246d6464,"[50256, 14832, 8255, 25, 317, 13913, 88, 11, 6694, 12464, 11, 13770, 22029, 1998, 13, 6602, 11352, 3681, 25]","[50256, 14832, 8255, 25, 317, 23056, 306, 16425, 2406, 12, 1659, 12, 496, 12838, 13, 6602, 11352, 3681, 25]",19,19,True,"A trashy, exploitative, thoroughly unpleasant experience.",A refreshingly authentic coming-of-age tale.,tigges,True
sst_tigges_pythia_correct_test,50,sst-922,sst-8206,1,0,"Review Text: An elegant, exquisitely modulated psychological thriller. Review Sentiment:",Review Text: A didactic and dull documentary glorifying software anarchy. Review Sentiment:,"'Review Text: An elegant, exquisitely modulated psychological thriller. Review Sentiment:'",'Review Text: A didactic and dull documentary glorifying software anarchy. Review Sentiment:',52657669657720546578743a20416e20656c6567616e742c206578717569736974656c79206d6f64756c617465642070737963686f6c6f676963616c20746872696c6c65722e205265766965772053656e74696d656e743a,52657669657720546578743a204120646964616374696320616e642064756c6c20646f63756d656e7461727920676c6f72696679696e6720736f66747761726520616e61726368792e205265766965772053656e74696d656e743a,b9d8649dd449b3eec549500c6cd33c71e1ce77969fc461dc4b23b725a9388407,3ab2c073825ebe695821253c2602eb2c7ff41634cec001ecb370cb4e717c4431,"[50256, 14832, 8255, 25, 1052, 19992, 11, 33954, 271, 3973, 953, 4817, 10590, 32251, 13, 6602, 11352, 3681, 25]","[50256, 14832, 8255, 25, 317, 750, 12009, 290, 19222, 11648, 26996, 4035, 3788, 42856, 13, 6602, 11352, 3681, 25]",19,19,True,"An elegant, exquisitely modulated psychological thriller.",A didactic and dull documentary glorifying software anarchy.,tigges,True
sst_tigges_pythia_correct_test,51,sst-8206,sst-922,0,1,Review Text: A didactic and dull documentary glorifying software anarchy. Review Sentiment:,"Review Text: An elegant, exquisitely modulated psychological thriller. Review Sentiment:",'Review Text: A didactic and dull documentary glorifying software anarchy. Review Sentiment:',"'Review Text: An elegant, exquisitely modulated psychological thriller. Review Sentiment:'",52657669657720546578743a204120646964616374696320616e642064756c6c20646f63756d656e7461727920676c6f72696679696e6720736f66747761726520616e61726368792e205265766965772053656e74696d656e743a,52657669657720546578743a20416e20656c6567616e742c206578717569736974656c79206d6f64756c617465642070737963686f6c6f676963616c20746872696c6c65722e205265766965772053656e74696d656e743a,3ab2c073825ebe695821253c2602eb2c7ff41634cec001ecb370cb4e717c4431,b9d8649dd449b3eec549500c6cd33c71e1ce77969fc461dc4b23b725a9388407,"[50256, 14832, 8255, 25, 317, 750, 12009, 290, 19222, 11648, 26996, 4035, 3788, 42856, 13, 6602, 11352, 3681, 25]","[50256, 14832, 8255, 25, 1052, 19992, 11, 33954, 271, 3973, 953, 4817, 10590, 32251, 13, 6602, 11352, 3681, 25]",19,19,True,A didactic and dull documentary glorifying software anarchy.,"An elegant, exquisitely modulated psychological thriller.",tigges,True
sst_tigges_pythia_correct_test,52,sst-737,sst-8169,1,0,"Review Text: A deliciously mordant, bitter black comedy. Review Sentiment:",Review Text: Neither funny nor suspenseful nor particularly well-drawn. Review Sentiment:,"'Review Text: A deliciously mordant, bitter black comedy. Review Sentiment:'",'Review Text: Neither funny nor suspenseful nor particularly well-drawn. Review Sentiment:',52657669657720546578743a20412064656c6963696f75736c79206d6f7264616e742c2062697474657220626c61636b20636f6d6564792e205265766965772053656e74696d656e743a,52657669657720546578743a204e6569746865722066756e6e79206e6f722073757370656e736566756c206e6f7220706172746963756c61726c792077656c6c2d647261776e2e205265766965772053656e74696d656e743a,fb06ad25c9c414d76cb9b9a2761539775eb6dbce029846b61ed42e1211318f31,af0b47987496ac2f148be97a4883e7162b445eaaeb9af112a98eb04a3edbcea6,"[50256, 14832, 8255, 25, 317, 8675, 6819, 285, 585, 415, 11, 12922, 2042, 10997, 13, 6602, 11352, 3681, 25]","[50256, 14832, 8255, 25, 16126, 8258, 4249, 43527, 913, 4249, 3573, 880, 12, 41549, 13, 6602, 11352, 3681, 25]",19,19,True,"A deliciously mordant, bitter black comedy.",Neither funny nor suspenseful nor particularly well-drawn.,tigges,True
sst_tigges_pythia_correct_test,53,sst-8169,sst-737,0,1,Review Text: Neither funny nor suspenseful nor particularly well-drawn. Review Sentiment:,"Review Text: A deliciously mordant, bitter black comedy. Review Sentiment:",'Review Text: Neither funny nor suspenseful nor particularly well-drawn. Review Sentiment:',"'Review Text: A deliciously mordant, bitter black comedy. Review Sentiment:'",52657669657720546578743a204e6569746865722066756e6e79206e6f722073757370656e736566756c206e6f7220706172746963756c61726c792077656c6c2d647261776e2e205265766965772053656e74696d656e743a,52657669657720546578743a20412064656c6963696f75736c79206d6f7264616e742c2062697474657220626c61636b20636f6d6564792e205265766965772053656e74696d656e743a,af0b47987496ac2f148be97a4883e7162b445eaaeb9af112a98eb04a3edbcea6,fb06ad25c9c414d76cb9b9a2761539775eb6dbce029846b61ed42e1211318f31,"[50256, 14832, 8255, 25, 16126, 8258, 4249, 43527, 913, 4249, 3573, 880, 12, 41549, 13, 6602, 11352, 3681, 25]","[50256, 14832, 8255, 25, 317, 8675, 6819, 285, 585, 415, 11, 12922, 2042, 10997, 13, 6602, 11352, 3681, 25]",19,19,True,Neither funny nor suspenseful nor particularly well-drawn.,"A deliciously mordant, bitter black comedy.",tigges,True
sst_tigges_pythia_correct_test,54,sst-8312,sst-8297,1,0,Review Text: What would Jesus do if He was a film director? Review Sentiment:,Review Text: Credibility sinks into a mire of sentiment. Review Sentiment:,'Review Text: What would Jesus do if He was a film director? Review Sentiment:','Review Text: Credibility sinks into a mire of sentiment. Review Sentiment:',52657669657720546578743a205768617420776f756c64204a6573757320646f2069662048652077617320612066696c6d206469726563746f723f205265766965772053656e74696d656e743a,52657669657720546578743a20437265646962696c6974792073696e6b7320696e746f2061206d697265206f662073656e74696d656e742e205265766965772053656e74696d656e743a,079893fff6059c6211600a9f7629efd6f13f840015f8f8309b61ab67a50bae88,7ec108f3017d1ee0a83c81fe9f8d5063210023386df8c71365b3d27e83be1579,"[50256, 14832, 8255, 25, 1867, 561, 5803, 466, 611, 679, 373, 257, 2646, 3437, 30, 6602, 11352, 3681, 25]","[50256, 14832, 8255, 25, 327, 445, 2247, 38614, 656, 257, 285, 557, 286, 15598, 13, 6602, 11352, 3681, 25]",19,19,True,What would Jesus do if He was a film director?,Credibility sinks into a mire of sentiment.,tigges,True
sst_tigges_pythia_correct_test,55,sst-8297,sst-8312,0,1,Review Text: Credibility sinks into a mire of sentiment. Review Sentiment:,Review Text: What would Jesus do if He was a film director? Review Sentiment:,'Review Text: Credibility sinks into a mire of sentiment. Review Sentiment:','Review Text: What would Jesus do if He was a film director? Review Sentiment:',52657669657720546578743a20437265646962696c6974792073696e6b7320696e746f2061206d697265206f662073656e74696d656e742e205265766965772053656e74696d656e743a,52657669657720546578743a205768617420776f756c64204a6573757320646f2069662048652077617320612066696c6d206469726563746f723f205265766965772053656e74696d656e743a,7ec108f3017d1ee0a83c81fe9f8d5063210023386df8c71365b3d27e83be1579,079893fff6059c6211600a9f7629efd6f13f840015f8f8309b61ab67a50bae88,"[50256, 14832, 8255, 25, 327, 445, 2247, 38614, 656, 257, 285, 557, 286, 15598, 13, 6602, 11352, 3681, 25]","[50256, 14832, 8255, 25, 1867, 561, 5803, 466, 611, 679, 373, 257, 2646, 3437, 30, 6602, 11352, 3681, 25]",19,19,True,Credibility sinks into a mire of sentiment.,What would Jesus do if He was a film director?,tigges,True
sst_tigges_pythia_correct_test,56,sst-712,sst-8273,1,0,Review Text: Binoche and Magimel are perfect in these roles. Review Sentiment:,"Review Text: Scotland, Pa. is a strangely drab romp. Review Sentiment:",'Review Text: Binoche and Magimel are perfect in these roles. Review Sentiment:',"'Review Text: Scotland, Pa. is a strangely drab romp. Review Sentiment:'",52657669657720546578743a2042696e6f63686520616e64204d6167696d656c20617265207065726665637420696e20746865736520726f6c65732e205265766965772053656e74696d656e743a,52657669657720546578743a2053636f746c616e642c2050612e206973206120737472616e67656c79206472616220726f6d702e205265766965772053656e74696d656e743a,52e0823f6e1477d52538654274b16def31c4d1d099cdf80f26bbb2d0ab4db4d6,a94f982a655c38d7f3ddb80377c71201c15f45a5dfc5c0ce48accec178c6299c,"[50256, 14832, 8255, 25, 20828, 30848, 290, 2944, 320, 417, 389, 2818, 287, 777, 9176, 13, 6602, 11352, 3681, 25]","[50256, 14832, 8255, 25, 8838, 11, 11243, 13, 318, 257, 29381, 1553, 397, 374, 3361, 13, 6602, 11352, 3681, 25]",20,20,True,Binoche and Magimel are perfect in these roles.,"Scotland, Pa. is a strangely drab romp.",tigges,True
sst_tigges_pythia_correct_test,57,sst-8273,sst-712,0,1,"Review Text: Scotland, Pa. is a strangely drab romp. Review Sentiment:",Review Text: Binoche and Magimel are perfect in these roles. Review Sentiment:,"'Review Text: Scotland, Pa. is a strangely drab romp. Review Sentiment:'",'Review Text: Binoche and Magimel are perfect in these roles. Review Sentiment:',52657669657720546578743a2053636f746c616e642c2050612e206973206120737472616e67656c79206472616220726f6d702e205265766965772053656e74696d656e743a,52657669657720546578743a2042696e6f63686520616e64204d6167696d656c20617265207065726665637420696e20746865736520726f6c65732e205265766965772053656e74696d656e743a,a94f982a655c38d7f3ddb80377c71201c15f45a5dfc5c0ce48accec178c6299c,52e0823f6e1477d52538654274b16def31c4d1d099cdf80f26bbb2d0ab4db4d6,"[50256, 14832, 8255, 25, 8838, 11, 11243, 13, 318, 257, 29381, 1553, 397, 374, 3361, 13, 6602, 11352, 3681, 25]","[50256, 14832, 8255, 25, 20828, 30848, 290, 2944, 320, 417, 389, 2818, 287, 777, 9176, 13, 6602, 11352, 3681, 25]",20,20,True,"Scotland, Pa. is a strangely drab romp.",Binoche and Magimel are perfect in these roles.,tigges,True
sst_tigges_pythia_correct_test,58,sst-8013,sst-8318,1,0,"Review Text: When it's all wet, Blue Crush is highly enjoyable. Review Sentiment:","Review Text: Still, this thing feels flimsy and ephemeral. Review Sentiment:","""Review Text: When it's all wet, Blue Crush is highly enjoyable. Review Sentiment:""","'Review Text: Still, this thing feels flimsy and ephemeral. Review Sentiment:'",52657669657720546578743a205768656e206974277320616c6c207765742c20426c756520437275736820697320686967686c7920656e6a6f7961626c652e205265766965772053656e74696d656e743a,52657669657720546578743a205374696c6c2c2074686973207468696e67206665656c7320666c696d737920616e6420657068656d6572616c2e205265766965772053656e74696d656e743a,16c170f39951fafb1440301aa8ee30631cf8b9d7600217e547292b31c39df919,de1a9157d9c9aa1e699b5354ef44bdf6e4c5a81f94c70d70d8e81fc188a1023e,"[50256, 14832, 8255, 25, 1649, 340, 338, 477, 9583, 11, 4518, 40104, 318, 4047, 20050, 13, 6602, 11352, 3681, 25]","[50256, 14832, 8255, 25, 7831, 11, 428, 1517, 5300, 781, 48295, 290, 2462, 39557, 282, 13, 6602, 11352, 3681, 25]",20,20,True,"When it's all wet, Blue Crush is highly enjoyable.","Still, this thing feels flimsy and ephemeral.",tigges,True
sst_tigges_pythia_correct_test,59,sst-8318,sst-8013,0,1,"Review Text: Still, this thing feels flimsy and ephemeral. Review Sentiment:","Review Text: When it's all wet, Blue Crush is highly enjoyable. Review Sentiment:","'Review Text: Still, this thing feels flimsy and ephemeral. Review Sentiment:'","""Review Text: When it's all wet, Blue Crush is highly enjoyable. Review Sentiment:""",52657669657720546578743a205374696c6c2c2074686973207468696e67206665656c7320666c696d737920616e6420657068656d6572616c2e205265766965772053656e74696d656e743a,52657669657720546578743a205768656e206974277320616c6c207765742c20426c756520437275736820697320686967686c7920656e6a6f7961626c652e205265766965772053656e74696d656e743a,de1a9157d9c9aa1e699b5354ef44bdf6e4c5a81f94c70d70d8e81fc188a1023e,16c170f39951fafb1440301aa8ee30631cf8b9d7600217e547292b31c39df919,"[50256, 14832, 8255, 25, 7831, 11, 428, 1517, 5300, 781, 48295, 290, 2462, 39557, 282, 13, 6602, 11352, 3681, 25]","[50256, 14832, 8255, 25, 1649, 340, 338, 477, 9583, 11, 4518, 40104, 318, 4047, 20050, 13, 6602, 11352, 3681, 25]",20,20,True,"Still, this thing feels flimsy and ephemeral.","When it's all wet, Blue Crush is highly enjoyable.",tigges,True
sst_tigges_pythia_correct_test,60,sst-8644,sst-8707,1,0,Review Text: Despite some gulps the film is a fuzzy huggy. Review Sentiment:,Review Text: There is not an ounce of honesty in the entire production. Review Sentiment:,'Review Text: Despite some gulps the film is a fuzzy huggy. Review Sentiment:','Review Text: There is not an ounce of honesty in the entire production. Review Sentiment:',52657669657720546578743a204465737069746520736f6d652067756c7073207468652066696c6d20697320612066757a7a792068756767792e205265766965772053656e74696d656e743a,52657669657720546578743a205468657265206973206e6f7420616e206f756e6365206f6620686f6e6573747920696e2074686520656e746972652070726f64756374696f6e2e205265766965772053656e74696d656e743a,4a71cfd227b3acaf5ec7826704c1f783cc6d033e024f2272474c03d0fe132984,9821be6c4eb9f3871d2bbe6be3d1812d22223552f0989778889d44384888ff97,"[50256, 14832, 8255, 25, 7945, 617, 47161, 862, 262, 2646, 318, 257, 34669, 16225, 1360, 13, 6602, 11352, 3681, 25]","[50256, 14832, 8255, 25, 1318, 318, 407, 281, 25799, 286, 24345, 287, 262, 2104, 3227, 13, 6602, 11352, 3681, 25]",20,20,True,Despite some gulps the film is a fuzzy huggy.,There is not an ounce of honesty in the entire production.,tigges,True
sst_tigges_pythia_correct_test,61,sst-8707,sst-8644,0,1,Review Text: There is not an ounce of honesty in the entire production. Review Sentiment:,Review Text: Despite some gulps the film is a fuzzy huggy. Review Sentiment:,'Review Text: There is not an ounce of honesty in the entire production. Review Sentiment:','Review Text: Despite some gulps the film is a fuzzy huggy. Review Sentiment:',52657669657720546578743a205468657265206973206e6f7420616e206f756e6365206f6620686f6e6573747920696e2074686520656e746972652070726f64756374696f6e2e205265766965772053656e74696d656e743a,52657669657720546578743a204465737069746520736f6d652067756c7073207468652066696c6d20697320612066757a7a792068756767792e205265766965772053656e74696d656e743a,9821be6c4eb9f3871d2bbe6be3d1812d22223552f0989778889d44384888ff97,4a71cfd227b3acaf5ec7826704c1f783cc6d033e024f2272474c03d0fe132984,"[50256, 14832, 8255, 25, 1318, 318, 407, 281, 25799, 286, 24345, 287, 262, 2104, 3227, 13, 6602, 11352, 3681, 25]","[50256, 14832, 8255, 25, 7945, 617, 47161, 862, 262, 2646, 318, 257, 34669, 16225, 1360, 13, 6602, 11352, 3681, 25]",20,20,True,There is not an ounce of honesty in the entire production.,Despite some gulps the film is a fuzzy huggy.,tigges,True
sst_tigges_pythia_correct_test,62,sst-21,sst-8436,1,0,Review Text: Offers a breath of the fresh air of true sophistication. Review Sentiment:,"Review Text: Even as lame horror flicks go, this is lame. Review Sentiment:",'Review Text: Offers a breath of the fresh air of true sophistication. Review Sentiment:',"'Review Text: Even as lame horror flicks go, this is lame. Review Sentiment:'",52657669657720546578743a204f6666657273206120627265617468206f662074686520667265736820616972206f66207472756520736f706869737469636174696f6e2e205265766965772053656e74696d656e743a,52657669657720546578743a204576656e206173206c616d6520686f72726f7220666c69636b7320676f2c2074686973206973206c616d652e205265766965772053656e74696d656e743a,d21f84012a4ebfbd874a2658906fab63aa6b14752c6b50984764eee11f129ff8,c0e471e1a3f79bfd3dd1f637d45e727558e5aff1e8716d6ec58bd449ee454754,"[50256, 14832, 8255, 25, 3242, 364, 257, 8033, 286, 262, 4713, 1633, 286, 2081, 44809, 13, 6602, 11352, 3681, 25]","[50256, 14832, 8255, 25, 3412, 355, 30248, 9961, 277, 49191, 467, 11, 428, 318, 30248, 13, 6602, 11352, 3681, 25]",20,20,True,Offers a breath of the fresh air of true sophistication.,"Even as lame horror flicks go, this is lame.",tigges,True
sst_tigges_pythia_correct_test,63,sst-8436,sst-21,0,1,"Review Text: Even as lame horror flicks go, this is lame. Review Sentiment:",Review Text: Offers a breath of the fresh air of true sophistication. Review Sentiment:,"'Review Text: Even as lame horror flicks go, this is lame. Review Sentiment:'",'Review Text: Offers a breath of the fresh air of true sophistication. Review Sentiment:',52657669657720546578743a204576656e206173206c616d6520686f72726f7220666c69636b7320676f2c2074686973206973206c616d652e205265766965772053656e74696d656e743a,52657669657720546578743a204f6666657273206120627265617468206f662074686520667265736820616972206f66207472756520736f706869737469636174696f6e2e205265766965772053656e74696d656e743a,c0e471e1a3f79bfd3dd1f637d45e727558e5aff1e8716d6ec58bd449ee454754,d21f84012a4ebfbd874a2658906fab63aa6b14752c6b50984764eee11f129ff8,"[50256, 14832, 8255, 25, 3412, 355, 30248, 9961, 277, 49191, 467, 11, 428, 318, 30248, 13, 6602, 11352, 3681, 25]","[50256, 14832, 8255, 25, 3242, 364, 257, 8033, 286, 262, 4713, 1633, 286, 2081, 44809, 13, 6602, 11352, 3681, 25]",20,20,True,"Even as lame horror flicks go, this is lame.",Offers a breath of the fresh air of true sophistication.,tigges,True
sst_tigges_pythia_correct_test,64,sst-1041,sst-8187,1,0,Review Text: Impresses you with its open-endedness and surprises. Review Sentiment:,"Review Text: Lacks heart, depth and, most of all, purpose. Review Sentiment:",'Review Text: Impresses you with its open-endedness and surprises. Review Sentiment:',"'Review Text: Lacks heart, depth and, most of all, purpose. Review Sentiment:'",52657669657720546578743a20496d7072657373657320796f75207769746820697473206f70656e2d656e6465646e65737320616e64207375727072697365732e205265766965772053656e74696d656e743a,52657669657720546578743a204c61636b732068656172742c20646570746820616e642c206d6f7374206f6620616c6c2c20707572706f73652e205265766965772053656e74696d656e743a,057db93183e98816fb1bf4202913cfc8c63592929491fb28bb0c089035a0f1fd,c792aafdad43dd6ca3b9a6023d9c25c8dd5ef893e9afcffa9d1fd908ad07b885,"[50256, 14832, 8255, 25, 1846, 8439, 274, 345, 351, 663, 1280, 12, 1631, 1108, 290, 24072, 13, 6602, 11352, 3681, 25]","[50256, 14832, 8255, 25, 406, 4595, 2612, 11, 6795, 290, 11, 749, 286, 477, 11, 4007, 13, 6602, 11352, 3681, 25]",21,21,True,Impresses you with its open-endedness and surprises.,"Lacks heart, depth and, most of all, purpose.",tigges,True
sst_tigges_pythia_correct_test,65,sst-8187,sst-1041,0,1,"Review Text: Lacks heart, depth and, most of all, purpose. Review Sentiment:",Review Text: Impresses you with its open-endedness and surprises. Review Sentiment:,"'Review Text: Lacks heart, depth and, most of all, purpose. Review Sentiment:'",'Review Text: Impresses you with its open-endedness and surprises. Review Sentiment:',52657669657720546578743a204c61636b732068656172742c20646570746820616e642c206d6f7374206f6620616c6c2c20707572706f73652e205265766965772053656e74696d656e743a,52657669657720546578743a20496d7072657373657320796f75207769746820697473206f70656e2d656e6465646e65737320616e64207375727072697365732e205265766965772053656e74696d656e743a,c792aafdad43dd6ca3b9a6023d9c25c8dd5ef893e9afcffa9d1fd908ad07b885,057db93183e98816fb1bf4202913cfc8c63592929491fb28bb0c089035a0f1fd,"[50256, 14832, 8255, 25, 406, 4595, 2612, 11, 6795, 290, 11, 749, 286, 477, 11, 4007, 13, 6602, 11352, 3681, 25]","[50256, 14832, 8255, 25, 1846, 8439, 274, 345, 351, 663, 1280, 12, 1631, 1108, 290, 24072, 13, 6602, 11352, 3681, 25]",21,21,True,"Lacks heart, depth and, most of all, purpose.",Impresses you with its open-endedness and surprises.,tigges,True
sst_tigges_pythia_correct_test,66,sst-70,sst-8402,1,0,Review Text: The invincible Werner Herzog is alive and well and living in LA Review Sentiment:,"Review Text: A turgid little history lesson, humourless and dull. Review Sentiment:",'Review Text: The invincible Werner Herzog is alive and well and living in LA Review Sentiment:',"'Review Text: A turgid little history lesson, humourless and dull. Review Sentiment:'",52657669657720546578743a2054686520696e76696e6369626c65205765726e6572204865727a6f6720697320616c69766520616e642077656c6c20616e64206c6976696e6720696e204c41205265766965772053656e74696d656e743a,52657669657720546578743a204120747572676964206c6974746c6520686973746f7279206c6573736f6e2c2068756d6f75726c65737320616e642064756c6c2e205265766965772053656e74696d656e743a,4b4ae695bb41a7cc324d4a2fc34e15a08b171f6e7a315e27d83a9d3dfcd04d62,25b71fbb857b0022ed76a114734091cb53f7c676aad825bd270c303889348f52,"[50256, 14832, 8255, 25, 383, 46038, 48642, 34321, 519, 318, 6776, 290, 880, 290, 2877, 287, 9131, 6602, 11352, 3681, 25]","[50256, 14832, 8255, 25, 317, 256, 3686, 312, 1310, 2106, 11483, 11, 31049, 1203, 290, 19222, 13, 6602, 11352, 3681, 25]",21,21,True,The invincible Werner Herzog is alive and well and living in LA,"A turgid little history lesson, humourless and dull.",tigges,True
sst_tigges_pythia_correct_test,67,sst-8402,sst-70,0,1,"Review Text: A turgid little history lesson, humourless and dull. Review Sentiment:",Review Text: The invincible Werner Herzog is alive and well and living in LA Review Sentiment:,"'Review Text: A turgid little history lesson, humourless and dull. Review Sentiment:'",'Review Text: The invincible Werner Herzog is alive and well and living in LA Review Sentiment:',52657669657720546578743a204120747572676964206c6974746c6520686973746f7279206c6573736f6e2c2068756d6f75726c65737320616e642064756c6c2e205265766965772053656e74696d656e743a,52657669657720546578743a2054686520696e76696e6369626c65205765726e6572204865727a6f6720697320616c69766520616e642077656c6c20616e64206c6976696e6720696e204c41205265766965772053656e74696d656e743a,25b71fbb857b0022ed76a114734091cb53f7c676aad825bd270c303889348f52,4b4ae695bb41a7cc324d4a2fc34e15a08b171f6e7a315e27d83a9d3dfcd04d62,"[50256, 14832, 8255, 25, 317, 256, 3686, 312, 1310, 2106, 11483, 11, 31049, 1203, 290, 19222, 13, 6602, 11352, 3681, 25]","[50256, 14832, 8255, 25, 383, 46038, 48642, 34321, 519, 318, 6776, 290, 880, 290, 2877, 287, 9131, 6602, 11352, 3681, 25]",21,21,True,"A turgid little history lesson, humourless and dull.",The invincible Werner Herzog is alive and well and living in LA,tigges,True
sst_tigges_pythia_correct_test,68,sst-1036,sst-8379,1,0,"Review Text: More honest about Alzheimer's disease, I think, than Iris. Review Sentiment:",Review Text: The plot grinds on with yawn-provoking dullness. Review Sentiment:,"""Review Text: More honest about Alzheimer's disease, I think, than Iris. Review Sentiment:""",'Review Text: The plot grinds on with yawn-provoking dullness. Review Sentiment:',52657669657720546578743a204d6f726520686f6e6573742061626f757420416c7a6865696d6572277320646973656173652c2049207468696e6b2c207468616e20497269732e205265766965772053656e74696d656e743a,52657669657720546578743a2054686520706c6f74206772696e6473206f6e2077697468207961776e2d70726f766f6b696e672064756c6c6e6573732e205265766965772053656e74696d656e743a,88a34083950f08ab7d4f0692966bf64212a3561cd3d79e88d10fcbfa072f14f6,0bcb5023c07c30630621f9e1f601b639de4c8f19b18c38b0cf006993036b1e2f,"[50256, 14832, 8255, 25, 3125, 5508, 546, 22434, 338, 4369, 11, 314, 892, 11, 621, 34230, 13, 6602, 11352, 3681, 25]","[50256, 14832, 8255, 25, 383, 7110, 20078, 82, 319, 351, 40908, 12, 15234, 5730, 19222, 1108, 13, 6602, 11352, 3681, 25]",21,21,True,"More honest about Alzheimer's disease, I think, than Iris.",The plot grinds on with yawn-provoking dullness.,tigges,True
sst_tigges_pythia_correct_test,69,sst-8379,sst-1036,0,1,Review Text: The plot grinds on with yawn-provoking dullness. Review Sentiment:,"Review Text: More honest about Alzheimer's disease, I think, than Iris. Review Sentiment:",'Review Text: The plot grinds on with yawn-provoking dullness. Review Sentiment:',"""Review Text: More honest about Alzheimer's disease, I think, than Iris. Review Sentiment:""",52657669657720546578743a2054686520706c6f74206772696e6473206f6e2077697468207961776e2d70726f766f6b696e672064756c6c6e6573732e205265766965772053656e74696d656e743a,52657669657720546578743a204d6f726520686f6e6573742061626f757420416c7a6865696d6572277320646973656173652c2049207468696e6b2c207468616e20497269732e205265766965772053656e74696d656e743a,0bcb5023c07c30630621f9e1f601b639de4c8f19b18c38b0cf006993036b1e2f,88a34083950f08ab7d4f0692966bf64212a3561cd3d79e88d10fcbfa072f14f6,"[50256, 14832, 8255, 25, 383, 7110, 20078, 82, 319, 351, 40908, 12, 15234, 5730, 19222, 1108, 13, 6602, 11352, 3681, 25]","[50256, 14832, 8255, 25, 3125, 5508, 546, 22434, 338, 4369, 11, 314, 892, 11, 621, 34230, 13, 6602, 11352, 3681, 25]",21,21,True,The plot grinds on with yawn-provoking dullness.,"More honest about Alzheimer's disease, I think, than Iris.",tigges,True
sst_tigges_pythia_correct_test,70,sst-1015,sst-8021,1,0,Review Text: A film that is a portrait of grace in an imperfect world. Review Sentiment:,Review Text: A sermonizing and lifeless paean to teenage dullards. Review Sentiment:,'Review Text: A film that is a portrait of grace in an imperfect world. Review Sentiment:','Review Text: A sermonizing and lifeless paean to teenage dullards. Review Sentiment:',52657669657720546578743a20412066696c6d2074686174206973206120706f727472616974206f6620677261636520696e20616e20696d7065726665637420776f726c642e205265766965772053656e74696d656e743a,52657669657720546578743a2041207365726d6f6e697a696e6720616e64206c6966656c65737320706165616e20746f207465656e6167652064756c6c617264732e205265766965772053656e74696d656e743a,08a1f2a741aa60451b9d055f43d95f2d78573f1f20bda9439921ce5dd1ce0d57,6ab559e6107d1675536ad05f54b45bac444e55dc0dd3c89ca0df6e574fe530e6,"[50256, 14832, 8255, 25, 317, 2646, 326, 318, 257, 18560, 286, 11542, 287, 281, 23162, 995, 13, 6602, 11352, 3681, 25]","[50256, 14832, 8255, 25, 317, 39362, 2890, 290, 46443, 279, 3609, 272, 284, 16330, 19222, 1371, 13, 6602, 11352, 3681, 25]",21,21,True,A film that is a portrait of grace in an imperfect world.,A sermonizing and lifeless paean to teenage dullards.,tigges,True
sst_tigges_pythia_correct_test,71,sst-8021,sst-1015,0,1,Review Text: A sermonizing and lifeless paean to teenage dullards. Review Sentiment:,Review Text: A film that is a portrait of grace in an imperfect world. Review Sentiment:,'Review Text: A sermonizing and lifeless paean to teenage dullards. Review Sentiment:','Review Text: A film that is a portrait of grace in an imperfect world. Review Sentiment:',52657669657720546578743a2041207365726d6f6e697a696e6720616e64206c6966656c65737320706165616e20746f207465656e6167652064756c6c617264732e205265766965772053656e74696d656e743a,52657669657720546578743a20412066696c6d2074686174206973206120706f727472616974206f6620677261636520696e20616e20696d7065726665637420776f726c642e205265766965772053656e74696d656e743a,6ab559e6107d1675536ad05f54b45bac444e55dc0dd3c89ca0df6e574fe530e6,08a1f2a741aa60451b9d055f43d95f2d78573f1f20bda9439921ce5dd1ce0d57,"[50256, 14832, 8255, 25, 317, 39362, 2890, 290, 46443, 279, 3609, 272, 284, 16330, 19222, 1371, 13, 6602, 11352, 3681, 25]","[50256, 14832, 8255, 25, 317, 2646, 326, 318, 257, 18560, 286, 11542, 287, 281, 23162, 995, 13, 6602, 11352, 3681, 25]",21,21,True,A sermonizing and lifeless paean to teenage dullards.,A film that is a portrait of grace in an imperfect world.,tigges,True
sst_tigges_pythia_correct_test,72,sst-928,sst-9066,1,0,Review Text: Is it something any true film addict will want to check out? Review Sentiment:,"Review Text: The stupidest, most insulting movie of 2002's first quarter. Review Sentiment:",'Review Text: Is it something any true film addict will want to check out? Review Sentiment:',"""Review Text: The stupidest, most insulting movie of 2002's first quarter. Review Sentiment:""",52657669657720546578743a20497320697420736f6d657468696e6720616e7920747275652066696c6d206164646963742077696c6c2077616e7420746f20636865636b206f75743f205265766965772053656e74696d656e743a,52657669657720546578743a20546865207374757069646573742c206d6f737420696e73756c74696e67206d6f766965206f662032303032277320666972737420717561727465722e205265766965772053656e74696d656e743a,f5e8eaff6d8bbaee3625c2e92fe8681c64be20485d1519dc660531659c2d7e49,35496d9b49a7439105a7d213e631957e6e2b4f4a74de6c0bb3429323788a1402,"[50256, 14832, 8255, 25, 1148, 340, 1223, 597, 2081, 2646, 19678, 481, 765, 284, 2198, 503, 30, 6602, 11352, 3681, 25]","[50256, 14832, 8255, 25, 383, 8531, 395, 11, 749, 27899, 3807, 286, 6244, 338, 717, 3860, 13, 6602, 11352, 3681, 25]",21,21,True,Is it something any true film addict will want to check out?,"The stupidest, most insulting movie of 2002's first quarter.",tigges,True
sst_tigges_pythia_correct_test,73,sst-9066,sst-928,0,1,"Review Text: The stupidest, most insulting movie of 2002's first quarter. Review Sentiment:",Review Text: Is it something any true film addict will want to check out? Review Sentiment:,"""Review Text: The stupidest, most insulting movie of 2002's first quarter. Review Sentiment:""",'Review Text: Is it something any true film addict will want to check out? Review Sentiment:',52657669657720546578743a20546865207374757069646573742c206d6f737420696e73756c74696e67206d6f766965206f662032303032277320666972737420717561727465722e205265766965772053656e74696d656e743a,52657669657720546578743a20497320697420736f6d657468696e6720616e7920747275652066696c6d206164646963742077696c6c2077616e7420746f20636865636b206f75743f205265766965772053656e74696d656e743a,35496d9b49a7439105a7d213e631957e6e2b4f4a74de6c0bb3429323788a1402,f5e8eaff6d8bbaee3625c2e92fe8681c64be20485d1519dc660531659c2d7e49,"[50256, 14832, 8255, 25, 383, 8531, 395, 11, 749, 27899, 3807, 286, 6244, 338, 717, 3860, 13, 6602, 11352, 3681, 25]","[50256, 14832, 8255, 25, 1148, 340, 1223, 597, 2081, 2646, 19678, 481, 765, 284, 2198, 503, 30, 6602, 11352, 3681, 25]",21,21,True,"The stupidest, most insulting movie of 2002's first quarter.",Is it something any true film addict will want to check out?,tigges,True
sst_tigges_pythia_correct_test,74,sst-522,sst-8455,1,0,Review Text: One scarcely needs the subtitles to enjoy this colorful action farce. Review Sentiment:,Review Text: A frustrating combination of strained humor and heavy-handed sentimentality. Review Sentiment:,'Review Text: One scarcely needs the subtitles to enjoy this colorful action farce. Review Sentiment:','Review Text: A frustrating combination of strained humor and heavy-handed sentimentality. Review Sentiment:',52657669657720546578743a204f6e65207363617263656c79206e6565647320746865207375627469746c657320746f20656e6a6f79207468697320636f6c6f7266756c20616374696f6e2066617263652e205265766965772053656e74696d656e743a,52657669657720546578743a2041206672757374726174696e6720636f6d62696e6174696f6e206f662073747261696e65642068756d6f7220616e642068656176792d68616e6465642073656e74696d656e74616c6974792e205265766965772053656e74696d656e743a,0453969de18659c70b7d3396dc61d471ae8048a6d657c5ae963be70acc07b5e5,3ed727849de87b61ea81020e1a5270c1304b7b1ca47690ffa6390fc8410719e9,"[50256, 14832, 8255, 25, 1881, 32335, 2476, 262, 44344, 284, 2883, 428, 20239, 2223, 1290, 344, 13, 6602, 11352, 3681, 25]","[50256, 14832, 8255, 25, 317, 16655, 6087, 286, 30744, 14733, 290, 4334, 12, 13638, 15598, 1483, 13, 6602, 11352, 3681, 25]",21,21,True,One scarcely needs the subtitles to enjoy this colorful action farce.,A frustrating combination of strained humor and heavy-handed sentimentality.,tigges,True
sst_tigges_pythia_correct_test,75,sst-8455,sst-522,0,1,Review Text: A frustrating combination of strained humor and heavy-handed sentimentality. Review Sentiment:,Review Text: One scarcely needs the subtitles to enjoy this colorful action farce. Review Sentiment:,'Review Text: A frustrating combination of strained humor and heavy-handed sentimentality. Review Sentiment:','Review Text: One scarcely needs the subtitles to enjoy this colorful action farce. Review Sentiment:',52657669657720546578743a2041206672757374726174696e6720636f6d62696e6174696f6e206f662073747261696e65642068756d6f7220616e642068656176792d68616e6465642073656e74696d656e74616c6974792e205265766965772053656e74696d656e743a,52657669657720546578743a204f6e65207363617263656c79206e6565647320746865207375627469746c657320746f20656e6a6f79207468697320636f6c6f7266756c20616374696f6e2066617263652e205265766965772053656e74696d656e743a,3ed727849de87b61ea81020e1a5270c1304b7b1ca47690ffa6390fc8410719e9,0453969de18659c70b7d3396dc61d471ae8048a6d657c5ae963be70acc07b5e5,"[50256, 14832, 8255, 25, 317, 16655, 6087, 286, 30744, 14733, 290, 4334, 12, 13638, 15598, 1483, 13, 6602, 11352, 3681, 25]","[50256, 14832, 8255, 25, 1881, 32335, 2476, 262, 44344, 284, 2883, 428, 20239, 2223, 1290, 344, 13, 6602, 11352, 3681, 25]",21,21,True,A frustrating combination of strained humor and heavy-handed sentimentality.,One scarcely needs the subtitles to enjoy this colorful action farce.,tigges,True
sst_tigges_pythia_correct_test,76,sst-632,sst-8643,1,0,"Review Text: Sometimes, nothing satisfies like old-fashioned swashbuckling. Review Sentiment:",Review Text: The story bogs down in a mess of purposeless violence. Review Sentiment:,"'Review Text: Sometimes, nothing satisfies like old-fashioned swashbuckling. Review Sentiment:'",'Review Text: The story bogs down in a mess of purposeless violence. Review Sentiment:',52657669657720546578743a20536f6d6574696d65732c206e6f7468696e6720736174697366696573206c696b65206f6c642d66617368696f6e65642073776173686275636b6c696e672e205265766965772053656e74696d656e743a,52657669657720546578743a205468652073746f727920626f677320646f776e20696e2061206d657373206f6620707572706f73656c6573732076696f6c656e63652e205265766965772053656e74696d656e743a,2d3b65b3b566dadb84062b4e62317c1f8f569f2ded8db9538aba0c14278d6d6d,a21f5e80932bd549288f7de442d5a8222445b9166cde0722a36f27e00b5e1662,"[50256, 14832, 8255, 25, 8975, 11, 2147, 45104, 588, 1468, 12, 28776, 1509, 1077, 27041, 1359, 13, 6602, 11352, 3681, 25]","[50256, 14832, 8255, 25, 383, 1621, 275, 18463, 866, 287, 257, 2085, 286, 4007, 1203, 3685, 13, 6602, 11352, 3681, 25]",21,21,True,"Sometimes, nothing satisfies like old-fashioned swashbuckling.",The story bogs down in a mess of purposeless violence.,tigges,True
sst_tigges_pythia_correct_test,77,sst-8643,sst-632,0,1,Review Text: The story bogs down in a mess of purposeless violence. Review Sentiment:,"Review Text: Sometimes, nothing satisfies like old-fashioned swashbuckling. Review Sentiment:",'Review Text: The story bogs down in a mess of purposeless violence. Review Sentiment:',"'Review Text: Sometimes, nothing satisfies like old-fashioned swashbuckling. Review Sentiment:'",52657669657720546578743a205468652073746f727920626f677320646f776e20696e2061206d657373206f6620707572706f73656c6573732076696f6c656e63652e205265766965772053656e74696d656e743a,52657669657720546578743a20536f6d6574696d65732c206e6f7468696e6720736174697366696573206c696b65206f6c642d66617368696f6e65642073776173686275636b6c696e672e205265766965772053656e74696d656e743a,a21f5e80932bd549288f7de442d5a8222445b9166cde0722a36f27e00b5e1662,2d3b65b3b566dadb84062b4e62317c1f8f569f2ded8db9538aba0c14278d6d6d,"[50256, 14832, 8255, 25, 383, 1621, 275, 18463, 866, 287, 257, 2085, 286, 4007, 1203, 3685, 13, 6602, 11352, 3681, 25]","[50256, 14832, 8255, 25, 8975, 11, 2147, 45104, 588, 1468, 12, 28776, 1509, 1077, 27041, 1359, 13, 6602, 11352, 3681, 25]",21,21,True,The story bogs down in a mess of purposeless violence.,"Sometimes, nothing satisfies like old-fashioned swashbuckling.",tigges,True
sst_tigges_pythia_correct_test,78,sst-7964,sst-9025,1,0,"Review Text: It may be a prize winner, but Teacher is a bomb. Review Sentiment:",Review Text: An uneven film dealing with too many problems to be taken seriously. Review Sentiment:,"'Review Text: It may be a prize winner, but Teacher is a bomb. Review Sentiment:'",'Review Text: An uneven film dealing with too many problems to be taken seriously. Review Sentiment:',52657669657720546578743a204974206d61792062652061207072697a652077696e6e65722c206275742054656163686572206973206120626f6d622e205265766965772053656e74696d656e743a,52657669657720546578743a20416e20756e6576656e2066696c6d206465616c696e67207769746820746f6f206d616e792070726f626c656d7320746f2062652074616b656e20736572696f75736c792e205265766965772053656e74696d656e743a,647ecafd06f1ad068ba5065f8aa90999e3b7a6e9ce2510c312d08fbae9ac7306,24c52d1494c3201ee5a6c8c641358feb1cb92fc2829f253d45509c979c7de5c0,"[50256, 14832, 8255, 25, 632, 743, 307, 257, 11596, 8464, 11, 475, 32019, 318, 257, 5194, 13, 6602, 11352, 3681, 25]","[50256, 14832, 8255, 25, 1052, 30690, 2646, 7219, 351, 1165, 867, 2761, 284, 307, 2077, 6411, 13, 6602, 11352, 3681, 25]",21,21,True,"It may be a prize winner, but Teacher is a bomb.",An uneven film dealing with too many problems to be taken seriously.,tigges,True
sst_tigges_pythia_correct_test,79,sst-9025,sst-7964,0,1,Review Text: An uneven film dealing with too many problems to be taken seriously. Review Sentiment:,"Review Text: It may be a prize winner, but Teacher is a bomb. Review Sentiment:",'Review Text: An uneven film dealing with too many problems to be taken seriously. Review Sentiment:',"'Review Text: It may be a prize winner, but Teacher is a bomb. Review Sentiment:'",52657669657720546578743a20416e20756e6576656e2066696c6d206465616c696e67207769746820746f6f206d616e792070726f626c656d7320746f2062652074616b656e20736572696f75736c792e205265766965772053656e74696d656e743a,52657669657720546578743a204974206d61792062652061207072697a652077696e6e65722c206275742054656163686572206973206120626f6d622e205265766965772053656e74696d656e743a,24c52d1494c3201ee5a6c8c641358feb1cb92fc2829f253d45509c979c7de5c0,647ecafd06f1ad068ba5065f8aa90999e3b7a6e9ce2510c312d08fbae9ac7306,"[50256, 14832, 8255, 25, 1052, 30690, 2646, 7219, 351, 1165, 867, 2761, 284, 307, 2077, 6411, 13, 6602, 11352, 3681, 25]","[50256, 14832, 8255, 25, 632, 743, 307, 257, 11596, 8464, 11, 475, 32019, 318, 257, 5194, 13, 6602, 11352, 3681, 25]",21,21,True,An uneven film dealing with too many problems to be taken seriously.,"It may be a prize winner, but Teacher is a bomb.",tigges,True
sst_tigges_pythia_correct_test,80,sst-117,sst-8558,1,0,Review Text: A feel-good picture in the best sense of the term. Review Sentiment:,Review Text: Denzel Washington's efforts are sunk by all the sanctimony. Review Sentiment:,'Review Text: A feel-good picture in the best sense of the term. Review Sentiment:',"""Review Text: Denzel Washington's efforts are sunk by all the sanctimony. Review Sentiment:""",52657669657720546578743a2041206665656c2d676f6f64207069637475726520696e2074686520626573742073656e7365206f6620746865207465726d2e205265766965772053656e74696d656e743a,52657669657720546578743a2044656e7a656c2057617368696e67746f6e2773206566666f727473206172652073756e6b20627920616c6c207468652073616e6374696d6f6e792e205265766965772053656e74696d656e743a,e3d5738e09903bbc3f410d26e2361d72117563f431860c49f3c701fcce497bc4,d34c72bbd44136031fc2512d29fe31032cf0fdaf0163001c24966ffeb9534a5a,"[50256, 14832, 8255, 25, 317, 1254, 12, 11274, 4286, 287, 262, 1266, 2565, 286, 262, 3381, 13, 6602, 11352, 3681, 25]","[50256, 14832, 8255, 25, 5601, 17396, 2669, 338, 4040, 389, 24790, 416, 477, 262, 25417, 33969, 13, 6602, 11352, 3681, 25]",21,21,True,A feel-good picture in the best sense of the term.,Denzel Washington's efforts are sunk by all the sanctimony.,tigges,True
sst_tigges_pythia_correct_test,81,sst-8558,sst-117,0,1,Review Text: Denzel Washington's efforts are sunk by all the sanctimony. Review Sentiment:,Review Text: A feel-good picture in the best sense of the term. Review Sentiment:,"""Review Text: Denzel Washington's efforts are sunk by all the sanctimony. Review Sentiment:""",'Review Text: A feel-good picture in the best sense of the term. Review Sentiment:',52657669657720546578743a2044656e7a656c2057617368696e67746f6e2773206566666f727473206172652073756e6b20627920616c6c207468652073616e6374696d6f6e792e205265766965772053656e74696d656e743a,52657669657720546578743a2041206665656c2d676f6f64207069637475726520696e2074686520626573742073656e7365206f6620746865207465726d2e205265766965772053656e74696d656e743a,d34c72bbd44136031fc2512d29fe31032cf0fdaf0163001c24966ffeb9534a5a,e3d5738e09903bbc3f410d26e2361d72117563f431860c49f3c701fcce497bc4,"[50256, 14832, 8255, 25, 5601, 17396, 2669, 338, 4040, 389, 24790, 416, 477, 262, 25417, 33969, 13, 6602, 11352, 3681, 25]","[50256, 14832, 8255, 25, 317, 1254, 12, 11274, 4286, 287, 262, 1266, 2565, 286, 262, 3381, 13, 6602, 11352, 3681, 25]",21,21,True,Denzel Washington's efforts are sunk by all the sanctimony.,A feel-good picture in the best sense of the term.,tigges,True
sst_tigges_pythia_correct_test,82,sst-8478,sst-497,1,0,"Review Text: The attempt is courageous, even if the result is wildly uneven. Review Sentiment:",Review Text: Her film is unrelentingly claustrophobic and unpleasant. Review Sentiment:,"'Review Text: The attempt is courageous, even if the result is wildly uneven. Review Sentiment:'",'Review Text: Her film is unrelentingly claustrophobic and unpleasant. Review Sentiment:',52657669657720546578743a2054686520617474656d707420697320636f75726167656f75732c206576656e2069662074686520726573756c742069732077696c646c7920756e6576656e2e205265766965772053656e74696d656e743a,52657669657720546578743a204865722066696c6d20697320756e72656c656e74696e676c7920636c61757374726f70686f62696320616e6420756e706c656173616e742e205265766965772053656e74696d656e743a,e6554df135e21dff537eecf5211b2a3d5240cafb118380258109826489b1279c,ae12bb180f6718ab45e8a7a75d3eb5e134b63c343e40a85bf08c44486a53c804,"[50256, 14832, 8255, 25, 383, 2230, 318, 34010, 11, 772, 611, 262, 1255, 318, 20278, 30690, 13, 6602, 11352, 3681, 25]","[50256, 14832, 8255, 25, 2332, 2646, 318, 23232, 298, 4420, 26435, 436, 10051, 20803, 290, 22029, 13, 6602, 11352, 3681, 25]",21,21,True,"The attempt is courageous, even if the result is wildly uneven.",Her film is unrelentingly claustrophobic and unpleasant.,tigges,True
sst_tigges_pythia_correct_test,83,sst-497,sst-8478,0,1,Review Text: Her film is unrelentingly claustrophobic and unpleasant. Review Sentiment:,"Review Text: The attempt is courageous, even if the result is wildly uneven. Review Sentiment:",'Review Text: Her film is unrelentingly claustrophobic and unpleasant. Review Sentiment:',"'Review Text: The attempt is courageous, even if the result is wildly uneven. Review Sentiment:'",52657669657720546578743a204865722066696c6d20697320756e72656c656e74696e676c7920636c61757374726f70686f62696320616e6420756e706c656173616e742e205265766965772053656e74696d656e743a,52657669657720546578743a2054686520617474656d707420697320636f75726167656f75732c206576656e2069662074686520726573756c742069732077696c646c7920756e6576656e2e205265766965772053656e74696d656e743a,ae12bb180f6718ab45e8a7a75d3eb5e134b63c343e40a85bf08c44486a53c804,e6554df135e21dff537eecf5211b2a3d5240cafb118380258109826489b1279c,"[50256, 14832, 8255, 25, 2332, 2646, 318, 23232, 298, 4420, 26435, 436, 10051, 20803, 290, 22029, 13, 6602, 11352, 3681, 25]","[50256, 14832, 8255, 25, 383, 2230, 318, 34010, 11, 772, 611, 262, 1255, 318, 20278, 30690, 13, 6602, 11352, 3681, 25]",21,21,True,Her film is unrelentingly claustrophobic and unpleasant.,"The attempt is courageous, even if the result is wildly uneven.",tigges,True
sst_tigges_pythia_correct_test,84,sst-1029,sst-7999,1,0,Review Text: Genuinely touching because it's realistic about all kinds of love. Review Sentiment:,Review Text: Arguably the year's silliest and most incoherent movie. Review Sentiment:,"""Review Text: Genuinely touching because it's realistic about all kinds of love. Review Sentiment:""","""Review Text: Arguably the year's silliest and most incoherent movie. Review Sentiment:""",52657669657720546578743a2047656e75696e656c7920746f756368696e6720626563617573652069742773207265616c69737469632061626f757420616c6c206b696e6473206f66206c6f76652e205265766965772053656e74696d656e743a,52657669657720546578743a204172677561626c7920746865207965617227732073696c6c6965737420616e64206d6f737420696e636f686572656e74206d6f7669652e205265766965772053656e74696d656e743a,9e68c56e30a0c55e4401576c8b76493a99547f914424fad86098f6e683b60ac6,dca02da41a3f11f3e101716d31e79e3baccea4ca32881e66d5ddc5d14153e52d,"[50256, 14832, 8255, 25, 5215, 8327, 306, 15241, 780, 340, 338, 12653, 546, 477, 6982, 286, 1842, 13, 6602, 11352, 3681, 25]","[50256, 14832, 8255, 25, 943, 5162, 1346, 262, 614, 338, 49276, 6386, 290, 749, 44237, 8334, 3807, 13, 6602, 11352, 3681, 25]",22,22,True,Genuinely touching because it's realistic about all kinds of love.,Arguably the year's silliest and most incoherent movie.,tigges,True
sst_tigges_pythia_correct_test,85,sst-7999,sst-1029,0,1,Review Text: Arguably the year's silliest and most incoherent movie. Review Sentiment:,Review Text: Genuinely touching because it's realistic about all kinds of love. Review Sentiment:,"""Review Text: Arguably the year's silliest and most incoherent movie. Review Sentiment:""","""Review Text: Genuinely touching because it's realistic about all kinds of love. Review Sentiment:""",52657669657720546578743a204172677561626c7920746865207965617227732073696c6c6965737420616e64206d6f737420696e636f686572656e74206d6f7669652e205265766965772053656e74696d656e743a,52657669657720546578743a2047656e75696e656c7920746f756368696e6720626563617573652069742773207265616c69737469632061626f757420616c6c206b696e6473206f66206c6f76652e205265766965772053656e74696d656e743a,dca02da41a3f11f3e101716d31e79e3baccea4ca32881e66d5ddc5d14153e52d,9e68c56e30a0c55e4401576c8b76493a99547f914424fad86098f6e683b60ac6,"[50256, 14832, 8255, 25, 943, 5162, 1346, 262, 614, 338, 49276, 6386, 290, 749, 44237, 8334, 3807, 13, 6602, 11352, 3681, 25]","[50256, 14832, 8255, 25, 5215, 8327, 306, 15241, 780, 340, 338, 12653, 546, 477, 6982, 286, 1842, 13, 6602, 11352, 3681, 25]",22,22,True,Arguably the year's silliest and most incoherent movie.,Genuinely touching because it's realistic about all kinds of love.,tigges,True
sst_tigges_pythia_correct_test,86,sst-195,sst-8218,1,0,Review Text: This is simply the most fun you'll ever have with a documentary! Review Sentiment:,"Review Text: ... an unimaginative, nasty, glibly cynical piece of work. Review Sentiment:","""Review Text: This is simply the most fun you'll ever have with a documentary! Review Sentiment:""","'Review Text: ... an unimaginative, nasty, glibly cynical piece of work. Review Sentiment:'",52657669657720546578743a20546869732069732073696d706c7920746865206d6f73742066756e20796f75276c6c206576657220686176652077697468206120646f63756d656e7461727921205265766965772053656e74696d656e743a,52657669657720546578743a202e2e2e20616e20756e696d6167696e61746976652c206e617374792c20676c69626c792063796e6963616c207069656365206f6620776f726b2e205265766965772053656e74696d656e743a,5de1dd62b217a10bdffe22a56648e73bf1d6cb8ce53ffeb7a04a67f5c810c7be,c4f802a5f56cc5fe6d80dceb36958c1eff5904be4745927321246e856430e088,"[50256, 14832, 8255, 25, 770, 318, 2391, 262, 749, 1257, 345, 1183, 1683, 423, 351, 257, 11648, 0, 6602, 11352, 3681, 25]","[50256, 14832, 8255, 25, 2644, 281, 37656, 876, 11, 17166, 11, 1278, 3193, 28858, 3704, 286, 670, 13, 6602, 11352, 3681, 25]",22,22,True,This is simply the most fun you'll ever have with a documentary!,"... an unimaginative, nasty, glibly cynical piece of work.",tigges,True
sst_tigges_pythia_correct_test,87,sst-8218,sst-195,0,1,"Review Text: ... an unimaginative, nasty, glibly cynical piece of work. Review Sentiment:",Review Text: This is simply the most fun you'll ever have with a documentary! Review Sentiment:,"'Review Text: ... an unimaginative, nasty, glibly cynical piece of work. Review Sentiment:'","""Review Text: This is simply the most fun you'll ever have with a documentary! Review Sentiment:""",52657669657720546578743a202e2e2e20616e20756e696d6167696e61746976652c206e617374792c20676c69626c792063796e6963616c207069656365206f6620776f726b2e205265766965772053656e74696d656e743a,52657669657720546578743a20546869732069732073696d706c7920746865206d6f73742066756e20796f75276c6c206576657220686176652077697468206120646f63756d656e7461727921205265766965772053656e74696d656e743a,c4f802a5f56cc5fe6d80dceb36958c1eff5904be4745927321246e856430e088,5de1dd62b217a10bdffe22a56648e73bf1d6cb8ce53ffeb7a04a67f5c810c7be,"[50256, 14832, 8255, 25, 2644, 281, 37656, 876, 11, 17166, 11, 1278, 3193, 28858, 3704, 286, 670, 13, 6602, 11352, 3681, 25]","[50256, 14832, 8255, 25, 770, 318, 2391, 262, 749, 1257, 345, 1183, 1683, 423, 351, 257, 11648, 0, 6602, 11352, 3681, 25]",22,22,True,"... an unimaginative, nasty, glibly cynical piece of work.",This is simply the most fun you'll ever have with a documentary!,tigges,True
sst_tigges_pythia_correct_test,88,sst-435,sst-8279,1,0,Review Text: A charming yet poignant tale of the irrevocable ties that bind. Review Sentiment:,Review Text: ... the sum of the parts equals largely a confused mediocrity. Review Sentiment:,'Review Text: A charming yet poignant tale of the irrevocable ties that bind. Review Sentiment:','Review Text: ... the sum of the parts equals largely a confused mediocrity. Review Sentiment:',52657669657720546578743a204120636861726d696e672079657420706f69676e616e742074616c65206f66207468652069727265766f6361626c65207469657320746861742062696e642e205265766965772053656e74696d656e743a,52657669657720546578743a202e2e2e207468652073756d206f662074686520706172747320657175616c73206c617267656c79206120636f6e6675736564206d6564696f63726974792e205265766965772053656e74696d656e743a,308a5bfac28b0832263e594c4ff04db9bbf4a7ec305d6fa7244c65275a3967c3,0922bbba817f77a724aac2efe9fd6467902c046c5cab4da4a3c23a59e3581e86,"[50256, 14832, 8255, 25, 317, 23332, 1865, 45516, 12838, 286, 262, 11331, 18893, 540, 8470, 326, 11007, 13, 6602, 11352, 3681, 25]","[50256, 14832, 8255, 25, 2644, 262, 2160, 286, 262, 3354, 21767, 5688, 257, 10416, 16957, 1696, 414, 13, 6602, 11352, 3681, 25]",22,22,True,A charming yet poignant tale of the irrevocable ties that bind.,... the sum of the parts equals largely a confused mediocrity.,tigges,True
sst_tigges_pythia_correct_test,89,sst-8279,sst-435,0,1,Review Text: ... the sum of the parts equals largely a confused mediocrity. Review Sentiment:,Review Text: A charming yet poignant tale of the irrevocable ties that bind. Review Sentiment:,'Review Text: ... the sum of the parts equals largely a confused mediocrity. Review Sentiment:','Review Text: A charming yet poignant tale of the irrevocable ties that bind. Review Sentiment:',52657669657720546578743a202e2e2e207468652073756d206f662074686520706172747320657175616c73206c617267656c79206120636f6e6675736564206d6564696f63726974792e205265766965772053656e74696d656e743a,52657669657720546578743a204120636861726d696e672079657420706f69676e616e742074616c65206f66207468652069727265766f6361626c65207469657320746861742062696e642e205265766965772053656e74696d656e743a,0922bbba817f77a724aac2efe9fd6467902c046c5cab4da4a3c23a59e3581e86,308a5bfac28b0832263e594c4ff04db9bbf4a7ec305d6fa7244c65275a3967c3,"[50256, 14832, 8255, 25, 2644, 262, 2160, 286, 262, 3354, 21767, 5688, 257, 10416, 16957, 1696, 414, 13, 6602, 11352, 3681, 25]","[50256, 14832, 8255, 25, 317, 23332, 1865, 45516, 12838, 286, 262, 11331, 18893, 540, 8470, 326, 11007, 13, 6602, 11352, 3681, 25]",22,22,True,... the sum of the parts equals largely a confused mediocrity.,A charming yet poignant tale of the irrevocable ties that bind.,tigges,True
sst_tigges_pythia_correct_test,90,sst-278,sst-8534,1,0,Review Text: A well-made and often lovely depiction of the mysteries of friendship. Review Sentiment:,Review Text: The movie's biggest offense is its complete and utter lack of tension. Review Sentiment:,'Review Text: A well-made and often lovely depiction of the mysteries of friendship. Review Sentiment:',"""Review Text: The movie's biggest offense is its complete and utter lack of tension. Review Sentiment:""",52657669657720546578743a20412077656c6c2d6d61646520616e64206f6674656e206c6f76656c7920646570696374696f6e206f6620746865206d7973746572696573206f6620667269656e64736869702e205265766965772053656e74696d656e743a,52657669657720546578743a20546865206d6f76696527732062696767657374206f6666656e73652069732069747320636f6d706c65746520616e64207574746572206c61636b206f662074656e73696f6e2e205265766965772053656e74696d656e743a,1b6a3d0014b41ae7a387b686f929bd096c68c85bf13684e0a498b24e97363d66,f7da8167517db5b26952818b51f8ed76d74fb83e4116ea7ebb85a4dd11b1c1f7,"[50256, 14832, 8255, 25, 317, 880, 12, 9727, 290, 1690, 14081, 33016, 286, 262, 26045, 286, 14738, 13, 6602, 11352, 3681, 25]","[50256, 14832, 8255, 25, 383, 3807, 338, 4094, 6907, 318, 663, 1844, 290, 10517, 3092, 286, 12097, 13, 6602, 11352, 3681, 25]",22,22,True,A well-made and often lovely depiction of the mysteries of friendship.,The movie's biggest offense is its complete and utter lack of tension.,tigges,True
sst_tigges_pythia_correct_test,91,sst-8534,sst-278,0,1,Review Text: The movie's biggest offense is its complete and utter lack of tension. Review Sentiment:,Review Text: A well-made and often lovely depiction of the mysteries of friendship. Review Sentiment:,"""Review Text: The movie's biggest offense is its complete and utter lack of tension. Review Sentiment:""",'Review Text: A well-made and often lovely depiction of the mysteries of friendship. Review Sentiment:',52657669657720546578743a20546865206d6f76696527732062696767657374206f6666656e73652069732069747320636f6d706c65746520616e64207574746572206c61636b206f662074656e73696f6e2e205265766965772053656e74696d656e743a,52657669657720546578743a20412077656c6c2d6d61646520616e64206f6674656e206c6f76656c7920646570696374696f6e206f6620746865206d7973746572696573206f6620667269656e64736869702e205265766965772053656e74696d656e743a,f7da8167517db5b26952818b51f8ed76d74fb83e4116ea7ebb85a4dd11b1c1f7,1b6a3d0014b41ae7a387b686f929bd096c68c85bf13684e0a498b24e97363d66,"[50256, 14832, 8255, 25, 383, 3807, 338, 4094, 6907, 318, 663, 1844, 290, 10517, 3092, 286, 12097, 13, 6602, 11352, 3681, 25]","[50256, 14832, 8255, 25, 317, 880, 12, 9727, 290, 1690, 14081, 33016, 286, 262, 26045, 286, 14738, 13, 6602, 11352, 3681, 25]",22,22,True,The movie's biggest offense is its complete and utter lack of tension.,A well-made and often lovely depiction of the mysteries of friendship.,tigges,True
sst_tigges_pythia_correct_test,92,sst-8430,sst-8396,1,0,Review Text: All prints of this film should be sent to and buried on Pluto. Review Sentiment:,Review Text: All this turns out to be neither funny nor provocative - only dull. Review Sentiment:,'Review Text: All prints of this film should be sent to and buried on Pluto. Review Sentiment:','Review Text: All this turns out to be neither funny nor provocative - only dull. Review Sentiment:',52657669657720546578743a20416c6c207072696e7473206f6620746869732066696c6d2073686f756c642062652073656e7420746f20616e6420627572696564206f6e20506c75746f2e205265766965772053656e74696d656e743a,52657669657720546578743a20416c6c2074686973207475726e73206f757420746f206265206e6569746865722066756e6e79206e6f722070726f766f636174697665202d206f6e6c792064756c6c2e205265766965772053656e74696d656e743a,c0fffd9338362d6ee1e12bef2b5c1ff195ebaf8e3303ad88451ae77b4fd6fcad,c968186cf30dbc4d892b154224c3ac0788e775e93fee5fbb965f17d73e6ea5df,"[50256, 14832, 8255, 25, 1439, 20842, 286, 428, 2646, 815, 307, 1908, 284, 290, 11694, 319, 32217, 13, 6602, 11352, 3681, 25]","[50256, 14832, 8255, 25, 1439, 428, 4962, 503, 284, 307, 6159, 8258, 4249, 28695, 532, 691, 19222, 13, 6602, 11352, 3681, 25]",22,22,True,All prints of this film should be sent to and buried on Pluto.,All this turns out to be neither funny nor provocative - only dull.,tigges,True
sst_tigges_pythia_correct_test,93,sst-8396,sst-8430,0,1,Review Text: All this turns out to be neither funny nor provocative - only dull. Review Sentiment:,Review Text: All prints of this film should be sent to and buried on Pluto. Review Sentiment:,'Review Text: All this turns out to be neither funny nor provocative - only dull. Review Sentiment:','Review Text: All prints of this film should be sent to and buried on Pluto. Review Sentiment:',52657669657720546578743a20416c6c2074686973207475726e73206f757420746f206265206e6569746865722066756e6e79206e6f722070726f766f636174697665202d206f6e6c792064756c6c2e205265766965772053656e74696d656e743a,52657669657720546578743a20416c6c207072696e7473206f6620746869732066696c6d2073686f756c642062652073656e7420746f20616e6420627572696564206f6e20506c75746f2e205265766965772053656e74696d656e743a,c968186cf30dbc4d892b154224c3ac0788e775e93fee5fbb965f17d73e6ea5df,c0fffd9338362d6ee1e12bef2b5c1ff195ebaf8e3303ad88451ae77b4fd6fcad,"[50256, 14832, 8255, 25, 1439, 428, 4962, 503, 284, 307, 6159, 8258, 4249, 28695, 532, 691, 19222, 13, 6602, 11352, 3681, 25]","[50256, 14832, 8255, 25, 1439, 20842, 286, 428, 2646, 815, 307, 1908, 284, 290, 11694, 319, 32217, 13, 6602, 11352, 3681, 25]",22,22,True,All this turns out to be neither funny nor provocative - only dull.,All prints of this film should be sent to and buried on Pluto.,tigges,True
sst_tigges_pythia_correct_test,94,sst-697,sst-8443,1,0,Review Text: It has the courage to wonder about big questions with sincerity and devotion. Review Sentiment:,Review Text: Too clunky and too busy ribbing itself to be truly entertaining. Review Sentiment:,'Review Text: It has the courage to wonder about big questions with sincerity and devotion. Review Sentiment:','Review Text: Too clunky and too busy ribbing itself to be truly entertaining. Review Sentiment:',52657669657720546578743a204974206861732074686520636f757261676520746f20776f6e6465722061626f757420626967207175657374696f6e7320776974682073696e63657269747920616e64206465766f74696f6e2e205265766965772053656e74696d656e743a,52657669657720546578743a20546f6f20636c756e6b7920616e6420746f6f20627573792072696262696e6720697473656c6620746f206265207472756c7920656e7465727461696e696e672e205265766965772053656e74696d656e743a,884fa3eb391040f504b1f8fd3a66a89378d946b01a2cbabb2be241cae95e1755,0c739a0c1672bf68fc20dbe8a09f199b4e97e34360cfc371746d2b5a2d58bcb3,"[50256, 14832, 8255, 25, 632, 468, 262, 11917, 284, 4240, 546, 1263, 2683, 351, 44053, 290, 25808, 13, 6602, 11352, 3681, 25]","[50256, 14832, 8255, 25, 14190, 537, 28898, 290, 1165, 8179, 12183, 4623, 2346, 284, 307, 4988, 17774, 13, 6602, 11352, 3681, 25]",22,22,True,It has the courage to wonder about big questions with sincerity and devotion.,Too clunky and too busy ribbing itself to be truly entertaining.,tigges,True
sst_tigges_pythia_correct_test,95,sst-8443,sst-697,0,1,Review Text: Too clunky and too busy ribbing itself to be truly entertaining. Review Sentiment:,Review Text: It has the courage to wonder about big questions with sincerity and devotion. Review Sentiment:,'Review Text: Too clunky and too busy ribbing itself to be truly entertaining. Review Sentiment:','Review Text: It has the courage to wonder about big questions with sincerity and devotion. Review Sentiment:',52657669657720546578743a20546f6f20636c756e6b7920616e6420746f6f20627573792072696262696e6720697473656c6620746f206265207472756c7920656e7465727461696e696e672e205265766965772053656e74696d656e743a,52657669657720546578743a204974206861732074686520636f757261676520746f20776f6e6465722061626f757420626967207175657374696f6e7320776974682073696e63657269747920616e64206465766f74696f6e2e205265766965772053656e74696d656e743a,0c739a0c1672bf68fc20dbe8a09f199b4e97e34360cfc371746d2b5a2d58bcb3,884fa3eb391040f504b1f8fd3a66a89378d946b01a2cbabb2be241cae95e1755,"[50256, 14832, 8255, 25, 14190, 537, 28898, 290, 1165, 8179, 12183, 4623, 2346, 284, 307, 4988, 17774, 13, 6602, 11352, 3681, 25]","[50256, 14832, 8255, 25, 632, 468, 262, 11917, 284, 4240, 546, 1263, 2683, 351, 44053, 290, 25808, 13, 6602, 11352, 3681, 25]",22,22,True,Too clunky and too busy ribbing itself to be truly entertaining.,It has the courage to wonder about big questions with sincerity and devotion.,tigges,True
sst_tigges_pythia_correct_test,96,sst-760,sst-8512,1,0,Review Text: Has a shambling charm... a cheerfully inconsequential diversion. Review Sentiment:,"Review Text: All the characters are stereotypes, and their interaction is numbingly predictable. Review Sentiment:",'Review Text: Has a shambling charm... a cheerfully inconsequential diversion. Review Sentiment:',"'Review Text: All the characters are stereotypes, and their interaction is numbingly predictable. Review Sentiment:'",52657669657720546578743a204861732061207368616d626c696e6720636861726d2e2e2e206120636865657266756c6c7920696e636f6e73657175656e7469616c20646976657273696f6e2e205265766965772053656e74696d656e743a,52657669657720546578743a20416c6c207468652063686172616374657273206172652073746572656f74797065732c20616e6420746865697220696e746572616374696f6e206973206e756d62696e676c79207072656469637461626c652e205265766965772053656e74696d656e743a,75e7bec9c92e178b3b12a3e5be18ded2754ac078c69b7309b490c7c17c071391,d1db69e049ac0713102342cb64fd81a542bdb84cf3787242b8620ccdbe9fa9eb,"[50256, 14832, 8255, 25, 7875, 257, 427, 15366, 20024, 986, 257, 14042, 2759, 753, 40819, 1843, 34851, 13, 6602, 11352, 3681, 25]","[50256, 14832, 8255, 25, 1439, 262, 3435, 389, 22364, 11, 290, 511, 10375, 318, 35519, 4420, 20039, 13, 6602, 11352, 3681, 25]",22,22,True,Has a shambling charm... a cheerfully inconsequential diversion.,"All the characters are stereotypes, and their interaction is numbingly predictable.",tigges,True
sst_tigges_pythia_correct_test,97,sst-8512,sst-760,0,1,"Review Text: All the characters are stereotypes, and their interaction is numbingly predictable. Review Sentiment:",Review Text: Has a shambling charm... a cheerfully inconsequential diversion. Review Sentiment:,"'Review Text: All the characters are stereotypes, and their interaction is numbingly predictable. Review Sentiment:'",'Review Text: Has a shambling charm... a cheerfully inconsequential diversion. Review Sentiment:',52657669657720546578743a20416c6c207468652063686172616374657273206172652073746572656f74797065732c20616e6420746865697220696e746572616374696f6e206973206e756d62696e676c79207072656469637461626c652e205265766965772053656e74696d656e743a,52657669657720546578743a204861732061207368616d626c696e6720636861726d2e2e2e206120636865657266756c6c7920696e636f6e73657175656e7469616c20646976657273696f6e2e205265766965772053656e74696d656e743a,d1db69e049ac0713102342cb64fd81a542bdb84cf3787242b8620ccdbe9fa9eb,75e7bec9c92e178b3b12a3e5be18ded2754ac078c69b7309b490c7c17c071391,"[50256, 14832, 8255, 25, 1439, 262, 3435, 389, 22364, 11, 290, 511, 10375, 318, 35519, 4420, 20039, 13, 6602, 11352, 3681, 25]","[50256, 14832, 8255, 25, 7875, 257, 427, 15366, 20024, 986, 257, 14042, 2759, 753, 40819, 1843, 34851, 13, 6602, 11352, 3681, 25]",22,22,True,"All the characters are stereotypes, and their interaction is numbingly predictable.",Has a shambling charm... a cheerfully inconsequential diversion.,tigges,True
sst_tigges_pythia_correct_test,98,sst-84,sst-8578,1,0,Review Text: Haneke challenges us to confront the reality of sexual aberration. Review Sentiment:,Review Text: Heavy-handed exercise in time-vaulting literary pretension. Review Sentiment:,'Review Text: Haneke challenges us to confront the reality of sexual aberration. Review Sentiment:','Review Text: Heavy-handed exercise in time-vaulting literary pretension. Review Sentiment:',52657669657720546578743a2048616e656b65206368616c6c656e67657320757320746f20636f6e66726f6e7420746865207265616c697479206f662073657875616c2061626572726174696f6e2e205265766965772053656e74696d656e743a,52657669657720546578743a2048656176792d68616e64656420657865726369736520696e2074696d652d7661756c74696e67206c697465726172792070726574656e73696f6e2e205265766965772053656e74696d656e743a,7e63a9756880bbf215d14777ef43ba5e6976ff738396527252f826b5fb384ac3,312d73b862600205be6421ebe9dc3604438e6bcc4cafb1a019443fcd7d89bd29,"[50256, 14832, 8255, 25, 367, 1531, 365, 6459, 514, 284, 7239, 262, 3950, 286, 3206, 42499, 1358, 13, 6602, 11352, 3681, 25]","[50256, 14832, 8255, 25, 14089, 12, 13638, 5517, 287, 640, 12, 85, 1721, 278, 16716, 2181, 3004, 13, 6602, 11352, 3681, 25]",22,22,True,Haneke challenges us to confront the reality of sexual aberration.,Heavy-handed exercise in time-vaulting literary pretension.,tigges,True
sst_tigges_pythia_correct_test,99,sst-8578,sst-84,0,1,Review Text: Heavy-handed exercise in time-vaulting literary pretension. Review Sentiment:,Review Text: Haneke challenges us to confront the reality of sexual aberration. Review Sentiment:,'Review Text: Heavy-handed exercise in time-vaulting literary pretension. Review Sentiment:','Review Text: Haneke challenges us to confront the reality of sexual aberration. Review Sentiment:',52657669657720546578743a2048656176792d68616e64656420657865726369736520696e2074696d652d7661756c74696e67206c697465726172792070726574656e73696f6e2e205265766965772053656e74696d656e743a,52657669657720546578743a2048616e656b65206368616c6c656e67657320757320746f20636f6e66726f6e7420746865207265616c697479206f662073657875616c2061626572726174696f6e2e205265766965772053656e74696d656e743a,312d73b862600205be6421ebe9dc3604438e6bcc4cafb1a019443fcd7d89bd29,7e63a9756880bbf215d14777ef43ba5e6976ff738396527252f826b5fb384ac3,"[50256, 14832, 8255, 25, 14089, 12, 13638, 5517, 287, 640, 12, 85, 1721, 278, 16716, 2181, 3004, 13, 6602, 11352, 3681, 25]","[50256, 14832, 8255, 25, 367, 1531, 365, 6459, 514, 284, 7239, 262, 3950, 286, 3206, 42499, 1358, 13, 6602, 11352, 3681, 25]",22,22,True,Heavy-handed exercise in time-vaulting literary pretension.,Haneke challenges us to confront the reality of sexual aberration.,tigges,True
sst_tigges_pythia_correct_test,100,sst-8794,sst-7986,1,0,Review Text: Must-see viewing for anyone involved in the high-tech industry. Review Sentiment:,Review Text: Credibility levels are low and character development a non-starter. Review Sentiment:,'Review Text: Must-see viewing for anyone involved in the high-tech industry. Review Sentiment:','Review Text: Credibility levels are low and character development a non-starter. Review Sentiment:',52657669657720546578743a204d7573742d7365652076696577696e6720666f7220616e796f6e6520696e766f6c76656420696e2074686520686967682d7465636820696e6475737472792e205265766965772053656e74696d656e743a,52657669657720546578743a20437265646962696c697479206c6576656c7320617265206c6f7720616e642063686172616374657220646576656c6f706d656e742061206e6f6e2d737461727465722e205265766965772053656e74696d656e743a,98563f30b5014ab2457e9c47c62c882fc49d250b7c6a62a17eb4e341bd2a9a98,7d46dd0baa67d84f9f05a6b04a69afa300afb515b575f34a9330217730a089df,"[50256, 14832, 8255, 25, 12039, 12, 3826, 11681, 329, 2687, 2950, 287, 262, 1029, 12, 13670, 2831, 13, 6602, 11352, 3681, 25]","[50256, 14832, 8255, 25, 327, 445, 2247, 2974, 389, 1877, 290, 2095, 2478, 257, 1729, 12, 12339, 13, 6602, 11352, 3681, 25]",22,22,True,Must-see viewing for anyone involved in the high-tech industry.,Credibility levels are low and character development a non-starter.,tigges,True
sst_tigges_pythia_correct_test,101,sst-7986,sst-8794,0,1,Review Text: Credibility levels are low and character development a non-starter. Review Sentiment:,Review Text: Must-see viewing for anyone involved in the high-tech industry. Review Sentiment:,'Review Text: Credibility levels are low and character development a non-starter. Review Sentiment:','Review Text: Must-see viewing for anyone involved in the high-tech industry. Review Sentiment:',52657669657720546578743a20437265646962696c697479206c6576656c7320617265206c6f7720616e642063686172616374657220646576656c6f706d656e742061206e6f6e2d737461727465722e205265766965772053656e74696d656e743a,52657669657720546578743a204d7573742d7365652076696577696e6720666f7220616e796f6e6520696e766f6c76656420696e2074686520686967682d7465636820696e6475737472792e205265766965772053656e74696d656e743a,7d46dd0baa67d84f9f05a6b04a69afa300afb515b575f34a9330217730a089df,98563f30b5014ab2457e9c47c62c882fc49d250b7c6a62a17eb4e341bd2a9a98,"[50256, 14832, 8255, 25, 327, 445, 2247, 2974, 389, 1877, 290, 2095, 2478, 257, 1729, 12, 12339, 13, 6602, 11352, 3681, 25]","[50256, 14832, 8255, 25, 12039, 12, 3826, 11681, 329, 2687, 2950, 287, 262, 1029, 12, 13670, 2831, 13, 6602, 11352, 3681, 25]",22,22,True,Credibility levels are low and character development a non-starter.,Must-see viewing for anyone involved in the high-tech industry.,tigges,True
sst_tigges_pythia_correct_test,102,sst-161,sst-1031,1,0,"Review Text: A sad, superior human comedy played out on the back roads of life. Review Sentiment:",Review Text: There has been much puzzlement among critics about what the election symbolizes. Review Sentiment:,"'Review Text: A sad, superior human comedy played out on the back roads of life. Review Sentiment:'",'Review Text: There has been much puzzlement among critics about what the election symbolizes. Review Sentiment:',52657669657720546578743a2041207361642c207375706572696f722068756d616e20636f6d65647920706c61796564206f7574206f6e20746865206261636b20726f616473206f66206c6966652e205265766965772053656e74696d656e743a,52657669657720546578743a20546865726520686173206265656e206d7563682070757a7a6c656d656e7420616d6f6e6720637269746963732061626f757420776861742074686520656c656374696f6e2073796d626f6c697a65732e205265766965772053656e74696d656e743a,2c9cfe50cb8ede6ab6401a2bb56e81d848e769669fc6831d2a0ffbea29d17139,794618cfb1fffa8e0b56e63cd979990007f39110bc0b693830b97a5907ae6599,"[50256, 14832, 8255, 25, 317, 6507, 11, 9098, 1692, 10997, 2826, 503, 319, 262, 736, 9725, 286, 1204, 13, 6602, 11352, 3681, 25]","[50256, 14832, 8255, 25, 1318, 468, 587, 881, 15575, 1732, 1871, 9188, 546, 644, 262, 3071, 6194, 4340, 13, 6602, 11352, 3681, 25]",23,23,True,"A sad, superior human comedy played out on the back roads of life.",There has been much puzzlement among critics about what the election symbolizes.,tigges,True
sst_tigges_pythia_correct_test,103,sst-1031,sst-161,0,1,Review Text: There has been much puzzlement among critics about what the election symbolizes. Review Sentiment:,"Review Text: A sad, superior human comedy played out on the back roads of life. Review Sentiment:",'Review Text: There has been much puzzlement among critics about what the election symbolizes. Review Sentiment:',"'Review Text: A sad, superior human comedy played out on the back roads of life. Review Sentiment:'",52657669657720546578743a20546865726520686173206265656e206d7563682070757a7a6c656d656e7420616d6f6e6720637269746963732061626f757420776861742074686520656c656374696f6e2073796d626f6c697a65732e205265766965772053656e74696d656e743a,52657669657720546578743a2041207361642c207375706572696f722068756d616e20636f6d65647920706c61796564206f7574206f6e20746865206261636b20726f616473206f66206c6966652e205265766965772053656e74696d656e743a,794618cfb1fffa8e0b56e63cd979990007f39110bc0b693830b97a5907ae6599,2c9cfe50cb8ede6ab6401a2bb56e81d848e769669fc6831d2a0ffbea29d17139,"[50256, 14832, 8255, 25, 1318, 468, 587, 881, 15575, 1732, 1871, 9188, 546, 644, 262, 3071, 6194, 4340, 13, 6602, 11352, 3681, 25]","[50256, 14832, 8255, 25, 317, 6507, 11, 9098, 1692, 10997, 2826, 503, 319, 262, 736, 9725, 286, 1204, 13, 6602, 11352, 3681, 25]",23,23,True,There has been much puzzlement among critics about what the election symbolizes.,"A sad, superior human comedy played out on the back roads of life.",tigges,True
sst_tigges_pythia_correct_test,104,sst-12,sst-9000,1,0,"Review Text: This is a film well worth seeing, talking and singing heads and all. Review Sentiment:","Review Text: Even if Britney Spears is really cute, her movie is really bad. Review Sentiment:","'Review Text: This is a film well worth seeing, talking and singing heads and all. Review Sentiment:'","'Review Text: Even if Britney Spears is really cute, her movie is really bad. Review Sentiment:'",52657669657720546578743a205468697320697320612066696c6d2077656c6c20776f72746820736565696e672c2074616c6b696e6720616e642073696e67696e6720686561647320616e6420616c6c2e205265766965772053656e74696d656e743a,52657669657720546578743a204576656e20696620427269746e657920537065617273206973207265616c6c7920637574652c20686572206d6f766965206973207265616c6c79206261642e205265766965772053656e74696d656e743a,bf4d0e4281e09be1ed776363cbe9f051ff6e3da6c2aea0e0f8189f2096caa644,e0ea73d35cf94ff12b8d11a1a9ff1e6f68134f024fac293f7a507f72cd88187d,"[50256, 14832, 8255, 25, 770, 318, 257, 2646, 880, 2861, 4379, 11, 3375, 290, 13777, 6665, 290, 477, 13, 6602, 11352, 3681, 25]","[50256, 14832, 8255, 25, 3412, 611, 2490, 1681, 45978, 318, 1107, 13779, 11, 607, 3807, 318, 1107, 2089, 13, 6602, 11352, 3681, 25]",23,23,True,"This is a film well worth seeing, talking and singing heads and all.","Even if Britney Spears is really cute, her movie is really bad.",tigges,True
sst_tigges_pythia_correct_test,105,sst-9000,sst-12,0,1,"Review Text: Even if Britney Spears is really cute, her movie is really bad. Review Sentiment:","Review Text: This is a film well worth seeing, talking and singing heads and all. Review Sentiment:","'Review Text: Even if Britney Spears is really cute, her movie is really bad. Review Sentiment:'","'Review Text: This is a film well worth seeing, talking and singing heads and all. Review Sentiment:'",52657669657720546578743a204576656e20696620427269746e657920537065617273206973207265616c6c7920637574652c20686572206d6f766965206973207265616c6c79206261642e205265766965772053656e74696d656e743a,52657669657720546578743a205468697320697320612066696c6d2077656c6c20776f72746820736565696e672c2074616c6b696e6720616e642073696e67696e6720686561647320616e6420616c6c2e205265766965772053656e74696d656e743a,e0ea73d35cf94ff12b8d11a1a9ff1e6f68134f024fac293f7a507f72cd88187d,bf4d0e4281e09be1ed776363cbe9f051ff6e3da6c2aea0e0f8189f2096caa644,"[50256, 14832, 8255, 25, 3412, 611, 2490, 1681, 45978, 318, 1107, 13779, 11, 607, 3807, 318, 1107, 2089, 13, 6602, 11352, 3681, 25]","[50256, 14832, 8255, 25, 770, 318, 257, 2646, 880, 2861, 4379, 11, 3375, 290, 13777, 6665, 290, 477, 13, 6602, 11352, 3681, 25]",23,23,True,"Even if Britney Spears is really cute, her movie is really bad.","This is a film well worth seeing, talking and singing heads and all.",tigges,True
sst_tigges_pythia_correct_test,106,sst-15,sst-8618,1,0,"Review Text: One of the greatest family-oriented, fantasy-adventure movies ever. Review Sentiment:","Review Text: Needless to say, the dramatics that follow are utter hooey. Review Sentiment:","'Review Text: One of the greatest family-oriented, fantasy-adventure movies ever. Review Sentiment:'","'Review Text: Needless to say, the dramatics that follow are utter hooey. Review Sentiment:'",52657669657720546578743a204f6e65206f66207468652067726561746573742066616d696c792d6f7269656e7465642c2066616e746173792d616476656e74757265206d6f7669657320657665722e205265766965772053656e74696d656e743a,52657669657720546578743a204e6565646c65737320746f207361792c20746865206472616d6174696373207468617420666f6c6c6f772061726520757474657220686f6f65792e205265766965772053656e74696d656e743a,8f736cb034f4b1a9c58dcdc112d190f5d4e4f096307fe3bce44edef0cf0e5ac4,88869c3afd5cc565846f9d328fc647a29b35a5587fcd42ad41d0719d614ee3b2,"[50256, 14832, 8255, 25, 1881, 286, 262, 6000, 1641, 12, 17107, 11, 8842, 12, 324, 5388, 6918, 1683, 13, 6602, 11352, 3681, 25]","[50256, 14832, 8255, 25, 39114, 284, 910, 11, 262, 4850, 23372, 326, 1061, 389, 10517, 289, 2238, 2959, 13, 6602, 11352, 3681, 25]",23,23,True,"One of the greatest family-oriented, fantasy-adventure movies ever.","Needless to say, the dramatics that follow are utter hooey.",tigges,True
sst_tigges_pythia_correct_test,107,sst-8618,sst-15,0,1,"Review Text: Needless to say, the dramatics that follow are utter hooey. Review Sentiment:","Review Text: One of the greatest family-oriented, fantasy-adventure movies ever. Review Sentiment:","'Review Text: Needless to say, the dramatics that follow are utter hooey. Review Sentiment:'","'Review Text: One of the greatest family-oriented, fantasy-adventure movies ever. Review Sentiment:'",52657669657720546578743a204e6565646c65737320746f207361792c20746865206472616d6174696373207468617420666f6c6c6f772061726520757474657220686f6f65792e205265766965772053656e74696d656e743a,52657669657720546578743a204f6e65206f66207468652067726561746573742066616d696c792d6f7269656e7465642c2066616e746173792d616476656e74757265206d6f7669657320657665722e205265766965772053656e74696d656e743a,88869c3afd5cc565846f9d328fc647a29b35a5587fcd42ad41d0719d614ee3b2,8f736cb034f4b1a9c58dcdc112d190f5d4e4f096307fe3bce44edef0cf0e5ac4,"[50256, 14832, 8255, 25, 39114, 284, 910, 11, 262, 4850, 23372, 326, 1061, 389, 10517, 289, 2238, 2959, 13, 6602, 11352, 3681, 25]","[50256, 14832, 8255, 25, 1881, 286, 262, 6000, 1641, 12, 17107, 11, 8842, 12, 324, 5388, 6918, 1683, 13, 6602, 11352, 3681, 25]",23,23,True,"Needless to say, the dramatics that follow are utter hooey.","One of the greatest family-oriented, fantasy-adventure movies ever.",tigges,True
sst_tigges_pythia_correct_test,108,sst-8907,sst-8808,1,0,Review Text: The cast is uniformly excellent... but the film itself is merely mildly charming. Review Sentiment:,Review Text: fear dot com is so rambling and disconnected it never builds any suspense. Review Sentiment:,'Review Text: The cast is uniformly excellent... but the film itself is merely mildly charming. Review Sentiment:','Review Text: fear dot com is so rambling and disconnected it never builds any suspense. Review Sentiment:',52657669657720546578743a20546865206361737420697320756e69666f726d6c7920657863656c6c656e742e2e2e20627574207468652066696c6d20697473656c66206973206d6572656c79206d696c646c7920636861726d696e672e205265766965772053656e74696d656e743a,52657669657720546578743a206665617220646f7420636f6d20697320736f2072616d626c696e6720616e6420646973636f6e6e6563746564206974206e65766572206275696c647320616e792073757370656e73652e205265766965772053656e74696d656e743a,7a82209a1ef97bbee55cb91c252e2b4334119a311ddd55e551bcda92b7980f35,9abd63caca6e092e655f01e35e7ce05b625d0e9ddf32503302e06565d72982ef,"[50256, 14832, 8255, 25, 383, 3350, 318, 42096, 6275, 986, 475, 262, 2646, 2346, 318, 6974, 33544, 23332, 13, 6602, 11352, 3681, 25]","[50256, 14832, 8255, 25, 3252, 16605, 401, 318, 523, 374, 15366, 290, 28597, 340, 1239, 12188, 597, 43527, 13, 6602, 11352, 3681, 25]",23,23,True,The cast is uniformly excellent... but the film itself is merely mildly charming.,fear dot com is so rambling and disconnected it never builds any suspense.,tigges,True
sst_tigges_pythia_correct_test,109,sst-8808,sst-8907,0,1,Review Text: fear dot com is so rambling and disconnected it never builds any suspense. Review Sentiment:,Review Text: The cast is uniformly excellent... but the film itself is merely mildly charming. Review Sentiment:,'Review Text: fear dot com is so rambling and disconnected it never builds any suspense. Review Sentiment:','Review Text: The cast is uniformly excellent... but the film itself is merely mildly charming. Review Sentiment:',52657669657720546578743a206665617220646f7420636f6d20697320736f2072616d626c696e6720616e6420646973636f6e6e6563746564206974206e65766572206275696c647320616e792073757370656e73652e205265766965772053656e74696d656e743a,52657669657720546578743a20546865206361737420697320756e69666f726d6c7920657863656c6c656e742e2e2e20627574207468652066696c6d20697473656c66206973206d6572656c79206d696c646c7920636861726d696e672e205265766965772053656e74696d656e743a,9abd63caca6e092e655f01e35e7ce05b625d0e9ddf32503302e06565d72982ef,7a82209a1ef97bbee55cb91c252e2b4334119a311ddd55e551bcda92b7980f35,"[50256, 14832, 8255, 25, 3252, 16605, 401, 318, 523, 374, 15366, 290, 28597, 340, 1239, 12188, 597, 43527, 13, 6602, 11352, 3681, 25]","[50256, 14832, 8255, 25, 383, 3350, 318, 42096, 6275, 986, 475, 262, 2646, 2346, 318, 6974, 33544, 23332, 13, 6602, 11352, 3681, 25]",23,23,True,fear dot com is so rambling and disconnected it never builds any suspense.,The cast is uniformly excellent... but the film itself is merely mildly charming.,tigges,True
sst_tigges_pythia_correct_test,110,sst-1105,sst-7960,1,0,Review Text: Fans of Nijinsky will savor every minute of Cox's work. Review Sentiment:,Review Text: Imagine a really bad community theater production of West Side Story without the songs. Review Sentiment:,"""Review Text: Fans of Nijinsky will savor every minute of Cox's work. Review Sentiment:""",'Review Text: Imagine a really bad community theater production of West Side Story without the songs. Review Sentiment:',52657669657720546578743a2046616e73206f66204e696a696e736b792077696c6c207361766f72206576657279206d696e757465206f6620436f78277320776f726b2e205265766965772053656e74696d656e743a,52657669657720546578743a20496d6167696e652061207265616c6c792062616420636f6d6d756e69747920746865617465722070726f64756374696f6e206f66205765737420536964652053746f727920776974686f75742074686520736f6e67732e205265766965772053656e74696d656e743a,9a03375927a936071e8b579ed5063727887e87c6fe6c28a74395480f6a6185d5,598cb3931cc8f81c87ac9c5cd5a98c40ea2326cbe5eb25b1767c25f0a292c664,"[50256, 14832, 8255, 25, 24964, 286, 399, 2926, 19870, 481, 6799, 273, 790, 5664, 286, 18014, 338, 670, 13, 6602, 11352, 3681, 25]","[50256, 14832, 8255, 25, 18450, 257, 1107, 2089, 2055, 13766, 3227, 286, 2688, 12075, 8362, 1231, 262, 7259, 13, 6602, 11352, 3681, 25]",23,23,True,Fans of Nijinsky will savor every minute of Cox's work.,Imagine a really bad community theater production of West Side Story without the songs.,tigges,True
sst_tigges_pythia_correct_test,111,sst-7960,sst-1105,0,1,Review Text: Imagine a really bad community theater production of West Side Story without the songs. Review Sentiment:,Review Text: Fans of Nijinsky will savor every minute of Cox's work. Review Sentiment:,'Review Text: Imagine a really bad community theater production of West Side Story without the songs. Review Sentiment:',"""Review Text: Fans of Nijinsky will savor every minute of Cox's work. Review Sentiment:""",52657669657720546578743a20496d6167696e652061207265616c6c792062616420636f6d6d756e69747920746865617465722070726f64756374696f6e206f66205765737420536964652053746f727920776974686f75742074686520736f6e67732e205265766965772053656e74696d656e743a,52657669657720546578743a2046616e73206f66204e696a696e736b792077696c6c207361766f72206576657279206d696e757465206f6620436f78277320776f726b2e205265766965772053656e74696d656e743a,598cb3931cc8f81c87ac9c5cd5a98c40ea2326cbe5eb25b1767c25f0a292c664,9a03375927a936071e8b579ed5063727887e87c6fe6c28a74395480f6a6185d5,"[50256, 14832, 8255, 25, 18450, 257, 1107, 2089, 2055, 13766, 3227, 286, 2688, 12075, 8362, 1231, 262, 7259, 13, 6602, 11352, 3681, 25]","[50256, 14832, 8255, 25, 24964, 286, 399, 2926, 19870, 481, 6799, 273, 790, 5664, 286, 18014, 338, 670, 13, 6602, 11352, 3681, 25]",23,23,True,Imagine a really bad community theater production of West Side Story without the songs.,Fans of Nijinsky will savor every minute of Cox's work.,tigges,True
sst_tigges_pythia_correct_test,112,sst-422,sst-8761,1,0,Review Text: Bullock does a good job here of working against her natural likability. Review Sentiment:,Review Text: A painfully leaden film destined for pre-dawn cable television slots. Review Sentiment:,'Review Text: Bullock does a good job here of working against her natural likability. Review Sentiment:','Review Text: A painfully leaden film destined for pre-dawn cable television slots. Review Sentiment:',52657669657720546578743a2042756c6c6f636b20646f6573206120676f6f64206a6f622068657265206f6620776f726b696e6720616761696e737420686572206e61747572616c206c696b6162696c6974792e205265766965772053656e74696d656e743a,52657669657720546578743a2041207061696e66756c6c79206c656164656e2066696c6d2064657374696e656420666f72207072652d6461776e206361626c652074656c65766973696f6e20736c6f74732e205265766965772053656e74696d656e743a,d526d9a8087101cc741d1eee5123be1720c57b805d2328beb50449c83d2bc435,873694889dace9e9f556b7f42c98844ee4fbeba0ba8fd1c28cb62df75005aef6,"[50256, 14832, 8255, 25, 8266, 735, 857, 257, 922, 1693, 994, 286, 1762, 1028, 607, 3288, 4300, 1799, 13, 6602, 11352, 3681, 25]","[50256, 14832, 8255, 25, 317, 32258, 1085, 268, 2646, 23985, 329, 662, 12, 67, 3832, 7862, 5581, 17314, 13, 6602, 11352, 3681, 25]",23,23,True,Bullock does a good job here of working against her natural likability.,A painfully leaden film destined for pre-dawn cable television slots.,tigges,True
sst_tigges_pythia_correct_test,113,sst-8761,sst-422,0,1,Review Text: A painfully leaden film destined for pre-dawn cable television slots. Review Sentiment:,Review Text: Bullock does a good job here of working against her natural likability. Review Sentiment:,'Review Text: A painfully leaden film destined for pre-dawn cable television slots. Review Sentiment:','Review Text: Bullock does a good job here of working against her natural likability. Review Sentiment:',52657669657720546578743a2041207061696e66756c6c79206c656164656e2066696c6d2064657374696e656420666f72207072652d6461776e206361626c652074656c65766973696f6e20736c6f74732e205265766965772053656e74696d656e743a,52657669657720546578743a2042756c6c6f636b20646f6573206120676f6f64206a6f622068657265206f6620776f726b696e6720616761696e737420686572206e61747572616c206c696b6162696c6974792e205265766965772053656e74696d656e743a,873694889dace9e9f556b7f42c98844ee4fbeba0ba8fd1c28cb62df75005aef6,d526d9a8087101cc741d1eee5123be1720c57b805d2328beb50449c83d2bc435,"[50256, 14832, 8255, 25, 317, 32258, 1085, 268, 2646, 23985, 329, 662, 12, 67, 3832, 7862, 5581, 17314, 13, 6602, 11352, 3681, 25]","[50256, 14832, 8255, 25, 8266, 735, 857, 257, 922, 1693, 994, 286, 1762, 1028, 607, 3288, 4300, 1799, 13, 6602, 11352, 3681, 25]",23,23,True,A painfully leaden film destined for pre-dawn cable television slots.,Bullock does a good job here of working against her natural likability.,tigges,True
sst_tigges_pythia_correct_test,114,sst-8781,sst-8538,1,0,"Review Text: ''Men in Black II,'' has all the earmarks of a sequel. Review Sentiment:",Review Text: This formulaic chiller will do little to boost Stallone's career. Review Sentiment:,"""Review Text: ''Men in Black II,'' has all the earmarks of a sequel. Review Sentiment:""","""Review Text: This formulaic chiller will do little to boost Stallone's career. Review Sentiment:""",52657669657720546578743a2027274d656e20696e20426c61636b2049492c27272068617320616c6c20746865206561726d61726b73206f6620612073657175656c2e205265766965772053656e74696d656e743a,52657669657720546578743a205468697320666f726d756c616963206368696c6c65722077696c6c20646f206c6974746c6520746f20626f6f7374205374616c6c6f6e652773206361726565722e205265766965772053656e74696d656e743a,5c303b32cadcad0f59479368f8fc8bde7052506ee95181126c602a13b6be6781,97418e08b420ce6d82398d07b1330fc8744021f6177c95b9ffeee1b574949d00,"[50256, 14832, 8255, 25, 10148, 10418, 287, 2619, 2873, 14004, 468, 477, 262, 1027, 14306, 286, 257, 16304, 13, 6602, 11352, 3681, 25]","[50256, 14832, 8255, 25, 770, 10451, 291, 442, 4665, 481, 466, 1310, 284, 5750, 35719, 505, 338, 3451, 13, 6602, 11352, 3681, 25]",23,23,True,"''Men in Black II,'' has all the earmarks of a sequel.",This formulaic chiller will do little to boost Stallone's career.,tigges,True
sst_tigges_pythia_correct_test,115,sst-8538,sst-8781,0,1,Review Text: This formulaic chiller will do little to boost Stallone's career. Review Sentiment:,"Review Text: ''Men in Black II,'' has all the earmarks of a sequel. Review Sentiment:","""Review Text: This formulaic chiller will do little to boost Stallone's career. Review Sentiment:""","""Review Text: ''Men in Black II,'' has all the earmarks of a sequel. Review Sentiment:""",52657669657720546578743a205468697320666f726d756c616963206368696c6c65722077696c6c20646f206c6974746c6520746f20626f6f7374205374616c6c6f6e652773206361726565722e205265766965772053656e74696d656e743a,52657669657720546578743a2027274d656e20696e20426c61636b2049492c27272068617320616c6c20746865206561726d61726b73206f6620612073657175656c2e205265766965772053656e74696d656e743a,97418e08b420ce6d82398d07b1330fc8744021f6177c95b9ffeee1b574949d00,5c303b32cadcad0f59479368f8fc8bde7052506ee95181126c602a13b6be6781,"[50256, 14832, 8255, 25, 770, 10451, 291, 442, 4665, 481, 466, 1310, 284, 5750, 35719, 505, 338, 3451, 13, 6602, 11352, 3681, 25]","[50256, 14832, 8255, 25, 10148, 10418, 287, 2619, 2873, 14004, 468, 477, 262, 1027, 14306, 286, 257, 16304, 13, 6602, 11352, 3681, 25]",23,23,True,This formulaic chiller will do little to boost Stallone's career.,"''Men in Black II,'' has all the earmarks of a sequel.",tigges,True
sst_tigges_pythia_correct_test,116,sst-258,sst-8904,1,0,"Review Text: His characters are engaging, intimate and the dialogue is realistic and greatly moving. Review Sentiment:",Review Text: But what saves lives on the freeway does not necessarily make for persuasive viewing. Review Sentiment:,"'Review Text: His characters are engaging, intimate and the dialogue is realistic and greatly moving. Review Sentiment:'",'Review Text: But what saves lives on the freeway does not necessarily make for persuasive viewing. Review Sentiment:',52657669657720546578743a2048697320636861726163746572732061726520656e676167696e672c20696e74696d61746520616e6420746865206469616c6f677565206973207265616c697374696320616e642067726561746c79206d6f76696e672e205265766965772053656e74696d656e743a,52657669657720546578743a204275742077686174207361766573206c69766573206f6e20746865206672656577617920646f6573206e6f74206e65636573736172696c79206d616b6520666f7220706572737561736976652076696577696e672e205265766965772053656e74696d656e743a,09785cbb068d86b8862db5cfdc9c86d1ed05b492673ceff3f3a6232c7b2c90a0,dc5dffcb79cf8308d80968206de5bdfacf995470455b897c3feb33091bd873e2,"[50256, 14832, 8255, 25, 2399, 3435, 389, 11932, 11, 16584, 290, 262, 10721, 318, 12653, 290, 9257, 3867, 13, 6602, 11352, 3681, 25]","[50256, 14832, 8255, 25, 887, 644, 16031, 3160, 319, 262, 39042, 857, 407, 6646, 787, 329, 40116, 11681, 13, 6602, 11352, 3681, 25]",23,23,True,"His characters are engaging, intimate and the dialogue is realistic and greatly moving.",But what saves lives on the freeway does not necessarily make for persuasive viewing.,tigges,True
sst_tigges_pythia_correct_test,117,sst-8904,sst-258,0,1,Review Text: But what saves lives on the freeway does not necessarily make for persuasive viewing. Review Sentiment:,"Review Text: His characters are engaging, intimate and the dialogue is realistic and greatly moving. Review Sentiment:",'Review Text: But what saves lives on the freeway does not necessarily make for persuasive viewing. Review Sentiment:',"'Review Text: His characters are engaging, intimate and the dialogue is realistic and greatly moving. Review Sentiment:'",52657669657720546578743a204275742077686174207361766573206c69766573206f6e20746865206672656577617920646f6573206e6f74206e65636573736172696c79206d616b6520666f7220706572737561736976652076696577696e672e205265766965772053656e74696d656e743a,52657669657720546578743a2048697320636861726163746572732061726520656e676167696e672c20696e74696d61746520616e6420746865206469616c6f677565206973207265616c697374696320616e642067726561746c79206d6f76696e672e205265766965772053656e74696d656e743a,dc5dffcb79cf8308d80968206de5bdfacf995470455b897c3feb33091bd873e2,09785cbb068d86b8862db5cfdc9c86d1ed05b492673ceff3f3a6232c7b2c90a0,"[50256, 14832, 8255, 25, 887, 644, 16031, 3160, 319, 262, 39042, 857, 407, 6646, 787, 329, 40116, 11681, 13, 6602, 11352, 3681, 25]","[50256, 14832, 8255, 25, 2399, 3435, 389, 11932, 11, 16584, 290, 262, 10721, 318, 12653, 290, 9257, 3867, 13, 6602, 11352, 3681, 25]",23,23,True,But what saves lives on the freeway does not necessarily make for persuasive viewing.,"His characters are engaging, intimate and the dialogue is realistic and greatly moving.",tigges,True
sst_tigges_pythia_correct_test,118,sst-730,sst-9032,1,0,"Review Text: The film hinges on its performances, and both leads are up to the task. Review Sentiment:","Review Text: I found it slow, drab, and bordering on melodramatic. Review Sentiment:","'Review Text: The film hinges on its performances, and both leads are up to the task. Review Sentiment:'","'Review Text: I found it slow, drab, and bordering on melodramatic. Review Sentiment:'",52657669657720546578743a205468652066696c6d2068696e676573206f6e2069747320706572666f726d616e6365732c20616e6420626f7468206c656164732061726520757020746f20746865207461736b2e205265766965772053656e74696d656e743a,52657669657720546578743a204920666f756e6420697420736c6f772c20647261622c20616e6420626f72646572696e67206f6e206d656c6f6472616d617469632e205265766965772053656e74696d656e743a,bf2276cde5da31ee027992b9b10308efc28339a0b4e84d823d93365f7f183f9a,8bbba5735618c266041a7a54959bb516eee4b69a460f3a2e075e48151cbc64e3,"[50256, 14832, 8255, 25, 383, 2646, 41442, 319, 663, 13289, 11, 290, 1111, 5983, 389, 510, 284, 262, 4876, 13, 6602, 11352, 3681, 25]","[50256, 14832, 8255, 25, 314, 1043, 340, 3105, 11, 1553, 397, 11, 290, 48622, 319, 7758, 375, 859, 1512, 13, 6602, 11352, 3681, 25]",24,24,True,"The film hinges on its performances, and both leads are up to the task.","I found it slow, drab, and bordering on melodramatic.",tigges,True
sst_tigges_pythia_correct_test,119,sst-9032,sst-730,0,1,"Review Text: I found it slow, drab, and bordering on melodramatic. Review Sentiment:","Review Text: The film hinges on its performances, and both leads are up to the task. Review Sentiment:","'Review Text: I found it slow, drab, and bordering on melodramatic. Review Sentiment:'","'Review Text: The film hinges on its performances, and both leads are up to the task. Review Sentiment:'",52657669657720546578743a204920666f756e6420697420736c6f772c20647261622c20616e6420626f72646572696e67206f6e206d656c6f6472616d617469632e205265766965772053656e74696d656e743a,52657669657720546578743a205468652066696c6d2068696e676573206f6e2069747320706572666f726d616e6365732c20616e6420626f7468206c656164732061726520757020746f20746865207461736b2e205265766965772053656e74696d656e743a,8bbba5735618c266041a7a54959bb516eee4b69a460f3a2e075e48151cbc64e3,bf2276cde5da31ee027992b9b10308efc28339a0b4e84d823d93365f7f183f9a,"[50256, 14832, 8255, 25, 314, 1043, 340, 3105, 11, 1553, 397, 11, 290, 48622, 319, 7758, 375, 859, 1512, 13, 6602, 11352, 3681, 25]","[50256, 14832, 8255, 25, 383, 2646, 41442, 319, 663, 13289, 11, 290, 1111, 5983, 389, 510, 284, 262, 4876, 13, 6602, 11352, 3681, 25]",24,24,True,"I found it slow, drab, and bordering on melodramatic.","The film hinges on its performances, and both leads are up to the task.",tigges,True
sst_tigges_pythia_correct_test,120,sst-1011,sst-9064,1,0,"Review Text: The Powers team has fashioned a comedy with more laughs than many, no question. Review Sentiment:",Review Text: The Master Of Disaster - it's a piece of dreck disguised as comedy. Review Sentiment:,"'Review Text: The Powers team has fashioned a comedy with more laughs than many, no question. Review Sentiment:'","""Review Text: The Master Of Disaster - it's a piece of dreck disguised as comedy. Review Sentiment:""",52657669657720546578743a2054686520506f77657273207465616d206861732066617368696f6e6564206120636f6d6564792077697468206d6f7265206c6175676873207468616e206d616e792c206e6f207175657374696f6e2e205265766965772053656e74696d656e743a,52657669657720546578743a20546865204d6173746572204f66204469736173746572202d20697427732061207069656365206f6620647265636b2064697367756973656420617320636f6d6564792e205265766965772053656e74696d656e743a,c2badcb2cb8bd98e6c347b7ada55e6ecaf9fb2dfd5a0049c8c725500ae7924f8,220caa7136a519d740f6eea8feff815f86d22ebdac4107f7c9d30b66c526f8c8,"[50256, 14832, 8255, 25, 383, 20668, 1074, 468, 35458, 257, 10997, 351, 517, 22051, 621, 867, 11, 645, 1808, 13, 6602, 11352, 3681, 25]","[50256, 14832, 8255, 25, 383, 5599, 3226, 35213, 532, 340, 338, 257, 3704, 286, 288, 11402, 32192, 355, 10997, 13, 6602, 11352, 3681, 25]",24,24,True,"The Powers team has fashioned a comedy with more laughs than many, no question.",The Master Of Disaster - it's a piece of dreck disguised as comedy.,tigges,True
sst_tigges_pythia_correct_test,121,sst-9064,sst-1011,0,1,Review Text: The Master Of Disaster - it's a piece of dreck disguised as comedy. Review Sentiment:,"Review Text: The Powers team has fashioned a comedy with more laughs than many, no question. Review Sentiment:","""Review Text: The Master Of Disaster - it's a piece of dreck disguised as comedy. Review Sentiment:""","'Review Text: The Powers team has fashioned a comedy with more laughs than many, no question. Review Sentiment:'",52657669657720546578743a20546865204d6173746572204f66204469736173746572202d20697427732061207069656365206f6620647265636b2064697367756973656420617320636f6d6564792e205265766965772053656e74696d656e743a,52657669657720546578743a2054686520506f77657273207465616d206861732066617368696f6e6564206120636f6d6564792077697468206d6f7265206c6175676873207468616e206d616e792c206e6f207175657374696f6e2e205265766965772053656e74696d656e743a,220caa7136a519d740f6eea8feff815f86d22ebdac4107f7c9d30b66c526f8c8,c2badcb2cb8bd98e6c347b7ada55e6ecaf9fb2dfd5a0049c8c725500ae7924f8,"[50256, 14832, 8255, 25, 383, 5599, 3226, 35213, 532, 340, 338, 257, 3704, 286, 288, 11402, 32192, 355, 10997, 13, 6602, 11352, 3681, 25]","[50256, 14832, 8255, 25, 383, 20668, 1074, 468, 35458, 257, 10997, 351, 517, 22051, 621, 867, 11, 645, 1808, 13, 6602, 11352, 3681, 25]",24,24,True,The Master Of Disaster - it's a piece of dreck disguised as comedy.,"The Powers team has fashioned a comedy with more laughs than many, no question.",tigges,True
sst_tigges_pythia_correct_test,122,sst-332,sst-8251,1,0,"Review Text: An amusing, breezily apolitical documentary about life on the campaign trail. Review Sentiment:","Review Text: Never engaging, utterly predictable and completely void of anything remotely interesting or suspenseful. Review Sentiment:","'Review Text: An amusing, breezily apolitical documentary about life on the campaign trail. Review Sentiment:'","'Review Text: Never engaging, utterly predictable and completely void of anything remotely interesting or suspenseful. Review Sentiment:'",52657669657720546578743a20416e20616d7573696e672c20627265657a696c792061706f6c69746963616c20646f63756d656e746172792061626f7574206c696665206f6e207468652063616d706169676e20747261696c2e205265766965772053656e74696d656e743a,52657669657720546578743a204e6576657220656e676167696e672c2075747465726c79207072656469637461626c6520616e6420636f6d706c6574656c7920766f6964206f6620616e797468696e672072656d6f74656c7920696e746572657374696e67206f722073757370656e736566756c2e205265766965772053656e74696d656e743a,8818b33eb692f25b797133367b31fe8d4349f8ba3514790e3962738760d6685a,97db5e854e6610b711bee6fdc180bc1c3e001d4bc152f6470223be7f8d8b2d5a,"[50256, 14832, 8255, 25, 1052, 28297, 11, 20780, 89, 813, 2471, 13781, 11648, 546, 1204, 319, 262, 1923, 8025, 13, 6602, 11352, 3681, 25]","[50256, 14832, 8255, 25, 7236, 11932, 11, 15950, 20039, 290, 3190, 7951, 286, 1997, 19863, 3499, 393, 43527, 913, 13, 6602, 11352, 3681, 25]",24,24,True,"An amusing, breezily apolitical documentary about life on the campaign trail.","Never engaging, utterly predictable and completely void of anything remotely interesting or suspenseful.",tigges,True
sst_tigges_pythia_correct_test,123,sst-8251,sst-332,0,1,"Review Text: Never engaging, utterly predictable and completely void of anything remotely interesting or suspenseful. Review Sentiment:","Review Text: An amusing, breezily apolitical documentary about life on the campaign trail. Review Sentiment:","'Review Text: Never engaging, utterly predictable and completely void of anything remotely interesting or suspenseful. Review Sentiment:'","'Review Text: An amusing, breezily apolitical documentary about life on the campaign trail. Review Sentiment:'",52657669657720546578743a204e6576657220656e676167696e672c2075747465726c79207072656469637461626c6520616e6420636f6d706c6574656c7920766f6964206f6620616e797468696e672072656d6f74656c7920696e746572657374696e67206f722073757370656e736566756c2e205265766965772053656e74696d656e743a,52657669657720546578743a20416e20616d7573696e672c20627265657a696c792061706f6c69746963616c20646f63756d656e746172792061626f7574206c696665206f6e207468652063616d706169676e20747261696c2e205265766965772053656e74696d656e743a,97db5e854e6610b711bee6fdc180bc1c3e001d4bc152f6470223be7f8d8b2d5a,8818b33eb692f25b797133367b31fe8d4349f8ba3514790e3962738760d6685a,"[50256, 14832, 8255, 25, 7236, 11932, 11, 15950, 20039, 290, 3190, 7951, 286, 1997, 19863, 3499, 393, 43527, 913, 13, 6602, 11352, 3681, 25]","[50256, 14832, 8255, 25, 1052, 28297, 11, 20780, 89, 813, 2471, 13781, 11648, 546, 1204, 319, 262, 1923, 8025, 13, 6602, 11352, 3681, 25]",24,24,True,"Never engaging, utterly predictable and completely void of anything remotely interesting or suspenseful.","An amusing, breezily apolitical documentary about life on the campaign trail.",tigges,True
sst_tigges_pythia_correct_test,124,sst-885,sst-8488,1,0,Review Text: But it offers plenty to ponder and chew on as its unusual relationship slowly unfolds. Review Sentiment:,"Review Text: But as a movie, it's a humorless, disjointed mess. Review Sentiment:",'Review Text: But it offers plenty to ponder and chew on as its unusual relationship slowly unfolds. Review Sentiment:',"""Review Text: But as a movie, it's a humorless, disjointed mess. Review Sentiment:""",52657669657720546578743a20427574206974206f666665727320706c656e747920746f20706f6e64657220616e642063686577206f6e2061732069747320756e757375616c2072656c6174696f6e7368697020736c6f776c7920756e666f6c64732e205265766965772053656e74696d656e743a,52657669657720546578743a204275742061732061206d6f7669652c206974277320612068756d6f726c6573732c206469736a6f696e746564206d6573732e205265766965772053656e74696d656e743a,10c351376503521f937c3d5e728455a955e11ace4b2dfe8f1c800b40d18fa4b3,288a4bef0746cdee308ac47bc96d325fad490c0c80413e4ef16e10848e2692f6,"[50256, 14832, 8255, 25, 887, 340, 4394, 6088, 284, 37375, 290, 34722, 319, 355, 663, 8468, 2776, 6364, 45995, 13, 6602, 11352, 3681, 25]","[50256, 14832, 8255, 25, 887, 355, 257, 3807, 11, 340, 338, 257, 14733, 1203, 11, 595, 73, 20909, 2085, 13, 6602, 11352, 3681, 25]",24,24,True,But it offers plenty to ponder and chew on as its unusual relationship slowly unfolds.,"But as a movie, it's a humorless, disjointed mess.",tigges,True
sst_tigges_pythia_correct_test,125,sst-8488,sst-885,0,1,"Review Text: But as a movie, it's a humorless, disjointed mess. Review Sentiment:",Review Text: But it offers plenty to ponder and chew on as its unusual relationship slowly unfolds. Review Sentiment:,"""Review Text: But as a movie, it's a humorless, disjointed mess. Review Sentiment:""",'Review Text: But it offers plenty to ponder and chew on as its unusual relationship slowly unfolds. Review Sentiment:',52657669657720546578743a204275742061732061206d6f7669652c206974277320612068756d6f726c6573732c206469736a6f696e746564206d6573732e205265766965772053656e74696d656e743a,52657669657720546578743a20427574206974206f666665727320706c656e747920746f20706f6e64657220616e642063686577206f6e2061732069747320756e757375616c2072656c6174696f6e7368697020736c6f776c7920756e666f6c64732e205265766965772053656e74696d656e743a,288a4bef0746cdee308ac47bc96d325fad490c0c80413e4ef16e10848e2692f6,10c351376503521f937c3d5e728455a955e11ace4b2dfe8f1c800b40d18fa4b3,"[50256, 14832, 8255, 25, 887, 355, 257, 3807, 11, 340, 338, 257, 14733, 1203, 11, 595, 73, 20909, 2085, 13, 6602, 11352, 3681, 25]","[50256, 14832, 8255, 25, 887, 340, 4394, 6088, 284, 37375, 290, 34722, 319, 355, 663, 8468, 2776, 6364, 45995, 13, 6602, 11352, 3681, 25]",24,24,True,"But as a movie, it's a humorless, disjointed mess.",But it offers plenty to ponder and chew on as its unusual relationship slowly unfolds.,tigges,True
sst_tigges_pythia_correct_test,126,sst-809,sst-8624,1,0,Review Text: A marvellous journey from childhood idealism to adolescent self-absorption. Review Sentiment:,Review Text: But the characters tend to be cliches whose lives are never fully explored. Review Sentiment:,'Review Text: A marvellous journey from childhood idealism to adolescent self-absorption. Review Sentiment:','Review Text: But the characters tend to be cliches whose lives are never fully explored. Review Sentiment:',52657669657720546578743a2041206d617276656c6c6f7573206a6f75726e65792066726f6d206368696c64686f6f6420696465616c69736d20746f2061646f6c657363656e742073656c662d6162736f727074696f6e2e205265766965772053656e74696d656e743a,52657669657720546578743a204275742074686520636861726163746572732074656e6420746f20626520636c69636865732077686f7365206c6976657320617265206e657665722066756c6c79206578706c6f7265642e205265766965772053656e74696d656e743a,2f8562a8333fb64ef54c80775fdcd6560b08945fd7f02d9a867804222e623875,a4c5f886de2b587dc2a8dbb2af1f1489314c17c6e4697ce71e12a0cd03bde724,"[50256, 14832, 8255, 25, 317, 1667, 29333, 516, 7002, 422, 9963, 7306, 1042, 284, 28680, 2116, 12, 46303, 1159, 13, 6602, 11352, 3681, 25]","[50256, 14832, 8255, 25, 887, 262, 3435, 4327, 284, 307, 537, 291, 956, 3025, 3160, 389, 1239, 3938, 18782, 13, 6602, 11352, 3681, 25]",24,24,True,A marvellous journey from childhood idealism to adolescent self-absorption.,But the characters tend to be cliches whose lives are never fully explored.,tigges,True
sst_tigges_pythia_correct_test,127,sst-8624,sst-809,0,1,Review Text: But the characters tend to be cliches whose lives are never fully explored. Review Sentiment:,Review Text: A marvellous journey from childhood idealism to adolescent self-absorption. Review Sentiment:,'Review Text: But the characters tend to be cliches whose lives are never fully explored. Review Sentiment:','Review Text: A marvellous journey from childhood idealism to adolescent self-absorption. Review Sentiment:',52657669657720546578743a204275742074686520636861726163746572732074656e6420746f20626520636c69636865732077686f7365206c6976657320617265206e657665722066756c6c79206578706c6f7265642e205265766965772053656e74696d656e743a,52657669657720546578743a2041206d617276656c6c6f7573206a6f75726e65792066726f6d206368696c64686f6f6420696465616c69736d20746f2061646f6c657363656e742073656c662d6162736f727074696f6e2e205265766965772053656e74696d656e743a,a4c5f886de2b587dc2a8dbb2af1f1489314c17c6e4697ce71e12a0cd03bde724,2f8562a8333fb64ef54c80775fdcd6560b08945fd7f02d9a867804222e623875,"[50256, 14832, 8255, 25, 887, 262, 3435, 4327, 284, 307, 537, 291, 956, 3025, 3160, 389, 1239, 3938, 18782, 13, 6602, 11352, 3681, 25]","[50256, 14832, 8255, 25, 317, 1667, 29333, 516, 7002, 422, 9963, 7306, 1042, 284, 28680, 2116, 12, 46303, 1159, 13, 6602, 11352, 3681, 25]",24,24,True,But the characters tend to be cliches whose lives are never fully explored.,A marvellous journey from childhood idealism to adolescent self-absorption.,tigges,True
sst_tigges_pythia_correct_test,128,sst-210,sst-8428,1,0,Review Text: ... there are enough moments of heartbreaking honesty to keep one glued to the screen. Review Sentiment:,"Review Text: Philip K. Dick must be turning in his grave, along with my stomach. Review Sentiment:",'Review Text: ... there are enough moments of heartbreaking honesty to keep one glued to the screen. Review Sentiment:',"'Review Text: Philip K. Dick must be turning in his grave, along with my stomach. Review Sentiment:'",52657669657720546578743a202e2e2e2074686572652061726520656e6f756768206d6f6d656e7473206f66206865617274627265616b696e6720686f6e6573747920746f206b656570206f6e6520676c75656420746f207468652073637265656e2e205265766965772053656e74696d656e743a,52657669657720546578743a205068696c6970204b2e204469636b206d757374206265207475726e696e6720696e206869732067726176652c20616c6f6e672077697468206d792073746f6d6163682e205265766965772053656e74696d656e743a,cfb662d16624dd202789689abe2c4d45aab34905e9d99b64e7ebfb073a591f0b,15a1c31088d8a4d36d17a395cbfc2e438cf64eb80274188a8e07e1b3e2b4e2fe,"[50256, 14832, 8255, 25, 2644, 612, 389, 1576, 7188, 286, 37154, 24345, 284, 1394, 530, 39783, 284, 262, 3159, 13, 6602, 11352, 3681, 25]","[50256, 14832, 8255, 25, 14576, 509, 13, 11740, 1276, 307, 6225, 287, 465, 12296, 11, 1863, 351, 616, 11384, 13, 6602, 11352, 3681, 25]",24,24,True,... there are enough moments of heartbreaking honesty to keep one glued to the screen.,"Philip K. Dick must be turning in his grave, along with my stomach.",tigges,True
sst_tigges_pythia_correct_test,129,sst-8428,sst-210,0,1,"Review Text: Philip K. Dick must be turning in his grave, along with my stomach. Review Sentiment:",Review Text: ... there are enough moments of heartbreaking honesty to keep one glued to the screen. Review Sentiment:,"'Review Text: Philip K. Dick must be turning in his grave, along with my stomach. Review Sentiment:'",'Review Text: ... there are enough moments of heartbreaking honesty to keep one glued to the screen. Review Sentiment:',52657669657720546578743a205068696c6970204b2e204469636b206d757374206265207475726e696e6720696e206869732067726176652c20616c6f6e672077697468206d792073746f6d6163682e205265766965772053656e74696d656e743a,52657669657720546578743a202e2e2e2074686572652061726520656e6f756768206d6f6d656e7473206f66206865617274627265616b696e6720686f6e6573747920746f206b656570206f6e6520676c75656420746f207468652073637265656e2e205265766965772053656e74696d656e743a,15a1c31088d8a4d36d17a395cbfc2e438cf64eb80274188a8e07e1b3e2b4e2fe,cfb662d16624dd202789689abe2c4d45aab34905e9d99b64e7ebfb073a591f0b,"[50256, 14832, 8255, 25, 14576, 509, 13, 11740, 1276, 307, 6225, 287, 465, 12296, 11, 1863, 351, 616, 11384, 13, 6602, 11352, 3681, 25]","[50256, 14832, 8255, 25, 2644, 612, 389, 1576, 7188, 286, 37154, 24345, 284, 1394, 530, 39783, 284, 262, 3159, 13, 6602, 11352, 3681, 25]",24,24,True,"Philip K. Dick must be turning in his grave, along with my stomach.",... there are enough moments of heartbreaking honesty to keep one glued to the screen.,tigges,True
sst_tigges_pythia_correct_test,130,sst-8324,sst-8691,1,0,Review Text: The title helpfully offers the most succinct review of it you'll read anywhere. Review Sentiment:,"Review Text: An ungainly, comedy-deficient, B-movie rush job... Review Sentiment:","""Review Text: The title helpfully offers the most succinct review of it you'll read anywhere. Review Sentiment:""","'Review Text: An ungainly, comedy-deficient, B-movie rush job... Review Sentiment:'",52657669657720546578743a20546865207469746c652068656c7066756c6c79206f666665727320746865206d6f73742073756363696e637420726576696577206f6620697420796f75276c6c207265616420616e7977686572652e205265766965772053656e74696d656e743a,52657669657720546578743a20416e20756e6761696e6c792c20636f6d6564792d646566696369656e742c20422d6d6f7669652072757368206a6f622e2e2e205265766965772053656e74696d656e743a,606ce4bb5236557935fa81bf4e8342e2587ab3261da89c7d6a5f226b0ea3d403,6a28c4f2ef264d7e86b32987b16788aca628c0690eabffeadd8d7283697ca7ff,"[50256, 14832, 8255, 25, 383, 3670, 1037, 2759, 4394, 262, 749, 46263, 2423, 286, 340, 345, 1183, 1100, 6609, 13, 6602, 11352, 3681, 25]","[50256, 14832, 8255, 25, 1052, 555, 48544, 306, 11, 10997, 12, 4299, 11373, 11, 347, 12, 41364, 10484, 1693, 986, 6602, 11352, 3681, 25]",24,24,True,The title helpfully offers the most succinct review of it you'll read anywhere.,"An ungainly, comedy-deficient, B-movie rush job...",tigges,True
sst_tigges_pythia_correct_test,131,sst-8691,sst-8324,0,1,"Review Text: An ungainly, comedy-deficient, B-movie rush job... Review Sentiment:",Review Text: The title helpfully offers the most succinct review of it you'll read anywhere. Review Sentiment:,"'Review Text: An ungainly, comedy-deficient, B-movie rush job... Review Sentiment:'","""Review Text: The title helpfully offers the most succinct review of it you'll read anywhere. Review Sentiment:""",52657669657720546578743a20416e20756e6761696e6c792c20636f6d6564792d646566696369656e742c20422d6d6f7669652072757368206a6f622e2e2e205265766965772053656e74696d656e743a,52657669657720546578743a20546865207469746c652068656c7066756c6c79206f666665727320746865206d6f73742073756363696e637420726576696577206f6620697420796f75276c6c207265616420616e7977686572652e205265766965772053656e74696d656e743a,6a28c4f2ef264d7e86b32987b16788aca628c0690eabffeadd8d7283697ca7ff,606ce4bb5236557935fa81bf4e8342e2587ab3261da89c7d6a5f226b0ea3d403,"[50256, 14832, 8255, 25, 1052, 555, 48544, 306, 11, 10997, 12, 4299, 11373, 11, 347, 12, 41364, 10484, 1693, 986, 6602, 11352, 3681, 25]","[50256, 14832, 8255, 25, 383, 3670, 1037, 2759, 4394, 262, 749, 46263, 2423, 286, 340, 345, 1183, 1100, 6609, 13, 6602, 11352, 3681, 25]",24,24,True,"An ungainly, comedy-deficient, B-movie rush job...",The title helpfully offers the most succinct review of it you'll read anywhere.,tigges,True
sst_tigges_pythia_correct_test,132,sst-545,sst-8688,1,0,"Review Text: This version's no classic like its predecessor, but its pleasures are still plentiful. Review Sentiment:","Review Text: The angst-ridden, affluent slacker characters are more grating than engaging. Review Sentiment:","""Review Text: This version's no classic like its predecessor, but its pleasures are still plentiful. Review Sentiment:""","'Review Text: The angst-ridden, affluent slacker characters are more grating than engaging. Review Sentiment:'",52657669657720546578743a20546869732076657273696f6e2773206e6f20636c6173736963206c696b6520697473207072656465636573736f722c206275742069747320706c6561737572657320617265207374696c6c20706c656e746966756c2e205265766965772053656e74696d656e743a,52657669657720546578743a2054686520616e6773742d72696464656e2c206166666c75656e7420736c61636b6572206368617261637465727320617265206d6f72652067726174696e67207468616e20656e676167696e672e205265766965772053656e74696d656e743a,f4e8f23eda70b1449f840c1aead2f9fb0110f13531a739429eea4e4126782570,831ee19da738837e176ad90c237d808ef1150c45032ccce29edf9c91202ddf95,"[50256, 14832, 8255, 25, 770, 2196, 338, 645, 6833, 588, 663, 18476, 11, 475, 663, 35396, 389, 991, 39976, 13, 6602, 11352, 3681, 25]","[50256, 14832, 8255, 25, 383, 48973, 12, 40372, 11, 34552, 1017, 10735, 3435, 389, 517, 1036, 803, 621, 11932, 13, 6602, 11352, 3681, 25]",24,24,True,"This version's no classic like its predecessor, but its pleasures are still plentiful.","The angst-ridden, affluent slacker characters are more grating than engaging.",tigges,True
sst_tigges_pythia_correct_test,133,sst-8688,sst-545,0,1,"Review Text: The angst-ridden, affluent slacker characters are more grating than engaging. Review Sentiment:","Review Text: This version's no classic like its predecessor, but its pleasures are still plentiful. Review Sentiment:","'Review Text: The angst-ridden, affluent slacker characters are more grating than engaging. Review Sentiment:'","""Review Text: This version's no classic like its predecessor, but its pleasures are still plentiful. Review Sentiment:""",52657669657720546578743a2054686520616e6773742d72696464656e2c206166666c75656e7420736c61636b6572206368617261637465727320617265206d6f72652067726174696e67207468616e20656e676167696e672e205265766965772053656e74696d656e743a,52657669657720546578743a20546869732076657273696f6e2773206e6f20636c6173736963206c696b6520697473207072656465636573736f722c206275742069747320706c6561737572657320617265207374696c6c20706c656e746966756c2e205265766965772053656e74696d656e743a,831ee19da738837e176ad90c237d808ef1150c45032ccce29edf9c91202ddf95,f4e8f23eda70b1449f840c1aead2f9fb0110f13531a739429eea4e4126782570,"[50256, 14832, 8255, 25, 383, 48973, 12, 40372, 11, 34552, 1017, 10735, 3435, 389, 517, 1036, 803, 621, 11932, 13, 6602, 11352, 3681, 25]","[50256, 14832, 8255, 25, 770, 2196, 338, 645, 6833, 588, 663, 18476, 11, 475, 663, 35396, 389, 991, 39976, 13, 6602, 11352, 3681, 25]",24,24,True,"The angst-ridden, affluent slacker characters are more grating than engaging.","This version's no classic like its predecessor, but its pleasures are still plentiful.",tigges,True
sst_tigges_pythia_correct_test,134,sst-786,sst-8548,1,0,"Review Text: The comic performances are all spot on, especially Lee Ross's turn as Ken. Review Sentiment:",Review Text: The title's lameness should clue you in on how bad the movie is. Review Sentiment:,"""Review Text: The comic performances are all spot on, especially Lee Ross's turn as Ken. Review Sentiment:""","""Review Text: The title's lameness should clue you in on how bad the movie is. Review Sentiment:""",52657669657720546578743a2054686520636f6d696320706572666f726d616e6365732061726520616c6c2073706f74206f6e2c20657370656369616c6c79204c656520526f73732773207475726e206173204b656e2e205265766965772053656e74696d656e743a,52657669657720546578743a20546865207469746c652773206c616d656e6573732073686f756c6420636c756520796f7520696e206f6e20686f772062616420746865206d6f7669652069732e205265766965772053656e74696d656e743a,79e86785729ecd1a444c6abfec490e5549db79929fe540f7266818d2c5b503d7,526ec731060c455b4e9031f7f32a1fbf6215f4afef5e11a68cb91a1c11c9ae7e,"[50256, 14832, 8255, 25, 383, 9048, 13289, 389, 477, 4136, 319, 11, 2592, 5741, 9847, 338, 1210, 355, 7148, 13, 6602, 11352, 3681, 25]","[50256, 14832, 8255, 25, 383, 3670, 338, 30592, 9449, 815, 18437, 345, 287, 319, 703, 2089, 262, 3807, 318, 13, 6602, 11352, 3681, 25]",24,24,True,"The comic performances are all spot on, especially Lee Ross's turn as Ken.",The title's lameness should clue you in on how bad the movie is.,tigges,True
sst_tigges_pythia_correct_test,135,sst-8548,sst-786,0,1,Review Text: The title's lameness should clue you in on how bad the movie is. Review Sentiment:,"Review Text: The comic performances are all spot on, especially Lee Ross's turn as Ken. Review Sentiment:","""Review Text: The title's lameness should clue you in on how bad the movie is. Review Sentiment:""","""Review Text: The comic performances are all spot on, especially Lee Ross's turn as Ken. Review Sentiment:""",52657669657720546578743a20546865207469746c652773206c616d656e6573732073686f756c6420636c756520796f7520696e206f6e20686f772062616420746865206d6f7669652069732e205265766965772053656e74696d656e743a,52657669657720546578743a2054686520636f6d696320706572666f726d616e6365732061726520616c6c2073706f74206f6e2c20657370656369616c6c79204c656520526f73732773207475726e206173204b656e2e205265766965772053656e74696d656e743a,526ec731060c455b4e9031f7f32a1fbf6215f4afef5e11a68cb91a1c11c9ae7e,79e86785729ecd1a444c6abfec490e5549db79929fe540f7266818d2c5b503d7,"[50256, 14832, 8255, 25, 383, 3670, 338, 30592, 9449, 815, 18437, 345, 287, 319, 703, 2089, 262, 3807, 318, 13, 6602, 11352, 3681, 25]","[50256, 14832, 8255, 25, 383, 9048, 13289, 389, 477, 4136, 319, 11, 2592, 5741, 9847, 338, 1210, 355, 7148, 13, 6602, 11352, 3681, 25]",24,24,True,The title's lameness should clue you in on how bad the movie is.,"The comic performances are all spot on, especially Lee Ross's turn as Ken.",tigges,True
sst_tigges_pythia_correct_test,136,sst-806,sst-8262,1,0,Review Text: The perfect film for those who like sick comedies that can be snide. Review Sentiment:,"Review Text: A boring, formulaic mix of serial killers and stalk'n' slash. Review Sentiment:",'Review Text: The perfect film for those who like sick comedies that can be snide. Review Sentiment:',"""Review Text: A boring, formulaic mix of serial killers and stalk'n' slash. Review Sentiment:""",52657669657720546578743a2054686520706572666563742066696c6d20666f722074686f73652077686f206c696b65207369636b20636f6d656469657320746861742063616e20626520736e6964652e205265766965772053656e74696d656e743a,52657669657720546578743a204120626f72696e672c20666f726d756c616963206d6978206f662073657269616c206b696c6c65727320616e64207374616c6b276e2720736c6173682e205265766965772053656e74696d656e743a,84fe59e01c4c34eeaef69c419424055066fda6952dfbf6b6f07c949ef3de061f,565881eb05f288f33172b6cb4dfc1fc0ae5c013704ecf7e442da0f37f039cb8f,"[50256, 14832, 8255, 25, 383, 2818, 2646, 329, 883, 508, 588, 6639, 14577, 444, 326, 460, 307, 3013, 485, 13, 6602, 11352, 3681, 25]","[50256, 14832, 8255, 25, 317, 14262, 11, 10451, 291, 5022, 286, 11389, 25542, 290, 31297, 6, 77, 6, 24632, 13, 6602, 11352, 3681, 25]",24,24,True,The perfect film for those who like sick comedies that can be snide.,"A boring, formulaic mix of serial killers and stalk'n' slash.",tigges,True
sst_tigges_pythia_correct_test,137,sst-8262,sst-806,0,1,"Review Text: A boring, formulaic mix of serial killers and stalk'n' slash. Review Sentiment:",Review Text: The perfect film for those who like sick comedies that can be snide. Review Sentiment:,"""Review Text: A boring, formulaic mix of serial killers and stalk'n' slash. Review Sentiment:""",'Review Text: The perfect film for those who like sick comedies that can be snide. Review Sentiment:',52657669657720546578743a204120626f72696e672c20666f726d756c616963206d6978206f662073657269616c206b696c6c65727320616e64207374616c6b276e2720736c6173682e205265766965772053656e74696d656e743a,52657669657720546578743a2054686520706572666563742066696c6d20666f722074686f73652077686f206c696b65207369636b20636f6d656469657320746861742063616e20626520736e6964652e205265766965772053656e74696d656e743a,565881eb05f288f33172b6cb4dfc1fc0ae5c013704ecf7e442da0f37f039cb8f,84fe59e01c4c34eeaef69c419424055066fda6952dfbf6b6f07c949ef3de061f,"[50256, 14832, 8255, 25, 317, 14262, 11, 10451, 291, 5022, 286, 11389, 25542, 290, 31297, 6, 77, 6, 24632, 13, 6602, 11352, 3681, 25]","[50256, 14832, 8255, 25, 383, 2818, 2646, 329, 883, 508, 588, 6639, 14577, 444, 326, 460, 307, 3013, 485, 13, 6602, 11352, 3681, 25]",24,24,True,"A boring, formulaic mix of serial killers and stalk'n' slash.",The perfect film for those who like sick comedies that can be snide.,tigges,True
sst_tigges_pythia_correct_test,138,sst-281,sst-8757,1,0,Review Text: The Transporter is as lively and as fun as it is unapologetically dumb Review Sentiment:,"Review Text: Dreary, highly annoying... ` Some Body' will appeal to No One. Review Sentiment:",'Review Text: The Transporter is as lively and as fun as it is unapologetically dumb Review Sentiment:',"""Review Text: Dreary, highly annoying... ` Some Body' will appeal to No One. Review Sentiment:""",52657669657720546578743a20546865205472616e73706f72746572206973206173206c6976656c7920616e642061732066756e20617320697420697320756e61706f6c6f6765746963616c6c792064756d62205265766965772053656e74696d656e743a,52657669657720546578743a204472656172792c20686967686c7920616e6e6f79696e672e2e2e206020536f6d6520426f6479272077696c6c2061707065616c20746f204e6f204f6e652e205265766965772053656e74696d656e743a,b00a5bbede88bc640e53903ffc4359f7cde6538cfa76d8a2c67b0ed9097de488,6fea21eecd7fcf41b43276fec15466c98680be9499f4e222c336b6db1e10d7e8,"[50256, 14832, 8255, 25, 383, 3602, 26634, 318, 355, 29696, 290, 355, 1257, 355, 340, 318, 555, 46407, 16877, 13526, 6602, 11352, 3681, 25]","[50256, 14832, 8255, 25, 30882, 560, 11, 4047, 15774, 986, 4600, 2773, 12290, 6, 481, 5198, 284, 1400, 1881, 13, 6602, 11352, 3681, 25]",24,24,True,The Transporter is as lively and as fun as it is unapologetically dumb,"Dreary, highly annoying... ` Some Body' will appeal to No One.",tigges,True
sst_tigges_pythia_correct_test,139,sst-8757,sst-281,0,1,"Review Text: Dreary, highly annoying... ` Some Body' will appeal to No One. Review Sentiment:",Review Text: The Transporter is as lively and as fun as it is unapologetically dumb Review Sentiment:,"""Review Text: Dreary, highly annoying... ` Some Body' will appeal to No One. Review Sentiment:""",'Review Text: The Transporter is as lively and as fun as it is unapologetically dumb Review Sentiment:',52657669657720546578743a204472656172792c20686967686c7920616e6e6f79696e672e2e2e206020536f6d6520426f6479272077696c6c2061707065616c20746f204e6f204f6e652e205265766965772053656e74696d656e743a,52657669657720546578743a20546865205472616e73706f72746572206973206173206c6976656c7920616e642061732066756e20617320697420697320756e61706f6c6f6765746963616c6c792064756d62205265766965772053656e74696d656e743a,6fea21eecd7fcf41b43276fec15466c98680be9499f4e222c336b6db1e10d7e8,b00a5bbede88bc640e53903ffc4359f7cde6538cfa76d8a2c67b0ed9097de488,"[50256, 14832, 8255, 25, 30882, 560, 11, 4047, 15774, 986, 4600, 2773, 12290, 6, 481, 5198, 284, 1400, 1881, 13, 6602, 11352, 3681, 25]","[50256, 14832, 8255, 25, 383, 3602, 26634, 318, 355, 29696, 290, 355, 1257, 355, 340, 318, 555, 46407, 16877, 13526, 6602, 11352, 3681, 25]",24,24,True,"Dreary, highly annoying... ` Some Body' will appeal to No One.",The Transporter is as lively and as fun as it is unapologetically dumb,tigges,True
sst_tigges_pythia_correct_test,140,sst-778,sst-9041,1,0,"Review Text: It's a good film--not a classic, but odd, entertaining and authentic. Review Sentiment:","Review Text: A grim, flat and boring werewolf movie that refuses to develop an energy level. Review Sentiment:","""Review Text: It's a good film--not a classic, but odd, entertaining and authentic. Review Sentiment:""","'Review Text: A grim, flat and boring werewolf movie that refuses to develop an energy level. Review Sentiment:'",52657669657720546578743a2049742773206120676f6f642066696c6d2d2d6e6f74206120636c61737369632c20627574206f64642c20656e7465727461696e696e6720616e642061757468656e7469632e205265766965772053656e74696d656e743a,52657669657720546578743a2041206772696d2c20666c617420616e6420626f72696e672077657265776f6c66206d6f7669652074686174207265667573657320746f20646576656c6f7020616e20656e65726779206c6576656c2e205265766965772053656e74696d656e743a,a25b7b982b568e1d8f67a521d6fb5978b7b2ee0988c99f4bd4a3f5b0ad9477c0,9f0c015960ffa3a545482233515be9e19ae0ebeebd402d4c39899a9a0744245b,"[50256, 14832, 8255, 25, 632, 338, 257, 922, 2646, 438, 1662, 257, 6833, 11, 475, 5629, 11, 17774, 290, 16425, 13, 6602, 11352, 3681, 25]","[50256, 14832, 8255, 25, 317, 18288, 11, 6228, 290, 14262, 547, 18829, 3807, 326, 17567, 284, 1205, 281, 2568, 1241, 13, 6602, 11352, 3681, 25]",25,25,True,"It's a good film--not a classic, but odd, entertaining and authentic.","A grim, flat and boring werewolf movie that refuses to develop an energy level.",tigges,True
sst_tigges_pythia_correct_test,141,sst-9041,sst-778,0,1,"Review Text: A grim, flat and boring werewolf movie that refuses to develop an energy level. Review Sentiment:","Review Text: It's a good film--not a classic, but odd, entertaining and authentic. Review Sentiment:","'Review Text: A grim, flat and boring werewolf movie that refuses to develop an energy level. Review Sentiment:'","""Review Text: It's a good film--not a classic, but odd, entertaining and authentic. Review Sentiment:""",52657669657720546578743a2041206772696d2c20666c617420616e6420626f72696e672077657265776f6c66206d6f7669652074686174207265667573657320746f20646576656c6f7020616e20656e65726779206c6576656c2e205265766965772053656e74696d656e743a,52657669657720546578743a2049742773206120676f6f642066696c6d2d2d6e6f74206120636c61737369632c20627574206f64642c20656e7465727461696e696e6720616e642061757468656e7469632e205265766965772053656e74696d656e743a,9f0c015960ffa3a545482233515be9e19ae0ebeebd402d4c39899a9a0744245b,a25b7b982b568e1d8f67a521d6fb5978b7b2ee0988c99f4bd4a3f5b0ad9477c0,"[50256, 14832, 8255, 25, 317, 18288, 11, 6228, 290, 14262, 547, 18829, 3807, 326, 17567, 284, 1205, 281, 2568, 1241, 13, 6602, 11352, 3681, 25]","[50256, 14832, 8255, 25, 632, 338, 257, 922, 2646, 438, 1662, 257, 6833, 11, 475, 5629, 11, 17774, 290, 16425, 13, 6602, 11352, 3681, 25]",25,25,True,"A grim, flat and boring werewolf movie that refuses to develop an energy level.","It's a good film--not a classic, but odd, entertaining and authentic.",tigges,True
sst_tigges_pythia_correct_test,142,sst-688,sst-8204,1,0,"Review Text: This isn't my favorite in the series, still I enjoyed it enough to recommend. Review Sentiment:","Review Text: Taken individually or collectively, the stories never add up to as much as they promise. Review Sentiment:","""Review Text: This isn't my favorite in the series, still I enjoyed it enough to recommend. Review Sentiment:""","'Review Text: Taken individually or collectively, the stories never add up to as much as they promise. Review Sentiment:'",52657669657720546578743a20546869732069736e2774206d79206661766f7269746520696e20746865207365726965732c207374696c6c204920656e6a6f79656420697420656e6f75676820746f207265636f6d6d656e642e205265766965772053656e74696d656e743a,52657669657720546578743a2054616b656e20696e646976696475616c6c79206f7220636f6c6c6563746976656c792c207468652073746f72696573206e657665722061646420757020746f206173206d75636820617320746865792070726f6d6973652e205265766965772053656e74696d656e743a,7c6666723aa57355b4efc1fd2e97edad72781646e0941f8ebce224e9af355dca,807687b300a0f5882fe1d32b756402fe02f4bd7ecc3adc7ccdc206d4fd916c41,"[50256, 14832, 8255, 25, 770, 2125, 470, 616, 4004, 287, 262, 2168, 11, 991, 314, 8359, 340, 1576, 284, 4313, 13, 6602, 11352, 3681, 25]","[50256, 14832, 8255, 25, 30222, 17033, 393, 21329, 11, 262, 3923, 1239, 751, 510, 284, 355, 881, 355, 484, 6991, 13, 6602, 11352, 3681, 25]",25,25,True,"This isn't my favorite in the series, still I enjoyed it enough to recommend.","Taken individually or collectively, the stories never add up to as much as they promise.",tigges,True
sst_tigges_pythia_correct_test,143,sst-8204,sst-688,0,1,"Review Text: Taken individually or collectively, the stories never add up to as much as they promise. Review Sentiment:","Review Text: This isn't my favorite in the series, still I enjoyed it enough to recommend. Review Sentiment:","'Review Text: Taken individually or collectively, the stories never add up to as much as they promise. Review Sentiment:'","""Review Text: This isn't my favorite in the series, still I enjoyed it enough to recommend. Review Sentiment:""",52657669657720546578743a2054616b656e20696e646976696475616c6c79206f7220636f6c6c6563746976656c792c207468652073746f72696573206e657665722061646420757020746f206173206d75636820617320746865792070726f6d6973652e205265766965772053656e74696d656e743a,52657669657720546578743a20546869732069736e2774206d79206661766f7269746520696e20746865207365726965732c207374696c6c204920656e6a6f79656420697420656e6f75676820746f207265636f6d6d656e642e205265766965772053656e74696d656e743a,807687b300a0f5882fe1d32b756402fe02f4bd7ecc3adc7ccdc206d4fd916c41,7c6666723aa57355b4efc1fd2e97edad72781646e0941f8ebce224e9af355dca,"[50256, 14832, 8255, 25, 30222, 17033, 393, 21329, 11, 262, 3923, 1239, 751, 510, 284, 355, 881, 355, 484, 6991, 13, 6602, 11352, 3681, 25]","[50256, 14832, 8255, 25, 770, 2125, 470, 616, 4004, 287, 262, 2168, 11, 991, 314, 8359, 340, 1576, 284, 4313, 13, 6602, 11352, 3681, 25]",25,25,True,"Taken individually or collectively, the stories never add up to as much as they promise.","This isn't my favorite in the series, still I enjoyed it enough to recommend.",tigges,True
sst_tigges_pythia_correct_test,144,sst-307,sst-8767,1,0,"Review Text: The principals in this cast are all fine, but Bishop and Stevenson are standouts. Review Sentiment:","Review Text: All ends well, sort of, but the frenzied comic moments never click. Review Sentiment:","'Review Text: The principals in this cast are all fine, but Bishop and Stevenson are standouts. Review Sentiment:'","'Review Text: All ends well, sort of, but the frenzied comic moments never click. Review Sentiment:'",52657669657720546578743a20546865207072696e636970616c7320696e207468697320636173742061726520616c6c2066696e652c2062757420426973686f7020616e642053746576656e736f6e20617265207374616e646f7574732e205265766965772053656e74696d656e743a,52657669657720546578743a20416c6c20656e64732077656c6c2c20736f7274206f662c2062757420746865206672656e7a69656420636f6d6963206d6f6d656e7473206e6576657220636c69636b2e205265766965772053656e74696d656e743a,74cde45f3a6e3092282114d2a45ef822c84ecf8998ff36917d1897af2b583c44,fa6690355ef64783bbcab4e3ff9ac3dda19668d4b93f2d60ebba6e307ed9ae9d,"[50256, 14832, 8255, 25, 383, 44998, 287, 428, 3350, 389, 477, 3734, 11, 475, 16559, 290, 38681, 389, 1302, 5269, 13, 6602, 11352, 3681, 25]","[50256, 14832, 8255, 25, 1439, 5645, 880, 11, 3297, 286, 11, 475, 262, 22832, 89, 798, 9048, 7188, 1239, 3904, 13, 6602, 11352, 3681, 25]",25,25,True,"The principals in this cast are all fine, but Bishop and Stevenson are standouts.","All ends well, sort of, but the frenzied comic moments never click.",tigges,True
sst_tigges_pythia_correct_test,145,sst-8767,sst-307,0,1,"Review Text: All ends well, sort of, but the frenzied comic moments never click. Review Sentiment:","Review Text: The principals in this cast are all fine, but Bishop and Stevenson are standouts. Review Sentiment:","'Review Text: All ends well, sort of, but the frenzied comic moments never click. Review Sentiment:'","'Review Text: The principals in this cast are all fine, but Bishop and Stevenson are standouts. Review Sentiment:'",52657669657720546578743a20416c6c20656e64732077656c6c2c20736f7274206f662c2062757420746865206672656e7a69656420636f6d6963206d6f6d656e7473206e6576657220636c69636b2e205265766965772053656e74696d656e743a,52657669657720546578743a20546865207072696e636970616c7320696e207468697320636173742061726520616c6c2066696e652c2062757420426973686f7020616e642053746576656e736f6e20617265207374616e646f7574732e205265766965772053656e74696d656e743a,fa6690355ef64783bbcab4e3ff9ac3dda19668d4b93f2d60ebba6e307ed9ae9d,74cde45f3a6e3092282114d2a45ef822c84ecf8998ff36917d1897af2b583c44,"[50256, 14832, 8255, 25, 1439, 5645, 880, 11, 3297, 286, 11, 475, 262, 22832, 89, 798, 9048, 7188, 1239, 3904, 13, 6602, 11352, 3681, 25]","[50256, 14832, 8255, 25, 383, 44998, 287, 428, 3350, 389, 477, 3734, 11, 475, 16559, 290, 38681, 389, 1302, 5269, 13, 6602, 11352, 3681, 25]",25,25,True,"All ends well, sort of, but the frenzied comic moments never click.","The principals in this cast are all fine, but Bishop and Stevenson are standouts.",tigges,True
sst_tigges_pythia_correct_test,146,sst-290,sst-9059,1,0,Review Text: It's solid and affecting and exactly as thought-provoking as it should be. Review Sentiment:,Review Text: The sequel has turned completely and irrevocably bizarre to the point of utter nonsense. Review Sentiment:,"""Review Text: It's solid and affecting and exactly as thought-provoking as it should be. Review Sentiment:""",'Review Text: The sequel has turned completely and irrevocably bizarre to the point of utter nonsense. Review Sentiment:',52657669657720546578743a204974277320736f6c696420616e6420616666656374696e6720616e642065786163746c792061732074686f756768742d70726f766f6b696e672061732069742073686f756c642062652e205265766965772053656e74696d656e743a,52657669657720546578743a205468652073657175656c20686173207475726e656420636f6d706c6574656c7920616e642069727265766f6361626c792062697a6172726520746f2074686520706f696e74206f66207574746572206e6f6e73656e73652e205265766965772053656e74696d656e743a,8b3da25557b32ce7df69e48e1b27f604f924efae0d7b89e66fd4e18588cea632,b001638130f2dfdc2fe13a379c81e5655eb793edfc7a3976260a5072deb0ae81,"[50256, 14832, 8255, 25, 632, 338, 4735, 290, 13891, 290, 3446, 355, 1807, 12, 15234, 5730, 355, 340, 815, 307, 13, 6602, 11352, 3681, 25]","[50256, 14832, 8255, 25, 383, 16304, 468, 2900, 3190, 290, 11331, 18893, 1346, 13699, 284, 262, 966, 286, 10517, 18149, 13, 6602, 11352, 3681, 25]",25,25,True,It's solid and affecting and exactly as thought-provoking as it should be.,The sequel has turned completely and irrevocably bizarre to the point of utter nonsense.,tigges,True
sst_tigges_pythia_correct_test,147,sst-9059,sst-290,0,1,Review Text: The sequel has turned completely and irrevocably bizarre to the point of utter nonsense. Review Sentiment:,Review Text: It's solid and affecting and exactly as thought-provoking as it should be. Review Sentiment:,'Review Text: The sequel has turned completely and irrevocably bizarre to the point of utter nonsense. Review Sentiment:',"""Review Text: It's solid and affecting and exactly as thought-provoking as it should be. Review Sentiment:""",52657669657720546578743a205468652073657175656c20686173207475726e656420636f6d706c6574656c7920616e642069727265766f6361626c792062697a6172726520746f2074686520706f696e74206f66207574746572206e6f6e73656e73652e205265766965772053656e74696d656e743a,52657669657720546578743a204974277320736f6c696420616e6420616666656374696e6720616e642065786163746c792061732074686f756768742d70726f766f6b696e672061732069742073686f756c642062652e205265766965772053656e74696d656e743a,b001638130f2dfdc2fe13a379c81e5655eb793edfc7a3976260a5072deb0ae81,8b3da25557b32ce7df69e48e1b27f604f924efae0d7b89e66fd4e18588cea632,"[50256, 14832, 8255, 25, 383, 16304, 468, 2900, 3190, 290, 11331, 18893, 1346, 13699, 284, 262, 966, 286, 10517, 18149, 13, 6602, 11352, 3681, 25]","[50256, 14832, 8255, 25, 632, 338, 4735, 290, 13891, 290, 3446, 355, 1807, 12, 15234, 5730, 355, 340, 815, 307, 13, 6602, 11352, 3681, 25]",25,25,True,The sequel has turned completely and irrevocably bizarre to the point of utter nonsense.,It's solid and affecting and exactly as thought-provoking as it should be.,tigges,True
sst_tigges_pythia_correct_test,148,sst-593,sst-9033,1,0,Review Text: An uneven but intriguing drama that is part homage and part remake of the Italian masterpiece. Review Sentiment:,"Review Text: A lousy movie that's not merely unwatchable, but also unlistenable. Review Sentiment:",'Review Text: An uneven but intriguing drama that is part homage and part remake of the Italian masterpiece. Review Sentiment:',"""Review Text: A lousy movie that's not merely unwatchable, but also unlistenable. Review Sentiment:""",52657669657720546578743a20416e20756e6576656e2062757420696e7472696775696e67206472616d612074686174206973207061727420686f6d61676520616e6420706172742072656d616b65206f6620746865204974616c69616e206d617374657270696563652e205265766965772053656e74696d656e743a,52657669657720546578743a2041206c6f757379206d6f76696520746861742773206e6f74206d6572656c7920756e776174636861626c652c2062757420616c736f20756e6c697374656e61626c652e205265766965772053656e74696d656e743a,27a1eb7f36ceeda82618f0157c62461b02af2f19e28715b3dc16d9f45323c08e,a8fb971fb5bccc044e8083c2515249cb11d44dc0b01ecfa2244264ce2228b62f,"[50256, 14832, 8255, 25, 1052, 30690, 475, 19827, 10512, 326, 318, 636, 31044, 290, 636, 28763, 286, 262, 8200, 30669, 13, 6602, 11352, 3681, 25]","[50256, 14832, 8255, 25, 317, 46356, 3807, 326, 338, 407, 6974, 7379, 963, 540, 11, 475, 635, 555, 4868, 21633, 13, 6602, 11352, 3681, 25]",25,25,True,An uneven but intriguing drama that is part homage and part remake of the Italian masterpiece.,"A lousy movie that's not merely unwatchable, but also unlistenable.",tigges,True
sst_tigges_pythia_correct_test,149,sst-9033,sst-593,0,1,"Review Text: A lousy movie that's not merely unwatchable, but also unlistenable. Review Sentiment:",Review Text: An uneven but intriguing drama that is part homage and part remake of the Italian masterpiece. Review Sentiment:,"""Review Text: A lousy movie that's not merely unwatchable, but also unlistenable. Review Sentiment:""",'Review Text: An uneven but intriguing drama that is part homage and part remake of the Italian masterpiece. Review Sentiment:',52657669657720546578743a2041206c6f757379206d6f76696520746861742773206e6f74206d6572656c7920756e776174636861626c652c2062757420616c736f20756e6c697374656e61626c652e205265766965772053656e74696d656e743a,52657669657720546578743a20416e20756e6576656e2062757420696e7472696775696e67206472616d612074686174206973207061727420686f6d61676520616e6420706172742072656d616b65206f6620746865204974616c69616e206d617374657270696563652e205265766965772053656e74696d656e743a,a8fb971fb5bccc044e8083c2515249cb11d44dc0b01ecfa2244264ce2228b62f,27a1eb7f36ceeda82618f0157c62461b02af2f19e28715b3dc16d9f45323c08e,"[50256, 14832, 8255, 25, 317, 46356, 3807, 326, 338, 407, 6974, 7379, 963, 540, 11, 475, 635, 555, 4868, 21633, 13, 6602, 11352, 3681, 25]","[50256, 14832, 8255, 25, 1052, 30690, 475, 19827, 10512, 326, 318, 636, 31044, 290, 636, 28763, 286, 262, 8200, 30669, 13, 6602, 11352, 3681, 25]",25,25,True,"A lousy movie that's not merely unwatchable, but also unlistenable.",An uneven but intriguing drama that is part homage and part remake of the Italian masterpiece.,tigges,True
sst_tigges_pythia_correct_test,150,sst-8927,sst-8671,1,0,Review Text: An eccentric little comic\/thriller deeply in love with its own quirky personality. Review Sentiment:,Review Text: I was perplexed to watch it unfold with an astonishing lack of passion or uniqueness. Review Sentiment:,'Review Text: An eccentric little comic\\/thriller deeply in love with its own quirky personality. Review Sentiment:','Review Text: I was perplexed to watch it unfold with an astonishing lack of passion or uniqueness. Review Sentiment:',52657669657720546578743a20416e20656363656e74726963206c6974746c6520636f6d69635c2f746872696c6c657220646565706c7920696e206c6f7665207769746820697473206f776e20717569726b7920706572736f6e616c6974792e205265766965772053656e74696d656e743a,52657669657720546578743a20492077617320706572706c6578656420746f20776174636820697420756e666f6c64207769746820616e206173746f6e697368696e67206c61636b206f662070617373696f6e206f7220756e697175656e6573732e205265766965772053656e74696d656e743a,bdf1a6b1a453d207b06e0476edc6f06d63b027b2756bc3936988700d4022d640,1a662efb28d3a312bc855014c6ec93c5e14c5fed114549b803b4c3ebf316e971,"[50256, 14832, 8255, 25, 1052, 29303, 1310, 9048, 11139, 400, 81, 4665, 7744, 287, 1842, 351, 663, 898, 37276, 8806, 13, 6602, 11352, 3681, 25]","[50256, 14832, 8255, 25, 314, 373, 35682, 276, 284, 2342, 340, 16631, 351, 281, 21994, 3092, 286, 7506, 393, 49650, 13, 6602, 11352, 3681, 25]",25,25,True,An eccentric little comic\/thriller deeply in love with its own quirky personality.,I was perplexed to watch it unfold with an astonishing lack of passion or uniqueness.,tigges,True
sst_tigges_pythia_correct_test,151,sst-8671,sst-8927,0,1,Review Text: I was perplexed to watch it unfold with an astonishing lack of passion or uniqueness. Review Sentiment:,Review Text: An eccentric little comic\/thriller deeply in love with its own quirky personality. Review Sentiment:,'Review Text: I was perplexed to watch it unfold with an astonishing lack of passion or uniqueness. Review Sentiment:','Review Text: An eccentric little comic\\/thriller deeply in love with its own quirky personality. Review Sentiment:',52657669657720546578743a20492077617320706572706c6578656420746f20776174636820697420756e666f6c64207769746820616e206173746f6e697368696e67206c61636b206f662070617373696f6e206f7220756e697175656e6573732e205265766965772053656e74696d656e743a,52657669657720546578743a20416e20656363656e74726963206c6974746c6520636f6d69635c2f746872696c6c657220646565706c7920696e206c6f7665207769746820697473206f776e20717569726b7920706572736f6e616c6974792e205265766965772053656e74696d656e743a,1a662efb28d3a312bc855014c6ec93c5e14c5fed114549b803b4c3ebf316e971,bdf1a6b1a453d207b06e0476edc6f06d63b027b2756bc3936988700d4022d640,"[50256, 14832, 8255, 25, 314, 373, 35682, 276, 284, 2342, 340, 16631, 351, 281, 21994, 3092, 286, 7506, 393, 49650, 13, 6602, 11352, 3681, 25]","[50256, 14832, 8255, 25, 1052, 29303, 1310, 9048, 11139, 400, 81, 4665, 7744, 287, 1842, 351, 663, 898, 37276, 8806, 13, 6602, 11352, 3681, 25]",25,25,True,I was perplexed to watch it unfold with an astonishing lack of passion or uniqueness.,An eccentric little comic\/thriller deeply in love with its own quirky personality.,tigges,True
sst_tigges_pythia_correct_test,152,sst-121,sst-8582,1,0,"Review Text: Hip-hop has a history, and it's a metaphor for this love story. Review Sentiment:",Review Text: The movie succumbs to being nothing more than a formulaic chase in the dark. Review Sentiment:,"""Review Text: Hip-hop has a history, and it's a metaphor for this love story. Review Sentiment:""",'Review Text: The movie succumbs to being nothing more than a formulaic chase in the dark. Review Sentiment:',52657669657720546578743a204869702d686f7020686173206120686973746f72792c20616e6420697427732061206d65746170686f7220666f722074686973206c6f76652073746f72792e205265766965772053656e74696d656e743a,52657669657720546578743a20546865206d6f7669652073756363756d627320746f206265696e67206e6f7468696e67206d6f7265207468616e206120666f726d756c61696320636861736520696e20746865206461726b2e205265766965772053656e74696d656e743a,09e8281e2ebd92d86632b0239398fe38435061dd351d39d0100fbc635a5db949,7d78c7f9158dec8522d473919dbc8c670816c7b756e92bdb84cee7e274bb80a2,"[50256, 14832, 8255, 25, 29437, 12, 8548, 468, 257, 2106, 11, 290, 340, 338, 257, 23094, 329, 428, 1842, 1621, 13, 6602, 11352, 3681, 25]","[50256, 14832, 8255, 25, 383, 3807, 17458, 18146, 284, 852, 2147, 517, 621, 257, 10451, 291, 15505, 287, 262, 3223, 13, 6602, 11352, 3681, 25]",25,25,True,"Hip-hop has a history, and it's a metaphor for this love story.",The movie succumbs to being nothing more than a formulaic chase in the dark.,tigges,True
sst_tigges_pythia_correct_test,153,sst-8582,sst-121,0,1,Review Text: The movie succumbs to being nothing more than a formulaic chase in the dark. Review Sentiment:,"Review Text: Hip-hop has a history, and it's a metaphor for this love story. Review Sentiment:",'Review Text: The movie succumbs to being nothing more than a formulaic chase in the dark. Review Sentiment:',"""Review Text: Hip-hop has a history, and it's a metaphor for this love story. Review Sentiment:""",52657669657720546578743a20546865206d6f7669652073756363756d627320746f206265696e67206e6f7468696e67206d6f7265207468616e206120666f726d756c61696320636861736520696e20746865206461726b2e205265766965772053656e74696d656e743a,52657669657720546578743a204869702d686f7020686173206120686973746f72792c20616e6420697427732061206d65746170686f7220666f722074686973206c6f76652073746f72792e205265766965772053656e74696d656e743a,7d78c7f9158dec8522d473919dbc8c670816c7b756e92bdb84cee7e274bb80a2,09e8281e2ebd92d86632b0239398fe38435061dd351d39d0100fbc635a5db949,"[50256, 14832, 8255, 25, 383, 3807, 17458, 18146, 284, 852, 2147, 517, 621, 257, 10451, 291, 15505, 287, 262, 3223, 13, 6602, 11352, 3681, 25]","[50256, 14832, 8255, 25, 29437, 12, 8548, 468, 257, 2106, 11, 290, 340, 338, 257, 23094, 329, 428, 1842, 1621, 13, 6602, 11352, 3681, 25]",25,25,True,The movie succumbs to being nothing more than a formulaic chase in the dark.,"Hip-hop has a history, and it's a metaphor for this love story.",tigges,True
sst_tigges_pythia_correct_test,154,sst-776,sst-8186,1,0,Review Text: The film is an enjoyable family film--pretty much aimed at any youngster who loves horses. Review Sentiment:,Review Text: ... too gory to be a comedy and too silly to be an effective horror film. Review Sentiment:,'Review Text: The film is an enjoyable family film--pretty much aimed at any youngster who loves horses. Review Sentiment:','Review Text: ... too gory to be a comedy and too silly to be an effective horror film. Review Sentiment:',52657669657720546578743a205468652066696c6d20697320616e20656e6a6f7961626c652066616d696c792066696c6d2d2d707265747479206d7563682061696d656420617420616e7920796f756e67737465722077686f206c6f76657320686f727365732e205265766965772053656e74696d656e743a,52657669657720546578743a202e2e2e20746f6f20676f727920746f206265206120636f6d65647920616e6420746f6f2073696c6c7920746f20626520616e2065666665637469766520686f72726f722066696c6d2e205265766965772053656e74696d656e743a,634c343363c27e8c81d69ccc8d0a46e15c668b34f5a4145420ebcb3cd4ad1170,ef4b424a7a0f906ec915b4cce9c8ac4ba77bcd8b0ad2c14b8fa2ce0a28a66ff2,"[50256, 14832, 8255, 25, 383, 2646, 318, 281, 20050, 1641, 2646, 438, 37784, 881, 8998, 379, 597, 40944, 508, 10408, 14260, 13, 6602, 11352, 3681, 25]","[50256, 14832, 8255, 25, 2644, 1165, 308, 652, 284, 307, 257, 10997, 290, 1165, 14397, 284, 307, 281, 4050, 9961, 2646, 13, 6602, 11352, 3681, 25]",26,26,True,The film is an enjoyable family film--pretty much aimed at any youngster who loves horses.,... too gory to be a comedy and too silly to be an effective horror film.,tigges,True
sst_tigges_pythia_correct_test,155,sst-8186,sst-776,0,1,Review Text: ... too gory to be a comedy and too silly to be an effective horror film. Review Sentiment:,Review Text: The film is an enjoyable family film--pretty much aimed at any youngster who loves horses. Review Sentiment:,'Review Text: ... too gory to be a comedy and too silly to be an effective horror film. Review Sentiment:','Review Text: The film is an enjoyable family film--pretty much aimed at any youngster who loves horses. Review Sentiment:',52657669657720546578743a202e2e2e20746f6f20676f727920746f206265206120636f6d65647920616e6420746f6f2073696c6c7920746f20626520616e2065666665637469766520686f72726f722066696c6d2e205265766965772053656e74696d656e743a,52657669657720546578743a205468652066696c6d20697320616e20656e6a6f7961626c652066616d696c792066696c6d2d2d707265747479206d7563682061696d656420617420616e7920796f756e67737465722077686f206c6f76657320686f727365732e205265766965772053656e74696d656e743a,ef4b424a7a0f906ec915b4cce9c8ac4ba77bcd8b0ad2c14b8fa2ce0a28a66ff2,634c343363c27e8c81d69ccc8d0a46e15c668b34f5a4145420ebcb3cd4ad1170,"[50256, 14832, 8255, 25, 2644, 1165, 308, 652, 284, 307, 257, 10997, 290, 1165, 14397, 284, 307, 281, 4050, 9961, 2646, 13, 6602, 11352, 3681, 25]","[50256, 14832, 8255, 25, 383, 2646, 318, 281, 20050, 1641, 2646, 438, 37784, 881, 8998, 379, 597, 40944, 508, 10408, 14260, 13, 6602, 11352, 3681, 25]",26,26,True,... too gory to be a comedy and too silly to be an effective horror film.,The film is an enjoyable family film--pretty much aimed at any youngster who loves horses.,tigges,True
sst_tigges_pythia_correct_test,156,sst-26,sst-8425,1,0,Review Text: Scores a few points for doing what it does with a dedicated and good-hearted professionalism. Review Sentiment:,"Review Text: Bartleby is a one-joke movie, and a bad joke at that. Review Sentiment:",'Review Text: Scores a few points for doing what it does with a dedicated and good-hearted professionalism. Review Sentiment:',"'Review Text: Bartleby is a one-joke movie, and a bad joke at that. Review Sentiment:'",52657669657720546578743a2053636f72657320612066657720706f696e747320666f7220646f696e67207768617420697420646f6573207769746820612064656469636174656420616e6420676f6f642d686561727465642070726f66657373696f6e616c69736d2e205265766965772053656e74696d656e743a,52657669657720546578743a20426172746c6562792069732061206f6e652d6a6f6b65206d6f7669652c20616e64206120626164206a6f6b6520617420746861742e205265766965772053656e74696d656e743a,57e70b12499c9dd911c6b4ff5625262d6587376e630fa94796c46c489eefa1db,be5c5b799af8f9f70d43637b0ae917e20fe03e83173f5a405cad59dc9546c55b,"[50256, 14832, 8255, 25, 44654, 257, 1178, 2173, 329, 1804, 644, 340, 857, 351, 257, 7256, 290, 922, 12, 20122, 42554, 13, 6602, 11352, 3681, 25]","[50256, 14832, 8255, 25, 13167, 293, 1525, 318, 257, 530, 12, 73, 2088, 3807, 11, 290, 257, 2089, 9707, 379, 326, 13, 6602, 11352, 3681, 25]",26,26,True,Scores a few points for doing what it does with a dedicated and good-hearted professionalism.,"Bartleby is a one-joke movie, and a bad joke at that.",tigges,True
sst_tigges_pythia_correct_test,157,sst-8425,sst-26,0,1,"Review Text: Bartleby is a one-joke movie, and a bad joke at that. Review Sentiment:",Review Text: Scores a few points for doing what it does with a dedicated and good-hearted professionalism. Review Sentiment:,"'Review Text: Bartleby is a one-joke movie, and a bad joke at that. Review Sentiment:'",'Review Text: Scores a few points for doing what it does with a dedicated and good-hearted professionalism. Review Sentiment:',52657669657720546578743a20426172746c6562792069732061206f6e652d6a6f6b65206d6f7669652c20616e64206120626164206a6f6b6520617420746861742e205265766965772053656e74696d656e743a,52657669657720546578743a2053636f72657320612066657720706f696e747320666f7220646f696e67207768617420697420646f6573207769746820612064656469636174656420616e6420676f6f642d686561727465642070726f66657373696f6e616c69736d2e205265766965772053656e74696d656e743a,be5c5b799af8f9f70d43637b0ae917e20fe03e83173f5a405cad59dc9546c55b,57e70b12499c9dd911c6b4ff5625262d6587376e630fa94796c46c489eefa1db,"[50256, 14832, 8255, 25, 13167, 293, 1525, 318, 257, 530, 12, 73, 2088, 3807, 11, 290, 257, 2089, 9707, 379, 326, 13, 6602, 11352, 3681, 25]","[50256, 14832, 8255, 25, 44654, 257, 1178, 2173, 329, 1804, 644, 340, 857, 351, 257, 7256, 290, 922, 12, 20122, 42554, 13, 6602, 11352, 3681, 25]",26,26,True,"Bartleby is a one-joke movie, and a bad joke at that.",Scores a few points for doing what it does with a dedicated and good-hearted professionalism.,tigges,True
sst_tigges_pythia_correct_test,158,sst-875,sst-8000,1,0,"Review Text: Smart science fiction for grown-ups, with only a few false steps along the way. Review Sentiment:","Review Text: Anyway, for one reason or another, Crush turns into a dire drama partway through. Review Sentiment:","'Review Text: Smart science fiction for grown-ups, with only a few false steps along the way. Review Sentiment:'","'Review Text: Anyway, for one reason or another, Crush turns into a dire drama partway through. Review Sentiment:'",52657669657720546578743a20536d61727420736369656e63652066696374696f6e20666f722067726f776e2d7570732c2077697468206f6e6c792061206665772066616c736520737465707320616c6f6e6720746865207761792e205265766965772053656e74696d656e743a,52657669657720546578743a20416e797761792c20666f72206f6e6520726561736f6e206f7220616e6f746865722c204372757368207475726e7320696e746f20612064697265206472616d612070617274776179207468726f7567682e205265766965772053656e74696d656e743a,93f58a14665efed9e8ca61d654e88684397b3a59d0e08a9f1f977c47a347394d,65c9c80965074d88356d23a6a8d88fd9300023095fa1355b2922011ef545dcd1,"[50256, 14832, 8255, 25, 10880, 3783, 10165, 329, 7334, 12, 4739, 11, 351, 691, 257, 1178, 3991, 4831, 1863, 262, 835, 13, 6602, 11352, 3681, 25]","[50256, 14832, 8255, 25, 21836, 11, 329, 530, 1738, 393, 1194, 11, 40104, 4962, 656, 257, 19958, 10512, 636, 1014, 832, 13, 6602, 11352, 3681, 25]",26,26,True,"Smart science fiction for grown-ups, with only a few false steps along the way.","Anyway, for one reason or another, Crush turns into a dire drama partway through.",tigges,True
sst_tigges_pythia_correct_test,159,sst-8000,sst-875,0,1,"Review Text: Anyway, for one reason or another, Crush turns into a dire drama partway through. Review Sentiment:","Review Text: Smart science fiction for grown-ups, with only a few false steps along the way. Review Sentiment:","'Review Text: Anyway, for one reason or another, Crush turns into a dire drama partway through. Review Sentiment:'","'Review Text: Smart science fiction for grown-ups, with only a few false steps along the way. Review Sentiment:'",52657669657720546578743a20416e797761792c20666f72206f6e6520726561736f6e206f7220616e6f746865722c204372757368207475726e7320696e746f20612064697265206472616d612070617274776179207468726f7567682e205265766965772053656e74696d656e743a,52657669657720546578743a20536d61727420736369656e63652066696374696f6e20666f722067726f776e2d7570732c2077697468206f6e6c792061206665772066616c736520737465707320616c6f6e6720746865207761792e205265766965772053656e74696d656e743a,65c9c80965074d88356d23a6a8d88fd9300023095fa1355b2922011ef545dcd1,93f58a14665efed9e8ca61d654e88684397b3a59d0e08a9f1f977c47a347394d,"[50256, 14832, 8255, 25, 21836, 11, 329, 530, 1738, 393, 1194, 11, 40104, 4962, 656, 257, 19958, 10512, 636, 1014, 832, 13, 6602, 11352, 3681, 25]","[50256, 14832, 8255, 25, 10880, 3783, 10165, 329, 7334, 12, 4739, 11, 351, 691, 257, 1178, 3991, 4831, 1863, 262, 835, 13, 6602, 11352, 3681, 25]",26,26,True,"Anyway, for one reason or another, Crush turns into a dire drama partway through.","Smart science fiction for grown-ups, with only a few false steps along the way.",tigges,True
sst_tigges_pythia_correct_test,160,sst-1004,sst-8071,1,0,Review Text: The long-range appeal of ''Minority Report'' should transcend any awards it bags. Review Sentiment:,Review Text: A cumbersome and cliche-ridden movie greased with every emotional device known to man. Review Sentiment:,"""Review Text: The long-range appeal of ''Minority Report'' should transcend any awards it bags. Review Sentiment:""",'Review Text: A cumbersome and cliche-ridden movie greased with every emotional device known to man. Review Sentiment:',52657669657720546578743a20546865206c6f6e672d72616e67652061707065616c206f662027274d696e6f72697479205265706f727427272073686f756c64207472616e7363656e6420616e792061776172647320697420626167732e205265766965772053656e74696d656e743a,52657669657720546578743a20412063756d626572736f6d6520616e6420636c696368652d72696464656e206d6f7669652067726561736564207769746820657665727920656d6f74696f6e616c20646576696365206b6e6f776e20746f206d616e2e205265766965772053656e74696d656e743a,67e7805d5e13d9361de5cf4651e9f004fab0c294969195677419c146d8704e68,d77c7d90ef1c2464b15ddb03305ab923c7d74f42e5bc6b9f4985c357f28aee3e,"[50256, 14832, 8255, 25, 383, 890, 12, 9521, 5198, 286, 10148, 9452, 29134, 6358, 7061, 815, 26231, 597, 13304, 340, 11668, 13, 6602, 11352, 3681, 25]","[50256, 14832, 8255, 25, 317, 44491, 290, 537, 14234, 12, 40372, 3807, 10536, 839, 351, 790, 7016, 3335, 1900, 284, 582, 13, 6602, 11352, 3681, 25]",26,26,True,The long-range appeal of ''Minority Report'' should transcend any awards it bags.,A cumbersome and cliche-ridden movie greased with every emotional device known to man.,tigges,True
sst_tigges_pythia_correct_test,161,sst-8071,sst-1004,0,1,Review Text: A cumbersome and cliche-ridden movie greased with every emotional device known to man. Review Sentiment:,Review Text: The long-range appeal of ''Minority Report'' should transcend any awards it bags. Review Sentiment:,'Review Text: A cumbersome and cliche-ridden movie greased with every emotional device known to man. Review Sentiment:',"""Review Text: The long-range appeal of ''Minority Report'' should transcend any awards it bags. Review Sentiment:""",52657669657720546578743a20412063756d626572736f6d6520616e6420636c696368652d72696464656e206d6f7669652067726561736564207769746820657665727920656d6f74696f6e616c20646576696365206b6e6f776e20746f206d616e2e205265766965772053656e74696d656e743a,52657669657720546578743a20546865206c6f6e672d72616e67652061707065616c206f662027274d696e6f72697479205265706f727427272073686f756c64207472616e7363656e6420616e792061776172647320697420626167732e205265766965772053656e74696d656e743a,d77c7d90ef1c2464b15ddb03305ab923c7d74f42e5bc6b9f4985c357f28aee3e,67e7805d5e13d9361de5cf4651e9f004fab0c294969195677419c146d8704e68,"[50256, 14832, 8255, 25, 317, 44491, 290, 537, 14234, 12, 40372, 3807, 10536, 839, 351, 790, 7016, 3335, 1900, 284, 582, 13, 6602, 11352, 3681, 25]","[50256, 14832, 8255, 25, 383, 890, 12, 9521, 5198, 286, 10148, 9452, 29134, 6358, 7061, 815, 26231, 597, 13304, 340, 11668, 13, 6602, 11352, 3681, 25]",26,26,True,A cumbersome and cliche-ridden movie greased with every emotional device known to man.,The long-range appeal of ''Minority Report'' should transcend any awards it bags.,tigges,True
sst_tigges_pythia_correct_test,162,sst-861,sst-9068,1,0,"Review Text: The movie is well shot and very tragic, and one to ponder after the credits roll. Review Sentiment:",Review Text: A film so tedious that it is impossible to care whether that boast is true or not. Review Sentiment:,"'Review Text: The movie is well shot and very tragic, and one to ponder after the credits roll. Review Sentiment:'",'Review Text: A film so tedious that it is impossible to care whether that boast is true or not. Review Sentiment:',52657669657720546578743a20546865206d6f7669652069732077656c6c2073686f7420616e642076657279207472616769632c20616e64206f6e6520746f20706f6e64657220616674657220746865206372656469747320726f6c6c2e205265766965772053656e74696d656e743a,52657669657720546578743a20412066696c6d20736f20746564696f7573207468617420697420697320696d706f737369626c6520746f20636172652077686574686572207468617420626f6173742069732074727565206f72206e6f742e205265766965772053656e74696d656e743a,3ab008b5d14a2c57244a580ac347d38dfef1c2026afd304d26185a7038db47a5,291e946f81dda66f5276051a87c6788f13ccc31ca0293d1641393b79d47ac15e,"[50256, 14832, 8255, 25, 383, 3807, 318, 880, 2823, 290, 845, 15444, 11, 290, 530, 284, 37375, 706, 262, 10824, 4836, 13, 6602, 11352, 3681, 25]","[50256, 14832, 8255, 25, 317, 2646, 523, 32460, 326, 340, 318, 5340, 284, 1337, 1771, 326, 28020, 318, 2081, 393, 407, 13, 6602, 11352, 3681, 25]",26,26,True,"The movie is well shot and very tragic, and one to ponder after the credits roll.",A film so tedious that it is impossible to care whether that boast is true or not.,tigges,True
sst_tigges_pythia_correct_test,163,sst-9068,sst-861,0,1,Review Text: A film so tedious that it is impossible to care whether that boast is true or not. Review Sentiment:,"Review Text: The movie is well shot and very tragic, and one to ponder after the credits roll. Review Sentiment:",'Review Text: A film so tedious that it is impossible to care whether that boast is true or not. Review Sentiment:',"'Review Text: The movie is well shot and very tragic, and one to ponder after the credits roll. Review Sentiment:'",52657669657720546578743a20412066696c6d20736f20746564696f7573207468617420697420697320696d706f737369626c6520746f20636172652077686574686572207468617420626f6173742069732074727565206f72206e6f742e205265766965772053656e74696d656e743a,52657669657720546578743a20546865206d6f7669652069732077656c6c2073686f7420616e642076657279207472616769632c20616e64206f6e6520746f20706f6e64657220616674657220746865206372656469747320726f6c6c2e205265766965772053656e74696d656e743a,291e946f81dda66f5276051a87c6788f13ccc31ca0293d1641393b79d47ac15e,3ab008b5d14a2c57244a580ac347d38dfef1c2026afd304d26185a7038db47a5,"[50256, 14832, 8255, 25, 317, 2646, 523, 32460, 326, 340, 318, 5340, 284, 1337, 1771, 326, 28020, 318, 2081, 393, 407, 13, 6602, 11352, 3681, 25]","[50256, 14832, 8255, 25, 383, 3807, 318, 880, 2823, 290, 845, 15444, 11, 290, 530, 284, 37375, 706, 262, 10824, 4836, 13, 6602, 11352, 3681, 25]",26,26,True,A film so tedious that it is impossible to care whether that boast is true or not.,"The movie is well shot and very tragic, and one to ponder after the credits roll.",tigges,True
sst_tigges_pythia_correct_test,164,sst-750,sst-8730,1,0,Review Text: It's the kind of pigeonhole-resisting romp that Hollywood too rarely provides. Review Sentiment:,Review Text: would seem to have a lock on the title of ugliest movie of the year. Review Sentiment:,"""Review Text: It's the kind of pigeonhole-resisting romp that Hollywood too rarely provides. Review Sentiment:""",'Review Text: would seem to have a lock on the title of ugliest movie of the year. Review Sentiment:',52657669657720546578743a204974277320746865206b696e64206f6620706967656f6e686f6c652d726573697374696e6720726f6d70207468617420486f6c6c79776f6f6420746f6f20726172656c792070726f76696465732e205265766965772053656e74696d656e743a,52657669657720546578743a20776f756c64207365656d20746f20686176652061206c6f636b206f6e20746865207469746c65206f662075676c69657374206d6f766965206f662074686520796561722e205265766965772053656e74696d656e743a,d2d98ecfa84d3c21a23827e852bd60aa6a8de5a9c2e8b48d6726dcee6af5beba,e6026a17c26d7e844d7e7269fbf7af1e2ef183963384fb736408b91062c920d7,"[50256, 14832, 8255, 25, 632, 338, 262, 1611, 286, 46387, 13207, 12, 411, 9665, 374, 3361, 326, 8502, 1165, 8365, 3769, 13, 6602, 11352, 3681, 25]","[50256, 14832, 8255, 25, 561, 1283, 284, 423, 257, 5793, 319, 262, 3670, 286, 334, 70, 11318, 3807, 286, 262, 614, 13, 6602, 11352, 3681, 25]",26,26,True,It's the kind of pigeonhole-resisting romp that Hollywood too rarely provides.,would seem to have a lock on the title of ugliest movie of the year.,tigges,True
sst_tigges_pythia_correct_test,165,sst-8730,sst-750,0,1,Review Text: would seem to have a lock on the title of ugliest movie of the year. Review Sentiment:,Review Text: It's the kind of pigeonhole-resisting romp that Hollywood too rarely provides. Review Sentiment:,'Review Text: would seem to have a lock on the title of ugliest movie of the year. Review Sentiment:',"""Review Text: It's the kind of pigeonhole-resisting romp that Hollywood too rarely provides. Review Sentiment:""",52657669657720546578743a20776f756c64207365656d20746f20686176652061206c6f636b206f6e20746865207469746c65206f662075676c69657374206d6f766965206f662074686520796561722e205265766965772053656e74696d656e743a,52657669657720546578743a204974277320746865206b696e64206f6620706967656f6e686f6c652d726573697374696e6720726f6d70207468617420486f6c6c79776f6f6420746f6f20726172656c792070726f76696465732e205265766965772053656e74696d656e743a,e6026a17c26d7e844d7e7269fbf7af1e2ef183963384fb736408b91062c920d7,d2d98ecfa84d3c21a23827e852bd60aa6a8de5a9c2e8b48d6726dcee6af5beba,"[50256, 14832, 8255, 25, 561, 1283, 284, 423, 257, 5793, 319, 262, 3670, 286, 334, 70, 11318, 3807, 286, 262, 614, 13, 6602, 11352, 3681, 25]","[50256, 14832, 8255, 25, 632, 338, 262, 1611, 286, 46387, 13207, 12, 411, 9665, 374, 3361, 326, 8502, 1165, 8365, 3769, 13, 6602, 11352, 3681, 25]",26,26,True,would seem to have a lock on the title of ugliest movie of the year.,It's the kind of pigeonhole-resisting romp that Hollywood too rarely provides.,tigges,True
sst_tigges_pythia_correct_test,166,sst-630,sst-8733,1,0,"Review Text: An offbeat, sometimes gross and surprisingly appealing animated film about the true meaning of the holidays. Review Sentiment:",Review Text: What The Four Feathers lacks is genuine sweep or feeling or even a character worth caring about. Review Sentiment:,"'Review Text: An offbeat, sometimes gross and surprisingly appealing animated film about the true meaning of the holidays. Review Sentiment:'",'Review Text: What The Four Feathers lacks is genuine sweep or feeling or even a character worth caring about. Review Sentiment:',52657669657720546578743a20416e206f6666626561742c20736f6d6574696d65732067726f737320616e642073757270726973696e676c792061707065616c696e6720616e696d617465642066696c6d2061626f7574207468652074727565206d65616e696e67206f662074686520686f6c69646179732e205265766965772053656e74696d656e743a,52657669657720546578743a20576861742054686520466f7572204665617468657273206c61636b732069732067656e75696e65207377656570206f72206665656c696e67206f72206576656e20612063686172616374657220776f72746820636172696e672061626f75742e205265766965772053656e74696d656e743a,6bf2b1311d6fbf1d0a1b36c5d19c22eb2dca26d345403b130e50c9f3b544f76b,bb7e0f38a358af5b74389f1cd7240b419b30ce53a09a1e9fd603bc1a0c06c96d,"[50256, 14832, 8255, 25, 1052, 572, 12945, 11, 3360, 10319, 290, 12362, 16403, 15108, 2646, 546, 262, 2081, 3616, 286, 262, 17122, 13, 6602, 11352, 3681, 25]","[50256, 14832, 8255, 25, 1867, 383, 6675, 34501, 82, 16523, 318, 8768, 16085, 393, 4203, 393, 772, 257, 2095, 2861, 18088, 546, 13, 6602, 11352, 3681, 25]",27,27,True,"An offbeat, sometimes gross and surprisingly appealing animated film about the true meaning of the holidays.",What The Four Feathers lacks is genuine sweep or feeling or even a character worth caring about.,tigges,True
sst_tigges_pythia_correct_test,167,sst-8733,sst-630,0,1,Review Text: What The Four Feathers lacks is genuine sweep or feeling or even a character worth caring about. Review Sentiment:,"Review Text: An offbeat, sometimes gross and surprisingly appealing animated film about the true meaning of the holidays. Review Sentiment:",'Review Text: What The Four Feathers lacks is genuine sweep or feeling or even a character worth caring about. Review Sentiment:',"'Review Text: An offbeat, sometimes gross and surprisingly appealing animated film about the true meaning of the holidays. Review Sentiment:'",52657669657720546578743a20576861742054686520466f7572204665617468657273206c61636b732069732067656e75696e65207377656570206f72206665656c696e67206f72206576656e20612063686172616374657220776f72746820636172696e672061626f75742e205265766965772053656e74696d656e743a,52657669657720546578743a20416e206f6666626561742c20736f6d6574696d65732067726f737320616e642073757270726973696e676c792061707065616c696e6720616e696d617465642066696c6d2061626f7574207468652074727565206d65616e696e67206f662074686520686f6c69646179732e205265766965772053656e74696d656e743a,bb7e0f38a358af5b74389f1cd7240b419b30ce53a09a1e9fd603bc1a0c06c96d,6bf2b1311d6fbf1d0a1b36c5d19c22eb2dca26d345403b130e50c9f3b544f76b,"[50256, 14832, 8255, 25, 1867, 383, 6675, 34501, 82, 16523, 318, 8768, 16085, 393, 4203, 393, 772, 257, 2095, 2861, 18088, 546, 13, 6602, 11352, 3681, 25]","[50256, 14832, 8255, 25, 1052, 572, 12945, 11, 3360, 10319, 290, 12362, 16403, 15108, 2646, 546, 262, 2081, 3616, 286, 262, 17122, 13, 6602, 11352, 3681, 25]",27,27,True,What The Four Feathers lacks is genuine sweep or feeling or even a character worth caring about.,"An offbeat, sometimes gross and surprisingly appealing animated film about the true meaning of the holidays.",tigges,True
sst_tigges_pythia_correct_test,168,sst-954,sst-8555,1,0,"Review Text: The actors are so terrific at conveying their young angst, we do indeed feel for them. Review Sentiment:",Review Text: Feels like the grittiest movie that was ever made for the Lifetime cable television network. Review Sentiment:,"'Review Text: The actors are so terrific at conveying their young angst, we do indeed feel for them. Review Sentiment:'",'Review Text: Feels like the grittiest movie that was ever made for the Lifetime cable television network. Review Sentiment:',52657669657720546578743a20546865206163746f72732061726520736f20746572726966696320617420636f6e766579696e6720746865697220796f756e6720616e6773742c20776520646f20696e64656564206665656c20666f72207468656d2e205265766965772053656e74696d656e743a,52657669657720546578743a204665656c73206c696b652074686520677269747469657374206d6f7669652074686174207761732065766572206d61646520666f7220746865204c69666574696d65206361626c652074656c65766973696f6e206e6574776f726b2e205265766965772053656e74696d656e743a,0e8c16e91d654e2703b87fd049002bd9ad0cbdac0ec0b814dc921b075fb73909,2b29d462f53eda713baeae0434c33fff6aa3b23ba202d069f09e48d0a008c370,"[50256, 14832, 8255, 25, 383, 10544, 389, 523, 23754, 379, 24748, 1112, 511, 1862, 48973, 11, 356, 466, 5600, 1254, 329, 606, 13, 6602, 11352, 3681, 25]","[50256, 14832, 8255, 25, 5452, 1424, 588, 262, 1036, 715, 6386, 3807, 326, 373, 1683, 925, 329, 262, 40870, 7862, 5581, 3127, 13, 6602, 11352, 3681, 25]",27,27,True,"The actors are so terrific at conveying their young angst, we do indeed feel for them.",Feels like the grittiest movie that was ever made for the Lifetime cable television network.,tigges,True
sst_tigges_pythia_correct_test,169,sst-8555,sst-954,0,1,Review Text: Feels like the grittiest movie that was ever made for the Lifetime cable television network. Review Sentiment:,"Review Text: The actors are so terrific at conveying their young angst, we do indeed feel for them. Review Sentiment:",'Review Text: Feels like the grittiest movie that was ever made for the Lifetime cable television network. Review Sentiment:',"'Review Text: The actors are so terrific at conveying their young angst, we do indeed feel for them. Review Sentiment:'",52657669657720546578743a204665656c73206c696b652074686520677269747469657374206d6f7669652074686174207761732065766572206d61646520666f7220746865204c69666574696d65206361626c652074656c65766973696f6e206e6574776f726b2e205265766965772053656e74696d656e743a,52657669657720546578743a20546865206163746f72732061726520736f20746572726966696320617420636f6e766579696e6720746865697220796f756e6720616e6773742c20776520646f20696e64656564206665656c20666f72207468656d2e205265766965772053656e74696d656e743a,2b29d462f53eda713baeae0434c33fff6aa3b23ba202d069f09e48d0a008c370,0e8c16e91d654e2703b87fd049002bd9ad0cbdac0ec0b814dc921b075fb73909,"[50256, 14832, 8255, 25, 5452, 1424, 588, 262, 1036, 715, 6386, 3807, 326, 373, 1683, 925, 329, 262, 40870, 7862, 5581, 3127, 13, 6602, 11352, 3681, 25]","[50256, 14832, 8255, 25, 383, 10544, 389, 523, 23754, 379, 24748, 1112, 511, 1862, 48973, 11, 356, 466, 5600, 1254, 329, 606, 13, 6602, 11352, 3681, 25]",27,27,True,Feels like the grittiest movie that was ever made for the Lifetime cable television network.,"The actors are so terrific at conveying their young angst, we do indeed feel for them.",tigges,True
sst_tigges_pythia_correct_test,170,sst-240,sst-8510,1,0,Review Text: All but the most persnickety preteens should enjoy this nonthreatening but thrilling adventure. Review Sentiment:,"Review Text: Suffers from rambling, repetitive dialogue and the visual drabness endemic to digital video. Review Sentiment:",'Review Text: All but the most persnickety preteens should enjoy this nonthreatening but thrilling adventure. Review Sentiment:',"'Review Text: Suffers from rambling, repetitive dialogue and the visual drabness endemic to digital video. Review Sentiment:'",52657669657720546578743a20416c6c2062757420746865206d6f737420706572736e69636b657479207072657465656e732073686f756c6420656e6a6f792074686973206e6f6e746872656174656e696e672062757420746872696c6c696e6720616476656e747572652e205265766965772053656e74696d656e743a,52657669657720546578743a20537566666572732066726f6d2072616d626c696e672c2072657065746974697665206469616c6f67756520616e64207468652076697375616c20647261626e65737320656e64656d696320746f206469676974616c20766964656f2e205265766965772053656e74696d656e743a,ea386bcb5a930ec5ac8eed38ad64afc56fea4cada018b81eff5e139b8ce8a60e,be014ea1f56795468df6e0d5c839ab546c20c83a37ee5f692e6d0ca2ef416000,"[50256, 14832, 8255, 25, 1439, 475, 262, 749, 2774, 17172, 2963, 662, 660, 641, 815, 2883, 428, 1729, 26159, 475, 31610, 8855, 13, 6602, 11352, 3681, 25]","[50256, 14832, 8255, 25, 24974, 364, 422, 374, 15366, 11, 28585, 10721, 290, 262, 5874, 1553, 397, 1108, 42560, 284, 4875, 2008, 13, 6602, 11352, 3681, 25]",27,27,True,All but the most persnickety preteens should enjoy this nonthreatening but thrilling adventure.,"Suffers from rambling, repetitive dialogue and the visual drabness endemic to digital video.",tigges,True
sst_tigges_pythia_correct_test,171,sst-8510,sst-240,0,1,"Review Text: Suffers from rambling, repetitive dialogue and the visual drabness endemic to digital video. Review Sentiment:",Review Text: All but the most persnickety preteens should enjoy this nonthreatening but thrilling adventure. Review Sentiment:,"'Review Text: Suffers from rambling, repetitive dialogue and the visual drabness endemic to digital video. Review Sentiment:'",'Review Text: All but the most persnickety preteens should enjoy this nonthreatening but thrilling adventure. Review Sentiment:',52657669657720546578743a20537566666572732066726f6d2072616d626c696e672c2072657065746974697665206469616c6f67756520616e64207468652076697375616c20647261626e65737320656e64656d696320746f206469676974616c20766964656f2e205265766965772053656e74696d656e743a,52657669657720546578743a20416c6c2062757420746865206d6f737420706572736e69636b657479207072657465656e732073686f756c6420656e6a6f792074686973206e6f6e746872656174656e696e672062757420746872696c6c696e6720616476656e747572652e205265766965772053656e74696d656e743a,be014ea1f56795468df6e0d5c839ab546c20c83a37ee5f692e6d0ca2ef416000,ea386bcb5a930ec5ac8eed38ad64afc56fea4cada018b81eff5e139b8ce8a60e,"[50256, 14832, 8255, 25, 24974, 364, 422, 374, 15366, 11, 28585, 10721, 290, 262, 5874, 1553, 397, 1108, 42560, 284, 4875, 2008, 13, 6602, 11352, 3681, 25]","[50256, 14832, 8255, 25, 1439, 475, 262, 749, 2774, 17172, 2963, 662, 660, 641, 815, 2883, 428, 1729, 26159, 475, 31610, 8855, 13, 6602, 11352, 3681, 25]",27,27,True,"Suffers from rambling, repetitive dialogue and the visual drabness endemic to digital video.",All but the most persnickety preteens should enjoy this nonthreatening but thrilling adventure.,tigges,True
sst_tigges_pythia_correct_test,172,sst-771,sst-8006,1,0,Review Text: ... one of the most ingenious and entertaining thrillers I've seen in quite a long time. Review Sentiment:,Review Text: The film is a travesty of the genre and even as spoof takes itself too seriously. Review Sentiment:,"""Review Text: ... one of the most ingenious and entertaining thrillers I've seen in quite a long time. Review Sentiment:""",'Review Text: The film is a travesty of the genre and even as spoof takes itself too seriously. Review Sentiment:',52657669657720546578743a202e2e2e206f6e65206f6620746865206d6f737420696e67656e696f757320616e6420656e7465727461696e696e6720746872696c6c6572732049277665207365656e20696e2071756974652061206c6f6e672074696d652e205265766965772053656e74696d656e743a,52657669657720546578743a205468652066696c6d2069732061207472617665737479206f66207468652067656e726520616e64206576656e2061732073706f6f662074616b657320697473656c6620746f6f20736572696f75736c792e205265766965772053656e74696d656e743a,d47bca77f1aa9b84a5385a0c5d35ea132c70129a33757ed1422dba88b09ce0f4,4bd9d25a419613f12c2a41af1ca7b20297968de910780297ee299952c7cfb3c7,"[50256, 14832, 8255, 25, 2644, 530, 286, 262, 749, 44207, 290, 17774, 28576, 364, 314, 1053, 1775, 287, 2407, 257, 890, 640, 13, 6602, 11352, 3681, 25]","[50256, 14832, 8255, 25, 383, 2646, 318, 257, 1291, 4223, 88, 286, 262, 12121, 290, 772, 355, 42078, 2753, 2346, 1165, 6411, 13, 6602, 11352, 3681, 25]",27,27,True,... one of the most ingenious and entertaining thrillers I've seen in quite a long time.,The film is a travesty of the genre and even as spoof takes itself too seriously.,tigges,True
sst_tigges_pythia_correct_test,173,sst-8006,sst-771,0,1,Review Text: The film is a travesty of the genre and even as spoof takes itself too seriously. Review Sentiment:,Review Text: ... one of the most ingenious and entertaining thrillers I've seen in quite a long time. Review Sentiment:,'Review Text: The film is a travesty of the genre and even as spoof takes itself too seriously. Review Sentiment:',"""Review Text: ... one of the most ingenious and entertaining thrillers I've seen in quite a long time. Review Sentiment:""",52657669657720546578743a205468652066696c6d2069732061207472617665737479206f66207468652067656e726520616e64206576656e2061732073706f6f662074616b657320697473656c6620746f6f20736572696f75736c792e205265766965772053656e74696d656e743a,52657669657720546578743a202e2e2e206f6e65206f6620746865206d6f737420696e67656e696f757320616e6420656e7465727461696e696e6720746872696c6c6572732049277665207365656e20696e2071756974652061206c6f6e672074696d652e205265766965772053656e74696d656e743a,4bd9d25a419613f12c2a41af1ca7b20297968de910780297ee299952c7cfb3c7,d47bca77f1aa9b84a5385a0c5d35ea132c70129a33757ed1422dba88b09ce0f4,"[50256, 14832, 8255, 25, 383, 2646, 318, 257, 1291, 4223, 88, 286, 262, 12121, 290, 772, 355, 42078, 2753, 2346, 1165, 6411, 13, 6602, 11352, 3681, 25]","[50256, 14832, 8255, 25, 2644, 530, 286, 262, 749, 44207, 290, 17774, 28576, 364, 314, 1053, 1775, 287, 2407, 257, 890, 640, 13, 6602, 11352, 3681, 25]",27,27,True,The film is a travesty of the genre and even as spoof takes itself too seriously.,... one of the most ingenious and entertaining thrillers I've seen in quite a long time.,tigges,True
sst_tigges_pythia_correct_test,174,sst-490,sst-8410,1,0,Review Text: Two generations within one family test boundaries in this intelligent and restrained coming-of-age drama. Review Sentiment:,Review Text: The ill-conceived modern-day ending falls flat where it should deliver a moral punch. Review Sentiment:,'Review Text: Two generations within one family test boundaries in this intelligent and restrained coming-of-age drama. Review Sentiment:','Review Text: The ill-conceived modern-day ending falls flat where it should deliver a moral punch. Review Sentiment:',52657669657720546578743a2054776f2067656e65726174696f6e732077697468696e206f6e652066616d696c79207465737420626f756e64617269657320696e207468697320696e74656c6c6967656e7420616e6420726573747261696e656420636f6d696e672d6f662d616765206472616d612e205265766965772053656e74696d656e743a,52657669657720546578743a2054686520696c6c2d636f6e636569766564206d6f6465726e2d64617920656e64696e672066616c6c7320666c61742077686572652069742073686f756c642064656c697665722061206d6f72616c2070756e63682e205265766965772053656e74696d656e743a,cb5ed05aaf6bc80fcaab104883ccbf70d5cddae32e0f4b1905cf6960e6841a23,7c82bd10b70a0e77d3db559a0aedcc358c96c7dc65453b6204c40117288a734d,"[50256, 14832, 8255, 25, 4930, 10439, 1626, 530, 1641, 1332, 13215, 287, 428, 12661, 290, 31531, 2406, 12, 1659, 12, 496, 10512, 13, 6602, 11352, 3681, 25]","[50256, 14832, 8255, 25, 383, 2801, 12, 1102, 6471, 3660, 12, 820, 7464, 8953, 6228, 810, 340, 815, 5203, 257, 6573, 10862, 13, 6602, 11352, 3681, 25]",27,27,True,Two generations within one family test boundaries in this intelligent and restrained coming-of-age drama.,The ill-conceived modern-day ending falls flat where it should deliver a moral punch.,tigges,True
sst_tigges_pythia_correct_test,175,sst-8410,sst-490,0,1,Review Text: The ill-conceived modern-day ending falls flat where it should deliver a moral punch. Review Sentiment:,Review Text: Two generations within one family test boundaries in this intelligent and restrained coming-of-age drama. Review Sentiment:,'Review Text: The ill-conceived modern-day ending falls flat where it should deliver a moral punch. Review Sentiment:','Review Text: Two generations within one family test boundaries in this intelligent and restrained coming-of-age drama. Review Sentiment:',52657669657720546578743a2054686520696c6c2d636f6e636569766564206d6f6465726e2d64617920656e64696e672066616c6c7320666c61742077686572652069742073686f756c642064656c697665722061206d6f72616c2070756e63682e205265766965772053656e74696d656e743a,52657669657720546578743a2054776f2067656e65726174696f6e732077697468696e206f6e652066616d696c79207465737420626f756e64617269657320696e207468697320696e74656c6c6967656e7420616e6420726573747261696e656420636f6d696e672d6f662d616765206472616d612e205265766965772053656e74696d656e743a,7c82bd10b70a0e77d3db559a0aedcc358c96c7dc65453b6204c40117288a734d,cb5ed05aaf6bc80fcaab104883ccbf70d5cddae32e0f4b1905cf6960e6841a23,"[50256, 14832, 8255, 25, 383, 2801, 12, 1102, 6471, 3660, 12, 820, 7464, 8953, 6228, 810, 340, 815, 5203, 257, 6573, 10862, 13, 6602, 11352, 3681, 25]","[50256, 14832, 8255, 25, 4930, 10439, 1626, 530, 1641, 1332, 13215, 287, 428, 12661, 290, 31531, 2406, 12, 1659, 12, 496, 10512, 13, 6602, 11352, 3681, 25]",27,27,True,The ill-conceived modern-day ending falls flat where it should deliver a moral punch.,Two generations within one family test boundaries in this intelligent and restrained coming-of-age drama.,tigges,True
sst_tigges_pythia_correct_test,176,sst-7990,sst-8882,1,0,"Review Text: An earnest, heartrending look at the divide between religious fundamentalists and their gay relatives. Review Sentiment:","Review Text: What will, most likely, turn out to be the most repellent movie of 2002. Review Sentiment:","'Review Text: An earnest, heartrending look at the divide between religious fundamentalists and their gay relatives. Review Sentiment:'","'Review Text: What will, most likely, turn out to be the most repellent movie of 2002. Review Sentiment:'",52657669657720546578743a20416e206561726e6573742c20686561727472656e64696e67206c6f6f6b2061742074686520646976696465206265747765656e2072656c6967696f75732066756e64616d656e74616c6973747320616e64207468656972206761792072656c6174697665732e205265766965772053656e74696d656e743a,52657669657720546578743a20576861742077696c6c2c206d6f7374206c696b656c792c207475726e206f757420746f20626520746865206d6f737420726570656c6c656e74206d6f766965206f6620323030322e205265766965772053656e74696d656e743a,b0a999c31b404f4d4b6c4c19a776b2d6e07539b0d924208a9bc4e626899a7493,423fa6526c05055c1d333c6e79932dd9f913930f05d3908b6dc9559b28fb9bce,"[50256, 14832, 8255, 25, 1052, 23176, 11, 2612, 10920, 278, 804, 379, 262, 14083, 1022, 4158, 7531, 1023, 290, 511, 5650, 12772, 13, 6602, 11352, 3681, 25]","[50256, 14832, 8255, 25, 1867, 481, 11, 749, 1884, 11, 1210, 503, 284, 307, 262, 749, 3172, 297, 298, 3807, 286, 6244, 13, 6602, 11352, 3681, 25]",27,27,True,"An earnest, heartrending look at the divide between religious fundamentalists and their gay relatives.","What will, most likely, turn out to be the most repellent movie of 2002.",tigges,True
sst_tigges_pythia_correct_test,177,sst-8882,sst-7990,0,1,"Review Text: What will, most likely, turn out to be the most repellent movie of 2002. Review Sentiment:","Review Text: An earnest, heartrending look at the divide between religious fundamentalists and their gay relatives. Review Sentiment:","'Review Text: What will, most likely, turn out to be the most repellent movie of 2002. Review Sentiment:'","'Review Text: An earnest, heartrending look at the divide between religious fundamentalists and their gay relatives. Review Sentiment:'",52657669657720546578743a20576861742077696c6c2c206d6f7374206c696b656c792c207475726e206f757420746f20626520746865206d6f737420726570656c6c656e74206d6f766965206f6620323030322e205265766965772053656e74696d656e743a,52657669657720546578743a20416e206561726e6573742c20686561727472656e64696e67206c6f6f6b2061742074686520646976696465206265747765656e2072656c6967696f75732066756e64616d656e74616c6973747320616e64207468656972206761792072656c6174697665732e205265766965772053656e74696d656e743a,423fa6526c05055c1d333c6e79932dd9f913930f05d3908b6dc9559b28fb9bce,b0a999c31b404f4d4b6c4c19a776b2d6e07539b0d924208a9bc4e626899a7493,"[50256, 14832, 8255, 25, 1867, 481, 11, 749, 1884, 11, 1210, 503, 284, 307, 262, 749, 3172, 297, 298, 3807, 286, 6244, 13, 6602, 11352, 3681, 25]","[50256, 14832, 8255, 25, 1052, 23176, 11, 2612, 10920, 278, 804, 379, 262, 14083, 1022, 4158, 7531, 1023, 290, 511, 5650, 12772, 13, 6602, 11352, 3681, 25]",27,27,True,"What will, most likely, turn out to be the most repellent movie of 2002.","An earnest, heartrending look at the divide between religious fundamentalists and their gay relatives.",tigges,True
sst_tigges_pythia_correct_test,178,sst-919,sst-8633,1,0,"Review Text: Here, Adrian Lyne comes as close to profundity as he is likely to get. Review Sentiment:","Review Text: ... perhaps the heaviest, most joyless movie ever made about giant dragons taking over the world. Review Sentiment:","'Review Text: Here, Adrian Lyne comes as close to profundity as he is likely to get. Review Sentiment:'","'Review Text: ... perhaps the heaviest, most joyless movie ever made about giant dragons taking over the world. Review Sentiment:'",52657669657720546578743a20486572652c2041647269616e204c796e6520636f6d657320617320636c6f736520746f2070726f66756e64697479206173206865206973206c696b656c7920746f206765742e205265766965772053656e74696d656e743a,52657669657720546578743a202e2e2e2070657268617073207468652068656176696573742c206d6f7374206a6f796c657373206d6f7669652065766572206d6164652061626f7574206769616e7420647261676f6e732074616b696e67206f7665722074686520776f726c642e205265766965772053656e74696d656e743a,a7a043101959303852caccf29a1484c07599887ec6c621cbde3b1984447beb70,9c21d4cb4ef5e8f91b8525e2cf076c79327db1164d647a0a7812c7c2dbd990da,"[50256, 14832, 8255, 25, 3423, 11, 21462, 9334, 710, 2058, 355, 1969, 284, 1534, 917, 414, 355, 339, 318, 1884, 284, 651, 13, 6602, 11352, 3681, 25]","[50256, 14832, 8255, 25, 2644, 3737, 262, 45568, 11, 749, 8716, 1203, 3807, 1683, 925, 546, 6175, 20308, 2263, 625, 262, 995, 13, 6602, 11352, 3681, 25]",27,27,True,"Here, Adrian Lyne comes as close to profundity as he is likely to get.","... perhaps the heaviest, most joyless movie ever made about giant dragons taking over the world.",tigges,True
sst_tigges_pythia_correct_test,179,sst-8633,sst-919,0,1,"Review Text: ... perhaps the heaviest, most joyless movie ever made about giant dragons taking over the world. Review Sentiment:","Review Text: Here, Adrian Lyne comes as close to profundity as he is likely to get. Review Sentiment:","'Review Text: ... perhaps the heaviest, most joyless movie ever made about giant dragons taking over the world. Review Sentiment:'","'Review Text: Here, Adrian Lyne comes as close to profundity as he is likely to get. Review Sentiment:'",52657669657720546578743a202e2e2e2070657268617073207468652068656176696573742c206d6f7374206a6f796c657373206d6f7669652065766572206d6164652061626f7574206769616e7420647261676f6e732074616b696e67206f7665722074686520776f726c642e205265766965772053656e74696d656e743a,52657669657720546578743a20486572652c2041647269616e204c796e6520636f6d657320617320636c6f736520746f2070726f66756e64697479206173206865206973206c696b656c7920746f206765742e205265766965772053656e74696d656e743a,9c21d4cb4ef5e8f91b8525e2cf076c79327db1164d647a0a7812c7c2dbd990da,a7a043101959303852caccf29a1484c07599887ec6c621cbde3b1984447beb70,"[50256, 14832, 8255, 25, 2644, 3737, 262, 45568, 11, 749, 8716, 1203, 3807, 1683, 925, 546, 6175, 20308, 2263, 625, 262, 995, 13, 6602, 11352, 3681, 25]","[50256, 14832, 8255, 25, 3423, 11, 21462, 9334, 710, 2058, 355, 1969, 284, 1534, 917, 414, 355, 339, 318, 1884, 284, 651, 13, 6602, 11352, 3681, 25]",27,27,True,"... perhaps the heaviest, most joyless movie ever made about giant dragons taking over the world.","Here, Adrian Lyne comes as close to profundity as he is likely to get.",tigges,True
sst_tigges_pythia_correct_test,180,sst-481,sst-8037,1,0,Review Text: Tim Story's not there yet - but ` Barbershop' shows he's on his way. Review Sentiment:,"Review Text: This miserable excuse of a movie runs on empty, believing Flatbush machismo will get it through. Review Sentiment:","""Review Text: Tim Story's not there yet - but ` Barbershop' shows he's on his way. Review Sentiment:""","'Review Text: This miserable excuse of a movie runs on empty, believing Flatbush machismo will get it through. Review Sentiment:'",52657669657720546578743a2054696d2053746f72792773206e6f7420746865726520796574202d2062757420602042617262657273686f70272073686f77732068652773206f6e20686973207761792e205265766965772053656e74696d656e743a,52657669657720546578743a2054686973206d6973657261626c6520657863757365206f662061206d6f7669652072756e73206f6e20656d7074792c2062656c696576696e6720466c617462757368206d61636869736d6f2077696c6c20676574206974207468726f7567682e205265766965772053656e74696d656e743a,de3e471bbc2cb7f58db1fea3bb9674880a859c8dabf78de8aa732144a4599254,a31213c331097968671c07ed37ca835bcc82c0836783b10dfae50b13d83ad04b,"[50256, 14832, 8255, 25, 5045, 8362, 338, 407, 612, 1865, 532, 475, 4600, 2409, 1213, 8548, 6, 2523, 339, 338, 319, 465, 835, 13, 6602, 11352, 3681, 25]","[50256, 14832, 8255, 25, 770, 22444, 12226, 286, 257, 3807, 4539, 319, 6565, 11, 14773, 21939, 50231, 3235, 44126, 481, 651, 340, 832, 13, 6602, 11352, 3681, 25]",28,28,True,Tim Story's not there yet - but ` Barbershop' shows he's on his way.,"This miserable excuse of a movie runs on empty, believing Flatbush machismo will get it through.",tigges,True
sst_tigges_pythia_correct_test,181,sst-8037,sst-481,0,1,"Review Text: This miserable excuse of a movie runs on empty, believing Flatbush machismo will get it through. Review Sentiment:",Review Text: Tim Story's not there yet - but ` Barbershop' shows he's on his way. Review Sentiment:,"'Review Text: This miserable excuse of a movie runs on empty, believing Flatbush machismo will get it through. Review Sentiment:'","""Review Text: Tim Story's not there yet - but ` Barbershop' shows he's on his way. Review Sentiment:""",52657669657720546578743a2054686973206d6973657261626c6520657863757365206f662061206d6f7669652072756e73206f6e20656d7074792c2062656c696576696e6720466c617462757368206d61636869736d6f2077696c6c20676574206974207468726f7567682e205265766965772053656e74696d656e743a,52657669657720546578743a2054696d2053746f72792773206e6f7420746865726520796574202d2062757420602042617262657273686f70272073686f77732068652773206f6e20686973207761792e205265766965772053656e74696d656e743a,a31213c331097968671c07ed37ca835bcc82c0836783b10dfae50b13d83ad04b,de3e471bbc2cb7f58db1fea3bb9674880a859c8dabf78de8aa732144a4599254,"[50256, 14832, 8255, 25, 770, 22444, 12226, 286, 257, 3807, 4539, 319, 6565, 11, 14773, 21939, 50231, 3235, 44126, 481, 651, 340, 832, 13, 6602, 11352, 3681, 25]","[50256, 14832, 8255, 25, 5045, 8362, 338, 407, 612, 1865, 532, 475, 4600, 2409, 1213, 8548, 6, 2523, 339, 338, 319, 465, 835, 13, 6602, 11352, 3681, 25]",28,28,True,"This miserable excuse of a movie runs on empty, believing Flatbush machismo will get it through.",Tim Story's not there yet - but ` Barbershop' shows he's on his way.,tigges,True
sst_tigges_pythia_correct_test,182,sst-948,sst-8718,1,0,Review Text: Those with an interest in new or singular sorts of film experiences will find What Time Is It There? Review Sentiment:,"Review Text: Undone by its overly complicated and derivative screenplay, the glacier-paced direction and the stereotypical characters. Review Sentiment:",'Review Text: Those with an interest in new or singular sorts of film experiences will find What Time Is It There? Review Sentiment:',"'Review Text: Undone by its overly complicated and derivative screenplay, the glacier-paced direction and the stereotypical characters. Review Sentiment:'",52657669657720546578743a2054686f7365207769746820616e20696e74657265737420696e206e6577206f722073696e67756c617220736f727473206f662066696c6d20657870657269656e6365732077696c6c2066696e6420576861742054696d652049732049742054686572653f205265766965772053656e74696d656e743a,52657669657720546578743a20556e646f6e6520627920697473206f7665726c7920636f6d706c69636174656420616e6420646572697661746976652073637265656e706c61792c2074686520676c61636965722d706163656420646972656374696f6e20616e64207468652073746572656f7479706963616c20636861726163746572732e205265766965772053656e74696d656e743a,561df91455713cc0cf144b0560d32b192e2ba63e26b44280736d48fb66fc54ff,2b316a045756b9cdfc0b85eb776ab7ed033ebff252bf4aa066ff20465a5d6732,"[50256, 14832, 8255, 25, 5845, 351, 281, 1393, 287, 649, 393, 18032, 10524, 286, 2646, 6461, 481, 1064, 1867, 3862, 1148, 632, 1318, 30, 6602, 11352, 3681, 25]","[50256, 14832, 8255, 25, 13794, 505, 416, 663, 17698, 8253, 290, 27255, 39769, 11, 262, 44539, 12, 32416, 4571, 290, 262, 46112, 3435, 13, 6602, 11352, 3681, 25]",28,28,True,Those with an interest in new or singular sorts of film experiences will find What Time Is It There?,"Undone by its overly complicated and derivative screenplay, the glacier-paced direction and the stereotypical characters.",tigges,True
sst_tigges_pythia_correct_test,183,sst-8718,sst-948,0,1,"Review Text: Undone by its overly complicated and derivative screenplay, the glacier-paced direction and the stereotypical characters. Review Sentiment:",Review Text: Those with an interest in new or singular sorts of film experiences will find What Time Is It There? Review Sentiment:,"'Review Text: Undone by its overly complicated and derivative screenplay, the glacier-paced direction and the stereotypical characters. Review Sentiment:'",'Review Text: Those with an interest in new or singular sorts of film experiences will find What Time Is It There? Review Sentiment:',52657669657720546578743a20556e646f6e6520627920697473206f7665726c7920636f6d706c69636174656420616e6420646572697661746976652073637265656e706c61792c2074686520676c61636965722d706163656420646972656374696f6e20616e64207468652073746572656f7479706963616c20636861726163746572732e205265766965772053656e74696d656e743a,52657669657720546578743a2054686f7365207769746820616e20696e74657265737420696e206e6577206f722073696e67756c617220736f727473206f662066696c6d20657870657269656e6365732077696c6c2066696e6420576861742054696d652049732049742054686572653f205265766965772053656e74696d656e743a,2b316a045756b9cdfc0b85eb776ab7ed033ebff252bf4aa066ff20465a5d6732,561df91455713cc0cf144b0560d32b192e2ba63e26b44280736d48fb66fc54ff,"[50256, 14832, 8255, 25, 13794, 505, 416, 663, 17698, 8253, 290, 27255, 39769, 11, 262, 44539, 12, 32416, 4571, 290, 262, 46112, 3435, 13, 6602, 11352, 3681, 25]","[50256, 14832, 8255, 25, 5845, 351, 281, 1393, 287, 649, 393, 18032, 10524, 286, 2646, 6461, 481, 1064, 1867, 3862, 1148, 632, 1318, 30, 6602, 11352, 3681, 25]",28,28,True,"Undone by its overly complicated and derivative screenplay, the glacier-paced direction and the stereotypical characters.",Those with an interest in new or singular sorts of film experiences will find What Time Is It There?,tigges,True
sst_tigges_pythia_correct_test,184,sst-933,sst-8583,1,0,Review Text: A refreshingly honest and ultimately touching tale of the sort of people usually ignored in contemporary American film. Review Sentiment:,"Review Text: Plays as hollow catharsis, with lots of tears but very little in the way of insights. Review Sentiment:",'Review Text: A refreshingly honest and ultimately touching tale of the sort of people usually ignored in contemporary American film. Review Sentiment:',"'Review Text: Plays as hollow catharsis, with lots of tears but very little in the way of insights. Review Sentiment:'",52657669657720546578743a20412072656672657368696e676c7920686f6e65737420616e6420756c74696d6174656c7920746f756368696e672074616c65206f662074686520736f7274206f662070656f706c6520757375616c6c792069676e6f72656420696e20636f6e74656d706f7261727920416d65726963616e2066696c6d2e205265766965772053656e74696d656e743a,52657669657720546578743a20506c61797320617320686f6c6c6f77206361746861727369732c2077697468206c6f7473206f66207465617273206275742076657279206c6974746c6520696e2074686520776179206f6620696e7369676874732e205265766965772053656e74696d656e743a,b1536b62159ecbae1c6f2da2f6b4e20b2752f412a5c85e8f9ccd76087f1f71c5,44d04089edc03a9fd95ce66391eab775fb6ac73f60c4219ac08d0027fd38da71,"[50256, 14832, 8255, 25, 317, 23056, 306, 5508, 290, 6165, 15241, 12838, 286, 262, 3297, 286, 661, 3221, 9514, 287, 11811, 1605, 2646, 13, 6602, 11352, 3681, 25]","[50256, 14832, 8255, 25, 38116, 355, 20596, 32171, 945, 271, 11, 351, 6041, 286, 10953, 475, 845, 1310, 287, 262, 835, 286, 17218, 13, 6602, 11352, 3681, 25]",28,28,True,A refreshingly honest and ultimately touching tale of the sort of people usually ignored in contemporary American film.,"Plays as hollow catharsis, with lots of tears but very little in the way of insights.",tigges,True
sst_tigges_pythia_correct_test,185,sst-8583,sst-933,0,1,"Review Text: Plays as hollow catharsis, with lots of tears but very little in the way of insights. Review Sentiment:",Review Text: A refreshingly honest and ultimately touching tale of the sort of people usually ignored in contemporary American film. Review Sentiment:,"'Review Text: Plays as hollow catharsis, with lots of tears but very little in the way of insights. Review Sentiment:'",'Review Text: A refreshingly honest and ultimately touching tale of the sort of people usually ignored in contemporary American film. Review Sentiment:',52657669657720546578743a20506c61797320617320686f6c6c6f77206361746861727369732c2077697468206c6f7473206f66207465617273206275742076657279206c6974746c6520696e2074686520776179206f6620696e7369676874732e205265766965772053656e74696d656e743a,52657669657720546578743a20412072656672657368696e676c7920686f6e65737420616e6420756c74696d6174656c7920746f756368696e672074616c65206f662074686520736f7274206f662070656f706c6520757375616c6c792069676e6f72656420696e20636f6e74656d706f7261727920416d65726963616e2066696c6d2e205265766965772053656e74696d656e743a,44d04089edc03a9fd95ce66391eab775fb6ac73f60c4219ac08d0027fd38da71,b1536b62159ecbae1c6f2da2f6b4e20b2752f412a5c85e8f9ccd76087f1f71c5,"[50256, 14832, 8255, 25, 38116, 355, 20596, 32171, 945, 271, 11, 351, 6041, 286, 10953, 475, 845, 1310, 287, 262, 835, 286, 17218, 13, 6602, 11352, 3681, 25]","[50256, 14832, 8255, 25, 317, 23056, 306, 5508, 290, 6165, 15241, 12838, 286, 262, 3297, 286, 661, 3221, 9514, 287, 11811, 1605, 2646, 13, 6602, 11352, 3681, 25]",28,28,True,"Plays as hollow catharsis, with lots of tears but very little in the way of insights.",A refreshingly honest and ultimately touching tale of the sort of people usually ignored in contemporary American film.,tigges,True
sst_tigges_pythia_correct_test,186,sst-987,sst-8119,1,0,Review Text: There was time on that second round to see the subtleties of Ramsay's portrait of grief. Review Sentiment:,Review Text: ... fifty minutes of tedious adolescent melodramatics followed by thirty-five minutes of inflated nonsense. Review Sentiment:,"""Review Text: There was time on that second round to see the subtleties of Ramsay's portrait of grief. Review Sentiment:""",'Review Text: ... fifty minutes of tedious adolescent melodramatics followed by thirty-five minutes of inflated nonsense. Review Sentiment:',52657669657720546578743a205468657265207761732074696d65206f6e2074686174207365636f6e6420726f756e6420746f207365652074686520737562746c6574696573206f662052616d736179277320706f727472616974206f662067726965662e205265766965772053656e74696d656e743a,52657669657720546578743a202e2e2e206669667479206d696e75746573206f6620746564696f75732061646f6c657363656e74206d656c6f6472616d617469637320666f6c6c6f776564206279207468697274792d66697665206d696e75746573206f6620696e666c61746564206e6f6e73656e73652e205265766965772053656e74696d656e743a,3e14bb5b34784785b46769f768bfc865e911f6449d6b528945fe27302b34cf1d,497b9c11b9d637db8407d697b7c7b0ebd0ce31eaca634b831dc065246a29bfda,"[50256, 14832, 8255, 25, 1318, 373, 640, 319, 326, 1218, 2835, 284, 766, 262, 13284, 1616, 444, 286, 47959, 338, 18560, 286, 18522, 13, 6602, 11352, 3681, 25]","[50256, 14832, 8255, 25, 2644, 15334, 2431, 286, 32460, 28680, 7758, 375, 859, 23372, 3940, 416, 12277, 12, 13261, 2431, 286, 32387, 18149, 13, 6602, 11352, 3681, 25]",28,28,True,There was time on that second round to see the subtleties of Ramsay's portrait of grief.,... fifty minutes of tedious adolescent melodramatics followed by thirty-five minutes of inflated nonsense.,tigges,True
sst_tigges_pythia_correct_test,187,sst-8119,sst-987,0,1,Review Text: ... fifty minutes of tedious adolescent melodramatics followed by thirty-five minutes of inflated nonsense. Review Sentiment:,Review Text: There was time on that second round to see the subtleties of Ramsay's portrait of grief. Review Sentiment:,'Review Text: ... fifty minutes of tedious adolescent melodramatics followed by thirty-five minutes of inflated nonsense. Review Sentiment:',"""Review Text: There was time on that second round to see the subtleties of Ramsay's portrait of grief. Review Sentiment:""",52657669657720546578743a202e2e2e206669667479206d696e75746573206f6620746564696f75732061646f6c657363656e74206d656c6f6472616d617469637320666f6c6c6f776564206279207468697274792d66697665206d696e75746573206f6620696e666c61746564206e6f6e73656e73652e205265766965772053656e74696d656e743a,52657669657720546578743a205468657265207761732074696d65206f6e2074686174207365636f6e6420726f756e6420746f207365652074686520737562746c6574696573206f662052616d736179277320706f727472616974206f662067726965662e205265766965772053656e74696d656e743a,497b9c11b9d637db8407d697b7c7b0ebd0ce31eaca634b831dc065246a29bfda,3e14bb5b34784785b46769f768bfc865e911f6449d6b528945fe27302b34cf1d,"[50256, 14832, 8255, 25, 2644, 15334, 2431, 286, 32460, 28680, 7758, 375, 859, 23372, 3940, 416, 12277, 12, 13261, 2431, 286, 32387, 18149, 13, 6602, 11352, 3681, 25]","[50256, 14832, 8255, 25, 1318, 373, 640, 319, 326, 1218, 2835, 284, 766, 262, 13284, 1616, 444, 286, 47959, 338, 18560, 286, 18522, 13, 6602, 11352, 3681, 25]",28,28,True,... fifty minutes of tedious adolescent melodramatics followed by thirty-five minutes of inflated nonsense.,There was time on that second round to see the subtleties of Ramsay's portrait of grief.,tigges,True
sst_tigges_pythia_correct_test,188,sst-112,sst-8816,1,0,"Review Text: If it's possible for a sequel to outshine the original, then SL2 does just that. Review Sentiment:","Review Text: A graceless, witless attempt at mating Some Like It Hot with the WWII espionage thriller. Review Sentiment:","""Review Text: If it's possible for a sequel to outshine the original, then SL2 does just that. Review Sentiment:""","'Review Text: A graceless, witless attempt at mating Some Like It Hot with the WWII espionage thriller. Review Sentiment:'",52657669657720546578743a204966206974277320706f737369626c6520666f7220612073657175656c20746f206f75747368696e6520746865206f726967696e616c2c207468656e20534c3220646f6573206a75737420746861742e205265766965772053656e74696d656e743a,52657669657720546578743a20412067726163656c6573732c207769746c65737320617474656d7074206174206d6174696e6720536f6d65204c696b6520497420486f74207769746820746865205757494920657370696f6e61676520746872696c6c65722e205265766965772053656e74696d656e743a,807f517b9975013527a12c626455295089486593942bc26cabded0be3b782048,544fff80fc1baec03d91d72f2c03993ed896a89ade35579090d473f633a5d123,"[50256, 14832, 8255, 25, 1002, 340, 338, 1744, 329, 257, 16304, 284, 503, 19489, 262, 2656, 11, 788, 12419, 17, 857, 655, 326, 13, 6602, 11352, 3681, 25]","[50256, 14832, 8255, 25, 317, 1036, 330, 5321, 11, 20868, 1203, 2230, 379, 31993, 2773, 4525, 632, 6964, 351, 262, 27256, 30113, 32251, 13, 6602, 11352, 3681, 25]",28,28,True,"If it's possible for a sequel to outshine the original, then SL2 does just that.","A graceless, witless attempt at mating Some Like It Hot with the WWII espionage thriller.",tigges,True
sst_tigges_pythia_correct_test,189,sst-8816,sst-112,0,1,"Review Text: A graceless, witless attempt at mating Some Like It Hot with the WWII espionage thriller. Review Sentiment:","Review Text: If it's possible for a sequel to outshine the original, then SL2 does just that. Review Sentiment:","'Review Text: A graceless, witless attempt at mating Some Like It Hot with the WWII espionage thriller. Review Sentiment:'","""Review Text: If it's possible for a sequel to outshine the original, then SL2 does just that. Review Sentiment:""",52657669657720546578743a20412067726163656c6573732c207769746c65737320617474656d7074206174206d6174696e6720536f6d65204c696b6520497420486f74207769746820746865205757494920657370696f6e61676520746872696c6c65722e205265766965772053656e74696d656e743a,52657669657720546578743a204966206974277320706f737369626c6520666f7220612073657175656c20746f206f75747368696e6520746865206f726967696e616c2c207468656e20534c3220646f6573206a75737420746861742e205265766965772053656e74696d656e743a,544fff80fc1baec03d91d72f2c03993ed896a89ade35579090d473f633a5d123,807f517b9975013527a12c626455295089486593942bc26cabded0be3b782048,"[50256, 14832, 8255, 25, 317, 1036, 330, 5321, 11, 20868, 1203, 2230, 379, 31993, 2773, 4525, 632, 6964, 351, 262, 27256, 30113, 32251, 13, 6602, 11352, 3681, 25]","[50256, 14832, 8255, 25, 1002, 340, 338, 1744, 329, 257, 16304, 284, 503, 19489, 262, 2656, 11, 788, 12419, 17, 857, 655, 326, 13, 6602, 11352, 3681, 25]",28,28,True,"A graceless, witless attempt at mating Some Like It Hot with the WWII espionage thriller.","If it's possible for a sequel to outshine the original, then SL2 does just that.",tigges,True
sst_tigges_pythia_correct_test,190,sst-411,sst-8630,1,0,Review Text: Murderous Maids may well be the most comprehensive of these films and also strike closest to the truth. Review Sentiment:,"Review Text: Intended to be a comedy about relationships, this wretched work falls flat in just about every conceivable area. Review Sentiment:",'Review Text: Murderous Maids may well be the most comprehensive of these films and also strike closest to the truth. Review Sentiment:',"'Review Text: Intended to be a comedy about relationships, this wretched work falls flat in just about every conceivable area. Review Sentiment:'",52657669657720546578743a204d75726465726f7573204d61696473206d61792077656c6c20626520746865206d6f737420636f6d70726568656e73697665206f662074686573652066696c6d7320616e6420616c736f20737472696b6520636c6f7365737420746f207468652074727574682e205265766965772053656e74696d656e743a,52657669657720546578743a20496e74656e64656420746f206265206120636f6d6564792061626f75742072656c6174696f6e73686970732c207468697320777265746368656420776f726b2066616c6c7320666c617420696e206a7573742061626f757420657665727920636f6e6365697661626c6520617265612e205265766965772053656e74696d656e743a,8532403772760c494f57a503de6c485c3d60e5ad4188bd1eef52b8b089e8884a,03dadf231c68a597e8029d0b8013334b0c8cc1fba87edd877c5fbe83421cc0ef,"[50256, 14832, 8255, 25, 23375, 516, 28454, 82, 743, 880, 307, 262, 749, 9815, 286, 777, 7328, 290, 635, 5587, 11706, 284, 262, 3872, 13, 6602, 11352, 3681, 25]","[50256, 14832, 8255, 25, 2558, 1631, 284, 307, 257, 10997, 546, 6958, 11, 428, 41857, 670, 8953, 6228, 287, 655, 546, 790, 40324, 1989, 13, 6602, 11352, 3681, 25]",29,29,True,Murderous Maids may well be the most comprehensive of these films and also strike closest to the truth.,"Intended to be a comedy about relationships, this wretched work falls flat in just about every conceivable area.",tigges,True
sst_tigges_pythia_correct_test,191,sst-8630,sst-411,0,1,"Review Text: Intended to be a comedy about relationships, this wretched work falls flat in just about every conceivable area. Review Sentiment:",Review Text: Murderous Maids may well be the most comprehensive of these films and also strike closest to the truth. Review Sentiment:,"'Review Text: Intended to be a comedy about relationships, this wretched work falls flat in just about every conceivable area. Review Sentiment:'",'Review Text: Murderous Maids may well be the most comprehensive of these films and also strike closest to the truth. Review Sentiment:',52657669657720546578743a20496e74656e64656420746f206265206120636f6d6564792061626f75742072656c6174696f6e73686970732c207468697320777265746368656420776f726b2066616c6c7320666c617420696e206a7573742061626f757420657665727920636f6e6365697661626c6520617265612e205265766965772053656e74696d656e743a,52657669657720546578743a204d75726465726f7573204d61696473206d61792077656c6c20626520746865206d6f737420636f6d70726568656e73697665206f662074686573652066696c6d7320616e6420616c736f20737472696b6520636c6f7365737420746f207468652074727574682e205265766965772053656e74696d656e743a,03dadf231c68a597e8029d0b8013334b0c8cc1fba87edd877c5fbe83421cc0ef,8532403772760c494f57a503de6c485c3d60e5ad4188bd1eef52b8b089e8884a,"[50256, 14832, 8255, 25, 2558, 1631, 284, 307, 257, 10997, 546, 6958, 11, 428, 41857, 670, 8953, 6228, 287, 655, 546, 790, 40324, 1989, 13, 6602, 11352, 3681, 25]","[50256, 14832, 8255, 25, 23375, 516, 28454, 82, 743, 880, 307, 262, 749, 9815, 286, 777, 7328, 290, 635, 5587, 11706, 284, 262, 3872, 13, 6602, 11352, 3681, 25]",29,29,True,"Intended to be a comedy about relationships, this wretched work falls flat in just about every conceivable area.",Murderous Maids may well be the most comprehensive of these films and also strike closest to the truth.,tigges,True
sst_tigges_pythia_correct_test,192,sst-891,sst-7932,1,0,Review Text: Achieves a sort of filmic epiphany that revels in the true potential of the medium. Review Sentiment:,"Review Text: Most of the supporting characters in Eastwood films are weak, as are most of the subplots. Review Sentiment:",'Review Text: Achieves a sort of filmic epiphany that revels in the true potential of the medium. Review Sentiment:',"'Review Text: Most of the supporting characters in Eastwood films are weak, as are most of the subplots. Review Sentiment:'",52657669657720546578743a204163686965766573206120736f7274206f662066696c6d6963206570697068616e79207468617420726576656c7320696e20746865207472756520706f74656e7469616c206f6620746865206d656469756d2e205265766965772053656e74696d656e743a,52657669657720546578743a204d6f7374206f662074686520737570706f7274696e67206368617261637465727320696e2045617374776f6f642066696c6d7320617265207765616b2c20617320617265206d6f7374206f662074686520737562706c6f74732e205265766965772053656e74696d656e743a,25d0131b784fa9aa9d7e2d0da049d08b892518df84068380919557f0f35a59a3,252e1ff4eb4c2669eae50f51cfdd2e614d671ffa0ec53328411b34cdc754a84a,"[50256, 14832, 8255, 25, 317, 3043, 1158, 257, 3297, 286, 2646, 291, 2462, 49915, 326, 9890, 82, 287, 262, 2081, 2785, 286, 262, 7090, 13, 6602, 11352, 3681, 25]","[50256, 14832, 8255, 25, 4042, 286, 262, 6493, 3435, 287, 3687, 3822, 7328, 389, 4939, 11, 355, 389, 749, 286, 262, 850, 489, 1747, 13, 6602, 11352, 3681, 25]",29,29,True,Achieves a sort of filmic epiphany that revels in the true potential of the medium.,"Most of the supporting characters in Eastwood films are weak, as are most of the subplots.",tigges,True
sst_tigges_pythia_correct_test,193,sst-7932,sst-891,0,1,"Review Text: Most of the supporting characters in Eastwood films are weak, as are most of the subplots. Review Sentiment:",Review Text: Achieves a sort of filmic epiphany that revels in the true potential of the medium. Review Sentiment:,"'Review Text: Most of the supporting characters in Eastwood films are weak, as are most of the subplots. Review Sentiment:'",'Review Text: Achieves a sort of filmic epiphany that revels in the true potential of the medium. Review Sentiment:',52657669657720546578743a204d6f7374206f662074686520737570706f7274696e67206368617261637465727320696e2045617374776f6f642066696c6d7320617265207765616b2c20617320617265206d6f7374206f662074686520737562706c6f74732e205265766965772053656e74696d656e743a,52657669657720546578743a204163686965766573206120736f7274206f662066696c6d6963206570697068616e79207468617420726576656c7320696e20746865207472756520706f74656e7469616c206f6620746865206d656469756d2e205265766965772053656e74696d656e743a,252e1ff4eb4c2669eae50f51cfdd2e614d671ffa0ec53328411b34cdc754a84a,25d0131b784fa9aa9d7e2d0da049d08b892518df84068380919557f0f35a59a3,"[50256, 14832, 8255, 25, 4042, 286, 262, 6493, 3435, 287, 3687, 3822, 7328, 389, 4939, 11, 355, 389, 749, 286, 262, 850, 489, 1747, 13, 6602, 11352, 3681, 25]","[50256, 14832, 8255, 25, 317, 3043, 1158, 257, 3297, 286, 2646, 291, 2462, 49915, 326, 9890, 82, 287, 262, 2081, 2785, 286, 262, 7090, 13, 6602, 11352, 3681, 25]",29,29,True,"Most of the supporting characters in Eastwood films are weak, as are most of the subplots.",Achieves a sort of filmic epiphany that revels in the true potential of the medium.,tigges,True
sst_tigges_pythia_correct_test,194,sst-1034,sst-8793,1,0,Review Text: ''The Mothman Prophecies'' is a difficult film to shake from your conscience when night falls. Review Sentiment:,"Review Text: The smug, oily demeanor that Donovan adopts throughout the stupidly named Pipe Dream is just repulsive. Review Sentiment:","""Review Text: ''The Mothman Prophecies'' is a difficult film to shake from your conscience when night falls. Review Sentiment:""","'Review Text: The smug, oily demeanor that Donovan adopts throughout the stupidly named Pipe Dream is just repulsive. Review Sentiment:'",52657669657720546578743a202727546865204d6f74686d616e2050726f706865636965732727206973206120646966666963756c742066696c6d20746f207368616b652066726f6d20796f757220636f6e736369656e6365207768656e206e696768742066616c6c732e205265766965772053656e74696d656e743a,52657669657720546578743a2054686520736d75672c206f696c792064656d65616e6f72207468617420446f6e6f76616e2061646f707473207468726f7567686f757420746865207374757069646c79206e616d6564205069706520447265616d206973206a75737420726570756c736976652e205265766965772053656e74696d656e743a,ad6a84cfeb059f5b2e882a5dd68246b1134d259c979345d3418d04f6d92e62bd,334f503614bfe0f63cb2287b16e3865e33124d8a16d1e0ab7f76d746e781e241,"[50256, 14832, 8255, 25, 10148, 464, 337, 849, 805, 33360, 3171, 7061, 318, 257, 2408, 2646, 284, 13279, 422, 534, 18346, 618, 1755, 8953, 13, 6602, 11352, 3681, 25]","[50256, 14832, 8255, 25, 383, 27590, 11, 44560, 40309, 326, 31565, 4344, 912, 3690, 262, 8531, 306, 3706, 36039, 7610, 318, 655, 1128, 22220, 13, 6602, 11352, 3681, 25]",29,29,True,''The Mothman Prophecies'' is a difficult film to shake from your conscience when night falls.,"The smug, oily demeanor that Donovan adopts throughout the stupidly named Pipe Dream is just repulsive.",tigges,True
sst_tigges_pythia_correct_test,195,sst-8793,sst-1034,0,1,"Review Text: The smug, oily demeanor that Donovan adopts throughout the stupidly named Pipe Dream is just repulsive. Review Sentiment:",Review Text: ''The Mothman Prophecies'' is a difficult film to shake from your conscience when night falls. Review Sentiment:,"'Review Text: The smug, oily demeanor that Donovan adopts throughout the stupidly named Pipe Dream is just repulsive. Review Sentiment:'","""Review Text: ''The Mothman Prophecies'' is a difficult film to shake from your conscience when night falls. Review Sentiment:""",52657669657720546578743a2054686520736d75672c206f696c792064656d65616e6f72207468617420446f6e6f76616e2061646f707473207468726f7567686f757420746865207374757069646c79206e616d6564205069706520447265616d206973206a75737420726570756c736976652e205265766965772053656e74696d656e743a,52657669657720546578743a202727546865204d6f74686d616e2050726f706865636965732727206973206120646966666963756c742066696c6d20746f207368616b652066726f6d20796f757220636f6e736369656e6365207768656e206e696768742066616c6c732e205265766965772053656e74696d656e743a,334f503614bfe0f63cb2287b16e3865e33124d8a16d1e0ab7f76d746e781e241,ad6a84cfeb059f5b2e882a5dd68246b1134d259c979345d3418d04f6d92e62bd,"[50256, 14832, 8255, 25, 383, 27590, 11, 44560, 40309, 326, 31565, 4344, 912, 3690, 262, 8531, 306, 3706, 36039, 7610, 318, 655, 1128, 22220, 13, 6602, 11352, 3681, 25]","[50256, 14832, 8255, 25, 10148, 464, 337, 849, 805, 33360, 3171, 7061, 318, 257, 2408, 2646, 284, 13279, 422, 534, 18346, 618, 1755, 8953, 13, 6602, 11352, 3681, 25]",29,29,True,"The smug, oily demeanor that Donovan adopts throughout the stupidly named Pipe Dream is just repulsive.",''The Mothman Prophecies'' is a difficult film to shake from your conscience when night falls.,tigges,True
sst_tigges_pythia_correct_test,196,sst-839,sst-8302,1,0,"Review Text: A miniscule little bleep on the film radar, but one that many more people should check out Review Sentiment:","Review Text: So stupid, so ill-conceived, so badly drawn, it created whole new levels of ugly. Review Sentiment:","'Review Text: A miniscule little bleep on the film radar, but one that many more people should check out Review Sentiment:'","'Review Text: So stupid, so ill-conceived, so badly drawn, it created whole new levels of ugly. Review Sentiment:'",52657669657720546578743a2041206d696e697363756c65206c6974746c6520626c656570206f6e207468652066696c6d2072616461722c20627574206f6e652074686174206d616e79206d6f72652070656f706c652073686f756c6420636865636b206f7574205265766965772053656e74696d656e743a,52657669657720546578743a20536f207374757069642c20736f20696c6c2d636f6e6365697665642c20736f206261646c7920647261776e2c20697420637265617465642077686f6c65206e6577206c6576656c73206f662075676c792e205265766965772053656e74696d656e743a,1de6f14b85b5211cba1c9cf2ce7084378ad93244035e81df174fd2e701f41e3f,77080390357a40a538ad438d8f2dfe452af2b2a873a327c72db1eebcfc6df023,"[50256, 14832, 8255, 25, 317, 949, 2304, 2261, 1310, 7245, 538, 319, 262, 2646, 13428, 11, 475, 530, 326, 867, 517, 661, 815, 2198, 503, 6602, 11352, 3681, 25]","[50256, 14832, 8255, 25, 1406, 8531, 11, 523, 2801, 12, 1102, 6471, 11, 523, 11234, 7428, 11, 340, 2727, 2187, 649, 2974, 286, 13400, 13, 6602, 11352, 3681, 25]",29,29,True,"A miniscule little bleep on the film radar, but one that many more people should check out","So stupid, so ill-conceived, so badly drawn, it created whole new levels of ugly.",tigges,True
sst_tigges_pythia_correct_test,197,sst-8302,sst-839,0,1,"Review Text: So stupid, so ill-conceived, so badly drawn, it created whole new levels of ugly. Review Sentiment:","Review Text: A miniscule little bleep on the film radar, but one that many more people should check out Review Sentiment:","'Review Text: So stupid, so ill-conceived, so badly drawn, it created whole new levels of ugly. Review Sentiment:'","'Review Text: A miniscule little bleep on the film radar, but one that many more people should check out Review Sentiment:'",52657669657720546578743a20536f207374757069642c20736f20696c6c2d636f6e6365697665642c20736f206261646c7920647261776e2c20697420637265617465642077686f6c65206e6577206c6576656c73206f662075676c792e205265766965772053656e74696d656e743a,52657669657720546578743a2041206d696e697363756c65206c6974746c6520626c656570206f6e207468652066696c6d2072616461722c20627574206f6e652074686174206d616e79206d6f72652070656f706c652073686f756c6420636865636b206f7574205265766965772053656e74696d656e743a,77080390357a40a538ad438d8f2dfe452af2b2a873a327c72db1eebcfc6df023,1de6f14b85b5211cba1c9cf2ce7084378ad93244035e81df174fd2e701f41e3f,"[50256, 14832, 8255, 25, 1406, 8531, 11, 523, 2801, 12, 1102, 6471, 11, 523, 11234, 7428, 11, 340, 2727, 2187, 649, 2974, 286, 13400, 13, 6602, 11352, 3681, 25]","[50256, 14832, 8255, 25, 317, 949, 2304, 2261, 1310, 7245, 538, 319, 262, 2646, 13428, 11, 475, 530, 326, 867, 517, 661, 815, 2198, 503, 6602, 11352, 3681, 25]",29,29,True,"So stupid, so ill-conceived, so badly drawn, it created whole new levels of ugly.","A miniscule little bleep on the film radar, but one that many more people should check out",tigges,True
sst_tigges_pythia_correct_test,198,sst-166,sst-463,1,0,"Review Text: Here's a British flick gleefully unconcerned with plausibility, yet just as determined to entertain you. Review Sentiment:","Review Text: Unfortunately, they're sandwiched in between the most impossibly dry account of Kahlo's life imaginable. Review Sentiment:","""Review Text: Here's a British flick gleefully unconcerned with plausibility, yet just as determined to entertain you. Review Sentiment:""","""Review Text: Unfortunately, they're sandwiched in between the most impossibly dry account of Kahlo's life imaginable. Review Sentiment:""",52657669657720546578743a204865726527732061204272697469736820666c69636b20676c656566756c6c7920756e636f6e6365726e6564207769746820706c6175736962696c6974792c20796574206a7573742061732064657465726d696e656420746f20656e7465727461696e20796f752e205265766965772053656e74696d656e743a,52657669657720546578743a20556e666f7274756e6174656c792c20746865792772652073616e6477696368656420696e206265747765656e20746865206d6f737420696d706f737369626c7920647279206163636f756e74206f66204b61686c6f2773206c69666520696d6167696e61626c652e205265766965772053656e74696d656e743a,32ec8f0305f37c7822c30d010d11fa3358acb5394d506862ff8f4eb3f999bc5e,0b29d4024b6a73f6246fe757070bb584d94386ac3adbdbbc4e499970bd0975a8,"[50256, 14832, 8255, 25, 3423, 338, 257, 3517, 26810, 26852, 7549, 21254, 49990, 351, 48923, 2247, 11, 1865, 655, 355, 5295, 284, 8204, 345, 13, 6602, 11352, 3681, 25]","[50256, 14832, 8255, 25, 8989, 11, 484, 821, 26155, 704, 287, 1022, 262, 749, 848, 20846, 5894, 1848, 286, 38798, 5439, 338, 1204, 40758, 13, 6602, 11352, 3681, 25]",29,29,True,"Here's a British flick gleefully unconcerned with plausibility, yet just as determined to entertain you.","Unfortunately, they're sandwiched in between the most impossibly dry account of Kahlo's life imaginable.",tigges,True
sst_tigges_pythia_correct_test,199,sst-463,sst-166,0,1,"Review Text: Unfortunately, they're sandwiched in between the most impossibly dry account of Kahlo's life imaginable. Review Sentiment:","Review Text: Here's a British flick gleefully unconcerned with plausibility, yet just as determined to entertain you. Review Sentiment:","""Review Text: Unfortunately, they're sandwiched in between the most impossibly dry account of Kahlo's life imaginable. Review Sentiment:""","""Review Text: Here's a British flick gleefully unconcerned with plausibility, yet just as determined to entertain you. Review Sentiment:""",52657669657720546578743a20556e666f7274756e6174656c792c20746865792772652073616e6477696368656420696e206265747765656e20746865206d6f737420696d706f737369626c7920647279206163636f756e74206f66204b61686c6f2773206c69666520696d6167696e61626c652e205265766965772053656e74696d656e743a,52657669657720546578743a204865726527732061204272697469736820666c69636b20676c656566756c6c7920756e636f6e6365726e6564207769746820706c6175736962696c6974792c20796574206a7573742061732064657465726d696e656420746f20656e7465727461696e20796f752e205265766965772053656e74696d656e743a,0b29d4024b6a73f6246fe757070bb584d94386ac3adbdbbc4e499970bd0975a8,32ec8f0305f37c7822c30d010d11fa3358acb5394d506862ff8f4eb3f999bc5e,"[50256, 14832, 8255, 25, 8989, 11, 484, 821, 26155, 704, 287, 1022, 262, 749, 848, 20846, 5894, 1848, 286, 38798, 5439, 338, 1204, 40758, 13, 6602, 11352, 3681, 25]","[50256, 14832, 8255, 25, 3423, 338, 257, 3517, 26810, 26852, 7549, 21254, 49990, 351, 48923, 2247, 11, 1865, 655, 355, 5295, 284, 8204, 345, 13, 6602, 11352, 3681, 25]",29,29,True,"Unfortunately, they're sandwiched in between the most impossibly dry account of Kahlo's life imaginable.","Here's a British flick gleefully unconcerned with plausibility, yet just as determined to entertain you.",tigges,True
sst_tigges_pythia_correct_test,200,sst-711,sst-8917,1,0,"Review Text: Goyer's screenplay and direction are thankfully understated, and he has drawn excellent performances from his cast. Review Sentiment:","Review Text: It may be an easy swipe to take, but this Barbershop just doesn't make the cut. Review Sentiment:","""Review Text: Goyer's screenplay and direction are thankfully understated, and he has drawn excellent performances from his cast. Review Sentiment:""","""Review Text: It may be an easy swipe to take, but this Barbershop just doesn't make the cut. Review Sentiment:""",52657669657720546578743a20476f79657227732073637265656e706c617920616e6420646972656374696f6e20617265207468616e6b66756c6c7920756e6465727374617465642c20616e642068652068617320647261776e20657863656c6c656e7420706572666f726d616e6365732066726f6d2068697320636173742e205265766965772053656e74696d656e743a,52657669657720546578743a204974206d617920626520616e206561737920737769706520746f2074616b652c2062757420746869732042617262657273686f70206a75737420646f65736e2774206d616b6520746865206375742e205265766965772053656e74696d656e743a,6260c52c76e49815af6bfe490898fc9e2cf198ee5bfc666ac9e4fd1536f44a10,98671896f965147634f64b029ac4a82ecb9067c2dd82fc7f6eacfa35c6c249a8,"[50256, 14832, 8255, 25, 402, 35301, 338, 39769, 290, 4571, 389, 36308, 739, 21989, 11, 290, 339, 468, 7428, 6275, 13289, 422, 465, 3350, 13, 6602, 11352, 3681, 25]","[50256, 14832, 8255, 25, 632, 743, 307, 281, 2562, 30054, 284, 1011, 11, 475, 428, 2409, 1213, 8548, 655, 1595, 470, 787, 262, 2005, 13, 6602, 11352, 3681, 25]",29,29,True,"Goyer's screenplay and direction are thankfully understated, and he has drawn excellent performances from his cast.","It may be an easy swipe to take, but this Barbershop just doesn't make the cut.",tigges,True
sst_tigges_pythia_correct_test,201,sst-8917,sst-711,0,1,"Review Text: It may be an easy swipe to take, but this Barbershop just doesn't make the cut. Review Sentiment:","Review Text: Goyer's screenplay and direction are thankfully understated, and he has drawn excellent performances from his cast. Review Sentiment:","""Review Text: It may be an easy swipe to take, but this Barbershop just doesn't make the cut. Review Sentiment:""","""Review Text: Goyer's screenplay and direction are thankfully understated, and he has drawn excellent performances from his cast. Review Sentiment:""",52657669657720546578743a204974206d617920626520616e206561737920737769706520746f2074616b652c2062757420746869732042617262657273686f70206a75737420646f65736e2774206d616b6520746865206375742e205265766965772053656e74696d656e743a,52657669657720546578743a20476f79657227732073637265656e706c617920616e6420646972656374696f6e20617265207468616e6b66756c6c7920756e6465727374617465642c20616e642068652068617320647261776e20657863656c6c656e7420706572666f726d616e6365732066726f6d2068697320636173742e205265766965772053656e74696d656e743a,98671896f965147634f64b029ac4a82ecb9067c2dd82fc7f6eacfa35c6c249a8,6260c52c76e49815af6bfe490898fc9e2cf198ee5bfc666ac9e4fd1536f44a10,"[50256, 14832, 8255, 25, 632, 743, 307, 281, 2562, 30054, 284, 1011, 11, 475, 428, 2409, 1213, 8548, 655, 1595, 470, 787, 262, 2005, 13, 6602, 11352, 3681, 25]","[50256, 14832, 8255, 25, 402, 35301, 338, 39769, 290, 4571, 389, 36308, 739, 21989, 11, 290, 339, 468, 7428, 6275, 13289, 422, 465, 3350, 13, 6602, 11352, 3681, 25]",29,29,True,"It may be an easy swipe to take, but this Barbershop just doesn't make the cut.","Goyer's screenplay and direction are thankfully understated, and he has drawn excellent performances from his cast.",tigges,True
sst_tigges_pythia_correct_test,202,sst-527,sst-8156,1,0,"Review Text: Elling really is about a couple of crazy guys, and it's therapeutic to laugh along with them. Review Sentiment:",Review Text: Obstacles are too easily overcome and there isn't much in the way of character development in the script. Review Sentiment:,"""Review Text: Elling really is about a couple of crazy guys, and it's therapeutic to laugh along with them. Review Sentiment:""","""Review Text: Obstacles are too easily overcome and there isn't much in the way of character development in the script. Review Sentiment:""",52657669657720546578743a20456c6c696e67207265616c6c792069732061626f7574206120636f75706c65206f66206372617a7920677579732c20616e64206974277320746865726170657574696320746f206c6175676820616c6f6e672077697468207468656d2e205265766965772053656e74696d656e743a,52657669657720546578743a204f62737461636c65732061726520746f6f20656173696c79206f766572636f6d6520616e642074686572652069736e2774206d75636820696e2074686520776179206f662063686172616374657220646576656c6f706d656e7420696e20746865207363726970742e205265766965772053656e74696d656e743a,2e80eedf91471c56a5313ffbbd6c3e9c8ed9b35568c501d1d8ec467c9edb6cb6,6797b0c76b13a6f1f4f2c06c492673fe83bc29fad135465da8ddc6bd575e8096,"[50256, 14832, 8255, 25, 412, 2680, 1107, 318, 546, 257, 3155, 286, 7165, 3730, 11, 290, 340, 338, 21546, 284, 6487, 1863, 351, 606, 13, 6602, 11352, 3681, 25]","[50256, 14832, 8255, 25, 46378, 9928, 389, 1165, 3538, 10980, 290, 612, 2125, 470, 881, 287, 262, 835, 286, 2095, 2478, 287, 262, 4226, 13, 6602, 11352, 3681, 25]",29,29,True,"Elling really is about a couple of crazy guys, and it's therapeutic to laugh along with them.",Obstacles are too easily overcome and there isn't much in the way of character development in the script.,tigges,True
sst_tigges_pythia_correct_test,203,sst-8156,sst-527,0,1,Review Text: Obstacles are too easily overcome and there isn't much in the way of character development in the script. Review Sentiment:,"Review Text: Elling really is about a couple of crazy guys, and it's therapeutic to laugh along with them. Review Sentiment:","""Review Text: Obstacles are too easily overcome and there isn't much in the way of character development in the script. Review Sentiment:""","""Review Text: Elling really is about a couple of crazy guys, and it's therapeutic to laugh along with them. Review Sentiment:""",52657669657720546578743a204f62737461636c65732061726520746f6f20656173696c79206f766572636f6d6520616e642074686572652069736e2774206d75636820696e2074686520776179206f662063686172616374657220646576656c6f706d656e7420696e20746865207363726970742e205265766965772053656e74696d656e743a,52657669657720546578743a20456c6c696e67207265616c6c792069732061626f7574206120636f75706c65206f66206372617a7920677579732c20616e64206974277320746865726170657574696320746f206c6175676820616c6f6e672077697468207468656d2e205265766965772053656e74696d656e743a,6797b0c76b13a6f1f4f2c06c492673fe83bc29fad135465da8ddc6bd575e8096,2e80eedf91471c56a5313ffbbd6c3e9c8ed9b35568c501d1d8ec467c9edb6cb6,"[50256, 14832, 8255, 25, 46378, 9928, 389, 1165, 3538, 10980, 290, 612, 2125, 470, 881, 287, 262, 835, 286, 2095, 2478, 287, 262, 4226, 13, 6602, 11352, 3681, 25]","[50256, 14832, 8255, 25, 412, 2680, 1107, 318, 546, 257, 3155, 286, 7165, 3730, 11, 290, 340, 338, 21546, 284, 6487, 1863, 351, 606, 13, 6602, 11352, 3681, 25]",29,29,True,Obstacles are too easily overcome and there isn't much in the way of character development in the script.,"Elling really is about a couple of crazy guys, and it's therapeutic to laugh along with them.",tigges,True
sst_tigges_pythia_correct_test,204,sst-1000,sst-9049,1,0,Review Text: It is not a mass-market entertainment but an uncompromising attempt by one artist to think about another. Review Sentiment:,"Review Text: Like a documentary version of Fight Club, shorn of social insight, intellectual pretension and cinematic interest. Review Sentiment:",'Review Text: It is not a mass-market entertainment but an uncompromising attempt by one artist to think about another. Review Sentiment:',"'Review Text: Like a documentary version of Fight Club, shorn of social insight, intellectual pretension and cinematic interest. Review Sentiment:'",52657669657720546578743a204974206973206e6f742061206d6173732d6d61726b657420656e7465727461696e6d656e742062757420616e20756e636f6d70726f6d6973696e6720617474656d7074206279206f6e652061727469737420746f207468696e6b2061626f757420616e6f746865722e205265766965772053656e74696d656e743a,52657669657720546578743a204c696b65206120646f63756d656e746172792076657273696f6e206f6620466967687420436c75622c2073686f726e206f6620736f6369616c20696e73696768742c20696e74656c6c65637475616c2070726574656e73696f6e20616e642063696e656d6174696320696e7465726573742e205265766965772053656e74696d656e743a,95c5b021a7d78cb3fbb2121e75ac7158ac6f4d4cf8d86d6a56f26bcca7cf75af,e629e5d681d652c5086a059c16cf516e4e082d2b87c0d26d1da682527a86ec83,"[50256, 14832, 8255, 25, 632, 318, 407, 257, 2347, 12, 10728, 9739, 475, 281, 34318, 47112, 2230, 416, 530, 6802, 284, 892, 546, 1194, 13, 6602, 11352, 3681, 25]","[50256, 14832, 8255, 25, 4525, 257, 11648, 2196, 286, 10480, 6289, 11, 427, 1211, 286, 1919, 11281, 11, 9028, 2181, 3004, 290, 29932, 1393, 13, 6602, 11352, 3681, 25]",29,29,True,It is not a mass-market entertainment but an uncompromising attempt by one artist to think about another.,"Like a documentary version of Fight Club, shorn of social insight, intellectual pretension and cinematic interest.",tigges,True
sst_tigges_pythia_correct_test,205,sst-9049,sst-1000,0,1,"Review Text: Like a documentary version of Fight Club, shorn of social insight, intellectual pretension and cinematic interest. Review Sentiment:",Review Text: It is not a mass-market entertainment but an uncompromising attempt by one artist to think about another. Review Sentiment:,"'Review Text: Like a documentary version of Fight Club, shorn of social insight, intellectual pretension and cinematic interest. Review Sentiment:'",'Review Text: It is not a mass-market entertainment but an uncompromising attempt by one artist to think about another. Review Sentiment:',52657669657720546578743a204c696b65206120646f63756d656e746172792076657273696f6e206f6620466967687420436c75622c2073686f726e206f6620736f6369616c20696e73696768742c20696e74656c6c65637475616c2070726574656e73696f6e20616e642063696e656d6174696320696e7465726573742e205265766965772053656e74696d656e743a,52657669657720546578743a204974206973206e6f742061206d6173732d6d61726b657420656e7465727461696e6d656e742062757420616e20756e636f6d70726f6d6973696e6720617474656d7074206279206f6e652061727469737420746f207468696e6b2061626f757420616e6f746865722e205265766965772053656e74696d656e743a,e629e5d681d652c5086a059c16cf516e4e082d2b87c0d26d1da682527a86ec83,95c5b021a7d78cb3fbb2121e75ac7158ac6f4d4cf8d86d6a56f26bcca7cf75af,"[50256, 14832, 8255, 25, 4525, 257, 11648, 2196, 286, 10480, 6289, 11, 427, 1211, 286, 1919, 11281, 11, 9028, 2181, 3004, 290, 29932, 1393, 13, 6602, 11352, 3681, 25]","[50256, 14832, 8255, 25, 632, 318, 407, 257, 2347, 12, 10728, 9739, 475, 281, 34318, 47112, 2230, 416, 530, 6802, 284, 892, 546, 1194, 13, 6602, 11352, 3681, 25]",29,29,True,"Like a documentary version of Fight Club, shorn of social insight, intellectual pretension and cinematic interest.",It is not a mass-market entertainment but an uncompromising attempt by one artist to think about another.,tigges,True
sst_tigges_pythia_correct_test,206,sst-218,sst-8213,1,0,Review Text: It is interesting and fun to see Goodall and her chimpanzees on the bigger-than-life screen. Review Sentiment:,"Review Text: Began life as a computer game, then morphed into a movie--a bad one, of course. Review Sentiment:",'Review Text: It is interesting and fun to see Goodall and her chimpanzees on the bigger-than-life screen. Review Sentiment:',"'Review Text: Began life as a computer game, then morphed into a movie--a bad one, of course. Review Sentiment:'",52657669657720546578743a20497420697320696e746572657374696e6720616e642066756e20746f2073656520476f6f64616c6c20616e6420686572206368696d70616e7a656573206f6e20746865206269676765722d7468616e2d6c6966652073637265656e2e205265766965772053656e74696d656e743a,52657669657720546578743a20426567616e206c696665206173206120636f6d70757465722067616d652c207468656e206d6f727068656420696e746f2061206d6f7669652d2d6120626164206f6e652c206f6620636f757273652e205265766965772053656e74696d656e743a,8cf16527a9195611c112aca0650505aa1dc215390cf60881bd755b9ed6991a1d,8044e69bad0004a2cf7e7693bc4b8ca0f7f170d1af8f7cd086a666038daedff2,"[50256, 14832, 8255, 25, 632, 318, 3499, 290, 1257, 284, 766, 4599, 439, 290, 607, 47724, 319, 262, 5749, 12, 14813, 12, 6042, 3159, 13, 6602, 11352, 3681, 25]","[50256, 14832, 8255, 25, 1355, 1030, 1204, 355, 257, 3644, 983, 11, 788, 49976, 656, 257, 3807, 438, 64, 2089, 530, 11, 286, 1781, 13, 6602, 11352, 3681, 25]",29,29,True,It is interesting and fun to see Goodall and her chimpanzees on the bigger-than-life screen.,"Began life as a computer game, then morphed into a movie--a bad one, of course.",tigges,True
sst_tigges_pythia_correct_test,207,sst-8213,sst-218,0,1,"Review Text: Began life as a computer game, then morphed into a movie--a bad one, of course. Review Sentiment:",Review Text: It is interesting and fun to see Goodall and her chimpanzees on the bigger-than-life screen. Review Sentiment:,"'Review Text: Began life as a computer game, then morphed into a movie--a bad one, of course. Review Sentiment:'",'Review Text: It is interesting and fun to see Goodall and her chimpanzees on the bigger-than-life screen. Review Sentiment:',52657669657720546578743a20426567616e206c696665206173206120636f6d70757465722067616d652c207468656e206d6f727068656420696e746f2061206d6f7669652d2d6120626164206f6e652c206f6620636f757273652e205265766965772053656e74696d656e743a,52657669657720546578743a20497420697320696e746572657374696e6720616e642066756e20746f2073656520476f6f64616c6c20616e6420686572206368696d70616e7a656573206f6e20746865206269676765722d7468616e2d6c6966652073637265656e2e205265766965772053656e74696d656e743a,8044e69bad0004a2cf7e7693bc4b8ca0f7f170d1af8f7cd086a666038daedff2,8cf16527a9195611c112aca0650505aa1dc215390cf60881bd755b9ed6991a1d,"[50256, 14832, 8255, 25, 1355, 1030, 1204, 355, 257, 3644, 983, 11, 788, 49976, 656, 257, 3807, 438, 64, 2089, 530, 11, 286, 1781, 13, 6602, 11352, 3681, 25]","[50256, 14832, 8255, 25, 632, 318, 3499, 290, 1257, 284, 766, 4599, 439, 290, 607, 47724, 319, 262, 5749, 12, 14813, 12, 6042, 3159, 13, 6602, 11352, 3681, 25]",29,29,True,"Began life as a computer game, then morphed into a movie--a bad one, of course.",It is interesting and fun to see Goodall and her chimpanzees on the bigger-than-life screen.,tigges,True
sst_tigges_pythia_correct_test,208,sst-334,sst-8380,1,0,"Review Text: But it's emotionally engrossing, too, thanks to strong, credible performances from the whole cast. Review Sentiment:",Review Text: It's never a good sign when a film's star spends the entirety of the film in a coma. Review Sentiment:,"""Review Text: But it's emotionally engrossing, too, thanks to strong, credible performances from the whole cast. Review Sentiment:""","""Review Text: It's never a good sign when a film's star spends the entirety of the film in a coma. Review Sentiment:""",52657669657720546578743a20427574206974277320656d6f74696f6e616c6c7920656e67726f7373696e672c20746f6f2c207468616e6b7320746f207374726f6e672c206372656469626c6520706572666f726d616e6365732066726f6d207468652077686f6c6520636173742e205265766965772053656e74696d656e743a,52657669657720546578743a2049742773206e65766572206120676f6f64207369676e207768656e20612066696c6d27732073746172207370656e64732074686520656e746972657479206f66207468652066696c6d20696e206120636f6d612e205265766965772053656e74696d656e743a,b3366227684c4aed196f38d20b43bc591948c5d168f5ead12586b157b47224bf,2115f5e99181c9c832c4f733e669170e167e8f207f87e70d031b8acf12c97c8a,"[50256, 14832, 8255, 25, 887, 340, 338, 17991, 1786, 1214, 278, 11, 1165, 11, 5176, 284, 1913, 11, 18409, 13289, 422, 262, 2187, 3350, 13, 6602, 11352, 3681, 25]","[50256, 14832, 8255, 25, 632, 338, 1239, 257, 922, 1051, 618, 257, 2646, 338, 3491, 16887, 262, 21818, 286, 262, 2646, 287, 257, 33658, 13, 6602, 11352, 3681, 25]",29,29,True,"But it's emotionally engrossing, too, thanks to strong, credible performances from the whole cast.",It's never a good sign when a film's star spends the entirety of the film in a coma.,tigges,True
sst_tigges_pythia_correct_test,209,sst-8380,sst-334,0,1,Review Text: It's never a good sign when a film's star spends the entirety of the film in a coma. Review Sentiment:,"Review Text: But it's emotionally engrossing, too, thanks to strong, credible performances from the whole cast. Review Sentiment:","""Review Text: It's never a good sign when a film's star spends the entirety of the film in a coma. Review Sentiment:""","""Review Text: But it's emotionally engrossing, too, thanks to strong, credible performances from the whole cast. Review Sentiment:""",52657669657720546578743a2049742773206e65766572206120676f6f64207369676e207768656e20612066696c6d27732073746172207370656e64732074686520656e746972657479206f66207468652066696c6d20696e206120636f6d612e205265766965772053656e74696d656e743a,52657669657720546578743a20427574206974277320656d6f74696f6e616c6c7920656e67726f7373696e672c20746f6f2c207468616e6b7320746f207374726f6e672c206372656469626c6520706572666f726d616e6365732066726f6d207468652077686f6c6520636173742e205265766965772053656e74696d656e743a,2115f5e99181c9c832c4f733e669170e167e8f207f87e70d031b8acf12c97c8a,b3366227684c4aed196f38d20b43bc591948c5d168f5ead12586b157b47224bf,"[50256, 14832, 8255, 25, 632, 338, 1239, 257, 922, 1051, 618, 257, 2646, 338, 3491, 16887, 262, 21818, 286, 262, 2646, 287, 257, 33658, 13, 6602, 11352, 3681, 25]","[50256, 14832, 8255, 25, 887, 340, 338, 17991, 1786, 1214, 278, 11, 1165, 11, 5176, 284, 1913, 11, 18409, 13289, 422, 262, 2187, 3350, 13, 6602, 11352, 3681, 25]",29,29,True,It's never a good sign when a film's star spends the entirety of the film in a coma.,"But it's emotionally engrossing, too, thanks to strong, credible performances from the whole cast.",tigges,True
sst_tigges_pythia_correct_test,210,sst-714,sst-8739,1,0,"Review Text: While Undercover Brother is definitely one for the masses, it's also full of sharp, smart satire. Review Sentiment:","Review Text: ... just a big mess of a movie, full of images and events, but no tension or surprise. Review Sentiment:","""Review Text: While Undercover Brother is definitely one for the masses, it's also full of sharp, smart satire. Review Sentiment:""","'Review Text: ... just a big mess of a movie, full of images and events, but no tension or surprise. Review Sentiment:'",52657669657720546578743a205768696c6520556e646572636f7665722042726f7468657220697320646566696e6974656c79206f6e6520666f7220746865206d61737365732c206974277320616c736f2066756c6c206f662073686172702c20736d617274207361746972652e205265766965772053656e74696d656e743a,52657669657720546578743a202e2e2e206a757374206120626967206d657373206f662061206d6f7669652c2066756c6c206f6620696d6167657320616e64206576656e74732c20627574206e6f2074656e73696f6e206f722073757270726973652e205265766965772053656e74696d656e743a,c1db81111827d8daed41f2dcd85c4a7ef03a89b070269c688fe328b4dce21d35,e8a8081b5b5171560730a2cd32ac671b3f105d751206468f2acd87f9e657d965,"[50256, 14832, 8255, 25, 2893, 4698, 9631, 8402, 318, 4753, 530, 329, 262, 14568, 11, 340, 338, 635, 1336, 286, 7786, 11, 4451, 35704, 13, 6602, 11352, 3681, 25]","[50256, 14832, 8255, 25, 2644, 655, 257, 1263, 2085, 286, 257, 3807, 11, 1336, 286, 4263, 290, 2995, 11, 475, 645, 12097, 393, 5975, 13, 6602, 11352, 3681, 25]",29,29,True,"While Undercover Brother is definitely one for the masses, it's also full of sharp, smart satire.","... just a big mess of a movie, full of images and events, but no tension or surprise.",tigges,True
sst_tigges_pythia_correct_test,211,sst-8739,sst-714,0,1,"Review Text: ... just a big mess of a movie, full of images and events, but no tension or surprise. Review Sentiment:","Review Text: While Undercover Brother is definitely one for the masses, it's also full of sharp, smart satire. Review Sentiment:","'Review Text: ... just a big mess of a movie, full of images and events, but no tension or surprise. Review Sentiment:'","""Review Text: While Undercover Brother is definitely one for the masses, it's also full of sharp, smart satire. Review Sentiment:""",52657669657720546578743a202e2e2e206a757374206120626967206d657373206f662061206d6f7669652c2066756c6c206f6620696d6167657320616e64206576656e74732c20627574206e6f2074656e73696f6e206f722073757270726973652e205265766965772053656e74696d656e743a,52657669657720546578743a205768696c6520556e646572636f7665722042726f7468657220697320646566696e6974656c79206f6e6520666f7220746865206d61737365732c206974277320616c736f2066756c6c206f662073686172702c20736d617274207361746972652e205265766965772053656e74696d656e743a,e8a8081b5b5171560730a2cd32ac671b3f105d751206468f2acd87f9e657d965,c1db81111827d8daed41f2dcd85c4a7ef03a89b070269c688fe328b4dce21d35,"[50256, 14832, 8255, 25, 2644, 655, 257, 1263, 2085, 286, 257, 3807, 11, 1336, 286, 4263, 290, 2995, 11, 475, 645, 12097, 393, 5975, 13, 6602, 11352, 3681, 25]","[50256, 14832, 8255, 25, 2893, 4698, 9631, 8402, 318, 4753, 530, 329, 262, 14568, 11, 340, 338, 635, 1336, 286, 7786, 11, 4451, 35704, 13, 6602, 11352, 3681, 25]",29,29,True,"... just a big mess of a movie, full of images and events, but no tension or surprise.","While Undercover Brother is definitely one for the masses, it's also full of sharp, smart satire.",tigges,True
sst_tigges_pythia_correct_test,212,sst-302,sst-8429,1,0,"Review Text: The unique tug-of-war with viewer expectations is undeniable, if not a pleasure in its own right. Review Sentiment:",Review Text: Despite the premise of a good story... it wastes all its star power on cliched or meaningless roles. Review Sentiment:,"'Review Text: The unique tug-of-war with viewer expectations is undeniable, if not a pleasure in its own right. Review Sentiment:'",'Review Text: Despite the premise of a good story... it wastes all its star power on cliched or meaningless roles. Review Sentiment:',52657669657720546578743a2054686520756e69717565207475672d6f662d776172207769746820766965776572206578706563746174696f6e7320697320756e64656e6961626c652c206966206e6f74206120706c65617375726520696e20697473206f776e2072696768742e205265766965772053656e74696d656e743a,52657669657720546578743a204465737069746520746865207072656d697365206f66206120676f6f642073746f72792e2e2e2069742077617374657320616c6c20697473207374617220706f776572206f6e20636c6963686564206f72206d65616e696e676c65737320726f6c65732e205265766965772053656e74696d656e743a,4bce79bb63b2fd6e392433a514870acde5f04825061b3b947b81f897da03ccdd,b9a6e47accac40ed30b3dfbf8f0413d48e4b32c79895eac2bfd14a7a44ba045d,"[50256, 14832, 8255, 25, 383, 3748, 27762, 12, 1659, 12, 5767, 351, 19091, 9027, 318, 36332, 11, 611, 407, 257, 9476, 287, 663, 898, 826, 13, 6602, 11352, 3681, 25]","[50256, 14832, 8255, 25, 7945, 262, 18659, 286, 257, 922, 1621, 986, 340, 43739, 477, 663, 3491, 1176, 319, 537, 291, 704, 393, 24513, 9176, 13, 6602, 11352, 3681, 25]",30,30,True,"The unique tug-of-war with viewer expectations is undeniable, if not a pleasure in its own right.",Despite the premise of a good story... it wastes all its star power on cliched or meaningless roles.,tigges,True
sst_tigges_pythia_correct_test,213,sst-8429,sst-302,0,1,Review Text: Despite the premise of a good story... it wastes all its star power on cliched or meaningless roles. Review Sentiment:,"Review Text: The unique tug-of-war with viewer expectations is undeniable, if not a pleasure in its own right. Review Sentiment:",'Review Text: Despite the premise of a good story... it wastes all its star power on cliched or meaningless roles. Review Sentiment:',"'Review Text: The unique tug-of-war with viewer expectations is undeniable, if not a pleasure in its own right. Review Sentiment:'",52657669657720546578743a204465737069746520746865207072656d697365206f66206120676f6f642073746f72792e2e2e2069742077617374657320616c6c20697473207374617220706f776572206f6e20636c6963686564206f72206d65616e696e676c65737320726f6c65732e205265766965772053656e74696d656e743a,52657669657720546578743a2054686520756e69717565207475672d6f662d776172207769746820766965776572206578706563746174696f6e7320697320756e64656e6961626c652c206966206e6f74206120706c65617375726520696e20697473206f776e2072696768742e205265766965772053656e74696d656e743a,b9a6e47accac40ed30b3dfbf8f0413d48e4b32c79895eac2bfd14a7a44ba045d,4bce79bb63b2fd6e392433a514870acde5f04825061b3b947b81f897da03ccdd,"[50256, 14832, 8255, 25, 7945, 262, 18659, 286, 257, 922, 1621, 986, 340, 43739, 477, 663, 3491, 1176, 319, 537, 291, 704, 393, 24513, 9176, 13, 6602, 11352, 3681, 25]","[50256, 14832, 8255, 25, 383, 3748, 27762, 12, 1659, 12, 5767, 351, 19091, 9027, 318, 36332, 11, 611, 407, 257, 9476, 287, 663, 898, 826, 13, 6602, 11352, 3681, 25]",30,30,True,Despite the premise of a good story... it wastes all its star power on cliched or meaningless roles.,"The unique tug-of-war with viewer expectations is undeniable, if not a pleasure in its own right.",tigges,True
sst_tigges_pythia_correct_test,214,sst-323,sst-8937,1,0,"Review Text: Even with all those rough edges safely sanded down, the American Insomnia is still pretty darned good. Review Sentiment:","Review Text: It's too long, too repetitive, and takes way too many years to resolve to be a total winner. Review Sentiment:","'Review Text: Even with all those rough edges safely sanded down, the American Insomnia is still pretty darned good. Review Sentiment:'","""Review Text: It's too long, too repetitive, and takes way too many years to resolve to be a total winner. Review Sentiment:""",52657669657720546578743a204576656e207769746820616c6c2074686f736520726f75676820656467657320736166656c792073616e64656420646f776e2c2074686520416d65726963616e20496e736f6d6e6961206973207374696c6c20707265747479206461726e656420676f6f642e205265766965772053656e74696d656e743a,52657669657720546578743a204974277320746f6f206c6f6e672c20746f6f20726570657469746976652c20616e642074616b65732077617920746f6f206d616e7920796561727320746f207265736f6c766520746f206265206120746f74616c2077696e6e65722e205265766965772053656e74696d656e743a,a0876894eb76a66e4208fedd8be62c51c191b1fa87c4bd0a2dcb18722f6a8bf1,0f30e13f6fa3104edff12759937f0e4002c43cdf693090e6e63e0dfd0cc68f87,"[50256, 14832, 8255, 25, 3412, 351, 477, 883, 5210, 13015, 11512, 6450, 276, 866, 11, 262, 1605, 7088, 37340, 318, 991, 2495, 39189, 276, 922, 13, 6602, 11352, 3681, 25]","[50256, 14832, 8255, 25, 632, 338, 1165, 890, 11, 1165, 28585, 11, 290, 2753, 835, 1165, 867, 812, 284, 10568, 284, 307, 257, 2472, 8464, 13, 6602, 11352, 3681, 25]",30,30,True,"Even with all those rough edges safely sanded down, the American Insomnia is still pretty darned good.","It's too long, too repetitive, and takes way too many years to resolve to be a total winner.",tigges,True
sst_tigges_pythia_correct_test,215,sst-8937,sst-323,0,1,"Review Text: It's too long, too repetitive, and takes way too many years to resolve to be a total winner. Review Sentiment:","Review Text: Even with all those rough edges safely sanded down, the American Insomnia is still pretty darned good. Review Sentiment:","""Review Text: It's too long, too repetitive, and takes way too many years to resolve to be a total winner. Review Sentiment:""","'Review Text: Even with all those rough edges safely sanded down, the American Insomnia is still pretty darned good. Review Sentiment:'",52657669657720546578743a204974277320746f6f206c6f6e672c20746f6f20726570657469746976652c20616e642074616b65732077617920746f6f206d616e7920796561727320746f207265736f6c766520746f206265206120746f74616c2077696e6e65722e205265766965772053656e74696d656e743a,52657669657720546578743a204576656e207769746820616c6c2074686f736520726f75676820656467657320736166656c792073616e64656420646f776e2c2074686520416d65726963616e20496e736f6d6e6961206973207374696c6c20707265747479206461726e656420676f6f642e205265766965772053656e74696d656e743a,0f30e13f6fa3104edff12759937f0e4002c43cdf693090e6e63e0dfd0cc68f87,a0876894eb76a66e4208fedd8be62c51c191b1fa87c4bd0a2dcb18722f6a8bf1,"[50256, 14832, 8255, 25, 632, 338, 1165, 890, 11, 1165, 28585, 11, 290, 2753, 835, 1165, 867, 812, 284, 10568, 284, 307, 257, 2472, 8464, 13, 6602, 11352, 3681, 25]","[50256, 14832, 8255, 25, 3412, 351, 477, 883, 5210, 13015, 11512, 6450, 276, 866, 11, 262, 1605, 7088, 37340, 318, 991, 2495, 39189, 276, 922, 13, 6602, 11352, 3681, 25]",30,30,True,"It's too long, too repetitive, and takes way too many years to resolve to be a total winner.","Even with all those rough edges safely sanded down, the American Insomnia is still pretty darned good.",tigges,True
sst_tigges_pythia_correct_test,216,sst-295,sst-8924,1,0,"Review Text: Ultimately, the message of Trouble Every Day seems to be that all sexual desire disrupts life's stasis. Review Sentiment:",Review Text: It's disappointing when filmmakers throw a few big-name actors and cameos at a hokey script. Review Sentiment:,"""Review Text: Ultimately, the message of Trouble Every Day seems to be that all sexual desire disrupts life's stasis. Review Sentiment:""","""Review Text: It's disappointing when filmmakers throw a few big-name actors and cameos at a hokey script. Review Sentiment:""",52657669657720546578743a20556c74696d6174656c792c20746865206d657373616765206f662054726f75626c6520457665727920446179207365656d7320746f206265207468617420616c6c2073657875616c20646573697265206469737275707473206c6966652773207374617369732e205265766965772053656e74696d656e743a,52657669657720546578743a2049742773206469736170706f696e74696e67207768656e2066696c6d6d616b657273207468726f77206120666577206269672d6e616d65206163746f727320616e642063616d656f73206174206120686f6b6579207363726970742e205265766965772053656e74696d656e743a,7b284f27f0c66b6a6cb5db000c0acae118d56fb3ae6c3cf31f3db0e38d4e67d4,ca5d274dfecd8f5686860ef9117b7d740780ef4f855c52f5605d606874854a7e,"[50256, 14832, 8255, 25, 24199, 11, 262, 3275, 286, 34179, 3887, 3596, 2331, 284, 307, 326, 477, 3206, 6227, 10114, 82, 1204, 338, 336, 17765, 13, 6602, 11352, 3681, 25]","[50256, 14832, 8255, 25, 632, 338, 17185, 618, 28303, 3714, 257, 1178, 1263, 12, 3672, 10544, 290, 1625, 418, 379, 257, 289, 2088, 88, 4226, 13, 6602, 11352, 3681, 25]",30,30,True,"Ultimately, the message of Trouble Every Day seems to be that all sexual desire disrupts life's stasis.",It's disappointing when filmmakers throw a few big-name actors and cameos at a hokey script.,tigges,True
sst_tigges_pythia_correct_test,217,sst-8924,sst-295,0,1,Review Text: It's disappointing when filmmakers throw a few big-name actors and cameos at a hokey script. Review Sentiment:,"Review Text: Ultimately, the message of Trouble Every Day seems to be that all sexual desire disrupts life's stasis. Review Sentiment:","""Review Text: It's disappointing when filmmakers throw a few big-name actors and cameos at a hokey script. Review Sentiment:""","""Review Text: Ultimately, the message of Trouble Every Day seems to be that all sexual desire disrupts life's stasis. Review Sentiment:""",52657669657720546578743a2049742773206469736170706f696e74696e67207768656e2066696c6d6d616b657273207468726f77206120666577206269672d6e616d65206163746f727320616e642063616d656f73206174206120686f6b6579207363726970742e205265766965772053656e74696d656e743a,52657669657720546578743a20556c74696d6174656c792c20746865206d657373616765206f662054726f75626c6520457665727920446179207365656d7320746f206265207468617420616c6c2073657875616c20646573697265206469737275707473206c6966652773207374617369732e205265766965772053656e74696d656e743a,ca5d274dfecd8f5686860ef9117b7d740780ef4f855c52f5605d606874854a7e,7b284f27f0c66b6a6cb5db000c0acae118d56fb3ae6c3cf31f3db0e38d4e67d4,"[50256, 14832, 8255, 25, 632, 338, 17185, 618, 28303, 3714, 257, 1178, 1263, 12, 3672, 10544, 290, 1625, 418, 379, 257, 289, 2088, 88, 4226, 13, 6602, 11352, 3681, 25]","[50256, 14832, 8255, 25, 24199, 11, 262, 3275, 286, 34179, 3887, 3596, 2331, 284, 307, 326, 477, 3206, 6227, 10114, 82, 1204, 338, 336, 17765, 13, 6602, 11352, 3681, 25]",30,30,True,It's disappointing when filmmakers throw a few big-name actors and cameos at a hokey script.,"Ultimately, the message of Trouble Every Day seems to be that all sexual desire disrupts life's stasis.",tigges,True
sst_tigges_pythia_correct_test,218,sst-553,sst-8918,1,0,"Review Text: This road movie gives you emotional whiplash, and you'll be glad you went along for the ride. Review Sentiment:","Review Text: The Weight of Water uses water as a metaphor for subconscious desire, but this leaky script barely stays afloat. Review Sentiment:","""Review Text: This road movie gives you emotional whiplash, and you'll be glad you went along for the ride. Review Sentiment:""","'Review Text: The Weight of Water uses water as a metaphor for subconscious desire, but this leaky script barely stays afloat. Review Sentiment:'",52657669657720546578743a205468697320726f6164206d6f76696520676976657320796f7520656d6f74696f6e616c20776869706c6173682c20616e6420796f75276c6c20626520676c616420796f752077656e7420616c6f6e6720666f722074686520726964652e205265766965772053656e74696d656e743a,52657669657720546578743a2054686520576569676874206f6620576174657220757365732077617465722061732061206d65746170686f7220666f7220737562636f6e7363696f7573206465736972652c206275742074686973206c65616b792073637269707420626172656c792073746179732061666c6f61742e205265766965772053656e74696d656e743a,6533ef26858c902a585b2fcd42b2d5f9f9f5cc14b62664ae3d2210eeac7b4042,3e6cd361c13b59089acfa022350d79d060d06de9ce72ecc3376ccc529807037f,"[50256, 14832, 8255, 25, 770, 2975, 3807, 3607, 345, 7016, 348, 24705, 1077, 11, 290, 345, 1183, 307, 9675, 345, 1816, 1863, 329, 262, 6594, 13, 6602, 11352, 3681, 25]","[50256, 14832, 8255, 25, 383, 14331, 286, 5638, 3544, 1660, 355, 257, 23094, 329, 30931, 6227, 11, 475, 428, 13044, 88, 4226, 8523, 14768, 45759, 13, 6602, 11352, 3681, 25]",30,30,True,"This road movie gives you emotional whiplash, and you'll be glad you went along for the ride.","The Weight of Water uses water as a metaphor for subconscious desire, but this leaky script barely stays afloat.",tigges,True
sst_tigges_pythia_correct_test,219,sst-8918,sst-553,0,1,"Review Text: The Weight of Water uses water as a metaphor for subconscious desire, but this leaky script barely stays afloat. Review Sentiment:","Review Text: This road movie gives you emotional whiplash, and you'll be glad you went along for the ride. Review Sentiment:","'Review Text: The Weight of Water uses water as a metaphor for subconscious desire, but this leaky script barely stays afloat. Review Sentiment:'","""Review Text: This road movie gives you emotional whiplash, and you'll be glad you went along for the ride. Review Sentiment:""",52657669657720546578743a2054686520576569676874206f6620576174657220757365732077617465722061732061206d65746170686f7220666f7220737562636f6e7363696f7573206465736972652c206275742074686973206c65616b792073637269707420626172656c792073746179732061666c6f61742e205265766965772053656e74696d656e743a,52657669657720546578743a205468697320726f6164206d6f76696520676976657320796f7520656d6f74696f6e616c20776869706c6173682c20616e6420796f75276c6c20626520676c616420796f752077656e7420616c6f6e6720666f722074686520726964652e205265766965772053656e74696d656e743a,3e6cd361c13b59089acfa022350d79d060d06de9ce72ecc3376ccc529807037f,6533ef26858c902a585b2fcd42b2d5f9f9f5cc14b62664ae3d2210eeac7b4042,"[50256, 14832, 8255, 25, 383, 14331, 286, 5638, 3544, 1660, 355, 257, 23094, 329, 30931, 6227, 11, 475, 428, 13044, 88, 4226, 8523, 14768, 45759, 13, 6602, 11352, 3681, 25]","[50256, 14832, 8255, 25, 770, 2975, 3807, 3607, 345, 7016, 348, 24705, 1077, 11, 290, 345, 1183, 307, 9675, 345, 1816, 1863, 329, 262, 6594, 13, 6602, 11352, 3681, 25]",30,30,True,"The Weight of Water uses water as a metaphor for subconscious desire, but this leaky script barely stays afloat.","This road movie gives you emotional whiplash, and you'll be glad you went along for the ride.",tigges,True
sst_tigges_pythia_correct_test,220,sst-1115,sst-8244,1,0,"Review Text: Although it's a bit smug and repetitive, this documentary engages your brain in a way few current films do. Review Sentiment:","Review Text: A hideous, confusing spectacle, one that may well put the nail in the coffin of any future Rice adaptations. Review Sentiment:","""Review Text: Although it's a bit smug and repetitive, this documentary engages your brain in a way few current films do. Review Sentiment:""","'Review Text: A hideous, confusing spectacle, one that may well put the nail in the coffin of any future Rice adaptations. Review Sentiment:'",52657669657720546578743a20416c74686f756768206974277320612062697420736d756720616e6420726570657469746976652c207468697320646f63756d656e7461727920656e676167657320796f757220627261696e20696e206120776179206665772063757272656e742066696c6d7320646f2e205265766965772053656e74696d656e743a,52657669657720546578743a204120686964656f75732c20636f6e667573696e6720737065637461636c652c206f6e652074686174206d61792077656c6c2070757420746865206e61696c20696e2074686520636f6666696e206f6620616e792066757475726520526963652061646170746174696f6e732e205265766965772053656e74696d656e743a,4b19f80ce68075191f4545efa0d3103f5d456cacd8f6e2adf8d02f5b3da082a8,60da8d7fff32a7c7c1133a3223e0cf00624479360bf4713c7d62b52cd7f1a22d,"[50256, 14832, 8255, 25, 4900, 340, 338, 257, 1643, 27590, 290, 28585, 11, 428, 11648, 32902, 534, 3632, 287, 257, 835, 1178, 1459, 7328, 466, 13, 6602, 11352, 3681, 25]","[50256, 14832, 8255, 25, 317, 42269, 11, 15337, 27519, 11, 530, 326, 743, 880, 1234, 262, 17864, 287, 262, 30834, 286, 597, 2003, 13823, 35030, 13, 6602, 11352, 3681, 25]",30,30,True,"Although it's a bit smug and repetitive, this documentary engages your brain in a way few current films do.","A hideous, confusing spectacle, one that may well put the nail in the coffin of any future Rice adaptations.",tigges,True
sst_tigges_pythia_correct_test,221,sst-8244,sst-1115,0,1,"Review Text: A hideous, confusing spectacle, one that may well put the nail in the coffin of any future Rice adaptations. Review Sentiment:","Review Text: Although it's a bit smug and repetitive, this documentary engages your brain in a way few current films do. Review Sentiment:","'Review Text: A hideous, confusing spectacle, one that may well put the nail in the coffin of any future Rice adaptations. Review Sentiment:'","""Review Text: Although it's a bit smug and repetitive, this documentary engages your brain in a way few current films do. Review Sentiment:""",52657669657720546578743a204120686964656f75732c20636f6e667573696e6720737065637461636c652c206f6e652074686174206d61792077656c6c2070757420746865206e61696c20696e2074686520636f6666696e206f6620616e792066757475726520526963652061646170746174696f6e732e205265766965772053656e74696d656e743a,52657669657720546578743a20416c74686f756768206974277320612062697420736d756720616e6420726570657469746976652c207468697320646f63756d656e7461727920656e676167657320796f757220627261696e20696e206120776179206665772063757272656e742066696c6d7320646f2e205265766965772053656e74696d656e743a,60da8d7fff32a7c7c1133a3223e0cf00624479360bf4713c7d62b52cd7f1a22d,4b19f80ce68075191f4545efa0d3103f5d456cacd8f6e2adf8d02f5b3da082a8,"[50256, 14832, 8255, 25, 317, 42269, 11, 15337, 27519, 11, 530, 326, 743, 880, 1234, 262, 17864, 287, 262, 30834, 286, 597, 2003, 13823, 35030, 13, 6602, 11352, 3681, 25]","[50256, 14832, 8255, 25, 4900, 340, 338, 257, 1643, 27590, 290, 28585, 11, 428, 11648, 32902, 534, 3632, 287, 257, 835, 1178, 1459, 7328, 466, 13, 6602, 11352, 3681, 25]",30,30,True,"A hideous, confusing spectacle, one that may well put the nail in the coffin of any future Rice adaptations.","Although it's a bit smug and repetitive, this documentary engages your brain in a way few current films do.",tigges,True
sst_tigges_pythia_correct_test,222,sst-568,sst-8881,1,0,Review Text: A pro-fat farce that overcomes much of its excessive moral baggage thanks to two appealing lead performances. Review Sentiment:,Review Text: What could and should have been biting and droll is instead a tepid waste of time and talent. Review Sentiment:,'Review Text: A pro-fat farce that overcomes much of its excessive moral baggage thanks to two appealing lead performances. Review Sentiment:','Review Text: What could and should have been biting and droll is instead a tepid waste of time and talent. Review Sentiment:',52657669657720546578743a20412070726f2d6661742066617263652074686174206f766572636f6d6573206d756368206f662069747320657863657373697665206d6f72616c2062616767616765207468616e6b7320746f2074776f2061707065616c696e67206c65616420706572666f726d616e6365732e205265766965772053656e74696d656e743a,52657669657720546578743a205768617420636f756c6420616e642073686f756c642068617665206265656e20626974696e6720616e642064726f6c6c20697320696e73746561642061207465706964207761737465206f662074696d6520616e642074616c656e742e205265766965772053656e74696d656e743a,a42d735eab6ac5d79e3b6706789ed064c52e0848187bfe755b423673665f9db2,ceeb817bf8ac510ea4b9e62d883cb7a5dea5eeaa6e82c27063a4adae4dc49e5a,"[50256, 14832, 8255, 25, 317, 386, 12, 17359, 1290, 344, 326, 625, 8988, 881, 286, 663, 13181, 6573, 30466, 5176, 284, 734, 16403, 1085, 13289, 13, 6602, 11352, 3681, 25]","[50256, 14832, 8255, 25, 1867, 714, 290, 815, 423, 587, 30791, 290, 288, 2487, 318, 2427, 257, 256, 538, 312, 7030, 286, 640, 290, 7401, 13, 6602, 11352, 3681, 25]",30,30,True,A pro-fat farce that overcomes much of its excessive moral baggage thanks to two appealing lead performances.,What could and should have been biting and droll is instead a tepid waste of time and talent.,tigges,True
sst_tigges_pythia_correct_test,223,sst-8881,sst-568,0,1,Review Text: What could and should have been biting and droll is instead a tepid waste of time and talent. Review Sentiment:,Review Text: A pro-fat farce that overcomes much of its excessive moral baggage thanks to two appealing lead performances. Review Sentiment:,'Review Text: What could and should have been biting and droll is instead a tepid waste of time and talent. Review Sentiment:','Review Text: A pro-fat farce that overcomes much of its excessive moral baggage thanks to two appealing lead performances. Review Sentiment:',52657669657720546578743a205768617420636f756c6420616e642073686f756c642068617665206265656e20626974696e6720616e642064726f6c6c20697320696e73746561642061207465706964207761737465206f662074696d6520616e642074616c656e742e205265766965772053656e74696d656e743a,52657669657720546578743a20412070726f2d6661742066617263652074686174206f766572636f6d6573206d756368206f662069747320657863657373697665206d6f72616c2062616767616765207468616e6b7320746f2074776f2061707065616c696e67206c65616420706572666f726d616e6365732e205265766965772053656e74696d656e743a,ceeb817bf8ac510ea4b9e62d883cb7a5dea5eeaa6e82c27063a4adae4dc49e5a,a42d735eab6ac5d79e3b6706789ed064c52e0848187bfe755b423673665f9db2,"[50256, 14832, 8255, 25, 1867, 714, 290, 815, 423, 587, 30791, 290, 288, 2487, 318, 2427, 257, 256, 538, 312, 7030, 286, 640, 290, 7401, 13, 6602, 11352, 3681, 25]","[50256, 14832, 8255, 25, 317, 386, 12, 17359, 1290, 344, 326, 625, 8988, 881, 286, 663, 13181, 6573, 30466, 5176, 284, 734, 16403, 1085, 13289, 13, 6602, 11352, 3681, 25]",30,30,True,What could and should have been biting and droll is instead a tepid waste of time and talent.,A pro-fat farce that overcomes much of its excessive moral baggage thanks to two appealing lead performances.,tigges,True
sst_tigges_pythia_correct_test,224,sst-936,sst-7995,1,0,"Review Text: The story, like life, refuses to be simple, and the result is a compelling slice of awkward emotions. Review Sentiment:","Review Text: This is a throwaway, junk-food movie whose rap soundtrack was better tended to than the film itself. Review Sentiment:","'Review Text: The story, like life, refuses to be simple, and the result is a compelling slice of awkward emotions. Review Sentiment:'","'Review Text: This is a throwaway, junk-food movie whose rap soundtrack was better tended to than the film itself. Review Sentiment:'",52657669657720546578743a205468652073746f72792c206c696b65206c6966652c207265667573657320746f2062652073696d706c652c20616e642074686520726573756c74206973206120636f6d70656c6c696e6720736c696365206f662061776b7761726420656d6f74696f6e732e205265766965772053656e74696d656e743a,52657669657720546578743a20546869732069732061207468726f77617761792c206a756e6b2d666f6f64206d6f7669652077686f73652072617020736f756e64747261636b20776173206265747465722074656e64656420746f207468616e207468652066696c6d20697473656c662e205265766965772053656e74696d656e743a,fb6f5cdc2ceb073833d0f736ae63540bf6d5ba3370d4e585aff34659d61e0e79,96a5cb87fe05b1860374a22b28b67d6efdda786b1150592d954af59ec368b79c,"[50256, 14832, 8255, 25, 383, 1621, 11, 588, 1204, 11, 17567, 284, 307, 2829, 11, 290, 262, 1255, 318, 257, 13206, 16416, 286, 13006, 10825, 13, 6602, 11352, 3681, 25]","[50256, 14832, 8255, 25, 770, 318, 257, 3714, 8272, 11, 18556, 12, 19425, 3807, 3025, 4095, 21751, 373, 1365, 19960, 284, 621, 262, 2646, 2346, 13, 6602, 11352, 3681, 25]",30,30,True,"The story, like life, refuses to be simple, and the result is a compelling slice of awkward emotions.","This is a throwaway, junk-food movie whose rap soundtrack was better tended to than the film itself.",tigges,True
sst_tigges_pythia_correct_test,225,sst-7995,sst-936,0,1,"Review Text: This is a throwaway, junk-food movie whose rap soundtrack was better tended to than the film itself. Review Sentiment:","Review Text: The story, like life, refuses to be simple, and the result is a compelling slice of awkward emotions. Review Sentiment:","'Review Text: This is a throwaway, junk-food movie whose rap soundtrack was better tended to than the film itself. Review Sentiment:'","'Review Text: The story, like life, refuses to be simple, and the result is a compelling slice of awkward emotions. Review Sentiment:'",52657669657720546578743a20546869732069732061207468726f77617761792c206a756e6b2d666f6f64206d6f7669652077686f73652072617020736f756e64747261636b20776173206265747465722074656e64656420746f207468616e207468652066696c6d20697473656c662e205265766965772053656e74696d656e743a,52657669657720546578743a205468652073746f72792c206c696b65206c6966652c207265667573657320746f2062652073696d706c652c20616e642074686520726573756c74206973206120636f6d70656c6c696e6720736c696365206f662061776b7761726420656d6f74696f6e732e205265766965772053656e74696d656e743a,96a5cb87fe05b1860374a22b28b67d6efdda786b1150592d954af59ec368b79c,fb6f5cdc2ceb073833d0f736ae63540bf6d5ba3370d4e585aff34659d61e0e79,"[50256, 14832, 8255, 25, 770, 318, 257, 3714, 8272, 11, 18556, 12, 19425, 3807, 3025, 4095, 21751, 373, 1365, 19960, 284, 621, 262, 2646, 2346, 13, 6602, 11352, 3681, 25]","[50256, 14832, 8255, 25, 383, 1621, 11, 588, 1204, 11, 17567, 284, 307, 2829, 11, 290, 262, 1255, 318, 257, 13206, 16416, 286, 13006, 10825, 13, 6602, 11352, 3681, 25]",30,30,True,"This is a throwaway, junk-food movie whose rap soundtrack was better tended to than the film itself.","The story, like life, refuses to be simple, and the result is a compelling slice of awkward emotions.",tigges,True
sst_tigges_pythia_correct_test,226,sst-4,sst-9017,1,0,"Review Text: If you sometimes like to go to the movies to have fun, Wasabi is a good place to start. Review Sentiment:",Review Text: Not sweet enough to liven up its predictable story and will leave even fans of hip-hop sorely disappointed. Review Sentiment:,"'Review Text: If you sometimes like to go to the movies to have fun, Wasabi is a good place to start. Review Sentiment:'",'Review Text: Not sweet enough to liven up its predictable story and will leave even fans of hip-hop sorely disappointed. Review Sentiment:',52657669657720546578743a20496620796f7520736f6d6574696d6573206c696b6520746f20676f20746f20746865206d6f7669657320746f20686176652066756e2c20576173616269206973206120676f6f6420706c61636520746f2073746172742e205265766965772053656e74696d656e743a,52657669657720546578743a204e6f7420737765657420656e6f75676820746f206c6976656e20757020697473207072656469637461626c652073746f727920616e642077696c6c206c65617665206576656e2066616e73206f66206869702d686f7020736f72656c79206469736170706f696e7465642e205265766965772053656e74696d656e743a,846008290e970f9f40889dbcface32de8c197917ff482e9a9a553c098071ef42,ef9c80b99d4266b7cfec8f0cbf98c51e1e0a367220f1c5c77d2b2db0957c726e,"[50256, 14832, 8255, 25, 1002, 345, 3360, 588, 284, 467, 284, 262, 6918, 284, 423, 1257, 11, 8920, 17914, 318, 257, 922, 1295, 284, 923, 13, 6602, 11352, 3681, 25]","[50256, 14832, 8255, 25, 1892, 6029, 1576, 284, 300, 1469, 510, 663, 20039, 1621, 290, 481, 2666, 772, 3296, 286, 10359, 12, 8548, 50103, 11679, 13, 6602, 11352, 3681, 25]",30,30,True,"If you sometimes like to go to the movies to have fun, Wasabi is a good place to start.",Not sweet enough to liven up its predictable story and will leave even fans of hip-hop sorely disappointed.,tigges,True
sst_tigges_pythia_correct_test,227,sst-9017,sst-4,0,1,Review Text: Not sweet enough to liven up its predictable story and will leave even fans of hip-hop sorely disappointed. Review Sentiment:,"Review Text: If you sometimes like to go to the movies to have fun, Wasabi is a good place to start. Review Sentiment:",'Review Text: Not sweet enough to liven up its predictable story and will leave even fans of hip-hop sorely disappointed. Review Sentiment:',"'Review Text: If you sometimes like to go to the movies to have fun, Wasabi is a good place to start. Review Sentiment:'",52657669657720546578743a204e6f7420737765657420656e6f75676820746f206c6976656e20757020697473207072656469637461626c652073746f727920616e642077696c6c206c65617665206576656e2066616e73206f66206869702d686f7020736f72656c79206469736170706f696e7465642e205265766965772053656e74696d656e743a,52657669657720546578743a20496620796f7520736f6d6574696d6573206c696b6520746f20676f20746f20746865206d6f7669657320746f20686176652066756e2c20576173616269206973206120676f6f6420706c61636520746f2073746172742e205265766965772053656e74696d656e743a,ef9c80b99d4266b7cfec8f0cbf98c51e1e0a367220f1c5c77d2b2db0957c726e,846008290e970f9f40889dbcface32de8c197917ff482e9a9a553c098071ef42,"[50256, 14832, 8255, 25, 1892, 6029, 1576, 284, 300, 1469, 510, 663, 20039, 1621, 290, 481, 2666, 772, 3296, 286, 10359, 12, 8548, 50103, 11679, 13, 6602, 11352, 3681, 25]","[50256, 14832, 8255, 25, 1002, 345, 3360, 588, 284, 467, 284, 262, 6918, 284, 423, 1257, 11, 8920, 17914, 318, 257, 922, 1295, 284, 923, 13, 6602, 11352, 3681, 25]",30,30,True,Not sweet enough to liven up its predictable story and will leave even fans of hip-hop sorely disappointed.,"If you sometimes like to go to the movies to have fun, Wasabi is a good place to start.",tigges,True
sst_tigges_pythia_correct_test,228,sst-454,sst-8008,1,0,"Review Text: Call me a wimp, but I cried, not once, but three times in this animated sweet film. Review Sentiment:",Review Text: The Piano Teacher is the sort of movie that discourages American audiences from ever wanting to see another foreign film. Review Sentiment:,"'Review Text: Call me a wimp, but I cried, not once, but three times in this animated sweet film. Review Sentiment:'",'Review Text: The Piano Teacher is the sort of movie that discourages American audiences from ever wanting to see another foreign film. Review Sentiment:',52657669657720546578743a2043616c6c206d6520612077696d702c2062757420492063726965642c206e6f74206f6e63652c206275742074687265652074696d657320696e207468697320616e696d617465642073776565742066696c6d2e205265766965772053656e74696d656e743a,52657669657720546578743a20546865205069616e6f20546561636865722069732074686520736f7274206f66206d6f766965207468617420646973636f75726167657320416d65726963616e2061756469656e6365732066726f6d20657665722077616e74696e6720746f2073656520616e6f7468657220666f726569676e2066696c6d2e205265766965772053656e74696d656e743a,10c54c666f5b9c86b5501581509a1cb822b0117f302afb611ddb11042ed239c2,00d7a20017ecc529dfaf3352977f2a7d3e609780b2b8fb190dccbb44aefa62af,"[50256, 14832, 8255, 25, 4889, 502, 257, 266, 11011, 11, 475, 314, 16896, 11, 407, 1752, 11, 475, 1115, 1661, 287, 428, 15108, 6029, 2646, 13, 6602, 11352, 3681, 25]","[50256, 14832, 8255, 25, 383, 46605, 32019, 318, 262, 3297, 286, 3807, 326, 15117, 1095, 1605, 15579, 422, 1683, 10291, 284, 766, 1194, 3215, 2646, 13, 6602, 11352, 3681, 25]",30,30,True,"Call me a wimp, but I cried, not once, but three times in this animated sweet film.",The Piano Teacher is the sort of movie that discourages American audiences from ever wanting to see another foreign film.,tigges,True
sst_tigges_pythia_correct_test,229,sst-8008,sst-454,0,1,Review Text: The Piano Teacher is the sort of movie that discourages American audiences from ever wanting to see another foreign film. Review Sentiment:,"Review Text: Call me a wimp, but I cried, not once, but three times in this animated sweet film. Review Sentiment:",'Review Text: The Piano Teacher is the sort of movie that discourages American audiences from ever wanting to see another foreign film. Review Sentiment:',"'Review Text: Call me a wimp, but I cried, not once, but three times in this animated sweet film. Review Sentiment:'",52657669657720546578743a20546865205069616e6f20546561636865722069732074686520736f7274206f66206d6f766965207468617420646973636f75726167657320416d65726963616e2061756469656e6365732066726f6d20657665722077616e74696e6720746f2073656520616e6f7468657220666f726569676e2066696c6d2e205265766965772053656e74696d656e743a,52657669657720546578743a2043616c6c206d6520612077696d702c2062757420492063726965642c206e6f74206f6e63652c206275742074687265652074696d657320696e207468697320616e696d617465642073776565742066696c6d2e205265766965772053656e74696d656e743a,00d7a20017ecc529dfaf3352977f2a7d3e609780b2b8fb190dccbb44aefa62af,10c54c666f5b9c86b5501581509a1cb822b0117f302afb611ddb11042ed239c2,"[50256, 14832, 8255, 25, 383, 46605, 32019, 318, 262, 3297, 286, 3807, 326, 15117, 1095, 1605, 15579, 422, 1683, 10291, 284, 766, 1194, 3215, 2646, 13, 6602, 11352, 3681, 25]","[50256, 14832, 8255, 25, 4889, 502, 257, 266, 11011, 11, 475, 314, 16896, 11, 407, 1752, 11, 475, 1115, 1661, 287, 428, 15108, 6029, 2646, 13, 6602, 11352, 3681, 25]",30,30,True,The Piano Teacher is the sort of movie that discourages American audiences from ever wanting to see another foreign film.,"Call me a wimp, but I cried, not once, but three times in this animated sweet film.",tigges,True
sst_tigges_pythia_correct_test,230,sst-341,sst-8796,1,0,"Review Text: Hu and Liu offer natural, matter-of-fact performances that glint with sorrow, longing and love. Review Sentiment:","Review Text: Despite its good nature and some genuinely funny moments, Super Troopers suffers from a bad case of arrested development. Review Sentiment:","'Review Text: Hu and Liu offer natural, matter-of-fact performances that glint with sorrow, longing and love. Review Sentiment:'","'Review Text: Despite its good nature and some genuinely funny moments, Super Troopers suffers from a bad case of arrested development. Review Sentiment:'",52657669657720546578743a20487520616e64204c6975206f66666572206e61747572616c2c206d61747465722d6f662d6661637420706572666f726d616e636573207468617420676c696e74207769746820736f72726f772c206c6f6e67696e6720616e64206c6f76652e205265766965772053656e74696d656e743a,52657669657720546578743a20446573706974652069747320676f6f64206e617475726520616e6420736f6d652067656e75696e656c792066756e6e79206d6f6d656e74732c2053757065722054726f6f7065727320737566666572732066726f6d2061206261642063617365206f6620617272657374656420646576656c6f706d656e742e205265766965772053656e74696d656e743a,d0b3464878c4c9d37da3fab3cc2fd6be1ca25ec36dc01979ef2b03d1c3f373a8,fa85dba63615185341a74ada48a73aa3b40750552ad3457974a204441c9c91f9,"[50256, 14832, 8255, 25, 11256, 290, 18258, 2897, 3288, 11, 2300, 12, 1659, 12, 22584, 13289, 326, 1278, 600, 351, 24140, 11, 40314, 290, 1842, 13, 6602, 11352, 3681, 25]","[50256, 14832, 8255, 25, 7945, 663, 922, 3450, 290, 617, 17170, 8258, 7188, 11, 3115, 8498, 20618, 21046, 422, 257, 2089, 1339, 286, 5169, 2478, 13, 6602, 11352, 3681, 25]",30,30,True,"Hu and Liu offer natural, matter-of-fact performances that glint with sorrow, longing and love.","Despite its good nature and some genuinely funny moments, Super Troopers suffers from a bad case of arrested development.",tigges,True
sst_tigges_pythia_correct_test,231,sst-8796,sst-341,0,1,"Review Text: Despite its good nature and some genuinely funny moments, Super Troopers suffers from a bad case of arrested development. Review Sentiment:","Review Text: Hu and Liu offer natural, matter-of-fact performances that glint with sorrow, longing and love. Review Sentiment:","'Review Text: Despite its good nature and some genuinely funny moments, Super Troopers suffers from a bad case of arrested development. Review Sentiment:'","'Review Text: Hu and Liu offer natural, matter-of-fact performances that glint with sorrow, longing and love. Review Sentiment:'",52657669657720546578743a20446573706974652069747320676f6f64206e617475726520616e6420736f6d652067656e75696e656c792066756e6e79206d6f6d656e74732c2053757065722054726f6f7065727320737566666572732066726f6d2061206261642063617365206f6620617272657374656420646576656c6f706d656e742e205265766965772053656e74696d656e743a,52657669657720546578743a20487520616e64204c6975206f66666572206e61747572616c2c206d61747465722d6f662d6661637420706572666f726d616e636573207468617420676c696e74207769746820736f72726f772c206c6f6e67696e6720616e64206c6f76652e205265766965772053656e74696d656e743a,fa85dba63615185341a74ada48a73aa3b40750552ad3457974a204441c9c91f9,d0b3464878c4c9d37da3fab3cc2fd6be1ca25ec36dc01979ef2b03d1c3f373a8,"[50256, 14832, 8255, 25, 7945, 663, 922, 3450, 290, 617, 17170, 8258, 7188, 11, 3115, 8498, 20618, 21046, 422, 257, 2089, 1339, 286, 5169, 2478, 13, 6602, 11352, 3681, 25]","[50256, 14832, 8255, 25, 11256, 290, 18258, 2897, 3288, 11, 2300, 12, 1659, 12, 22584, 13289, 326, 1278, 600, 351, 24140, 11, 40314, 290, 1842, 13, 6602, 11352, 3681, 25]",30,30,True,"Despite its good nature and some genuinely funny moments, Super Troopers suffers from a bad case of arrested development.","Hu and Liu offer natural, matter-of-fact performances that glint with sorrow, longing and love.",tigges,True
sst_tigges_pythia_correct_test,232,sst-337,sst-8826,1,0,Review Text: Spielberg is the rare director who does not want to invite viewers to gawk at or applaud his special effects. Review Sentiment:,"Review Text: The Irwins emerge unscathed, but the fictional footage is unconvincing and criminally badly acted. Review Sentiment:",'Review Text: Spielberg is the rare director who does not want to invite viewers to gawk at or applaud his special effects. Review Sentiment:',"'Review Text: The Irwins emerge unscathed, but the fictional footage is unconvincing and criminally badly acted. Review Sentiment:'",52657669657720546578743a20537069656c62657267206973207468652072617265206469726563746f722077686f20646f6573206e6f742077616e7420746f20696e76697465207669657765727320746f206761776b206174206f72206170706c61756420686973207370656369616c20656666656374732e205265766965772053656e74696d656e743a,52657669657720546578743a2054686520497277696e7320656d6572676520756e736361746865642c20627574207468652066696374696f6e616c20666f6f7461676520697320756e636f6e76696e63696e6720616e64206372696d696e616c6c79206261646c792061637465642e205265766965772053656e74696d656e743a,7c433f7dffaab964407e64e4f20ed61c27ede69efa8f5f017656d0b5ea457656,8911529d2bd6d3d92dc05b28b91c39e8a8daf9fdc051b504fdc85933e85a2848,"[50256, 14832, 8255, 25, 41151, 318, 262, 4071, 3437, 508, 857, 407, 765, 284, 14037, 10209, 284, 308, 19301, 379, 393, 22517, 465, 2041, 3048, 13, 6602, 11352, 3681, 25]","[50256, 14832, 8255, 25, 383, 5686, 86, 1040, 14740, 28594, 35932, 11, 475, 262, 19812, 9640, 318, 21254, 85, 1939, 278, 290, 46657, 11234, 13134, 13, 6602, 11352, 3681, 25]",30,30,True,Spielberg is the rare director who does not want to invite viewers to gawk at or applaud his special effects.,"The Irwins emerge unscathed, but the fictional footage is unconvincing and criminally badly acted.",tigges,True
sst_tigges_pythia_correct_test,233,sst-8826,sst-337,0,1,"Review Text: The Irwins emerge unscathed, but the fictional footage is unconvincing and criminally badly acted. Review Sentiment:",Review Text: Spielberg is the rare director who does not want to invite viewers to gawk at or applaud his special effects. Review Sentiment:,"'Review Text: The Irwins emerge unscathed, but the fictional footage is unconvincing and criminally badly acted. Review Sentiment:'",'Review Text: Spielberg is the rare director who does not want to invite viewers to gawk at or applaud his special effects. Review Sentiment:',52657669657720546578743a2054686520497277696e7320656d6572676520756e736361746865642c20627574207468652066696374696f6e616c20666f6f7461676520697320756e636f6e76696e63696e6720616e64206372696d696e616c6c79206261646c792061637465642e205265766965772053656e74696d656e743a,52657669657720546578743a20537069656c62657267206973207468652072617265206469726563746f722077686f20646f6573206e6f742077616e7420746f20696e76697465207669657765727320746f206761776b206174206f72206170706c61756420686973207370656369616c20656666656374732e205265766965772053656e74696d656e743a,8911529d2bd6d3d92dc05b28b91c39e8a8daf9fdc051b504fdc85933e85a2848,7c433f7dffaab964407e64e4f20ed61c27ede69efa8f5f017656d0b5ea457656,"[50256, 14832, 8255, 25, 383, 5686, 86, 1040, 14740, 28594, 35932, 11, 475, 262, 19812, 9640, 318, 21254, 85, 1939, 278, 290, 46657, 11234, 13134, 13, 6602, 11352, 3681, 25]","[50256, 14832, 8255, 25, 41151, 318, 262, 4071, 3437, 508, 857, 407, 765, 284, 14037, 10209, 284, 308, 19301, 379, 393, 22517, 465, 2041, 3048, 13, 6602, 11352, 3681, 25]",30,30,True,"The Irwins emerge unscathed, but the fictional footage is unconvincing and criminally badly acted.",Spielberg is the rare director who does not want to invite viewers to gawk at or applaud his special effects.,tigges,True
sst_tigges_pythia_correct_test,234,sst-286,sst-8681,1,0,"Review Text: An impressive debut for first-time writer-director Mark Romanek, especially considering his background is in music video. Review Sentiment:","Review Text: It's badly acted, blandly directed, and could have been scripted by someone who just graduated from elementary school. Review Sentiment:","'Review Text: An impressive debut for first-time writer-director Mark Romanek, especially considering his background is in music video. Review Sentiment:'","""Review Text: It's badly acted, blandly directed, and could have been scripted by someone who just graduated from elementary school. Review Sentiment:""",52657669657720546578743a20416e20696d707265737369766520646562757420666f722066697273742d74696d65207772697465722d6469726563746f72204d61726b20526f6d616e656b2c20657370656369616c6c7920636f6e7369646572696e6720686973206261636b67726f756e6420697320696e206d7573696320766964656f2e205265766965772053656e74696d656e743a,52657669657720546578743a2049742773206261646c792061637465642c20626c616e646c792064697265637465642c20616e6420636f756c642068617665206265656e20736372697074656420627920736f6d656f6e652077686f206a757374206772616475617465642066726f6d20656c656d656e74617279207363686f6f6c2e205265766965772053656e74696d656e743a,5ad4bd27f6287356c16244cefe5a9b6d175e161a8ac91dbee284b1e54f43c924,d9aa3044431f22f53d8e809e45f1f2196ec96b5fbda2bc6f7117075b1b8f9386,"[50256, 14832, 8255, 25, 1052, 8036, 8886, 329, 717, 12, 2435, 6260, 12, 35248, 2940, 7993, 988, 11, 2592, 6402, 465, 4469, 318, 287, 2647, 2008, 13, 6602, 11352, 3681, 25]","[50256, 14832, 8255, 25, 632, 338, 11234, 13134, 11, 34377, 306, 7924, 11, 290, 714, 423, 587, 37341, 416, 2130, 508, 655, 18303, 422, 19823, 1524, 13, 6602, 11352, 3681, 25]",31,31,True,"An impressive debut for first-time writer-director Mark Romanek, especially considering his background is in music video.","It's badly acted, blandly directed, and could have been scripted by someone who just graduated from elementary school.",tigges,True
sst_tigges_pythia_correct_test,235,sst-8681,sst-286,0,1,"Review Text: It's badly acted, blandly directed, and could have been scripted by someone who just graduated from elementary school. Review Sentiment:","Review Text: An impressive debut for first-time writer-director Mark Romanek, especially considering his background is in music video. Review Sentiment:","""Review Text: It's badly acted, blandly directed, and could have been scripted by someone who just graduated from elementary school. Review Sentiment:""","'Review Text: An impressive debut for first-time writer-director Mark Romanek, especially considering his background is in music video. Review Sentiment:'",52657669657720546578743a2049742773206261646c792061637465642c20626c616e646c792064697265637465642c20616e6420636f756c642068617665206265656e20736372697074656420627920736f6d656f6e652077686f206a757374206772616475617465642066726f6d20656c656d656e74617279207363686f6f6c2e205265766965772053656e74696d656e743a,52657669657720546578743a20416e20696d707265737369766520646562757420666f722066697273742d74696d65207772697465722d6469726563746f72204d61726b20526f6d616e656b2c20657370656369616c6c7920636f6e7369646572696e6720686973206261636b67726f756e6420697320696e206d7573696320766964656f2e205265766965772053656e74696d656e743a,d9aa3044431f22f53d8e809e45f1f2196ec96b5fbda2bc6f7117075b1b8f9386,5ad4bd27f6287356c16244cefe5a9b6d175e161a8ac91dbee284b1e54f43c924,"[50256, 14832, 8255, 25, 632, 338, 11234, 13134, 11, 34377, 306, 7924, 11, 290, 714, 423, 587, 37341, 416, 2130, 508, 655, 18303, 422, 19823, 1524, 13, 6602, 11352, 3681, 25]","[50256, 14832, 8255, 25, 1052, 8036, 8886, 329, 717, 12, 2435, 6260, 12, 35248, 2940, 7993, 988, 11, 2592, 6402, 465, 4469, 318, 287, 2647, 2008, 13, 6602, 11352, 3681, 25]",31,31,True,"It's badly acted, blandly directed, and could have been scripted by someone who just graduated from elementary school.","An impressive debut for first-time writer-director Mark Romanek, especially considering his background is in music video.",tigges,True
sst_tigges_pythia_correct_test,236,sst-379,sst-8906,1,0,Review Text: ... a poignant and powerful narrative that reveals that reading writing and arithmetic are not the only subjects to learn in life. Review Sentiment:,Review Text: What could have been a neat little story about believing in yourself is swamped by heavy-handed melodrama. Review Sentiment:,'Review Text: ... a poignant and powerful narrative that reveals that reading writing and arithmetic are not the only subjects to learn in life. Review Sentiment:','Review Text: What could have been a neat little story about believing in yourself is swamped by heavy-handed melodrama. Review Sentiment:',52657669657720546578743a202e2e2e206120706f69676e616e7420616e6420706f77657266756c206e617272617469766520746861742072657665616c7320746861742072656164696e672077726974696e6720616e642061726974686d6574696320617265206e6f7420746865206f6e6c79207375626a6563747320746f206c6561726e20696e206c6966652e205265766965772053656e74696d656e743a,52657669657720546578743a205768617420636f756c642068617665206265656e2061206e656174206c6974746c652073746f72792061626f75742062656c696576696e6720696e20796f757273656c66206973207377616d7065642062792068656176792d68616e646564206d656c6f6472616d612e205265766965772053656e74696d656e743a,c70642156015d0fc132ebb91ae7617386f47d0013cf3671f78a82dee585786f8,84d4da57ad32e70459352da5c8d06108a59fdceb7a8ea209c3ebe7e020d63938,"[50256, 14832, 8255, 25, 2644, 257, 45516, 290, 3665, 8689, 326, 10069, 326, 3555, 3597, 290, 34768, 389, 407, 262, 691, 7481, 284, 2193, 287, 1204, 13, 6602, 11352, 3681, 25]","[50256, 14832, 8255, 25, 1867, 714, 423, 587, 257, 15049, 1310, 1621, 546, 14773, 287, 3511, 318, 1509, 13322, 416, 4334, 12, 13638, 7758, 375, 20058, 13, 6602, 11352, 3681, 25]",31,31,True,... a poignant and powerful narrative that reveals that reading writing and arithmetic are not the only subjects to learn in life.,What could have been a neat little story about believing in yourself is swamped by heavy-handed melodrama.,tigges,True
sst_tigges_pythia_correct_test,237,sst-8906,sst-379,0,1,Review Text: What could have been a neat little story about believing in yourself is swamped by heavy-handed melodrama. Review Sentiment:,Review Text: ... a poignant and powerful narrative that reveals that reading writing and arithmetic are not the only subjects to learn in life. Review Sentiment:,'Review Text: What could have been a neat little story about believing in yourself is swamped by heavy-handed melodrama. Review Sentiment:','Review Text: ... a poignant and powerful narrative that reveals that reading writing and arithmetic are not the only subjects to learn in life. Review Sentiment:',52657669657720546578743a205768617420636f756c642068617665206265656e2061206e656174206c6974746c652073746f72792061626f75742062656c696576696e6720696e20796f757273656c66206973207377616d7065642062792068656176792d68616e646564206d656c6f6472616d612e205265766965772053656e74696d656e743a,52657669657720546578743a202e2e2e206120706f69676e616e7420616e6420706f77657266756c206e617272617469766520746861742072657665616c7320746861742072656164696e672077726974696e6720616e642061726974686d6574696320617265206e6f7420746865206f6e6c79207375626a6563747320746f206c6561726e20696e206c6966652e205265766965772053656e74696d656e743a,84d4da57ad32e70459352da5c8d06108a59fdceb7a8ea209c3ebe7e020d63938,c70642156015d0fc132ebb91ae7617386f47d0013cf3671f78a82dee585786f8,"[50256, 14832, 8255, 25, 1867, 714, 423, 587, 257, 15049, 1310, 1621, 546, 14773, 287, 3511, 318, 1509, 13322, 416, 4334, 12, 13638, 7758, 375, 20058, 13, 6602, 11352, 3681, 25]","[50256, 14832, 8255, 25, 2644, 257, 45516, 290, 3665, 8689, 326, 10069, 326, 3555, 3597, 290, 34768, 389, 407, 262, 691, 7481, 284, 2193, 287, 1204, 13, 6602, 11352, 3681, 25]",31,31,True,What could have been a neat little story about believing in yourself is swamped by heavy-handed melodrama.,... a poignant and powerful narrative that reveals that reading writing and arithmetic are not the only subjects to learn in life.,tigges,True
sst_tigges_pythia_correct_test,238,sst-554,sst-8878,1,0,"Review Text: Sure, it's more of the same, but as the film proves, that's not always a bad thing. Review Sentiment:","Review Text: For a film about two mismatched buddies, Crystal and De Niro share little screen time and even less chemistry. Review Sentiment:","""Review Text: Sure, it's more of the same, but as the film proves, that's not always a bad thing. Review Sentiment:""","'Review Text: For a film about two mismatched buddies, Crystal and De Niro share little screen time and even less chemistry. Review Sentiment:'",52657669657720546578743a20537572652c2069742773206d6f7265206f66207468652073616d652c20627574206173207468652066696c6d2070726f7665732c20746861742773206e6f7420616c77617973206120626164207468696e672e205265766965772053656e74696d656e743a,52657669657720546578743a20466f7220612066696c6d2061626f75742074776f206d69736d61746368656420627564646965732c204372797374616c20616e64204465204e69726f207368617265206c6974746c652073637265656e2074696d6520616e64206576656e206c657373206368656d69737472792e205265766965772053656e74696d656e743a,dcdccdcfe5342e899a0dfc9a3f2a424a9577067e5dc76aec0cdb1a952c31ae01,b335d69c822c6a72bc1e17fce6e555333e798b90c627682569cf1322a5c1b7d4,"[50256, 14832, 8255, 25, 10889, 11, 340, 338, 517, 286, 262, 976, 11, 475, 355, 262, 2646, 17021, 11, 326, 338, 407, 1464, 257, 2089, 1517, 13, 6602, 11352, 3681, 25]","[50256, 14832, 8255, 25, 1114, 257, 2646, 546, 734, 32691, 14265, 35548, 11, 12969, 290, 1024, 399, 7058, 2648, 1310, 3159, 640, 290, 772, 1342, 16585, 13, 6602, 11352, 3681, 25]",31,31,True,"Sure, it's more of the same, but as the film proves, that's not always a bad thing.","For a film about two mismatched buddies, Crystal and De Niro share little screen time and even less chemistry.",tigges,True
sst_tigges_pythia_correct_test,239,sst-8878,sst-554,0,1,"Review Text: For a film about two mismatched buddies, Crystal and De Niro share little screen time and even less chemistry. Review Sentiment:","Review Text: Sure, it's more of the same, but as the film proves, that's not always a bad thing. Review Sentiment:","'Review Text: For a film about two mismatched buddies, Crystal and De Niro share little screen time and even less chemistry. Review Sentiment:'","""Review Text: Sure, it's more of the same, but as the film proves, that's not always a bad thing. Review Sentiment:""",52657669657720546578743a20466f7220612066696c6d2061626f75742074776f206d69736d61746368656420627564646965732c204372797374616c20616e64204465204e69726f207368617265206c6974746c652073637265656e2074696d6520616e64206576656e206c657373206368656d69737472792e205265766965772053656e74696d656e743a,52657669657720546578743a20537572652c2069742773206d6f7265206f66207468652073616d652c20627574206173207468652066696c6d2070726f7665732c20746861742773206e6f7420616c77617973206120626164207468696e672e205265766965772053656e74696d656e743a,b335d69c822c6a72bc1e17fce6e555333e798b90c627682569cf1322a5c1b7d4,dcdccdcfe5342e899a0dfc9a3f2a424a9577067e5dc76aec0cdb1a952c31ae01,"[50256, 14832, 8255, 25, 1114, 257, 2646, 546, 734, 32691, 14265, 35548, 11, 12969, 290, 1024, 399, 7058, 2648, 1310, 3159, 640, 290, 772, 1342, 16585, 13, 6602, 11352, 3681, 25]","[50256, 14832, 8255, 25, 10889, 11, 340, 338, 517, 286, 262, 976, 11, 475, 355, 262, 2646, 17021, 11, 326, 338, 407, 1464, 257, 2089, 1517, 13, 6602, 11352, 3681, 25]",31,31,True,"For a film about two mismatched buddies, Crystal and De Niro share little screen time and even less chemistry.","Sure, it's more of the same, but as the film proves, that's not always a bad thing.",tigges,True
sst_tigges_pythia_correct_test,240,sst-1019,sst-8925,1,0,"Review Text: This ecologically minded, wildlife friendly film teaches good ethics while entertaining with its unconventionally wacky but loving family Review Sentiment:","Review Text: I Spy is an embarrassment, a monotonous, disjointed jumble of borrowed plot points and situations. Review Sentiment:","'Review Text: This ecologically minded, wildlife friendly film teaches good ethics while entertaining with its unconventionally wacky but loving family Review Sentiment:'","'Review Text: I Spy is an embarrassment, a monotonous, disjointed jumble of borrowed plot points and situations. Review Sentiment:'",52657669657720546578743a20546869732065636f6c6f676963616c6c79206d696e6465642c2077696c646c69666520667269656e646c792066696c6d207465616368657320676f6f6420657468696373207768696c6520656e7465727461696e696e6720776974682069747320756e636f6e76656e74696f6e616c6c79207761636b7920627574206c6f76696e672066616d696c79205265766965772053656e74696d656e743a,52657669657720546578743a20492053707920697320616e20656d626172726173736d656e742c2061206d6f6e6f746f6e6f75732c206469736a6f696e746564206a756d626c65206f6620626f72726f77656420706c6f7420706f696e747320616e6420736974756174696f6e732e205265766965772053656e74696d656e743a,72d59cab758c15feed7c6dde8c93cce684a7fb1bd4bcbe08c47c2ab7a700c788,6c662870240433906d909f720441ba3895c88d0b5e0d14b25445ff6614d59c30,"[50256, 14832, 8255, 25, 770, 9940, 13437, 35661, 11, 15599, 8030, 2646, 17324, 922, 14458, 981, 17774, 351, 663, 21254, 4018, 453, 266, 36053, 475, 14442, 1641, 6602, 11352, 3681, 25]","[50256, 14832, 8255, 25, 314, 23688, 318, 281, 24655, 11, 257, 937, 18970, 516, 11, 595, 73, 20909, 474, 10344, 286, 22546, 7110, 2173, 290, 7445, 13, 6602, 11352, 3681, 25]",31,31,True,"This ecologically minded, wildlife friendly film teaches good ethics while entertaining with its unconventionally wacky but loving family","I Spy is an embarrassment, a monotonous, disjointed jumble of borrowed plot points and situations.",tigges,True
sst_tigges_pythia_correct_test,241,sst-8925,sst-1019,0,1,"Review Text: I Spy is an embarrassment, a monotonous, disjointed jumble of borrowed plot points and situations. Review Sentiment:","Review Text: This ecologically minded, wildlife friendly film teaches good ethics while entertaining with its unconventionally wacky but loving family Review Sentiment:","'Review Text: I Spy is an embarrassment, a monotonous, disjointed jumble of borrowed plot points and situations. Review Sentiment:'","'Review Text: This ecologically minded, wildlife friendly film teaches good ethics while entertaining with its unconventionally wacky but loving family Review Sentiment:'",52657669657720546578743a20492053707920697320616e20656d626172726173736d656e742c2061206d6f6e6f746f6e6f75732c206469736a6f696e746564206a756d626c65206f6620626f72726f77656420706c6f7420706f696e747320616e6420736974756174696f6e732e205265766965772053656e74696d656e743a,52657669657720546578743a20546869732065636f6c6f676963616c6c79206d696e6465642c2077696c646c69666520667269656e646c792066696c6d207465616368657320676f6f6420657468696373207768696c6520656e7465727461696e696e6720776974682069747320756e636f6e76656e74696f6e616c6c79207761636b7920627574206c6f76696e672066616d696c79205265766965772053656e74696d656e743a,6c662870240433906d909f720441ba3895c88d0b5e0d14b25445ff6614d59c30,72d59cab758c15feed7c6dde8c93cce684a7fb1bd4bcbe08c47c2ab7a700c788,"[50256, 14832, 8255, 25, 314, 23688, 318, 281, 24655, 11, 257, 937, 18970, 516, 11, 595, 73, 20909, 474, 10344, 286, 22546, 7110, 2173, 290, 7445, 13, 6602, 11352, 3681, 25]","[50256, 14832, 8255, 25, 770, 9940, 13437, 35661, 11, 15599, 8030, 2646, 17324, 922, 14458, 981, 17774, 351, 663, 21254, 4018, 453, 266, 36053, 475, 14442, 1641, 6602, 11352, 3681, 25]",31,31,True,"I Spy is an embarrassment, a monotonous, disjointed jumble of borrowed plot points and situations.","This ecologically minded, wildlife friendly film teaches good ethics while entertaining with its unconventionally wacky but loving family",tigges,True
sst_tigges_pythia_correct_test,242,sst-466,sst-8821,1,0,Review Text: There are just enough twists in the tale to make it far more satisfying than almost any horror film in recent memory. Review Sentiment:,Review Text: National Lampoon's Van Wilder could be the worst thing to come out of National Lampoon since Class Reunion Review Sentiment:,'Review Text: There are just enough twists in the tale to make it far more satisfying than almost any horror film in recent memory. Review Sentiment:',"""Review Text: National Lampoon's Van Wilder could be the worst thing to come out of National Lampoon since Class Reunion Review Sentiment:""",52657669657720546578743a20546865726520617265206a75737420656e6f7567682074776973747320696e207468652074616c6520746f206d616b6520697420666172206d6f72652073617469736679696e67207468616e20616c6d6f737420616e7920686f72726f722066696c6d20696e20726563656e74206d656d6f72792e205265766965772053656e74696d656e743a,52657669657720546578743a204e6174696f6e616c204c616d706f6f6e27732056616e2057696c64657220636f756c642062652074686520776f727374207468696e6720746f20636f6d65206f7574206f66204e6174696f6e616c204c616d706f6f6e2073696e636520436c617373205265756e696f6e205265766965772053656e74696d656e743a,cca2778b2f0008984c8fc474b3897cfd8fad20009ade7e1ef71ffd2198780689,c581fc57c017497dfe1bc755b25f911924a1e696d09497f6cc11ee9e998ab9ad,"[50256, 14832, 8255, 25, 1318, 389, 655, 1576, 30953, 287, 262, 12838, 284, 787, 340, 1290, 517, 19201, 621, 2048, 597, 9961, 2646, 287, 2274, 4088, 13, 6602, 11352, 3681, 25]","[50256, 14832, 8255, 25, 2351, 28607, 2049, 338, 6656, 6183, 263, 714, 307, 262, 5290, 1517, 284, 1282, 503, 286, 2351, 28607, 2049, 1201, 5016, 797, 24592, 6602, 11352, 3681, 25]",31,31,True,There are just enough twists in the tale to make it far more satisfying than almost any horror film in recent memory.,National Lampoon's Van Wilder could be the worst thing to come out of National Lampoon since Class Reunion,tigges,True
sst_tigges_pythia_correct_test,243,sst-8821,sst-466,0,1,Review Text: National Lampoon's Van Wilder could be the worst thing to come out of National Lampoon since Class Reunion Review Sentiment:,Review Text: There are just enough twists in the tale to make it far more satisfying than almost any horror film in recent memory. Review Sentiment:,"""Review Text: National Lampoon's Van Wilder could be the worst thing to come out of National Lampoon since Class Reunion Review Sentiment:""",'Review Text: There are just enough twists in the tale to make it far more satisfying than almost any horror film in recent memory. Review Sentiment:',52657669657720546578743a204e6174696f6e616c204c616d706f6f6e27732056616e2057696c64657220636f756c642062652074686520776f727374207468696e6720746f20636f6d65206f7574206f66204e6174696f6e616c204c616d706f6f6e2073696e636520436c617373205265756e696f6e205265766965772053656e74696d656e743a,52657669657720546578743a20546865726520617265206a75737420656e6f7567682074776973747320696e207468652074616c6520746f206d616b6520697420666172206d6f72652073617469736679696e67207468616e20616c6d6f737420616e7920686f72726f722066696c6d20696e20726563656e74206d656d6f72792e205265766965772053656e74696d656e743a,c581fc57c017497dfe1bc755b25f911924a1e696d09497f6cc11ee9e998ab9ad,cca2778b2f0008984c8fc474b3897cfd8fad20009ade7e1ef71ffd2198780689,"[50256, 14832, 8255, 25, 2351, 28607, 2049, 338, 6656, 6183, 263, 714, 307, 262, 5290, 1517, 284, 1282, 503, 286, 2351, 28607, 2049, 1201, 5016, 797, 24592, 6602, 11352, 3681, 25]","[50256, 14832, 8255, 25, 1318, 389, 655, 1576, 30953, 287, 262, 12838, 284, 787, 340, 1290, 517, 19201, 621, 2048, 597, 9961, 2646, 287, 2274, 4088, 13, 6602, 11352, 3681, 25]",31,31,True,National Lampoon's Van Wilder could be the worst thing to come out of National Lampoon since Class Reunion,There are just enough twists in the tale to make it far more satisfying than almost any horror film in recent memory.,tigges,True
sst_tigges_pythia_correct_test,244,sst-871,sst-8776,1,0,"Review Text: A real story about real people living their lives concerned about the future of an elderly, mentally handicapped family member. Review Sentiment:","Review Text: This may be the dumbest, sketchiest movie on record about an aspiring writer's coming-of-age. Review Sentiment:","'Review Text: A real story about real people living their lives concerned about the future of an elderly, mentally handicapped family member. Review Sentiment:'","""Review Text: This may be the dumbest, sketchiest movie on record about an aspiring writer's coming-of-age. Review Sentiment:""",52657669657720546578743a2041207265616c2073746f72792061626f7574207265616c2070656f706c65206c6976696e67207468656972206c6976657320636f6e6365726e65642061626f75742074686520667574757265206f6620616e20656c6465726c792c206d656e74616c6c792068616e64696361707065642066616d696c79206d656d6265722e205265766965772053656e74696d656e743a,52657669657720546578743a2054686973206d6179206265207468652064756d626573742c20736b6574636869657374206d6f766965206f6e207265636f72642061626f757420616e206173706972696e6720777269746572277320636f6d696e672d6f662d6167652e205265766965772053656e74696d656e743a,81a2f22a8adbdf02e9fe46b51f61c88133980f568ba7131094da1f3e4663bf90,e4c6b396511fd49bc5d48bbf991fe311979da803b4465e5480ab1110d7c7e886,"[50256, 14832, 8255, 25, 317, 1103, 1621, 546, 1103, 661, 2877, 511, 3160, 5213, 546, 262, 2003, 286, 281, 13830, 11, 14946, 29103, 6320, 1641, 2888, 13, 6602, 11352, 3681, 25]","[50256, 14832, 8255, 25, 770, 743, 307, 262, 13526, 395, 11, 17548, 6386, 3807, 319, 1700, 546, 281, 31483, 6260, 338, 2406, 12, 1659, 12, 496, 13, 6602, 11352, 3681, 25]",31,31,True,"A real story about real people living their lives concerned about the future of an elderly, mentally handicapped family member.","This may be the dumbest, sketchiest movie on record about an aspiring writer's coming-of-age.",tigges,True
sst_tigges_pythia_correct_test,245,sst-8776,sst-871,0,1,"Review Text: This may be the dumbest, sketchiest movie on record about an aspiring writer's coming-of-age. Review Sentiment:","Review Text: A real story about real people living their lives concerned about the future of an elderly, mentally handicapped family member. Review Sentiment:","""Review Text: This may be the dumbest, sketchiest movie on record about an aspiring writer's coming-of-age. Review Sentiment:""","'Review Text: A real story about real people living their lives concerned about the future of an elderly, mentally handicapped family member. Review Sentiment:'",52657669657720546578743a2054686973206d6179206265207468652064756d626573742c20736b6574636869657374206d6f766965206f6e207265636f72642061626f757420616e206173706972696e6720777269746572277320636f6d696e672d6f662d6167652e205265766965772053656e74696d656e743a,52657669657720546578743a2041207265616c2073746f72792061626f7574207265616c2070656f706c65206c6976696e67207468656972206c6976657320636f6e6365726e65642061626f75742074686520667574757265206f6620616e20656c6465726c792c206d656e74616c6c792068616e64696361707065642066616d696c79206d656d6265722e205265766965772053656e74696d656e743a,e4c6b396511fd49bc5d48bbf991fe311979da803b4465e5480ab1110d7c7e886,81a2f22a8adbdf02e9fe46b51f61c88133980f568ba7131094da1f3e4663bf90,"[50256, 14832, 8255, 25, 770, 743, 307, 262, 13526, 395, 11, 17548, 6386, 3807, 319, 1700, 546, 281, 31483, 6260, 338, 2406, 12, 1659, 12, 496, 13, 6602, 11352, 3681, 25]","[50256, 14832, 8255, 25, 317, 1103, 1621, 546, 1103, 661, 2877, 511, 3160, 5213, 546, 262, 2003, 286, 281, 13830, 11, 14946, 29103, 6320, 1641, 2888, 13, 6602, 11352, 3681, 25]",31,31,True,"This may be the dumbest, sketchiest movie on record about an aspiring writer's coming-of-age.","A real story about real people living their lives concerned about the future of an elderly, mentally handicapped family member.",tigges,True
sst_tigges_pythia_correct_test,246,sst-671,sst-8254,1,0,Review Text: Claude Miller airs out a tight plot with an easy pace and a focus on character drama over crime-film complications. Review Sentiment:,"Review Text: Why he was given free reign over this project--he wrote, directed, starred and produced--is beyond me. Review Sentiment:",'Review Text: Claude Miller airs out a tight plot with an easy pace and a focus on character drama over crime-film complications. Review Sentiment:',"'Review Text: Why he was given free reign over this project--he wrote, directed, starred and produced--is beyond me. Review Sentiment:'",52657669657720546578743a20436c61756465204d696c6c65722061697273206f7574206120746967687420706c6f74207769746820616e2065617379207061636520616e64206120666f637573206f6e20636861726163746572206472616d61206f766572206372696d652d66696c6d20636f6d706c69636174696f6e732e205265766965772053656e74696d656e743a,52657669657720546578743a205768792068652077617320676976656e206672656520726569676e206f76657220746869732070726f6a6563742d2d68652077726f74652c2064697265637465642c207374617272656420616e642070726f64756365642d2d6973206265796f6e64206d652e205265766965772053656e74696d656e743a,3186c2120cc25a24a0a903a3dd55217642a8bb14cc304cd3fe480cf4ead6663d,bccefa23630041cd3705ec1e854c5461c9841470bb530c5619394bb9ccf75987,"[50256, 14832, 8255, 25, 40559, 7920, 37112, 503, 257, 5381, 7110, 351, 281, 2562, 8761, 290, 257, 2962, 319, 2095, 10512, 625, 4065, 12, 26240, 19481, 13, 6602, 11352, 3681, 25]","[50256, 14832, 8255, 25, 4162, 339, 373, 1813, 1479, 13580, 625, 428, 1628, 438, 258, 2630, 11, 7924, 11, 31636, 290, 4635, 438, 271, 3675, 502, 13, 6602, 11352, 3681, 25]",31,31,True,Claude Miller airs out a tight plot with an easy pace and a focus on character drama over crime-film complications.,"Why he was given free reign over this project--he wrote, directed, starred and produced--is beyond me.",tigges,True
sst_tigges_pythia_correct_test,247,sst-8254,sst-671,0,1,"Review Text: Why he was given free reign over this project--he wrote, directed, starred and produced--is beyond me. Review Sentiment:",Review Text: Claude Miller airs out a tight plot with an easy pace and a focus on character drama over crime-film complications. Review Sentiment:,"'Review Text: Why he was given free reign over this project--he wrote, directed, starred and produced--is beyond me. Review Sentiment:'",'Review Text: Claude Miller airs out a tight plot with an easy pace and a focus on character drama over crime-film complications. Review Sentiment:',52657669657720546578743a205768792068652077617320676976656e206672656520726569676e206f76657220746869732070726f6a6563742d2d68652077726f74652c2064697265637465642c207374617272656420616e642070726f64756365642d2d6973206265796f6e64206d652e205265766965772053656e74696d656e743a,52657669657720546578743a20436c61756465204d696c6c65722061697273206f7574206120746967687420706c6f74207769746820616e2065617379207061636520616e64206120666f637573206f6e20636861726163746572206472616d61206f766572206372696d652d66696c6d20636f6d706c69636174696f6e732e205265766965772053656e74696d656e743a,bccefa23630041cd3705ec1e854c5461c9841470bb530c5619394bb9ccf75987,3186c2120cc25a24a0a903a3dd55217642a8bb14cc304cd3fe480cf4ead6663d,"[50256, 14832, 8255, 25, 4162, 339, 373, 1813, 1479, 13580, 625, 428, 1628, 438, 258, 2630, 11, 7924, 11, 31636, 290, 4635, 438, 271, 3675, 502, 13, 6602, 11352, 3681, 25]","[50256, 14832, 8255, 25, 40559, 7920, 37112, 503, 257, 5381, 7110, 351, 281, 2562, 8761, 290, 257, 2962, 319, 2095, 10512, 625, 4065, 12, 26240, 19481, 13, 6602, 11352, 3681, 25]",31,31,True,"Why he was given free reign over this project--he wrote, directed, starred and produced--is beyond me.",Claude Miller airs out a tight plot with an easy pace and a focus on character drama over crime-film complications.,tigges,True
sst_tigges_pythia_correct_test,248,sst-752,sst-8561,1,0,"Review Text: You can feel the heat that ignites this gripping tale, and the humor and humanity that root it in feeling. Review Sentiment:","Review Text: Rambles on in a disjointed, substandard fashion from one poorly executed action sequence to the next. Review Sentiment:","'Review Text: You can feel the heat that ignites this gripping tale, and the humor and humanity that root it in feeling. Review Sentiment:'","'Review Text: Rambles on in a disjointed, substandard fashion from one poorly executed action sequence to the next. Review Sentiment:'",52657669657720546578743a20596f752063616e206665656c20746865206865617420746861742069676e697465732074686973206772697070696e672074616c652c20616e64207468652068756d6f7220616e642068756d616e697479207468617420726f6f7420697420696e206665656c696e672e205265766965772053656e74696d656e743a,52657669657720546578743a2052616d626c6573206f6e20696e2061206469736a6f696e7465642c207375627374616e646172642066617368696f6e2066726f6d206f6e6520706f6f726c7920657865637574656420616374696f6e2073657175656e636520746f20746865206e6578742e205265766965772053656e74696d656e743a,b460fa13b5b78d440146156f2b3a1beb4d93e7223fb12422841f0c369fd54462,839b053e7d7b76374a89982603ff027eb866c0629600e5a0f2ab7d81c005bd8e,"[50256, 14832, 8255, 25, 921, 460, 1254, 262, 4894, 326, 3627, 2737, 428, 39931, 12838, 11, 290, 262, 14733, 290, 9265, 326, 6808, 340, 287, 4203, 13, 6602, 11352, 3681, 25]","[50256, 14832, 8255, 25, 371, 4131, 829, 319, 287, 257, 595, 73, 20909, 11, 850, 20307, 6977, 422, 530, 13455, 10945, 2223, 8379, 284, 262, 1306, 13, 6602, 11352, 3681, 25]",31,31,True,"You can feel the heat that ignites this gripping tale, and the humor and humanity that root it in feeling.","Rambles on in a disjointed, substandard fashion from one poorly executed action sequence to the next.",tigges,True
sst_tigges_pythia_correct_test,249,sst-8561,sst-752,0,1,"Review Text: Rambles on in a disjointed, substandard fashion from one poorly executed action sequence to the next. Review Sentiment:","Review Text: You can feel the heat that ignites this gripping tale, and the humor and humanity that root it in feeling. Review Sentiment:","'Review Text: Rambles on in a disjointed, substandard fashion from one poorly executed action sequence to the next. Review Sentiment:'","'Review Text: You can feel the heat that ignites this gripping tale, and the humor and humanity that root it in feeling. Review Sentiment:'",52657669657720546578743a2052616d626c6573206f6e20696e2061206469736a6f696e7465642c207375627374616e646172642066617368696f6e2066726f6d206f6e6520706f6f726c7920657865637574656420616374696f6e2073657175656e636520746f20746865206e6578742e205265766965772053656e74696d656e743a,52657669657720546578743a20596f752063616e206665656c20746865206865617420746861742069676e697465732074686973206772697070696e672074616c652c20616e64207468652068756d6f7220616e642068756d616e697479207468617420726f6f7420697420696e206665656c696e672e205265766965772053656e74696d656e743a,839b053e7d7b76374a89982603ff027eb866c0629600e5a0f2ab7d81c005bd8e,b460fa13b5b78d440146156f2b3a1beb4d93e7223fb12422841f0c369fd54462,"[50256, 14832, 8255, 25, 371, 4131, 829, 319, 287, 257, 595, 73, 20909, 11, 850, 20307, 6977, 422, 530, 13455, 10945, 2223, 8379, 284, 262, 1306, 13, 6602, 11352, 3681, 25]","[50256, 14832, 8255, 25, 921, 460, 1254, 262, 4894, 326, 3627, 2737, 428, 39931, 12838, 11, 290, 262, 14733, 290, 9265, 326, 6808, 340, 287, 4203, 13, 6602, 11352, 3681, 25]",31,31,True,"Rambles on in a disjointed, substandard fashion from one poorly executed action sequence to the next.","You can feel the heat that ignites this gripping tale, and the humor and humanity that root it in feeling.",tigges,True
sst_tigges_pythia_correct_test,250,sst-624,sst-8645,1,0,"Review Text: ''The Emperor's New Clothes'' begins with a simple plan... Well, at least that's the plan. Review Sentiment:",Review Text: McKay deflates his piece of puffery with a sour cliche and heavy doses of mean-spiritedness Review Sentiment:,"""Review Text: ''The Emperor's New Clothes'' begins with a simple plan... Well, at least that's the plan. Review Sentiment:""",'Review Text: McKay deflates his piece of puffery with a sour cliche and heavy doses of mean-spiritedness Review Sentiment:',52657669657720546578743a20272754686520456d7065726f722773204e657720436c6f74686573272720626567696e73207769746820612073696d706c6520706c616e2e2e2e2057656c6c2c206174206c65617374207468617427732074686520706c616e2e205265766965772053656e74696d656e743a,52657669657720546578743a204d634b6179206465666c6174657320686973207069656365206f6620707566666572792077697468206120736f757220636c6963686520616e6420686561767920646f736573206f66206d65616e2d73706972697465646e657373205265766965772053656e74696d656e743a,43a2d4fde7358f70cf84d3a90c48ad3e0b6abf56220fccdde59c0944707e8930,3ac82c95182536cb4a9243c2a6eadf3570fee07ae697d6593332586a907d2aff,"[50256, 14832, 8255, 25, 10148, 464, 10851, 338, 968, 1012, 31690, 7061, 6140, 351, 257, 2829, 1410, 986, 3894, 11, 379, 1551, 326, 338, 262, 1410, 13, 6602, 11352, 3681, 25]","[50256, 14832, 8255, 25, 37946, 825, 75, 689, 465, 3704, 286, 33679, 1924, 351, 257, 11348, 537, 14234, 290, 4334, 16376, 286, 1612, 12, 45564, 863, 1108, 6602, 11352, 3681, 25]",31,31,True,"''The Emperor's New Clothes'' begins with a simple plan... Well, at least that's the plan.",McKay deflates his piece of puffery with a sour cliche and heavy doses of mean-spiritedness,tigges,True
sst_tigges_pythia_correct_test,251,sst-8645,sst-624,0,1,Review Text: McKay deflates his piece of puffery with a sour cliche and heavy doses of mean-spiritedness Review Sentiment:,"Review Text: ''The Emperor's New Clothes'' begins with a simple plan... Well, at least that's the plan. Review Sentiment:",'Review Text: McKay deflates his piece of puffery with a sour cliche and heavy doses of mean-spiritedness Review Sentiment:',"""Review Text: ''The Emperor's New Clothes'' begins with a simple plan... Well, at least that's the plan. Review Sentiment:""",52657669657720546578743a204d634b6179206465666c6174657320686973207069656365206f6620707566666572792077697468206120736f757220636c6963686520616e6420686561767920646f736573206f66206d65616e2d73706972697465646e657373205265766965772053656e74696d656e743a,52657669657720546578743a20272754686520456d7065726f722773204e657720436c6f74686573272720626567696e73207769746820612073696d706c6520706c616e2e2e2e2057656c6c2c206174206c65617374207468617427732074686520706c616e2e205265766965772053656e74696d656e743a,3ac82c95182536cb4a9243c2a6eadf3570fee07ae697d6593332586a907d2aff,43a2d4fde7358f70cf84d3a90c48ad3e0b6abf56220fccdde59c0944707e8930,"[50256, 14832, 8255, 25, 37946, 825, 75, 689, 465, 3704, 286, 33679, 1924, 351, 257, 11348, 537, 14234, 290, 4334, 16376, 286, 1612, 12, 45564, 863, 1108, 6602, 11352, 3681, 25]","[50256, 14832, 8255, 25, 10148, 464, 10851, 338, 968, 1012, 31690, 7061, 6140, 351, 257, 2829, 1410, 986, 3894, 11, 379, 1551, 326, 338, 262, 1410, 13, 6602, 11352, 3681, 25]",31,31,True,McKay deflates his piece of puffery with a sour cliche and heavy doses of mean-spiritedness,"''The Emperor's New Clothes'' begins with a simple plan... Well, at least that's the plan.",tigges,True
sst_tigges_pythia_correct_test,252,sst-1045,sst-8129,1,0,"Review Text: Cedar takes a very open-minded approach to this sensitive material, showing impressive control, both visually and in the writing. Review Sentiment:",Review Text: No reason for anyone to invest their hard-earned bucks into a movie which obviously didn't invest much into itself either. Review Sentiment:,"'Review Text: Cedar takes a very open-minded approach to this sensitive material, showing impressive control, both visually and in the writing. Review Sentiment:'","""Review Text: No reason for anyone to invest their hard-earned bucks into a movie which obviously didn't invest much into itself either. Review Sentiment:""",52657669657720546578743a2043656461722074616b657320612076657279206f70656e2d6d696e64656420617070726f61636820746f20746869732073656e736974697665206d6174657269616c2c2073686f77696e6720696d707265737369766520636f6e74726f6c2c20626f74682076697375616c6c7920616e6420696e207468652077726974696e672e205265766965772053656e74696d656e743a,52657669657720546578743a204e6f20726561736f6e20666f7220616e796f6e6520746f20696e7665737420746865697220686172642d6561726e6564206275636b7320696e746f2061206d6f766965207768696368206f6276696f75736c79206469646e277420696e76657374206d75636820696e746f20697473656c66206569746865722e205265766965772053656e74696d656e743a,9e2e17d2fbed6ba57ae028296339607591c46ef1716785884accf9194b590391,b508b3694c3b9895a0050d871dab928ce3f666a48243ffe1f2b265242be69dfc,"[50256, 14832, 8255, 25, 36758, 2753, 257, 845, 1280, 12, 14543, 3164, 284, 428, 8564, 2587, 11, 4478, 8036, 1630, 11, 1111, 22632, 290, 287, 262, 3597, 13, 6602, 11352, 3681, 25]","[50256, 14832, 8255, 25, 1400, 1738, 329, 2687, 284, 1325, 511, 1327, 12, 39123, 24780, 656, 257, 3807, 543, 6189, 1422, 470, 1325, 881, 656, 2346, 2035, 13, 6602, 11352, 3681, 25]",32,32,True,"Cedar takes a very open-minded approach to this sensitive material, showing impressive control, both visually and in the writing.",No reason for anyone to invest their hard-earned bucks into a movie which obviously didn't invest much into itself either.,tigges,True
sst_tigges_pythia_correct_test,253,sst-8129,sst-1045,0,1,Review Text: No reason for anyone to invest their hard-earned bucks into a movie which obviously didn't invest much into itself either. Review Sentiment:,"Review Text: Cedar takes a very open-minded approach to this sensitive material, showing impressive control, both visually and in the writing. Review Sentiment:","""Review Text: No reason for anyone to invest their hard-earned bucks into a movie which obviously didn't invest much into itself either. Review Sentiment:""","'Review Text: Cedar takes a very open-minded approach to this sensitive material, showing impressive control, both visually and in the writing. Review Sentiment:'",52657669657720546578743a204e6f20726561736f6e20666f7220616e796f6e6520746f20696e7665737420746865697220686172642d6561726e6564206275636b7320696e746f2061206d6f766965207768696368206f6276696f75736c79206469646e277420696e76657374206d75636820696e746f20697473656c66206569746865722e205265766965772053656e74696d656e743a,52657669657720546578743a2043656461722074616b657320612076657279206f70656e2d6d696e64656420617070726f61636820746f20746869732073656e736974697665206d6174657269616c2c2073686f77696e6720696d707265737369766520636f6e74726f6c2c20626f74682076697375616c6c7920616e6420696e207468652077726974696e672e205265766965772053656e74696d656e743a,b508b3694c3b9895a0050d871dab928ce3f666a48243ffe1f2b265242be69dfc,9e2e17d2fbed6ba57ae028296339607591c46ef1716785884accf9194b590391,"[50256, 14832, 8255, 25, 1400, 1738, 329, 2687, 284, 1325, 511, 1327, 12, 39123, 24780, 656, 257, 3807, 543, 6189, 1422, 470, 1325, 881, 656, 2346, 2035, 13, 6602, 11352, 3681, 25]","[50256, 14832, 8255, 25, 36758, 2753, 257, 845, 1280, 12, 14543, 3164, 284, 428, 8564, 2587, 11, 4478, 8036, 1630, 11, 1111, 22632, 290, 287, 262, 3597, 13, 6602, 11352, 3681, 25]",32,32,True,No reason for anyone to invest their hard-earned bucks into a movie which obviously didn't invest much into itself either.,"Cedar takes a very open-minded approach to this sensitive material, showing impressive control, both visually and in the writing.",tigges,True
sst_tigges_pythia_correct_test,254,sst-1087,sst-7926,1,0,"Review Text: The WWII drama is well plotted, visually striking and filled with enjoyably complex characters who are never what they first appear. Review Sentiment:",Review Text: This charmless nonsense ensues amid clanging film references that make Jay and Silent Bob's Excellent Adventure seem understated. Review Sentiment:,"'Review Text: The WWII drama is well plotted, visually striking and filled with enjoyably complex characters who are never what they first appear. Review Sentiment:'","""Review Text: This charmless nonsense ensues amid clanging film references that make Jay and Silent Bob's Excellent Adventure seem understated. Review Sentiment:""",52657669657720546578743a205468652057574949206472616d612069732077656c6c20706c6f747465642c2076697375616c6c7920737472696b696e6720616e642066696c6c6564207769746820656e6a6f7961626c7920636f6d706c657820636861726163746572732077686f20617265206e6576657220776861742074686579206669727374206170706561722e205265766965772053656e74696d656e743a,52657669657720546578743a205468697320636861726d6c657373206e6f6e73656e736520656e7375657320616d696420636c616e67696e672066696c6d207265666572656e6365732074686174206d616b65204a617920616e642053696c656e7420426f62277320457863656c6c656e7420416476656e74757265207365656d20756e6465727374617465642e205265766965772053656e74696d656e743a,869d2319ede926b7e6b972bec18be6b4e879001e497277bf4bb343a1e4b78efa,e33edd9c583e092b4f0e985755189747adb186b4af6137cb32a97f7f99b5a55d,"[50256, 14832, 8255, 25, 383, 27256, 10512, 318, 880, 37515, 11, 22632, 8871, 290, 5901, 351, 2883, 1346, 3716, 3435, 508, 389, 1239, 644, 484, 717, 1656, 13, 6602, 11352, 3681, 25]","[50256, 14832, 8255, 25, 770, 20024, 1203, 18149, 3140, 947, 10371, 537, 4924, 2646, 10288, 326, 787, 9180, 290, 25083, 5811, 338, 30932, 9553, 1283, 739, 21989, 13, 6602, 11352, 3681, 25]",32,32,True,"The WWII drama is well plotted, visually striking and filled with enjoyably complex characters who are never what they first appear.",This charmless nonsense ensues amid clanging film references that make Jay and Silent Bob's Excellent Adventure seem understated.,tigges,True
sst_tigges_pythia_correct_test,255,sst-7926,sst-1087,0,1,Review Text: This charmless nonsense ensues amid clanging film references that make Jay and Silent Bob's Excellent Adventure seem understated. Review Sentiment:,"Review Text: The WWII drama is well plotted, visually striking and filled with enjoyably complex characters who are never what they first appear. Review Sentiment:","""Review Text: This charmless nonsense ensues amid clanging film references that make Jay and Silent Bob's Excellent Adventure seem understated. Review Sentiment:""","'Review Text: The WWII drama is well plotted, visually striking and filled with enjoyably complex characters who are never what they first appear. Review Sentiment:'",52657669657720546578743a205468697320636861726d6c657373206e6f6e73656e736520656e7375657320616d696420636c616e67696e672066696c6d207265666572656e6365732074686174206d616b65204a617920616e642053696c656e7420426f62277320457863656c6c656e7420416476656e74757265207365656d20756e6465727374617465642e205265766965772053656e74696d656e743a,52657669657720546578743a205468652057574949206472616d612069732077656c6c20706c6f747465642c2076697375616c6c7920737472696b696e6720616e642066696c6c6564207769746820656e6a6f7961626c7920636f6d706c657820636861726163746572732077686f20617265206e6576657220776861742074686579206669727374206170706561722e205265766965772053656e74696d656e743a,e33edd9c583e092b4f0e985755189747adb186b4af6137cb32a97f7f99b5a55d,869d2319ede926b7e6b972bec18be6b4e879001e497277bf4bb343a1e4b78efa,"[50256, 14832, 8255, 25, 770, 20024, 1203, 18149, 3140, 947, 10371, 537, 4924, 2646, 10288, 326, 787, 9180, 290, 25083, 5811, 338, 30932, 9553, 1283, 739, 21989, 13, 6602, 11352, 3681, 25]","[50256, 14832, 8255, 25, 383, 27256, 10512, 318, 880, 37515, 11, 22632, 8871, 290, 5901, 351, 2883, 1346, 3716, 3435, 508, 389, 1239, 644, 484, 717, 1656, 13, 6602, 11352, 3681, 25]",32,32,True,This charmless nonsense ensues amid clanging film references that make Jay and Silent Bob's Excellent Adventure seem understated.,"The WWII drama is well plotted, visually striking and filled with enjoyably complex characters who are never what they first appear.",tigges,True
sst_tigges_pythia_correct_test,256,sst-43,sst-44,1,0,"Review Text: Newton draws our attention like a magnet, and acts circles around her better known co-star, Mark Wahlberg. Review Sentiment:",Review Text: The story loses its bite in a last-minute happy ending that's even less plausible than the rest of the picture. Review Sentiment:,"'Review Text: Newton draws our attention like a magnet, and acts circles around her better known co-star, Mark Wahlberg. Review Sentiment:'","""Review Text: The story loses its bite in a last-minute happy ending that's even less plausible than the rest of the picture. Review Sentiment:""",52657669657720546578743a204e6577746f6e206472617773206f757220617474656e74696f6e206c696b652061206d61676e65742c20616e64206163747320636972636c65732061726f756e642068657220626574746572206b6e6f776e20636f2d737461722c204d61726b205761686c626572672e205265766965772053656e74696d656e743a,52657669657720546578743a205468652073746f7279206c6f73657320697473206269746520696e2061206c6173742d6d696e75746520686170707920656e64696e6720746861742773206576656e206c65737320706c61757369626c65207468616e207468652072657374206f662074686520706963747572652e205265766965772053656e74696d656e743a,c0a42970776bd9b8525fd6247216a2fa09f7ff867e203f4dc56501f8eaa59bf8,ec7cf9e66f776506bf275bba27c8c3d2afaa6541092bc4031da281b84584c1be,"[50256, 14832, 8255, 25, 17321, 14293, 674, 3241, 588, 257, 19972, 11, 290, 6529, 13332, 1088, 607, 1365, 1900, 763, 12, 7364, 11, 2940, 370, 15668, 3900, 13, 6602, 11352, 3681, 25]","[50256, 14832, 8255, 25, 383, 1621, 14754, 663, 13197, 287, 257, 938, 12, 11374, 3772, 7464, 326, 338, 772, 1342, 19756, 621, 262, 1334, 286, 262, 4286, 13, 6602, 11352, 3681, 25]",32,32,True,"Newton draws our attention like a magnet, and acts circles around her better known co-star, Mark Wahlberg.",The story loses its bite in a last-minute happy ending that's even less plausible than the rest of the picture.,tigges,True
sst_tigges_pythia_correct_test,257,sst-44,sst-43,0,1,Review Text: The story loses its bite in a last-minute happy ending that's even less plausible than the rest of the picture. Review Sentiment:,"Review Text: Newton draws our attention like a magnet, and acts circles around her better known co-star, Mark Wahlberg. Review Sentiment:","""Review Text: The story loses its bite in a last-minute happy ending that's even less plausible than the rest of the picture. Review Sentiment:""","'Review Text: Newton draws our attention like a magnet, and acts circles around her better known co-star, Mark Wahlberg. Review Sentiment:'",52657669657720546578743a205468652073746f7279206c6f73657320697473206269746520696e2061206c6173742d6d696e75746520686170707920656e64696e6720746861742773206576656e206c65737320706c61757369626c65207468616e207468652072657374206f662074686520706963747572652e205265766965772053656e74696d656e743a,52657669657720546578743a204e6577746f6e206472617773206f757220617474656e74696f6e206c696b652061206d61676e65742c20616e64206163747320636972636c65732061726f756e642068657220626574746572206b6e6f776e20636f2d737461722c204d61726b205761686c626572672e205265766965772053656e74696d656e743a,ec7cf9e66f776506bf275bba27c8c3d2afaa6541092bc4031da281b84584c1be,c0a42970776bd9b8525fd6247216a2fa09f7ff867e203f4dc56501f8eaa59bf8,"[50256, 14832, 8255, 25, 383, 1621, 14754, 663, 13197, 287, 257, 938, 12, 11374, 3772, 7464, 326, 338, 772, 1342, 19756, 621, 262, 1334, 286, 262, 4286, 13, 6602, 11352, 3681, 25]","[50256, 14832, 8255, 25, 17321, 14293, 674, 3241, 588, 257, 19972, 11, 290, 6529, 13332, 1088, 607, 1365, 1900, 763, 12, 7364, 11, 2940, 370, 15668, 3900, 13, 6602, 11352, 3681, 25]",32,32,True,The story loses its bite in a last-minute happy ending that's even less plausible than the rest of the picture.,"Newton draws our attention like a magnet, and acts circles around her better known co-star, Mark Wahlberg.",tigges,True
sst_tigges_pythia_correct_test,258,sst-641,sst-30,1,0,Review Text: A quietly reflective and melancholy New Zealand film about an eventful summer in a 13-year-old girl's life. Review Sentiment:,"Review Text: However, it lacks grandeur and that epic quality often associated with Stevenson's tale as well as with earlier Disney efforts. Review Sentiment:","""Review Text: A quietly reflective and melancholy New Zealand film about an eventful summer in a 13-year-old girl's life. Review Sentiment:""","""Review Text: However, it lacks grandeur and that epic quality often associated with Stevenson's tale as well as with earlier Disney efforts. Review Sentiment:""",52657669657720546578743a20412071756965746c79207265666c65637469766520616e64206d656c616e63686f6c79204e6577205a65616c616e642066696c6d2061626f757420616e206576656e7466756c2073756d6d657220696e20612031332d796561722d6f6c64206769726c2773206c6966652e205265766965772053656e74696d656e743a,52657669657720546578743a20486f77657665722c206974206c61636b73206772616e6465757220616e6420746861742065706963207175616c697479206f6674656e206173736f63696174656420776974682053746576656e736f6e27732074616c652061732077656c6c2061732077697468206561726c696572204469736e6579206566666f7274732e205265766965772053656e74696d656e743a,88431a44e2aaab3958d1bb2e983141fceeb08799e6b8ae5eafa936f77fc6a8f4,e4cf6af10bd29bf01a977ef651ff9e1434526181ad88a253ec666790646ccd05,"[50256, 14832, 8255, 25, 317, 12703, 28962, 290, 47886, 968, 8936, 2646, 546, 281, 1785, 913, 3931, 287, 257, 1511, 12, 1941, 12, 727, 2576, 338, 1204, 13, 6602, 11352, 3681, 25]","[50256, 14832, 8255, 25, 2102, 11, 340, 16523, 4490, 23365, 290, 326, 12191, 3081, 1690, 3917, 351, 38681, 338, 12838, 355, 880, 355, 351, 2961, 8519, 4040, 13, 6602, 11352, 3681, 25]",32,32,True,A quietly reflective and melancholy New Zealand film about an eventful summer in a 13-year-old girl's life.,"However, it lacks grandeur and that epic quality often associated with Stevenson's tale as well as with earlier Disney efforts.",tigges,True
sst_tigges_pythia_correct_test,259,sst-30,sst-641,0,1,"Review Text: However, it lacks grandeur and that epic quality often associated with Stevenson's tale as well as with earlier Disney efforts. Review Sentiment:",Review Text: A quietly reflective and melancholy New Zealand film about an eventful summer in a 13-year-old girl's life. Review Sentiment:,"""Review Text: However, it lacks grandeur and that epic quality often associated with Stevenson's tale as well as with earlier Disney efforts. Review Sentiment:""","""Review Text: A quietly reflective and melancholy New Zealand film about an eventful summer in a 13-year-old girl's life. Review Sentiment:""",52657669657720546578743a20486f77657665722c206974206c61636b73206772616e6465757220616e6420746861742065706963207175616c697479206f6674656e206173736f63696174656420776974682053746576656e736f6e27732074616c652061732077656c6c2061732077697468206561726c696572204469736e6579206566666f7274732e205265766965772053656e74696d656e743a,52657669657720546578743a20412071756965746c79207265666c65637469766520616e64206d656c616e63686f6c79204e6577205a65616c616e642066696c6d2061626f757420616e206576656e7466756c2073756d6d657220696e20612031332d796561722d6f6c64206769726c2773206c6966652e205265766965772053656e74696d656e743a,e4cf6af10bd29bf01a977ef651ff9e1434526181ad88a253ec666790646ccd05,88431a44e2aaab3958d1bb2e983141fceeb08799e6b8ae5eafa936f77fc6a8f4,"[50256, 14832, 8255, 25, 2102, 11, 340, 16523, 4490, 23365, 290, 326, 12191, 3081, 1690, 3917, 351, 38681, 338, 12838, 355, 880, 355, 351, 2961, 8519, 4040, 13, 6602, 11352, 3681, 25]","[50256, 14832, 8255, 25, 317, 12703, 28962, 290, 47886, 968, 8936, 2646, 546, 281, 1785, 913, 3931, 287, 257, 1511, 12, 1941, 12, 727, 2576, 338, 1204, 13, 6602, 11352, 3681, 25]",32,32,True,"However, it lacks grandeur and that epic quality often associated with Stevenson's tale as well as with earlier Disney efforts.",A quietly reflective and melancholy New Zealand film about an eventful summer in a 13-year-old girl's life.,tigges,True
sst_tigges_pythia_correct_test,260,sst-7927,sst-8845,1,0,"Review Text: It doesn't quite deserve the gong, but there are more fascinating acts than ''Confessions of a Dangerous Mind.'' Review Sentiment:","Review Text: A great ending doesn't make up for a weak movie, and Crazy as Hell doesn't even have a great ending. Review Sentiment:","""Review Text: It doesn't quite deserve the gong, but there are more fascinating acts than ''Confessions of a Dangerous Mind.'' Review Sentiment:""","""Review Text: A great ending doesn't make up for a weak movie, and Crazy as Hell doesn't even have a great ending. Review Sentiment:""",52657669657720546578743a20497420646f65736e277420717569746520646573657276652074686520676f6e672c2062757420746865726520617265206d6f72652066617363696e6174696e672061637473207468616e202727436f6e66657373696f6e73206f6620612044616e6765726f7573204d696e642e2727205265766965772053656e74696d656e743a,52657669657720546578743a204120677265617420656e64696e6720646f65736e2774206d616b6520757020666f722061207765616b206d6f7669652c20616e64204372617a792061732048656c6c20646f65736e2774206576656e2068617665206120677265617420656e64696e672e205265766965772053656e74696d656e743a,737a1f338a3575a86b7a59f180d68e58e4ea8cffd4981f7a3696f603e8cbf9d4,9f6e9c2a51c4c14091e32e46505dfe5b2772c4c6fad4af6a40628b0217cdb7bd,"[50256, 14832, 8255, 25, 632, 1595, 470, 2407, 10925, 262, 308, 506, 11, 475, 612, 389, 517, 13899, 6529, 621, 10148, 18546, 6202, 286, 257, 29892, 10175, 13531, 6602, 11352, 3681, 25]","[50256, 14832, 8255, 25, 317, 1049, 7464, 1595, 470, 787, 510, 329, 257, 4939, 3807, 11, 290, 19932, 355, 5783, 1595, 470, 772, 423, 257, 1049, 7464, 13, 6602, 11352, 3681, 25]",32,32,True,"It doesn't quite deserve the gong, but there are more fascinating acts than ''Confessions of a Dangerous Mind.''","A great ending doesn't make up for a weak movie, and Crazy as Hell doesn't even have a great ending.",tigges,True
sst_tigges_pythia_correct_test,261,sst-8845,sst-7927,0,1,"Review Text: A great ending doesn't make up for a weak movie, and Crazy as Hell doesn't even have a great ending. Review Sentiment:","Review Text: It doesn't quite deserve the gong, but there are more fascinating acts than ''Confessions of a Dangerous Mind.'' Review Sentiment:","""Review Text: A great ending doesn't make up for a weak movie, and Crazy as Hell doesn't even have a great ending. Review Sentiment:""","""Review Text: It doesn't quite deserve the gong, but there are more fascinating acts than ''Confessions of a Dangerous Mind.'' Review Sentiment:""",52657669657720546578743a204120677265617420656e64696e6720646f65736e2774206d616b6520757020666f722061207765616b206d6f7669652c20616e64204372617a792061732048656c6c20646f65736e2774206576656e2068617665206120677265617420656e64696e672e205265766965772053656e74696d656e743a,52657669657720546578743a20497420646f65736e277420717569746520646573657276652074686520676f6e672c2062757420746865726520617265206d6f72652066617363696e6174696e672061637473207468616e202727436f6e66657373696f6e73206f6620612044616e6765726f7573204d696e642e2727205265766965772053656e74696d656e743a,9f6e9c2a51c4c14091e32e46505dfe5b2772c4c6fad4af6a40628b0217cdb7bd,737a1f338a3575a86b7a59f180d68e58e4ea8cffd4981f7a3696f603e8cbf9d4,"[50256, 14832, 8255, 25, 317, 1049, 7464, 1595, 470, 787, 510, 329, 257, 4939, 3807, 11, 290, 19932, 355, 5783, 1595, 470, 772, 423, 257, 1049, 7464, 13, 6602, 11352, 3681, 25]","[50256, 14832, 8255, 25, 632, 1595, 470, 2407, 10925, 262, 308, 506, 11, 475, 612, 389, 517, 13899, 6529, 621, 10148, 18546, 6202, 286, 257, 29892, 10175, 13531, 6602, 11352, 3681, 25]",32,32,True,"A great ending doesn't make up for a weak movie, and Crazy as Hell doesn't even have a great ending.","It doesn't quite deserve the gong, but there are more fascinating acts than ''Confessions of a Dangerous Mind.''",tigges,True
sst_tigges_pythia_correct_test,262,sst-8072,sst-8847,1,0,"Review Text: Director Ferzan Ozpetek creates an interesting dynamic with the members of this group, who live in the same apartment building. Review Sentiment:","Review Text: Its over-reliance on genre conventions, character types and formulaic conflict resolutions crushes all the goodwill it otherwise develops. Review Sentiment:","'Review Text: Director Ferzan Ozpetek creates an interesting dynamic with the members of this group, who live in the same apartment building. Review Sentiment:'","'Review Text: Its over-reliance on genre conventions, character types and formulaic conflict resolutions crushes all the goodwill it otherwise develops. Review Sentiment:'",52657669657720546578743a204469726563746f72204665727a616e204f7a706574656b206372656174657320616e20696e746572657374696e672064796e616d6963207769746820746865206d656d62657273206f6620746869732067726f75702c2077686f206c69766520696e207468652073616d652061706172746d656e74206275696c64696e672e205265766965772053656e74696d656e743a,52657669657720546578743a20497473206f7665722d72656c69616e6365206f6e2067656e726520636f6e76656e74696f6e732c2063686172616374657220747970657320616e6420666f726d756c61696320636f6e666c696374207265736f6c7574696f6e73206372757368657320616c6c2074686520676f6f6477696c6c206974206f746865727769736520646576656c6f70732e205265766965772053656e74696d656e743a,e5c0bd92533a18c61b6c9f443471e6c0985ef99610cd12558df8469ce27c2f99,60e4d0113310346c90e608ed4c3fbf97f4937058e4b8b71d0c99f02a6e59058f,"[50256, 14832, 8255, 25, 5890, 12880, 15201, 18024, 6449, 988, 8075, 281, 3499, 8925, 351, 262, 1866, 286, 428, 1448, 11, 508, 2107, 287, 262, 976, 7962, 2615, 13, 6602, 11352, 3681, 25]","[50256, 14832, 8255, 25, 6363, 625, 12, 2411, 3610, 319, 12121, 21396, 11, 2095, 3858, 290, 10451, 291, 5358, 21811, 1067, 17237, 477, 262, 36374, 340, 4306, 21126, 13, 6602, 11352, 3681, 25]",33,33,True,"Director Ferzan Ozpetek creates an interesting dynamic with the members of this group, who live in the same apartment building.","Its over-reliance on genre conventions, character types and formulaic conflict resolutions crushes all the goodwill it otherwise develops.",tigges,True
sst_tigges_pythia_correct_test,263,sst-8847,sst-8072,0,1,"Review Text: Its over-reliance on genre conventions, character types and formulaic conflict resolutions crushes all the goodwill it otherwise develops. Review Sentiment:","Review Text: Director Ferzan Ozpetek creates an interesting dynamic with the members of this group, who live in the same apartment building. Review Sentiment:","'Review Text: Its over-reliance on genre conventions, character types and formulaic conflict resolutions crushes all the goodwill it otherwise develops. Review Sentiment:'","'Review Text: Director Ferzan Ozpetek creates an interesting dynamic with the members of this group, who live in the same apartment building. Review Sentiment:'",52657669657720546578743a20497473206f7665722d72656c69616e6365206f6e2067656e726520636f6e76656e74696f6e732c2063686172616374657220747970657320616e6420666f726d756c61696320636f6e666c696374207265736f6c7574696f6e73206372757368657320616c6c2074686520676f6f6477696c6c206974206f746865727769736520646576656c6f70732e205265766965772053656e74696d656e743a,52657669657720546578743a204469726563746f72204665727a616e204f7a706574656b206372656174657320616e20696e746572657374696e672064796e616d6963207769746820746865206d656d62657273206f6620746869732067726f75702c2077686f206c69766520696e207468652073616d652061706172746d656e74206275696c64696e672e205265766965772053656e74696d656e743a,60e4d0113310346c90e608ed4c3fbf97f4937058e4b8b71d0c99f02a6e59058f,e5c0bd92533a18c61b6c9f443471e6c0985ef99610cd12558df8469ce27c2f99,"[50256, 14832, 8255, 25, 6363, 625, 12, 2411, 3610, 319, 12121, 21396, 11, 2095, 3858, 290, 10451, 291, 5358, 21811, 1067, 17237, 477, 262, 36374, 340, 4306, 21126, 13, 6602, 11352, 3681, 25]","[50256, 14832, 8255, 25, 5890, 12880, 15201, 18024, 6449, 988, 8075, 281, 3499, 8925, 351, 262, 1866, 286, 428, 1448, 11, 508, 2107, 287, 262, 976, 7962, 2615, 13, 6602, 11352, 3681, 25]",33,33,True,"Its over-reliance on genre conventions, character types and formulaic conflict resolutions crushes all the goodwill it otherwise develops.","Director Ferzan Ozpetek creates an interesting dynamic with the members of this group, who live in the same apartment building.",tigges,True
sst_tigges_pythia_correct_test,264,sst-31,sst-8721,1,0,Review Text: It helps that Lil Bow Wow... tones down his pint-sized gangsta act to play someone who resembles a real kid. Review Sentiment:,"Review Text: The cold and dreary weather is a perfect metaphor for the movie itself, which contains few laughs and not much drama. Review Sentiment:",'Review Text: It helps that Lil Bow Wow... tones down his pint-sized gangsta act to play someone who resembles a real kid. Review Sentiment:',"'Review Text: The cold and dreary weather is a perfect metaphor for the movie itself, which contains few laughs and not much drama. Review Sentiment:'",52657669657720546578743a2049742068656c70732074686174204c696c20426f7720576f772e2e2e20746f6e657320646f776e206869732070696e742d73697a65642067616e677374612061637420746f20706c617920736f6d656f6e652077686f20726573656d626c65732061207265616c206b69642e205265766965772053656e74696d656e743a,52657669657720546578743a2054686520636f6c6420616e6420647265617279207765617468657220697320612070657266656374206d65746170686f7220666f7220746865206d6f76696520697473656c662c20776869636820636f6e7461696e7320666577206c617567687320616e64206e6f74206d756368206472616d612e205265766965772053656e74696d656e743a,a606e5eadff20ce40e3c6c2bbc7d3597afaf891233596dfe3e732579eaab6422,72659648e4e13489ee7bde0f2f408bf011463319b42e4e4b61d02a0055ccf83e,"[50256, 14832, 8255, 25, 632, 5419, 326, 16342, 9740, 24755, 986, 23755, 866, 465, 35245, 12, 13982, 7706, 38031, 719, 284, 711, 2130, 508, 22960, 257, 1103, 5141, 13, 6602, 11352, 3681, 25]","[50256, 14832, 8255, 25, 383, 4692, 290, 288, 260, 560, 6193, 318, 257, 2818, 23094, 329, 262, 3807, 2346, 11, 543, 4909, 1178, 22051, 290, 407, 881, 10512, 13, 6602, 11352, 3681, 25]",33,33,True,It helps that Lil Bow Wow... tones down his pint-sized gangsta act to play someone who resembles a real kid.,"The cold and dreary weather is a perfect metaphor for the movie itself, which contains few laughs and not much drama.",tigges,True
sst_tigges_pythia_correct_test,265,sst-8721,sst-31,0,1,"Review Text: The cold and dreary weather is a perfect metaphor for the movie itself, which contains few laughs and not much drama. Review Sentiment:",Review Text: It helps that Lil Bow Wow... tones down his pint-sized gangsta act to play someone who resembles a real kid. Review Sentiment:,"'Review Text: The cold and dreary weather is a perfect metaphor for the movie itself, which contains few laughs and not much drama. Review Sentiment:'",'Review Text: It helps that Lil Bow Wow... tones down his pint-sized gangsta act to play someone who resembles a real kid. Review Sentiment:',52657669657720546578743a2054686520636f6c6420616e6420647265617279207765617468657220697320612070657266656374206d65746170686f7220666f7220746865206d6f76696520697473656c662c20776869636820636f6e7461696e7320666577206c617567687320616e64206e6f74206d756368206472616d612e205265766965772053656e74696d656e743a,52657669657720546578743a2049742068656c70732074686174204c696c20426f7720576f772e2e2e20746f6e657320646f776e206869732070696e742d73697a65642067616e677374612061637420746f20706c617920736f6d656f6e652077686f20726573656d626c65732061207265616c206b69642e205265766965772053656e74696d656e743a,72659648e4e13489ee7bde0f2f408bf011463319b42e4e4b61d02a0055ccf83e,a606e5eadff20ce40e3c6c2bbc7d3597afaf891233596dfe3e732579eaab6422,"[50256, 14832, 8255, 25, 383, 4692, 290, 288, 260, 560, 6193, 318, 257, 2818, 23094, 329, 262, 3807, 2346, 11, 543, 4909, 1178, 22051, 290, 407, 881, 10512, 13, 6602, 11352, 3681, 25]","[50256, 14832, 8255, 25, 632, 5419, 326, 16342, 9740, 24755, 986, 23755, 866, 465, 35245, 12, 13982, 7706, 38031, 719, 284, 711, 2130, 508, 22960, 257, 1103, 5141, 13, 6602, 11352, 3681, 25]",33,33,True,"The cold and dreary weather is a perfect metaphor for the movie itself, which contains few laughs and not much drama.",It helps that Lil Bow Wow... tones down his pint-sized gangsta act to play someone who resembles a real kid.,tigges,True
sst_tigges_pythia_correct_test,266,sst-8188,sst-8604,1,0,"Review Text: Though a bit of a patchwork in script and production, a glossy, rich green, environment almost makes the picture work. Review Sentiment:","Review Text: Sadly, Hewitt's forte is leaning forward while wearing low-cut gowns, not making snappy comebacks. Review Sentiment:","'Review Text: Though a bit of a patchwork in script and production, a glossy, rich green, environment almost makes the picture work. Review Sentiment:'","""Review Text: Sadly, Hewitt's forte is leaning forward while wearing low-cut gowns, not making snappy comebacks. Review Sentiment:""",52657669657720546578743a2054686f756768206120626974206f662061207061746368776f726b20696e2073637269707420616e642070726f64756374696f6e2c206120676c6f7373792c207269636820677265656e2c20656e7669726f6e6d656e7420616c6d6f7374206d616b657320746865207069637475726520776f726b2e205265766965772053656e74696d656e743a,52657669657720546578743a205361646c792c20486577697474277320666f727465206973206c65616e696e6720666f7277617264207768696c652077656172696e67206c6f772d63757420676f776e732c206e6f74206d616b696e6720736e6170707920636f6d656261636b732e205265766965772053656e74696d656e743a,686527350b4d29e0dde1056bcef1692d1b5247c6275e41fc298ca8fe29ffaed6,6097acb7429601a71340943b1f67625efbc990403e5e2f03eb838eccf2e51786,"[50256, 14832, 8255, 25, 7486, 257, 1643, 286, 257, 8529, 1818, 287, 4226, 290, 3227, 11, 257, 40551, 11, 5527, 4077, 11, 2858, 2048, 1838, 262, 4286, 670, 13, 6602, 11352, 3681, 25]","[50256, 14832, 8255, 25, 27213, 11, 30446, 715, 338, 329, 660, 318, 21804, 2651, 981, 5762, 1877, 12, 8968, 33323, 82, 11, 407, 1642, 3013, 7774, 1282, 10146, 13, 6602, 11352, 3681, 25]",33,33,True,"Though a bit of a patchwork in script and production, a glossy, rich green, environment almost makes the picture work.","Sadly, Hewitt's forte is leaning forward while wearing low-cut gowns, not making snappy comebacks.",tigges,True
sst_tigges_pythia_correct_test,267,sst-8604,sst-8188,0,1,"Review Text: Sadly, Hewitt's forte is leaning forward while wearing low-cut gowns, not making snappy comebacks. Review Sentiment:","Review Text: Though a bit of a patchwork in script and production, a glossy, rich green, environment almost makes the picture work. Review Sentiment:","""Review Text: Sadly, Hewitt's forte is leaning forward while wearing low-cut gowns, not making snappy comebacks. Review Sentiment:""","'Review Text: Though a bit of a patchwork in script and production, a glossy, rich green, environment almost makes the picture work. Review Sentiment:'",52657669657720546578743a205361646c792c20486577697474277320666f727465206973206c65616e696e6720666f7277617264207768696c652077656172696e67206c6f772d63757420676f776e732c206e6f74206d616b696e6720736e6170707920636f6d656261636b732e205265766965772053656e74696d656e743a,52657669657720546578743a2054686f756768206120626974206f662061207061746368776f726b20696e2073637269707420616e642070726f64756374696f6e2c206120676c6f7373792c207269636820677265656e2c20656e7669726f6e6d656e7420616c6d6f7374206d616b657320746865207069637475726520776f726b2e205265766965772053656e74696d656e743a,6097acb7429601a71340943b1f67625efbc990403e5e2f03eb838eccf2e51786,686527350b4d29e0dde1056bcef1692d1b5247c6275e41fc298ca8fe29ffaed6,"[50256, 14832, 8255, 25, 27213, 11, 30446, 715, 338, 329, 660, 318, 21804, 2651, 981, 5762, 1877, 12, 8968, 33323, 82, 11, 407, 1642, 3013, 7774, 1282, 10146, 13, 6602, 11352, 3681, 25]","[50256, 14832, 8255, 25, 7486, 257, 1643, 286, 257, 8529, 1818, 287, 4226, 290, 3227, 11, 257, 40551, 11, 5527, 4077, 11, 2858, 2048, 1838, 262, 4286, 670, 13, 6602, 11352, 3681, 25]",33,33,True,"Sadly, Hewitt's forte is leaning forward while wearing low-cut gowns, not making snappy comebacks.","Though a bit of a patchwork in script and production, a glossy, rich green, environment almost makes the picture work.",tigges,True
sst_tigges_pythia_correct_test,268,sst-901,sst-8769,1,0,"Review Text: A sweet-natured reconsideration of one of San Francisco's most vital, if least widely recognized, creative fountainheads. Review Sentiment:",Review Text: Formula 51 is so trite that even Yu's high-energy action stylings can't break through the stupor. Review Sentiment:,"""Review Text: A sweet-natured reconsideration of one of San Francisco's most vital, if least widely recognized, creative fountainheads. Review Sentiment:""","""Review Text: Formula 51 is so trite that even Yu's high-energy action stylings can't break through the stupor. Review Sentiment:""",52657669657720546578743a20412073776565742d6e617475726564207265636f6e73696465726174696f6e206f66206f6e65206f662053616e204672616e636973636f2773206d6f737420766974616c2c206966206c6561737420776964656c79207265636f676e697a65642c20637265617469766520666f756e7461696e68656164732e205265766965772053656e74696d656e743a,52657669657720546578743a20466f726d756c6120353120697320736f2074726974652074686174206576656e205975277320686967682d656e6572677920616374696f6e207374796c696e67732063616e277420627265616b207468726f7567682074686520737475706f722e205265766965772053656e74696d656e743a,ddea57c086471be8642871247cff4e8d9c73d249982bceed6457d2c90e1fae6f,75b7c2ce45302f38e76d2f215c2596942ab6e88f07af89c50d206aa55fe47844,"[50256, 14832, 8255, 25, 317, 6029, 12, 32353, 1522, 26540, 341, 286, 530, 286, 2986, 6033, 338, 749, 9204, 11, 611, 1551, 6768, 8018, 11, 7325, 29420, 16600, 13, 6602, 11352, 3681, 25]","[50256, 14832, 8255, 25, 19639, 6885, 318, 523, 491, 578, 326, 772, 10605, 338, 1029, 12, 22554, 2223, 22152, 654, 460, 470, 2270, 832, 262, 336, 929, 273, 13, 6602, 11352, 3681, 25]",33,33,True,"A sweet-natured reconsideration of one of San Francisco's most vital, if least widely recognized, creative fountainheads.",Formula 51 is so trite that even Yu's high-energy action stylings can't break through the stupor.,tigges,True
sst_tigges_pythia_correct_test,269,sst-8769,sst-901,0,1,Review Text: Formula 51 is so trite that even Yu's high-energy action stylings can't break through the stupor. Review Sentiment:,"Review Text: A sweet-natured reconsideration of one of San Francisco's most vital, if least widely recognized, creative fountainheads. Review Sentiment:","""Review Text: Formula 51 is so trite that even Yu's high-energy action stylings can't break through the stupor. Review Sentiment:""","""Review Text: A sweet-natured reconsideration of one of San Francisco's most vital, if least widely recognized, creative fountainheads. Review Sentiment:""",52657669657720546578743a20466f726d756c6120353120697320736f2074726974652074686174206576656e205975277320686967682d656e6572677920616374696f6e207374796c696e67732063616e277420627265616b207468726f7567682074686520737475706f722e205265766965772053656e74696d656e743a,52657669657720546578743a20412073776565742d6e617475726564207265636f6e73696465726174696f6e206f66206f6e65206f662053616e204672616e636973636f2773206d6f737420766974616c2c206966206c6561737420776964656c79207265636f676e697a65642c20637265617469766520666f756e7461696e68656164732e205265766965772053656e74696d656e743a,75b7c2ce45302f38e76d2f215c2596942ab6e88f07af89c50d206aa55fe47844,ddea57c086471be8642871247cff4e8d9c73d249982bceed6457d2c90e1fae6f,"[50256, 14832, 8255, 25, 19639, 6885, 318, 523, 491, 578, 326, 772, 10605, 338, 1029, 12, 22554, 2223, 22152, 654, 460, 470, 2270, 832, 262, 336, 929, 273, 13, 6602, 11352, 3681, 25]","[50256, 14832, 8255, 25, 317, 6029, 12, 32353, 1522, 26540, 341, 286, 530, 286, 2986, 6033, 338, 749, 9204, 11, 611, 1551, 6768, 8018, 11, 7325, 29420, 16600, 13, 6602, 11352, 3681, 25]",33,33,True,Formula 51 is so trite that even Yu's high-energy action stylings can't break through the stupor.,"A sweet-natured reconsideration of one of San Francisco's most vital, if least widely recognized, creative fountainheads.",tigges,True
sst_tigges_pythia_correct_test,270,sst-8719,sst-8950,1,0,Review Text: How anyone over the age of 2 can stomach the touchy-feely message this preachy produce promotes is beyond us. Review Sentiment:,Review Text: Murder By Numbers is like a couple of mediocre TV-movie - of-the-week films clumsily stuck together. Review Sentiment:,'Review Text: How anyone over the age of 2 can stomach the touchy-feely message this preachy produce promotes is beyond us. Review Sentiment:','Review Text: Murder By Numbers is like a couple of mediocre TV-movie - of-the-week films clumsily stuck together. Review Sentiment:',52657669657720546578743a20486f7720616e796f6e65206f7665722074686520616765206f6620322063616e2073746f6d6163682074686520746f756368792d6665656c79206d657373616765207468697320707265616368792070726f647563652070726f6d6f746573206973206265796f6e642075732e205265766965772053656e74696d656e743a,52657669657720546578743a204d7572646572204279204e756d62657273206973206c696b65206120636f75706c65206f66206d6564696f6372652054562d6d6f766965202d206f662d7468652d7765656b2066696c6d7320636c756d73696c7920737475636b20746f6765746865722e205265766965772053656e74696d656e743a,021099cd14a388b869358d49e77b899ac657fba1ac6591657742ab3c1056aea8,f256bbaa214f885d9452c5d126dde2e8593d545ca896cef60a487e1bc0ee6d6d,"[50256, 14832, 8255, 25, 1374, 2687, 625, 262, 2479, 286, 362, 460, 11384, 262, 3638, 88, 12, 39071, 306, 3275, 428, 32950, 88, 4439, 21068, 318, 3675, 514, 13, 6602, 11352, 3681, 25]","[50256, 14832, 8255, 25, 23375, 2750, 27797, 318, 588, 257, 3155, 286, 29956, 3195, 12, 41364, 532, 286, 12, 1169, 12, 10464, 7328, 537, 5700, 813, 7819, 1978, 13, 6602, 11352, 3681, 25]",33,33,True,How anyone over the age of 2 can stomach the touchy-feely message this preachy produce promotes is beyond us.,Murder By Numbers is like a couple of mediocre TV-movie - of-the-week films clumsily stuck together.,tigges,True
sst_tigges_pythia_correct_test,271,sst-8950,sst-8719,0,1,Review Text: Murder By Numbers is like a couple of mediocre TV-movie - of-the-week films clumsily stuck together. Review Sentiment:,Review Text: How anyone over the age of 2 can stomach the touchy-feely message this preachy produce promotes is beyond us. Review Sentiment:,'Review Text: Murder By Numbers is like a couple of mediocre TV-movie - of-the-week films clumsily stuck together. Review Sentiment:','Review Text: How anyone over the age of 2 can stomach the touchy-feely message this preachy produce promotes is beyond us. Review Sentiment:',52657669657720546578743a204d7572646572204279204e756d62657273206973206c696b65206120636f75706c65206f66206d6564696f6372652054562d6d6f766965202d206f662d7468652d7765656b2066696c6d7320636c756d73696c7920737475636b20746f6765746865722e205265766965772053656e74696d656e743a,52657669657720546578743a20486f7720616e796f6e65206f7665722074686520616765206f6620322063616e2073746f6d6163682074686520746f756368792d6665656c79206d657373616765207468697320707265616368792070726f647563652070726f6d6f746573206973206265796f6e642075732e205265766965772053656e74696d656e743a,f256bbaa214f885d9452c5d126dde2e8593d545ca896cef60a487e1bc0ee6d6d,021099cd14a388b869358d49e77b899ac657fba1ac6591657742ab3c1056aea8,"[50256, 14832, 8255, 25, 23375, 2750, 27797, 318, 588, 257, 3155, 286, 29956, 3195, 12, 41364, 532, 286, 12, 1169, 12, 10464, 7328, 537, 5700, 813, 7819, 1978, 13, 6602, 11352, 3681, 25]","[50256, 14832, 8255, 25, 1374, 2687, 625, 262, 2479, 286, 362, 460, 11384, 262, 3638, 88, 12, 39071, 306, 3275, 428, 32950, 88, 4439, 21068, 318, 3675, 514, 13, 6602, 11352, 3681, 25]",33,33,True,Murder By Numbers is like a couple of mediocre TV-movie - of-the-week films clumsily stuck together.,How anyone over the age of 2 can stomach the touchy-feely message this preachy produce promotes is beyond us.,tigges,True
sst_tigges_pythia_correct_test,272,sst-7908,sst-8249,1,0,Review Text: It should be mentioned that the set design and interiors of the haunted vessel are more than effectively creepy and moodily lit. Review Sentiment:,"Review Text: Every bit as bogus as most Disney live action family movies are--no real plot, no real conflict, no real point. Review Sentiment:",'Review Text: It should be mentioned that the set design and interiors of the haunted vessel are more than effectively creepy and moodily lit. Review Sentiment:',"'Review Text: Every bit as bogus as most Disney live action family movies are--no real plot, no real conflict, no real point. Review Sentiment:'",52657669657720546578743a2049742073686f756c64206265206d656e74696f6e6564207468617420746865207365742064657369676e20616e6420696e746572696f7273206f6620746865206861756e7465642076657373656c20617265206d6f7265207468616e206566666563746976656c792063726565707920616e64206d6f6f64696c79206c69742e205265766965772053656e74696d656e743a,52657669657720546578743a2045766572792062697420617320626f677573206173206d6f7374204469736e6579206c69766520616374696f6e2066616d696c79206d6f76696573206172652d2d6e6f207265616c20706c6f742c206e6f207265616c20636f6e666c6963742c206e6f207265616c20706f696e742e205265766965772053656e74696d656e743a,f3c4aa114b77fde9ab9b49a48f96e02c3d92ed294a1eb73e8aaf4e0cf2746ccd,0ac14f9289f1762b3b7c4f0fe69ed47645b1de4f01fc3687712cf523a4b81841,"[50256, 14832, 8255, 25, 632, 815, 307, 4750, 326, 262, 900, 1486, 290, 987, 12706, 286, 262, 26688, 8837, 389, 517, 621, 6840, 23387, 290, 10038, 813, 6578, 13, 6602, 11352, 3681, 25]","[50256, 14832, 8255, 25, 3887, 1643, 355, 33418, 355, 749, 8519, 2107, 2223, 1641, 6918, 389, 438, 3919, 1103, 7110, 11, 645, 1103, 5358, 11, 645, 1103, 966, 13, 6602, 11352, 3681, 25]",33,33,True,It should be mentioned that the set design and interiors of the haunted vessel are more than effectively creepy and moodily lit.,"Every bit as bogus as most Disney live action family movies are--no real plot, no real conflict, no real point.",tigges,True
sst_tigges_pythia_correct_test,273,sst-8249,sst-7908,0,1,"Review Text: Every bit as bogus as most Disney live action family movies are--no real plot, no real conflict, no real point. Review Sentiment:",Review Text: It should be mentioned that the set design and interiors of the haunted vessel are more than effectively creepy and moodily lit. Review Sentiment:,"'Review Text: Every bit as bogus as most Disney live action family movies are--no real plot, no real conflict, no real point. Review Sentiment:'",'Review Text: It should be mentioned that the set design and interiors of the haunted vessel are more than effectively creepy and moodily lit. Review Sentiment:',52657669657720546578743a2045766572792062697420617320626f677573206173206d6f7374204469736e6579206c69766520616374696f6e2066616d696c79206d6f76696573206172652d2d6e6f207265616c20706c6f742c206e6f207265616c20636f6e666c6963742c206e6f207265616c20706f696e742e205265766965772053656e74696d656e743a,52657669657720546578743a2049742073686f756c64206265206d656e74696f6e6564207468617420746865207365742064657369676e20616e6420696e746572696f7273206f6620746865206861756e7465642076657373656c20617265206d6f7265207468616e206566666563746976656c792063726565707920616e64206d6f6f64696c79206c69742e205265766965772053656e74696d656e743a,0ac14f9289f1762b3b7c4f0fe69ed47645b1de4f01fc3687712cf523a4b81841,f3c4aa114b77fde9ab9b49a48f96e02c3d92ed294a1eb73e8aaf4e0cf2746ccd,"[50256, 14832, 8255, 25, 3887, 1643, 355, 33418, 355, 749, 8519, 2107, 2223, 1641, 6918, 389, 438, 3919, 1103, 7110, 11, 645, 1103, 5358, 11, 645, 1103, 966, 13, 6602, 11352, 3681, 25]","[50256, 14832, 8255, 25, 632, 815, 307, 4750, 326, 262, 900, 1486, 290, 987, 12706, 286, 262, 26688, 8837, 389, 517, 621, 6840, 23387, 290, 10038, 813, 6578, 13, 6602, 11352, 3681, 25]",33,33,True,"Every bit as bogus as most Disney live action family movies are--no real plot, no real conflict, no real point.",It should be mentioned that the set design and interiors of the haunted vessel are more than effectively creepy and moodily lit.,tigges,True
sst_tigges_pythia_correct_test,274,sst-925,sst-8232,1,0,Review Text: It's a beautifully accomplished lyrical meditation on a bunch of despondent and vulnerable characters living in the renown Chelsea Hotel... Review Sentiment:,"Review Text: A soggy, cliche-bound epic-horror yarn that ends up being even dumber than its title. Review Sentiment:","""Review Text: It's a beautifully accomplished lyrical meditation on a bunch of despondent and vulnerable characters living in the renown Chelsea Hotel... Review Sentiment:""","'Review Text: A soggy, cliche-bound epic-horror yarn that ends up being even dumber than its title. Review Sentiment:'",52657669657720546578743a204974277320612062656175746966756c6c79206163636f6d706c6973686564206c79726963616c206d656469746174696f6e206f6e20612062756e6368206f6620646573706f6e64656e7420616e642076756c6e657261626c652063686172616374657273206c6976696e6720696e207468652072656e6f776e204368656c73656120486f74656c2e2e2e205265766965772053656e74696d656e743a,52657669657720546578743a204120736f6767792c20636c696368652d626f756e6420657069632d686f72726f72207961726e207468617420656e6473207570206265696e67206576656e2064756d626572207468616e20697473207469746c652e205265766965772053656e74696d656e743a,fa894f996c46786399a19187238b4b2ff132adc753f33782a99e2c2c88b85921,28c1776684b02403fe764d1eebc5c37b5479f9046027cf32cf17aff65a2c1d57,"[50256, 14832, 8255, 25, 632, 338, 257, 21104, 13013, 47188, 605, 16901, 319, 257, 7684, 286, 11267, 623, 298, 290, 8826, 3435, 2877, 287, 262, 20287, 12147, 12696, 986, 6602, 11352, 3681, 25]","[50256, 14832, 8255, 25, 317, 264, 519, 1360, 11, 537, 14234, 12, 7784, 12191, 12, 17899, 1472, 21181, 326, 5645, 510, 852, 772, 288, 4494, 621, 663, 3670, 13, 6602, 11352, 3681, 25]",33,33,True,It's a beautifully accomplished lyrical meditation on a bunch of despondent and vulnerable characters living in the renown Chelsea Hotel...,"A soggy, cliche-bound epic-horror yarn that ends up being even dumber than its title.",tigges,True
sst_tigges_pythia_correct_test,275,sst-8232,sst-925,0,1,"Review Text: A soggy, cliche-bound epic-horror yarn that ends up being even dumber than its title. Review Sentiment:",Review Text: It's a beautifully accomplished lyrical meditation on a bunch of despondent and vulnerable characters living in the renown Chelsea Hotel... Review Sentiment:,"'Review Text: A soggy, cliche-bound epic-horror yarn that ends up being even dumber than its title. Review Sentiment:'","""Review Text: It's a beautifully accomplished lyrical meditation on a bunch of despondent and vulnerable characters living in the renown Chelsea Hotel... Review Sentiment:""",52657669657720546578743a204120736f6767792c20636c696368652d626f756e6420657069632d686f72726f72207961726e207468617420656e6473207570206265696e67206576656e2064756d626572207468616e20697473207469746c652e205265766965772053656e74696d656e743a,52657669657720546578743a204974277320612062656175746966756c6c79206163636f6d706c6973686564206c79726963616c206d656469746174696f6e206f6e20612062756e6368206f6620646573706f6e64656e7420616e642076756c6e657261626c652063686172616374657273206c6976696e6720696e207468652072656e6f776e204368656c73656120486f74656c2e2e2e205265766965772053656e74696d656e743a,28c1776684b02403fe764d1eebc5c37b5479f9046027cf32cf17aff65a2c1d57,fa894f996c46786399a19187238b4b2ff132adc753f33782a99e2c2c88b85921,"[50256, 14832, 8255, 25, 317, 264, 519, 1360, 11, 537, 14234, 12, 7784, 12191, 12, 17899, 1472, 21181, 326, 5645, 510, 852, 772, 288, 4494, 621, 663, 3670, 13, 6602, 11352, 3681, 25]","[50256, 14832, 8255, 25, 632, 338, 257, 21104, 13013, 47188, 605, 16901, 319, 257, 7684, 286, 11267, 623, 298, 290, 8826, 3435, 2877, 287, 262, 20287, 12147, 12696, 986, 6602, 11352, 3681, 25]",33,33,True,"A soggy, cliche-bound epic-horror yarn that ends up being even dumber than its title.",It's a beautifully accomplished lyrical meditation on a bunch of despondent and vulnerable characters living in the renown Chelsea Hotel...,tigges,True
sst_tigges_pythia_correct_test,276,sst-503,sst-9073,1,0,"Review Text: He can scale a building like a super hero, he can out-stealth any agent, he'll get the girl. Review Sentiment:","Review Text: A film made with as little wit, interest, and professionalism as artistically possible for a slummy Hollywood caper flick. Review Sentiment:","""Review Text: He can scale a building like a super hero, he can out-stealth any agent, he'll get the girl. Review Sentiment:""","'Review Text: A film made with as little wit, interest, and professionalism as artistically possible for a slummy Hollywood caper flick. Review Sentiment:'",52657669657720546578743a2048652063616e207363616c652061206275696c64696e67206c696b652061207375706572206865726f2c2068652063616e206f75742d737465616c746820616e79206167656e742c206865276c6c2067657420746865206769726c2e205265766965772053656e74696d656e743a,52657669657720546578743a20412066696c6d206d6164652077697468206173206c6974746c65207769742c20696e7465726573742c20616e642070726f66657373696f6e616c69736d206173206172746973746963616c6c7920706f737369626c6520666f72206120736c756d6d7920486f6c6c79776f6f6420636170657220666c69636b2e205265766965772053656e74696d656e743a,fac2512480fcdf0adc55a241442dceb73d42bfd4429bbcf1b5f136707d2b87fe,50416827ac3c84569d1c9ae7b8d4dc5c8f655280ea1744179944cc4c34ef7e81,"[50256, 14832, 8255, 25, 679, 460, 5046, 257, 2615, 588, 257, 2208, 4293, 11, 339, 460, 503, 12, 4169, 1094, 597, 5797, 11, 339, 1183, 651, 262, 2576, 13, 6602, 11352, 3681, 25]","[50256, 14832, 8255, 25, 317, 2646, 925, 351, 355, 1310, 20868, 11, 1393, 11, 290, 42554, 355, 6802, 1146, 1744, 329, 257, 1017, 13513, 8502, 1451, 263, 26810, 13, 6602, 11352, 3681, 25]",33,33,True,"He can scale a building like a super hero, he can out-stealth any agent, he'll get the girl.","A film made with as little wit, interest, and professionalism as artistically possible for a slummy Hollywood caper flick.",tigges,True
sst_tigges_pythia_correct_test,277,sst-9073,sst-503,0,1,"Review Text: A film made with as little wit, interest, and professionalism as artistically possible for a slummy Hollywood caper flick. Review Sentiment:","Review Text: He can scale a building like a super hero, he can out-stealth any agent, he'll get the girl. Review Sentiment:","'Review Text: A film made with as little wit, interest, and professionalism as artistically possible for a slummy Hollywood caper flick. Review Sentiment:'","""Review Text: He can scale a building like a super hero, he can out-stealth any agent, he'll get the girl. Review Sentiment:""",52657669657720546578743a20412066696c6d206d6164652077697468206173206c6974746c65207769742c20696e7465726573742c20616e642070726f66657373696f6e616c69736d206173206172746973746963616c6c7920706f737369626c6520666f72206120736c756d6d7920486f6c6c79776f6f6420636170657220666c69636b2e205265766965772053656e74696d656e743a,52657669657720546578743a2048652063616e207363616c652061206275696c64696e67206c696b652061207375706572206865726f2c2068652063616e206f75742d737465616c746820616e79206167656e742c206865276c6c2067657420746865206769726c2e205265766965772053656e74696d656e743a,50416827ac3c84569d1c9ae7b8d4dc5c8f655280ea1744179944cc4c34ef7e81,fac2512480fcdf0adc55a241442dceb73d42bfd4429bbcf1b5f136707d2b87fe,"[50256, 14832, 8255, 25, 317, 2646, 925, 351, 355, 1310, 20868, 11, 1393, 11, 290, 42554, 355, 6802, 1146, 1744, 329, 257, 1017, 13513, 8502, 1451, 263, 26810, 13, 6602, 11352, 3681, 25]","[50256, 14832, 8255, 25, 679, 460, 5046, 257, 2615, 588, 257, 2208, 4293, 11, 339, 460, 503, 12, 4169, 1094, 597, 5797, 11, 339, 1183, 651, 262, 2576, 13, 6602, 11352, 3681, 25]",33,33,True,"A film made with as little wit, interest, and professionalism as artistically possible for a slummy Hollywood caper flick.","He can scale a building like a super hero, he can out-stealth any agent, he'll get the girl.",tigges,True
sst_tigges_pythia_correct_test,278,sst-1075,sst-9006,1,0,"Review Text: It further declares its director, Zhang Yang of Shower, as a boldly experimental, contemporary stylist with a bright future. Review Sentiment:","Review Text: An overblown clunker full of bad jokes, howling cliches and by-the-numbers action sequences. Review Sentiment:","'Review Text: It further declares its director, Zhang Yang of Shower, as a boldly experimental, contemporary stylist with a bright future. Review Sentiment:'","'Review Text: An overblown clunker full of bad jokes, howling cliches and by-the-numbers action sequences. Review Sentiment:'",52657669657720546578743a2049742066757274686572206465636c6172657320697473206469726563746f722c205a68616e672059616e67206f662053686f7765722c206173206120626f6c646c79206578706572696d656e74616c2c20636f6e74656d706f72617279207374796c6973742077697468206120627269676874206675747572652e205265766965772053656e74696d656e743a,52657669657720546578743a20416e206f766572626c6f776e20636c756e6b65722066756c6c206f6620626164206a6f6b65732c20686f776c696e6720636c696368657320616e642062792d7468652d6e756d6265727320616374696f6e2073657175656e6365732e205265766965772053656e74696d656e743a,b679162c309e24152a69ac98ce9d5bf7e54b5fb512a56d25c6c77a8be42ecc60,b283af64fa1a2789616ec605895a3bf5215e5f9210918a753a9f5c087be5c71c,"[50256, 14832, 8255, 25, 632, 2252, 24183, 663, 3437, 11, 19439, 10998, 286, 911, 789, 11, 355, 257, 42831, 11992, 11, 11811, 22152, 396, 351, 257, 6016, 2003, 13, 6602, 11352, 3681, 25]","[50256, 14832, 8255, 25, 1052, 625, 31290, 537, 21705, 1336, 286, 2089, 14532, 11, 703, 1359, 537, 291, 956, 290, 416, 12, 1169, 12, 77, 17024, 2223, 16311, 13, 6602, 11352, 3681, 25]",33,33,True,"It further declares its director, Zhang Yang of Shower, as a boldly experimental, contemporary stylist with a bright future.","An overblown clunker full of bad jokes, howling cliches and by-the-numbers action sequences.",tigges,True
sst_tigges_pythia_correct_test,279,sst-9006,sst-1075,0,1,"Review Text: An overblown clunker full of bad jokes, howling cliches and by-the-numbers action sequences. Review Sentiment:","Review Text: It further declares its director, Zhang Yang of Shower, as a boldly experimental, contemporary stylist with a bright future. Review Sentiment:","'Review Text: An overblown clunker full of bad jokes, howling cliches and by-the-numbers action sequences. Review Sentiment:'","'Review Text: It further declares its director, Zhang Yang of Shower, as a boldly experimental, contemporary stylist with a bright future. Review Sentiment:'",52657669657720546578743a20416e206f766572626c6f776e20636c756e6b65722066756c6c206f6620626164206a6f6b65732c20686f776c696e6720636c696368657320616e642062792d7468652d6e756d6265727320616374696f6e2073657175656e6365732e205265766965772053656e74696d656e743a,52657669657720546578743a2049742066757274686572206465636c6172657320697473206469726563746f722c205a68616e672059616e67206f662053686f7765722c206173206120626f6c646c79206578706572696d656e74616c2c20636f6e74656d706f72617279207374796c6973742077697468206120627269676874206675747572652e205265766965772053656e74696d656e743a,b283af64fa1a2789616ec605895a3bf5215e5f9210918a753a9f5c087be5c71c,b679162c309e24152a69ac98ce9d5bf7e54b5fb512a56d25c6c77a8be42ecc60,"[50256, 14832, 8255, 25, 1052, 625, 31290, 537, 21705, 1336, 286, 2089, 14532, 11, 703, 1359, 537, 291, 956, 290, 416, 12, 1169, 12, 77, 17024, 2223, 16311, 13, 6602, 11352, 3681, 25]","[50256, 14832, 8255, 25, 632, 2252, 24183, 663, 3437, 11, 19439, 10998, 286, 911, 789, 11, 355, 257, 42831, 11992, 11, 11811, 22152, 396, 351, 257, 6016, 2003, 13, 6602, 11352, 3681, 25]",33,33,True,"An overblown clunker full of bad jokes, howling cliches and by-the-numbers action sequences.","It further declares its director, Zhang Yang of Shower, as a boldly experimental, contemporary stylist with a bright future.",tigges,True
sst_tigges_pythia_correct_test,280,sst-942,sst-8892,1,0,Review Text: Sits uneasily as a horror picture... but finds surprising depth in its look at the binds of a small family. Review Sentiment:,"Review Text: Lacking gravitas, MacDowell is a placeholder for grief, and ergo this sloppy drama is an empty vessel. Review Sentiment:",'Review Text: Sits uneasily as a horror picture... but finds surprising depth in its look at the binds of a small family. Review Sentiment:',"'Review Text: Lacking gravitas, MacDowell is a placeholder for grief, and ergo this sloppy drama is an empty vessel. Review Sentiment:'",52657669657720546578743a205369747320756e656173696c79206173206120686f72726f7220706963747572652e2e2e206275742066696e64732073757270726973696e6720646570746820696e20697473206c6f6f6b206174207468652062696e6473206f66206120736d616c6c2066616d696c792e205265766965772053656e74696d656e743a,52657669657720546578743a204c61636b696e672067726176697461732c204d6163446f77656c6c206973206120706c616365686f6c64657220666f722067726965662c20616e64206572676f207468697320736c6f707079206472616d6120697320616e20656d7074792076657373656c2e205265766965772053656e74696d656e743a,caf9d3bfa83b8191d0fb171ae4215d843d5d2c24fe18cb5344991b812ced234f,d4b3a7e29ffe8d24c85ce9365987003cef36491a34c38a293c66fc7fd04f1d7f,"[50256, 14832, 8255, 25, 311, 896, 17809, 292, 813, 355, 257, 9961, 4286, 986, 475, 7228, 6452, 6795, 287, 663, 804, 379, 262, 37354, 286, 257, 1402, 1641, 13, 6602, 11352, 3681, 25]","[50256, 14832, 8255, 25, 406, 5430, 9067, 21416, 11, 4100, 35, 32829, 318, 257, 46076, 329, 18522, 11, 290, 1931, 2188, 428, 35862, 10512, 318, 281, 6565, 8837, 13, 6602, 11352, 3681, 25]",33,33,True,Sits uneasily as a horror picture... but finds surprising depth in its look at the binds of a small family.,"Lacking gravitas, MacDowell is a placeholder for grief, and ergo this sloppy drama is an empty vessel.",tigges,True
sst_tigges_pythia_correct_test,281,sst-8892,sst-942,0,1,"Review Text: Lacking gravitas, MacDowell is a placeholder for grief, and ergo this sloppy drama is an empty vessel. Review Sentiment:",Review Text: Sits uneasily as a horror picture... but finds surprising depth in its look at the binds of a small family. Review Sentiment:,"'Review Text: Lacking gravitas, MacDowell is a placeholder for grief, and ergo this sloppy drama is an empty vessel. Review Sentiment:'",'Review Text: Sits uneasily as a horror picture... but finds surprising depth in its look at the binds of a small family. Review Sentiment:',52657669657720546578743a204c61636b696e672067726176697461732c204d6163446f77656c6c206973206120706c616365686f6c64657220666f722067726965662c20616e64206572676f207468697320736c6f707079206472616d6120697320616e20656d7074792076657373656c2e205265766965772053656e74696d656e743a,52657669657720546578743a205369747320756e656173696c79206173206120686f72726f7220706963747572652e2e2e206275742066696e64732073757270726973696e6720646570746820696e20697473206c6f6f6b206174207468652062696e6473206f66206120736d616c6c2066616d696c792e205265766965772053656e74696d656e743a,d4b3a7e29ffe8d24c85ce9365987003cef36491a34c38a293c66fc7fd04f1d7f,caf9d3bfa83b8191d0fb171ae4215d843d5d2c24fe18cb5344991b812ced234f,"[50256, 14832, 8255, 25, 406, 5430, 9067, 21416, 11, 4100, 35, 32829, 318, 257, 46076, 329, 18522, 11, 290, 1931, 2188, 428, 35862, 10512, 318, 281, 6565, 8837, 13, 6602, 11352, 3681, 25]","[50256, 14832, 8255, 25, 311, 896, 17809, 292, 813, 355, 257, 9961, 4286, 986, 475, 7228, 6452, 6795, 287, 663, 804, 379, 262, 37354, 286, 257, 1402, 1641, 13, 6602, 11352, 3681, 25]",33,33,True,"Lacking gravitas, MacDowell is a placeholder for grief, and ergo this sloppy drama is an empty vessel.",Sits uneasily as a horror picture... but finds surprising depth in its look at the binds of a small family.,tigges,True
sst_tigges_pythia_correct_test,282,sst-740,sst-8121,1,0,Review Text: The movie sticks much closer to Hornby's drop-dead confessional tone than the film version of High Fidelity did. Review Sentiment:,"Review Text: It's often faintly amusing, but the problems of the characters never become important to us, and the story never takes hold. Review Sentiment:","""Review Text: The movie sticks much closer to Hornby's drop-dead confessional tone than the film version of High Fidelity did. Review Sentiment:""","""Review Text: It's often faintly amusing, but the problems of the characters never become important to us, and the story never takes hold. Review Sentiment:""",52657669657720546578743a20546865206d6f76696520737469636b73206d75636820636c6f73657220746f20486f726e627927732064726f702d6465616420636f6e66657373696f6e616c20746f6e65207468616e207468652066696c6d2076657273696f6e206f66204869676820466964656c697479206469642e205265766965772053656e74696d656e743a,52657669657720546578743a2049742773206f6674656e206661696e746c7920616d7573696e672c20627574207468652070726f626c656d73206f66207468652063686172616374657273206e65766572206265636f6d6520696d706f7274616e7420746f2075732c20616e64207468652073746f7279206e657665722074616b657320686f6c642e205265766965772053656e74696d656e743a,35041386240a1af48904e30f802f0825986e8daec925c86261d63134f6fb896a,625d29cdbda39594dabda80522701b5e7389dd89ec7c938ad4a92f57f7f4bd2c,"[50256, 14832, 8255, 25, 383, 3807, 16461, 881, 5699, 284, 13549, 1525, 338, 4268, 12, 25124, 1013, 12743, 8216, 621, 262, 2646, 2196, 286, 3334, 376, 23091, 750, 13, 6602, 11352, 3681, 25]","[50256, 14832, 8255, 25, 632, 338, 1690, 49057, 28297, 11, 475, 262, 2761, 286, 262, 3435, 1239, 1716, 1593, 284, 514, 11, 290, 262, 1621, 1239, 2753, 1745, 13, 6602, 11352, 3681, 25]",33,33,True,The movie sticks much closer to Hornby's drop-dead confessional tone than the film version of High Fidelity did.,"It's often faintly amusing, but the problems of the characters never become important to us, and the story never takes hold.",tigges,True
sst_tigges_pythia_correct_test,283,sst-8121,sst-740,0,1,"Review Text: It's often faintly amusing, but the problems of the characters never become important to us, and the story never takes hold. Review Sentiment:",Review Text: The movie sticks much closer to Hornby's drop-dead confessional tone than the film version of High Fidelity did. Review Sentiment:,"""Review Text: It's often faintly amusing, but the problems of the characters never become important to us, and the story never takes hold. Review Sentiment:""","""Review Text: The movie sticks much closer to Hornby's drop-dead confessional tone than the film version of High Fidelity did. Review Sentiment:""",52657669657720546578743a2049742773206f6674656e206661696e746c7920616d7573696e672c20627574207468652070726f626c656d73206f66207468652063686172616374657273206e65766572206265636f6d6520696d706f7274616e7420746f2075732c20616e64207468652073746f7279206e657665722074616b657320686f6c642e205265766965772053656e74696d656e743a,52657669657720546578743a20546865206d6f76696520737469636b73206d75636820636c6f73657220746f20486f726e627927732064726f702d6465616420636f6e66657373696f6e616c20746f6e65207468616e207468652066696c6d2076657273696f6e206f66204869676820466964656c697479206469642e205265766965772053656e74696d656e743a,625d29cdbda39594dabda80522701b5e7389dd89ec7c938ad4a92f57f7f4bd2c,35041386240a1af48904e30f802f0825986e8daec925c86261d63134f6fb896a,"[50256, 14832, 8255, 25, 632, 338, 1690, 49057, 28297, 11, 475, 262, 2761, 286, 262, 3435, 1239, 1716, 1593, 284, 514, 11, 290, 262, 1621, 1239, 2753, 1745, 13, 6602, 11352, 3681, 25]","[50256, 14832, 8255, 25, 383, 3807, 16461, 881, 5699, 284, 13549, 1525, 338, 4268, 12, 25124, 1013, 12743, 8216, 621, 262, 2646, 2196, 286, 3334, 376, 23091, 750, 13, 6602, 11352, 3681, 25]",33,33,True,"It's often faintly amusing, but the problems of the characters never become important to us, and the story never takes hold.",The movie sticks much closer to Hornby's drop-dead confessional tone than the film version of High Fidelity did.,tigges,True
sst_tigges_pythia_correct_test,284,sst-596,sst-8854,1,0,"Review Text: The best thing the film does is to show us not only what that mind looks like, but how the creative process itself operates. Review Sentiment:",Review Text: The cast is so low-wattage that none of the characters comes off as big... and the setting remains indistinct. Review Sentiment:,"'Review Text: The best thing the film does is to show us not only what that mind looks like, but how the creative process itself operates. Review Sentiment:'",'Review Text: The cast is so low-wattage that none of the characters comes off as big... and the setting remains indistinct. Review Sentiment:',52657669657720546578743a205468652062657374207468696e67207468652066696c6d20646f657320697320746f2073686f77207573206e6f74206f6e6c7920776861742074686174206d696e64206c6f6f6b73206c696b652c2062757420686f77207468652063726561746976652070726f6365737320697473656c66206f706572617465732e205265766965772053656e74696d656e743a,52657669657720546578743a20546865206361737420697320736f206c6f772d776174746167652074686174206e6f6e65206f6620746865206368617261637465727320636f6d6573206f6666206173206269672e2e2e20616e64207468652073657474696e672072656d61696e7320696e64697374696e63742e205265766965772053656e74696d656e743a,a2230b4ec18b31bd359c13e579941d15e2565da2db2a2e40a046039f9b9ddc63,1af389de2587545fe7b5ec063ce01d7d03b529406eb6f2c227518efd178ee033,"[50256, 14832, 8255, 25, 383, 1266, 1517, 262, 2646, 857, 318, 284, 905, 514, 407, 691, 644, 326, 2000, 3073, 588, 11, 475, 703, 262, 7325, 1429, 2346, 14051, 13, 6602, 11352, 3681, 25]","[50256, 14832, 8255, 25, 383, 3350, 318, 523, 1877, 12, 86, 1078, 496, 326, 4844, 286, 262, 3435, 2058, 572, 355, 1263, 986, 290, 262, 4634, 3793, 37665, 4612, 13, 6602, 11352, 3681, 25]",34,34,True,"The best thing the film does is to show us not only what that mind looks like, but how the creative process itself operates.",The cast is so low-wattage that none of the characters comes off as big... and the setting remains indistinct.,tigges,True
sst_tigges_pythia_correct_test,285,sst-8854,sst-596,0,1,Review Text: The cast is so low-wattage that none of the characters comes off as big... and the setting remains indistinct. Review Sentiment:,"Review Text: The best thing the film does is to show us not only what that mind looks like, but how the creative process itself operates. Review Sentiment:",'Review Text: The cast is so low-wattage that none of the characters comes off as big... and the setting remains indistinct. Review Sentiment:',"'Review Text: The best thing the film does is to show us not only what that mind looks like, but how the creative process itself operates. Review Sentiment:'",52657669657720546578743a20546865206361737420697320736f206c6f772d776174746167652074686174206e6f6e65206f6620746865206368617261637465727320636f6d6573206f6666206173206269672e2e2e20616e64207468652073657474696e672072656d61696e7320696e64697374696e63742e205265766965772053656e74696d656e743a,52657669657720546578743a205468652062657374207468696e67207468652066696c6d20646f657320697320746f2073686f77207573206e6f74206f6e6c7920776861742074686174206d696e64206c6f6f6b73206c696b652c2062757420686f77207468652063726561746976652070726f6365737320697473656c66206f706572617465732e205265766965772053656e74696d656e743a,1af389de2587545fe7b5ec063ce01d7d03b529406eb6f2c227518efd178ee033,a2230b4ec18b31bd359c13e579941d15e2565da2db2a2e40a046039f9b9ddc63,"[50256, 14832, 8255, 25, 383, 3350, 318, 523, 1877, 12, 86, 1078, 496, 326, 4844, 286, 262, 3435, 2058, 572, 355, 1263, 986, 290, 262, 4634, 3793, 37665, 4612, 13, 6602, 11352, 3681, 25]","[50256, 14832, 8255, 25, 383, 1266, 1517, 262, 2646, 857, 318, 284, 905, 514, 407, 691, 644, 326, 2000, 3073, 588, 11, 475, 703, 262, 7325, 1429, 2346, 14051, 13, 6602, 11352, 3681, 25]",34,34,True,The cast is so low-wattage that none of the characters comes off as big... and the setting remains indistinct.,"The best thing the film does is to show us not only what that mind looks like, but how the creative process itself operates.",tigges,True
sst_tigges_pythia_correct_test,286,sst-224,sst-8451,1,0,"Review Text: -LRB- Drumline -RRB- is entertaining for what it does, and admirable for what it doesn't do. Review Sentiment:",Review Text: A dreary rip-off of Goodfellas that serves as a muddled and offensive cautionary tale for Hispanic Americans. Review Sentiment:,"""Review Text: -LRB- Drumline -RRB- is entertaining for what it does, and admirable for what it doesn't do. Review Sentiment:""",'Review Text: A dreary rip-off of Goodfellas that serves as a muddled and offensive cautionary tale for Hispanic Americans. Review Sentiment:',52657669657720546578743a202d4c52422d204472756d6c696e65202d5252422d20697320656e7465727461696e696e6720666f72207768617420697420646f65732c20616e642061646d697261626c6520666f72207768617420697420646f65736e277420646f2e205265766965772053656e74696d656e743a,52657669657720546578743a204120647265617279207269702d6f6666206f6620476f6f6466656c6c61732074686174207365727665732061732061206d7564646c656420616e64206f6666656e736976652063617574696f6e6172792074616c6520666f722048697370616e696320416d65726963616e732e205265766965772053656e74696d656e743a,09186cd1f80962832a839698d9db1936802762e85c04a0ca14e13cf486589562,ebd3df425d643cd53445021509487a024effbe5c12a345cdd4caabeddd236d74,"[50256, 14832, 8255, 25, 532, 43, 27912, 12, 25331, 1370, 532, 21095, 33, 12, 318, 17774, 329, 644, 340, 857, 11, 290, 37959, 329, 644, 340, 1595, 470, 466, 13, 6602, 11352, 3681, 25]","[50256, 14832, 8255, 25, 317, 288, 260, 560, 18344, 12, 2364, 286, 4599, 23299, 292, 326, 9179, 355, 257, 285, 32745, 290, 5859, 13041, 560, 12838, 329, 16949, 3399, 13, 6602, 11352, 3681, 25]",34,34,True,"-LRB- Drumline -RRB- is entertaining for what it does, and admirable for what it doesn't do.",A dreary rip-off of Goodfellas that serves as a muddled and offensive cautionary tale for Hispanic Americans.,tigges,True
sst_tigges_pythia_correct_test,287,sst-8451,sst-224,0,1,Review Text: A dreary rip-off of Goodfellas that serves as a muddled and offensive cautionary tale for Hispanic Americans. Review Sentiment:,"Review Text: -LRB- Drumline -RRB- is entertaining for what it does, and admirable for what it doesn't do. Review Sentiment:",'Review Text: A dreary rip-off of Goodfellas that serves as a muddled and offensive cautionary tale for Hispanic Americans. Review Sentiment:',"""Review Text: -LRB- Drumline -RRB- is entertaining for what it does, and admirable for what it doesn't do. Review Sentiment:""",52657669657720546578743a204120647265617279207269702d6f6666206f6620476f6f6466656c6c61732074686174207365727665732061732061206d7564646c656420616e64206f6666656e736976652063617574696f6e6172792074616c6520666f722048697370616e696320416d65726963616e732e205265766965772053656e74696d656e743a,52657669657720546578743a202d4c52422d204472756d6c696e65202d5252422d20697320656e7465727461696e696e6720666f72207768617420697420646f65732c20616e642061646d697261626c6520666f72207768617420697420646f65736e277420646f2e205265766965772053656e74696d656e743a,ebd3df425d643cd53445021509487a024effbe5c12a345cdd4caabeddd236d74,09186cd1f80962832a839698d9db1936802762e85c04a0ca14e13cf486589562,"[50256, 14832, 8255, 25, 317, 288, 260, 560, 18344, 12, 2364, 286, 4599, 23299, 292, 326, 9179, 355, 257, 285, 32745, 290, 5859, 13041, 560, 12838, 329, 16949, 3399, 13, 6602, 11352, 3681, 25]","[50256, 14832, 8255, 25, 532, 43, 27912, 12, 25331, 1370, 532, 21095, 33, 12, 318, 17774, 329, 644, 340, 857, 11, 290, 37959, 329, 644, 340, 1595, 470, 466, 13, 6602, 11352, 3681, 25]",34,34,True,A dreary rip-off of Goodfellas that serves as a muddled and offensive cautionary tale for Hispanic Americans.,"-LRB- Drumline -RRB- is entertaining for what it does, and admirable for what it doesn't do.",tigges,True
sst_tigges_pythia_correct_test,288,sst-145,sst-9020,1,0,"Review Text: -LRB- Schweiger is -RRB- talented and terribly charismatic, qualities essential to both movie stars and social anarchists. Review Sentiment:","Review Text: The pacing is glacial, the screenplay is stiff as a board, and things heat up only in the movie's final scenes. Review Sentiment:","'Review Text: -LRB- Schweiger is -RRB- talented and terribly charismatic, qualities essential to both movie stars and social anarchists. Review Sentiment:'","""Review Text: The pacing is glacial, the screenplay is stiff as a board, and things heat up only in the movie's final scenes. Review Sentiment:""",52657669657720546578743a202d4c52422d20536368776569676572206973202d5252422d2074616c656e74656420616e64207465727269626c79206368617269736d617469632c207175616c697469657320657373656e7469616c20746f20626f7468206d6f76696520737461727320616e6420736f6369616c20616e61726368697374732e205265766965772053656e74696d656e743a,52657669657720546578743a2054686520706163696e6720697320676c616369616c2c207468652073637265656e706c6179206973207374696666206173206120626f6172642c20616e64207468696e67732068656174207570206f6e6c7920696e20746865206d6f76696527732066696e616c207363656e65732e205265766965772053656e74696d656e743a,0986f647650ea11550071586e2a0e1cf26f809e06dfef8c1a96d315c39475f07,975c5830632805613f9fac20b53d2fb1f31a8874bed473b746b5ebaa646c79da,"[50256, 14832, 8255, 25, 532, 43, 27912, 12, 40430, 8254, 318, 532, 21095, 33, 12, 12356, 290, 22121, 34996, 11, 14482, 6393, 284, 1111, 3807, 5788, 290, 1919, 29676, 13, 6602, 11352, 3681, 25]","[50256, 14832, 8255, 25, 383, 37572, 318, 1278, 18150, 11, 262, 39769, 318, 15175, 355, 257, 3096, 11, 290, 1243, 4894, 510, 691, 287, 262, 3807, 338, 2457, 8188, 13, 6602, 11352, 3681, 25]",34,34,True,"-LRB- Schweiger is -RRB- talented and terribly charismatic, qualities essential to both movie stars and social anarchists.","The pacing is glacial, the screenplay is stiff as a board, and things heat up only in the movie's final scenes.",tigges,True
sst_tigges_pythia_correct_test,289,sst-9020,sst-145,0,1,"Review Text: The pacing is glacial, the screenplay is stiff as a board, and things heat up only in the movie's final scenes. Review Sentiment:","Review Text: -LRB- Schweiger is -RRB- talented and terribly charismatic, qualities essential to both movie stars and social anarchists. Review Sentiment:","""Review Text: The pacing is glacial, the screenplay is stiff as a board, and things heat up only in the movie's final scenes. Review Sentiment:""","'Review Text: -LRB- Schweiger is -RRB- talented and terribly charismatic, qualities essential to both movie stars and social anarchists. Review Sentiment:'",52657669657720546578743a2054686520706163696e6720697320676c616369616c2c207468652073637265656e706c6179206973207374696666206173206120626f6172642c20616e64207468696e67732068656174207570206f6e6c7920696e20746865206d6f76696527732066696e616c207363656e65732e205265766965772053656e74696d656e743a,52657669657720546578743a202d4c52422d20536368776569676572206973202d5252422d2074616c656e74656420616e64207465727269626c79206368617269736d617469632c207175616c697469657320657373656e7469616c20746f20626f7468206d6f76696520737461727320616e6420736f6369616c20616e61726368697374732e205265766965772053656e74696d656e743a,975c5830632805613f9fac20b53d2fb1f31a8874bed473b746b5ebaa646c79da,0986f647650ea11550071586e2a0e1cf26f809e06dfef8c1a96d315c39475f07,"[50256, 14832, 8255, 25, 383, 37572, 318, 1278, 18150, 11, 262, 39769, 318, 15175, 355, 257, 3096, 11, 290, 1243, 4894, 510, 691, 287, 262, 3807, 338, 2457, 8188, 13, 6602, 11352, 3681, 25]","[50256, 14832, 8255, 25, 532, 43, 27912, 12, 40430, 8254, 318, 532, 21095, 33, 12, 12356, 290, 22121, 34996, 11, 14482, 6393, 284, 1111, 3807, 5788, 290, 1919, 29676, 13, 6602, 11352, 3681, 25]",34,34,True,"The pacing is glacial, the screenplay is stiff as a board, and things heat up only in the movie's final scenes.","-LRB- Schweiger is -RRB- talented and terribly charismatic, qualities essential to both movie stars and social anarchists.",tigges,True
sst_tigges_pythia_correct_test,290,sst-232,sst-8543,1,0,Review Text: We get some truly unique character studies and a cross-section of Americana that Hollywood couldn't possibly fictionalize and be believed. Review Sentiment:,Review Text: The plot is so predictable and sentimental that viewers are likely to lose interest before Sandrine and her goats walk off into the sunset. Review Sentiment:,"""Review Text: We get some truly unique character studies and a cross-section of Americana that Hollywood couldn't possibly fictionalize and be believed. Review Sentiment:""",'Review Text: The plot is so predictable and sentimental that viewers are likely to lose interest before Sandrine and her goats walk off into the sunset. Review Sentiment:',52657669657720546578743a2057652067657420736f6d65207472756c7920756e6971756520636861726163746572207374756469657320616e6420612063726f73732d73656374696f6e206f6620416d65726963616e61207468617420486f6c6c79776f6f6420636f756c646e277420706f737369626c792066696374696f6e616c697a6520616e642062652062656c69657665642e205265766965772053656e74696d656e743a,52657669657720546578743a2054686520706c6f7420697320736f207072656469637461626c6520616e642073656e74696d656e74616c2074686174207669657765727320617265206c696b656c7920746f206c6f736520696e746572657374206265666f72652053616e6472696e6520616e642068657220676f6174732077616c6b206f666620696e746f207468652073756e7365742e205265766965772053656e74696d656e743a,a9f995a68025816e5d687caa216e0ee387c9160f51bbe618d282e21e1e8616ad,f5053318dd64447b61935780839f2306ae2dc68f1f862d04d816a633f97de3c0,"[50256, 14832, 8255, 25, 775, 651, 617, 4988, 3748, 2095, 3640, 290, 257, 3272, 12, 5458, 286, 1605, 64, 326, 8502, 3521, 470, 5457, 19812, 1096, 290, 307, 4762, 13, 6602, 11352, 3681, 25]","[50256, 14832, 8255, 25, 383, 7110, 318, 523, 20039, 290, 46908, 326, 10209, 389, 1884, 284, 4425, 1393, 878, 3837, 7640, 290, 607, 35199, 2513, 572, 656, 262, 26428, 13, 6602, 11352, 3681, 25]",34,34,True,We get some truly unique character studies and a cross-section of Americana that Hollywood couldn't possibly fictionalize and be believed.,The plot is so predictable and sentimental that viewers are likely to lose interest before Sandrine and her goats walk off into the sunset.,tigges,True
sst_tigges_pythia_correct_test,291,sst-8543,sst-232,0,1,Review Text: The plot is so predictable and sentimental that viewers are likely to lose interest before Sandrine and her goats walk off into the sunset. Review Sentiment:,Review Text: We get some truly unique character studies and a cross-section of Americana that Hollywood couldn't possibly fictionalize and be believed. Review Sentiment:,'Review Text: The plot is so predictable and sentimental that viewers are likely to lose interest before Sandrine and her goats walk off into the sunset. Review Sentiment:',"""Review Text: We get some truly unique character studies and a cross-section of Americana that Hollywood couldn't possibly fictionalize and be believed. Review Sentiment:""",52657669657720546578743a2054686520706c6f7420697320736f207072656469637461626c6520616e642073656e74696d656e74616c2074686174207669657765727320617265206c696b656c7920746f206c6f736520696e746572657374206265666f72652053616e6472696e6520616e642068657220676f6174732077616c6b206f666620696e746f207468652073756e7365742e205265766965772053656e74696d656e743a,52657669657720546578743a2057652067657420736f6d65207472756c7920756e6971756520636861726163746572207374756469657320616e6420612063726f73732d73656374696f6e206f6620416d65726963616e61207468617420486f6c6c79776f6f6420636f756c646e277420706f737369626c792066696374696f6e616c697a6520616e642062652062656c69657665642e205265766965772053656e74696d656e743a,f5053318dd64447b61935780839f2306ae2dc68f1f862d04d816a633f97de3c0,a9f995a68025816e5d687caa216e0ee387c9160f51bbe618d282e21e1e8616ad,"[50256, 14832, 8255, 25, 383, 7110, 318, 523, 20039, 290, 46908, 326, 10209, 389, 1884, 284, 4425, 1393, 878, 3837, 7640, 290, 607, 35199, 2513, 572, 656, 262, 26428, 13, 6602, 11352, 3681, 25]","[50256, 14832, 8255, 25, 775, 651, 617, 4988, 3748, 2095, 3640, 290, 257, 3272, 12, 5458, 286, 1605, 64, 326, 8502, 3521, 470, 5457, 19812, 1096, 290, 307, 4762, 13, 6602, 11352, 3681, 25]",34,34,True,The plot is so predictable and sentimental that viewers are likely to lose interest before Sandrine and her goats walk off into the sunset.,We get some truly unique character studies and a cross-section of Americana that Hollywood couldn't possibly fictionalize and be believed.,tigges,True
sst_tigges_pythia_correct_test,292,sst-472,sst-7937,1,0,"Review Text: The crime matters less than the characters, although the filmmakers supply enough complications, close calls and double-crosses to satisfy us. Review Sentiment:",Review Text: To say Analyze That is De Niro's best film since Meet the Parents sums up the sad state of his recent career. Review Sentiment:,"'Review Text: The crime matters less than the characters, although the filmmakers supply enough complications, close calls and double-crosses to satisfy us. Review Sentiment:'","""Review Text: To say Analyze That is De Niro's best film since Meet the Parents sums up the sad state of his recent career. Review Sentiment:""",52657669657720546578743a20546865206372696d65206d617474657273206c657373207468616e2074686520636861726163746572732c20616c74686f756768207468652066696c6d6d616b65727320737570706c7920656e6f75676820636f6d706c69636174696f6e732c20636c6f73652063616c6c7320616e6420646f75626c652d63726f7373657320746f20736174697366792075732e205265766965772053656e74696d656e743a,52657669657720546578743a20546f2073617920416e616c797a652054686174206973204465204e69726f277320626573742066696c6d2073696e6365204d6565742074686520506172656e74732073756d732075702074686520736164207374617465206f662068697320726563656e74206361726565722e205265766965772053656e74696d656e743a,e2af35c9c52c61d586ca6efd951ac0ae134ce37d201f44c572f004a0559dda8e,d7dab65060072cab1ce7f4ed1a359b29418a2f734bb3ae92c8d73f910a857e93,"[50256, 14832, 8255, 25, 383, 4065, 6067, 1342, 621, 262, 3435, 11, 3584, 262, 28303, 5127, 1576, 19481, 11, 1969, 3848, 290, 4274, 12, 19692, 274, 284, 15959, 514, 13, 6602, 11352, 3681, 25]","[50256, 14832, 8255, 25, 1675, 910, 16213, 2736, 1320, 318, 1024, 399, 7058, 338, 1266, 2646, 1201, 21167, 262, 28231, 21784, 510, 262, 6507, 1181, 286, 465, 2274, 3451, 13, 6602, 11352, 3681, 25]",34,34,True,"The crime matters less than the characters, although the filmmakers supply enough complications, close calls and double-crosses to satisfy us.",To say Analyze That is De Niro's best film since Meet the Parents sums up the sad state of his recent career.,tigges,True
sst_tigges_pythia_correct_test,293,sst-7937,sst-472,0,1,Review Text: To say Analyze That is De Niro's best film since Meet the Parents sums up the sad state of his recent career. Review Sentiment:,"Review Text: The crime matters less than the characters, although the filmmakers supply enough complications, close calls and double-crosses to satisfy us. Review Sentiment:","""Review Text: To say Analyze That is De Niro's best film since Meet the Parents sums up the sad state of his recent career. Review Sentiment:""","'Review Text: The crime matters less than the characters, although the filmmakers supply enough complications, close calls and double-crosses to satisfy us. Review Sentiment:'",52657669657720546578743a20546f2073617920416e616c797a652054686174206973204465204e69726f277320626573742066696c6d2073696e6365204d6565742074686520506172656e74732073756d732075702074686520736164207374617465206f662068697320726563656e74206361726565722e205265766965772053656e74696d656e743a,52657669657720546578743a20546865206372696d65206d617474657273206c657373207468616e2074686520636861726163746572732c20616c74686f756768207468652066696c6d6d616b65727320737570706c7920656e6f75676820636f6d706c69636174696f6e732c20636c6f73652063616c6c7320616e6420646f75626c652d63726f7373657320746f20736174697366792075732e205265766965772053656e74696d656e743a,d7dab65060072cab1ce7f4ed1a359b29418a2f734bb3ae92c8d73f910a857e93,e2af35c9c52c61d586ca6efd951ac0ae134ce37d201f44c572f004a0559dda8e,"[50256, 14832, 8255, 25, 1675, 910, 16213, 2736, 1320, 318, 1024, 399, 7058, 338, 1266, 2646, 1201, 21167, 262, 28231, 21784, 510, 262, 6507, 1181, 286, 465, 2274, 3451, 13, 6602, 11352, 3681, 25]","[50256, 14832, 8255, 25, 383, 4065, 6067, 1342, 621, 262, 3435, 11, 3584, 262, 28303, 5127, 1576, 19481, 11, 1969, 3848, 290, 4274, 12, 19692, 274, 284, 15959, 514, 13, 6602, 11352, 3681, 25]",34,34,True,To say Analyze That is De Niro's best film since Meet the Parents sums up the sad state of his recent career.,"The crime matters less than the characters, although the filmmakers supply enough complications, close calls and double-crosses to satisfy us.",tigges,True
sst_tigges_pythia_correct_test,294,sst-83,sst-8431,1,0,"Review Text: If this movie were a book, it would be a page-turner, you can't wait to see what happens next. Review Sentiment:","Review Text: Not only does the movie fail to make us part of its reality, it fails the most basic relevancy test as well. Review Sentiment:","""Review Text: If this movie were a book, it would be a page-turner, you can't wait to see what happens next. Review Sentiment:""","'Review Text: Not only does the movie fail to make us part of its reality, it fails the most basic relevancy test as well. Review Sentiment:'",52657669657720546578743a2049662074686973206d6f7669652077657265206120626f6f6b2c20697420776f756c64206265206120706167652d7475726e65722c20796f752063616e2774207761697420746f2073656520776861742068617070656e73206e6578742e205265766965772053656e74696d656e743a,52657669657720546578743a204e6f74206f6e6c7920646f657320746865206d6f766965206661696c20746f206d616b652075732070617274206f6620697473207265616c6974792c206974206661696c7320746865206d6f73742062617369632072656c6576616e637920746573742061732077656c6c2e205265766965772053656e74696d656e743a,fe36c537fe3063aea46ae48e6959ee461edf2ca45b189c75c109bc87a2e3b4b8,71e8da194f517351d82362f570e97049d1a10bfaafb175fa5bad256ae47dc3fa,"[50256, 14832, 8255, 25, 1002, 428, 3807, 547, 257, 1492, 11, 340, 561, 307, 257, 2443, 12, 15344, 263, 11, 345, 460, 470, 4043, 284, 766, 644, 4325, 1306, 13, 6602, 11352, 3681, 25]","[50256, 14832, 8255, 25, 1892, 691, 857, 262, 3807, 2038, 284, 787, 514, 636, 286, 663, 3950, 11, 340, 10143, 262, 749, 4096, 1889, 85, 3883, 1332, 355, 880, 13, 6602, 11352, 3681, 25]",34,34,True,"If this movie were a book, it would be a page-turner, you can't wait to see what happens next.","Not only does the movie fail to make us part of its reality, it fails the most basic relevancy test as well.",tigges,True
sst_tigges_pythia_correct_test,295,sst-8431,sst-83,0,1,"Review Text: Not only does the movie fail to make us part of its reality, it fails the most basic relevancy test as well. Review Sentiment:","Review Text: If this movie were a book, it would be a page-turner, you can't wait to see what happens next. Review Sentiment:","'Review Text: Not only does the movie fail to make us part of its reality, it fails the most basic relevancy test as well. Review Sentiment:'","""Review Text: If this movie were a book, it would be a page-turner, you can't wait to see what happens next. Review Sentiment:""",52657669657720546578743a204e6f74206f6e6c7920646f657320746865206d6f766965206661696c20746f206d616b652075732070617274206f6620697473207265616c6974792c206974206661696c7320746865206d6f73742062617369632072656c6576616e637920746573742061732077656c6c2e205265766965772053656e74696d656e743a,52657669657720546578743a2049662074686973206d6f7669652077657265206120626f6f6b2c20697420776f756c64206265206120706167652d7475726e65722c20796f752063616e2774207761697420746f2073656520776861742068617070656e73206e6578742e205265766965772053656e74696d656e743a,71e8da194f517351d82362f570e97049d1a10bfaafb175fa5bad256ae47dc3fa,fe36c537fe3063aea46ae48e6959ee461edf2ca45b189c75c109bc87a2e3b4b8,"[50256, 14832, 8255, 25, 1892, 691, 857, 262, 3807, 2038, 284, 787, 514, 636, 286, 663, 3950, 11, 340, 10143, 262, 749, 4096, 1889, 85, 3883, 1332, 355, 880, 13, 6602, 11352, 3681, 25]","[50256, 14832, 8255, 25, 1002, 428, 3807, 547, 257, 1492, 11, 340, 561, 307, 257, 2443, 12, 15344, 263, 11, 345, 460, 470, 4043, 284, 766, 644, 4325, 1306, 13, 6602, 11352, 3681, 25]",34,34,True,"Not only does the movie fail to make us part of its reality, it fails the most basic relevancy test as well.","If this movie were a book, it would be a page-turner, you can't wait to see what happens next.",tigges,True
sst_tigges_pythia_correct_test,296,sst-154,sst-9070,1,0,"Review Text: It's a minor comedy that tries to balance sweetness with coarseness, while it paints a sad picture of the singles scene. Review Sentiment:","Review Text: Bad Company leaves a bad taste, not only because of its bad-luck timing, but also the staleness of its script. Review Sentiment:","""Review Text: It's a minor comedy that tries to balance sweetness with coarseness, while it paints a sad picture of the singles scene. Review Sentiment:""","'Review Text: Bad Company leaves a bad taste, not only because of its bad-luck timing, but also the staleness of its script. Review Sentiment:'",52657669657720546578743a20497427732061206d696e6f7220636f6d656479207468617420747269657320746f2062616c616e63652073776565746e657373207769746820636f617273656e6573732c207768696c65206974207061696e74732061207361642070696374757265206f66207468652073696e676c6573207363656e652e205265766965772053656e74696d656e743a,52657669657720546578743a2042616420436f6d70616e79206c65617665732061206261642074617374652c206e6f74206f6e6c792062656361757365206f6620697473206261642d6c75636b2074696d696e672c2062757420616c736f20746865207374616c656e657373206f6620697473207363726970742e205265766965772053656e74696d656e743a,9cfcaa7105d86d0430c4e087957c4adb18a5388333dde456a4d5aa772519dc01,4443339706dc74666049fc81a994e7f4ed1089baa8c241bbbcc6999cf3436b86,"[50256, 14832, 8255, 25, 632, 338, 257, 4159, 10997, 326, 8404, 284, 5236, 32073, 351, 763, 945, 9449, 11, 981, 340, 32281, 257, 6507, 4286, 286, 262, 25287, 3715, 13, 6602, 11352, 3681, 25]","[50256, 14832, 8255, 25, 7772, 5834, 5667, 257, 2089, 6938, 11, 407, 691, 780, 286, 663, 2089, 12, 46708, 10576, 11, 475, 635, 262, 29049, 9449, 286, 663, 4226, 13, 6602, 11352, 3681, 25]",34,34,True,"It's a minor comedy that tries to balance sweetness with coarseness, while it paints a sad picture of the singles scene.","Bad Company leaves a bad taste, not only because of its bad-luck timing, but also the staleness of its script.",tigges,True
sst_tigges_pythia_correct_test,297,sst-9070,sst-154,0,1,"Review Text: Bad Company leaves a bad taste, not only because of its bad-luck timing, but also the staleness of its script. Review Sentiment:","Review Text: It's a minor comedy that tries to balance sweetness with coarseness, while it paints a sad picture of the singles scene. Review Sentiment:","'Review Text: Bad Company leaves a bad taste, not only because of its bad-luck timing, but also the staleness of its script. Review Sentiment:'","""Review Text: It's a minor comedy that tries to balance sweetness with coarseness, while it paints a sad picture of the singles scene. Review Sentiment:""",52657669657720546578743a2042616420436f6d70616e79206c65617665732061206261642074617374652c206e6f74206f6e6c792062656361757365206f6620697473206261642d6c75636b2074696d696e672c2062757420616c736f20746865207374616c656e657373206f6620697473207363726970742e205265766965772053656e74696d656e743a,52657669657720546578743a20497427732061206d696e6f7220636f6d656479207468617420747269657320746f2062616c616e63652073776565746e657373207769746820636f617273656e6573732c207768696c65206974207061696e74732061207361642070696374757265206f66207468652073696e676c6573207363656e652e205265766965772053656e74696d656e743a,4443339706dc74666049fc81a994e7f4ed1089baa8c241bbbcc6999cf3436b86,9cfcaa7105d86d0430c4e087957c4adb18a5388333dde456a4d5aa772519dc01,"[50256, 14832, 8255, 25, 7772, 5834, 5667, 257, 2089, 6938, 11, 407, 691, 780, 286, 663, 2089, 12, 46708, 10576, 11, 475, 635, 262, 29049, 9449, 286, 663, 4226, 13, 6602, 11352, 3681, 25]","[50256, 14832, 8255, 25, 632, 338, 257, 4159, 10997, 326, 8404, 284, 5236, 32073, 351, 763, 945, 9449, 11, 981, 340, 32281, 257, 6507, 4286, 286, 262, 25287, 3715, 13, 6602, 11352, 3681, 25]",34,34,True,"Bad Company leaves a bad taste, not only because of its bad-luck timing, but also the staleness of its script.","It's a minor comedy that tries to balance sweetness with coarseness, while it paints a sad picture of the singles scene.",tigges,True
sst_tigges_pythia_correct_test,298,sst-6,sst-8689,1,0,Review Text: The film provides some great insight into the neurotic mindset of all comics--even those who have reached the absolute top of the game. Review Sentiment:,"Review Text: A soggy, shapeless mess... just a dumb excuse for a waterlogged equivalent of a haunted-house movie. Review Sentiment:",'Review Text: The film provides some great insight into the neurotic mindset of all comics--even those who have reached the absolute top of the game. Review Sentiment:',"'Review Text: A soggy, shapeless mess... just a dumb excuse for a waterlogged equivalent of a haunted-house movie. Review Sentiment:'",52657669657720546578743a205468652066696c6d2070726f766964657320736f6d6520677265617420696e736967687420696e746f20746865206e6575726f746963206d696e64736574206f6620616c6c20636f6d6963732d2d6576656e2074686f73652077686f2068617665207265616368656420746865206162736f6c75746520746f70206f66207468652067616d652e205265766965772053656e74696d656e743a,52657669657720546578743a204120736f6767792c2073686170656c657373206d6573732e2e2e206a75737420612064756d622065786375736520666f7220612077617465726c6f67676564206571756976616c656e74206f662061206861756e7465642d686f757365206d6f7669652e205265766965772053656e74696d656e743a,002ba9e22ca996a44d5d1c2e8d584f4c1456454c70371d9518967e82e6be3f9d,71dadd84622ef78b9b66404dcd7bdef3c2cdacaa6707cb449b09171121f8a270,"[50256, 14832, 8255, 25, 383, 2646, 3769, 617, 1049, 11281, 656, 262, 7669, 13370, 20527, 286, 477, 12770, 438, 10197, 883, 508, 423, 4251, 262, 4112, 1353, 286, 262, 983, 13, 6602, 11352, 3681, 25]","[50256, 14832, 8255, 25, 317, 264, 519, 1360, 11, 427, 499, 5321, 2085, 986, 655, 257, 13526, 12226, 329, 257, 1660, 6404, 2004, 7548, 286, 257, 26688, 12, 4803, 3807, 13, 6602, 11352, 3681, 25]",35,35,True,The film provides some great insight into the neurotic mindset of all comics--even those who have reached the absolute top of the game.,"A soggy, shapeless mess... just a dumb excuse for a waterlogged equivalent of a haunted-house movie.",tigges,True
sst_tigges_pythia_correct_test,299,sst-8689,sst-6,0,1,"Review Text: A soggy, shapeless mess... just a dumb excuse for a waterlogged equivalent of a haunted-house movie. Review Sentiment:",Review Text: The film provides some great insight into the neurotic mindset of all comics--even those who have reached the absolute top of the game. Review Sentiment:,"'Review Text: A soggy, shapeless mess... just a dumb excuse for a waterlogged equivalent of a haunted-house movie. Review Sentiment:'",'Review Text: The film provides some great insight into the neurotic mindset of all comics--even those who have reached the absolute top of the game. Review Sentiment:',52657669657720546578743a204120736f6767792c2073686170656c657373206d6573732e2e2e206a75737420612064756d622065786375736520666f7220612077617465726c6f67676564206571756976616c656e74206f662061206861756e7465642d686f757365206d6f7669652e205265766965772053656e74696d656e743a,52657669657720546578743a205468652066696c6d2070726f766964657320736f6d6520677265617420696e736967687420696e746f20746865206e6575726f746963206d696e64736574206f6620616c6c20636f6d6963732d2d6576656e2074686f73652077686f2068617665207265616368656420746865206162736f6c75746520746f70206f66207468652067616d652e205265766965772053656e74696d656e743a,71dadd84622ef78b9b66404dcd7bdef3c2cdacaa6707cb449b09171121f8a270,002ba9e22ca996a44d5d1c2e8d584f4c1456454c70371d9518967e82e6be3f9d,"[50256, 14832, 8255, 25, 317, 264, 519, 1360, 11, 427, 499, 5321, 2085, 986, 655, 257, 13526, 12226, 329, 257, 1660, 6404, 2004, 7548, 286, 257, 26688, 12, 4803, 3807, 13, 6602, 11352, 3681, 25]","[50256, 14832, 8255, 25, 383, 2646, 3769, 617, 1049, 11281, 656, 262, 7669, 13370, 20527, 286, 477, 12770, 438, 10197, 883, 508, 423, 4251, 262, 4112, 1353, 286, 262, 983, 13, 6602, 11352, 3681, 25]",35,35,True,"A soggy, shapeless mess... just a dumb excuse for a waterlogged equivalent of a haunted-house movie.",The film provides some great insight into the neurotic mindset of all comics--even those who have reached the absolute top of the game.,tigges,True
sst_tigges_pythia_correct_test,300,sst-758,sst-1073,1,0,"Review Text: From the big giant titles of the opening credits to Elmer Bernstein's perfectly melodic score, Haynes gets just about everything right. Review Sentiment:",Review Text: Its gross-out gags and colorful set pieces... are of course stultifyingly contrived and too stylized by half. Review Sentiment:,"""Review Text: From the big giant titles of the opening credits to Elmer Bernstein's perfectly melodic score, Haynes gets just about everything right. Review Sentiment:""",'Review Text: Its gross-out gags and colorful set pieces... are of course stultifyingly contrived and too stylized by half. Review Sentiment:',52657669657720546578743a2046726f6d2074686520626967206769616e74207469746c6573206f6620746865206f70656e696e67206372656469747320746f20456c6d6572204265726e737465696e277320706572666563746c79206d656c6f6469632073636f72652c204861796e65732067657473206a7573742061626f75742065766572797468696e672072696768742e205265766965772053656e74696d656e743a,52657669657720546578743a204974732067726f73732d6f7574206761677320616e6420636f6c6f7266756c20736574207069656365732e2e2e20617265206f6620636f75727365207374756c74696679696e676c7920636f6e74726976656420616e6420746f6f207374796c697a65642062792068616c662e205265766965772053656e74696d656e743a,b7a202b148964e1621bd179ca73ebc0c1dee421646af08beeeed651a8cc3cdb4,09befb61e6099b92367dd06c69c3edeeb50b99441696de44937e2a3463c11c91,"[50256, 14832, 8255, 25, 3574, 262, 1263, 6175, 8714, 286, 262, 4756, 10824, 284, 2574, 647, 37584, 338, 7138, 7758, 29512, 4776, 11, 9075, 2516, 3011, 655, 546, 2279, 826, 13, 6602, 11352, 3681, 25]","[50256, 14832, 8255, 25, 6363, 10319, 12, 448, 308, 3775, 290, 20239, 900, 5207, 986, 389, 286, 1781, 336, 586, 4035, 306, 542, 36207, 290, 1165, 22152, 1143, 416, 2063, 13, 6602, 11352, 3681, 25]",35,35,True,"From the big giant titles of the opening credits to Elmer Bernstein's perfectly melodic score, Haynes gets just about everything right.",Its gross-out gags and colorful set pieces... are of course stultifyingly contrived and too stylized by half.,tigges,True
sst_tigges_pythia_correct_test,301,sst-1073,sst-758,0,1,Review Text: Its gross-out gags and colorful set pieces... are of course stultifyingly contrived and too stylized by half. Review Sentiment:,"Review Text: From the big giant titles of the opening credits to Elmer Bernstein's perfectly melodic score, Haynes gets just about everything right. Review Sentiment:",'Review Text: Its gross-out gags and colorful set pieces... are of course stultifyingly contrived and too stylized by half. Review Sentiment:',"""Review Text: From the big giant titles of the opening credits to Elmer Bernstein's perfectly melodic score, Haynes gets just about everything right. Review Sentiment:""",52657669657720546578743a204974732067726f73732d6f7574206761677320616e6420636f6c6f7266756c20736574207069656365732e2e2e20617265206f6620636f75727365207374756c74696679696e676c7920636f6e74726976656420616e6420746f6f207374796c697a65642062792068616c662e205265766965772053656e74696d656e743a,52657669657720546578743a2046726f6d2074686520626967206769616e74207469746c6573206f6620746865206f70656e696e67206372656469747320746f20456c6d6572204265726e737465696e277320706572666563746c79206d656c6f6469632073636f72652c204861796e65732067657473206a7573742061626f75742065766572797468696e672072696768742e205265766965772053656e74696d656e743a,09befb61e6099b92367dd06c69c3edeeb50b99441696de44937e2a3463c11c91,b7a202b148964e1621bd179ca73ebc0c1dee421646af08beeeed651a8cc3cdb4,"[50256, 14832, 8255, 25, 6363, 10319, 12, 448, 308, 3775, 290, 20239, 900, 5207, 986, 389, 286, 1781, 336, 586, 4035, 306, 542, 36207, 290, 1165, 22152, 1143, 416, 2063, 13, 6602, 11352, 3681, 25]","[50256, 14832, 8255, 25, 3574, 262, 1263, 6175, 8714, 286, 262, 4756, 10824, 284, 2574, 647, 37584, 338, 7138, 7758, 29512, 4776, 11, 9075, 2516, 3011, 655, 546, 2279, 826, 13, 6602, 11352, 3681, 25]",35,35,True,Its gross-out gags and colorful set pieces... are of course stultifyingly contrived and too stylized by half.,"From the big giant titles of the opening credits to Elmer Bernstein's perfectly melodic score, Haynes gets just about everything right.",tigges,True
sst_tigges_pythia_correct_test,302,sst-8278,sst-7945,1,0,Review Text: The cartoon is about as true to the spirit of the Festival of Lights as Mr. Deeds was to that of Frank Capra. Review Sentiment:,"Review Text: The editing is chaotic, the photography grainy and badly focused, the writing unintentionally hilarious, the direction unfocused, the performances as wooden. Review Sentiment:",'Review Text: The cartoon is about as true to the spirit of the Festival of Lights as Mr. Deeds was to that of Frank Capra. Review Sentiment:',"'Review Text: The editing is chaotic, the photography grainy and badly focused, the writing unintentionally hilarious, the direction unfocused, the performances as wooden. Review Sentiment:'",52657669657720546578743a2054686520636172746f6f6e2069732061626f7574206173207472756520746f2074686520737069726974206f662074686520466573746976616c206f66204c6967687473206173204d722e2044656564732077617320746f2074686174206f66204672616e6b2043617072612e205265766965772053656e74696d656e743a,52657669657720546578743a205468652065646974696e67206973206368616f7469632c207468652070686f746f67726170687920677261696e7920616e64206261646c7920666f63757365642c207468652077726974696e6720756e696e74656e74696f6e616c6c792068696c6172696f75732c2074686520646972656374696f6e20756e666f63757365642c2074686520706572666f726d616e63657320617320776f6f64656e2e205265766965772053656e74696d656e743a,59c6aa9428c145a286704b13736eec62eb9e1a02420ed567d85948002e88971f,e0cfe64064f83bf0b6a718538356106171d830157cc2a8ccdc1ce8182d179090,"[50256, 14832, 8255, 25, 383, 16251, 318, 546, 355, 2081, 284, 262, 4437, 286, 262, 11117, 286, 22661, 355, 1770, 13, 1024, 5379, 373, 284, 326, 286, 5278, 4476, 430, 13, 6602, 11352, 3681, 25]","[50256, 14832, 8255, 25, 383, 12857, 318, 23458, 11, 262, 16223, 13020, 88, 290, 11234, 5670, 11, 262, 3597, 44793, 20105, 11, 262, 4571, 28312, 11, 262, 13289, 355, 13510, 13, 6602, 11352, 3681, 25]",35,35,True,The cartoon is about as true to the spirit of the Festival of Lights as Mr. Deeds was to that of Frank Capra.,"The editing is chaotic, the photography grainy and badly focused, the writing unintentionally hilarious, the direction unfocused, the performances as wooden.",tigges,True
sst_tigges_pythia_correct_test,303,sst-7945,sst-8278,0,1,"Review Text: The editing is chaotic, the photography grainy and badly focused, the writing unintentionally hilarious, the direction unfocused, the performances as wooden. Review Sentiment:",Review Text: The cartoon is about as true to the spirit of the Festival of Lights as Mr. Deeds was to that of Frank Capra. Review Sentiment:,"'Review Text: The editing is chaotic, the photography grainy and badly focused, the writing unintentionally hilarious, the direction unfocused, the performances as wooden. Review Sentiment:'",'Review Text: The cartoon is about as true to the spirit of the Festival of Lights as Mr. Deeds was to that of Frank Capra. Review Sentiment:',52657669657720546578743a205468652065646974696e67206973206368616f7469632c207468652070686f746f67726170687920677261696e7920616e64206261646c7920666f63757365642c207468652077726974696e6720756e696e74656e74696f6e616c6c792068696c6172696f75732c2074686520646972656374696f6e20756e666f63757365642c2074686520706572666f726d616e63657320617320776f6f64656e2e205265766965772053656e74696d656e743a,52657669657720546578743a2054686520636172746f6f6e2069732061626f7574206173207472756520746f2074686520737069726974206f662074686520466573746976616c206f66204c6967687473206173204d722e2044656564732077617320746f2074686174206f66204672616e6b2043617072612e205265766965772053656e74696d656e743a,e0cfe64064f83bf0b6a718538356106171d830157cc2a8ccdc1ce8182d179090,59c6aa9428c145a286704b13736eec62eb9e1a02420ed567d85948002e88971f,"[50256, 14832, 8255, 25, 383, 12857, 318, 23458, 11, 262, 16223, 13020, 88, 290, 11234, 5670, 11, 262, 3597, 44793, 20105, 11, 262, 4571, 28312, 11, 262, 13289, 355, 13510, 13, 6602, 11352, 3681, 25]","[50256, 14832, 8255, 25, 383, 16251, 318, 546, 355, 2081, 284, 262, 4437, 286, 262, 11117, 286, 22661, 355, 1770, 13, 1024, 5379, 373, 284, 326, 286, 5278, 4476, 430, 13, 6602, 11352, 3681, 25]",35,35,True,"The editing is chaotic, the photography grainy and badly focused, the writing unintentionally hilarious, the direction unfocused, the performances as wooden.",The cartoon is about as true to the spirit of the Festival of Lights as Mr. Deeds was to that of Frank Capra.,tigges,True
sst_tigges_pythia_correct_test,304,sst-859,sst-7949,1,0,Review Text: Lee Jeong-Hyang tells it so lovingly and films it so beautifully that I couldn't help being captivated by it. Review Sentiment:,"Review Text: Uncertain in tone... a garbled exercise in sexual politics, a junior varsity Short Cuts by way of Very Bad Things. Review Sentiment:","""Review Text: Lee Jeong-Hyang tells it so lovingly and films it so beautifully that I couldn't help being captivated by it. Review Sentiment:""","'Review Text: Uncertain in tone... a garbled exercise in sexual politics, a junior varsity Short Cuts by way of Very Bad Things. Review Sentiment:'",52657669657720546578743a204c6565204a656f6e672d4879616e672074656c6c7320697420736f206c6f76696e676c7920616e642066696c6d7320697420736f2062656175746966756c6c792074686174204920636f756c646e27742068656c70206265696e6720636170746976617465642062792069742e205265766965772053656e74696d656e743a,52657669657720546578743a20556e6365727461696e20696e20746f6e652e2e2e206120676172626c656420657865726369736520696e2073657875616c20706f6c69746963732c2061206a756e696f7220766172736974792053686f7274204375747320627920776179206f66205665727920426164205468696e67732e205265766965772053656e74696d656e743a,451885c89a8d847c408862ff1e8b7ea4ecbf6df2b1ee1364260682a1f009c75a,0325e0fa3f4393709f0650aa69023acb03142de305f0d94bc2e21e035b17ee6f,"[50256, 14832, 8255, 25, 5741, 3852, 506, 12, 39, 17859, 4952, 340, 523, 42900, 4420, 290, 7328, 340, 523, 21104, 326, 314, 3521, 470, 1037, 852, 3144, 30829, 416, 340, 13, 6602, 11352, 3681, 25]","[50256, 14832, 8255, 25, 28304, 1425, 287, 8216, 986, 257, 5482, 9342, 5517, 287, 3206, 4819, 11, 257, 13430, 410, 45826, 10073, 327, 5500, 416, 835, 286, 9576, 7772, 11597, 13, 6602, 11352, 3681, 25]",35,35,True,Lee Jeong-Hyang tells it so lovingly and films it so beautifully that I couldn't help being captivated by it.,"Uncertain in tone... a garbled exercise in sexual politics, a junior varsity Short Cuts by way of Very Bad Things.",tigges,True
sst_tigges_pythia_correct_test,305,sst-7949,sst-859,0,1,"Review Text: Uncertain in tone... a garbled exercise in sexual politics, a junior varsity Short Cuts by way of Very Bad Things. Review Sentiment:",Review Text: Lee Jeong-Hyang tells it so lovingly and films it so beautifully that I couldn't help being captivated by it. Review Sentiment:,"'Review Text: Uncertain in tone... a garbled exercise in sexual politics, a junior varsity Short Cuts by way of Very Bad Things. Review Sentiment:'","""Review Text: Lee Jeong-Hyang tells it so lovingly and films it so beautifully that I couldn't help being captivated by it. Review Sentiment:""",52657669657720546578743a20556e6365727461696e20696e20746f6e652e2e2e206120676172626c656420657865726369736520696e2073657875616c20706f6c69746963732c2061206a756e696f7220766172736974792053686f7274204375747320627920776179206f66205665727920426164205468696e67732e205265766965772053656e74696d656e743a,52657669657720546578743a204c6565204a656f6e672d4879616e672074656c6c7320697420736f206c6f76696e676c7920616e642066696c6d7320697420736f2062656175746966756c6c792074686174204920636f756c646e27742068656c70206265696e6720636170746976617465642062792069742e205265766965772053656e74696d656e743a,0325e0fa3f4393709f0650aa69023acb03142de305f0d94bc2e21e035b17ee6f,451885c89a8d847c408862ff1e8b7ea4ecbf6df2b1ee1364260682a1f009c75a,"[50256, 14832, 8255, 25, 28304, 1425, 287, 8216, 986, 257, 5482, 9342, 5517, 287, 3206, 4819, 11, 257, 13430, 410, 45826, 10073, 327, 5500, 416, 835, 286, 9576, 7772, 11597, 13, 6602, 11352, 3681, 25]","[50256, 14832, 8255, 25, 5741, 3852, 506, 12, 39, 17859, 4952, 340, 523, 42900, 4420, 290, 7328, 340, 523, 21104, 326, 314, 3521, 470, 1037, 852, 3144, 30829, 416, 340, 13, 6602, 11352, 3681, 25]",35,35,True,"Uncertain in tone... a garbled exercise in sexual politics, a junior varsity Short Cuts by way of Very Bad Things.",Lee Jeong-Hyang tells it so lovingly and films it so beautifully that I couldn't help being captivated by it.,tigges,True
sst_tigges_pythia_correct_test,306,sst-370,sst-8016,1,0,Review Text: Bennett's dramatization of her personal descent into post-breakup perdition has a morbid appeal that's tough to shake. Review Sentiment:,"Review Text: Some, like Ballistic, arrive stillborn... looking like the beaten, well-worn video box cover of seven years into the future. Review Sentiment:","""Review Text: Bennett's dramatization of her personal descent into post-breakup perdition has a morbid appeal that's tough to shake. Review Sentiment:""","'Review Text: Some, like Ballistic, arrive stillborn... looking like the beaten, well-worn video box cover of seven years into the future. Review Sentiment:'",52657669657720546578743a2042656e6e6574742773206472616d6174697a6174696f6e206f662068657220706572736f6e616c2064657363656e7420696e746f20706f73742d627265616b757020706572646974696f6e206861732061206d6f726269642061707065616c2074686174277320746f75676820746f207368616b652e205265766965772053656e74696d656e743a,52657669657720546578743a20536f6d652c206c696b652042616c6c69737469632c20617272697665207374696c6c626f726e2e2e2e206c6f6f6b696e67206c696b65207468652062656174656e2c2077656c6c2d776f726e20766964656f20626f7820636f766572206f6620736576656e20796561727320696e746f20746865206675747572652e205265766965772053656e74696d656e743a,b8305f4ad8257f122470be62de196a329f2aaa439f9b8e202e5c84a0f8e28cf5,aea7a21847b00b7748156559309309703c1e1772fc868578e0705be74aa4b470,"[50256, 14832, 8255, 25, 17468, 338, 4850, 265, 1634, 286, 607, 2614, 18598, 656, 1281, 12, 9032, 929, 583, 67, 653, 468, 257, 34813, 5198, 326, 338, 5802, 284, 13279, 13, 6602, 11352, 3681, 25]","[50256, 14832, 8255, 25, 2773, 11, 588, 48738, 11, 9240, 991, 6286, 986, 2045, 588, 262, 13125, 11, 880, 12, 34565, 2008, 3091, 3002, 286, 3598, 812, 656, 262, 2003, 13, 6602, 11352, 3681, 25]",35,35,True,Bennett's dramatization of her personal descent into post-breakup perdition has a morbid appeal that's tough to shake.,"Some, like Ballistic, arrive stillborn... looking like the beaten, well-worn video box cover of seven years into the future.",tigges,True
sst_tigges_pythia_correct_test,307,sst-8016,sst-370,0,1,"Review Text: Some, like Ballistic, arrive stillborn... looking like the beaten, well-worn video box cover of seven years into the future. Review Sentiment:",Review Text: Bennett's dramatization of her personal descent into post-breakup perdition has a morbid appeal that's tough to shake. Review Sentiment:,"'Review Text: Some, like Ballistic, arrive stillborn... looking like the beaten, well-worn video box cover of seven years into the future. Review Sentiment:'","""Review Text: Bennett's dramatization of her personal descent into post-breakup perdition has a morbid appeal that's tough to shake. Review Sentiment:""",52657669657720546578743a20536f6d652c206c696b652042616c6c69737469632c20617272697665207374696c6c626f726e2e2e2e206c6f6f6b696e67206c696b65207468652062656174656e2c2077656c6c2d776f726e20766964656f20626f7820636f766572206f6620736576656e20796561727320696e746f20746865206675747572652e205265766965772053656e74696d656e743a,52657669657720546578743a2042656e6e6574742773206472616d6174697a6174696f6e206f662068657220706572736f6e616c2064657363656e7420696e746f20706f73742d627265616b757020706572646974696f6e206861732061206d6f726269642061707065616c2074686174277320746f75676820746f207368616b652e205265766965772053656e74696d656e743a,aea7a21847b00b7748156559309309703c1e1772fc868578e0705be74aa4b470,b8305f4ad8257f122470be62de196a329f2aaa439f9b8e202e5c84a0f8e28cf5,"[50256, 14832, 8255, 25, 2773, 11, 588, 48738, 11, 9240, 991, 6286, 986, 2045, 588, 262, 13125, 11, 880, 12, 34565, 2008, 3091, 3002, 286, 3598, 812, 656, 262, 2003, 13, 6602, 11352, 3681, 25]","[50256, 14832, 8255, 25, 17468, 338, 4850, 265, 1634, 286, 607, 2614, 18598, 656, 1281, 12, 9032, 929, 583, 67, 653, 468, 257, 34813, 5198, 326, 338, 5802, 284, 13279, 13, 6602, 11352, 3681, 25]",35,35,True,"Some, like Ballistic, arrive stillborn... looking like the beaten, well-worn video box cover of seven years into the future.",Bennett's dramatization of her personal descent into post-breakup perdition has a morbid appeal that's tough to shake.,tigges,True
sst_tigges_pythia_correct_test,308,sst-8284,sst-8945,1,0,Review Text: Morrissette's script and direction show a fair amount of intelligence and wit--but it doesn't signify a whole lot either. Review Sentiment:,"Review Text: Unfortunately, as a writer, Mr. Montias isn't nearly as good to his crew as he is as a director or actor. Review Sentiment:","""Review Text: Morrissette's script and direction show a fair amount of intelligence and wit--but it doesn't signify a whole lot either. Review Sentiment:""","""Review Text: Unfortunately, as a writer, Mr. Montias isn't nearly as good to his crew as he is as a director or actor. Review Sentiment:""",52657669657720546578743a204d6f72726973736574746527732073637269707420616e6420646972656374696f6e2073686f772061206661697220616d6f756e74206f6620696e74656c6c6967656e636520616e64207769742d2d62757420697420646f65736e2774207369676e69667920612077686f6c65206c6f74206569746865722e205265766965772053656e74696d656e743a,52657669657720546578743a20556e666f7274756e6174656c792c2061732061207772697465722c204d722e204d6f6e746961732069736e2774206e6561726c7920617320676f6f6420746f2068697320637265772061732068652069732061732061206469726563746f72206f72206163746f722e205265766965772053656e74696d656e743a,85f9f095be6643ab1f5626cdbb5091e3f794371e0a1ee1817234bef1347f4cdf,4e934a529f90db2fac32833b553a8d8399af7bd3943c7b17c0fb5e0cadcdb48f,"[50256, 14832, 8255, 25, 3461, 81, 747, 5857, 338, 4226, 290, 4571, 905, 257, 3148, 2033, 286, 4430, 290, 20868, 438, 4360, 340, 1595, 470, 44078, 257, 2187, 1256, 2035, 13, 6602, 11352, 3681, 25]","[50256, 14832, 8255, 25, 8989, 11, 355, 257, 6260, 11, 1770, 13, 5575, 4448, 2125, 470, 3016, 355, 922, 284, 465, 5462, 355, 339, 318, 355, 257, 3437, 393, 8674, 13, 6602, 11352, 3681, 25]",35,35,True,Morrissette's script and direction show a fair amount of intelligence and wit--but it doesn't signify a whole lot either.,"Unfortunately, as a writer, Mr. Montias isn't nearly as good to his crew as he is as a director or actor.",tigges,True
sst_tigges_pythia_correct_test,309,sst-8945,sst-8284,0,1,"Review Text: Unfortunately, as a writer, Mr. Montias isn't nearly as good to his crew as he is as a director or actor. Review Sentiment:",Review Text: Morrissette's script and direction show a fair amount of intelligence and wit--but it doesn't signify a whole lot either. Review Sentiment:,"""Review Text: Unfortunately, as a writer, Mr. Montias isn't nearly as good to his crew as he is as a director or actor. Review Sentiment:""","""Review Text: Morrissette's script and direction show a fair amount of intelligence and wit--but it doesn't signify a whole lot either. Review Sentiment:""",52657669657720546578743a20556e666f7274756e6174656c792c2061732061207772697465722c204d722e204d6f6e746961732069736e2774206e6561726c7920617320676f6f6420746f2068697320637265772061732068652069732061732061206469726563746f72206f72206163746f722e205265766965772053656e74696d656e743a,52657669657720546578743a204d6f72726973736574746527732073637269707420616e6420646972656374696f6e2073686f772061206661697220616d6f756e74206f6620696e74656c6c6967656e636520616e64207769742d2d62757420697420646f65736e2774207369676e69667920612077686f6c65206c6f74206569746865722e205265766965772053656e74696d656e743a,4e934a529f90db2fac32833b553a8d8399af7bd3943c7b17c0fb5e0cadcdb48f,85f9f095be6643ab1f5626cdbb5091e3f794371e0a1ee1817234bef1347f4cdf,"[50256, 14832, 8255, 25, 8989, 11, 355, 257, 6260, 11, 1770, 13, 5575, 4448, 2125, 470, 3016, 355, 922, 284, 465, 5462, 355, 339, 318, 355, 257, 3437, 393, 8674, 13, 6602, 11352, 3681, 25]","[50256, 14832, 8255, 25, 3461, 81, 747, 5857, 338, 4226, 290, 4571, 905, 257, 3148, 2033, 286, 4430, 290, 20868, 438, 4360, 340, 1595, 470, 44078, 257, 2187, 1256, 2035, 13, 6602, 11352, 3681, 25]",35,35,True,"Unfortunately, as a writer, Mr. Montias isn't nearly as good to his crew as he is as a director or actor.",Morrissette's script and direction show a fair amount of intelligence and wit--but it doesn't signify a whole lot either.,tigges,True
sst_tigges_pythia_correct_test,310,sst-1054,sst-8612,1,0,"Review Text: Without resorting to hyperbole, I can state that Kissing Jessica Stein may be the best same-sex romance I have seen. Review Sentiment:","Review Text: The makers have forsaken the entertaining elements of the original and, instead, rehash old jokes and leave any life at the doorstep. Review Sentiment:","'Review Text: Without resorting to hyperbole, I can state that Kissing Jessica Stein may be the best same-sex romance I have seen. Review Sentiment:'","'Review Text: The makers have forsaken the entertaining elements of the original and, instead, rehash old jokes and leave any life at the doorstep. Review Sentiment:'",52657669657720546578743a20576974686f7574207265736f7274696e6720746f206879706572626f6c652c20492063616e2073746174652074686174204b697373696e67204a65737369636120537465696e206d61792062652074686520626573742073616d652d73657820726f6d616e636520492068617665207365656e2e205265766965772053656e74696d656e743a,52657669657720546578743a20546865206d616b657273206861766520666f7273616b656e2074686520656e7465727461696e696e6720656c656d656e7473206f6620746865206f726967696e616c20616e642c20696e73746561642c20726568617368206f6c64206a6f6b657320616e64206c6561766520616e79206c6966652061742074686520646f6f72737465702e205265766965772053656e74696d656e743a,5193ab06c75a13f4c4ad29de563311b94114ed243964212b752a46f10b1ff0ff,b4df1d23b9b267516dd98ec3560e2acca2612c80aef9e5a8dac4b24e205862d2,"[50256, 14832, 8255, 25, 9170, 12600, 278, 284, 8718, 45693, 11, 314, 460, 1181, 326, 20350, 278, 17352, 15215, 743, 307, 262, 1266, 976, 12, 8044, 19661, 314, 423, 1775, 13, 6602, 11352, 3681, 25]","[50256, 14832, 8255, 25, 383, 14429, 423, 46931, 1685, 262, 17774, 4847, 286, 262, 2656, 290, 11, 2427, 11, 302, 17831, 1468, 14532, 290, 2666, 597, 1204, 379, 262, 41594, 13, 6602, 11352, 3681, 25]",35,35,True,"Without resorting to hyperbole, I can state that Kissing Jessica Stein may be the best same-sex romance I have seen.","The makers have forsaken the entertaining elements of the original and, instead, rehash old jokes and leave any life at the doorstep.",tigges,True
sst_tigges_pythia_correct_test,311,sst-8612,sst-1054,0,1,"Review Text: The makers have forsaken the entertaining elements of the original and, instead, rehash old jokes and leave any life at the doorstep. Review Sentiment:","Review Text: Without resorting to hyperbole, I can state that Kissing Jessica Stein may be the best same-sex romance I have seen. Review Sentiment:","'Review Text: The makers have forsaken the entertaining elements of the original and, instead, rehash old jokes and leave any life at the doorstep. Review Sentiment:'","'Review Text: Without resorting to hyperbole, I can state that Kissing Jessica Stein may be the best same-sex romance I have seen. Review Sentiment:'",52657669657720546578743a20546865206d616b657273206861766520666f7273616b656e2074686520656e7465727461696e696e6720656c656d656e7473206f6620746865206f726967696e616c20616e642c20696e73746561642c20726568617368206f6c64206a6f6b657320616e64206c6561766520616e79206c6966652061742074686520646f6f72737465702e205265766965772053656e74696d656e743a,52657669657720546578743a20576974686f7574207265736f7274696e6720746f206879706572626f6c652c20492063616e2073746174652074686174204b697373696e67204a65737369636120537465696e206d61792062652074686520626573742073616d652d73657820726f6d616e636520492068617665207365656e2e205265766965772053656e74696d656e743a,b4df1d23b9b267516dd98ec3560e2acca2612c80aef9e5a8dac4b24e205862d2,5193ab06c75a13f4c4ad29de563311b94114ed243964212b752a46f10b1ff0ff,"[50256, 14832, 8255, 25, 383, 14429, 423, 46931, 1685, 262, 17774, 4847, 286, 262, 2656, 290, 11, 2427, 11, 302, 17831, 1468, 14532, 290, 2666, 597, 1204, 379, 262, 41594, 13, 6602, 11352, 3681, 25]","[50256, 14832, 8255, 25, 9170, 12600, 278, 284, 8718, 45693, 11, 314, 460, 1181, 326, 20350, 278, 17352, 15215, 743, 307, 262, 1266, 976, 12, 8044, 19661, 314, 423, 1775, 13, 6602, 11352, 3681, 25]",35,35,True,"The makers have forsaken the entertaining elements of the original and, instead, rehash old jokes and leave any life at the doorstep.","Without resorting to hyperbole, I can state that Kissing Jessica Stein may be the best same-sex romance I have seen.",tigges,True
sst_tigges_pythia_correct_test,312,sst-1081,sst-8786,1,0,Review Text: An extraordinary Swedish film about the soul adventure of marriage--the kind of intimate and character-driven film that Bille August does best. Review Sentiment:,"Review Text: A mix of velocity and idiocy, this ruinous remake lacks the brawn--and the brains--of the 1970s original. Review Sentiment:",'Review Text: An extraordinary Swedish film about the soul adventure of marriage--the kind of intimate and character-driven film that Bille August does best. Review Sentiment:',"'Review Text: A mix of velocity and idiocy, this ruinous remake lacks the brawn--and the brains--of the 1970s original. Review Sentiment:'",52657669657720546578743a20416e2065787472616f7264696e61727920537765646973682066696c6d2061626f75742074686520736f756c20616476656e74757265206f66206d617272696167652d2d746865206b696e64206f6620696e74696d61746520616e64206368617261637465722d64726976656e2066696c6d20746861742042696c6c652041756775737420646f657320626573742e205265766965772053656e74696d656e743a,52657669657720546578743a2041206d6978206f662076656c6f6369747920616e64206964696f63792c2074686973207275696e6f75732072656d616b65206c61636b732074686520627261776e2d2d616e642074686520627261696e732d2d6f6620746865203139373073206f726967696e616c2e205265766965772053656e74696d656e743a,c4c98fd263663d2d5912f491668ad9a94791480008262cae344aba5512b662d2,c6bdbf0ec2426aac77175b7b7b6f223e3672d442ee7024c686283027f08519e5,"[50256, 14832, 8255, 25, 1052, 11359, 14023, 2646, 546, 262, 5848, 8855, 286, 4845, 438, 1169, 1611, 286, 16584, 290, 2095, 12, 15808, 2646, 326, 347, 8270, 2932, 857, 1266, 13, 6602, 11352, 3681, 25]","[50256, 14832, 8255, 25, 317, 5022, 286, 15432, 290, 46205, 13733, 11, 428, 16866, 516, 28763, 16523, 262, 275, 5791, 438, 392, 262, 14290, 438, 1659, 262, 8069, 82, 2656, 13, 6602, 11352, 3681, 25]",35,35,True,An extraordinary Swedish film about the soul adventure of marriage--the kind of intimate and character-driven film that Bille August does best.,"A mix of velocity and idiocy, this ruinous remake lacks the brawn--and the brains--of the 1970s original.",tigges,True
sst_tigges_pythia_correct_test,313,sst-8786,sst-1081,0,1,"Review Text: A mix of velocity and idiocy, this ruinous remake lacks the brawn--and the brains--of the 1970s original. Review Sentiment:",Review Text: An extraordinary Swedish film about the soul adventure of marriage--the kind of intimate and character-driven film that Bille August does best. Review Sentiment:,"'Review Text: A mix of velocity and idiocy, this ruinous remake lacks the brawn--and the brains--of the 1970s original. Review Sentiment:'",'Review Text: An extraordinary Swedish film about the soul adventure of marriage--the kind of intimate and character-driven film that Bille August does best. Review Sentiment:',52657669657720546578743a2041206d6978206f662076656c6f6369747920616e64206964696f63792c2074686973207275696e6f75732072656d616b65206c61636b732074686520627261776e2d2d616e642074686520627261696e732d2d6f6620746865203139373073206f726967696e616c2e205265766965772053656e74696d656e743a,52657669657720546578743a20416e2065787472616f7264696e61727920537765646973682066696c6d2061626f75742074686520736f756c20616476656e74757265206f66206d617272696167652d2d746865206b696e64206f6620696e74696d61746520616e64206368617261637465722d64726976656e2066696c6d20746861742042696c6c652041756775737420646f657320626573742e205265766965772053656e74696d656e743a,c6bdbf0ec2426aac77175b7b7b6f223e3672d442ee7024c686283027f08519e5,c4c98fd263663d2d5912f491668ad9a94791480008262cae344aba5512b662d2,"[50256, 14832, 8255, 25, 317, 5022, 286, 15432, 290, 46205, 13733, 11, 428, 16866, 516, 28763, 16523, 262, 275, 5791, 438, 392, 262, 14290, 438, 1659, 262, 8069, 82, 2656, 13, 6602, 11352, 3681, 25]","[50256, 14832, 8255, 25, 1052, 11359, 14023, 2646, 546, 262, 5848, 8855, 286, 4845, 438, 1169, 1611, 286, 16584, 290, 2095, 12, 15808, 2646, 326, 347, 8270, 2932, 857, 1266, 13, 6602, 11352, 3681, 25]",35,35,True,"A mix of velocity and idiocy, this ruinous remake lacks the brawn--and the brains--of the 1970s original.",An extraordinary Swedish film about the soul adventure of marriage--the kind of intimate and character-driven film that Bille August does best.,tigges,True
sst_tigges_pythia_correct_test,314,sst-969,sst-7955,1,0,"Review Text: Finds a way to tell a simple story, perhaps the simplest story of all, in a way that seems compelling and even original. Review Sentiment:",Review Text: Culkin exudes none of the charm or charisma that might keep a more general audience even vaguely interested in his bratty character. Review Sentiment:,"'Review Text: Finds a way to tell a simple story, perhaps the simplest story of all, in a way that seems compelling and even original. Review Sentiment:'",'Review Text: Culkin exudes none of the charm or charisma that might keep a more general audience even vaguely interested in his bratty character. Review Sentiment:',52657669657720546578743a2046696e647320612077617920746f2074656c6c20612073696d706c652073746f72792c2070657268617073207468652073696d706c6573742073746f7279206f6620616c6c2c20696e2061207761792074686174207365656d7320636f6d70656c6c696e6720616e64206576656e206f726967696e616c2e205265766965772053656e74696d656e743a,52657669657720546578743a2043756c6b696e20657875646573206e6f6e65206f662074686520636861726d206f72206368617269736d612074686174206d69676874206b6565702061206d6f72652067656e6572616c2061756469656e6365206576656e2076616775656c7920696e746572657374656420696e2068697320627261747479206368617261637465722e205265766965772053656e74696d656e743a,a65656423590e7f6948ce29feaabc37640a04e03165d9a85b6bffb150dbdfc44,202bfedcb531baff0b19330385e38bc43ccfda13a27f6f5fade8a521c10fa206,"[50256, 14832, 8255, 25, 9938, 82, 257, 835, 284, 1560, 257, 2829, 1621, 11, 3737, 262, 24043, 1621, 286, 477, 11, 287, 257, 835, 326, 2331, 13206, 290, 772, 2656, 13, 6602, 11352, 3681, 25]","[50256, 14832, 8255, 25, 32559, 5116, 409, 8401, 4844, 286, 262, 20024, 393, 45581, 326, 1244, 1394, 257, 517, 2276, 5386, 772, 29627, 4609, 287, 465, 865, 265, 774, 2095, 13, 6602, 11352, 3681, 25]",35,35,True,"Finds a way to tell a simple story, perhaps the simplest story of all, in a way that seems compelling and even original.",Culkin exudes none of the charm or charisma that might keep a more general audience even vaguely interested in his bratty character.,tigges,True
sst_tigges_pythia_correct_test,315,sst-7955,sst-969,0,1,Review Text: Culkin exudes none of the charm or charisma that might keep a more general audience even vaguely interested in his bratty character. Review Sentiment:,"Review Text: Finds a way to tell a simple story, perhaps the simplest story of all, in a way that seems compelling and even original. Review Sentiment:",'Review Text: Culkin exudes none of the charm or charisma that might keep a more general audience even vaguely interested in his bratty character. Review Sentiment:',"'Review Text: Finds a way to tell a simple story, perhaps the simplest story of all, in a way that seems compelling and even original. Review Sentiment:'",52657669657720546578743a2043756c6b696e20657875646573206e6f6e65206f662074686520636861726d206f72206368617269736d612074686174206d69676874206b6565702061206d6f72652067656e6572616c2061756469656e6365206576656e2076616775656c7920696e746572657374656420696e2068697320627261747479206368617261637465722e205265766965772053656e74696d656e743a,52657669657720546578743a2046696e647320612077617920746f2074656c6c20612073696d706c652073746f72792c2070657268617073207468652073696d706c6573742073746f7279206f6620616c6c2c20696e2061207761792074686174207365656d7320636f6d70656c6c696e6720616e64206576656e206f726967696e616c2e205265766965772053656e74696d656e743a,202bfedcb531baff0b19330385e38bc43ccfda13a27f6f5fade8a521c10fa206,a65656423590e7f6948ce29feaabc37640a04e03165d9a85b6bffb150dbdfc44,"[50256, 14832, 8255, 25, 32559, 5116, 409, 8401, 4844, 286, 262, 20024, 393, 45581, 326, 1244, 1394, 257, 517, 2276, 5386, 772, 29627, 4609, 287, 465, 865, 265, 774, 2095, 13, 6602, 11352, 3681, 25]","[50256, 14832, 8255, 25, 9938, 82, 257, 835, 284, 1560, 257, 2829, 1621, 11, 3737, 262, 24043, 1621, 286, 477, 11, 287, 257, 835, 326, 2331, 13206, 290, 772, 2656, 13, 6602, 11352, 3681, 25]",35,35,True,Culkin exudes none of the charm or charisma that might keep a more general audience even vaguely interested in his bratty character.,"Finds a way to tell a simple story, perhaps the simplest story of all, in a way that seems compelling and even original.",tigges,True
sst_tigges_pythia_correct_test,316,sst-79,sst-8227,1,0,"Review Text: The appearance of Treebeard and Gollum's expanded role will either have you loving what you're seeing, or rolling your eyes. Review Sentiment:",Review Text: Mark me down as a non-believer in werewolf films that are not serious and rely on stupidity as a substitute for humor. Review Sentiment:,"""Review Text: The appearance of Treebeard and Gollum's expanded role will either have you loving what you're seeing, or rolling your eyes. Review Sentiment:""",'Review Text: Mark me down as a non-believer in werewolf films that are not serious and rely on stupidity as a substitute for humor. Review Sentiment:',52657669657720546578743a2054686520617070656172616e6365206f662054726565626561726420616e6420476f6c6c756d277320657870616e64656420726f6c652077696c6c20656974686572206861766520796f75206c6f76696e67207768617420796f7527726520736565696e672c206f7220726f6c6c696e6720796f757220657965732e205265766965772053656e74696d656e743a,52657669657720546578743a204d61726b206d6520646f776e2061732061206e6f6e2d62656c696576657220696e2077657265776f6c662066696c6d73207468617420617265206e6f7420736572696f757320616e642072656c79206f6e207374757069646974792061732061207375627374697475746520666f722068756d6f722e205265766965772053656e74696d656e743a,ba06176ee84da041aa03bfbef6b709846e77fbd0e30a43a07f333e2905960f27,638a550b36398eec505b936ef5b150f53deec95be67dca8e495553b3dd893716,"[50256, 14832, 8255, 25, 383, 5585, 286, 12200, 39433, 290, 402, 692, 388, 338, 9902, 2597, 481, 2035, 423, 345, 14442, 644, 345, 821, 4379, 11, 393, 10708, 534, 2951, 13, 6602, 11352, 3681, 25]","[50256, 14832, 8255, 25, 2940, 502, 866, 355, 257, 1729, 12, 6667, 47818, 287, 547, 18829, 7328, 326, 389, 407, 2726, 290, 8814, 319, 37775, 355, 257, 15373, 329, 14733, 13, 6602, 11352, 3681, 25]",35,35,True,"The appearance of Treebeard and Gollum's expanded role will either have you loving what you're seeing, or rolling your eyes.",Mark me down as a non-believer in werewolf films that are not serious and rely on stupidity as a substitute for humor.,tigges,True
sst_tigges_pythia_correct_test,317,sst-8227,sst-79,0,1,Review Text: Mark me down as a non-believer in werewolf films that are not serious and rely on stupidity as a substitute for humor. Review Sentiment:,"Review Text: The appearance of Treebeard and Gollum's expanded role will either have you loving what you're seeing, or rolling your eyes. Review Sentiment:",'Review Text: Mark me down as a non-believer in werewolf films that are not serious and rely on stupidity as a substitute for humor. Review Sentiment:',"""Review Text: The appearance of Treebeard and Gollum's expanded role will either have you loving what you're seeing, or rolling your eyes. Review Sentiment:""",52657669657720546578743a204d61726b206d6520646f776e2061732061206e6f6e2d62656c696576657220696e2077657265776f6c662066696c6d73207468617420617265206e6f7420736572696f757320616e642072656c79206f6e207374757069646974792061732061207375627374697475746520666f722068756d6f722e205265766965772053656e74696d656e743a,52657669657720546578743a2054686520617070656172616e6365206f662054726565626561726420616e6420476f6c6c756d277320657870616e64656420726f6c652077696c6c20656974686572206861766520796f75206c6f76696e67207768617420796f7527726520736565696e672c206f7220726f6c6c696e6720796f757220657965732e205265766965772053656e74696d656e743a,638a550b36398eec505b936ef5b150f53deec95be67dca8e495553b3dd893716,ba06176ee84da041aa03bfbef6b709846e77fbd0e30a43a07f333e2905960f27,"[50256, 14832, 8255, 25, 2940, 502, 866, 355, 257, 1729, 12, 6667, 47818, 287, 547, 18829, 7328, 326, 389, 407, 2726, 290, 8814, 319, 37775, 355, 257, 15373, 329, 14733, 13, 6602, 11352, 3681, 25]","[50256, 14832, 8255, 25, 383, 5585, 286, 12200, 39433, 290, 402, 692, 388, 338, 9902, 2597, 481, 2035, 423, 345, 14442, 644, 345, 821, 4379, 11, 393, 10708, 534, 2951, 13, 6602, 11352, 3681, 25]",35,35,True,Mark me down as a non-believer in werewolf films that are not serious and rely on stupidity as a substitute for humor.,"The appearance of Treebeard and Gollum's expanded role will either have you loving what you're seeing, or rolling your eyes.",tigges,True
sst_tigges_pythia_correct_test,318,sst-539,sst-8375,1,0,Review Text: A sensitive and expertly acted crowd-pleaser that isn't above a little broad comedy and a few unabashedly sentimental tears. Review Sentiment:,"Review Text: Everyone connected to this movie seems to be part of an insider clique, which tends to breed formulaic films rather than fresh ones. Review Sentiment:","""Review Text: A sensitive and expertly acted crowd-pleaser that isn't above a little broad comedy and a few unabashedly sentimental tears. Review Sentiment:""","'Review Text: Everyone connected to this movie seems to be part of an insider clique, which tends to breed formulaic films rather than fresh ones. Review Sentiment:'",52657669657720546578743a20412073656e73697469766520616e64206578706572746c792061637465642063726f77642d706c656173657220746861742069736e27742061626f76652061206c6974746c652062726f616420636f6d65647920616e6420612066657720756e616261736865646c792073656e74696d656e74616c2074656172732e205265766965772053656e74696d656e743a,52657669657720546578743a2045766572796f6e6520636f6e6e656374656420746f2074686973206d6f766965207365656d7320746f2062652070617274206f6620616e20696e736964657220636c697175652c2077686963682074656e647320746f20627265656420666f726d756c6169632066696c6d7320726174686572207468616e206672657368206f6e65732e205265766965772053656e74696d656e743a,d2628033f2a792e051e9b132eff8c28432503e3f4b7d219958bbce60c352ef46,83c93936ab92e65a29095c79dbe60bc7a2676ea70803a3aa73abe64222f1fc6a,"[50256, 14832, 8255, 25, 317, 8564, 290, 5887, 306, 13134, 4315, 12, 1154, 6005, 326, 2125, 470, 2029, 257, 1310, 3154, 10997, 290, 257, 1178, 40986, 5263, 306, 46908, 10953, 13, 6602, 11352, 3681, 25]","[50256, 14832, 8255, 25, 11075, 5884, 284, 428, 3807, 2331, 284, 307, 636, 286, 281, 25851, 537, 2350, 11, 543, 12444, 284, 15939, 10451, 291, 7328, 2138, 621, 4713, 3392, 13, 6602, 11352, 3681, 25]",35,35,True,A sensitive and expertly acted crowd-pleaser that isn't above a little broad comedy and a few unabashedly sentimental tears.,"Everyone connected to this movie seems to be part of an insider clique, which tends to breed formulaic films rather than fresh ones.",tigges,True
sst_tigges_pythia_correct_test,319,sst-8375,sst-539,0,1,"Review Text: Everyone connected to this movie seems to be part of an insider clique, which tends to breed formulaic films rather than fresh ones. Review Sentiment:",Review Text: A sensitive and expertly acted crowd-pleaser that isn't above a little broad comedy and a few unabashedly sentimental tears. Review Sentiment:,"'Review Text: Everyone connected to this movie seems to be part of an insider clique, which tends to breed formulaic films rather than fresh ones. Review Sentiment:'","""Review Text: A sensitive and expertly acted crowd-pleaser that isn't above a little broad comedy and a few unabashedly sentimental tears. Review Sentiment:""",52657669657720546578743a2045766572796f6e6520636f6e6e656374656420746f2074686973206d6f766965207365656d7320746f2062652070617274206f6620616e20696e736964657220636c697175652c2077686963682074656e647320746f20627265656420666f726d756c6169632066696c6d7320726174686572207468616e206672657368206f6e65732e205265766965772053656e74696d656e743a,52657669657720546578743a20412073656e73697469766520616e64206578706572746c792061637465642063726f77642d706c656173657220746861742069736e27742061626f76652061206c6974746c652062726f616420636f6d65647920616e6420612066657720756e616261736865646c792073656e74696d656e74616c2074656172732e205265766965772053656e74696d656e743a,83c93936ab92e65a29095c79dbe60bc7a2676ea70803a3aa73abe64222f1fc6a,d2628033f2a792e051e9b132eff8c28432503e3f4b7d219958bbce60c352ef46,"[50256, 14832, 8255, 25, 11075, 5884, 284, 428, 3807, 2331, 284, 307, 636, 286, 281, 25851, 537, 2350, 11, 543, 12444, 284, 15939, 10451, 291, 7328, 2138, 621, 4713, 3392, 13, 6602, 11352, 3681, 25]","[50256, 14832, 8255, 25, 317, 8564, 290, 5887, 306, 13134, 4315, 12, 1154, 6005, 326, 2125, 470, 2029, 257, 1310, 3154, 10997, 290, 257, 1178, 40986, 5263, 306, 46908, 10953, 13, 6602, 11352, 3681, 25]",35,35,True,"Everyone connected to this movie seems to be part of an insider clique, which tends to breed formulaic films rather than fresh ones.",A sensitive and expertly acted crowd-pleaser that isn't above a little broad comedy and a few unabashedly sentimental tears.,tigges,True
sst_tigges_pythia_correct_test,320,sst-104,sst-8700,1,0,Review Text: Writer-director Burger imaginatively fans the embers of a dormant national grief and curiosity that has calcified into chronic cynicism and fear. Review Sentiment:,"Review Text: Never quite transcends jokester status... and the punchline doesn't live up to Barry's dead-eyed, perfectly chilled delivery. Review Sentiment:",'Review Text: Writer-director Burger imaginatively fans the embers of a dormant national grief and curiosity that has calcified into chronic cynicism and fear. Review Sentiment:',"""Review Text: Never quite transcends jokester status... and the punchline doesn't live up to Barry's dead-eyed, perfectly chilled delivery. Review Sentiment:""",52657669657720546578743a205772697465722d6469726563746f722042757267657220696d6167696e61746976656c792066616e732074686520656d62657273206f66206120646f726d616e74206e6174696f6e616c20677269656620616e6420637572696f736974792074686174206861732063616c63696669656420696e746f206368726f6e69632063796e696369736d20616e6420666561722e205265766965772053656e74696d656e743a,52657669657720546578743a204e65766572207175697465207472616e7363656e6473206a6f6b6573746572207374617475732e2e2e20616e64207468652070756e63686c696e6520646f65736e2774206c69766520757020746f204261727279277320646561642d657965642c20706572666563746c79206368696c6c65642064656c69766572792e205265766965772053656e74696d656e743a,73902e6970ee0cf289667bd69946573163552270a65e89df56835338a3fbed12,1fcb2942267436737665b65ef4802e3e962e3cf055bc4a1d133dc679c91f4a8f,"[50256, 14832, 8255, 25, 26606, 12, 35248, 28983, 25007, 9404, 3296, 262, 795, 1213, 286, 257, 41038, 2260, 18522, 290, 20136, 326, 468, 42302, 1431, 656, 10726, 49509, 290, 3252, 13, 6602, 11352, 3681, 25]","[50256, 14832, 8255, 25, 7236, 2407, 23589, 2412, 14532, 353, 3722, 986, 290, 262, 10862, 1370, 1595, 470, 2107, 510, 284, 14488, 338, 2636, 12, 18834, 11, 7138, 45550, 7585, 13, 6602, 11352, 3681, 25]",35,35,True,Writer-director Burger imaginatively fans the embers of a dormant national grief and curiosity that has calcified into chronic cynicism and fear.,"Never quite transcends jokester status... and the punchline doesn't live up to Barry's dead-eyed, perfectly chilled delivery.",tigges,True
sst_tigges_pythia_correct_test,321,sst-8700,sst-104,0,1,"Review Text: Never quite transcends jokester status... and the punchline doesn't live up to Barry's dead-eyed, perfectly chilled delivery. Review Sentiment:",Review Text: Writer-director Burger imaginatively fans the embers of a dormant national grief and curiosity that has calcified into chronic cynicism and fear. Review Sentiment:,"""Review Text: Never quite transcends jokester status... and the punchline doesn't live up to Barry's dead-eyed, perfectly chilled delivery. Review Sentiment:""",'Review Text: Writer-director Burger imaginatively fans the embers of a dormant national grief and curiosity that has calcified into chronic cynicism and fear. Review Sentiment:',52657669657720546578743a204e65766572207175697465207472616e7363656e6473206a6f6b6573746572207374617475732e2e2e20616e64207468652070756e63686c696e6520646f65736e2774206c69766520757020746f204261727279277320646561642d657965642c20706572666563746c79206368696c6c65642064656c69766572792e205265766965772053656e74696d656e743a,52657669657720546578743a205772697465722d6469726563746f722042757267657220696d6167696e61746976656c792066616e732074686520656d62657273206f66206120646f726d616e74206e6174696f6e616c20677269656620616e6420637572696f736974792074686174206861732063616c63696669656420696e746f206368726f6e69632063796e696369736d20616e6420666561722e205265766965772053656e74696d656e743a,1fcb2942267436737665b65ef4802e3e962e3cf055bc4a1d133dc679c91f4a8f,73902e6970ee0cf289667bd69946573163552270a65e89df56835338a3fbed12,"[50256, 14832, 8255, 25, 7236, 2407, 23589, 2412, 14532, 353, 3722, 986, 290, 262, 10862, 1370, 1595, 470, 2107, 510, 284, 14488, 338, 2636, 12, 18834, 11, 7138, 45550, 7585, 13, 6602, 11352, 3681, 25]","[50256, 14832, 8255, 25, 26606, 12, 35248, 28983, 25007, 9404, 3296, 262, 795, 1213, 286, 257, 41038, 2260, 18522, 290, 20136, 326, 468, 42302, 1431, 656, 10726, 49509, 290, 3252, 13, 6602, 11352, 3681, 25]",35,35,True,"Never quite transcends jokester status... and the punchline doesn't live up to Barry's dead-eyed, perfectly chilled delivery.",Writer-director Burger imaginatively fans the embers of a dormant national grief and curiosity that has calcified into chronic cynicism and fear.,tigges,True
sst_tigges_pythia_correct_test,322,sst-452,sst-8131,1,0,"Review Text: Long after you leave Justine, you'll be wondering what will happen to her and wishing her the best--whatever that might mean. Review Sentiment:","Review Text: A boring, wincingly cute and nauseatingly politically correct cartoon guaranteed to drive anyone much over age 4 screaming from the theater. Review Sentiment:","""Review Text: Long after you leave Justine, you'll be wondering what will happen to her and wishing her the best--whatever that might mean. Review Sentiment:""","'Review Text: A boring, wincingly cute and nauseatingly politically correct cartoon guaranteed to drive anyone much over age 4 screaming from the theater. Review Sentiment:'",52657669657720546578743a204c6f6e6720616674657220796f75206c65617665204a757374696e652c20796f75276c6c20626520776f6e646572696e6720776861742077696c6c2068617070656e20746f2068657220616e642077697368696e67206865722074686520626573742d2d77686174657665722074686174206d69676874206d65616e2e205265766965772053656e74696d656e743a,52657669657720546578743a204120626f72696e672c2077696e63696e676c79206375746520616e64206e617573656174696e676c7920706f6c69746963616c6c7920636f727265637420636172746f6f6e2067756172616e7465656420746f20647269766520616e796f6e65206d756368206f7665722061676520342073637265616d696e672066726f6d2074686520746865617465722e205265766965772053656e74696d656e743a,1132eea635836a24fa5dc37b23863442a122347e222cb5225492d746efcf2845,3995c9e2c9ab07634814897ffa63647d7cc6733f17f9f830e5f64eb831fe9587,"[50256, 14832, 8255, 25, 5882, 706, 345, 2666, 2329, 500, 11, 345, 1183, 307, 11263, 644, 481, 1645, 284, 607, 290, 24433, 607, 262, 1266, 438, 39664, 326, 1244, 1612, 13, 6602, 11352, 3681, 25]","[50256, 14832, 8255, 25, 317, 14262, 11, 1592, 2259, 306, 13779, 290, 24480, 803, 306, 11889, 3376, 16251, 11462, 284, 3708, 2687, 881, 625, 2479, 604, 14788, 422, 262, 13766, 13, 6602, 11352, 3681, 25]",35,35,True,"Long after you leave Justine, you'll be wondering what will happen to her and wishing her the best--whatever that might mean.","A boring, wincingly cute and nauseatingly politically correct cartoon guaranteed to drive anyone much over age 4 screaming from the theater.",tigges,True
sst_tigges_pythia_correct_test,323,sst-8131,sst-452,0,1,"Review Text: A boring, wincingly cute and nauseatingly politically correct cartoon guaranteed to drive anyone much over age 4 screaming from the theater. Review Sentiment:","Review Text: Long after you leave Justine, you'll be wondering what will happen to her and wishing her the best--whatever that might mean. Review Sentiment:","'Review Text: A boring, wincingly cute and nauseatingly politically correct cartoon guaranteed to drive anyone much over age 4 screaming from the theater. Review Sentiment:'","""Review Text: Long after you leave Justine, you'll be wondering what will happen to her and wishing her the best--whatever that might mean. Review Sentiment:""",52657669657720546578743a204120626f72696e672c2077696e63696e676c79206375746520616e64206e617573656174696e676c7920706f6c69746963616c6c7920636f727265637420636172746f6f6e2067756172616e7465656420746f20647269766520616e796f6e65206d756368206f7665722061676520342073637265616d696e672066726f6d2074686520746865617465722e205265766965772053656e74696d656e743a,52657669657720546578743a204c6f6e6720616674657220796f75206c65617665204a757374696e652c20796f75276c6c20626520776f6e646572696e6720776861742077696c6c2068617070656e20746f2068657220616e642077697368696e67206865722074686520626573742d2d77686174657665722074686174206d69676874206d65616e2e205265766965772053656e74696d656e743a,3995c9e2c9ab07634814897ffa63647d7cc6733f17f9f830e5f64eb831fe9587,1132eea635836a24fa5dc37b23863442a122347e222cb5225492d746efcf2845,"[50256, 14832, 8255, 25, 317, 14262, 11, 1592, 2259, 306, 13779, 290, 24480, 803, 306, 11889, 3376, 16251, 11462, 284, 3708, 2687, 881, 625, 2479, 604, 14788, 422, 262, 13766, 13, 6602, 11352, 3681, 25]","[50256, 14832, 8255, 25, 5882, 706, 345, 2666, 2329, 500, 11, 345, 1183, 307, 11263, 644, 481, 1645, 284, 607, 290, 24433, 607, 262, 1266, 438, 39664, 326, 1244, 1612, 13, 6602, 11352, 3681, 25]",35,35,True,"A boring, wincingly cute and nauseatingly politically correct cartoon guaranteed to drive anyone much over age 4 screaming from the theater.","Long after you leave Justine, you'll be wondering what will happen to her and wishing her the best--whatever that might mean.",tigges,True
sst_tigges_pythia_correct_test,324,sst-256,sst-8790,1,0,Review Text: Behan himself knew how to spin a tale and one can't help but think he'd appreciate this attempt to turn his life into art. Review Sentiment:,"Review Text: A free-for-all of half-baked thoughts, clumsily used visual tricks and self-indulgent actor moments. Review Sentiment:","""Review Text: Behan himself knew how to spin a tale and one can't help but think he'd appreciate this attempt to turn his life into art. Review Sentiment:""","'Review Text: A free-for-all of half-baked thoughts, clumsily used visual tricks and self-indulgent actor moments. Review Sentiment:'",52657669657720546578743a20426568616e2068696d73656c66206b6e657720686f7720746f207370696e20612074616c6520616e64206f6e652063616e27742068656c7020627574207468696e6b20686527642061707072656369617465207468697320617474656d707420746f207475726e20686973206c69666520696e746f206172742e205265766965772053656e74696d656e743a,52657669657720546578743a204120667265652d666f722d616c6c206f662068616c662d62616b65642074686f75676874732c20636c756d73696c7920757365642076697375616c20747269636b7320616e642073656c662d696e64756c67656e74206163746f72206d6f6d656e74732e205265766965772053656e74696d656e743a,c2d64c4209e5c6a3978a4daa5149c31ce34c1eb94c3217822c3465083a0eda30,0442a05fff4b9a25e7dc4afc6b72d083f3d5580947d9d84906a1d60a472b700f,"[50256, 14832, 8255, 25, 1355, 7637, 2241, 2993, 703, 284, 7906, 257, 12838, 290, 530, 460, 470, 1037, 475, 892, 339, 1549, 9144, 428, 2230, 284, 1210, 465, 1204, 656, 1242, 13, 6602, 11352, 3681, 25]","[50256, 14832, 8255, 25, 317, 1479, 12, 1640, 12, 439, 286, 2063, 12, 65, 4335, 6066, 11, 537, 5700, 813, 973, 5874, 15910, 290, 2116, 12, 521, 377, 6783, 8674, 7188, 13, 6602, 11352, 3681, 25]",36,36,True,Behan himself knew how to spin a tale and one can't help but think he'd appreciate this attempt to turn his life into art.,"A free-for-all of half-baked thoughts, clumsily used visual tricks and self-indulgent actor moments.",tigges,True
sst_tigges_pythia_correct_test,325,sst-8790,sst-256,0,1,"Review Text: A free-for-all of half-baked thoughts, clumsily used visual tricks and self-indulgent actor moments. Review Sentiment:",Review Text: Behan himself knew how to spin a tale and one can't help but think he'd appreciate this attempt to turn his life into art. Review Sentiment:,"'Review Text: A free-for-all of half-baked thoughts, clumsily used visual tricks and self-indulgent actor moments. Review Sentiment:'","""Review Text: Behan himself knew how to spin a tale and one can't help but think he'd appreciate this attempt to turn his life into art. Review Sentiment:""",52657669657720546578743a204120667265652d666f722d616c6c206f662068616c662d62616b65642074686f75676874732c20636c756d73696c7920757365642076697375616c20747269636b7320616e642073656c662d696e64756c67656e74206163746f72206d6f6d656e74732e205265766965772053656e74696d656e743a,52657669657720546578743a20426568616e2068696d73656c66206b6e657720686f7720746f207370696e20612074616c6520616e64206f6e652063616e27742068656c7020627574207468696e6b20686527642061707072656369617465207468697320617474656d707420746f207475726e20686973206c69666520696e746f206172742e205265766965772053656e74696d656e743a,0442a05fff4b9a25e7dc4afc6b72d083f3d5580947d9d84906a1d60a472b700f,c2d64c4209e5c6a3978a4daa5149c31ce34c1eb94c3217822c3465083a0eda30,"[50256, 14832, 8255, 25, 317, 1479, 12, 1640, 12, 439, 286, 2063, 12, 65, 4335, 6066, 11, 537, 5700, 813, 973, 5874, 15910, 290, 2116, 12, 521, 377, 6783, 8674, 7188, 13, 6602, 11352, 3681, 25]","[50256, 14832, 8255, 25, 1355, 7637, 2241, 2993, 703, 284, 7906, 257, 12838, 290, 530, 460, 470, 1037, 475, 892, 339, 1549, 9144, 428, 2230, 284, 1210, 465, 1204, 656, 1242, 13, 6602, 11352, 3681, 25]",36,36,True,"A free-for-all of half-baked thoughts, clumsily used visual tricks and self-indulgent actor moments.",Behan himself knew how to spin a tale and one can't help but think he'd appreciate this attempt to turn his life into art.,tigges,True
sst_tigges_pythia_correct_test,326,sst-634,sst-8875,1,0,"Review Text: ... ambition is in short supply in the cinema, and Egoyan tackles his themes and explores his characters' crises with seriousness and compassion. Review Sentiment:","Review Text: Not ` terrible filmmaking' bad, but more like,' I once had a nightmare like this, and it's now coming true' bad. Review Sentiment:","""Review Text: ... ambition is in short supply in the cinema, and Egoyan tackles his themes and explores his characters' crises with seriousness and compassion. Review Sentiment:""","""Review Text: Not ` terrible filmmaking' bad, but more like,' I once had a nightmare like this, and it's now coming true' bad. Review Sentiment:""",52657669657720546578743a202e2e2e20616d626974696f6e20697320696e2073686f727420737570706c7920696e207468652063696e656d612c20616e642045676f79616e207461636b6c657320686973207468656d657320616e64206578706c6f7265732068697320636861726163746572732720637269736573207769746820736572696f75736e65737320616e6420636f6d70617373696f6e2e205265766965772053656e74696d656e743a,52657669657720546578743a204e6f742060207465727269626c652066696c6d6d616b696e6727206261642c20627574206d6f7265206c696b652c272049206f6e6365206861642061206e696768746d617265206c696b6520746869732c20616e642069742773206e6f7720636f6d696e67207472756527206261642e205265766965772053656e74696d656e743a,89e30e2a0f4f3dfe0b258ff755ae5c5eb13e3bd53f1e9cc5fd8b771dde62fe38,17d762c7dcb33f0e681fff437d3e302b71ef635d67259fdc97a8055b13262f21,"[50256, 14832, 8255, 25, 2644, 20505, 318, 287, 1790, 5127, 287, 262, 22041, 11, 290, 36386, 726, 272, 18034, 465, 13460, 290, 25409, 465, 3435, 6, 25712, 351, 32095, 290, 15213, 13, 6602, 11352, 3681, 25]","[50256, 14832, 8255, 25, 1892, 4600, 7818, 49291, 6, 2089, 11, 475, 517, 588, 4032, 314, 1752, 550, 257, 17123, 588, 428, 11, 290, 340, 338, 783, 2406, 2081, 6, 2089, 13, 6602, 11352, 3681, 25]",36,36,True,"... ambition is in short supply in the cinema, and Egoyan tackles his themes and explores his characters' crises with seriousness and compassion.","Not ` terrible filmmaking' bad, but more like,' I once had a nightmare like this, and it's now coming true' bad.",tigges,True
sst_tigges_pythia_correct_test,327,sst-8875,sst-634,0,1,"Review Text: Not ` terrible filmmaking' bad, but more like,' I once had a nightmare like this, and it's now coming true' bad. Review Sentiment:","Review Text: ... ambition is in short supply in the cinema, and Egoyan tackles his themes and explores his characters' crises with seriousness and compassion. Review Sentiment:","""Review Text: Not ` terrible filmmaking' bad, but more like,' I once had a nightmare like this, and it's now coming true' bad. Review Sentiment:""","""Review Text: ... ambition is in short supply in the cinema, and Egoyan tackles his themes and explores his characters' crises with seriousness and compassion. Review Sentiment:""",52657669657720546578743a204e6f742060207465727269626c652066696c6d6d616b696e6727206261642c20627574206d6f7265206c696b652c272049206f6e6365206861642061206e696768746d617265206c696b6520746869732c20616e642069742773206e6f7720636f6d696e67207472756527206261642e205265766965772053656e74696d656e743a,52657669657720546578743a202e2e2e20616d626974696f6e20697320696e2073686f727420737570706c7920696e207468652063696e656d612c20616e642045676f79616e207461636b6c657320686973207468656d657320616e64206578706c6f7265732068697320636861726163746572732720637269736573207769746820736572696f75736e65737320616e6420636f6d70617373696f6e2e205265766965772053656e74696d656e743a,17d762c7dcb33f0e681fff437d3e302b71ef635d67259fdc97a8055b13262f21,89e30e2a0f4f3dfe0b258ff755ae5c5eb13e3bd53f1e9cc5fd8b771dde62fe38,"[50256, 14832, 8255, 25, 1892, 4600, 7818, 49291, 6, 2089, 11, 475, 517, 588, 4032, 314, 1752, 550, 257, 17123, 588, 428, 11, 290, 340, 338, 783, 2406, 2081, 6, 2089, 13, 6602, 11352, 3681, 25]","[50256, 14832, 8255, 25, 2644, 20505, 318, 287, 1790, 5127, 287, 262, 22041, 11, 290, 36386, 726, 272, 18034, 465, 13460, 290, 25409, 465, 3435, 6, 25712, 351, 32095, 290, 15213, 13, 6602, 11352, 3681, 25]",36,36,True,"Not ` terrible filmmaking' bad, but more like,' I once had a nightmare like this, and it's now coming true' bad.","... ambition is in short supply in the cinema, and Egoyan tackles his themes and explores his characters' crises with seriousness and compassion.",tigges,True
sst_tigges_pythia_correct_test,328,sst-8185,sst-8993,1,0,"Review Text: A broadly played, lowbrow comedy in which the cast delivers mildly amusing performances and no farm animals were injured by any of the gags. Review Sentiment:",Review Text: All these developments and challenges facing Santa weigh down the plot so heavily that they drain all the film of its energy and needlessly strain credibility. Review Sentiment:,"'Review Text: A broadly played, lowbrow comedy in which the cast delivers mildly amusing performances and no farm animals were injured by any of the gags. Review Sentiment:'",'Review Text: All these developments and challenges facing Santa weigh down the plot so heavily that they drain all the film of its energy and needlessly strain credibility. Review Sentiment:',52657669657720546578743a20412062726f61646c7920706c617965642c206c6f7762726f7720636f6d65647920696e2077686963682074686520636173742064656c6976657273206d696c646c7920616d7573696e6720706572666f726d616e63657320616e64206e6f206661726d20616e696d616c73207765726520696e6a7572656420627920616e79206f662074686520676167732e205265766965772053656e74696d656e743a,52657669657720546578743a20416c6c20746865736520646576656c6f706d656e747320616e64206368616c6c656e67657320666163696e672053616e746120776569676820646f776e2074686520706c6f7420736f2068656176696c792074686174207468657920647261696e20616c6c207468652066696c6d206f662069747320656e6572677920616e64206e6565646c6573736c792073747261696e20637265646962696c6974792e205265766965772053656e74696d656e743a,ec458f6c5096702a5dfb26271f7d4f85de3f1d4fd33c1a728cabe529618dffee,9e6b803fa8deab7994040a0530ab77f4d90f1124c18e1513faf8feff15855a30,"[50256, 14832, 8255, 25, 317, 18633, 2826, 11, 1877, 25367, 10997, 287, 543, 262, 3350, 16316, 33544, 28297, 13289, 290, 645, 5318, 4695, 547, 6686, 416, 597, 286, 262, 308, 3775, 13, 6602, 11352, 3681, 25]","[50256, 14832, 8255, 25, 1439, 777, 13312, 290, 6459, 6476, 8909, 10164, 866, 262, 7110, 523, 7272, 326, 484, 14782, 477, 262, 2646, 286, 663, 2568, 290, 761, 8613, 14022, 16532, 13, 6602, 11352, 3681, 25]",36,36,True,"A broadly played, lowbrow comedy in which the cast delivers mildly amusing performances and no farm animals were injured by any of the gags.",All these developments and challenges facing Santa weigh down the plot so heavily that they drain all the film of its energy and needlessly strain credibility.,tigges,True
sst_tigges_pythia_correct_test,329,sst-8993,sst-8185,0,1,Review Text: All these developments and challenges facing Santa weigh down the plot so heavily that they drain all the film of its energy and needlessly strain credibility. Review Sentiment:,"Review Text: A broadly played, lowbrow comedy in which the cast delivers mildly amusing performances and no farm animals were injured by any of the gags. Review Sentiment:",'Review Text: All these developments and challenges facing Santa weigh down the plot so heavily that they drain all the film of its energy and needlessly strain credibility. Review Sentiment:',"'Review Text: A broadly played, lowbrow comedy in which the cast delivers mildly amusing performances and no farm animals were injured by any of the gags. Review Sentiment:'",52657669657720546578743a20416c6c20746865736520646576656c6f706d656e747320616e64206368616c6c656e67657320666163696e672053616e746120776569676820646f776e2074686520706c6f7420736f2068656176696c792074686174207468657920647261696e20616c6c207468652066696c6d206f662069747320656e6572677920616e64206e6565646c6573736c792073747261696e20637265646962696c6974792e205265766965772053656e74696d656e743a,52657669657720546578743a20412062726f61646c7920706c617965642c206c6f7762726f7720636f6d65647920696e2077686963682074686520636173742064656c6976657273206d696c646c7920616d7573696e6720706572666f726d616e63657320616e64206e6f206661726d20616e696d616c73207765726520696e6a7572656420627920616e79206f662074686520676167732e205265766965772053656e74696d656e743a,9e6b803fa8deab7994040a0530ab77f4d90f1124c18e1513faf8feff15855a30,ec458f6c5096702a5dfb26271f7d4f85de3f1d4fd33c1a728cabe529618dffee,"[50256, 14832, 8255, 25, 1439, 777, 13312, 290, 6459, 6476, 8909, 10164, 866, 262, 7110, 523, 7272, 326, 484, 14782, 477, 262, 2646, 286, 663, 2568, 290, 761, 8613, 14022, 16532, 13, 6602, 11352, 3681, 25]","[50256, 14832, 8255, 25, 317, 18633, 2826, 11, 1877, 25367, 10997, 287, 543, 262, 3350, 16316, 33544, 28297, 13289, 290, 645, 5318, 4695, 547, 6686, 416, 597, 286, 262, 308, 3775, 13, 6602, 11352, 3681, 25]",36,36,True,All these developments and challenges facing Santa weigh down the plot so heavily that they drain all the film of its energy and needlessly strain credibility.,"A broadly played, lowbrow comedy in which the cast delivers mildly amusing performances and no farm animals were injured by any of the gags.",tigges,True
sst_tigges_pythia_correct_test,330,sst-8059,sst-8896,1,0,"Review Text: Roger Michell, who did an appealing job directing Persuasion and Notting Hill in England, gets too artsy in his American debut. Review Sentiment:","Review Text: A shambles of a movie--visually unattractive, unbearably loud and utterly silly... its hilarity is completely unintentional. Review Sentiment:","'Review Text: Roger Michell, who did an appealing job directing Persuasion and Notting Hill in England, gets too artsy in his American debut. Review Sentiment:'","'Review Text: A shambles of a movie--visually unattractive, unbearably loud and utterly silly... its hilarity is completely unintentional. Review Sentiment:'",52657669657720546578743a20526f676572204d696368656c6c2c2077686f2064696420616e2061707065616c696e67206a6f6220646972656374696e672050657273756173696f6e20616e64204e6f7474696e672048696c6c20696e20456e676c616e642c206765747320746f6f20617274737920696e2068697320416d65726963616e2064656275742e205265766965772053656e74696d656e743a,52657669657720546578743a2041207368616d626c6573206f662061206d6f7669652d2d76697375616c6c7920756e617474726163746976652c20756e6265617261626c79206c6f756420616e642075747465726c792073696c6c792e2e2e206974732068696c617269747920697320636f6d706c6574656c7920756e696e74656e74696f6e616c2e205265766965772053656e74696d656e743a,5ad735302e123410bc75839f03ee4a436b40e3e39c96549d69c129223154ee1b,0d17d51ecd3f5e9b2c9773a9b6edbad5a9c6269e98b0200019cd4bc7f35e5912,"[50256, 14832, 8255, 25, 13637, 7631, 12758, 11, 508, 750, 281, 16403, 1693, 21024, 9467, 84, 4247, 290, 33615, 3327, 287, 4492, 11, 3011, 1165, 10848, 88, 287, 465, 1605, 8886, 13, 6602, 11352, 3681, 25]","[50256, 14832, 8255, 25, 317, 427, 4131, 829, 286, 257, 3807, 438, 4703, 935, 29327, 35587, 11, 22619, 451, 1346, 7812, 290, 15950, 14397, 986, 663, 17570, 414, 318, 3190, 48398, 13, 6602, 11352, 3681, 25]",36,36,True,"Roger Michell, who did an appealing job directing Persuasion and Notting Hill in England, gets too artsy in his American debut.","A shambles of a movie--visually unattractive, unbearably loud and utterly silly... its hilarity is completely unintentional.",tigges,True
sst_tigges_pythia_correct_test,331,sst-8896,sst-8059,0,1,"Review Text: A shambles of a movie--visually unattractive, unbearably loud and utterly silly... its hilarity is completely unintentional. Review Sentiment:","Review Text: Roger Michell, who did an appealing job directing Persuasion and Notting Hill in England, gets too artsy in his American debut. Review Sentiment:","'Review Text: A shambles of a movie--visually unattractive, unbearably loud and utterly silly... its hilarity is completely unintentional. Review Sentiment:'","'Review Text: Roger Michell, who did an appealing job directing Persuasion and Notting Hill in England, gets too artsy in his American debut. Review Sentiment:'",52657669657720546578743a2041207368616d626c6573206f662061206d6f7669652d2d76697375616c6c7920756e617474726163746976652c20756e6265617261626c79206c6f756420616e642075747465726c792073696c6c792e2e2e206974732068696c617269747920697320636f6d706c6574656c7920756e696e74656e74696f6e616c2e205265766965772053656e74696d656e743a,52657669657720546578743a20526f676572204d696368656c6c2c2077686f2064696420616e2061707065616c696e67206a6f6220646972656374696e672050657273756173696f6e20616e64204e6f7474696e672048696c6c20696e20456e676c616e642c206765747320746f6f20617274737920696e2068697320416d65726963616e2064656275742e205265766965772053656e74696d656e743a,0d17d51ecd3f5e9b2c9773a9b6edbad5a9c6269e98b0200019cd4bc7f35e5912,5ad735302e123410bc75839f03ee4a436b40e3e39c96549d69c129223154ee1b,"[50256, 14832, 8255, 25, 317, 427, 4131, 829, 286, 257, 3807, 438, 4703, 935, 29327, 35587, 11, 22619, 451, 1346, 7812, 290, 15950, 14397, 986, 663, 17570, 414, 318, 3190, 48398, 13, 6602, 11352, 3681, 25]","[50256, 14832, 8255, 25, 13637, 7631, 12758, 11, 508, 750, 281, 16403, 1693, 21024, 9467, 84, 4247, 290, 33615, 3327, 287, 4492, 11, 3011, 1165, 10848, 88, 287, 465, 1605, 8886, 13, 6602, 11352, 3681, 25]",36,36,True,"A shambles of a movie--visually unattractive, unbearably loud and utterly silly... its hilarity is completely unintentional.","Roger Michell, who did an appealing job directing Persuasion and Notting Hill in England, gets too artsy in his American debut.",tigges,True
sst_tigges_pythia_correct_test,332,sst-378,sst-9027,1,0,"Review Text: Over-the-top and a bit ostentatious, this is a movie that's got oodles of style and substance. Review Sentiment:",Review Text: An atonal estrogen opera that demonizes feminism while gifting the most sympathetic male of the piece with a nice vomit bath at his wedding. Review Sentiment:,"""Review Text: Over-the-top and a bit ostentatious, this is a movie that's got oodles of style and substance. Review Sentiment:""",'Review Text: An atonal estrogen opera that demonizes feminism while gifting the most sympathetic male of the piece with a nice vomit bath at his wedding. Review Sentiment:',52657669657720546578743a204f7665722d7468652d746f7020616e64206120626974206f7374656e746174696f75732c20746869732069732061206d6f7669652074686174277320676f74206f6f646c6573206f66207374796c6520616e64207375627374616e63652e205265766965772053656e74696d656e743a,52657669657720546578743a20416e2061746f6e616c20657374726f67656e206f7065726120746861742064656d6f6e697a65732066656d696e69736d207768696c652067696674696e6720746865206d6f73742073796d7061746865746963206d616c65206f662074686520706965636520776974682061206e69636520766f6d69742062617468206174206869732077656464696e672e205265766965772053656e74696d656e743a,e15b63187008ca315b3c7fea346589b468c01497bc74dae3b26c09830ee20105,fdd376d9c2e74133d2d8a09600adf156ef8b7bffc815e1d24bfcc672e0e9055e,"[50256, 14832, 8255, 25, 3827, 12, 1169, 12, 4852, 290, 257, 1643, 23619, 298, 265, 699, 11, 428, 318, 257, 3807, 326, 338, 1392, 267, 375, 829, 286, 3918, 290, 9136, 13, 6602, 11352, 3681, 25]","[50256, 14832, 8255, 25, 1052, 379, 20996, 30541, 27296, 326, 3222, 4340, 19394, 981, 9381, 889, 262, 749, 22335, 4257, 286, 262, 3704, 351, 257, 3621, 44542, 7837, 379, 465, 10614, 13, 6602, 11352, 3681, 25]",36,36,True,"Over-the-top and a bit ostentatious, this is a movie that's got oodles of style and substance.",An atonal estrogen opera that demonizes feminism while gifting the most sympathetic male of the piece with a nice vomit bath at his wedding.,tigges,True
sst_tigges_pythia_correct_test,333,sst-9027,sst-378,0,1,Review Text: An atonal estrogen opera that demonizes feminism while gifting the most sympathetic male of the piece with a nice vomit bath at his wedding. Review Sentiment:,"Review Text: Over-the-top and a bit ostentatious, this is a movie that's got oodles of style and substance. Review Sentiment:",'Review Text: An atonal estrogen opera that demonizes feminism while gifting the most sympathetic male of the piece with a nice vomit bath at his wedding. Review Sentiment:',"""Review Text: Over-the-top and a bit ostentatious, this is a movie that's got oodles of style and substance. Review Sentiment:""",52657669657720546578743a20416e2061746f6e616c20657374726f67656e206f7065726120746861742064656d6f6e697a65732066656d696e69736d207768696c652067696674696e6720746865206d6f73742073796d7061746865746963206d616c65206f662074686520706965636520776974682061206e69636520766f6d69742062617468206174206869732077656464696e672e205265766965772053656e74696d656e743a,52657669657720546578743a204f7665722d7468652d746f7020616e64206120626974206f7374656e746174696f75732c20746869732069732061206d6f7669652074686174277320676f74206f6f646c6573206f66207374796c6520616e64207375627374616e63652e205265766965772053656e74696d656e743a,fdd376d9c2e74133d2d8a09600adf156ef8b7bffc815e1d24bfcc672e0e9055e,e15b63187008ca315b3c7fea346589b468c01497bc74dae3b26c09830ee20105,"[50256, 14832, 8255, 25, 1052, 379, 20996, 30541, 27296, 326, 3222, 4340, 19394, 981, 9381, 889, 262, 749, 22335, 4257, 286, 262, 3704, 351, 257, 3621, 44542, 7837, 379, 465, 10614, 13, 6602, 11352, 3681, 25]","[50256, 14832, 8255, 25, 3827, 12, 1169, 12, 4852, 290, 257, 1643, 23619, 298, 265, 699, 11, 428, 318, 257, 3807, 326, 338, 1392, 267, 375, 829, 286, 3918, 290, 9136, 13, 6602, 11352, 3681, 25]",36,36,True,An atonal estrogen opera that demonizes feminism while gifting the most sympathetic male of the piece with a nice vomit bath at his wedding.,"Over-the-top and a bit ostentatious, this is a movie that's got oodles of style and substance.",tigges,True
sst_tigges_pythia_correct_test,334,sst-465,sst-756,1,0,Review Text: Stay clear of reminding yourself that it's a ''true story'' and you're likely to have one helluva time at the movies. Review Sentiment:,"Review Text: If you're not into the Pokemon franchise, this fourth animated movie in four years won't convert you--or even keep your eyes open. Review Sentiment:","""Review Text: Stay clear of reminding yourself that it's a ''true story'' and you're likely to have one helluva time at the movies. Review Sentiment:""","""Review Text: If you're not into the Pokemon franchise, this fourth animated movie in four years won't convert you--or even keep your eyes open. Review Sentiment:""",52657669657720546578743a205374617920636c656172206f662072656d696e64696e6720796f757273656c66207468617420697427732061202727747275652073746f7279272720616e6420796f75277265206c696b656c7920746f2068617665206f6e652068656c6c7576612074696d6520617420746865206d6f766965732e205265766965772053656e74696d656e743a,52657669657720546578743a20496620796f75277265206e6f7420696e746f2074686520506f6b656d6f6e206672616e63686973652c207468697320666f7572746820616e696d61746564206d6f76696520696e20666f757220796561727320776f6e277420636f6e7665727420796f752d2d6f72206576656e206b65657020796f75722065796573206f70656e2e205265766965772053656e74696d656e743a,a5e9b80f9a5c7ffb63a0c089b842e35b2493dcaa40289441f7cf51d17995d94c,e0922c6137e5d09835dd9b5fbb4f69579a3a8b3ca230c9a287da5bb87a1ea61e,"[50256, 14832, 8255, 25, 16160, 1598, 286, 30047, 3511, 326, 340, 338, 257, 10148, 7942, 1621, 7061, 290, 345, 821, 1884, 284, 423, 530, 5968, 84, 6862, 640, 379, 262, 6918, 13, 6602, 11352, 3681, 25]","[50256, 14832, 8255, 25, 1002, 345, 821, 407, 656, 262, 14878, 8663, 11, 428, 5544, 15108, 3807, 287, 1440, 812, 1839, 470, 10385, 345, 438, 273, 772, 1394, 534, 2951, 1280, 13, 6602, 11352, 3681, 25]",36,36,True,Stay clear of reminding yourself that it's a ''true story'' and you're likely to have one helluva time at the movies.,"If you're not into the Pokemon franchise, this fourth animated movie in four years won't convert you--or even keep your eyes open.",tigges,True
sst_tigges_pythia_correct_test,335,sst-756,sst-465,0,1,"Review Text: If you're not into the Pokemon franchise, this fourth animated movie in four years won't convert you--or even keep your eyes open. Review Sentiment:",Review Text: Stay clear of reminding yourself that it's a ''true story'' and you're likely to have one helluva time at the movies. Review Sentiment:,"""Review Text: If you're not into the Pokemon franchise, this fourth animated movie in four years won't convert you--or even keep your eyes open. Review Sentiment:""","""Review Text: Stay clear of reminding yourself that it's a ''true story'' and you're likely to have one helluva time at the movies. Review Sentiment:""",52657669657720546578743a20496620796f75277265206e6f7420696e746f2074686520506f6b656d6f6e206672616e63686973652c207468697320666f7572746820616e696d61746564206d6f76696520696e20666f757220796561727320776f6e277420636f6e7665727420796f752d2d6f72206576656e206b65657020796f75722065796573206f70656e2e205265766965772053656e74696d656e743a,52657669657720546578743a205374617920636c656172206f662072656d696e64696e6720796f757273656c66207468617420697427732061202727747275652073746f7279272720616e6420796f75277265206c696b656c7920746f2068617665206f6e652068656c6c7576612074696d6520617420746865206d6f766965732e205265766965772053656e74696d656e743a,e0922c6137e5d09835dd9b5fbb4f69579a3a8b3ca230c9a287da5bb87a1ea61e,a5e9b80f9a5c7ffb63a0c089b842e35b2493dcaa40289441f7cf51d17995d94c,"[50256, 14832, 8255, 25, 1002, 345, 821, 407, 656, 262, 14878, 8663, 11, 428, 5544, 15108, 3807, 287, 1440, 812, 1839, 470, 10385, 345, 438, 273, 772, 1394, 534, 2951, 1280, 13, 6602, 11352, 3681, 25]","[50256, 14832, 8255, 25, 16160, 1598, 286, 30047, 3511, 326, 340, 338, 257, 10148, 7942, 1621, 7061, 290, 345, 821, 1884, 284, 423, 530, 5968, 84, 6862, 640, 379, 262, 6918, 13, 6602, 11352, 3681, 25]",36,36,True,"If you're not into the Pokemon franchise, this fourth animated movie in four years won't convert you--or even keep your eyes open.",Stay clear of reminding yourself that it's a ''true story'' and you're likely to have one helluva time at the movies.,tigges,True
sst_tigges_pythia_correct_test,336,sst-223,sst-8398,1,0,"Review Text: With the film's striking ending, one realizes that we have a long way to go before we fully understand all the sexual permutations involved. Review Sentiment:",Review Text: This idea has lost its originality... and neither star appears very excited at rehashing what was basically a one-joke picture. Review Sentiment:,"""Review Text: With the film's striking ending, one realizes that we have a long way to go before we fully understand all the sexual permutations involved. Review Sentiment:""",'Review Text: This idea has lost its originality... and neither star appears very excited at rehashing what was basically a one-joke picture. Review Sentiment:',52657669657720546578743a2057697468207468652066696c6d277320737472696b696e6720656e64696e672c206f6e65207265616c697a6573207468617420776520686176652061206c6f6e672077617920746f20676f206265666f72652077652066756c6c7920756e6465727374616e6420616c6c207468652073657875616c207065726d75746174696f6e7320696e766f6c7665642e205265766965772053656e74696d656e743a,52657669657720546578743a2054686973206964656120686173206c6f737420697473206f726967696e616c6974792e2e2e20616e64206e656974686572207374617220617070656172732076657279206578636974656420617420726568617368696e67207768617420776173206261736963616c6c792061206f6e652d6a6f6b6520706963747572652e205265766965772053656e74696d656e743a,3a72a078e150791fa382972068626aafded3c26f70e6c7ef9166cb35e8c2ca66,483fe9e4461cc2c6fee939053d0ed7cd7fb5351cb52b8056343507442e0c010a,"[50256, 14832, 8255, 25, 2080, 262, 2646, 338, 8871, 7464, 11, 530, 23660, 326, 356, 423, 257, 890, 835, 284, 467, 878, 356, 3938, 1833, 477, 262, 3206, 9943, 32855, 2950, 13, 6602, 11352, 3681, 25]","[50256, 14832, 8255, 25, 770, 2126, 468, 2626, 663, 2656, 414, 986, 290, 6159, 3491, 3568, 845, 6568, 379, 302, 71, 2140, 644, 373, 6209, 257, 530, 12, 73, 2088, 4286, 13, 6602, 11352, 3681, 25]",36,36,True,"With the film's striking ending, one realizes that we have a long way to go before we fully understand all the sexual permutations involved.",This idea has lost its originality... and neither star appears very excited at rehashing what was basically a one-joke picture.,tigges,True
sst_tigges_pythia_correct_test,337,sst-8398,sst-223,0,1,Review Text: This idea has lost its originality... and neither star appears very excited at rehashing what was basically a one-joke picture. Review Sentiment:,"Review Text: With the film's striking ending, one realizes that we have a long way to go before we fully understand all the sexual permutations involved. Review Sentiment:",'Review Text: This idea has lost its originality... and neither star appears very excited at rehashing what was basically a one-joke picture. Review Sentiment:',"""Review Text: With the film's striking ending, one realizes that we have a long way to go before we fully understand all the sexual permutations involved. Review Sentiment:""",52657669657720546578743a2054686973206964656120686173206c6f737420697473206f726967696e616c6974792e2e2e20616e64206e656974686572207374617220617070656172732076657279206578636974656420617420726568617368696e67207768617420776173206261736963616c6c792061206f6e652d6a6f6b6520706963747572652e205265766965772053656e74696d656e743a,52657669657720546578743a2057697468207468652066696c6d277320737472696b696e6720656e64696e672c206f6e65207265616c697a6573207468617420776520686176652061206c6f6e672077617920746f20676f206265666f72652077652066756c6c7920756e6465727374616e6420616c6c207468652073657875616c207065726d75746174696f6e7320696e766f6c7665642e205265766965772053656e74696d656e743a,483fe9e4461cc2c6fee939053d0ed7cd7fb5351cb52b8056343507442e0c010a,3a72a078e150791fa382972068626aafded3c26f70e6c7ef9166cb35e8c2ca66,"[50256, 14832, 8255, 25, 770, 2126, 468, 2626, 663, 2656, 414, 986, 290, 6159, 3491, 3568, 845, 6568, 379, 302, 71, 2140, 644, 373, 6209, 257, 530, 12, 73, 2088, 4286, 13, 6602, 11352, 3681, 25]","[50256, 14832, 8255, 25, 2080, 262, 2646, 338, 8871, 7464, 11, 530, 23660, 326, 356, 423, 257, 890, 835, 284, 467, 878, 356, 3938, 1833, 477, 262, 3206, 9943, 32855, 2950, 13, 6602, 11352, 3681, 25]",36,36,True,This idea has lost its originality... and neither star appears very excited at rehashing what was basically a one-joke picture.,"With the film's striking ending, one realizes that we have a long way to go before we fully understand all the sexual permutations involved.",tigges,True
sst_tigges_pythia_correct_test,338,sst-589,sst-8646,1,0,"Review Text: A gentle blend of present day testimonials, surviving footage of Burstein and his family performing, historical archives, and telling stills. Review Sentiment:","Review Text: A recipe for cinematic disaster... part Quentin Tarantino, part Guy Ritchie, and part 1960s spy spoof, it's all bad. Review Sentiment:","'Review Text: A gentle blend of present day testimonials, surviving footage of Burstein and his family performing, historical archives, and telling stills. Review Sentiment:'","""Review Text: A recipe for cinematic disaster... part Quentin Tarantino, part Guy Ritchie, and part 1960s spy spoof, it's all bad. Review Sentiment:""",52657669657720546578743a20412067656e746c6520626c656e64206f662070726573656e74206461792074657374696d6f6e69616c732c20737572766976696e6720666f6f74616765206f6620427572737465696e20616e64206869732066616d696c7920706572666f726d696e672c20686973746f726963616c2061726368697665732c20616e642074656c6c696e67207374696c6c732e205265766965772053656e74696d656e743a,52657669657720546578743a20412072656369706520666f722063696e656d617469632064697361737465722e2e2e2070617274205175656e74696e20546172616e74696e6f2c20706172742047757920526974636869652c20616e642070617274203139363073207370792073706f6f662c206974277320616c6c206261642e205265766965772053656e74696d656e743a,2dad6cdee9a887fe2a935e3bd0e818fa2077ed86312caf339eec317b3d3e2472,971dbc397901bd7fdf94250cb03e79fff1d7c2817068fa1ff85354f3042bfef2,"[50256, 14832, 8255, 25, 317, 10296, 13516, 286, 1944, 1110, 8844, 261, 8231, 11, 16997, 9640, 286, 5481, 5714, 290, 465, 1641, 9489, 11, 6754, 22415, 11, 290, 5149, 991, 82, 13, 6602, 11352, 3681, 25]","[50256, 14832, 8255, 25, 317, 8364, 329, 29932, 9336, 986, 636, 42447, 43693, 2879, 11, 636, 13145, 371, 48423, 11, 290, 636, 9507, 82, 13997, 42078, 11, 340, 338, 477, 2089, 13, 6602, 11352, 3681, 25]",36,36,True,"A gentle blend of present day testimonials, surviving footage of Burstein and his family performing, historical archives, and telling stills.","A recipe for cinematic disaster... part Quentin Tarantino, part Guy Ritchie, and part 1960s spy spoof, it's all bad.",tigges,True
sst_tigges_pythia_correct_test,339,sst-8646,sst-589,0,1,"Review Text: A recipe for cinematic disaster... part Quentin Tarantino, part Guy Ritchie, and part 1960s spy spoof, it's all bad. Review Sentiment:","Review Text: A gentle blend of present day testimonials, surviving footage of Burstein and his family performing, historical archives, and telling stills. Review Sentiment:","""Review Text: A recipe for cinematic disaster... part Quentin Tarantino, part Guy Ritchie, and part 1960s spy spoof, it's all bad. Review Sentiment:""","'Review Text: A gentle blend of present day testimonials, surviving footage of Burstein and his family performing, historical archives, and telling stills. Review Sentiment:'",52657669657720546578743a20412072656369706520666f722063696e656d617469632064697361737465722e2e2e2070617274205175656e74696e20546172616e74696e6f2c20706172742047757920526974636869652c20616e642070617274203139363073207370792073706f6f662c206974277320616c6c206261642e205265766965772053656e74696d656e743a,52657669657720546578743a20412067656e746c6520626c656e64206f662070726573656e74206461792074657374696d6f6e69616c732c20737572766976696e6720666f6f74616765206f6620427572737465696e20616e64206869732066616d696c7920706572666f726d696e672c20686973746f726963616c2061726368697665732c20616e642074656c6c696e67207374696c6c732e205265766965772053656e74696d656e743a,971dbc397901bd7fdf94250cb03e79fff1d7c2817068fa1ff85354f3042bfef2,2dad6cdee9a887fe2a935e3bd0e818fa2077ed86312caf339eec317b3d3e2472,"[50256, 14832, 8255, 25, 317, 8364, 329, 29932, 9336, 986, 636, 42447, 43693, 2879, 11, 636, 13145, 371, 48423, 11, 290, 636, 9507, 82, 13997, 42078, 11, 340, 338, 477, 2089, 13, 6602, 11352, 3681, 25]","[50256, 14832, 8255, 25, 317, 10296, 13516, 286, 1944, 1110, 8844, 261, 8231, 11, 16997, 9640, 286, 5481, 5714, 290, 465, 1641, 9489, 11, 6754, 22415, 11, 290, 5149, 991, 82, 13, 6602, 11352, 3681, 25]",36,36,True,"A recipe for cinematic disaster... part Quentin Tarantino, part Guy Ritchie, and part 1960s spy spoof, it's all bad.","A gentle blend of present day testimonials, surviving footage of Burstein and his family performing, historical archives, and telling stills.",tigges,True
sst_tigges_pythia_correct_test,340,sst-765,sst-8481,1,0,"Review Text: There's not much more to this adaptation of the Nick Hornby novel than charm--effortless, pleasurable, featherweight charm. Review Sentiment:","Review Text: When a film is created SOLELY because it's a marketable product, soulless and ugly movies like this are the result. Review Sentiment:","""Review Text: There's not much more to this adaptation of the Nick Hornby novel than charm--effortless, pleasurable, featherweight charm. Review Sentiment:""","""Review Text: When a film is created SOLELY because it's a marketable product, soulless and ugly movies like this are the result. Review Sentiment:""",52657669657720546578743a2054686572652773206e6f74206d756368206d6f726520746f20746869732061646170746174696f6e206f6620746865204e69636b20486f726e6279206e6f76656c207468616e20636861726d2d2d6566666f72746c6573732c20706c656173757261626c652c206665617468657277656967687420636861726d2e205265766965772053656e74696d656e743a,52657669657720546578743a205768656e20612066696c6d206973206372656174656420534f4c454c59206265636175736520697427732061206d61726b657461626c652070726f647563742c20736f756c6c65737320616e642075676c79206d6f76696573206c696b652074686973206172652074686520726573756c742e205265766965772053656e74696d656e743a,1dc4fe6678ca58461f0da9cbf6cbed5963af7df98d65d169023dc59891ebf250,0982386154759e684c3b4db9a4a187780cf51d5139e52eaddcaba3e0afdf2753,"[50256, 14832, 8255, 25, 1318, 338, 407, 881, 517, 284, 428, 16711, 286, 262, 8047, 13549, 1525, 5337, 621, 20024, 438, 14822, 419, 1203, 11, 21289, 11970, 11, 17972, 6551, 20024, 13, 6602, 11352, 3681, 25]","[50256, 14832, 8255, 25, 1649, 257, 2646, 318, 2727, 12809, 2538, 11319, 780, 340, 338, 257, 1910, 540, 1720, 11, 24049, 297, 408, 290, 13400, 6918, 588, 428, 389, 262, 1255, 13, 6602, 11352, 3681, 25]",36,36,True,"There's not much more to this adaptation of the Nick Hornby novel than charm--effortless, pleasurable, featherweight charm.","When a film is created SOLELY because it's a marketable product, soulless and ugly movies like this are the result.",tigges,True
sst_tigges_pythia_correct_test,341,sst-8481,sst-765,0,1,"Review Text: When a film is created SOLELY because it's a marketable product, soulless and ugly movies like this are the result. Review Sentiment:","Review Text: There's not much more to this adaptation of the Nick Hornby novel than charm--effortless, pleasurable, featherweight charm. Review Sentiment:","""Review Text: When a film is created SOLELY because it's a marketable product, soulless and ugly movies like this are the result. Review Sentiment:""","""Review Text: There's not much more to this adaptation of the Nick Hornby novel than charm--effortless, pleasurable, featherweight charm. Review Sentiment:""",52657669657720546578743a205768656e20612066696c6d206973206372656174656420534f4c454c59206265636175736520697427732061206d61726b657461626c652070726f647563742c20736f756c6c65737320616e642075676c79206d6f76696573206c696b652074686973206172652074686520726573756c742e205265766965772053656e74696d656e743a,52657669657720546578743a2054686572652773206e6f74206d756368206d6f726520746f20746869732061646170746174696f6e206f6620746865204e69636b20486f726e6279206e6f76656c207468616e20636861726d2d2d6566666f72746c6573732c20706c656173757261626c652c206665617468657277656967687420636861726d2e205265766965772053656e74696d656e743a,0982386154759e684c3b4db9a4a187780cf51d5139e52eaddcaba3e0afdf2753,1dc4fe6678ca58461f0da9cbf6cbed5963af7df98d65d169023dc59891ebf250,"[50256, 14832, 8255, 25, 1649, 257, 2646, 318, 2727, 12809, 2538, 11319, 780, 340, 338, 257, 1910, 540, 1720, 11, 24049, 297, 408, 290, 13400, 6918, 588, 428, 389, 262, 1255, 13, 6602, 11352, 3681, 25]","[50256, 14832, 8255, 25, 1318, 338, 407, 881, 517, 284, 428, 16711, 286, 262, 8047, 13549, 1525, 5337, 621, 20024, 438, 14822, 419, 1203, 11, 21289, 11970, 11, 17972, 6551, 20024, 13, 6602, 11352, 3681, 25]",36,36,True,"When a film is created SOLELY because it's a marketable product, soulless and ugly movies like this are the result.","There's not much more to this adaptation of the Nick Hornby novel than charm--effortless, pleasurable, featherweight charm.",tigges,True
sst_tigges_pythia_correct_test,342,sst-648,sst-8540,1,0,"Review Text: Branagh, in his most forceful non-Shakespeare screen performance, grounds even the softest moments in the angry revolt of his wit. Review Sentiment:","Review Text: Though Avary has done his best to make something out of Ellis' nothing novel, in the end, his Rules is barely worth following. Review Sentiment:","'Review Text: Branagh, in his most forceful non-Shakespeare screen performance, grounds even the softest moments in the angry revolt of his wit. Review Sentiment:'","""Review Text: Though Avary has done his best to make something out of Ellis' nothing novel, in the end, his Rules is barely worth following. Review Sentiment:""",52657669657720546578743a204272616e6167682c20696e20686973206d6f737420666f72636566756c206e6f6e2d5368616b657370656172652073637265656e20706572666f726d616e63652c2067726f756e6473206576656e2074686520736f6674657374206d6f6d656e747320696e2074686520616e677279207265766f6c74206f6620686973207769742e205265766965772053656e74696d656e743a,52657669657720546578743a2054686f7567682041766172792068617320646f6e6520686973206265737420746f206d616b6520736f6d657468696e67206f7574206f6620456c6c697327206e6f7468696e67206e6f76656c2c20696e2074686520656e642c206869732052756c657320697320626172656c7920776f72746820666f6c6c6f77696e672e205265766965772053656e74696d656e743a,ed3a3c5ac0b5abbd1a4f244d38430dff88ccaa2756997fa96f85687cc1bc2cdf,3c50f944e7c2b9e89415302f685c6b4c92768b549a2f67c4eea437f9844fd184,"[50256, 14832, 8255, 25, 33628, 10471, 11, 287, 465, 749, 42262, 1729, 12, 2484, 20946, 3159, 2854, 11, 9384, 772, 262, 2705, 395, 7188, 287, 262, 7954, 27360, 286, 465, 20868, 13, 6602, 11352, 3681, 25]","[50256, 14832, 8255, 25, 7486, 5184, 560, 468, 1760, 465, 1266, 284, 787, 1223, 503, 286, 21299, 6, 2147, 5337, 11, 287, 262, 886, 11, 465, 14252, 318, 8523, 2861, 1708, 13, 6602, 11352, 3681, 25]",36,36,True,"Branagh, in his most forceful non-Shakespeare screen performance, grounds even the softest moments in the angry revolt of his wit.","Though Avary has done his best to make something out of Ellis' nothing novel, in the end, his Rules is barely worth following.",tigges,True
sst_tigges_pythia_correct_test,343,sst-8540,sst-648,0,1,"Review Text: Though Avary has done his best to make something out of Ellis' nothing novel, in the end, his Rules is barely worth following. Review Sentiment:","Review Text: Branagh, in his most forceful non-Shakespeare screen performance, grounds even the softest moments in the angry revolt of his wit. Review Sentiment:","""Review Text: Though Avary has done his best to make something out of Ellis' nothing novel, in the end, his Rules is barely worth following. Review Sentiment:""","'Review Text: Branagh, in his most forceful non-Shakespeare screen performance, grounds even the softest moments in the angry revolt of his wit. Review Sentiment:'",52657669657720546578743a2054686f7567682041766172792068617320646f6e6520686973206265737420746f206d616b6520736f6d657468696e67206f7574206f6620456c6c697327206e6f7468696e67206e6f76656c2c20696e2074686520656e642c206869732052756c657320697320626172656c7920776f72746820666f6c6c6f77696e672e205265766965772053656e74696d656e743a,52657669657720546578743a204272616e6167682c20696e20686973206d6f737420666f72636566756c206e6f6e2d5368616b657370656172652073637265656e20706572666f726d616e63652c2067726f756e6473206576656e2074686520736f6674657374206d6f6d656e747320696e2074686520616e677279207265766f6c74206f6620686973207769742e205265766965772053656e74696d656e743a,3c50f944e7c2b9e89415302f685c6b4c92768b549a2f67c4eea437f9844fd184,ed3a3c5ac0b5abbd1a4f244d38430dff88ccaa2756997fa96f85687cc1bc2cdf,"[50256, 14832, 8255, 25, 7486, 5184, 560, 468, 1760, 465, 1266, 284, 787, 1223, 503, 286, 21299, 6, 2147, 5337, 11, 287, 262, 886, 11, 465, 14252, 318, 8523, 2861, 1708, 13, 6602, 11352, 3681, 25]","[50256, 14832, 8255, 25, 33628, 10471, 11, 287, 465, 749, 42262, 1729, 12, 2484, 20946, 3159, 2854, 11, 9384, 772, 262, 2705, 395, 7188, 287, 262, 7954, 27360, 286, 465, 20868, 13, 6602, 11352, 3681, 25]",36,36,True,"Though Avary has done his best to make something out of Ellis' nothing novel, in the end, his Rules is barely worth following.","Branagh, in his most forceful non-Shakespeare screen performance, grounds even the softest moments in the angry revolt of his wit.",tigges,True
sst_tigges_pythia_correct_test,344,sst-8625,sst-8693,1,0,"Review Text: Serry does a fine job of capturing the climate of the times and, perhaps unwittingly, relating it to what is happening in America in 2002. Review Sentiment:","Review Text: An unsatisfying hybrid of Blair Witch and typical stalk-and-slash fare, where the most conservative protagonist is always the last one living. Review Sentiment:","'Review Text: Serry does a fine job of capturing the climate of the times and, perhaps unwittingly, relating it to what is happening in America in 2002. Review Sentiment:'","'Review Text: An unsatisfying hybrid of Blair Witch and typical stalk-and-slash fare, where the most conservative protagonist is always the last one living. Review Sentiment:'",52657669657720546578743a20536572727920646f657320612066696e65206a6f62206f6620636170747572696e672074686520636c696d617465206f66207468652074696d657320616e642c207065726861707320756e77697474696e676c792c2072656c6174696e6720697420746f20776861742069732068617070656e696e6720696e20416d657269636120696e20323030322e205265766965772053656e74696d656e743a,52657669657720546578743a20416e20756e73617469736679696e6720687962726964206f6620426c61697220576974636820616e64207479706963616c207374616c6b2d616e642d736c61736820666172652c20776865726520746865206d6f737420636f6e7365727661746976652070726f7461676f6e69737420697320616c7761797320746865206c617374206f6e65206c6976696e672e205265766965772053656e74696d656e743a,7e02b7b6938ff71a375a2e43c82a4597996b94395b0ae4f193175fddb2886539,5f9a6ba9cbcfe6d8a9c3ff38645e95bc2bb51f32d0bca9fa418c5145853ec95b,"[50256, 14832, 8255, 25, 2930, 563, 857, 257, 3734, 1693, 286, 21430, 262, 4258, 286, 262, 1661, 290, 11, 3737, 48726, 11, 11270, 340, 284, 644, 318, 5836, 287, 2253, 287, 6244, 13, 6602, 11352, 3681, 25]","[50256, 14832, 8255, 25, 1052, 39264, 1112, 14554, 286, 18520, 14522, 290, 7226, 31297, 12, 392, 12, 6649, 1077, 14505, 11, 810, 262, 749, 5940, 20281, 318, 1464, 262, 938, 530, 2877, 13, 6602, 11352, 3681, 25]",37,37,True,"Serry does a fine job of capturing the climate of the times and, perhaps unwittingly, relating it to what is happening in America in 2002.","An unsatisfying hybrid of Blair Witch and typical stalk-and-slash fare, where the most conservative protagonist is always the last one living.",tigges,True
sst_tigges_pythia_correct_test,345,sst-8693,sst-8625,0,1,"Review Text: An unsatisfying hybrid of Blair Witch and typical stalk-and-slash fare, where the most conservative protagonist is always the last one living. Review Sentiment:","Review Text: Serry does a fine job of capturing the climate of the times and, perhaps unwittingly, relating it to what is happening in America in 2002. Review Sentiment:","'Review Text: An unsatisfying hybrid of Blair Witch and typical stalk-and-slash fare, where the most conservative protagonist is always the last one living. Review Sentiment:'","'Review Text: Serry does a fine job of capturing the climate of the times and, perhaps unwittingly, relating it to what is happening in America in 2002. Review Sentiment:'",52657669657720546578743a20416e20756e73617469736679696e6720687962726964206f6620426c61697220576974636820616e64207479706963616c207374616c6b2d616e642d736c61736820666172652c20776865726520746865206d6f737420636f6e7365727661746976652070726f7461676f6e69737420697320616c7761797320746865206c617374206f6e65206c6976696e672e205265766965772053656e74696d656e743a,52657669657720546578743a20536572727920646f657320612066696e65206a6f62206f6620636170747572696e672074686520636c696d617465206f66207468652074696d657320616e642c207065726861707320756e77697474696e676c792c2072656c6174696e6720697420746f20776861742069732068617070656e696e6720696e20416d657269636120696e20323030322e205265766965772053656e74696d656e743a,5f9a6ba9cbcfe6d8a9c3ff38645e95bc2bb51f32d0bca9fa418c5145853ec95b,7e02b7b6938ff71a375a2e43c82a4597996b94395b0ae4f193175fddb2886539,"[50256, 14832, 8255, 25, 1052, 39264, 1112, 14554, 286, 18520, 14522, 290, 7226, 31297, 12, 392, 12, 6649, 1077, 14505, 11, 810, 262, 749, 5940, 20281, 318, 1464, 262, 938, 530, 2877, 13, 6602, 11352, 3681, 25]","[50256, 14832, 8255, 25, 2930, 563, 857, 257, 3734, 1693, 286, 21430, 262, 4258, 286, 262, 1661, 290, 11, 3737, 48726, 11, 11270, 340, 284, 644, 318, 5836, 287, 2253, 287, 6244, 13, 6602, 11352, 3681, 25]",37,37,True,"An unsatisfying hybrid of Blair Witch and typical stalk-and-slash fare, where the most conservative protagonist is always the last one living.","Serry does a fine job of capturing the climate of the times and, perhaps unwittingly, relating it to what is happening in America in 2002.",tigges,True
sst_tigges_pythia_correct_test,346,sst-57,sst-8852,1,0,"Review Text: Sandra Nettelbeck beautifully orchestrates the transformation of the chilly, neurotic, and self-absorbed Martha as her heart begins to open. Review Sentiment:","Review Text: As it abruptly crosscuts among the five friends, it fails to lend the characters' individual stories enough dramatic resonance to make us care about them. Review Sentiment:","'Review Text: Sandra Nettelbeck beautifully orchestrates the transformation of the chilly, neurotic, and self-absorbed Martha as her heart begins to open. Review Sentiment:'","""Review Text: As it abruptly crosscuts among the five friends, it fails to lend the characters' individual stories enough dramatic resonance to make us care about them. Review Sentiment:""",52657669657720546578743a2053616e647261204e657474656c6265636b2062656175746966756c6c79206f726368657374726174657320746865207472616e73666f726d6174696f6e206f6620746865206368696c6c792c206e6575726f7469632c20616e642073656c662d6162736f72626564204d61727468612061732068657220686561727420626567696e7320746f206f70656e2e205265766965772053656e74696d656e743a,52657669657720546578743a204173206974206162727570746c792063726f73736375747320616d6f6e6720746865206669766520667269656e64732c206974206661696c7320746f206c656e642074686520636861726163746572732720696e646976696475616c2073746f7269657320656e6f756768206472616d61746963207265736f6e616e636520746f206d616b6520757320636172652061626f7574207468656d2e205265766965772053656e74696d656e743a,1fc3df307e193b5a8b62f01b6ab532b1ec86721cd045d3a45a65488d246ce0e7,365ac5b5f53ffba957d3281245488412327acd126f35f099db27b0f83468c15e,"[50256, 14832, 8255, 25, 32464, 399, 47417, 27343, 21104, 28127, 689, 262, 13389, 286, 262, 49018, 11, 7669, 13370, 11, 290, 2116, 12, 46303, 3077, 27243, 355, 607, 2612, 6140, 284, 1280, 13, 6602, 11352, 3681, 25]","[50256, 14832, 8255, 25, 1081, 340, 25891, 3272, 23779, 1871, 262, 1936, 2460, 11, 340, 10143, 284, 22096, 262, 3435, 6, 1981, 3923, 1576, 10092, 29371, 284, 787, 514, 1337, 546, 606, 13, 6602, 11352, 3681, 25]",37,37,True,"Sandra Nettelbeck beautifully orchestrates the transformation of the chilly, neurotic, and self-absorbed Martha as her heart begins to open.","As it abruptly crosscuts among the five friends, it fails to lend the characters' individual stories enough dramatic resonance to make us care about them.",tigges,True
sst_tigges_pythia_correct_test,347,sst-8852,sst-57,0,1,"Review Text: As it abruptly crosscuts among the five friends, it fails to lend the characters' individual stories enough dramatic resonance to make us care about them. Review Sentiment:","Review Text: Sandra Nettelbeck beautifully orchestrates the transformation of the chilly, neurotic, and self-absorbed Martha as her heart begins to open. Review Sentiment:","""Review Text: As it abruptly crosscuts among the five friends, it fails to lend the characters' individual stories enough dramatic resonance to make us care about them. Review Sentiment:""","'Review Text: Sandra Nettelbeck beautifully orchestrates the transformation of the chilly, neurotic, and self-absorbed Martha as her heart begins to open. Review Sentiment:'",52657669657720546578743a204173206974206162727570746c792063726f73736375747320616d6f6e6720746865206669766520667269656e64732c206974206661696c7320746f206c656e642074686520636861726163746572732720696e646976696475616c2073746f7269657320656e6f756768206472616d61746963207265736f6e616e636520746f206d616b6520757320636172652061626f7574207468656d2e205265766965772053656e74696d656e743a,52657669657720546578743a2053616e647261204e657474656c6265636b2062656175746966756c6c79206f726368657374726174657320746865207472616e73666f726d6174696f6e206f6620746865206368696c6c792c206e6575726f7469632c20616e642073656c662d6162736f72626564204d61727468612061732068657220686561727420626567696e7320746f206f70656e2e205265766965772053656e74696d656e743a,365ac5b5f53ffba957d3281245488412327acd126f35f099db27b0f83468c15e,1fc3df307e193b5a8b62f01b6ab532b1ec86721cd045d3a45a65488d246ce0e7,"[50256, 14832, 8255, 25, 1081, 340, 25891, 3272, 23779, 1871, 262, 1936, 2460, 11, 340, 10143, 284, 22096, 262, 3435, 6, 1981, 3923, 1576, 10092, 29371, 284, 787, 514, 1337, 546, 606, 13, 6602, 11352, 3681, 25]","[50256, 14832, 8255, 25, 32464, 399, 47417, 27343, 21104, 28127, 689, 262, 13389, 286, 262, 49018, 11, 7669, 13370, 11, 290, 2116, 12, 46303, 3077, 27243, 355, 607, 2612, 6140, 284, 1280, 13, 6602, 11352, 3681, 25]",37,37,True,"As it abruptly crosscuts among the five friends, it fails to lend the characters' individual stories enough dramatic resonance to make us care about them.","Sandra Nettelbeck beautifully orchestrates the transformation of the chilly, neurotic, and self-absorbed Martha as her heart begins to open.",tigges,True
sst_tigges_pythia_correct_test,348,sst-325,sst-8371,1,0,Review Text: The tug of war that ensues is as much a snapshot of modern China in microcosm as it is a crash course in movie mythology. Review Sentiment:,"Review Text: These spiders can outrun a motorcycle and wrap a person in a sticky cocoon in seconds, but they fall short of being interesting or entertaining. Review Sentiment:",'Review Text: The tug of war that ensues is as much a snapshot of modern China in microcosm as it is a crash course in movie mythology. Review Sentiment:',"'Review Text: These spiders can outrun a motorcycle and wrap a person in a sticky cocoon in seconds, but they fall short of being interesting or entertaining. Review Sentiment:'",52657669657720546578743a2054686520747567206f6620776172207468617420656e73756573206973206173206d756368206120736e617073686f74206f66206d6f6465726e204368696e6120696e206d6963726f636f736d206173206974206973206120637261736820636f7572736520696e206d6f766965206d7974686f6c6f67792e205265766965772053656e74696d656e743a,52657669657720546578743a20546865736520737069646572732063616e206f757472756e2061206d6f746f726379636c6520616e642077726170206120706572736f6e20696e206120737469636b7920636f636f6f6e20696e207365636f6e64732c2062757420746865792066616c6c2073686f7274206f66206265696e6720696e746572657374696e67206f7220656e7465727461696e696e672e205265766965772053656e74696d656e743a,82db06a2c101ad7eebc901a86e7390101b33c50b6f0338748360f25d8910611f,325164600c2d1c7af9958a32443c2d9f0611c5f9cc4f55712249e7914210cfcd,"[50256, 14832, 8255, 25, 383, 27762, 286, 1175, 326, 3140, 947, 318, 355, 881, 257, 27479, 286, 3660, 2807, 287, 4580, 6966, 76, 355, 340, 318, 257, 7014, 1781, 287, 3807, 25871, 13, 6602, 11352, 3681, 25]","[50256, 14832, 8255, 25, 2312, 26120, 460, 503, 5143, 257, 18757, 290, 14441, 257, 1048, 287, 257, 23408, 8954, 2049, 287, 4201, 11, 475, 484, 2121, 1790, 286, 852, 3499, 393, 17774, 13, 6602, 11352, 3681, 25]",37,37,True,The tug of war that ensues is as much a snapshot of modern China in microcosm as it is a crash course in movie mythology.,"These spiders can outrun a motorcycle and wrap a person in a sticky cocoon in seconds, but they fall short of being interesting or entertaining.",tigges,True
sst_tigges_pythia_correct_test,349,sst-8371,sst-325,0,1,"Review Text: These spiders can outrun a motorcycle and wrap a person in a sticky cocoon in seconds, but they fall short of being interesting or entertaining. Review Sentiment:",Review Text: The tug of war that ensues is as much a snapshot of modern China in microcosm as it is a crash course in movie mythology. Review Sentiment:,"'Review Text: These spiders can outrun a motorcycle and wrap a person in a sticky cocoon in seconds, but they fall short of being interesting or entertaining. Review Sentiment:'",'Review Text: The tug of war that ensues is as much a snapshot of modern China in microcosm as it is a crash course in movie mythology. Review Sentiment:',52657669657720546578743a20546865736520737069646572732063616e206f757472756e2061206d6f746f726379636c6520616e642077726170206120706572736f6e20696e206120737469636b7920636f636f6f6e20696e207365636f6e64732c2062757420746865792066616c6c2073686f7274206f66206265696e6720696e746572657374696e67206f7220656e7465727461696e696e672e205265766965772053656e74696d656e743a,52657669657720546578743a2054686520747567206f6620776172207468617420656e73756573206973206173206d756368206120736e617073686f74206f66206d6f6465726e204368696e6120696e206d6963726f636f736d206173206974206973206120637261736820636f7572736520696e206d6f766965206d7974686f6c6f67792e205265766965772053656e74696d656e743a,325164600c2d1c7af9958a32443c2d9f0611c5f9cc4f55712249e7914210cfcd,82db06a2c101ad7eebc901a86e7390101b33c50b6f0338748360f25d8910611f,"[50256, 14832, 8255, 25, 2312, 26120, 460, 503, 5143, 257, 18757, 290, 14441, 257, 1048, 287, 257, 23408, 8954, 2049, 287, 4201, 11, 475, 484, 2121, 1790, 286, 852, 3499, 393, 17774, 13, 6602, 11352, 3681, 25]","[50256, 14832, 8255, 25, 383, 27762, 286, 1175, 326, 3140, 947, 318, 355, 881, 257, 27479, 286, 3660, 2807, 287, 4580, 6966, 76, 355, 340, 318, 257, 7014, 1781, 287, 3807, 25871, 13, 6602, 11352, 3681, 25]",37,37,True,"These spiders can outrun a motorcycle and wrap a person in a sticky cocoon in seconds, but they fall short of being interesting or entertaining.",The tug of war that ensues is as much a snapshot of modern China in microcosm as it is a crash course in movie mythology.,tigges,True
sst_tigges_pythia_correct_test,350,sst-706,sst-8116,1,0,"Review Text: Anchored by a terrific performance by Abbass, Satin Rouge shows that the idea of women's self-actualization knows few continental divides. Review Sentiment:","Review Text: The movie feels like it's going to be great, and it carries on feeling that way for a long time, but takeoff just never happens. Review Sentiment:","""Review Text: Anchored by a terrific performance by Abbass, Satin Rouge shows that the idea of women's self-actualization knows few continental divides. Review Sentiment:""","""Review Text: The movie feels like it's going to be great, and it carries on feeling that way for a long time, but takeoff just never happens. Review Sentiment:""",52657669657720546578743a20416e63686f726564206279206120746572726966696320706572666f726d616e6365206279204162626173732c20536174696e20526f7567652073686f77732074686174207468652069646561206f6620776f6d656e27732073656c662d61637475616c697a6174696f6e206b6e6f77732066657720636f6e74696e656e74616c20646976696465732e205265766965772053656e74696d656e743a,52657669657720546578743a20546865206d6f766965206665656c73206c696b65206974277320676f696e6720746f2062652067726561742c20616e642069742063617272696573206f6e206665656c696e6720746861742077617920666f722061206c6f6e672074696d652c206275742074616b656f6666206a757374206e657665722068617070656e732e205265766965772053656e74696d656e743a,72ff13965c655fa1e5bc35f2bd0d11103b93addf87235d3b471a943831ea352c,fc72e1487ddc00146c04bed44c40933fb6fd4bbd2b4f3db2f54e4f8ce18208e8,"[50256, 14832, 8255, 25, 29253, 1850, 416, 257, 23754, 2854, 416, 2275, 42933, 11, 7031, 259, 27478, 2523, 326, 262, 2126, 286, 1466, 338, 2116, 12, 50039, 1634, 4206, 1178, 29843, 36319, 13, 6602, 11352, 3681, 25]","[50256, 14832, 8255, 25, 383, 3807, 5300, 588, 340, 338, 1016, 284, 307, 1049, 11, 290, 340, 10732, 319, 4203, 326, 835, 329, 257, 890, 640, 11, 475, 45306, 655, 1239, 4325, 13, 6602, 11352, 3681, 25]",37,37,True,"Anchored by a terrific performance by Abbass, Satin Rouge shows that the idea of women's self-actualization knows few continental divides.","The movie feels like it's going to be great, and it carries on feeling that way for a long time, but takeoff just never happens.",tigges,True
sst_tigges_pythia_correct_test,351,sst-8116,sst-706,0,1,"Review Text: The movie feels like it's going to be great, and it carries on feeling that way for a long time, but takeoff just never happens. Review Sentiment:","Review Text: Anchored by a terrific performance by Abbass, Satin Rouge shows that the idea of women's self-actualization knows few continental divides. Review Sentiment:","""Review Text: The movie feels like it's going to be great, and it carries on feeling that way for a long time, but takeoff just never happens. Review Sentiment:""","""Review Text: Anchored by a terrific performance by Abbass, Satin Rouge shows that the idea of women's self-actualization knows few continental divides. Review Sentiment:""",52657669657720546578743a20546865206d6f766965206665656c73206c696b65206974277320676f696e6720746f2062652067726561742c20616e642069742063617272696573206f6e206665656c696e6720746861742077617920666f722061206c6f6e672074696d652c206275742074616b656f6666206a757374206e657665722068617070656e732e205265766965772053656e74696d656e743a,52657669657720546578743a20416e63686f726564206279206120746572726966696320706572666f726d616e6365206279204162626173732c20536174696e20526f7567652073686f77732074686174207468652069646561206f6620776f6d656e27732073656c662d61637475616c697a6174696f6e206b6e6f77732066657720636f6e74696e656e74616c20646976696465732e205265766965772053656e74696d656e743a,fc72e1487ddc00146c04bed44c40933fb6fd4bbd2b4f3db2f54e4f8ce18208e8,72ff13965c655fa1e5bc35f2bd0d11103b93addf87235d3b471a943831ea352c,"[50256, 14832, 8255, 25, 383, 3807, 5300, 588, 340, 338, 1016, 284, 307, 1049, 11, 290, 340, 10732, 319, 4203, 326, 835, 329, 257, 890, 640, 11, 475, 45306, 655, 1239, 4325, 13, 6602, 11352, 3681, 25]","[50256, 14832, 8255, 25, 29253, 1850, 416, 257, 23754, 2854, 416, 2275, 42933, 11, 7031, 259, 27478, 2523, 326, 262, 2126, 286, 1466, 338, 2116, 12, 50039, 1634, 4206, 1178, 29843, 36319, 13, 6602, 11352, 3681, 25]",37,37,True,"The movie feels like it's going to be great, and it carries on feeling that way for a long time, but takeoff just never happens.","Anchored by a terrific performance by Abbass, Satin Rouge shows that the idea of women's self-actualization knows few continental divides.",tigges,True
sst_tigges_pythia_correct_test,352,sst-710,sst-7962,1,0,"Review Text: Sam Jones became a very lucky filmmaker the day Wilco got dropped from their record label, proving that one man's ruin may be another's fortune. Review Sentiment:","Review Text: A one-trick pony whose few T&A bits still can't save itself from being unoriginal, unfunny and unrecommendable. Review Sentiment:","""Review Text: Sam Jones became a very lucky filmmaker the day Wilco got dropped from their record label, proving that one man's ruin may be another's fortune. Review Sentiment:""","""Review Text: A one-trick pony whose few T&A bits still can't save itself from being unoriginal, unfunny and unrecommendable. Review Sentiment:""",52657669657720546578743a2053616d204a6f6e657320626563616d6520612076657279206c75636b792066696c6d6d616b657220746865206461792057696c636f20676f742064726f707065642066726f6d207468656972207265636f7264206c6162656c2c2070726f76696e672074686174206f6e65206d616e2773207275696e206d617920626520616e6f74686572277320666f7274756e652e205265766965772053656e74696d656e743a,52657669657720546578743a2041206f6e652d747269636b20706f6e792077686f736520666577205426412062697473207374696c6c2063616e2774207361766520697473656c662066726f6d206265696e6720756e6f726967696e616c2c20756e66756e6e7920616e6420756e7265636f6d6d656e6461626c652e205265766965772053656e74696d656e743a,e2aa2e56547ab5eb7d38e6ad77af244759f2f0c864b95b5731f1738fd62c1dba,95c770effb5d8fbac234d2eed21e11baf507fe99a1fb027d2b90a53a3d577d84,"[50256, 14832, 8255, 25, 3409, 5437, 2627, 257, 845, 9670, 26479, 262, 1110, 5187, 1073, 1392, 5710, 422, 511, 1700, 6167, 11, 17742, 326, 530, 582, 338, 16866, 743, 307, 1194, 338, 15807, 13, 6602, 11352, 3681, 25]","[50256, 14832, 8255, 25, 317, 530, 12, 2213, 624, 26902, 3025, 1178, 309, 5, 32, 10340, 991, 460, 470, 3613, 2346, 422, 852, 555, 14986, 11, 3684, 16948, 290, 14880, 9503, 437, 540, 13, 6602, 11352, 3681, 25]",38,38,True,"Sam Jones became a very lucky filmmaker the day Wilco got dropped from their record label, proving that one man's ruin may be another's fortune.","A one-trick pony whose few T&A bits still can't save itself from being unoriginal, unfunny and unrecommendable.",tigges,True
sst_tigges_pythia_correct_test,353,sst-7962,sst-710,0,1,"Review Text: A one-trick pony whose few T&A bits still can't save itself from being unoriginal, unfunny and unrecommendable. Review Sentiment:","Review Text: Sam Jones became a very lucky filmmaker the day Wilco got dropped from their record label, proving that one man's ruin may be another's fortune. Review Sentiment:","""Review Text: A one-trick pony whose few T&A bits still can't save itself from being unoriginal, unfunny and unrecommendable. Review Sentiment:""","""Review Text: Sam Jones became a very lucky filmmaker the day Wilco got dropped from their record label, proving that one man's ruin may be another's fortune. Review Sentiment:""",52657669657720546578743a2041206f6e652d747269636b20706f6e792077686f736520666577205426412062697473207374696c6c2063616e2774207361766520697473656c662066726f6d206265696e6720756e6f726967696e616c2c20756e66756e6e7920616e6420756e7265636f6d6d656e6461626c652e205265766965772053656e74696d656e743a,52657669657720546578743a2053616d204a6f6e657320626563616d6520612076657279206c75636b792066696c6d6d616b657220746865206461792057696c636f20676f742064726f707065642066726f6d207468656972207265636f7264206c6162656c2c2070726f76696e672074686174206f6e65206d616e2773207275696e206d617920626520616e6f74686572277320666f7274756e652e205265766965772053656e74696d656e743a,95c770effb5d8fbac234d2eed21e11baf507fe99a1fb027d2b90a53a3d577d84,e2aa2e56547ab5eb7d38e6ad77af244759f2f0c864b95b5731f1738fd62c1dba,"[50256, 14832, 8255, 25, 317, 530, 12, 2213, 624, 26902, 3025, 1178, 309, 5, 32, 10340, 991, 460, 470, 3613, 2346, 422, 852, 555, 14986, 11, 3684, 16948, 290, 14880, 9503, 437, 540, 13, 6602, 11352, 3681, 25]","[50256, 14832, 8255, 25, 3409, 5437, 2627, 257, 845, 9670, 26479, 262, 1110, 5187, 1073, 1392, 5710, 422, 511, 1700, 6167, 11, 17742, 326, 530, 582, 338, 16866, 743, 307, 1194, 338, 15807, 13, 6602, 11352, 3681, 25]",38,38,True,"A one-trick pony whose few T&A bits still can't save itself from being unoriginal, unfunny and unrecommendable.","Sam Jones became a very lucky filmmaker the day Wilco got dropped from their record label, proving that one man's ruin may be another's fortune.",tigges,True
sst_tigges_pythia_correct_test,354,sst-743,sst-8051,1,0,"Review Text: This is a raw and disturbing tale that took five years to make, and the trio's absorbing narrative is a heart-wrenching showcase indeed. Review Sentiment:","Review Text: Helmer DeVito... attempts to do too many things in this story about ethics, payola, vice, murder, kids' TV and revenge. Review Sentiment:","""Review Text: This is a raw and disturbing tale that took five years to make, and the trio's absorbing narrative is a heart-wrenching showcase indeed. Review Sentiment:""","""Review Text: Helmer DeVito... attempts to do too many things in this story about ethics, payola, vice, murder, kids' TV and revenge. Review Sentiment:""",52657669657720546578743a205468697320697320612072617720616e642064697374757262696e672074616c65207468617420746f6f6b206669766520796561727320746f206d616b652c20616e6420746865207472696f2773206162736f7262696e67206e617272617469766520697320612068656172742d7772656e6368696e672073686f776361736520696e646565642e205265766965772053656e74696d656e743a,52657669657720546578743a2048656c6d65722044655669746f2e2e2e20617474656d70747320746f20646f20746f6f206d616e79207468696e677320696e20746869732073746f72792061626f7574206574686963732c207061796f6c612c20766963652c206d75726465722c206b6964732720545620616e6420726576656e67652e205265766965772053656e74696d656e743a,6ae335d23f2af63b1612d71b23d4d92fd281e4fad7935e792d14e8ebd622945e,bb2ca5fa6be0924c9b16c89c415acbe41f11eafbc3c62d837148f7a135fbe3ec,"[50256, 14832, 8255, 25, 770, 318, 257, 8246, 290, 14851, 12838, 326, 1718, 1936, 812, 284, 787, 11, 290, 262, 19886, 338, 34418, 8689, 318, 257, 2612, 12, 86, 3532, 278, 21742, 5600, 13, 6602, 11352, 3681, 25]","[50256, 14832, 8255, 25, 5053, 647, 29619, 10094, 986, 6370, 284, 466, 1165, 867, 1243, 287, 428, 1621, 546, 14458, 11, 1414, 5708, 11, 7927, 11, 5123, 11, 3988, 6, 3195, 290, 15827, 13, 6602, 11352, 3681, 25]",38,38,True,"This is a raw and disturbing tale that took five years to make, and the trio's absorbing narrative is a heart-wrenching showcase indeed.","Helmer DeVito... attempts to do too many things in this story about ethics, payola, vice, murder, kids' TV and revenge.",tigges,True
sst_tigges_pythia_correct_test,355,sst-8051,sst-743,0,1,"Review Text: Helmer DeVito... attempts to do too many things in this story about ethics, payola, vice, murder, kids' TV and revenge. Review Sentiment:","Review Text: This is a raw and disturbing tale that took five years to make, and the trio's absorbing narrative is a heart-wrenching showcase indeed. Review Sentiment:","""Review Text: Helmer DeVito... attempts to do too many things in this story about ethics, payola, vice, murder, kids' TV and revenge. Review Sentiment:""","""Review Text: This is a raw and disturbing tale that took five years to make, and the trio's absorbing narrative is a heart-wrenching showcase indeed. Review Sentiment:""",52657669657720546578743a2048656c6d65722044655669746f2e2e2e20617474656d70747320746f20646f20746f6f206d616e79207468696e677320696e20746869732073746f72792061626f7574206574686963732c207061796f6c612c20766963652c206d75726465722c206b6964732720545620616e6420726576656e67652e205265766965772053656e74696d656e743a,52657669657720546578743a205468697320697320612072617720616e642064697374757262696e672074616c65207468617420746f6f6b206669766520796561727320746f206d616b652c20616e6420746865207472696f2773206162736f7262696e67206e617272617469766520697320612068656172742d7772656e6368696e672073686f776361736520696e646565642e205265766965772053656e74696d656e743a,bb2ca5fa6be0924c9b16c89c415acbe41f11eafbc3c62d837148f7a135fbe3ec,6ae335d23f2af63b1612d71b23d4d92fd281e4fad7935e792d14e8ebd622945e,"[50256, 14832, 8255, 25, 5053, 647, 29619, 10094, 986, 6370, 284, 466, 1165, 867, 1243, 287, 428, 1621, 546, 14458, 11, 1414, 5708, 11, 7927, 11, 5123, 11, 3988, 6, 3195, 290, 15827, 13, 6602, 11352, 3681, 25]","[50256, 14832, 8255, 25, 770, 318, 257, 8246, 290, 14851, 12838, 326, 1718, 1936, 812, 284, 787, 11, 290, 262, 19886, 338, 34418, 8689, 318, 257, 2612, 12, 86, 3532, 278, 21742, 5600, 13, 6602, 11352, 3681, 25]",38,38,True,"Helmer DeVito... attempts to do too many things in this story about ethics, payola, vice, murder, kids' TV and revenge.","This is a raw and disturbing tale that took five years to make, and the trio's absorbing narrative is a heart-wrenching showcase indeed.",tigges,True
sst_tigges_pythia_correct_test,356,sst-1066,sst-8928,1,0,"Review Text: Highlights are the terrific performances by Christopher Plummer, as the prime villain, and Nathan Lane as Vincent Crummles, the eccentric theater company manager. Review Sentiment:","Review Text: Afraid to pitch into farce, yet only half-hearted in its spy mechanics, All the Queen's Men is finally just one long drag. Review Sentiment:","'Review Text: Highlights are the terrific performances by Christopher Plummer, as the prime villain, and Nathan Lane as Vincent Crummles, the eccentric theater company manager. Review Sentiment:'","""Review Text: Afraid to pitch into farce, yet only half-hearted in its spy mechanics, All the Queen's Men is finally just one long drag. Review Sentiment:""",52657669657720546578743a20486967686c6967687473206172652074686520746572726966696320706572666f726d616e636573206279204368726973746f7068657220506c756d6d65722c20617320746865207072696d652076696c6c61696e2c20616e64204e617468616e204c616e652061732056696e63656e74204372756d6d6c65732c2074686520656363656e74726963207468656174657220636f6d70616e79206d616e616765722e205265766965772053656e74696d656e743a,52657669657720546578743a2041667261696420746f20706974636820696e746f2066617263652c20796574206f6e6c792068616c662d6865617274656420696e2069747320737079206d656368616e6963732c20416c6c2074686520517565656e2773204d656e2069732066696e616c6c79206a757374206f6e65206c6f6e6720647261672e205265766965772053656e74696d656e743a,090f77eafb3751c29cbda2baab4c76ea3b75730ea3a0ab85f3455066159c3a2c,c3f0081f949d6497efe477ec6be6fe585e5178d1a6182da68f3431e4a3c36a02,"[50256, 14832, 8255, 25, 30776, 389, 262, 23754, 13289, 416, 12803, 1345, 31647, 11, 355, 262, 6994, 16687, 11, 290, 18106, 15016, 355, 18653, 3864, 13929, 829, 11, 262, 29303, 13766, 1664, 4706, 13, 6602, 11352, 3681, 25]","[50256, 14832, 8255, 25, 2483, 7086, 284, 7078, 656, 1290, 344, 11, 1865, 691, 2063, 12, 20122, 287, 663, 13997, 12933, 11, 1439, 262, 7542, 338, 6065, 318, 3443, 655, 530, 890, 6715, 13, 6602, 11352, 3681, 25]",38,38,True,"Highlights are the terrific performances by Christopher Plummer, as the prime villain, and Nathan Lane as Vincent Crummles, the eccentric theater company manager.","Afraid to pitch into farce, yet only half-hearted in its spy mechanics, All the Queen's Men is finally just one long drag.",tigges,True
sst_tigges_pythia_correct_test,357,sst-8928,sst-1066,0,1,"Review Text: Afraid to pitch into farce, yet only half-hearted in its spy mechanics, All the Queen's Men is finally just one long drag. Review Sentiment:","Review Text: Highlights are the terrific performances by Christopher Plummer, as the prime villain, and Nathan Lane as Vincent Crummles, the eccentric theater company manager. Review Sentiment:","""Review Text: Afraid to pitch into farce, yet only half-hearted in its spy mechanics, All the Queen's Men is finally just one long drag. Review Sentiment:""","'Review Text: Highlights are the terrific performances by Christopher Plummer, as the prime villain, and Nathan Lane as Vincent Crummles, the eccentric theater company manager. Review Sentiment:'",52657669657720546578743a2041667261696420746f20706974636820696e746f2066617263652c20796574206f6e6c792068616c662d6865617274656420696e2069747320737079206d656368616e6963732c20416c6c2074686520517565656e2773204d656e2069732066696e616c6c79206a757374206f6e65206c6f6e6720647261672e205265766965772053656e74696d656e743a,52657669657720546578743a20486967686c6967687473206172652074686520746572726966696320706572666f726d616e636573206279204368726973746f7068657220506c756d6d65722c20617320746865207072696d652076696c6c61696e2c20616e64204e617468616e204c616e652061732056696e63656e74204372756d6d6c65732c2074686520656363656e74726963207468656174657220636f6d70616e79206d616e616765722e205265766965772053656e74696d656e743a,c3f0081f949d6497efe477ec6be6fe585e5178d1a6182da68f3431e4a3c36a02,090f77eafb3751c29cbda2baab4c76ea3b75730ea3a0ab85f3455066159c3a2c,"[50256, 14832, 8255, 25, 2483, 7086, 284, 7078, 656, 1290, 344, 11, 1865, 691, 2063, 12, 20122, 287, 663, 13997, 12933, 11, 1439, 262, 7542, 338, 6065, 318, 3443, 655, 530, 890, 6715, 13, 6602, 11352, 3681, 25]","[50256, 14832, 8255, 25, 30776, 389, 262, 23754, 13289, 416, 12803, 1345, 31647, 11, 355, 262, 6994, 16687, 11, 290, 18106, 15016, 355, 18653, 3864, 13929, 829, 11, 262, 29303, 13766, 1664, 4706, 13, 6602, 11352, 3681, 25]",38,38,True,"Afraid to pitch into farce, yet only half-hearted in its spy mechanics, All the Queen's Men is finally just one long drag.","Highlights are the terrific performances by Christopher Plummer, as the prime villain, and Nathan Lane as Vincent Crummles, the eccentric theater company manager.",tigges,True
sst_tigges_pythia_correct_test,358,sst-297,sst-8520,1,0,"Review Text: The film has just enough of everything--re-enactments, archival footage, talking-head interviews--and the music is simply sublime. Review Sentiment:","Review Text: The performances are so leaden, Michael Rymer's direction is so bloodless and the dialogue is so corny that the audience laughs out loud. Review Sentiment:","'Review Text: The film has just enough of everything--re-enactments, archival footage, talking-head interviews--and the music is simply sublime. Review Sentiment:'","""Review Text: The performances are so leaden, Michael Rymer's direction is so bloodless and the dialogue is so corny that the audience laughs out loud. Review Sentiment:""",52657669657720546578743a205468652066696c6d20686173206a75737420656e6f756768206f662065766572797468696e672d2d72652d656e6163746d656e74732c20617263686976616c20666f6f746167652c2074616c6b696e672d6865616420696e74657276696577732d2d616e6420746865206d757369632069732073696d706c79207375626c696d652e205265766965772053656e74696d656e743a,52657669657720546578743a2054686520706572666f726d616e6365732061726520736f206c656164656e2c204d69636861656c2052796d6572277320646972656374696f6e20697320736f20626c6f6f646c65737320616e6420746865206469616c6f67756520697320736f20636f726e792074686174207468652061756469656e6365206c6175676873206f7574206c6f75642e205265766965772053656e74696d656e743a,5542bab85925b68b90bdea7f4f9cf3225e07bdaa4abcaaff010df1d3f553eff4,05124159c3564bea6f9de9926e943b7692d04fa5905d2041bf0b14a07958f62d,"[50256, 14832, 8255, 25, 383, 2646, 468, 655, 1576, 286, 2279, 438, 260, 12, 268, 529, 902, 11, 3934, 2473, 9640, 11, 3375, 12, 2256, 9299, 438, 392, 262, 2647, 318, 2391, 41674, 13, 6602, 11352, 3681, 25]","[50256, 14832, 8255, 25, 383, 13289, 389, 523, 1085, 268, 11, 3899, 11089, 647, 338, 4571, 318, 523, 2910, 1203, 290, 262, 10721, 318, 523, 1162, 3281, 326, 262, 5386, 22051, 503, 7812, 13, 6602, 11352, 3681, 25]",38,38,True,"The film has just enough of everything--re-enactments, archival footage, talking-head interviews--and the music is simply sublime.","The performances are so leaden, Michael Rymer's direction is so bloodless and the dialogue is so corny that the audience laughs out loud.",tigges,True
sst_tigges_pythia_correct_test,359,sst-8520,sst-297,0,1,"Review Text: The performances are so leaden, Michael Rymer's direction is so bloodless and the dialogue is so corny that the audience laughs out loud. Review Sentiment:","Review Text: The film has just enough of everything--re-enactments, archival footage, talking-head interviews--and the music is simply sublime. Review Sentiment:","""Review Text: The performances are so leaden, Michael Rymer's direction is so bloodless and the dialogue is so corny that the audience laughs out loud. Review Sentiment:""","'Review Text: The film has just enough of everything--re-enactments, archival footage, talking-head interviews--and the music is simply sublime. Review Sentiment:'",52657669657720546578743a2054686520706572666f726d616e6365732061726520736f206c656164656e2c204d69636861656c2052796d6572277320646972656374696f6e20697320736f20626c6f6f646c65737320616e6420746865206469616c6f67756520697320736f20636f726e792074686174207468652061756469656e6365206c6175676873206f7574206c6f75642e205265766965772053656e74696d656e743a,52657669657720546578743a205468652066696c6d20686173206a75737420656e6f756768206f662065766572797468696e672d2d72652d656e6163746d656e74732c20617263686976616c20666f6f746167652c2074616c6b696e672d6865616420696e74657276696577732d2d616e6420746865206d757369632069732073696d706c79207375626c696d652e205265766965772053656e74696d656e743a,05124159c3564bea6f9de9926e943b7692d04fa5905d2041bf0b14a07958f62d,5542bab85925b68b90bdea7f4f9cf3225e07bdaa4abcaaff010df1d3f553eff4,"[50256, 14832, 8255, 25, 383, 13289, 389, 523, 1085, 268, 11, 3899, 11089, 647, 338, 4571, 318, 523, 2910, 1203, 290, 262, 10721, 318, 523, 1162, 3281, 326, 262, 5386, 22051, 503, 7812, 13, 6602, 11352, 3681, 25]","[50256, 14832, 8255, 25, 383, 2646, 468, 655, 1576, 286, 2279, 438, 260, 12, 268, 529, 902, 11, 3934, 2473, 9640, 11, 3375, 12, 2256, 9299, 438, 392, 262, 2647, 318, 2391, 41674, 13, 6602, 11352, 3681, 25]",38,38,True,"The performances are so leaden, Michael Rymer's direction is so bloodless and the dialogue is so corny that the audience laughs out loud.","The film has just enough of everything--re-enactments, archival footage, talking-head interviews--and the music is simply sublime.",tigges,True
sst_tigges_pythia_correct_test,360,sst-603,sst-8908,1,0,"Review Text: This romantic thriller is steeped in the atmosphere of wartime England, and ably captures the speech patterns, moral codes and ideals of the 1940s. Review Sentiment:","Review Text: Drives for the same kind of bittersweet, conciliatory tone that Three Seasons achieved but loses its way in rhetorical excess and blatant sentimentality. Review Sentiment:","'Review Text: This romantic thriller is steeped in the atmosphere of wartime England, and ably captures the speech patterns, moral codes and ideals of the 1940s. Review Sentiment:'","'Review Text: Drives for the same kind of bittersweet, conciliatory tone that Three Seasons achieved but loses its way in rhetorical excess and blatant sentimentality. Review Sentiment:'",52657669657720546578743a205468697320726f6d616e74696320746872696c6c6572206973207374656570656420696e207468652061746d6f737068657265206f662077617274696d6520456e676c616e642c20616e642061626c792063617074757265732074686520737065656368207061747465726e732c206d6f72616c20636f64657320616e6420696465616c73206f66207468652031393430732e205265766965772053656e74696d656e743a,52657669657720546578743a2044726976657320666f72207468652073616d65206b696e64206f662062697474657273776565742c20636f6e63696c6961746f727920746f6e65207468617420546872656520536561736f6e7320616368696576656420627574206c6f736573206974732077617920696e20726865746f726963616c2065786365737320616e6420626c6174616e742073656e74696d656e74616c6974792e205265766965772053656e74696d656e743a,5a48ba882d6466e6d226c0a589369c5623060562d4a162e1910ce0830d9141d7,2c39ad081c4c30c57ebfcfbd4883ea96bac0ef4b6026a37a03c1ca455737967e,"[50256, 14832, 8255, 25, 770, 14348, 32251, 318, 14559, 276, 287, 262, 8137, 286, 35382, 4492, 11, 290, 450, 306, 23007, 262, 4046, 7572, 11, 6573, 12416, 290, 22247, 286, 262, 16236, 82, 13, 6602, 11352, 3681, 25]","[50256, 14832, 8255, 25, 5809, 1158, 329, 262, 976, 1611, 286, 48666, 7277, 11, 1673, 2403, 2870, 8216, 326, 7683, 33159, 8793, 475, 14754, 663, 835, 287, 38505, 6992, 290, 29000, 15598, 1483, 13, 6602, 11352, 3681, 25]",38,38,True,"This romantic thriller is steeped in the atmosphere of wartime England, and ably captures the speech patterns, moral codes and ideals of the 1940s.","Drives for the same kind of bittersweet, conciliatory tone that Three Seasons achieved but loses its way in rhetorical excess and blatant sentimentality.",tigges,True
sst_tigges_pythia_correct_test,361,sst-8908,sst-603,0,1,"Review Text: Drives for the same kind of bittersweet, conciliatory tone that Three Seasons achieved but loses its way in rhetorical excess and blatant sentimentality. Review Sentiment:","Review Text: This romantic thriller is steeped in the atmosphere of wartime England, and ably captures the speech patterns, moral codes and ideals of the 1940s. Review Sentiment:","'Review Text: Drives for the same kind of bittersweet, conciliatory tone that Three Seasons achieved but loses its way in rhetorical excess and blatant sentimentality. Review Sentiment:'","'Review Text: This romantic thriller is steeped in the atmosphere of wartime England, and ably captures the speech patterns, moral codes and ideals of the 1940s. Review Sentiment:'",52657669657720546578743a2044726976657320666f72207468652073616d65206b696e64206f662062697474657273776565742c20636f6e63696c6961746f727920746f6e65207468617420546872656520536561736f6e7320616368696576656420627574206c6f736573206974732077617920696e20726865746f726963616c2065786365737320616e6420626c6174616e742073656e74696d656e74616c6974792e205265766965772053656e74696d656e743a,52657669657720546578743a205468697320726f6d616e74696320746872696c6c6572206973207374656570656420696e207468652061746d6f737068657265206f662077617274696d6520456e676c616e642c20616e642061626c792063617074757265732074686520737065656368207061747465726e732c206d6f72616c20636f64657320616e6420696465616c73206f66207468652031393430732e205265766965772053656e74696d656e743a,2c39ad081c4c30c57ebfcfbd4883ea96bac0ef4b6026a37a03c1ca455737967e,5a48ba882d6466e6d226c0a589369c5623060562d4a162e1910ce0830d9141d7,"[50256, 14832, 8255, 25, 5809, 1158, 329, 262, 976, 1611, 286, 48666, 7277, 11, 1673, 2403, 2870, 8216, 326, 7683, 33159, 8793, 475, 14754, 663, 835, 287, 38505, 6992, 290, 29000, 15598, 1483, 13, 6602, 11352, 3681, 25]","[50256, 14832, 8255, 25, 770, 14348, 32251, 318, 14559, 276, 287, 262, 8137, 286, 35382, 4492, 11, 290, 450, 306, 23007, 262, 4046, 7572, 11, 6573, 12416, 290, 22247, 286, 262, 16236, 82, 13, 6602, 11352, 3681, 25]",38,38,True,"Drives for the same kind of bittersweet, conciliatory tone that Three Seasons achieved but loses its way in rhetorical excess and blatant sentimentality.","This romantic thriller is steeped in the atmosphere of wartime England, and ably captures the speech patterns, moral codes and ideals of the 1940s.",tigges,True
sst_tigges_pythia_correct_test,362,sst-1010,sst-8155,1,0,"Review Text: The heightened symmetry of this new\/old Cinema Paradiso makes the film a fuller experience, like an old friend haunted by the exigencies of time. Review Sentiment:","Review Text: Feels like one of those contrived, only-in - Hollywood productions where name actors deliver big performances created for the sole purpose of generating Oscar talk. Review Sentiment:","'Review Text: The heightened symmetry of this new\\/old Cinema Paradiso makes the film a fuller experience, like an old friend haunted by the exigencies of time. Review Sentiment:'","'Review Text: Feels like one of those contrived, only-in - Hollywood productions where name actors deliver big performances created for the sole purpose of generating Oscar talk. Review Sentiment:'",52657669657720546578743a2054686520686569676874656e65642073796d6d65747279206f662074686973206e65775c2f6f6c642043696e656d6120506172616469736f206d616b6573207468652066696c6d20612066756c6c657220657870657269656e63652c206c696b6520616e206f6c6420667269656e64206861756e746564206279207468652065786967656e63696573206f662074696d652e205265766965772053656e74696d656e743a,52657669657720546578743a204665656c73206c696b65206f6e65206f662074686f736520636f6e7472697665642c206f6e6c792d696e202d20486f6c6c79776f6f642070726f64756374696f6e73207768657265206e616d65206163746f72732064656c697665722062696720706572666f726d616e636573206372656174656420666f722074686520736f6c6520707572706f7365206f662067656e65726174696e67204f736361722074616c6b2e205265766965772053656e74696d656e743a,537130ca78ac3e7e277aaccd6516d687c83055ea765215b8e3e617c4726d368e,8cbde915e053db04089dcde75027ac7dc02b47e43748f8ae80639b0f72ae255c,"[50256, 14832, 8255, 25, 383, 25556, 40686, 286, 428, 649, 11139, 727, 31535, 14853, 26786, 1838, 262, 2646, 257, 44757, 1998, 11, 588, 281, 1468, 1545, 26688, 416, 262, 409, 328, 3976, 286, 640, 13, 6602, 11352, 3681, 25]","[50256, 14832, 8255, 25, 5452, 1424, 588, 530, 286, 883, 542, 36207, 11, 691, 12, 259, 532, 8502, 32260, 810, 1438, 10544, 5203, 1263, 13289, 2727, 329, 262, 6195, 4007, 286, 15453, 15694, 1561, 13, 6602, 11352, 3681, 25]",39,39,True,"The heightened symmetry of this new\/old Cinema Paradiso makes the film a fuller experience, like an old friend haunted by the exigencies of time.","Feels like one of those contrived, only-in - Hollywood productions where name actors deliver big performances created for the sole purpose of generating Oscar talk.",tigges,True
sst_tigges_pythia_correct_test,363,sst-8155,sst-1010,0,1,"Review Text: Feels like one of those contrived, only-in - Hollywood productions where name actors deliver big performances created for the sole purpose of generating Oscar talk. Review Sentiment:","Review Text: The heightened symmetry of this new\/old Cinema Paradiso makes the film a fuller experience, like an old friend haunted by the exigencies of time. Review Sentiment:","'Review Text: Feels like one of those contrived, only-in - Hollywood productions where name actors deliver big performances created for the sole purpose of generating Oscar talk. Review Sentiment:'","'Review Text: The heightened symmetry of this new\\/old Cinema Paradiso makes the film a fuller experience, like an old friend haunted by the exigencies of time. Review Sentiment:'",52657669657720546578743a204665656c73206c696b65206f6e65206f662074686f736520636f6e7472697665642c206f6e6c792d696e202d20486f6c6c79776f6f642070726f64756374696f6e73207768657265206e616d65206163746f72732064656c697665722062696720706572666f726d616e636573206372656174656420666f722074686520736f6c6520707572706f7365206f662067656e65726174696e67204f736361722074616c6b2e205265766965772053656e74696d656e743a,52657669657720546578743a2054686520686569676874656e65642073796d6d65747279206f662074686973206e65775c2f6f6c642043696e656d6120506172616469736f206d616b6573207468652066696c6d20612066756c6c657220657870657269656e63652c206c696b6520616e206f6c6420667269656e64206861756e746564206279207468652065786967656e63696573206f662074696d652e205265766965772053656e74696d656e743a,8cbde915e053db04089dcde75027ac7dc02b47e43748f8ae80639b0f72ae255c,537130ca78ac3e7e277aaccd6516d687c83055ea765215b8e3e617c4726d368e,"[50256, 14832, 8255, 25, 5452, 1424, 588, 530, 286, 883, 542, 36207, 11, 691, 12, 259, 532, 8502, 32260, 810, 1438, 10544, 5203, 1263, 13289, 2727, 329, 262, 6195, 4007, 286, 15453, 15694, 1561, 13, 6602, 11352, 3681, 25]","[50256, 14832, 8255, 25, 383, 25556, 40686, 286, 428, 649, 11139, 727, 31535, 14853, 26786, 1838, 262, 2646, 257, 44757, 1998, 11, 588, 281, 1468, 1545, 26688, 416, 262, 409, 328, 3976, 286, 640, 13, 6602, 11352, 3681, 25]",39,39,True,"Feels like one of those contrived, only-in - Hollywood productions where name actors deliver big performances created for the sole purpose of generating Oscar talk.","The heightened symmetry of this new\/old Cinema Paradiso makes the film a fuller experience, like an old friend haunted by the exigencies of time.",tigges,True
sst_tigges_pythia_correct_test,364,sst-8042,sst-8248,1,0,"Review Text: Might have been better off as a documentary, with less of Mr. Eyre's uninspired dramatics and more of his sense of observation and outrage. Review Sentiment:","Review Text: Despite all the talking, by the time the bloody climax arrives we still don't feel enough of an attachment to these guys to care one way or another. Review Sentiment:","""Review Text: Might have been better off as a documentary, with less of Mr. Eyre's uninspired dramatics and more of his sense of observation and outrage. Review Sentiment:""","""Review Text: Despite all the talking, by the time the bloody climax arrives we still don't feel enough of an attachment to these guys to care one way or another. Review Sentiment:""",52657669657720546578743a204d696768742068617665206265656e20626574746572206f6666206173206120646f63756d656e746172792c2077697468206c657373206f66204d722e2045797265277320756e696e737069726564206472616d617469637320616e64206d6f7265206f66206869732073656e7365206f66206f62736572766174696f6e20616e64206f7574726167652e205265766965772053656e74696d656e743a,52657669657720546578743a204465737069746520616c6c207468652074616c6b696e672c206279207468652074696d652074686520626c6f6f647920636c696d61782061727269766573207765207374696c6c20646f6e2774206665656c20656e6f756768206f6620616e206174746163686d656e7420746f207468657365206775797320746f2063617265206f6e6520776179206f7220616e6f746865722e205265766965772053656e74696d656e743a,588cb00c6c4d75812176b442682c539e1305f00b0e5362484cbe9bbdfa40cb80,05441d2ed9bc24555c5d978e1ae512d50bf56e0a357ed5abdea8135e28b10d24,"[50256, 14832, 8255, 25, 24213, 423, 587, 1365, 572, 355, 257, 11648, 11, 351, 1342, 286, 1770, 13, 21566, 260, 338, 555, 24194, 4850, 23372, 290, 517, 286, 465, 2565, 286, 13432, 290, 11616, 13, 6602, 11352, 3681, 25]","[50256, 14832, 8255, 25, 7945, 477, 262, 3375, 11, 416, 262, 640, 262, 15222, 30032, 14443, 356, 991, 836, 470, 1254, 1576, 286, 281, 18231, 284, 777, 3730, 284, 1337, 530, 835, 393, 1194, 13, 6602, 11352, 3681, 25]",39,39,True,"Might have been better off as a documentary, with less of Mr. Eyre's uninspired dramatics and more of his sense of observation and outrage.","Despite all the talking, by the time the bloody climax arrives we still don't feel enough of an attachment to these guys to care one way or another.",tigges,True
sst_tigges_pythia_correct_test,365,sst-8248,sst-8042,0,1,"Review Text: Despite all the talking, by the time the bloody climax arrives we still don't feel enough of an attachment to these guys to care one way or another. Review Sentiment:","Review Text: Might have been better off as a documentary, with less of Mr. Eyre's uninspired dramatics and more of his sense of observation and outrage. Review Sentiment:","""Review Text: Despite all the talking, by the time the bloody climax arrives we still don't feel enough of an attachment to these guys to care one way or another. Review Sentiment:""","""Review Text: Might have been better off as a documentary, with less of Mr. Eyre's uninspired dramatics and more of his sense of observation and outrage. Review Sentiment:""",52657669657720546578743a204465737069746520616c6c207468652074616c6b696e672c206279207468652074696d652074686520626c6f6f647920636c696d61782061727269766573207765207374696c6c20646f6e2774206665656c20656e6f756768206f6620616e206174746163686d656e7420746f207468657365206775797320746f2063617265206f6e6520776179206f7220616e6f746865722e205265766965772053656e74696d656e743a,52657669657720546578743a204d696768742068617665206265656e20626574746572206f6666206173206120646f63756d656e746172792c2077697468206c657373206f66204d722e2045797265277320756e696e737069726564206472616d617469637320616e64206d6f7265206f66206869732073656e7365206f66206f62736572766174696f6e20616e64206f7574726167652e205265766965772053656e74696d656e743a,05441d2ed9bc24555c5d978e1ae512d50bf56e0a357ed5abdea8135e28b10d24,588cb00c6c4d75812176b442682c539e1305f00b0e5362484cbe9bbdfa40cb80,"[50256, 14832, 8255, 25, 7945, 477, 262, 3375, 11, 416, 262, 640, 262, 15222, 30032, 14443, 356, 991, 836, 470, 1254, 1576, 286, 281, 18231, 284, 777, 3730, 284, 1337, 530, 835, 393, 1194, 13, 6602, 11352, 3681, 25]","[50256, 14832, 8255, 25, 24213, 423, 587, 1365, 572, 355, 257, 11648, 11, 351, 1342, 286, 1770, 13, 21566, 260, 338, 555, 24194, 4850, 23372, 290, 517, 286, 465, 2565, 286, 13432, 290, 11616, 13, 6602, 11352, 3681, 25]",39,39,True,"Despite all the talking, by the time the bloody climax arrives we still don't feel enough of an attachment to these guys to care one way or another.","Might have been better off as a documentary, with less of Mr. Eyre's uninspired dramatics and more of his sense of observation and outrage.",tigges,True
sst_tigges_pythia_correct_test,366,sst-975,sst-8272,1,0,"Review Text: Dazzling and sugar-sweet, a blast of shallow magnificence that only sex, scandal, and a chorus line of dangerous damsels can deliver. Review Sentiment:","Review Text: It's really yet another anemic and formulaic Lethal Weapon-derived buddy-cop movie, trying to pass off its lack of imagination as hip knowingness. Review Sentiment:","'Review Text: Dazzling and sugar-sweet, a blast of shallow magnificence that only sex, scandal, and a chorus line of dangerous damsels can deliver. Review Sentiment:'","""Review Text: It's really yet another anemic and formulaic Lethal Weapon-derived buddy-cop movie, trying to pass off its lack of imagination as hip knowingness. Review Sentiment:""",52657669657720546578743a2044617a7a6c696e6720616e642073756761722d73776565742c206120626c617374206f66207368616c6c6f77206d61676e69666963656e63652074686174206f6e6c79207365782c207363616e64616c2c20616e6420612063686f727573206c696e65206f662064616e6765726f75732064616d73656c732063616e2064656c697665722e205265766965772053656e74696d656e743a,52657669657720546578743a2049742773207265616c6c792079657420616e6f7468657220616e656d696320616e6420666f726d756c616963204c657468616c20576561706f6e2d646572697665642062756464792d636f70206d6f7669652c20747279696e6720746f2070617373206f666620697473206c61636b206f6620696d6167696e6174696f6e20617320686970206b6e6f77696e676e6573732e205265766965772053656e74696d656e743a,114f8b53fb4ec989f1bed6ee906ab6a38f71018bed72918ff36abd8861d1d51d,e47212515f9b14525c7c3722fca5a6e0b9d7bc1b6f4ef1393f5ceaeca1d57611,"[50256, 14832, 8255, 25, 360, 8101, 1359, 290, 7543, 12, 34751, 11, 257, 11975, 286, 19337, 7842, 811, 594, 326, 691, 1714, 11, 10731, 11, 290, 257, 26441, 1627, 286, 4923, 1801, 14002, 460, 5203, 13, 6602, 11352, 3681, 25]","[50256, 14832, 8255, 25, 632, 338, 1107, 1865, 1194, 281, 5314, 290, 10451, 291, 47281, 13072, 12, 34631, 24407, 12, 22163, 3807, 11, 2111, 284, 1208, 572, 663, 3092, 286, 13843, 355, 10359, 6970, 1108, 13, 6602, 11352, 3681, 25]",40,40,True,"Dazzling and sugar-sweet, a blast of shallow magnificence that only sex, scandal, and a chorus line of dangerous damsels can deliver.","It's really yet another anemic and formulaic Lethal Weapon-derived buddy-cop movie, trying to pass off its lack of imagination as hip knowingness.",tigges,True
sst_tigges_pythia_correct_test,367,sst-8272,sst-975,0,1,"Review Text: It's really yet another anemic and formulaic Lethal Weapon-derived buddy-cop movie, trying to pass off its lack of imagination as hip knowingness. Review Sentiment:","Review Text: Dazzling and sugar-sweet, a blast of shallow magnificence that only sex, scandal, and a chorus line of dangerous damsels can deliver. Review Sentiment:","""Review Text: It's really yet another anemic and formulaic Lethal Weapon-derived buddy-cop movie, trying to pass off its lack of imagination as hip knowingness. Review Sentiment:""","'Review Text: Dazzling and sugar-sweet, a blast of shallow magnificence that only sex, scandal, and a chorus line of dangerous damsels can deliver. Review Sentiment:'",52657669657720546578743a2049742773207265616c6c792079657420616e6f7468657220616e656d696320616e6420666f726d756c616963204c657468616c20576561706f6e2d646572697665642062756464792d636f70206d6f7669652c20747279696e6720746f2070617373206f666620697473206c61636b206f6620696d6167696e6174696f6e20617320686970206b6e6f77696e676e6573732e205265766965772053656e74696d656e743a,52657669657720546578743a2044617a7a6c696e6720616e642073756761722d73776565742c206120626c617374206f66207368616c6c6f77206d61676e69666963656e63652074686174206f6e6c79207365782c207363616e64616c2c20616e6420612063686f727573206c696e65206f662064616e6765726f75732064616d73656c732063616e2064656c697665722e205265766965772053656e74696d656e743a,e47212515f9b14525c7c3722fca5a6e0b9d7bc1b6f4ef1393f5ceaeca1d57611,114f8b53fb4ec989f1bed6ee906ab6a38f71018bed72918ff36abd8861d1d51d,"[50256, 14832, 8255, 25, 632, 338, 1107, 1865, 1194, 281, 5314, 290, 10451, 291, 47281, 13072, 12, 34631, 24407, 12, 22163, 3807, 11, 2111, 284, 1208, 572, 663, 3092, 286, 13843, 355, 10359, 6970, 1108, 13, 6602, 11352, 3681, 25]","[50256, 14832, 8255, 25, 360, 8101, 1359, 290, 7543, 12, 34751, 11, 257, 11975, 286, 19337, 7842, 811, 594, 326, 691, 1714, 11, 10731, 11, 290, 257, 26441, 1627, 286, 4923, 1801, 14002, 460, 5203, 13, 6602, 11352, 3681, 25]",40,40,True,"It's really yet another anemic and formulaic Lethal Weapon-derived buddy-cop movie, trying to pass off its lack of imagination as hip knowingness.","Dazzling and sugar-sweet, a blast of shallow magnificence that only sex, scandal, and a chorus line of dangerous damsels can deliver.",tigges,True
sst_tigges_pythia_correct_test,368,sst-878,sst-8855,1,0,"Review Text: Though the controversial Korean filmmaker's latest effort is not for all tastes, it offers gorgeous imagery, effective performances, and an increasingly unsettling sense of foreboding. Review Sentiment:",Review Text: Consider the title's clunk-on-the-head that suggests the overtime someone put in to come up with an irritatingly unimaginative retread concept. Review Sentiment:,"""Review Text: Though the controversial Korean filmmaker's latest effort is not for all tastes, it offers gorgeous imagery, effective performances, and an increasingly unsettling sense of foreboding. Review Sentiment:""","""Review Text: Consider the title's clunk-on-the-head that suggests the overtime someone put in to come up with an irritatingly unimaginative retread concept. Review Sentiment:""",52657669657720546578743a2054686f7567682074686520636f6e74726f7665727369616c204b6f7265616e2066696c6d6d616b65722773206c6174657374206566666f7274206973206e6f7420666f7220616c6c207461737465732c206974206f666665727320676f7267656f757320696d61676572792c2065666665637469766520706572666f726d616e6365732c20616e6420616e20696e6372656173696e676c7920756e736574746c696e672073656e7365206f6620666f7265626f64696e672e205265766965772053656e74696d656e743a,52657669657720546578743a20436f6e736964657220746865207469746c65277320636c756e6b2d6f6e2d7468652d68656164207468617420737567676573747320746865206f76657274696d6520736f6d656f6e652070757420696e20746f20636f6d65207570207769746820616e2069727269746174696e676c7920756e696d6167696e6174697665207265747265616420636f6e636570742e205265766965772053656e74696d656e743a,808e0d8a30de6cd327756638a7ae40b5cb0165526398d1dd84414b8dd1b73cb4,8977486159a9e0773574e714d90b6c8d3a5c4e3a7aaf8d8a215ba819a245e33d,"[50256, 14832, 8255, 25, 7486, 262, 8381, 6983, 26479, 338, 3452, 3626, 318, 407, 329, 477, 18221, 11, 340, 4394, 18857, 19506, 11, 4050, 13289, 11, 290, 281, 6481, 38192, 2565, 286, 1674, 65, 7656, 13, 6602, 11352, 3681, 25]","[50256, 14832, 8255, 25, 12642, 262, 3670, 338, 537, 2954, 12, 261, 12, 1169, 12, 2256, 326, 5644, 262, 17820, 2130, 1234, 287, 284, 1282, 510, 351, 281, 42010, 306, 37656, 876, 1005, 961, 3721, 13, 6602, 11352, 3681, 25]",40,40,True,"Though the controversial Korean filmmaker's latest effort is not for all tastes, it offers gorgeous imagery, effective performances, and an increasingly unsettling sense of foreboding.",Consider the title's clunk-on-the-head that suggests the overtime someone put in to come up with an irritatingly unimaginative retread concept.,tigges,True
sst_tigges_pythia_correct_test,369,sst-8855,sst-878,0,1,Review Text: Consider the title's clunk-on-the-head that suggests the overtime someone put in to come up with an irritatingly unimaginative retread concept. Review Sentiment:,"Review Text: Though the controversial Korean filmmaker's latest effort is not for all tastes, it offers gorgeous imagery, effective performances, and an increasingly unsettling sense of foreboding. Review Sentiment:","""Review Text: Consider the title's clunk-on-the-head that suggests the overtime someone put in to come up with an irritatingly unimaginative retread concept. Review Sentiment:""","""Review Text: Though the controversial Korean filmmaker's latest effort is not for all tastes, it offers gorgeous imagery, effective performances, and an increasingly unsettling sense of foreboding. Review Sentiment:""",52657669657720546578743a20436f6e736964657220746865207469746c65277320636c756e6b2d6f6e2d7468652d68656164207468617420737567676573747320746865206f76657274696d6520736f6d656f6e652070757420696e20746f20636f6d65207570207769746820616e2069727269746174696e676c7920756e696d6167696e6174697665207265747265616420636f6e636570742e205265766965772053656e74696d656e743a,52657669657720546578743a2054686f7567682074686520636f6e74726f7665727369616c204b6f7265616e2066696c6d6d616b65722773206c6174657374206566666f7274206973206e6f7420666f7220616c6c207461737465732c206974206f666665727320676f7267656f757320696d61676572792c2065666665637469766520706572666f726d616e6365732c20616e6420616e20696e6372656173696e676c7920756e736574746c696e672073656e7365206f6620666f7265626f64696e672e205265766965772053656e74696d656e743a,8977486159a9e0773574e714d90b6c8d3a5c4e3a7aaf8d8a215ba819a245e33d,808e0d8a30de6cd327756638a7ae40b5cb0165526398d1dd84414b8dd1b73cb4,"[50256, 14832, 8255, 25, 12642, 262, 3670, 338, 537, 2954, 12, 261, 12, 1169, 12, 2256, 326, 5644, 262, 17820, 2130, 1234, 287, 284, 1282, 510, 351, 281, 42010, 306, 37656, 876, 1005, 961, 3721, 13, 6602, 11352, 3681, 25]","[50256, 14832, 8255, 25, 7486, 262, 8381, 6983, 26479, 338, 3452, 3626, 318, 407, 329, 477, 18221, 11, 340, 4394, 18857, 19506, 11, 4050, 13289, 11, 290, 281, 6481, 38192, 2565, 286, 1674, 65, 7656, 13, 6602, 11352, 3681, 25]",40,40,True,Consider the title's clunk-on-the-head that suggests the overtime someone put in to come up with an irritatingly unimaginative retread concept.,"Though the controversial Korean filmmaker's latest effort is not for all tastes, it offers gorgeous imagery, effective performances, and an increasingly unsettling sense of foreboding.",tigges,True
sst_tigges_pythia_correct_test,370,sst-708,sst-8525,1,0,"Review Text: Smith profiles five extraordinary American homes, and because the owners seem fully aware of the uses and abuses of fame, it's a pleasure to enjoy their eccentricities. Review Sentiment:","Review Text: The best you can say about it is it's so uninspired, it barely gives one pause when considering some of the other dreck out there right now. Review Sentiment:","""Review Text: Smith profiles five extraordinary American homes, and because the owners seem fully aware of the uses and abuses of fame, it's a pleasure to enjoy their eccentricities. Review Sentiment:""","""Review Text: The best you can say about it is it's so uninspired, it barely gives one pause when considering some of the other dreck out there right now. Review Sentiment:""",52657669657720546578743a20536d6974682070726f66696c657320666976652065787472616f7264696e61727920416d65726963616e20686f6d65732c20616e64206265636175736520746865206f776e657273207365656d2066756c6c79206177617265206f6620746865207573657320616e6420616275736573206f662066616d652c2069742773206120706c65617375726520746f20656e6a6f7920746865697220656363656e7472696369746965732e205265766965772053656e74696d656e743a,52657669657720546578743a20546865206265737420796f752063616e207361792061626f7574206974206973206974277320736f20756e696e7370697265642c20697420626172656c79206769766573206f6e65207061757365207768656e20636f6e7369646572696e6720736f6d65206f6620746865206f7468657220647265636b206f7574207468657265207269676874206e6f772e205265766965772053656e74696d656e743a,b3457a33ac4ec59de512e02a5be7516387f90d0a5cfaab66c45bd6ed07e56415,ea0730be6d7466ea22e12cfbd3f592eca55a1bc7ee27afe32eb497b1c4798b2d,"[50256, 14832, 8255, 25, 4176, 16545, 1936, 11359, 1605, 5682, 11, 290, 780, 262, 4393, 1283, 3938, 3910, 286, 262, 3544, 290, 19544, 286, 16117, 11, 340, 338, 257, 9476, 284, 2883, 511, 29303, 871, 13, 6602, 11352, 3681, 25]","[50256, 14832, 8255, 25, 383, 1266, 345, 460, 910, 546, 340, 318, 340, 338, 523, 555, 24194, 11, 340, 8523, 3607, 530, 14985, 618, 6402, 617, 286, 262, 584, 288, 11402, 503, 612, 826, 783, 13, 6602, 11352, 3681, 25]",40,40,True,"Smith profiles five extraordinary American homes, and because the owners seem fully aware of the uses and abuses of fame, it's a pleasure to enjoy their eccentricities.","The best you can say about it is it's so uninspired, it barely gives one pause when considering some of the other dreck out there right now.",tigges,True
sst_tigges_pythia_correct_test,371,sst-8525,sst-708,0,1,"Review Text: The best you can say about it is it's so uninspired, it barely gives one pause when considering some of the other dreck out there right now. Review Sentiment:","Review Text: Smith profiles five extraordinary American homes, and because the owners seem fully aware of the uses and abuses of fame, it's a pleasure to enjoy their eccentricities. Review Sentiment:","""Review Text: The best you can say about it is it's so uninspired, it barely gives one pause when considering some of the other dreck out there right now. Review Sentiment:""","""Review Text: Smith profiles five extraordinary American homes, and because the owners seem fully aware of the uses and abuses of fame, it's a pleasure to enjoy their eccentricities. Review Sentiment:""",52657669657720546578743a20546865206265737420796f752063616e207361792061626f7574206974206973206974277320736f20756e696e7370697265642c20697420626172656c79206769766573206f6e65207061757365207768656e20636f6e7369646572696e6720736f6d65206f6620746865206f7468657220647265636b206f7574207468657265207269676874206e6f772e205265766965772053656e74696d656e743a,52657669657720546578743a20536d6974682070726f66696c657320666976652065787472616f7264696e61727920416d65726963616e20686f6d65732c20616e64206265636175736520746865206f776e657273207365656d2066756c6c79206177617265206f6620746865207573657320616e6420616275736573206f662066616d652c2069742773206120706c65617375726520746f20656e6a6f7920746865697220656363656e7472696369746965732e205265766965772053656e74696d656e743a,ea0730be6d7466ea22e12cfbd3f592eca55a1bc7ee27afe32eb497b1c4798b2d,b3457a33ac4ec59de512e02a5be7516387f90d0a5cfaab66c45bd6ed07e56415,"[50256, 14832, 8255, 25, 383, 1266, 345, 460, 910, 546, 340, 318, 340, 338, 523, 555, 24194, 11, 340, 8523, 3607, 530, 14985, 618, 6402, 617, 286, 262, 584, 288, 11402, 503, 612, 826, 783, 13, 6602, 11352, 3681, 25]","[50256, 14832, 8255, 25, 4176, 16545, 1936, 11359, 1605, 5682, 11, 290, 780, 262, 4393, 1283, 3938, 3910, 286, 262, 3544, 290, 19544, 286, 16117, 11, 340, 338, 257, 9476, 284, 2883, 511, 29303, 871, 13, 6602, 11352, 3681, 25]",40,40,True,"The best you can say about it is it's so uninspired, it barely gives one pause when considering some of the other dreck out there right now.","Smith profiles five extraordinary American homes, and because the owners seem fully aware of the uses and abuses of fame, it's a pleasure to enjoy their eccentricities.",tigges,True
sst_tigges_pythia_correct_test,372,sst-203,sst-8271,1,0,Review Text: Watching Beanie and his gang put together his slasher video from spare parts and borrowed materials is as much fun as it must have been for them to make it. Review Sentiment:,"Review Text: Schmaltzy and unfunny, Adam Sandler's cartoon about Hanukkah is numbingly bad, Little Nicky bad, 10 Worst List bad. Review Sentiment:",'Review Text: Watching Beanie and his gang put together his slasher video from spare parts and borrowed materials is as much fun as it must have been for them to make it. Review Sentiment:',"""Review Text: Schmaltzy and unfunny, Adam Sandler's cartoon about Hanukkah is numbingly bad, Little Nicky bad, 10 Worst List bad. Review Sentiment:""",52657669657720546578743a205761746368696e67204265616e696520616e64206869732067616e672070757420746f6765746865722068697320736c617368657220766964656f2066726f6d20737061726520706172747320616e6420626f72726f776564206d6174657269616c73206973206173206d7563682066756e206173206974206d7573742068617665206265656e20666f72207468656d20746f206d616b652069742e205265766965772053656e74696d656e743a,52657669657720546578743a205363686d616c747a7920616e6420756e66756e6e792c204164616d2053616e646c6572277320636172746f6f6e2061626f75742048616e756b6b6168206973206e756d62696e676c79206261642c204c6974746c65204e69636b79206261642c20313020576f727374204c697374206261642e205265766965772053656e74696d656e743a,1f8c10969d9acc67fd0c20ba2a9c64d414dc8dd78f55f816ed1e2e58f8faaf53,90fd49e7cc289d4bacbe8b41d3615d44374db154878549f8102a9e150cfc0d4c,"[50256, 14832, 8255, 25, 36110, 26510, 494, 290, 465, 7706, 1234, 1978, 465, 1017, 31218, 2008, 422, 13952, 3354, 290, 22546, 5696, 318, 355, 881, 1257, 355, 340, 1276, 423, 587, 329, 606, 284, 787, 340, 13, 6602, 11352, 3681, 25]","[50256, 14832, 8255, 25, 3059, 76, 2501, 7357, 290, 3684, 16948, 11, 7244, 3837, 1754, 338, 16251, 546, 9530, 2724, 74, 993, 318, 35519, 4420, 2089, 11, 7703, 8047, 88, 2089, 11, 838, 33443, 7343, 2089, 13, 6602, 11352, 3681, 25]",41,41,True,Watching Beanie and his gang put together his slasher video from spare parts and borrowed materials is as much fun as it must have been for them to make it.,"Schmaltzy and unfunny, Adam Sandler's cartoon about Hanukkah is numbingly bad, Little Nicky bad, 10 Worst List bad.",tigges,True
sst_tigges_pythia_correct_test,373,sst-8271,sst-203,0,1,"Review Text: Schmaltzy and unfunny, Adam Sandler's cartoon about Hanukkah is numbingly bad, Little Nicky bad, 10 Worst List bad. Review Sentiment:",Review Text: Watching Beanie and his gang put together his slasher video from spare parts and borrowed materials is as much fun as it must have been for them to make it. Review Sentiment:,"""Review Text: Schmaltzy and unfunny, Adam Sandler's cartoon about Hanukkah is numbingly bad, Little Nicky bad, 10 Worst List bad. Review Sentiment:""",'Review Text: Watching Beanie and his gang put together his slasher video from spare parts and borrowed materials is as much fun as it must have been for them to make it. Review Sentiment:',52657669657720546578743a205363686d616c747a7920616e6420756e66756e6e792c204164616d2053616e646c6572277320636172746f6f6e2061626f75742048616e756b6b6168206973206e756d62696e676c79206261642c204c6974746c65204e69636b79206261642c20313020576f727374204c697374206261642e205265766965772053656e74696d656e743a,52657669657720546578743a205761746368696e67204265616e696520616e64206869732067616e672070757420746f6765746865722068697320736c617368657220766964656f2066726f6d20737061726520706172747320616e6420626f72726f776564206d6174657269616c73206973206173206d7563682066756e206173206974206d7573742068617665206265656e20666f72207468656d20746f206d616b652069742e205265766965772053656e74696d656e743a,90fd49e7cc289d4bacbe8b41d3615d44374db154878549f8102a9e150cfc0d4c,1f8c10969d9acc67fd0c20ba2a9c64d414dc8dd78f55f816ed1e2e58f8faaf53,"[50256, 14832, 8255, 25, 3059, 76, 2501, 7357, 290, 3684, 16948, 11, 7244, 3837, 1754, 338, 16251, 546, 9530, 2724, 74, 993, 318, 35519, 4420, 2089, 11, 7703, 8047, 88, 2089, 11, 838, 33443, 7343, 2089, 13, 6602, 11352, 3681, 25]","[50256, 14832, 8255, 25, 36110, 26510, 494, 290, 465, 7706, 1234, 1978, 465, 1017, 31218, 2008, 422, 13952, 3354, 290, 22546, 5696, 318, 355, 881, 1257, 355, 340, 1276, 423, 587, 329, 606, 284, 787, 340, 13, 6602, 11352, 3681, 25]",41,41,True,"Schmaltzy and unfunny, Adam Sandler's cartoon about Hanukkah is numbingly bad, Little Nicky bad, 10 Worst List bad.",Watching Beanie and his gang put together his slasher video from spare parts and borrowed materials is as much fun as it must have been for them to make it.,tigges,True
sst_tigges_pythia_correct_test,374,sst-1026,sst-8382,1,0,"Review Text: Thrilling, provocative and darkly funny, this timely sci-fi mystery works on so many different levels that it not only invites, it demands repeated viewings. Review Sentiment:","Review Text: It doesn't help that the director and cinematographer Stephen Kazmierski shoot on grungy video, giving the whole thing a dirty, tasteless feel. Review Sentiment:","'Review Text: Thrilling, provocative and darkly funny, this timely sci-fi mystery works on so many different levels that it not only invites, it demands repeated viewings. Review Sentiment:'","""Review Text: It doesn't help that the director and cinematographer Stephen Kazmierski shoot on grungy video, giving the whole thing a dirty, tasteless feel. Review Sentiment:""",52657669657720546578743a20546872696c6c696e672c2070726f766f63617469766520616e64206461726b6c792066756e6e792c20746869732074696d656c79207363692d6669206d79737465727920776f726b73206f6e20736f206d616e7920646966666572656e74206c6576656c732074686174206974206e6f74206f6e6c7920696e76697465732c2069742064656d616e64732072657065617465642076696577696e67732e205265766965772053656e74696d656e743a,52657669657720546578743a20497420646f65736e27742068656c70207468617420746865206469726563746f7220616e642063696e656d61746f67726170686572205374657068656e204b617a6d696572736b692073686f6f74206f6e206772756e677920766964656f2c20676976696e67207468652077686f6c65207468696e6720612064697274792c2074617374656c657373206665656c2e205265766965772053656e74696d656e743a,1d33da3aa3c5a64f4c8d87b141d664114e9e177156a64eb21dee40ce6bd411ec,198d10cac328e75d2c7fab0b49ab11d0fcb8b9950a866ec50b5fee95f0e07095,"[50256, 14832, 8255, 25, 16283, 4509, 11, 28695, 290, 3223, 306, 8258, 11, 428, 19376, 20681, 12, 12463, 10715, 2499, 319, 523, 867, 1180, 2974, 326, 340, 407, 691, 27671, 11, 340, 8665, 5100, 1570, 654, 13, 6602, 11352, 3681, 25]","[50256, 14832, 8255, 25, 632, 1595, 470, 1037, 326, 262, 3437, 290, 13483, 265, 18539, 7970, 16385, 76, 3183, 4106, 2686, 319, 44397, 1360, 2008, 11, 3501, 262, 2187, 1517, 257, 11841, 11, 14854, 5321, 1254, 13, 6602, 11352, 3681, 25]",41,41,True,"Thrilling, provocative and darkly funny, this timely sci-fi mystery works on so many different levels that it not only invites, it demands repeated viewings.","It doesn't help that the director and cinematographer Stephen Kazmierski shoot on grungy video, giving the whole thing a dirty, tasteless feel.",tigges,True
sst_tigges_pythia_correct_test,375,sst-8382,sst-1026,0,1,"Review Text: It doesn't help that the director and cinematographer Stephen Kazmierski shoot on grungy video, giving the whole thing a dirty, tasteless feel. Review Sentiment:","Review Text: Thrilling, provocative and darkly funny, this timely sci-fi mystery works on so many different levels that it not only invites, it demands repeated viewings. Review Sentiment:","""Review Text: It doesn't help that the director and cinematographer Stephen Kazmierski shoot on grungy video, giving the whole thing a dirty, tasteless feel. Review Sentiment:""","'Review Text: Thrilling, provocative and darkly funny, this timely sci-fi mystery works on so many different levels that it not only invites, it demands repeated viewings. Review Sentiment:'",52657669657720546578743a20497420646f65736e27742068656c70207468617420746865206469726563746f7220616e642063696e656d61746f67726170686572205374657068656e204b617a6d696572736b692073686f6f74206f6e206772756e677920766964656f2c20676976696e67207468652077686f6c65207468696e6720612064697274792c2074617374656c657373206665656c2e205265766965772053656e74696d656e743a,52657669657720546578743a20546872696c6c696e672c2070726f766f63617469766520616e64206461726b6c792066756e6e792c20746869732074696d656c79207363692d6669206d79737465727920776f726b73206f6e20736f206d616e7920646966666572656e74206c6576656c732074686174206974206e6f74206f6e6c7920696e76697465732c2069742064656d616e64732072657065617465642076696577696e67732e205265766965772053656e74696d656e743a,198d10cac328e75d2c7fab0b49ab11d0fcb8b9950a866ec50b5fee95f0e07095,1d33da3aa3c5a64f4c8d87b141d664114e9e177156a64eb21dee40ce6bd411ec,"[50256, 14832, 8255, 25, 632, 1595, 470, 1037, 326, 262, 3437, 290, 13483, 265, 18539, 7970, 16385, 76, 3183, 4106, 2686, 319, 44397, 1360, 2008, 11, 3501, 262, 2187, 1517, 257, 11841, 11, 14854, 5321, 1254, 13, 6602, 11352, 3681, 25]","[50256, 14832, 8255, 25, 16283, 4509, 11, 28695, 290, 3223, 306, 8258, 11, 428, 19376, 20681, 12, 12463, 10715, 2499, 319, 523, 867, 1180, 2974, 326, 340, 407, 691, 27671, 11, 340, 8665, 5100, 1570, 654, 13, 6602, 11352, 3681, 25]",41,41,True,"It doesn't help that the director and cinematographer Stephen Kazmierski shoot on grungy video, giving the whole thing a dirty, tasteless feel.","Thrilling, provocative and darkly funny, this timely sci-fi mystery works on so many different levels that it not only invites, it demands repeated viewings.",tigges,True
sst_tigges_pythia_correct_test,376,sst-951,sst-8898,1,0,"Review Text: Huppert gives Erika a persona that is so intriguing that you find yourself staring hypnotically at her, trying to understand her and wondering if she'll crack. Review Sentiment:","Review Text: But like Bruce Springsteen's gone-to-pot Asbury Park, New Jersey, this sad-sack waste of a movie is a City of ruins. Review Sentiment:","""Review Text: Huppert gives Erika a persona that is so intriguing that you find yourself staring hypnotically at her, trying to understand her and wondering if she'll crack. Review Sentiment:""","""Review Text: But like Bruce Springsteen's gone-to-pot Asbury Park, New Jersey, this sad-sack waste of a movie is a City of ruins. Review Sentiment:""",52657669657720546578743a2048757070657274206769766573204572696b61206120706572736f6e61207468617420697320736f20696e7472696775696e67207468617420796f752066696e6420796f757273656c662073746172696e67206879706e6f746963616c6c79206174206865722c20747279696e6720746f20756e6465727374616e642068657220616e6420776f6e646572696e6720696620736865276c6c20637261636b2e205265766965772053656e74696d656e743a,52657669657720546578743a20427574206c696b6520427275636520537072696e67737465656e277320676f6e652d746f2d706f7420417362757279205061726b2c204e6577204a65727365792c2074686973207361642d7361636b207761737465206f662061206d6f76696520697320612043697479206f66207275696e732e205265766965772053656e74696d656e743a,25fbfedd8eee16cb7bd41909c3d203b1b6d47794e23108719831ce5483443ce7,320a3e190b79bf9ac97c16accdc02368b066acb9f9a6e222cb63e7b8f6c3a51e,"[50256, 14832, 8255, 25, 367, 7211, 861, 3607, 412, 28716, 257, 27822, 326, 318, 523, 19827, 326, 345, 1064, 3511, 16143, 36580, 1146, 379, 607, 11, 2111, 284, 1833, 607, 290, 11263, 611, 673, 1183, 8469, 13, 6602, 11352, 3681, 25]","[50256, 14832, 8255, 25, 887, 588, 11088, 8225, 42580, 338, 3750, 12, 1462, 12, 13059, 1081, 10711, 3250, 11, 968, 8221, 11, 428, 6507, 12, 82, 441, 7030, 286, 257, 3807, 318, 257, 2254, 286, 20073, 13, 6602, 11352, 3681, 25]",41,41,True,"Huppert gives Erika a persona that is so intriguing that you find yourself staring hypnotically at her, trying to understand her and wondering if she'll crack.","But like Bruce Springsteen's gone-to-pot Asbury Park, New Jersey, this sad-sack waste of a movie is a City of ruins.",tigges,True
sst_tigges_pythia_correct_test,377,sst-8898,sst-951,0,1,"Review Text: But like Bruce Springsteen's gone-to-pot Asbury Park, New Jersey, this sad-sack waste of a movie is a City of ruins. Review Sentiment:","Review Text: Huppert gives Erika a persona that is so intriguing that you find yourself staring hypnotically at her, trying to understand her and wondering if she'll crack. Review Sentiment:","""Review Text: But like Bruce Springsteen's gone-to-pot Asbury Park, New Jersey, this sad-sack waste of a movie is a City of ruins. Review Sentiment:""","""Review Text: Huppert gives Erika a persona that is so intriguing that you find yourself staring hypnotically at her, trying to understand her and wondering if she'll crack. Review Sentiment:""",52657669657720546578743a20427574206c696b6520427275636520537072696e67737465656e277320676f6e652d746f2d706f7420417362757279205061726b2c204e6577204a65727365792c2074686973207361642d7361636b207761737465206f662061206d6f76696520697320612043697479206f66207275696e732e205265766965772053656e74696d656e743a,52657669657720546578743a2048757070657274206769766573204572696b61206120706572736f6e61207468617420697320736f20696e7472696775696e67207468617420796f752066696e6420796f757273656c662073746172696e67206879706e6f746963616c6c79206174206865722c20747279696e6720746f20756e6465727374616e642068657220616e6420776f6e646572696e6720696620736865276c6c20637261636b2e205265766965772053656e74696d656e743a,320a3e190b79bf9ac97c16accdc02368b066acb9f9a6e222cb63e7b8f6c3a51e,25fbfedd8eee16cb7bd41909c3d203b1b6d47794e23108719831ce5483443ce7,"[50256, 14832, 8255, 25, 887, 588, 11088, 8225, 42580, 338, 3750, 12, 1462, 12, 13059, 1081, 10711, 3250, 11, 968, 8221, 11, 428, 6507, 12, 82, 441, 7030, 286, 257, 3807, 318, 257, 2254, 286, 20073, 13, 6602, 11352, 3681, 25]","[50256, 14832, 8255, 25, 367, 7211, 861, 3607, 412, 28716, 257, 27822, 326, 318, 523, 19827, 326, 345, 1064, 3511, 16143, 36580, 1146, 379, 607, 11, 2111, 284, 1833, 607, 290, 11263, 611, 673, 1183, 8469, 13, 6602, 11352, 3681, 25]",41,41,True,"But like Bruce Springsteen's gone-to-pot Asbury Park, New Jersey, this sad-sack waste of a movie is a City of ruins.","Huppert gives Erika a persona that is so intriguing that you find yourself staring hypnotically at her, trying to understand her and wondering if she'll crack.",tigges,True
sst_tigges_pythia_correct_test,378,sst-8110,sst-8977,1,0,"Review Text: For the most part, I Spy was an amusing lark that will probably rank as one of Murphy's better performances in one of his lesser-praised movies. Review Sentiment:","Review Text: Reggio falls victim to relying on the very digital technology that he fervently scorns, creating a meandering, inarticulate and ultimately disappointing film. Review Sentiment:","""Review Text: For the most part, I Spy was an amusing lark that will probably rank as one of Murphy's better performances in one of his lesser-praised movies. Review Sentiment:""","'Review Text: Reggio falls victim to relying on the very digital technology that he fervently scorns, creating a meandering, inarticulate and ultimately disappointing film. Review Sentiment:'",52657669657720546578743a20466f7220746865206d6f737420706172742c2049205370792077617320616e20616d7573696e67206c61726b20746861742077696c6c2070726f6261626c792072616e6b206173206f6e65206f66204d757270687927732062657474657220706572666f726d616e63657320696e206f6e65206f6620686973206c65737365722d70726169736564206d6f766965732e205265766965772053656e74696d656e743a,52657669657720546578743a2052656767696f2066616c6c732076696374696d20746f2072656c79696e67206f6e207468652076657279206469676974616c20746563686e6f6c6f677920746861742068652066657276656e746c792073636f726e732c206372656174696e672061206d65616e646572696e672c20696e6172746963756c61746520616e6420756c74696d6174656c79206469736170706f696e74696e672066696c6d2e205265766965772053656e74696d656e743a,03500540b3fdd0bbac60306ea201c5ff9d2906c2f76a946d791fc966847644da,4db0c5254db142bbe33743928d4cb344d1b4b0a21cde0379210a44ef0bef3538,"[50256, 14832, 8255, 25, 1114, 262, 749, 636, 11, 314, 23688, 373, 281, 28297, 300, 668, 326, 481, 2192, 4279, 355, 530, 286, 14424, 338, 1365, 13289, 287, 530, 286, 465, 14494, 12, 79, 49309, 6918, 13, 6602, 11352, 3681, 25]","[50256, 14832, 8255, 25, 797, 1130, 952, 8953, 3117, 284, 17965, 319, 262, 845, 4875, 3037, 326, 339, 28866, 1473, 629, 19942, 11, 4441, 257, 502, 42454, 11, 287, 433, 291, 5039, 290, 6165, 17185, 2646, 13, 6602, 11352, 3681, 25]",41,41,True,"For the most part, I Spy was an amusing lark that will probably rank as one of Murphy's better performances in one of his lesser-praised movies.","Reggio falls victim to relying on the very digital technology that he fervently scorns, creating a meandering, inarticulate and ultimately disappointing film.",tigges,True
sst_tigges_pythia_correct_test,379,sst-8977,sst-8110,0,1,"Review Text: Reggio falls victim to relying on the very digital technology that he fervently scorns, creating a meandering, inarticulate and ultimately disappointing film. Review Sentiment:","Review Text: For the most part, I Spy was an amusing lark that will probably rank as one of Murphy's better performances in one of his lesser-praised movies. Review Sentiment:","'Review Text: Reggio falls victim to relying on the very digital technology that he fervently scorns, creating a meandering, inarticulate and ultimately disappointing film. Review Sentiment:'","""Review Text: For the most part, I Spy was an amusing lark that will probably rank as one of Murphy's better performances in one of his lesser-praised movies. Review Sentiment:""",52657669657720546578743a2052656767696f2066616c6c732076696374696d20746f2072656c79696e67206f6e207468652076657279206469676974616c20746563686e6f6c6f677920746861742068652066657276656e746c792073636f726e732c206372656174696e672061206d65616e646572696e672c20696e6172746963756c61746520616e6420756c74696d6174656c79206469736170706f696e74696e672066696c6d2e205265766965772053656e74696d656e743a,52657669657720546578743a20466f7220746865206d6f737420706172742c2049205370792077617320616e20616d7573696e67206c61726b20746861742077696c6c2070726f6261626c792072616e6b206173206f6e65206f66204d757270687927732062657474657220706572666f726d616e63657320696e206f6e65206f6620686973206c65737365722d70726169736564206d6f766965732e205265766965772053656e74696d656e743a,4db0c5254db142bbe33743928d4cb344d1b4b0a21cde0379210a44ef0bef3538,03500540b3fdd0bbac60306ea201c5ff9d2906c2f76a946d791fc966847644da,"[50256, 14832, 8255, 25, 797, 1130, 952, 8953, 3117, 284, 17965, 319, 262, 845, 4875, 3037, 326, 339, 28866, 1473, 629, 19942, 11, 4441, 257, 502, 42454, 11, 287, 433, 291, 5039, 290, 6165, 17185, 2646, 13, 6602, 11352, 3681, 25]","[50256, 14832, 8255, 25, 1114, 262, 749, 636, 11, 314, 23688, 373, 281, 28297, 300, 668, 326, 481, 2192, 4279, 355, 530, 286, 14424, 338, 1365, 13289, 287, 530, 286, 465, 14494, 12, 79, 49309, 6918, 13, 6602, 11352, 3681, 25]",41,41,True,"Reggio falls victim to relying on the very digital technology that he fervently scorns, creating a meandering, inarticulate and ultimately disappointing film.","For the most part, I Spy was an amusing lark that will probably rank as one of Murphy's better performances in one of his lesser-praised movies.",tigges,True
sst_tigges_pythia_correct_test,380,sst-557,sst-8029,1,0,"Review Text: Daughter from Danang is a film that should be seen by all, especially those who aren't aware of, or have forgotten about the unmentioned victims of war. Review Sentiment:","Review Text: The character is too forced and overwritten to be funny or believable much of the time, and Clayburgh doesn't always improve the over-the-top mix. Review Sentiment:","""Review Text: Daughter from Danang is a film that should be seen by all, especially those who aren't aware of, or have forgotten about the unmentioned victims of war. Review Sentiment:""","""Review Text: The character is too forced and overwritten to be funny or believable much of the time, and Clayburgh doesn't always improve the over-the-top mix. Review Sentiment:""",52657669657720546578743a2044617567687465722066726f6d2044616e616e6720697320612066696c6d20746861742073686f756c64206265207365656e20627920616c6c2c20657370656369616c6c792074686f73652077686f206172656e2774206177617265206f662c206f72206861766520666f72676f7474656e2061626f75742074686520756e6d656e74696f6e65642076696374696d73206f66207761722e205265766965772053656e74696d656e743a,52657669657720546578743a205468652063686172616374657220697320746f6f20666f7263656420616e64206f7665727772697474656e20746f2062652066756e6e79206f722062656c69657661626c65206d756368206f66207468652074696d652c20616e6420436c6179627572676820646f65736e277420616c7761797320696d70726f766520746865206f7665722d7468652d746f70206d69782e205265766965772053656e74696d656e743a,448951bc4ef2546f75fec465cdf3e2ead569628eace25faf38a1b307459a35db,679ee81b181025f355c147c64c3658653e4e53b86d6f74ad11ea23bb0758c7d1,"[50256, 14832, 8255, 25, 30332, 422, 6035, 648, 318, 257, 2646, 326, 815, 307, 1775, 416, 477, 11, 2592, 883, 508, 3588, 470, 3910, 286, 11, 393, 423, 11564, 546, 262, 555, 17181, 4970, 286, 1175, 13, 6602, 11352, 3681, 25]","[50256, 14832, 8255, 25, 383, 2095, 318, 1165, 4137, 290, 6993, 9108, 284, 307, 8258, 393, 41632, 881, 286, 262, 640, 11, 290, 15551, 9228, 1595, 470, 1464, 2987, 262, 625, 12, 1169, 12, 4852, 5022, 13, 6602, 11352, 3681, 25]",41,41,True,"Daughter from Danang is a film that should be seen by all, especially those who aren't aware of, or have forgotten about the unmentioned victims of war.","The character is too forced and overwritten to be funny or believable much of the time, and Clayburgh doesn't always improve the over-the-top mix.",tigges,True
sst_tigges_pythia_correct_test,381,sst-8029,sst-557,0,1,"Review Text: The character is too forced and overwritten to be funny or believable much of the time, and Clayburgh doesn't always improve the over-the-top mix. Review Sentiment:","Review Text: Daughter from Danang is a film that should be seen by all, especially those who aren't aware of, or have forgotten about the unmentioned victims of war. Review Sentiment:","""Review Text: The character is too forced and overwritten to be funny or believable much of the time, and Clayburgh doesn't always improve the over-the-top mix. Review Sentiment:""","""Review Text: Daughter from Danang is a film that should be seen by all, especially those who aren't aware of, or have forgotten about the unmentioned victims of war. Review Sentiment:""",52657669657720546578743a205468652063686172616374657220697320746f6f20666f7263656420616e64206f7665727772697474656e20746f2062652066756e6e79206f722062656c69657661626c65206d756368206f66207468652074696d652c20616e6420436c6179627572676820646f65736e277420616c7761797320696d70726f766520746865206f7665722d7468652d746f70206d69782e205265766965772053656e74696d656e743a,52657669657720546578743a2044617567687465722066726f6d2044616e616e6720697320612066696c6d20746861742073686f756c64206265207365656e20627920616c6c2c20657370656369616c6c792074686f73652077686f206172656e2774206177617265206f662c206f72206861766520666f72676f7474656e2061626f75742074686520756e6d656e74696f6e65642076696374696d73206f66207761722e205265766965772053656e74696d656e743a,679ee81b181025f355c147c64c3658653e4e53b86d6f74ad11ea23bb0758c7d1,448951bc4ef2546f75fec465cdf3e2ead569628eace25faf38a1b307459a35db,"[50256, 14832, 8255, 25, 383, 2095, 318, 1165, 4137, 290, 6993, 9108, 284, 307, 8258, 393, 41632, 881, 286, 262, 640, 11, 290, 15551, 9228, 1595, 470, 1464, 2987, 262, 625, 12, 1169, 12, 4852, 5022, 13, 6602, 11352, 3681, 25]","[50256, 14832, 8255, 25, 30332, 422, 6035, 648, 318, 257, 2646, 326, 815, 307, 1775, 416, 477, 11, 2592, 883, 508, 3588, 470, 3910, 286, 11, 393, 423, 11564, 546, 262, 555, 17181, 4970, 286, 1175, 13, 6602, 11352, 3681, 25]",41,41,True,"The character is too forced and overwritten to be funny or believable much of the time, and Clayburgh doesn't always improve the over-the-top mix.","Daughter from Danang is a film that should be seen by all, especially those who aren't aware of, or have forgotten about the unmentioned victims of war.",tigges,True
sst_tigges_pythia_correct_test,382,sst-8138,sst-7938,1,0,"Review Text: It's also clear from the start that The Transporter is running purely on adrenaline, and once the initial high wears off, the film's shortcomings start to shine through. Review Sentiment:","Review Text: The actors don't inhabit their roles--they're trapped by them, forced to change behavior in bizarre unjustified fashion and spout dialog that consists mostly of platitudes. Review Sentiment:","""Review Text: It's also clear from the start that The Transporter is running purely on adrenaline, and once the initial high wears off, the film's shortcomings start to shine through. Review Sentiment:""","""Review Text: The actors don't inhabit their roles--they're trapped by them, forced to change behavior in bizarre unjustified fashion and spout dialog that consists mostly of platitudes. Review Sentiment:""",52657669657720546578743a204974277320616c736f20636c6561722066726f6d20746865207374617274207468617420546865205472616e73706f727465722069732072756e6e696e6720707572656c79206f6e20616472656e616c696e652c20616e64206f6e63652074686520696e697469616c2068696768207765617273206f66662c207468652066696c6d27732073686f7274636f6d696e677320737461727420746f207368696e65207468726f7567682e205265766965772053656e74696d656e743a,52657669657720546578743a20546865206163746f727320646f6e277420696e686162697420746865697220726f6c65732d2d746865792772652074726170706564206279207468656d2c20666f7263656420746f206368616e6765206265686176696f7220696e2062697a6172726520756e6a75737469666965642066617368696f6e20616e642073706f7574206469616c6f67207468617420636f6e7369737473206d6f73746c79206f6620706c61746974756465732e205265766965772053656e74696d656e743a,36a673388c193914753c088415c64958cbe14d7f82d4645fcb44c6ac28852fb2,f17b33ac3765411ecb3a9774f41bc6ce886b1b81553ff553f16888ceeb0ef033,"[50256, 14832, 8255, 25, 632, 338, 635, 1598, 422, 262, 923, 326, 383, 3602, 26634, 318, 2491, 14177, 319, 37607, 11, 290, 1752, 262, 4238, 1029, 17326, 572, 11, 262, 2646, 338, 31731, 923, 284, 18340, 832, 13, 6602, 11352, 3681, 25]","[50256, 14832, 8255, 25, 383, 10544, 836, 470, 14527, 511, 9176, 438, 9930, 821, 13640, 416, 606, 11, 4137, 284, 1487, 4069, 287, 13699, 21218, 1431, 6977, 290, 599, 448, 17310, 326, 10874, 4632, 286, 40315, 10455, 13, 6602, 11352, 3681, 25]",42,42,True,"It's also clear from the start that The Transporter is running purely on adrenaline, and once the initial high wears off, the film's shortcomings start to shine through.","The actors don't inhabit their roles--they're trapped by them, forced to change behavior in bizarre unjustified fashion and spout dialog that consists mostly of platitudes.",tigges,True
sst_tigges_pythia_correct_test,383,sst-7938,sst-8138,0,1,"Review Text: The actors don't inhabit their roles--they're trapped by them, forced to change behavior in bizarre unjustified fashion and spout dialog that consists mostly of platitudes. Review Sentiment:","Review Text: It's also clear from the start that The Transporter is running purely on adrenaline, and once the initial high wears off, the film's shortcomings start to shine through. Review Sentiment:","""Review Text: The actors don't inhabit their roles--they're trapped by them, forced to change behavior in bizarre unjustified fashion and spout dialog that consists mostly of platitudes. Review Sentiment:""","""Review Text: It's also clear from the start that The Transporter is running purely on adrenaline, and once the initial high wears off, the film's shortcomings start to shine through. Review Sentiment:""",52657669657720546578743a20546865206163746f727320646f6e277420696e686162697420746865697220726f6c65732d2d746865792772652074726170706564206279207468656d2c20666f7263656420746f206368616e6765206265686176696f7220696e2062697a6172726520756e6a75737469666965642066617368696f6e20616e642073706f7574206469616c6f67207468617420636f6e7369737473206d6f73746c79206f6620706c61746974756465732e205265766965772053656e74696d656e743a,52657669657720546578743a204974277320616c736f20636c6561722066726f6d20746865207374617274207468617420546865205472616e73706f727465722069732072756e6e696e6720707572656c79206f6e20616472656e616c696e652c20616e64206f6e63652074686520696e697469616c2068696768207765617273206f66662c207468652066696c6d27732073686f7274636f6d696e677320737461727420746f207368696e65207468726f7567682e205265766965772053656e74696d656e743a,f17b33ac3765411ecb3a9774f41bc6ce886b1b81553ff553f16888ceeb0ef033,36a673388c193914753c088415c64958cbe14d7f82d4645fcb44c6ac28852fb2,"[50256, 14832, 8255, 25, 383, 10544, 836, 470, 14527, 511, 9176, 438, 9930, 821, 13640, 416, 606, 11, 4137, 284, 1487, 4069, 287, 13699, 21218, 1431, 6977, 290, 599, 448, 17310, 326, 10874, 4632, 286, 40315, 10455, 13, 6602, 11352, 3681, 25]","[50256, 14832, 8255, 25, 632, 338, 635, 1598, 422, 262, 923, 326, 383, 3602, 26634, 318, 2491, 14177, 319, 37607, 11, 290, 1752, 262, 4238, 1029, 17326, 572, 11, 262, 2646, 338, 31731, 923, 284, 18340, 832, 13, 6602, 11352, 3681, 25]",42,42,True,"The actors don't inhabit their roles--they're trapped by them, forced to change behavior in bizarre unjustified fashion and spout dialog that consists mostly of platitudes.","It's also clear from the start that The Transporter is running purely on adrenaline, and once the initial high wears off, the film's shortcomings start to shine through.",tigges,True
sst_tigges_pythia_correct_test,384,sst-420,sst-8662,1,0,Review Text: Bubba Ho-Tep is a wonderful film with a bravura lead performance by Bruce Campbell that doesn't deserve to leave the building until everyone is aware of it. Review Sentiment:,Review Text: Abandons all pretense of creating historical context and waltzes off into a hectic soap about the ups and downs of the heavy breathing between the two artists. Review Sentiment:,"""Review Text: Bubba Ho-Tep is a wonderful film with a bravura lead performance by Bruce Campbell that doesn't deserve to leave the building until everyone is aware of it. Review Sentiment:""",'Review Text: Abandons all pretense of creating historical context and waltzes off into a hectic soap about the ups and downs of the heavy breathing between the two artists. Review Sentiment:',52657669657720546578743a20427562626120486f2d546570206973206120776f6e64657266756c2066696c6d207769746820612062726176757261206c65616420706572666f726d616e63652062792042727563652043616d7062656c6c207468617420646f65736e2774206465736572766520746f206c6561766520746865206275696c64696e6720756e74696c2065766572796f6e65206973206177617265206f662069742e205265766965772053656e74696d656e743a,52657669657720546578743a204162616e646f6e7320616c6c2070726574656e7365206f66206372656174696e6720686973746f726963616c20636f6e7465787420616e642077616c747a6573206f666620696e746f20612068656374696320736f61702061626f7574207468652075707320616e6420646f776e73206f662074686520686561767920627265617468696e67206265747765656e207468652074776f20617274697374732e205265766965772053656e74696d656e743a,bfbd566085d5f17a3c347eaf6fd6a53e55eb54520e00ece6db3b316df01d20aa,0248500cbbcc8e46414e8b98f94ae36cef6b8408946c5f2b2ee9afe1e5e4435e,"[50256, 14832, 8255, 25, 19645, 7012, 9544, 12, 51, 538, 318, 257, 7932, 2646, 351, 257, 49025, 5330, 1085, 2854, 416, 11088, 14327, 326, 1595, 470, 10925, 284, 2666, 262, 2615, 1566, 2506, 318, 3910, 286, 340, 13, 6602, 11352, 3681, 25]","[50256, 14832, 8255, 25, 2275, 392, 684, 477, 2181, 1072, 286, 4441, 6754, 4732, 290, 266, 2501, 12271, 572, 656, 257, 339, 11048, 19533, 546, 262, 19649, 290, 21838, 286, 262, 4334, 12704, 1022, 262, 734, 7912, 13, 6602, 11352, 3681, 25]",42,42,True,Bubba Ho-Tep is a wonderful film with a bravura lead performance by Bruce Campbell that doesn't deserve to leave the building until everyone is aware of it.,Abandons all pretense of creating historical context and waltzes off into a hectic soap about the ups and downs of the heavy breathing between the two artists.,tigges,True
sst_tigges_pythia_correct_test,385,sst-8662,sst-420,0,1,Review Text: Abandons all pretense of creating historical context and waltzes off into a hectic soap about the ups and downs of the heavy breathing between the two artists. Review Sentiment:,Review Text: Bubba Ho-Tep is a wonderful film with a bravura lead performance by Bruce Campbell that doesn't deserve to leave the building until everyone is aware of it. Review Sentiment:,'Review Text: Abandons all pretense of creating historical context and waltzes off into a hectic soap about the ups and downs of the heavy breathing between the two artists. Review Sentiment:',"""Review Text: Bubba Ho-Tep is a wonderful film with a bravura lead performance by Bruce Campbell that doesn't deserve to leave the building until everyone is aware of it. Review Sentiment:""",52657669657720546578743a204162616e646f6e7320616c6c2070726574656e7365206f66206372656174696e6720686973746f726963616c20636f6e7465787420616e642077616c747a6573206f666620696e746f20612068656374696320736f61702061626f7574207468652075707320616e6420646f776e73206f662074686520686561767920627265617468696e67206265747765656e207468652074776f20617274697374732e205265766965772053656e74696d656e743a,52657669657720546578743a20427562626120486f2d546570206973206120776f6e64657266756c2066696c6d207769746820612062726176757261206c65616420706572666f726d616e63652062792042727563652043616d7062656c6c207468617420646f65736e2774206465736572766520746f206c6561766520746865206275696c64696e6720756e74696c2065766572796f6e65206973206177617265206f662069742e205265766965772053656e74696d656e743a,0248500cbbcc8e46414e8b98f94ae36cef6b8408946c5f2b2ee9afe1e5e4435e,bfbd566085d5f17a3c347eaf6fd6a53e55eb54520e00ece6db3b316df01d20aa,"[50256, 14832, 8255, 25, 2275, 392, 684, 477, 2181, 1072, 286, 4441, 6754, 4732, 290, 266, 2501, 12271, 572, 656, 257, 339, 11048, 19533, 546, 262, 19649, 290, 21838, 286, 262, 4334, 12704, 1022, 262, 734, 7912, 13, 6602, 11352, 3681, 25]","[50256, 14832, 8255, 25, 19645, 7012, 9544, 12, 51, 538, 318, 257, 7932, 2646, 351, 257, 49025, 5330, 1085, 2854, 416, 11088, 14327, 326, 1595, 470, 10925, 284, 2666, 262, 2615, 1566, 2506, 318, 3910, 286, 340, 13, 6602, 11352, 3681, 25]",42,42,True,Abandons all pretense of creating historical context and waltzes off into a hectic soap about the ups and downs of the heavy breathing between the two artists.,Bubba Ho-Tep is a wonderful film with a bravura lead performance by Bruce Campbell that doesn't deserve to leave the building until everyone is aware of it.,tigges,True
sst_tigges_pythia_correct_test,386,sst-746,sst-8670,1,0,Review Text: Watstein handily directs and edits around his screenplay's sappier elements... and sustains Off the Hook's buildup with remarkable assuredness for a first-timer. Review Sentiment:,Review Text: It's frustrating to see these guys--who are obviously pretty clever--waste their talent on parodies of things they probably thought were funniest when they were high. Review Sentiment:,"""Review Text: Watstein handily directs and edits around his screenplay's sappier elements... and sustains Off the Hook's buildup with remarkable assuredness for a first-timer. Review Sentiment:""","""Review Text: It's frustrating to see these guys--who are obviously pretty clever--waste their talent on parodies of things they probably thought were funniest when they were high. Review Sentiment:""",52657669657720546578743a20576174737465696e2068616e64696c79206469726563747320616e642065646974732061726f756e64206869732073637265656e706c61792773207361707069657220656c656d656e74732e2e2e20616e64207375737461696e73204f66662074686520486f6f6b2773206275696c64757020776974682072656d61726b61626c6520617373757265646e65737320666f7220612066697273742d74696d65722e205265766965772053656e74696d656e743a,52657669657720546578743a2049742773206672757374726174696e6720746f2073656520746865736520677579732d2d77686f20617265206f6276696f75736c792070726574747920636c657665722d2d77617374652074686569722074616c656e74206f6e207061726f64696573206f66207468696e677320746865792070726f6261626c792074686f7567687420776572652066756e6e69657374207768656e2074686579207765726520686967682e205265766965772053656e74696d656e743a,0ea2fef61ad216d7f0a7662120ed3abcb30312cfdc6b5873595076f92fc397fd,7ffae40c9c4affd58961ac7111e26f452cb86ca04eb7c6222d50302a1ae83a5a,"[50256, 14832, 8255, 25, 12242, 5714, 1021, 813, 32254, 290, 31671, 1088, 465, 39769, 338, 473, 381, 959, 4847, 986, 290, 5630, 1299, 3242, 262, 18531, 338, 40502, 351, 11004, 13933, 1108, 329, 257, 717, 12, 45016, 13, 6602, 11352, 3681, 25]","[50256, 14832, 8255, 25, 632, 338, 16655, 284, 766, 777, 3730, 438, 8727, 389, 6189, 2495, 14169, 438, 86, 4594, 511, 7401, 319, 1582, 5042, 286, 1243, 484, 2192, 1807, 547, 36090, 6386, 618, 484, 547, 1029, 13, 6602, 11352, 3681, 25]",42,42,True,Watstein handily directs and edits around his screenplay's sappier elements... and sustains Off the Hook's buildup with remarkable assuredness for a first-timer.,It's frustrating to see these guys--who are obviously pretty clever--waste their talent on parodies of things they probably thought were funniest when they were high.,tigges,True
sst_tigges_pythia_correct_test,387,sst-8670,sst-746,0,1,Review Text: It's frustrating to see these guys--who are obviously pretty clever--waste their talent on parodies of things they probably thought were funniest when they were high. Review Sentiment:,Review Text: Watstein handily directs and edits around his screenplay's sappier elements... and sustains Off the Hook's buildup with remarkable assuredness for a first-timer. Review Sentiment:,"""Review Text: It's frustrating to see these guys--who are obviously pretty clever--waste their talent on parodies of things they probably thought were funniest when they were high. Review Sentiment:""","""Review Text: Watstein handily directs and edits around his screenplay's sappier elements... and sustains Off the Hook's buildup with remarkable assuredness for a first-timer. Review Sentiment:""",52657669657720546578743a2049742773206672757374726174696e6720746f2073656520746865736520677579732d2d77686f20617265206f6276696f75736c792070726574747920636c657665722d2d77617374652074686569722074616c656e74206f6e207061726f64696573206f66207468696e677320746865792070726f6261626c792074686f7567687420776572652066756e6e69657374207768656e2074686579207765726520686967682e205265766965772053656e74696d656e743a,52657669657720546578743a20576174737465696e2068616e64696c79206469726563747320616e642065646974732061726f756e64206869732073637265656e706c61792773207361707069657220656c656d656e74732e2e2e20616e64207375737461696e73204f66662074686520486f6f6b2773206275696c64757020776974682072656d61726b61626c6520617373757265646e65737320666f7220612066697273742d74696d65722e205265766965772053656e74696d656e743a,7ffae40c9c4affd58961ac7111e26f452cb86ca04eb7c6222d50302a1ae83a5a,0ea2fef61ad216d7f0a7662120ed3abcb30312cfdc6b5873595076f92fc397fd,"[50256, 14832, 8255, 25, 632, 338, 16655, 284, 766, 777, 3730, 438, 8727, 389, 6189, 2495, 14169, 438, 86, 4594, 511, 7401, 319, 1582, 5042, 286, 1243, 484, 2192, 1807, 547, 36090, 6386, 618, 484, 547, 1029, 13, 6602, 11352, 3681, 25]","[50256, 14832, 8255, 25, 12242, 5714, 1021, 813, 32254, 290, 31671, 1088, 465, 39769, 338, 473, 381, 959, 4847, 986, 290, 5630, 1299, 3242, 262, 18531, 338, 40502, 351, 11004, 13933, 1108, 329, 257, 717, 12, 45016, 13, 6602, 11352, 3681, 25]",42,42,True,It's frustrating to see these guys--who are obviously pretty clever--waste their talent on parodies of things they probably thought were funniest when they were high.,Watstein handily directs and edits around his screenplay's sappier elements... and sustains Off the Hook's buildup with remarkable assuredness for a first-timer.,tigges,True
sst_tigges_pythia_correct_test,388,sst-729,sst-8179,1,0,"Review Text: Isn't quite the equal of Woo's best earlier work, but it's easily his finest American film... comes close to recapturing the brilliance of his Hong Kong films. Review Sentiment:","Review Text: Like so many other allegedly scary movies, it gets so tangled up in The Twist that it chokes the energy right out of the very audience it seeks to frighten. Review Sentiment:","""Review Text: Isn't quite the equal of Woo's best earlier work, but it's easily his finest American film... comes close to recapturing the brilliance of his Hong Kong films. Review Sentiment:""","'Review Text: Like so many other allegedly scary movies, it gets so tangled up in The Twist that it chokes the energy right out of the very audience it seeks to frighten. Review Sentiment:'",52657669657720546578743a2049736e27742071756974652074686520657175616c206f6620576f6f27732062657374206561726c69657220776f726b2c20627574206974277320656173696c79206869732066696e65737420416d65726963616e2066696c6d2e2e2e20636f6d657320636c6f736520746f207265636170747572696e6720746865206272696c6c69616e6365206f662068697320486f6e67204b6f6e672066696c6d732e205265766965772053656e74696d656e743a,52657669657720546578743a204c696b6520736f206d616e79206f7468657220616c6c656765646c79207363617279206d6f766965732c206974206765747320736f2074616e676c656420757020696e2054686520547769737420746861742069742063686f6b65732074686520656e65726779207269676874206f7574206f662074686520766572792061756469656e6365206974207365656b7320746f20667269676874656e2e205265766965772053656e74696d656e743a,001e1ed994b08c84e7b45bd182ba9088afbc22c3994f9d3ead86f702640486d3,28d31edb572e110eb38382896f27ce8034989c3778739089b7d890e939c610b3,"[50256, 14832, 8255, 25, 25110, 470, 2407, 262, 4961, 286, 39832, 338, 1266, 2961, 670, 11, 475, 340, 338, 3538, 465, 18822, 1605, 2646, 986, 2058, 1969, 284, 36791, 870, 262, 37451, 286, 465, 9764, 9071, 7328, 13, 6602, 11352, 3681, 25]","[50256, 14832, 8255, 25, 4525, 523, 867, 584, 7910, 14343, 6918, 11, 340, 3011, 523, 41431, 510, 287, 383, 44088, 326, 340, 442, 3369, 262, 2568, 826, 503, 286, 262, 845, 5386, 340, 12932, 284, 12773, 268, 13, 6602, 11352, 3681, 25]",42,42,True,"Isn't quite the equal of Woo's best earlier work, but it's easily his finest American film... comes close to recapturing the brilliance of his Hong Kong films.","Like so many other allegedly scary movies, it gets so tangled up in The Twist that it chokes the energy right out of the very audience it seeks to frighten.",tigges,True
sst_tigges_pythia_correct_test,389,sst-8179,sst-729,0,1,"Review Text: Like so many other allegedly scary movies, it gets so tangled up in The Twist that it chokes the energy right out of the very audience it seeks to frighten. Review Sentiment:","Review Text: Isn't quite the equal of Woo's best earlier work, but it's easily his finest American film... comes close to recapturing the brilliance of his Hong Kong films. Review Sentiment:","'Review Text: Like so many other allegedly scary movies, it gets so tangled up in The Twist that it chokes the energy right out of the very audience it seeks to frighten. Review Sentiment:'","""Review Text: Isn't quite the equal of Woo's best earlier work, but it's easily his finest American film... comes close to recapturing the brilliance of his Hong Kong films. Review Sentiment:""",52657669657720546578743a204c696b6520736f206d616e79206f7468657220616c6c656765646c79207363617279206d6f766965732c206974206765747320736f2074616e676c656420757020696e2054686520547769737420746861742069742063686f6b65732074686520656e65726779207269676874206f7574206f662074686520766572792061756469656e6365206974207365656b7320746f20667269676874656e2e205265766965772053656e74696d656e743a,52657669657720546578743a2049736e27742071756974652074686520657175616c206f6620576f6f27732062657374206561726c69657220776f726b2c20627574206974277320656173696c79206869732066696e65737420416d65726963616e2066696c6d2e2e2e20636f6d657320636c6f736520746f207265636170747572696e6720746865206272696c6c69616e6365206f662068697320486f6e67204b6f6e672066696c6d732e205265766965772053656e74696d656e743a,28d31edb572e110eb38382896f27ce8034989c3778739089b7d890e939c610b3,001e1ed994b08c84e7b45bd182ba9088afbc22c3994f9d3ead86f702640486d3,"[50256, 14832, 8255, 25, 4525, 523, 867, 584, 7910, 14343, 6918, 11, 340, 3011, 523, 41431, 510, 287, 383, 44088, 326, 340, 442, 3369, 262, 2568, 826, 503, 286, 262, 845, 5386, 340, 12932, 284, 12773, 268, 13, 6602, 11352, 3681, 25]","[50256, 14832, 8255, 25, 25110, 470, 2407, 262, 4961, 286, 39832, 338, 1266, 2961, 670, 11, 475, 340, 338, 3538, 465, 18822, 1605, 2646, 986, 2058, 1969, 284, 36791, 870, 262, 37451, 286, 465, 9764, 9071, 7328, 13, 6602, 11352, 3681, 25]",42,42,True,"Like so many other allegedly scary movies, it gets so tangled up in The Twist that it chokes the energy right out of the very audience it seeks to frighten.","Isn't quite the equal of Woo's best earlier work, but it's easily his finest American film... comes close to recapturing the brilliance of his Hong Kong films.",tigges,True
sst_tigges_pythia_correct_test,390,sst-153,sst-8987,1,0,"Review Text: If your senses haven't been dulled by slasher films and gorefests, if you're a connoisseur of psychological horror, this is your ticket. Review Sentiment:","Review Text: The streets, shot by cinematographer Michael Ballhaus, may be as authentic as they are mean, but it is nearly impossible to care about what happens on them. Review Sentiment:","""Review Text: If your senses haven't been dulled by slasher films and gorefests, if you're a connoisseur of psychological horror, this is your ticket. Review Sentiment:""","'Review Text: The streets, shot by cinematographer Michael Ballhaus, may be as authentic as they are mean, but it is nearly impossible to care about what happens on them. Review Sentiment:'",52657669657720546578743a20496620796f75722073656e73657320686176656e2774206265656e2064756c6c656420627920736c61736865722066696c6d7320616e6420676f726566657374732c20696620796f75277265206120636f6e6e6f697373657572206f662070737963686f6c6f676963616c20686f72726f722c207468697320697320796f7572207469636b65742e205265766965772053656e74696d656e743a,52657669657720546578743a2054686520737472656574732c2073686f742062792063696e656d61746f67726170686572204d69636861656c2042616c6c686175732c206d61792062652061732061757468656e746963206173207468657920617265206d65616e2c20627574206974206973206e6561726c7920696d706f737369626c6520746f20636172652061626f757420776861742068617070656e73206f6e207468656d2e205265766965772053656e74696d656e743a,c8e2709e653ed8a203592bfea0a5950bb3e99a8bdb4ecd8cbcae2c1b9103fc7d,750f0eb4ad3da2311b7ed41dbc2c0d33020b5b2e1674907c071e414db0cc98c3,"[50256, 14832, 8255, 25, 1002, 534, 17627, 4398, 470, 587, 19222, 276, 416, 1017, 31218, 7328, 290, 46835, 69, 3558, 11, 611, 345, 821, 257, 369, 3919, 20782, 333, 286, 10590, 9961, 11, 428, 318, 534, 7846, 13, 6602, 11352, 3681, 25]","[50256, 14832, 8255, 25, 383, 6483, 11, 2823, 416, 13483, 265, 18539, 3899, 6932, 30404, 11, 743, 307, 355, 16425, 355, 484, 389, 1612, 11, 475, 340, 318, 3016, 5340, 284, 1337, 546, 644, 4325, 319, 606, 13, 6602, 11352, 3681, 25]",42,42,True,"If your senses haven't been dulled by slasher films and gorefests, if you're a connoisseur of psychological horror, this is your ticket.","The streets, shot by cinematographer Michael Ballhaus, may be as authentic as they are mean, but it is nearly impossible to care about what happens on them.",tigges,True
sst_tigges_pythia_correct_test,391,sst-8987,sst-153,0,1,"Review Text: The streets, shot by cinematographer Michael Ballhaus, may be as authentic as they are mean, but it is nearly impossible to care about what happens on them. Review Sentiment:","Review Text: If your senses haven't been dulled by slasher films and gorefests, if you're a connoisseur of psychological horror, this is your ticket. Review Sentiment:","'Review Text: The streets, shot by cinematographer Michael Ballhaus, may be as authentic as they are mean, but it is nearly impossible to care about what happens on them. Review Sentiment:'","""Review Text: If your senses haven't been dulled by slasher films and gorefests, if you're a connoisseur of psychological horror, this is your ticket. Review Sentiment:""",52657669657720546578743a2054686520737472656574732c2073686f742062792063696e656d61746f67726170686572204d69636861656c2042616c6c686175732c206d61792062652061732061757468656e746963206173207468657920617265206d65616e2c20627574206974206973206e6561726c7920696d706f737369626c6520746f20636172652061626f757420776861742068617070656e73206f6e207468656d2e205265766965772053656e74696d656e743a,52657669657720546578743a20496620796f75722073656e73657320686176656e2774206265656e2064756c6c656420627920736c61736865722066696c6d7320616e6420676f726566657374732c20696620796f75277265206120636f6e6e6f697373657572206f662070737963686f6c6f676963616c20686f72726f722c207468697320697320796f7572207469636b65742e205265766965772053656e74696d656e743a,750f0eb4ad3da2311b7ed41dbc2c0d33020b5b2e1674907c071e414db0cc98c3,c8e2709e653ed8a203592bfea0a5950bb3e99a8bdb4ecd8cbcae2c1b9103fc7d,"[50256, 14832, 8255, 25, 383, 6483, 11, 2823, 416, 13483, 265, 18539, 3899, 6932, 30404, 11, 743, 307, 355, 16425, 355, 484, 389, 1612, 11, 475, 340, 318, 3016, 5340, 284, 1337, 546, 644, 4325, 319, 606, 13, 6602, 11352, 3681, 25]","[50256, 14832, 8255, 25, 1002, 534, 17627, 4398, 470, 587, 19222, 276, 416, 1017, 31218, 7328, 290, 46835, 69, 3558, 11, 611, 345, 821, 257, 369, 3919, 20782, 333, 286, 10590, 9961, 11, 428, 318, 534, 7846, 13, 6602, 11352, 3681, 25]",42,42,True,"The streets, shot by cinematographer Michael Ballhaus, may be as authentic as they are mean, but it is nearly impossible to care about what happens on them.","If your senses haven't been dulled by slasher films and gorefests, if you're a connoisseur of psychological horror, this is your ticket.",tigges,True
sst_tigges_pythia_correct_test,392,sst-759,sst-7940,1,0,"Review Text: Whether seen on a 10-inch television screen or at your local multiplex, the edge-of-your-seat, educational antics of Steve Irwin are priceless entertainment. Review Sentiment:","Review Text: This film was made to get laughs from the slowest person in the audience--just pure slapstick with lots of inane, inoffensive screaming and exaggerated facial expressions. Review Sentiment:","'Review Text: Whether seen on a 10-inch television screen or at your local multiplex, the edge-of-your-seat, educational antics of Steve Irwin are priceless entertainment. Review Sentiment:'","'Review Text: This film was made to get laughs from the slowest person in the audience--just pure slapstick with lots of inane, inoffensive screaming and exaggerated facial expressions. Review Sentiment:'",52657669657720546578743a2057686574686572207365656e206f6e20612031302d696e63682074656c65766973696f6e2073637265656e206f7220617420796f7572206c6f63616c206d756c7469706c65782c2074686520656467652d6f662d796f75722d736561742c20656475636174696f6e616c20616e74696373206f6620537465766520497277696e206172652070726963656c65737320656e7465727461696e6d656e742e205265766965772053656e74696d656e743a,52657669657720546578743a20546869732066696c6d20776173206d61646520746f20676574206c61756768732066726f6d2074686520736c6f7765737420706572736f6e20696e207468652061756469656e63652d2d6a757374207075726520736c6170737469636b2077697468206c6f7473206f6620696e616e652c20696e6f6666656e736976652073637265616d696e6720616e642065786167676572617465642066616369616c2065787072657373696f6e732e205265766965772053656e74696d656e743a,8434a9bb223ad9ad0a2ed49a67b9d829b5e289d1467a9cb283c9db862960cc97,3d5e11ae3bdbff84878df3ec90be447e8faf68c9e5b29cdcf143df8830c35f68,"[50256, 14832, 8255, 25, 10127, 1775, 319, 257, 838, 12, 8589, 5581, 3159, 393, 379, 534, 1957, 3294, 87, 11, 262, 5743, 12, 1659, 12, 14108, 12, 24073, 11, 9856, 39343, 286, 6542, 48470, 389, 49083, 9739, 13, 6602, 11352, 3681, 25]","[50256, 14832, 8255, 25, 770, 2646, 373, 925, 284, 651, 22051, 422, 262, 3105, 395, 1048, 287, 262, 5386, 438, 3137, 5899, 23905, 13915, 351, 6041, 286, 287, 1531, 11, 287, 45055, 14788, 290, 25291, 16324, 14700, 13, 6602, 11352, 3681, 25]",42,42,True,"Whether seen on a 10-inch television screen or at your local multiplex, the edge-of-your-seat, educational antics of Steve Irwin are priceless entertainment.","This film was made to get laughs from the slowest person in the audience--just pure slapstick with lots of inane, inoffensive screaming and exaggerated facial expressions.",tigges,True
sst_tigges_pythia_correct_test,393,sst-7940,sst-759,0,1,"Review Text: This film was made to get laughs from the slowest person in the audience--just pure slapstick with lots of inane, inoffensive screaming and exaggerated facial expressions. Review Sentiment:","Review Text: Whether seen on a 10-inch television screen or at your local multiplex, the edge-of-your-seat, educational antics of Steve Irwin are priceless entertainment. Review Sentiment:","'Review Text: This film was made to get laughs from the slowest person in the audience--just pure slapstick with lots of inane, inoffensive screaming and exaggerated facial expressions. Review Sentiment:'","'Review Text: Whether seen on a 10-inch television screen or at your local multiplex, the edge-of-your-seat, educational antics of Steve Irwin are priceless entertainment. Review Sentiment:'",52657669657720546578743a20546869732066696c6d20776173206d61646520746f20676574206c61756768732066726f6d2074686520736c6f7765737420706572736f6e20696e207468652061756469656e63652d2d6a757374207075726520736c6170737469636b2077697468206c6f7473206f6620696e616e652c20696e6f6666656e736976652073637265616d696e6720616e642065786167676572617465642066616369616c2065787072657373696f6e732e205265766965772053656e74696d656e743a,52657669657720546578743a2057686574686572207365656e206f6e20612031302d696e63682074656c65766973696f6e2073637265656e206f7220617420796f7572206c6f63616c206d756c7469706c65782c2074686520656467652d6f662d796f75722d736561742c20656475636174696f6e616c20616e74696373206f6620537465766520497277696e206172652070726963656c65737320656e7465727461696e6d656e742e205265766965772053656e74696d656e743a,3d5e11ae3bdbff84878df3ec90be447e8faf68c9e5b29cdcf143df8830c35f68,8434a9bb223ad9ad0a2ed49a67b9d829b5e289d1467a9cb283c9db862960cc97,"[50256, 14832, 8255, 25, 770, 2646, 373, 925, 284, 651, 22051, 422, 262, 3105, 395, 1048, 287, 262, 5386, 438, 3137, 5899, 23905, 13915, 351, 6041, 286, 287, 1531, 11, 287, 45055, 14788, 290, 25291, 16324, 14700, 13, 6602, 11352, 3681, 25]","[50256, 14832, 8255, 25, 10127, 1775, 319, 257, 838, 12, 8589, 5581, 3159, 393, 379, 534, 1957, 3294, 87, 11, 262, 5743, 12, 1659, 12, 14108, 12, 24073, 11, 9856, 39343, 286, 6542, 48470, 389, 49083, 9739, 13, 6602, 11352, 3681, 25]",42,42,True,"This film was made to get laughs from the slowest person in the audience--just pure slapstick with lots of inane, inoffensive screaming and exaggerated facial expressions.","Whether seen on a 10-inch television screen or at your local multiplex, the edge-of-your-seat, educational antics of Steve Irwin are priceless entertainment.",tigges,True
sst_tigges_pythia_correct_test,394,sst-294,sst-8484,1,0,"Review Text: Thankfully, the film, which skirts that rapidly deteriorating line between fantasy and reality... takes a tongue-in-cheek attitude even as it pushes the Croc Hunter agenda. Review Sentiment:","Review Text: The more Kevin Costner rests on his pretty-boy laurels, the public is, regrettably, going to have tepid films like Dragonfly tossed at them. Review Sentiment:","'Review Text: Thankfully, the film, which skirts that rapidly deteriorating line between fantasy and reality... takes a tongue-in-cheek attitude even as it pushes the Croc Hunter agenda. Review Sentiment:'","'Review Text: The more Kevin Costner rests on his pretty-boy laurels, the public is, regrettably, going to have tepid films like Dragonfly tossed at them. Review Sentiment:'",52657669657720546578743a205468616e6b66756c6c792c207468652066696c6d2c20776869636820736b6972747320746861742072617069646c79206465746572696f726174696e67206c696e65206265747765656e2066616e7461737920616e64207265616c6974792e2e2e2074616b6573206120746f6e6775652d696e2d636865656b206174746974756465206576656e20617320697420707573686573207468652043726f632048756e746572206167656e64612e205265766965772053656e74696d656e743a,52657669657720546578743a20546865206d6f7265204b6576696e20436f73746e6572207265737473206f6e20686973207072657474792d626f79206c617572656c732c20746865207075626c69632069732c207265677265747461626c792c20676f696e6720746f20686176652074657069642066696c6d73206c696b6520447261676f6e666c7920746f73736564206174207468656d2e205265766965772053656e74696d656e743a,7c67c27b802ae4a3e138459166d8cae3157543048260aed3555fa487344dc4aa,2fcf7e586717c6f399b487b489bb05e8f66d130a9f5173304f741513aa9cdcf2,"[50256, 14832, 8255, 25, 31251, 11, 262, 2646, 11, 543, 42370, 326, 8902, 43229, 1627, 1022, 8842, 290, 3950, 986, 2753, 257, 11880, 12, 259, 12, 2395, 988, 9408, 772, 355, 340, 20070, 262, 9325, 66, 9055, 8666, 13, 6602, 11352, 3681, 25]","[50256, 14832, 8255, 25, 383, 517, 7939, 6446, 1008, 24013, 319, 465, 2495, 12, 7081, 34515, 7278, 11, 262, 1171, 318, 11, 31649, 1346, 11, 1016, 284, 423, 256, 538, 312, 7328, 588, 2851, 12254, 22591, 379, 606, 13, 6602, 11352, 3681, 25]",43,43,True,"Thankfully, the film, which skirts that rapidly deteriorating line between fantasy and reality... takes a tongue-in-cheek attitude even as it pushes the Croc Hunter agenda.","The more Kevin Costner rests on his pretty-boy laurels, the public is, regrettably, going to have tepid films like Dragonfly tossed at them.",tigges,True
sst_tigges_pythia_correct_test,395,sst-8484,sst-294,0,1,"Review Text: The more Kevin Costner rests on his pretty-boy laurels, the public is, regrettably, going to have tepid films like Dragonfly tossed at them. Review Sentiment:","Review Text: Thankfully, the film, which skirts that rapidly deteriorating line between fantasy and reality... takes a tongue-in-cheek attitude even as it pushes the Croc Hunter agenda. Review Sentiment:","'Review Text: The more Kevin Costner rests on his pretty-boy laurels, the public is, regrettably, going to have tepid films like Dragonfly tossed at them. Review Sentiment:'","'Review Text: Thankfully, the film, which skirts that rapidly deteriorating line between fantasy and reality... takes a tongue-in-cheek attitude even as it pushes the Croc Hunter agenda. Review Sentiment:'",52657669657720546578743a20546865206d6f7265204b6576696e20436f73746e6572207265737473206f6e20686973207072657474792d626f79206c617572656c732c20746865207075626c69632069732c207265677265747461626c792c20676f696e6720746f20686176652074657069642066696c6d73206c696b6520447261676f6e666c7920746f73736564206174207468656d2e205265766965772053656e74696d656e743a,52657669657720546578743a205468616e6b66756c6c792c207468652066696c6d2c20776869636820736b6972747320746861742072617069646c79206465746572696f726174696e67206c696e65206265747765656e2066616e7461737920616e64207265616c6974792e2e2e2074616b6573206120746f6e6775652d696e2d636865656b206174746974756465206576656e20617320697420707573686573207468652043726f632048756e746572206167656e64612e205265766965772053656e74696d656e743a,2fcf7e586717c6f399b487b489bb05e8f66d130a9f5173304f741513aa9cdcf2,7c67c27b802ae4a3e138459166d8cae3157543048260aed3555fa487344dc4aa,"[50256, 14832, 8255, 25, 383, 517, 7939, 6446, 1008, 24013, 319, 465, 2495, 12, 7081, 34515, 7278, 11, 262, 1171, 318, 11, 31649, 1346, 11, 1016, 284, 423, 256, 538, 312, 7328, 588, 2851, 12254, 22591, 379, 606, 13, 6602, 11352, 3681, 25]","[50256, 14832, 8255, 25, 31251, 11, 262, 2646, 11, 543, 42370, 326, 8902, 43229, 1627, 1022, 8842, 290, 3950, 986, 2753, 257, 11880, 12, 259, 12, 2395, 988, 9408, 772, 355, 340, 20070, 262, 9325, 66, 9055, 8666, 13, 6602, 11352, 3681, 25]",43,43,True,"The more Kevin Costner rests on his pretty-boy laurels, the public is, regrettably, going to have tepid films like Dragonfly tossed at them.","Thankfully, the film, which skirts that rapidly deteriorating line between fantasy and reality... takes a tongue-in-cheek attitude even as it pushes the Croc Hunter agenda.",tigges,True
sst_tigges_pythia_correct_test,396,sst-1008,sst-8740,1,0,Review Text: An enchanting film that presents an audacious tour of the past and takes within its warm embrace the bounties of cultural artifacts inside St. Petersburg's Hermitage Museum. Review Sentiment:,"Review Text: As elegantly crafted as it often is, Anderson's movie is essentially a one-trick pony that, hampered by an undeveloped script, ultimately pulls up lame. Review Sentiment:","""Review Text: An enchanting film that presents an audacious tour of the past and takes within its warm embrace the bounties of cultural artifacts inside St. Petersburg's Hermitage Museum. Review Sentiment:""","""Review Text: As elegantly crafted as it often is, Anderson's movie is essentially a one-trick pony that, hampered by an undeveloped script, ultimately pulls up lame. Review Sentiment:""",52657669657720546578743a20416e20656e6368616e74696e672066696c6d20746861742070726573656e747320616e206175646163696f757320746f7572206f6620746865207061737420616e642074616b65732077697468696e20697473207761726d20656d62726163652074686520626f756e74696573206f662063756c747572616c2061727469666163747320696e736964652053742e20506574657273627572672773204865726d6974616765204d757365756d2e205265766965772053656e74696d656e743a,52657669657720546578743a20417320656c6567616e746c792063726166746564206173206974206f6674656e2069732c20416e646572736f6e2773206d6f76696520697320657373656e7469616c6c792061206f6e652d747269636b20706f6e7920746861742c2068616d706572656420627920616e20756e646576656c6f706564207363726970742c20756c74696d6174656c792070756c6c73207570206c616d652e205265766965772053656e74696d656e743a,fdf66616ae29f7c5737c3bbcb72c42f8b88106263732c9ed5d978e42d561148f,a6118c87c5ac1c7d62026d6667770a6440c87520b31e6d2265bcd853e04a7eab,"[50256, 14832, 8255, 25, 1052, 23260, 278, 2646, 326, 10969, 281, 2709, 14209, 4205, 286, 262, 1613, 290, 2753, 1626, 663, 5814, 12553, 262, 49937, 444, 286, 6467, 20316, 2641, 520, 13, 27051, 338, 2332, 2781, 496, 9594, 13, 6602, 11352, 3681, 25]","[50256, 14832, 8255, 25, 1081, 15361, 3875, 18025, 355, 340, 1690, 318, 11, 9918, 338, 3807, 318, 6986, 257, 530, 12, 2213, 624, 26902, 326, 11, 42629, 416, 281, 44192, 1091, 276, 4226, 11, 6165, 16194, 510, 30248, 13, 6602, 11352, 3681, 25]",43,43,True,An enchanting film that presents an audacious tour of the past and takes within its warm embrace the bounties of cultural artifacts inside St. Petersburg's Hermitage Museum.,"As elegantly crafted as it often is, Anderson's movie is essentially a one-trick pony that, hampered by an undeveloped script, ultimately pulls up lame.",tigges,True
sst_tigges_pythia_correct_test,397,sst-8740,sst-1008,0,1,"Review Text: As elegantly crafted as it often is, Anderson's movie is essentially a one-trick pony that, hampered by an undeveloped script, ultimately pulls up lame. Review Sentiment:",Review Text: An enchanting film that presents an audacious tour of the past and takes within its warm embrace the bounties of cultural artifacts inside St. Petersburg's Hermitage Museum. Review Sentiment:,"""Review Text: As elegantly crafted as it often is, Anderson's movie is essentially a one-trick pony that, hampered by an undeveloped script, ultimately pulls up lame. Review Sentiment:""","""Review Text: An enchanting film that presents an audacious tour of the past and takes within its warm embrace the bounties of cultural artifacts inside St. Petersburg's Hermitage Museum. Review Sentiment:""",52657669657720546578743a20417320656c6567616e746c792063726166746564206173206974206f6674656e2069732c20416e646572736f6e2773206d6f76696520697320657373656e7469616c6c792061206f6e652d747269636b20706f6e7920746861742c2068616d706572656420627920616e20756e646576656c6f706564207363726970742c20756c74696d6174656c792070756c6c73207570206c616d652e205265766965772053656e74696d656e743a,52657669657720546578743a20416e20656e6368616e74696e672066696c6d20746861742070726573656e747320616e206175646163696f757320746f7572206f6620746865207061737420616e642074616b65732077697468696e20697473207761726d20656d62726163652074686520626f756e74696573206f662063756c747572616c2061727469666163747320696e736964652053742e20506574657273627572672773204865726d6974616765204d757365756d2e205265766965772053656e74696d656e743a,a6118c87c5ac1c7d62026d6667770a6440c87520b31e6d2265bcd853e04a7eab,fdf66616ae29f7c5737c3bbcb72c42f8b88106263732c9ed5d978e42d561148f,"[50256, 14832, 8255, 25, 1081, 15361, 3875, 18025, 355, 340, 1690, 318, 11, 9918, 338, 3807, 318, 6986, 257, 530, 12, 2213, 624, 26902, 326, 11, 42629, 416, 281, 44192, 1091, 276, 4226, 11, 6165, 16194, 510, 30248, 13, 6602, 11352, 3681, 25]","[50256, 14832, 8255, 25, 1052, 23260, 278, 2646, 326, 10969, 281, 2709, 14209, 4205, 286, 262, 1613, 290, 2753, 1626, 663, 5814, 12553, 262, 49937, 444, 286, 6467, 20316, 2641, 520, 13, 27051, 338, 2332, 2781, 496, 9594, 13, 6602, 11352, 3681, 25]",43,43,True,"As elegantly crafted as it often is, Anderson's movie is essentially a one-trick pony that, hampered by an undeveloped script, ultimately pulls up lame.",An enchanting film that presents an audacious tour of the past and takes within its warm embrace the bounties of cultural artifacts inside St. Petersburg's Hermitage Museum.,tigges,True
sst_tigges_pythia_correct_test,398,sst-1060,sst-7996,1,0,"Review Text: The movie is full of fine performances, led by Josef Bierbichler as Brecht and Monica Bleibtreu as Helene Weigel, his wife. Review Sentiment:","Review Text: ... with the candy-like taste of it fading faster than 25-cent bubble gum, I realized this is a throwaway movie that won't stand the test of time. Review Sentiment:","'Review Text: The movie is full of fine performances, led by Josef Bierbichler as Brecht and Monica Bleibtreu as Helene Weigel, his wife. Review Sentiment:'","""Review Text: ... with the candy-like taste of it fading faster than 25-cent bubble gum, I realized this is a throwaway movie that won't stand the test of time. Review Sentiment:""",52657669657720546578743a20546865206d6f7669652069732066756c6c206f662066696e6520706572666f726d616e6365732c206c6564206279204a6f7365662042696572626963686c65722061732042726563687420616e64204d6f6e69636120426c656962747265752061732048656c656e652057656967656c2c2068697320776966652e205265766965772053656e74696d656e743a,52657669657720546578743a202e2e2e2077697468207468652063616e64792d6c696b65207461737465206f6620697420666164696e6720666173746572207468616e2032352d63656e7420627562626c652067756d2c2049207265616c697a656420746869732069732061207468726f7761776179206d6f766965207468617420776f6e2774207374616e64207468652074657374206f662074696d652e205265766965772053656e74696d656e743a,60b80e2e486c41025bcdc49dd84b44dc3936e8d3bd89a592e7de02d9b3b12e01,496464c4269b31a6dfea35d2105e2f8b3f07a7fb1e513ccdd7a7e600763b3fed,"[50256, 14832, 8255, 25, 383, 3807, 318, 1336, 286, 3734, 13289, 11, 2957, 416, 5264, 69, 347, 959, 65, 488, 1754, 355, 3719, 21474, 290, 23240, 17175, 571, 33945, 84, 355, 5053, 1734, 775, 47709, 11, 465, 3656, 13, 6602, 11352, 3681, 25]","[50256, 14832, 8255, 25, 2644, 351, 262, 18550, 12, 2339, 6938, 286, 340, 31465, 5443, 621, 1679, 12, 1087, 14310, 27142, 11, 314, 6939, 428, 318, 257, 3714, 8272, 3807, 326, 1839, 470, 1302, 262, 1332, 286, 640, 13, 6602, 11352, 3681, 25]",43,43,True,"The movie is full of fine performances, led by Josef Bierbichler as Brecht and Monica Bleibtreu as Helene Weigel, his wife.","... with the candy-like taste of it fading faster than 25-cent bubble gum, I realized this is a throwaway movie that won't stand the test of time.",tigges,True
sst_tigges_pythia_correct_test,399,sst-7996,sst-1060,0,1,"Review Text: ... with the candy-like taste of it fading faster than 25-cent bubble gum, I realized this is a throwaway movie that won't stand the test of time. Review Sentiment:","Review Text: The movie is full of fine performances, led by Josef Bierbichler as Brecht and Monica Bleibtreu as Helene Weigel, his wife. Review Sentiment:","""Review Text: ... with the candy-like taste of it fading faster than 25-cent bubble gum, I realized this is a throwaway movie that won't stand the test of time. Review Sentiment:""","'Review Text: The movie is full of fine performances, led by Josef Bierbichler as Brecht and Monica Bleibtreu as Helene Weigel, his wife. Review Sentiment:'",52657669657720546578743a202e2e2e2077697468207468652063616e64792d6c696b65207461737465206f6620697420666164696e6720666173746572207468616e2032352d63656e7420627562626c652067756d2c2049207265616c697a656420746869732069732061207468726f7761776179206d6f766965207468617420776f6e2774207374616e64207468652074657374206f662074696d652e205265766965772053656e74696d656e743a,52657669657720546578743a20546865206d6f7669652069732066756c6c206f662066696e6520706572666f726d616e6365732c206c6564206279204a6f7365662042696572626963686c65722061732042726563687420616e64204d6f6e69636120426c656962747265752061732048656c656e652057656967656c2c2068697320776966652e205265766965772053656e74696d656e743a,496464c4269b31a6dfea35d2105e2f8b3f07a7fb1e513ccdd7a7e600763b3fed,60b80e2e486c41025bcdc49dd84b44dc3936e8d3bd89a592e7de02d9b3b12e01,"[50256, 14832, 8255, 25, 2644, 351, 262, 18550, 12, 2339, 6938, 286, 340, 31465, 5443, 621, 1679, 12, 1087, 14310, 27142, 11, 314, 6939, 428, 318, 257, 3714, 8272, 3807, 326, 1839, 470, 1302, 262, 1332, 286, 640, 13, 6602, 11352, 3681, 25]","[50256, 14832, 8255, 25, 383, 3807, 318, 1336, 286, 3734, 13289, 11, 2957, 416, 5264, 69, 347, 959, 65, 488, 1754, 355, 3719, 21474, 290, 23240, 17175, 571, 33945, 84, 355, 5053, 1734, 775, 47709, 11, 465, 3656, 13, 6602, 11352, 3681, 25]",43,43,True,"... with the candy-like taste of it fading faster than 25-cent bubble gum, I realized this is a throwaway movie that won't stand the test of time.","The movie is full of fine performances, led by Josef Bierbichler as Brecht and Monica Bleibtreu as Helene Weigel, his wife.",tigges,True
sst_tigges_pythia_correct_test,400,sst-780,sst-8452,1,0,Review Text: Happily for Mr. Chin--though unhappily for his subjects--the invisible hand of the marketplace wrote a script that no human screenwriter could have hoped to match. Review Sentiment:,"Review Text: The picture, scored by a perversely cheerful Marcus Miller accordion\/harmonica\/banjo abomination, is a monument to bad in all its florid variety. Review Sentiment:",'Review Text: Happily for Mr. Chin--though unhappily for his subjects--the invisible hand of the marketplace wrote a script that no human screenwriter could have hoped to match. Review Sentiment:',"'Review Text: The picture, scored by a perversely cheerful Marcus Miller accordion\\/harmonica\\/banjo abomination, is a monument to bad in all its florid variety. Review Sentiment:'",52657669657720546578743a2048617070696c7920666f72204d722e204368696e2d2d74686f75676820756e68617070696c7920666f7220686973207375626a656374732d2d74686520696e76697369626c652068616e64206f6620746865206d61726b6574706c6163652077726f74652061207363726970742074686174206e6f2068756d616e2073637265656e77726974657220636f756c64206861766520686f70656420746f206d617463682e205265766965772053656e74696d656e743a,52657669657720546578743a2054686520706963747572652c2073636f72656420627920612070657276657273656c7920636865657266756c204d6172637573204d696c6c6572206163636f7264696f6e5c2f6861726d6f6e6963615c2f62616e6a6f2061626f6d696e6174696f6e2c2069732061206d6f6e756d656e7420746f2062616420696e20616c6c2069747320666c6f72696420766172696574792e205265766965772053656e74696d656e743a,2b05ea02b188b78c396d0f4d5d2f66d5a4cf5867d68ee56978c6a24e374031e6,afe4642513749a609b5dfbf806bd79047108880146406759e3f12567828eaa9b,"[50256, 14832, 8255, 25, 18321, 813, 329, 1770, 13, 22604, 438, 2016, 14274, 1324, 813, 329, 465, 7481, 438, 1169, 14836, 1021, 286, 262, 17432, 2630, 257, 4226, 326, 645, 1692, 3159, 16002, 714, 423, 10719, 284, 2872, 13, 6602, 11352, 3681, 25]","[50256, 14832, 8255, 25, 383, 4286, 11, 7781, 416, 257, 583, 21243, 37999, 17068, 7920, 8178, 295, 11139, 29155, 32752, 11139, 3820, 7639, 450, 27744, 11, 318, 257, 17757, 284, 2089, 287, 477, 663, 781, 273, 312, 4996, 13, 6602, 11352, 3681, 25]",43,43,True,Happily for Mr. Chin--though unhappily for his subjects--the invisible hand of the marketplace wrote a script that no human screenwriter could have hoped to match.,"The picture, scored by a perversely cheerful Marcus Miller accordion\/harmonica\/banjo abomination, is a monument to bad in all its florid variety.",tigges,True
sst_tigges_pythia_correct_test,401,sst-8452,sst-780,0,1,"Review Text: The picture, scored by a perversely cheerful Marcus Miller accordion\/harmonica\/banjo abomination, is a monument to bad in all its florid variety. Review Sentiment:",Review Text: Happily for Mr. Chin--though unhappily for his subjects--the invisible hand of the marketplace wrote a script that no human screenwriter could have hoped to match. Review Sentiment:,"'Review Text: The picture, scored by a perversely cheerful Marcus Miller accordion\\/harmonica\\/banjo abomination, is a monument to bad in all its florid variety. Review Sentiment:'",'Review Text: Happily for Mr. Chin--though unhappily for his subjects--the invisible hand of the marketplace wrote a script that no human screenwriter could have hoped to match. Review Sentiment:',52657669657720546578743a2054686520706963747572652c2073636f72656420627920612070657276657273656c7920636865657266756c204d6172637573204d696c6c6572206163636f7264696f6e5c2f6861726d6f6e6963615c2f62616e6a6f2061626f6d696e6174696f6e2c2069732061206d6f6e756d656e7420746f2062616420696e20616c6c2069747320666c6f72696420766172696574792e205265766965772053656e74696d656e743a,52657669657720546578743a2048617070696c7920666f72204d722e204368696e2d2d74686f75676820756e68617070696c7920666f7220686973207375626a656374732d2d74686520696e76697369626c652068616e64206f6620746865206d61726b6574706c6163652077726f74652061207363726970742074686174206e6f2068756d616e2073637265656e77726974657220636f756c64206861766520686f70656420746f206d617463682e205265766965772053656e74696d656e743a,afe4642513749a609b5dfbf806bd79047108880146406759e3f12567828eaa9b,2b05ea02b188b78c396d0f4d5d2f66d5a4cf5867d68ee56978c6a24e374031e6,"[50256, 14832, 8255, 25, 383, 4286, 11, 7781, 416, 257, 583, 21243, 37999, 17068, 7920, 8178, 295, 11139, 29155, 32752, 11139, 3820, 7639, 450, 27744, 11, 318, 257, 17757, 284, 2089, 287, 477, 663, 781, 273, 312, 4996, 13, 6602, 11352, 3681, 25]","[50256, 14832, 8255, 25, 18321, 813, 329, 1770, 13, 22604, 438, 2016, 14274, 1324, 813, 329, 465, 7481, 438, 1169, 14836, 1021, 286, 262, 17432, 2630, 257, 4226, 326, 645, 1692, 3159, 16002, 714, 423, 10719, 284, 2872, 13, 6602, 11352, 3681, 25]",43,43,True,"The picture, scored by a perversely cheerful Marcus Miller accordion\/harmonica\/banjo abomination, is a monument to bad in all its florid variety.",Happily for Mr. Chin--though unhappily for his subjects--the invisible hand of the marketplace wrote a script that no human screenwriter could have hoped to match.,tigges,True
sst_tigges_pythia_correct_test,402,sst-639,sst-8948,1,0,"Review Text: another great ` what you don't see' is much more terrifying than what you do see thriller, coupled with some arresting effects, incandescent tones and stupendous performances Review Sentiment:","Review Text: One of those movies where you walk out of the theater not feeling cheated exactly, but feeling pandered to, which, in the end, might be all the more infuriating. Review Sentiment:","""Review Text: another great ` what you don't see' is much more terrifying than what you do see thriller, coupled with some arresting effects, incandescent tones and stupendous performances Review Sentiment:""","'Review Text: One of those movies where you walk out of the theater not feeling cheated exactly, but feeling pandered to, which, in the end, might be all the more infuriating. Review Sentiment:'",52657669657720546578743a20616e6f746865722067726561742060207768617420796f7520646f6e27742073656527206973206d756368206d6f72652074657272696679696e67207468616e207768617420796f7520646f2073656520746872696c6c65722c20636f75706c6564207769746820736f6d6520617272657374696e6720656666656374732c20696e63616e64657363656e7420746f6e657320616e642073747570656e646f757320706572666f726d616e636573205265766965772053656e74696d656e743a,52657669657720546578743a204f6e65206f662074686f7365206d6f7669657320776865726520796f752077616c6b206f7574206f66207468652074686561746572206e6f74206665656c696e6720636865617465642065786163746c792c20627574206665656c696e672070616e646572656420746f2c2077686963682c20696e2074686520656e642c206d6967687420626520616c6c20746865206d6f726520696e667572696174696e672e205265766965772053656e74696d656e743a,a868d035249a0eda3081993e4cdda0416fb270a6e484929d0ee776abcd975503,31ca8a27076a47f4813c016c7401f1278d9ecf1adbbd5dd3d068584d7e7f0ad1,"[50256, 14832, 8255, 25, 1194, 1049, 4600, 644, 345, 836, 470, 766, 6, 318, 881, 517, 17623, 621, 644, 345, 466, 766, 32251, 11, 18064, 351, 617, 33936, 3048, 11, 753, 392, 45470, 23755, 290, 336, 929, 437, 516, 13289, 6602, 11352, 3681, 25]","[50256, 14832, 8255, 25, 1881, 286, 883, 6918, 810, 345, 2513, 503, 286, 262, 13766, 407, 4203, 37264, 3446, 11, 475, 4203, 19798, 1068, 284, 11, 543, 11, 287, 262, 886, 11, 1244, 307, 477, 262, 517, 35905, 803, 13, 6602, 11352, 3681, 25]",44,44,True,"another great ` what you don't see' is much more terrifying than what you do see thriller, coupled with some arresting effects, incandescent tones and stupendous performances","One of those movies where you walk out of the theater not feeling cheated exactly, but feeling pandered to, which, in the end, might be all the more infuriating.",tigges,True
sst_tigges_pythia_correct_test,403,sst-8948,sst-639,0,1,"Review Text: One of those movies where you walk out of the theater not feeling cheated exactly, but feeling pandered to, which, in the end, might be all the more infuriating. Review Sentiment:","Review Text: another great ` what you don't see' is much more terrifying than what you do see thriller, coupled with some arresting effects, incandescent tones and stupendous performances Review Sentiment:","'Review Text: One of those movies where you walk out of the theater not feeling cheated exactly, but feeling pandered to, which, in the end, might be all the more infuriating. Review Sentiment:'","""Review Text: another great ` what you don't see' is much more terrifying than what you do see thriller, coupled with some arresting effects, incandescent tones and stupendous performances Review Sentiment:""",52657669657720546578743a204f6e65206f662074686f7365206d6f7669657320776865726520796f752077616c6b206f7574206f66207468652074686561746572206e6f74206665656c696e6720636865617465642065786163746c792c20627574206665656c696e672070616e646572656420746f2c2077686963682c20696e2074686520656e642c206d6967687420626520616c6c20746865206d6f726520696e667572696174696e672e205265766965772053656e74696d656e743a,52657669657720546578743a20616e6f746865722067726561742060207768617420796f7520646f6e27742073656527206973206d756368206d6f72652074657272696679696e67207468616e207768617420796f7520646f2073656520746872696c6c65722c20636f75706c6564207769746820736f6d6520617272657374696e6720656666656374732c20696e63616e64657363656e7420746f6e657320616e642073747570656e646f757320706572666f726d616e636573205265766965772053656e74696d656e743a,31ca8a27076a47f4813c016c7401f1278d9ecf1adbbd5dd3d068584d7e7f0ad1,a868d035249a0eda3081993e4cdda0416fb270a6e484929d0ee776abcd975503,"[50256, 14832, 8255, 25, 1881, 286, 883, 6918, 810, 345, 2513, 503, 286, 262, 13766, 407, 4203, 37264, 3446, 11, 475, 4203, 19798, 1068, 284, 11, 543, 11, 287, 262, 886, 11, 1244, 307, 477, 262, 517, 35905, 803, 13, 6602, 11352, 3681, 25]","[50256, 14832, 8255, 25, 1194, 1049, 4600, 644, 345, 836, 470, 766, 6, 318, 881, 517, 17623, 621, 644, 345, 466, 766, 32251, 11, 18064, 351, 617, 33936, 3048, 11, 753, 392, 45470, 23755, 290, 336, 929, 437, 516, 13289, 6602, 11352, 3681, 25]",44,44,True,"One of those movies where you walk out of the theater not feeling cheated exactly, but feeling pandered to, which, in the end, might be all the more infuriating.","another great ` what you don't see' is much more terrifying than what you do see thriller, coupled with some arresting effects, incandescent tones and stupendous performances",tigges,True
sst_tigges_pythia_correct_test,404,sst-342,sst-8261,1,0,Review Text: This bold and lyrical first feature from Raja Amari expands the pat notion that middle-aged women just wanna have fun into a rousing treatise of sensual empowerment. Review Sentiment:,Review Text: I cry for I Spy--or I would if this latest and laziest imaginable of all vintage-TV spinoffs were capable of engendering an emotional response of any kind. Review Sentiment:,'Review Text: This bold and lyrical first feature from Raja Amari expands the pat notion that middle-aged women just wanna have fun into a rousing treatise of sensual empowerment. Review Sentiment:','Review Text: I cry for I Spy--or I would if this latest and laziest imaginable of all vintage-TV spinoffs were capable of engendering an emotional response of any kind. Review Sentiment:',52657669657720546578743a205468697320626f6c6420616e64206c79726963616c20666972737420666561747572652066726f6d2052616a6120416d61726920657870616e64732074686520706174206e6f74696f6e2074686174206d6964646c652d6167656420776f6d656e206a7573742077616e6e6120686176652066756e20696e746f206120726f7573696e67207472656174697365206f662073656e7375616c20656d706f7765726d656e742e205265766965772053656e74696d656e743a,52657669657720546578743a20492063727920666f722049205370792d2d6f72204920776f756c642069662074686973206c617465737420616e64206c617a6965737420696d6167696e61626c65206f6620616c6c2076696e746167652d5456207370696e6f66667320776572652063617061626c65206f6620656e67656e646572696e6720616e20656d6f74696f6e616c20726573706f6e7365206f6620616e79206b696e642e205265766965772053656e74696d656e743a,cd1a0bb7f3afbc0b3c8545c9febd78e2eb3227056046fd8c0a2c62a8be3a7ae0,d434f4973f16446aca54ceec78d52ca2697825c4224c18a6889510b487814fe2,"[50256, 14832, 8255, 25, 770, 10758, 290, 47188, 605, 717, 3895, 422, 13308, 64, 1703, 2743, 27513, 262, 1458, 9495, 326, 3504, 12, 1886, 1466, 655, 18869, 423, 1257, 656, 257, 374, 12752, 2190, 786, 286, 3054, 723, 39309, 13, 6602, 11352, 3681, 25]","[50256, 14832, 8255, 25, 314, 3960, 329, 314, 23688, 438, 273, 314, 561, 611, 428, 3452, 290, 37296, 6386, 40758, 286, 477, 20276, 12, 6849, 7906, 8210, 547, 6007, 286, 1786, 437, 1586, 281, 7016, 2882, 286, 597, 1611, 13, 6602, 11352, 3681, 25]",44,44,True,This bold and lyrical first feature from Raja Amari expands the pat notion that middle-aged women just wanna have fun into a rousing treatise of sensual empowerment.,I cry for I Spy--or I would if this latest and laziest imaginable of all vintage-TV spinoffs were capable of engendering an emotional response of any kind.,tigges,True
sst_tigges_pythia_correct_test,405,sst-8261,sst-342,0,1,Review Text: I cry for I Spy--or I would if this latest and laziest imaginable of all vintage-TV spinoffs were capable of engendering an emotional response of any kind. Review Sentiment:,Review Text: This bold and lyrical first feature from Raja Amari expands the pat notion that middle-aged women just wanna have fun into a rousing treatise of sensual empowerment. Review Sentiment:,'Review Text: I cry for I Spy--or I would if this latest and laziest imaginable of all vintage-TV spinoffs were capable of engendering an emotional response of any kind. Review Sentiment:','Review Text: This bold and lyrical first feature from Raja Amari expands the pat notion that middle-aged women just wanna have fun into a rousing treatise of sensual empowerment. Review Sentiment:',52657669657720546578743a20492063727920666f722049205370792d2d6f72204920776f756c642069662074686973206c617465737420616e64206c617a6965737420696d6167696e61626c65206f6620616c6c2076696e746167652d5456207370696e6f66667320776572652063617061626c65206f6620656e67656e646572696e6720616e20656d6f74696f6e616c20726573706f6e7365206f6620616e79206b696e642e205265766965772053656e74696d656e743a,52657669657720546578743a205468697320626f6c6420616e64206c79726963616c20666972737420666561747572652066726f6d2052616a6120416d61726920657870616e64732074686520706174206e6f74696f6e2074686174206d6964646c652d6167656420776f6d656e206a7573742077616e6e6120686176652066756e20696e746f206120726f7573696e67207472656174697365206f662073656e7375616c20656d706f7765726d656e742e205265766965772053656e74696d656e743a,d434f4973f16446aca54ceec78d52ca2697825c4224c18a6889510b487814fe2,cd1a0bb7f3afbc0b3c8545c9febd78e2eb3227056046fd8c0a2c62a8be3a7ae0,"[50256, 14832, 8255, 25, 314, 3960, 329, 314, 23688, 438, 273, 314, 561, 611, 428, 3452, 290, 37296, 6386, 40758, 286, 477, 20276, 12, 6849, 7906, 8210, 547, 6007, 286, 1786, 437, 1586, 281, 7016, 2882, 286, 597, 1611, 13, 6602, 11352, 3681, 25]","[50256, 14832, 8255, 25, 770, 10758, 290, 47188, 605, 717, 3895, 422, 13308, 64, 1703, 2743, 27513, 262, 1458, 9495, 326, 3504, 12, 1886, 1466, 655, 18869, 423, 1257, 656, 257, 374, 12752, 2190, 786, 286, 3054, 723, 39309, 13, 6602, 11352, 3681, 25]",44,44,True,I cry for I Spy--or I would if this latest and laziest imaginable of all vintage-TV spinoffs were capable of engendering an emotional response of any kind.,This bold and lyrical first feature from Raja Amari expands the pat notion that middle-aged women just wanna have fun into a rousing treatise of sensual empowerment.,tigges,True
sst_tigges_pythia_correct_test,406,sst-405,sst-8152,1,0,"Review Text: Although it bangs a very cliched drum at times, this crowd-pleaser's fresh dialogue, energetic music, and good-natured spunk are often infectious. Review Sentiment:","Review Text: The thriller side of this movie is falling flat, as the stalker doesn't do much stalking, and no cop or lawyer grasps the concept of actually investigating the case. Review Sentiment:","""Review Text: Although it bangs a very cliched drum at times, this crowd-pleaser's fresh dialogue, energetic music, and good-natured spunk are often infectious. Review Sentiment:""","""Review Text: The thriller side of this movie is falling flat, as the stalker doesn't do much stalking, and no cop or lawyer grasps the concept of actually investigating the case. Review Sentiment:""",52657669657720546578743a20416c74686f7567682069742062616e67732061207665727920636c6963686564206472756d2061742074696d65732c20746869732063726f77642d706c65617365722773206672657368206469616c6f6775652c20656e65726765746963206d757369632c20616e6420676f6f642d6e617475726564207370756e6b20617265206f6674656e20696e66656374696f75732e205265766965772053656e74696d656e743a,52657669657720546578743a2054686520746872696c6c65722073696465206f662074686973206d6f7669652069732066616c6c696e6720666c61742c20617320746865207374616c6b657220646f65736e277420646f206d756368207374616c6b696e672c20616e64206e6f20636f70206f72206c6177796572206772617370732074686520636f6e63657074206f662061637475616c6c7920696e7665737469676174696e672074686520636173652e205265766965772053656e74696d656e743a,e1db2e321c56ec5c5595dd0d398a41fb06290d33a80254705a152b559f065401,bd92361d160b7728be53c97fd121c71407a5dc05c4db8a7f1efda18ad0551d00,"[50256, 14832, 8255, 25, 4900, 340, 20188, 82, 257, 845, 537, 291, 704, 13026, 379, 1661, 11, 428, 4315, 12, 1154, 6005, 338, 4713, 10721, 11, 26758, 2647, 11, 290, 922, 12, 32353, 1522, 599, 2954, 389, 1690, 25246, 13, 6602, 11352, 3681, 25]","[50256, 14832, 8255, 25, 383, 32251, 1735, 286, 428, 3807, 318, 7463, 6228, 11, 355, 262, 336, 20949, 1595, 470, 466, 881, 34683, 11, 290, 645, 2243, 393, 6853, 1036, 292, 862, 262, 3721, 286, 1682, 10240, 262, 1339, 13, 6602, 11352, 3681, 25]",44,44,True,"Although it bangs a very cliched drum at times, this crowd-pleaser's fresh dialogue, energetic music, and good-natured spunk are often infectious.","The thriller side of this movie is falling flat, as the stalker doesn't do much stalking, and no cop or lawyer grasps the concept of actually investigating the case.",tigges,True
sst_tigges_pythia_correct_test,407,sst-8152,sst-405,0,1,"Review Text: The thriller side of this movie is falling flat, as the stalker doesn't do much stalking, and no cop or lawyer grasps the concept of actually investigating the case. Review Sentiment:","Review Text: Although it bangs a very cliched drum at times, this crowd-pleaser's fresh dialogue, energetic music, and good-natured spunk are often infectious. Review Sentiment:","""Review Text: The thriller side of this movie is falling flat, as the stalker doesn't do much stalking, and no cop or lawyer grasps the concept of actually investigating the case. Review Sentiment:""","""Review Text: Although it bangs a very cliched drum at times, this crowd-pleaser's fresh dialogue, energetic music, and good-natured spunk are often infectious. Review Sentiment:""",52657669657720546578743a2054686520746872696c6c65722073696465206f662074686973206d6f7669652069732066616c6c696e6720666c61742c20617320746865207374616c6b657220646f65736e277420646f206d756368207374616c6b696e672c20616e64206e6f20636f70206f72206c6177796572206772617370732074686520636f6e63657074206f662061637475616c6c7920696e7665737469676174696e672074686520636173652e205265766965772053656e74696d656e743a,52657669657720546578743a20416c74686f7567682069742062616e67732061207665727920636c6963686564206472756d2061742074696d65732c20746869732063726f77642d706c65617365722773206672657368206469616c6f6775652c20656e65726765746963206d757369632c20616e6420676f6f642d6e617475726564207370756e6b20617265206f6674656e20696e66656374696f75732e205265766965772053656e74696d656e743a,bd92361d160b7728be53c97fd121c71407a5dc05c4db8a7f1efda18ad0551d00,e1db2e321c56ec5c5595dd0d398a41fb06290d33a80254705a152b559f065401,"[50256, 14832, 8255, 25, 383, 32251, 1735, 286, 428, 3807, 318, 7463, 6228, 11, 355, 262, 336, 20949, 1595, 470, 466, 881, 34683, 11, 290, 645, 2243, 393, 6853, 1036, 292, 862, 262, 3721, 286, 1682, 10240, 262, 1339, 13, 6602, 11352, 3681, 25]","[50256, 14832, 8255, 25, 4900, 340, 20188, 82, 257, 845, 537, 291, 704, 13026, 379, 1661, 11, 428, 4315, 12, 1154, 6005, 338, 4713, 10721, 11, 26758, 2647, 11, 290, 922, 12, 32353, 1522, 599, 2954, 389, 1690, 25246, 13, 6602, 11352, 3681, 25]",44,44,True,"The thriller side of this movie is falling flat, as the stalker doesn't do much stalking, and no cop or lawyer grasps the concept of actually investigating the case.","Although it bangs a very cliched drum at times, this crowd-pleaser's fresh dialogue, energetic music, and good-natured spunk are often infectious.",tigges,True
sst_tigges_pythia_correct_test,408,sst-8294,sst-8491,1,0,"Review Text: It's a decent glimpse into a time period, and an outcast, that is no longer accessible, but it doesn't necessarily shed more light on its subject than the popular predecessor. Review Sentiment:","Review Text: Too stupid to be satire, too obviously hateful to be classified otherwise, Frank Novak's irritating slice of lumpen life is as reliably soul-killing as its title is nearly meaningless. Review Sentiment:","""Review Text: It's a decent glimpse into a time period, and an outcast, that is no longer accessible, but it doesn't necessarily shed more light on its subject than the popular predecessor. Review Sentiment:""","""Review Text: Too stupid to be satire, too obviously hateful to be classified otherwise, Frank Novak's irritating slice of lumpen life is as reliably soul-killing as its title is nearly meaningless. Review Sentiment:""",52657669657720546578743a2049742773206120646563656e7420676c696d70736520696e746f20612074696d6520706572696f642c20616e6420616e206f7574636173742c2074686174206973206e6f206c6f6e6765722061636365737369626c652c2062757420697420646f65736e2774206e65636573736172696c792073686564206d6f7265206c69676874206f6e20697473207375626a656374207468616e2074686520706f70756c6172207072656465636573736f722e205265766965772053656e74696d656e743a,52657669657720546578743a20546f6f2073747570696420746f206265207361746972652c20746f6f206f6276696f75736c79206861746566756c20746f20626520636c6173736966696564206f74686572776973652c204672616e6b204e6f76616b27732069727269746174696e6720736c696365206f66206c756d70656e206c6966652069732061732072656c6961626c7920736f756c2d6b696c6c696e6720617320697473207469746c65206973206e6561726c79206d65616e696e676c6573732e205265766965772053656e74696d656e743a,8b313312a01eb3f2a526069b339a428ff337af28be884847ddd2facd9d8ee284,fa43517ca7cfc8a2308d07ac9aee403fa8acb3193d59a085a739b7940c28dfae,"[50256, 14832, 8255, 25, 632, 338, 257, 7709, 19350, 656, 257, 640, 2278, 11, 290, 281, 503, 2701, 11, 326, 318, 645, 2392, 9857, 11, 475, 340, 1595, 470, 6646, 14999, 517, 1657, 319, 663, 2426, 621, 262, 2968, 18476, 13, 6602, 11352, 3681, 25]","[50256, 14832, 8255, 25, 14190, 8531, 284, 307, 35704, 11, 1165, 6189, 30367, 284, 307, 10090, 4306, 11, 5278, 5267, 461, 338, 42010, 16416, 286, 23844, 268, 1204, 318, 355, 26995, 5848, 12, 43764, 355, 663, 3670, 318, 3016, 24513, 13, 6602, 11352, 3681, 25]",45,45,True,"It's a decent glimpse into a time period, and an outcast, that is no longer accessible, but it doesn't necessarily shed more light on its subject than the popular predecessor.","Too stupid to be satire, too obviously hateful to be classified otherwise, Frank Novak's irritating slice of lumpen life is as reliably soul-killing as its title is nearly meaningless.",tigges,True
sst_tigges_pythia_correct_test,409,sst-8491,sst-8294,0,1,"Review Text: Too stupid to be satire, too obviously hateful to be classified otherwise, Frank Novak's irritating slice of lumpen life is as reliably soul-killing as its title is nearly meaningless. Review Sentiment:","Review Text: It's a decent glimpse into a time period, and an outcast, that is no longer accessible, but it doesn't necessarily shed more light on its subject than the popular predecessor. Review Sentiment:","""Review Text: Too stupid to be satire, too obviously hateful to be classified otherwise, Frank Novak's irritating slice of lumpen life is as reliably soul-killing as its title is nearly meaningless. Review Sentiment:""","""Review Text: It's a decent glimpse into a time period, and an outcast, that is no longer accessible, but it doesn't necessarily shed more light on its subject than the popular predecessor. Review Sentiment:""",52657669657720546578743a20546f6f2073747570696420746f206265207361746972652c20746f6f206f6276696f75736c79206861746566756c20746f20626520636c6173736966696564206f74686572776973652c204672616e6b204e6f76616b27732069727269746174696e6720736c696365206f66206c756d70656e206c6966652069732061732072656c6961626c7920736f756c2d6b696c6c696e6720617320697473207469746c65206973206e6561726c79206d65616e696e676c6573732e205265766965772053656e74696d656e743a,52657669657720546578743a2049742773206120646563656e7420676c696d70736520696e746f20612074696d6520706572696f642c20616e6420616e206f7574636173742c2074686174206973206e6f206c6f6e6765722061636365737369626c652c2062757420697420646f65736e2774206e65636573736172696c792073686564206d6f7265206c69676874206f6e20697473207375626a656374207468616e2074686520706f70756c6172207072656465636573736f722e205265766965772053656e74696d656e743a,fa43517ca7cfc8a2308d07ac9aee403fa8acb3193d59a085a739b7940c28dfae,8b313312a01eb3f2a526069b339a428ff337af28be884847ddd2facd9d8ee284,"[50256, 14832, 8255, 25, 14190, 8531, 284, 307, 35704, 11, 1165, 6189, 30367, 284, 307, 10090, 4306, 11, 5278, 5267, 461, 338, 42010, 16416, 286, 23844, 268, 1204, 318, 355, 26995, 5848, 12, 43764, 355, 663, 3670, 318, 3016, 24513, 13, 6602, 11352, 3681, 25]","[50256, 14832, 8255, 25, 632, 338, 257, 7709, 19350, 656, 257, 640, 2278, 11, 290, 281, 503, 2701, 11, 326, 318, 645, 2392, 9857, 11, 475, 340, 1595, 470, 6646, 14999, 517, 1657, 319, 663, 2426, 621, 262, 2968, 18476, 13, 6602, 11352, 3681, 25]",45,45,True,"Too stupid to be satire, too obviously hateful to be classified otherwise, Frank Novak's irritating slice of lumpen life is as reliably soul-killing as its title is nearly meaningless.","It's a decent glimpse into a time period, and an outcast, that is no longer accessible, but it doesn't necessarily shed more light on its subject than the popular predecessor.",tigges,True
sst_tigges_pythia_correct_test,410,sst-902,sst-8997,1,0,"Review Text: This is one of the most visually stunning and thematically moving epics in recent memory, and in spite of numerous minor flaws, Scorsese's best in more than a decade. Review Sentiment:","Review Text: It's drained of life in an attempt to be sober and educational, and yet it's so devoid of realism that its lack of whistles and bells just makes it obnoxious and stiff. Review Sentiment:","""Review Text: This is one of the most visually stunning and thematically moving epics in recent memory, and in spite of numerous minor flaws, Scorsese's best in more than a decade. Review Sentiment:""","""Review Text: It's drained of life in an attempt to be sober and educational, and yet it's so devoid of realism that its lack of whistles and bells just makes it obnoxious and stiff. Review Sentiment:""",52657669657720546578743a2054686973206973206f6e65206f6620746865206d6f73742076697375616c6c79207374756e6e696e6720616e64207468656d61746963616c6c79206d6f76696e6720657069637320696e20726563656e74206d656d6f72792c20616e6420696e207370697465206f66206e756d65726f7573206d696e6f7220666c6177732c2053636f72736573652773206265737420696e206d6f7265207468616e2061206465636164652e205265766965772053656e74696d656e743a,52657669657720546578743a204974277320647261696e6564206f66206c69666520696e20616e20617474656d707420746f20626520736f62657220616e6420656475636174696f6e616c2c20616e6420796574206974277320736f206465766f6964206f66207265616c69736d207468617420697473206c61636b206f662077686973746c657320616e642062656c6c73206a757374206d616b6573206974206f626e6f78696f757320616e642073746966662e205265766965772053656e74696d656e743a,36f1df8b820c4943e5627c43b2663fe98acd3d102f581e874b0a265f69127124,26076b7765549b4e4a37778745c6a827ac461e3f4f93d6e98be4c15843863887,"[50256, 14832, 8255, 25, 770, 318, 530, 286, 262, 749, 22632, 13393, 290, 606, 4142, 3867, 2462, 873, 287, 2274, 4088, 11, 290, 287, 15275, 286, 6409, 4159, 17978, 11, 1446, 669, 2771, 338, 1266, 287, 517, 621, 257, 5707, 13, 6602, 11352, 3681, 25]","[50256, 14832, 8255, 25, 632, 338, 29738, 286, 1204, 287, 281, 2230, 284, 307, 24281, 290, 9856, 11, 290, 1865, 340, 338, 523, 34065, 286, 30787, 326, 663, 3092, 286, 32262, 829, 290, 30987, 655, 1838, 340, 43283, 290, 15175, 13, 6602, 11352, 3681, 25]",45,45,True,"This is one of the most visually stunning and thematically moving epics in recent memory, and in spite of numerous minor flaws, Scorsese's best in more than a decade.","It's drained of life in an attempt to be sober and educational, and yet it's so devoid of realism that its lack of whistles and bells just makes it obnoxious and stiff.",tigges,True
sst_tigges_pythia_correct_test,411,sst-8997,sst-902,0,1,"Review Text: It's drained of life in an attempt to be sober and educational, and yet it's so devoid of realism that its lack of whistles and bells just makes it obnoxious and stiff. Review Sentiment:","Review Text: This is one of the most visually stunning and thematically moving epics in recent memory, and in spite of numerous minor flaws, Scorsese's best in more than a decade. Review Sentiment:","""Review Text: It's drained of life in an attempt to be sober and educational, and yet it's so devoid of realism that its lack of whistles and bells just makes it obnoxious and stiff. Review Sentiment:""","""Review Text: This is one of the most visually stunning and thematically moving epics in recent memory, and in spite of numerous minor flaws, Scorsese's best in more than a decade. Review Sentiment:""",52657669657720546578743a204974277320647261696e6564206f66206c69666520696e20616e20617474656d707420746f20626520736f62657220616e6420656475636174696f6e616c2c20616e6420796574206974277320736f206465766f6964206f66207265616c69736d207468617420697473206c61636b206f662077686973746c657320616e642062656c6c73206a757374206d616b6573206974206f626e6f78696f757320616e642073746966662e205265766965772053656e74696d656e743a,52657669657720546578743a2054686973206973206f6e65206f6620746865206d6f73742076697375616c6c79207374756e6e696e6720616e64207468656d61746963616c6c79206d6f76696e6720657069637320696e20726563656e74206d656d6f72792c20616e6420696e207370697465206f66206e756d65726f7573206d696e6f7220666c6177732c2053636f72736573652773206265737420696e206d6f7265207468616e2061206465636164652e205265766965772053656e74696d656e743a,26076b7765549b4e4a37778745c6a827ac461e3f4f93d6e98be4c15843863887,36f1df8b820c4943e5627c43b2663fe98acd3d102f581e874b0a265f69127124,"[50256, 14832, 8255, 25, 632, 338, 29738, 286, 1204, 287, 281, 2230, 284, 307, 24281, 290, 9856, 11, 290, 1865, 340, 338, 523, 34065, 286, 30787, 326, 663, 3092, 286, 32262, 829, 290, 30987, 655, 1838, 340, 43283, 290, 15175, 13, 6602, 11352, 3681, 25]","[50256, 14832, 8255, 25, 770, 318, 530, 286, 262, 749, 22632, 13393, 290, 606, 4142, 3867, 2462, 873, 287, 2274, 4088, 11, 290, 287, 15275, 286, 6409, 4159, 17978, 11, 1446, 669, 2771, 338, 1266, 287, 517, 621, 257, 5707, 13, 6602, 11352, 3681, 25]",45,45,True,"It's drained of life in an attempt to be sober and educational, and yet it's so devoid of realism that its lack of whistles and bells just makes it obnoxious and stiff.","This is one of the most visually stunning and thematically moving epics in recent memory, and in spite of numerous minor flaws, Scorsese's best in more than a decade.",tigges,True
sst_tigges_pythia_correct_test,412,sst-623,sst-8182,1,0,Review Text: Time Changer may not be the most memorable cinema session but its profound self-evaluation message about our fragile existence and the absence of spiritual guidance should at least invade an abundance of mindsets Review Sentiment:,"Review Text: There is not a character in the movie with a shred of plausibility, not an event that is believable, not a confrontation that is not staged, not a moment that is not false. Review Sentiment:",'Review Text: Time Changer may not be the most memorable cinema session but its profound self-evaluation message about our fragile existence and the absence of spiritual guidance should at least invade an abundance of mindsets Review Sentiment:',"'Review Text: There is not a character in the movie with a shred of plausibility, not an event that is believable, not a confrontation that is not staged, not a moment that is not false. Review Sentiment:'",52657669657720546578743a2054696d65204368616e676572206d6179206e6f7420626520746865206d6f7374206d656d6f7261626c652063696e656d612073657373696f6e20627574206974732070726f666f756e642073656c662d6576616c756174696f6e206d6573736167652061626f7574206f75722066726167696c65206578697374656e636520616e642074686520616273656e6365206f662073706972697475616c2067756964616e63652073686f756c64206174206c6561737420696e7661646520616e206162756e64616e6365206f66206d696e6473657473205265766965772053656e74696d656e743a,52657669657720546578743a205468657265206973206e6f7420612063686172616374657220696e20746865206d6f76696520776974682061207368726564206f6620706c6175736962696c6974792c206e6f7420616e206576656e7420746861742069732062656c69657661626c652c206e6f74206120636f6e66726f6e746174696f6e2074686174206973206e6f74207374616765642c206e6f742061206d6f6d656e742074686174206973206e6f742066616c73652e205265766965772053656e74696d656e743a,fcfc3a9ba6ba7a21c1fe0025c3cc2b7f9b7ca05bb9cb6fa4a74ef63514eef1c9,f41d11c11dba91105e0035bf17375105e4c819bce128c90266fb02452700ff38,"[50256, 14832, 8255, 25, 3862, 609, 2564, 743, 407, 307, 262, 749, 18078, 22041, 6246, 475, 663, 11982, 2116, 12, 18206, 2288, 3275, 546, 674, 21049, 6224, 290, 262, 8889, 286, 8557, 11154, 815, 379, 1551, 30419, 281, 20038, 286, 9017, 1039, 6602, 11352, 3681, 25]","[50256, 14832, 8255, 25, 1318, 318, 407, 257, 2095, 287, 262, 3807, 351, 257, 21163, 286, 48923, 2247, 11, 407, 281, 1785, 326, 318, 41632, 11, 407, 257, 19207, 326, 318, 407, 23393, 11, 407, 257, 2589, 326, 318, 407, 3991, 13, 6602, 11352, 3681, 25]",46,46,True,Time Changer may not be the most memorable cinema session but its profound self-evaluation message about our fragile existence and the absence of spiritual guidance should at least invade an abundance of mindsets,"There is not a character in the movie with a shred of plausibility, not an event that is believable, not a confrontation that is not staged, not a moment that is not false.",tigges,True
sst_tigges_pythia_correct_test,413,sst-8182,sst-623,0,1,"Review Text: There is not a character in the movie with a shred of plausibility, not an event that is believable, not a confrontation that is not staged, not a moment that is not false. Review Sentiment:",Review Text: Time Changer may not be the most memorable cinema session but its profound self-evaluation message about our fragile existence and the absence of spiritual guidance should at least invade an abundance of mindsets Review Sentiment:,"'Review Text: There is not a character in the movie with a shred of plausibility, not an event that is believable, not a confrontation that is not staged, not a moment that is not false. Review Sentiment:'",'Review Text: Time Changer may not be the most memorable cinema session but its profound self-evaluation message about our fragile existence and the absence of spiritual guidance should at least invade an abundance of mindsets Review Sentiment:',52657669657720546578743a205468657265206973206e6f7420612063686172616374657220696e20746865206d6f76696520776974682061207368726564206f6620706c6175736962696c6974792c206e6f7420616e206576656e7420746861742069732062656c69657661626c652c206e6f74206120636f6e66726f6e746174696f6e2074686174206973206e6f74207374616765642c206e6f742061206d6f6d656e742074686174206973206e6f742066616c73652e205265766965772053656e74696d656e743a,52657669657720546578743a2054696d65204368616e676572206d6179206e6f7420626520746865206d6f7374206d656d6f7261626c652063696e656d612073657373696f6e20627574206974732070726f666f756e642073656c662d6576616c756174696f6e206d6573736167652061626f7574206f75722066726167696c65206578697374656e636520616e642074686520616273656e6365206f662073706972697475616c2067756964616e63652073686f756c64206174206c6561737420696e7661646520616e206162756e64616e6365206f66206d696e6473657473205265766965772053656e74696d656e743a,f41d11c11dba91105e0035bf17375105e4c819bce128c90266fb02452700ff38,fcfc3a9ba6ba7a21c1fe0025c3cc2b7f9b7ca05bb9cb6fa4a74ef63514eef1c9,"[50256, 14832, 8255, 25, 1318, 318, 407, 257, 2095, 287, 262, 3807, 351, 257, 21163, 286, 48923, 2247, 11, 407, 281, 1785, 326, 318, 41632, 11, 407, 257, 19207, 326, 318, 407, 23393, 11, 407, 257, 2589, 326, 318, 407, 3991, 13, 6602, 11352, 3681, 25]","[50256, 14832, 8255, 25, 3862, 609, 2564, 743, 407, 307, 262, 749, 18078, 22041, 6246, 475, 663, 11982, 2116, 12, 18206, 2288, 3275, 546, 674, 21049, 6224, 290, 262, 8889, 286, 8557, 11154, 815, 379, 1551, 30419, 281, 20038, 286, 9017, 1039, 6602, 11352, 3681, 25]",46,46,True,"There is not a character in the movie with a shred of plausibility, not an event that is believable, not a confrontation that is not staged, not a moment that is not false.",Time Changer may not be the most memorable cinema session but its profound self-evaluation message about our fragile existence and the absence of spiritual guidance should at least invade an abundance of mindsets,tigges,True
sst_tigges_pythia_correct_test,414,sst-9040,sst-8098,1,0,"Review Text: What begins as a seemingly brainless, bubbly romantic comedy becomes a cliche-drenched melodrama by mid-film and, by film's end, a feminist action fantasy. Review Sentiment:","Review Text: Ritchie's treatment of the class reversal is majorly ham-fisted, from the repetitive manifestos that keep getting thrown in people's faces to the fact Amber is such a joke. Review Sentiment:","""Review Text: What begins as a seemingly brainless, bubbly romantic comedy becomes a cliche-drenched melodrama by mid-film and, by film's end, a feminist action fantasy. Review Sentiment:""","""Review Text: Ritchie's treatment of the class reversal is majorly ham-fisted, from the repetitive manifestos that keep getting thrown in people's faces to the fact Amber is such a joke. Review Sentiment:""",52657669657720546578743a205768617420626567696e732061732061207365656d696e676c7920627261696e6c6573732c20627562626c7920726f6d616e74696320636f6d656479206265636f6d6573206120636c696368652d6472656e63686564206d656c6f6472616d61206279206d69642d66696c6d20616e642c2062792066696c6d277320656e642c20612066656d696e69737420616374696f6e2066616e746173792e205265766965772053656e74696d656e743a,52657669657720546578743a205269746368696527732074726561746d656e74206f662074686520636c61737320726576657273616c206973206d616a6f726c792068616d2d6669737465642c2066726f6d207468652072657065746974697665206d616e69666573746f732074686174206b6565702067657474696e67207468726f776e20696e2070656f706c65277320666163657320746f20746865206661637420416d62657220697320737563682061206a6f6b652e205265766965772053656e74696d656e743a,02d0a99a7276b7e485e0bd18b9281565d133884648ec11bdf2772dca1eb47d5a,dd2d2f1487c9bcfd685de8d80e24ee93616165f04bd727152c62ed2369dcbbfd,"[50256, 14832, 8255, 25, 1867, 6140, 355, 257, 9775, 3632, 1203, 11, 10015, 36874, 14348, 10997, 4329, 257, 537, 14234, 12, 67, 23437, 7758, 375, 20058, 416, 3095, 12, 26240, 290, 11, 416, 2646, 338, 886, 11, 257, 14314, 2223, 8842, 13, 6602, 11352, 3681, 25]","[50256, 14832, 8255, 25, 371, 48423, 338, 3513, 286, 262, 1398, 27138, 318, 1688, 306, 8891, 12, 69, 6347, 11, 422, 262, 28585, 10561, 418, 326, 1394, 1972, 8754, 287, 661, 338, 6698, 284, 262, 1109, 21896, 318, 884, 257, 9707, 13, 6602, 11352, 3681, 25]",46,46,True,"What begins as a seemingly brainless, bubbly romantic comedy becomes a cliche-drenched melodrama by mid-film and, by film's end, a feminist action fantasy.","Ritchie's treatment of the class reversal is majorly ham-fisted, from the repetitive manifestos that keep getting thrown in people's faces to the fact Amber is such a joke.",tigges,True
sst_tigges_pythia_correct_test,415,sst-8098,sst-9040,0,1,"Review Text: Ritchie's treatment of the class reversal is majorly ham-fisted, from the repetitive manifestos that keep getting thrown in people's faces to the fact Amber is such a joke. Review Sentiment:","Review Text: What begins as a seemingly brainless, bubbly romantic comedy becomes a cliche-drenched melodrama by mid-film and, by film's end, a feminist action fantasy. Review Sentiment:","""Review Text: Ritchie's treatment of the class reversal is majorly ham-fisted, from the repetitive manifestos that keep getting thrown in people's faces to the fact Amber is such a joke. Review Sentiment:""","""Review Text: What begins as a seemingly brainless, bubbly romantic comedy becomes a cliche-drenched melodrama by mid-film and, by film's end, a feminist action fantasy. Review Sentiment:""",52657669657720546578743a205269746368696527732074726561746d656e74206f662074686520636c61737320726576657273616c206973206d616a6f726c792068616d2d6669737465642c2066726f6d207468652072657065746974697665206d616e69666573746f732074686174206b6565702067657474696e67207468726f776e20696e2070656f706c65277320666163657320746f20746865206661637420416d62657220697320737563682061206a6f6b652e205265766965772053656e74696d656e743a,52657669657720546578743a205768617420626567696e732061732061207365656d696e676c7920627261696e6c6573732c20627562626c7920726f6d616e74696320636f6d656479206265636f6d6573206120636c696368652d6472656e63686564206d656c6f6472616d61206279206d69642d66696c6d20616e642c2062792066696c6d277320656e642c20612066656d696e69737420616374696f6e2066616e746173792e205265766965772053656e74696d656e743a,dd2d2f1487c9bcfd685de8d80e24ee93616165f04bd727152c62ed2369dcbbfd,02d0a99a7276b7e485e0bd18b9281565d133884648ec11bdf2772dca1eb47d5a,"[50256, 14832, 8255, 25, 371, 48423, 338, 3513, 286, 262, 1398, 27138, 318, 1688, 306, 8891, 12, 69, 6347, 11, 422, 262, 28585, 10561, 418, 326, 1394, 1972, 8754, 287, 661, 338, 6698, 284, 262, 1109, 21896, 318, 884, 257, 9707, 13, 6602, 11352, 3681, 25]","[50256, 14832, 8255, 25, 1867, 6140, 355, 257, 9775, 3632, 1203, 11, 10015, 36874, 14348, 10997, 4329, 257, 537, 14234, 12, 67, 23437, 7758, 375, 20058, 416, 3095, 12, 26240, 290, 11, 416, 2646, 338, 886, 11, 257, 14314, 2223, 8842, 13, 6602, 11352, 3681, 25]",46,46,True,"Ritchie's treatment of the class reversal is majorly ham-fisted, from the repetitive manifestos that keep getting thrown in people's faces to the fact Amber is such a joke.","What begins as a seemingly brainless, bubbly romantic comedy becomes a cliche-drenched melodrama by mid-film and, by film's end, a feminist action fantasy.",tigges,True
sst_tigges_pythia_correct_test,416,sst-116,sst-8963,1,0,"Review Text: It might be tempting to regard Mr. Andrew and his collaborators as oddballs, but Mr. Earnhart's quizzical, charming movie allows us to see them, finally, as artists. Review Sentiment:","Review Text: Chaotic, self-indulgent and remarkably ugly to look at, it's... like a series of pretentiously awful student films strung together into one feature-length horror. Review Sentiment:","""Review Text: It might be tempting to regard Mr. Andrew and his collaborators as oddballs, but Mr. Earnhart's quizzical, charming movie allows us to see them, finally, as artists. Review Sentiment:""","""Review Text: Chaotic, self-indulgent and remarkably ugly to look at, it's... like a series of pretentiously awful student films strung together into one feature-length horror. Review Sentiment:""",52657669657720546578743a204974206d696768742062652074656d7074696e6720746f20726567617264204d722e20416e6472657720616e642068697320636f6c6c61626f7261746f7273206173206f646462616c6c732c20627574204d722e204561726e686172742773207175697a7a6963616c2c20636861726d696e67206d6f76696520616c6c6f777320757320746f20736565207468656d2c2066696e616c6c792c20617320617274697374732e205265766965772053656e74696d656e743a,52657669657720546578743a204368616f7469632c2073656c662d696e64756c67656e7420616e642072656d61726b61626c792075676c7920746f206c6f6f6b2061742c20697427732e2e2e206c696b65206120736572696573206f662070726574656e74696f75736c7920617766756c2073747564656e742066696c6d7320737472756e6720746f67657468657220696e746f206f6e6520666561747572652d6c656e67746820686f72726f722e205265766965772053656e74696d656e743a,a8e64a7ec178a8f360ff3cbca0f22018f1395893383900090ebdeef67da188ed,39fcace577461a45b3663c438564535b8b4062f419bfae2db8d6181c6b7decd0,"[50256, 14832, 8255, 25, 632, 1244, 307, 29850, 284, 2754, 1770, 13, 6858, 290, 465, 37886, 355, 5629, 21591, 11, 475, 1770, 13, 22535, 18647, 338, 48258, 605, 11, 23332, 3807, 3578, 514, 284, 766, 606, 11, 3443, 11, 355, 7912, 13, 6602, 11352, 3681, 25]","[50256, 14832, 8255, 25, 20703, 6210, 11, 2116, 12, 521, 377, 6783, 290, 21196, 13400, 284, 804, 379, 11, 340, 338, 986, 588, 257, 2168, 286, 2181, 298, 6819, 12659, 3710, 7328, 965, 2150, 1978, 656, 530, 3895, 12, 13664, 9961, 13, 6602, 11352, 3681, 25]",46,46,True,"It might be tempting to regard Mr. Andrew and his collaborators as oddballs, but Mr. Earnhart's quizzical, charming movie allows us to see them, finally, as artists.","Chaotic, self-indulgent and remarkably ugly to look at, it's... like a series of pretentiously awful student films strung together into one feature-length horror.",tigges,True
sst_tigges_pythia_correct_test,417,sst-8963,sst-116,0,1,"Review Text: Chaotic, self-indulgent and remarkably ugly to look at, it's... like a series of pretentiously awful student films strung together into one feature-length horror. Review Sentiment:","Review Text: It might be tempting to regard Mr. Andrew and his collaborators as oddballs, but Mr. Earnhart's quizzical, charming movie allows us to see them, finally, as artists. Review Sentiment:","""Review Text: Chaotic, self-indulgent and remarkably ugly to look at, it's... like a series of pretentiously awful student films strung together into one feature-length horror. Review Sentiment:""","""Review Text: It might be tempting to regard Mr. Andrew and his collaborators as oddballs, but Mr. Earnhart's quizzical, charming movie allows us to see them, finally, as artists. Review Sentiment:""",52657669657720546578743a204368616f7469632c2073656c662d696e64756c67656e7420616e642072656d61726b61626c792075676c7920746f206c6f6f6b2061742c20697427732e2e2e206c696b65206120736572696573206f662070726574656e74696f75736c7920617766756c2073747564656e742066696c6d7320737472756e6720746f67657468657220696e746f206f6e6520666561747572652d6c656e67746820686f72726f722e205265766965772053656e74696d656e743a,52657669657720546578743a204974206d696768742062652074656d7074696e6720746f20726567617264204d722e20416e6472657720616e642068697320636f6c6c61626f7261746f7273206173206f646462616c6c732c20627574204d722e204561726e686172742773207175697a7a6963616c2c20636861726d696e67206d6f76696520616c6c6f777320757320746f20736565207468656d2c2066696e616c6c792c20617320617274697374732e205265766965772053656e74696d656e743a,39fcace577461a45b3663c438564535b8b4062f419bfae2db8d6181c6b7decd0,a8e64a7ec178a8f360ff3cbca0f22018f1395893383900090ebdeef67da188ed,"[50256, 14832, 8255, 25, 20703, 6210, 11, 2116, 12, 521, 377, 6783, 290, 21196, 13400, 284, 804, 379, 11, 340, 338, 986, 588, 257, 2168, 286, 2181, 298, 6819, 12659, 3710, 7328, 965, 2150, 1978, 656, 530, 3895, 12, 13664, 9961, 13, 6602, 11352, 3681, 25]","[50256, 14832, 8255, 25, 632, 1244, 307, 29850, 284, 2754, 1770, 13, 6858, 290, 465, 37886, 355, 5629, 21591, 11, 475, 1770, 13, 22535, 18647, 338, 48258, 605, 11, 23332, 3807, 3578, 514, 284, 766, 606, 11, 3443, 11, 355, 7912, 13, 6602, 11352, 3681, 25]",46,46,True,"Chaotic, self-indulgent and remarkably ugly to look at, it's... like a series of pretentiously awful student films strung together into one feature-length horror.","It might be tempting to regard Mr. Andrew and his collaborators as oddballs, but Mr. Earnhart's quizzical, charming movie allows us to see them, finally, as artists.",tigges,True
sst_tigges_pythia_correct_test,418,sst-981,sst-8593,1,0,"Review Text: ... does such a fine job of engulfing you in its world and allying you with its characters' choices, good and ill, that its shortcomings are remembered only as an afterthought. Review Sentiment:","Review Text: The overall feel of the film is pretty cheesy, but there's still a real sense that the Star Trek tradition has been honored as best it can, given the embarrassing script and weak direction. Review Sentiment:","""Review Text: ... does such a fine job of engulfing you in its world and allying you with its characters' choices, good and ill, that its shortcomings are remembered only as an afterthought. Review Sentiment:""","""Review Text: The overall feel of the film is pretty cheesy, but there's still a real sense that the Star Trek tradition has been honored as best it can, given the embarrassing script and weak direction. Review Sentiment:""",52657669657720546578743a202e2e2e20646f6573207375636820612066696e65206a6f62206f6620656e67756c66696e6720796f7520696e2069747320776f726c6420616e6420616c6c79696e6720796f752077697468206974732063686172616374657273272063686f696365732c20676f6f6420616e6420696c6c2c2074686174206974732073686f7274636f6d696e6773206172652072656d656d6265726564206f6e6c7920617320616e20616674657274686f756768742e205265766965772053656e74696d656e743a,52657669657720546578743a20546865206f766572616c6c206665656c206f66207468652066696c6d20697320707265747479206368656573792c206275742074686572652773207374696c6c2061207265616c2073656e73652074686174207468652053746172205472656b20747261646974696f6e20686173206265656e20686f6e6f72656420617320626573742069742063616e2c20676976656e2074686520656d62617272617373696e672073637269707420616e64207765616b20646972656374696f6e2e205265766965772053656e74696d656e743a,f9871000691094012382d476e15f6f2c822b24fd80ccb270976ec5ebe7bc3a69,9caef32678411e7f403760291a88cf896af76eee0a51bd5c1427452b326fd6c9,"[50256, 14832, 8255, 25, 2644, 857, 884, 257, 3734, 1693, 286, 30443, 278, 345, 287, 663, 995, 290, 477, 1112, 345, 351, 663, 3435, 6, 7747, 11, 922, 290, 2801, 11, 326, 663, 31731, 389, 12086, 691, 355, 281, 706, 28895, 13, 6602, 11352, 3681, 25]","[50256, 14832, 8255, 25, 383, 4045, 1254, 286, 262, 2646, 318, 2495, 45002, 11, 475, 612, 338, 991, 257, 1103, 2565, 326, 262, 2907, 12338, 6761, 468, 587, 21014, 355, 1266, 340, 460, 11, 1813, 262, 18997, 4226, 290, 4939, 4571, 13, 6602, 11352, 3681, 25]",46,46,True,"... does such a fine job of engulfing you in its world and allying you with its characters' choices, good and ill, that its shortcomings are remembered only as an afterthought.","The overall feel of the film is pretty cheesy, but there's still a real sense that the Star Trek tradition has been honored as best it can, given the embarrassing script and weak direction.",tigges,True
sst_tigges_pythia_correct_test,419,sst-8593,sst-981,0,1,"Review Text: The overall feel of the film is pretty cheesy, but there's still a real sense that the Star Trek tradition has been honored as best it can, given the embarrassing script and weak direction. Review Sentiment:","Review Text: ... does such a fine job of engulfing you in its world and allying you with its characters' choices, good and ill, that its shortcomings are remembered only as an afterthought. Review Sentiment:","""Review Text: The overall feel of the film is pretty cheesy, but there's still a real sense that the Star Trek tradition has been honored as best it can, given the embarrassing script and weak direction. Review Sentiment:""","""Review Text: ... does such a fine job of engulfing you in its world and allying you with its characters' choices, good and ill, that its shortcomings are remembered only as an afterthought. Review Sentiment:""",52657669657720546578743a20546865206f766572616c6c206665656c206f66207468652066696c6d20697320707265747479206368656573792c206275742074686572652773207374696c6c2061207265616c2073656e73652074686174207468652053746172205472656b20747261646974696f6e20686173206265656e20686f6e6f72656420617320626573742069742063616e2c20676976656e2074686520656d62617272617373696e672073637269707420616e64207765616b20646972656374696f6e2e205265766965772053656e74696d656e743a,52657669657720546578743a202e2e2e20646f6573207375636820612066696e65206a6f62206f6620656e67756c66696e6720796f7520696e2069747320776f726c6420616e6420616c6c79696e6720796f752077697468206974732063686172616374657273272063686f696365732c20676f6f6420616e6420696c6c2c2074686174206974732073686f7274636f6d696e6773206172652072656d656d6265726564206f6e6c7920617320616e20616674657274686f756768742e205265766965772053656e74696d656e743a,9caef32678411e7f403760291a88cf896af76eee0a51bd5c1427452b326fd6c9,f9871000691094012382d476e15f6f2c822b24fd80ccb270976ec5ebe7bc3a69,"[50256, 14832, 8255, 25, 383, 4045, 1254, 286, 262, 2646, 318, 2495, 45002, 11, 475, 612, 338, 991, 257, 1103, 2565, 326, 262, 2907, 12338, 6761, 468, 587, 21014, 355, 1266, 340, 460, 11, 1813, 262, 18997, 4226, 290, 4939, 4571, 13, 6602, 11352, 3681, 25]","[50256, 14832, 8255, 25, 2644, 857, 884, 257, 3734, 1693, 286, 30443, 278, 345, 287, 663, 995, 290, 477, 1112, 345, 351, 663, 3435, 6, 7747, 11, 922, 290, 2801, 11, 326, 663, 31731, 389, 12086, 691, 355, 281, 706, 28895, 13, 6602, 11352, 3681, 25]",46,46,True,"The overall feel of the film is pretty cheesy, but there's still a real sense that the Star Trek tradition has been honored as best it can, given the embarrassing script and weak direction.","... does such a fine job of engulfing you in its world and allying you with its characters' choices, good and ill, that its shortcomings are remembered only as an afterthought.",tigges,True
sst_tigges_pythia_correct_test,420,sst-393,sst-8539,1,0,"Review Text: It's rare to find a film that dazzles the eye, challenges the brain, AND satisfies our lust for fast-paced action, but Minority Report delivers all that and a whole lot more. Review Sentiment:","Review Text: I saw Knockaround Guys yesterday, and already the details have faded like photographs from the Spanish-American War... It's so unmemorable that it turned my ballpoint notes to invisible ink. Review Sentiment:","""Review Text: It's rare to find a film that dazzles the eye, challenges the brain, AND satisfies our lust for fast-paced action, but Minority Report delivers all that and a whole lot more. Review Sentiment:""","""Review Text: I saw Knockaround Guys yesterday, and already the details have faded like photographs from the Spanish-American War... It's so unmemorable that it turned my ballpoint notes to invisible ink. Review Sentiment:""",52657669657720546578743a2049742773207261726520746f2066696e6420612066696c6d20746861742064617a7a6c657320746865206579652c206368616c6c656e6765732074686520627261696e2c20414e4420736174697366696573206f7572206c75737420666f7220666173742d706163656420616374696f6e2c20627574204d696e6f72697479205265706f72742064656c697665727320616c6c207468617420616e6420612077686f6c65206c6f74206d6f72652e205265766965772053656e74696d656e743a,52657669657720546578743a204920736177204b6e6f636b61726f756e642047757973207965737465726461792c20616e6420616c7265616479207468652064657461696c732068617665206661646564206c696b652070686f746f6772617068732066726f6d20746865205370616e6973682d416d65726963616e205761722e2e2e204974277320736f20756e6d656d6f7261626c652074686174206974207475726e6564206d792062616c6c706f696e74206e6f74657320746f20696e76697369626c6520696e6b2e205265766965772053656e74696d656e743a,f6b0ac7e0ca6303fff9c41c137350d22a51ea1bca5c789ad5878f6c14da63b80,c67c7e261efcbcfacf0f9aa7f707dbbdb961a9714b71e2c8dbc34f3e18cc2e89,"[50256, 14832, 8255, 25, 632, 338, 4071, 284, 1064, 257, 2646, 326, 32282, 829, 262, 4151, 11, 6459, 262, 3632, 11, 5357, 45104, 674, 22279, 329, 3049, 12, 32416, 2223, 11, 475, 29980, 6358, 16316, 477, 326, 290, 257, 2187, 1256, 517, 13, 6602, 11352, 3681, 25]","[50256, 14832, 8255, 25, 314, 2497, 29061, 14145, 29899, 7415, 11, 290, 1541, 262, 3307, 423, 24887, 588, 12566, 422, 262, 7897, 12, 7437, 1810, 986, 632, 338, 523, 555, 11883, 10475, 326, 340, 2900, 616, 2613, 4122, 4710, 284, 14836, 16882, 13, 6602, 11352, 3681, 25]",47,47,True,"It's rare to find a film that dazzles the eye, challenges the brain, AND satisfies our lust for fast-paced action, but Minority Report delivers all that and a whole lot more.","I saw Knockaround Guys yesterday, and already the details have faded like photographs from the Spanish-American War... It's so unmemorable that it turned my ballpoint notes to invisible ink.",tigges,True
sst_tigges_pythia_correct_test,421,sst-8539,sst-393,0,1,"Review Text: I saw Knockaround Guys yesterday, and already the details have faded like photographs from the Spanish-American War... It's so unmemorable that it turned my ballpoint notes to invisible ink. Review Sentiment:","Review Text: It's rare to find a film that dazzles the eye, challenges the brain, AND satisfies our lust for fast-paced action, but Minority Report delivers all that and a whole lot more. Review Sentiment:","""Review Text: I saw Knockaround Guys yesterday, and already the details have faded like photographs from the Spanish-American War... It's so unmemorable that it turned my ballpoint notes to invisible ink. Review Sentiment:""","""Review Text: It's rare to find a film that dazzles the eye, challenges the brain, AND satisfies our lust for fast-paced action, but Minority Report delivers all that and a whole lot more. Review Sentiment:""",52657669657720546578743a204920736177204b6e6f636b61726f756e642047757973207965737465726461792c20616e6420616c7265616479207468652064657461696c732068617665206661646564206c696b652070686f746f6772617068732066726f6d20746865205370616e6973682d416d65726963616e205761722e2e2e204974277320736f20756e6d656d6f7261626c652074686174206974207475726e6564206d792062616c6c706f696e74206e6f74657320746f20696e76697369626c6520696e6b2e205265766965772053656e74696d656e743a,52657669657720546578743a2049742773207261726520746f2066696e6420612066696c6d20746861742064617a7a6c657320746865206579652c206368616c6c656e6765732074686520627261696e2c20414e4420736174697366696573206f7572206c75737420666f7220666173742d706163656420616374696f6e2c20627574204d696e6f72697479205265706f72742064656c697665727320616c6c207468617420616e6420612077686f6c65206c6f74206d6f72652e205265766965772053656e74696d656e743a,c67c7e261efcbcfacf0f9aa7f707dbbdb961a9714b71e2c8dbc34f3e18cc2e89,f6b0ac7e0ca6303fff9c41c137350d22a51ea1bca5c789ad5878f6c14da63b80,"[50256, 14832, 8255, 25, 314, 2497, 29061, 14145, 29899, 7415, 11, 290, 1541, 262, 3307, 423, 24887, 588, 12566, 422, 262, 7897, 12, 7437, 1810, 986, 632, 338, 523, 555, 11883, 10475, 326, 340, 2900, 616, 2613, 4122, 4710, 284, 14836, 16882, 13, 6602, 11352, 3681, 25]","[50256, 14832, 8255, 25, 632, 338, 4071, 284, 1064, 257, 2646, 326, 32282, 829, 262, 4151, 11, 6459, 262, 3632, 11, 5357, 45104, 674, 22279, 329, 3049, 12, 32416, 2223, 11, 475, 29980, 6358, 16316, 477, 326, 290, 257, 2187, 1256, 517, 13, 6602, 11352, 3681, 25]",47,47,True,"I saw Knockaround Guys yesterday, and already the details have faded like photographs from the Spanish-American War... It's so unmemorable that it turned my ballpoint notes to invisible ink.","It's rare to find a film that dazzles the eye, challenges the brain, AND satisfies our lust for fast-paced action, but Minority Report delivers all that and a whole lot more.",tigges,True
sst_tigges_pythia_correct_test,422,sst-791,sst-8277,1,0,"Review Text: A bold and subversive film that cuts across the grain of what is popular and powerful in this high-tech age, speaking its truths with spellbinding imagery and the entrancing music of Philip Glass. Review Sentiment:","Review Text: Too loud, too long and too frantic by half, Die Another Day suggests that the Bond franchise has run into a creative wall that 007 can not fly over, tunnel under or barrel through. Review Sentiment:","'Review Text: A bold and subversive film that cuts across the grain of what is popular and powerful in this high-tech age, speaking its truths with spellbinding imagery and the entrancing music of Philip Glass. Review Sentiment:'","'Review Text: Too loud, too long and too frantic by half, Die Another Day suggests that the Bond franchise has run into a creative wall that 007 can not fly over, tunnel under or barrel through. Review Sentiment:'",52657669657720546578743a204120626f6c6420616e6420737562766572736976652066696c6d20746861742063757473206163726f73732074686520677261696e206f66207768617420697320706f70756c617220616e6420706f77657266756c20696e207468697320686967682d74656368206167652c20737065616b696e6720697473207472757468732077697468207370656c6c62696e64696e6720696d616765727920616e642074686520656e7472616e63696e67206d75736963206f66205068696c697020476c6173732e205265766965772053656e74696d656e743a,52657669657720546578743a20546f6f206c6f75642c20746f6f206c6f6e6720616e6420746f6f206672616e7469632062792068616c662c2044696520416e6f746865722044617920737567676573747320746861742074686520426f6e64206672616e6368697365206861732072756e20696e746f20612063726561746976652077616c6c2074686174203030372063616e206e6f7420666c79206f7665722c2074756e6e656c20756e646572206f722062617272656c207468726f7567682e205265766965772053656e74696d656e743a,9837c7e1fcc85b8e17e9ae3128de205496c4f61c8c19f7e7850da13d3644f01c,69fe8aedebb102b9734cb7c038ca5b06d4e7f439555ab20a2b136deaddfab2ec,"[50256, 14832, 8255, 25, 317, 10758, 290, 49685, 2646, 326, 6630, 1973, 262, 13020, 286, 644, 318, 2968, 290, 3665, 287, 428, 1029, 12, 13670, 2479, 11, 5486, 663, 24279, 351, 4822, 30786, 19506, 290, 262, 24481, 5077, 2647, 286, 14576, 12158, 13, 6602, 11352, 3681, 25]","[50256, 14832, 8255, 25, 14190, 7812, 11, 1165, 890, 290, 1165, 37644, 416, 2063, 11, 6733, 6023, 3596, 5644, 326, 262, 12812, 8663, 468, 1057, 656, 257, 7325, 3355, 326, 3571, 22, 460, 407, 6129, 625, 11, 13275, 739, 393, 9036, 832, 13, 6602, 11352, 3681, 25]",47,47,True,"A bold and subversive film that cuts across the grain of what is popular and powerful in this high-tech age, speaking its truths with spellbinding imagery and the entrancing music of Philip Glass.","Too loud, too long and too frantic by half, Die Another Day suggests that the Bond franchise has run into a creative wall that 007 can not fly over, tunnel under or barrel through.",tigges,True
sst_tigges_pythia_correct_test,423,sst-8277,sst-791,0,1,"Review Text: Too loud, too long and too frantic by half, Die Another Day suggests that the Bond franchise has run into a creative wall that 007 can not fly over, tunnel under or barrel through. Review Sentiment:","Review Text: A bold and subversive film that cuts across the grain of what is popular and powerful in this high-tech age, speaking its truths with spellbinding imagery and the entrancing music of Philip Glass. Review Sentiment:","'Review Text: Too loud, too long and too frantic by half, Die Another Day suggests that the Bond franchise has run into a creative wall that 007 can not fly over, tunnel under or barrel through. Review Sentiment:'","'Review Text: A bold and subversive film that cuts across the grain of what is popular and powerful in this high-tech age, speaking its truths with spellbinding imagery and the entrancing music of Philip Glass. Review Sentiment:'",52657669657720546578743a20546f6f206c6f75642c20746f6f206c6f6e6720616e6420746f6f206672616e7469632062792068616c662c2044696520416e6f746865722044617920737567676573747320746861742074686520426f6e64206672616e6368697365206861732072756e20696e746f20612063726561746976652077616c6c2074686174203030372063616e206e6f7420666c79206f7665722c2074756e6e656c20756e646572206f722062617272656c207468726f7567682e205265766965772053656e74696d656e743a,52657669657720546578743a204120626f6c6420616e6420737562766572736976652066696c6d20746861742063757473206163726f73732074686520677261696e206f66207768617420697320706f70756c617220616e6420706f77657266756c20696e207468697320686967682d74656368206167652c20737065616b696e6720697473207472757468732077697468207370656c6c62696e64696e6720696d616765727920616e642074686520656e7472616e63696e67206d75736963206f66205068696c697020476c6173732e205265766965772053656e74696d656e743a,69fe8aedebb102b9734cb7c038ca5b06d4e7f439555ab20a2b136deaddfab2ec,9837c7e1fcc85b8e17e9ae3128de205496c4f61c8c19f7e7850da13d3644f01c,"[50256, 14832, 8255, 25, 14190, 7812, 11, 1165, 890, 290, 1165, 37644, 416, 2063, 11, 6733, 6023, 3596, 5644, 326, 262, 12812, 8663, 468, 1057, 656, 257, 7325, 3355, 326, 3571, 22, 460, 407, 6129, 625, 11, 13275, 739, 393, 9036, 832, 13, 6602, 11352, 3681, 25]","[50256, 14832, 8255, 25, 317, 10758, 290, 49685, 2646, 326, 6630, 1973, 262, 13020, 286, 644, 318, 2968, 290, 3665, 287, 428, 1029, 12, 13670, 2479, 11, 5486, 663, 24279, 351, 4822, 30786, 19506, 290, 262, 24481, 5077, 2647, 286, 14576, 12158, 13, 6602, 11352, 3681, 25]",47,47,True,"Too loud, too long and too frantic by half, Die Another Day suggests that the Bond franchise has run into a creative wall that 007 can not fly over, tunnel under or barrel through.","A bold and subversive film that cuts across the grain of what is popular and powerful in this high-tech age, speaking its truths with spellbinding imagery and the entrancing music of Philip Glass.",tigges,True
sst_tigges_pythia_correct_test,424,sst-822,sst-8115,1,0,"Review Text: De Oliveira creates an emotionally rich, poetically plump and visually fulsome, but never showy, film whose bittersweet themes are reinforced and brilliantly personified by Michel Piccoli. Review Sentiment:","Review Text: The filmmakers juggle and juxtapose three story lines but fail to come up with one cogent point, unless it's that life stinks, especially for sensitive married women who really love other women. Review Sentiment:","'Review Text: De Oliveira creates an emotionally rich, poetically plump and visually fulsome, but never showy, film whose bittersweet themes are reinforced and brilliantly personified by Michel Piccoli. Review Sentiment:'","""Review Text: The filmmakers juggle and juxtapose three story lines but fail to come up with one cogent point, unless it's that life stinks, especially for sensitive married women who really love other women. Review Sentiment:""",52657669657720546578743a204465204f6c697665697261206372656174657320616e20656d6f74696f6e616c6c7920726963682c20706f65746963616c6c7920706c756d7020616e642076697375616c6c792066756c736f6d652c20627574206e657665722073686f77792c2066696c6d2077686f7365206269747465727377656574207468656d657320617265207265696e666f7263656420616e64206272696c6c69616e746c7920706572736f6e6966696564206279204d696368656c20506963636f6c692e205265766965772053656e74696d656e743a,52657669657720546578743a205468652066696c6d6d616b657273206a7567676c6520616e64206a75787461706f73652074687265652073746f7279206c696e657320627574206661696c20746f20636f6d652075702077697468206f6e6520636f67656e7420706f696e742c20756e6c65737320697427732074686174206c696665207374696e6b732c20657370656369616c6c7920666f722073656e736974697665206d61727269656420776f6d656e2077686f207265616c6c79206c6f7665206f7468657220776f6d656e2e205265766965772053656e74696d656e743a,cda49db3a02aebb52367dc9530874770f6cf4b70a7295fe6eee4496fe7c2c2ec,e1855cc0ceae93a8c611607faefc4309e1bffa83f4be7bf776cabfbef329e7ee,"[50256, 14832, 8255, 25, 1024, 30012, 8704, 8075, 281, 17991, 5527, 11, 745, 16877, 458, 931, 290, 22632, 277, 5753, 462, 11, 475, 1239, 905, 88, 11, 2646, 3025, 48666, 7277, 13460, 389, 23738, 290, 37928, 1048, 1431, 416, 12386, 15085, 4033, 72, 13, 6602, 11352, 3681, 25]","[50256, 14832, 8255, 25, 383, 28303, 24873, 293, 290, 45273, 577, 1115, 1621, 3951, 475, 2038, 284, 1282, 510, 351, 530, 43072, 298, 966, 11, 4556, 340, 338, 326, 1204, 336, 2973, 11, 2592, 329, 8564, 6405, 1466, 508, 1107, 1842, 584, 1466, 13, 6602, 11352, 3681, 25]",48,48,True,"De Oliveira creates an emotionally rich, poetically plump and visually fulsome, but never showy, film whose bittersweet themes are reinforced and brilliantly personified by Michel Piccoli.","The filmmakers juggle and juxtapose three story lines but fail to come up with one cogent point, unless it's that life stinks, especially for sensitive married women who really love other women.",tigges,True
sst_tigges_pythia_correct_test,425,sst-8115,sst-822,0,1,"Review Text: The filmmakers juggle and juxtapose three story lines but fail to come up with one cogent point, unless it's that life stinks, especially for sensitive married women who really love other women. Review Sentiment:","Review Text: De Oliveira creates an emotionally rich, poetically plump and visually fulsome, but never showy, film whose bittersweet themes are reinforced and brilliantly personified by Michel Piccoli. Review Sentiment:","""Review Text: The filmmakers juggle and juxtapose three story lines but fail to come up with one cogent point, unless it's that life stinks, especially for sensitive married women who really love other women. Review Sentiment:""","'Review Text: De Oliveira creates an emotionally rich, poetically plump and visually fulsome, but never showy, film whose bittersweet themes are reinforced and brilliantly personified by Michel Piccoli. Review Sentiment:'",52657669657720546578743a205468652066696c6d6d616b657273206a7567676c6520616e64206a75787461706f73652074687265652073746f7279206c696e657320627574206661696c20746f20636f6d652075702077697468206f6e6520636f67656e7420706f696e742c20756e6c65737320697427732074686174206c696665207374696e6b732c20657370656369616c6c7920666f722073656e736974697665206d61727269656420776f6d656e2077686f207265616c6c79206c6f7665206f7468657220776f6d656e2e205265766965772053656e74696d656e743a,52657669657720546578743a204465204f6c697665697261206372656174657320616e20656d6f74696f6e616c6c7920726963682c20706f65746963616c6c7920706c756d7020616e642076697375616c6c792066756c736f6d652c20627574206e657665722073686f77792c2066696c6d2077686f7365206269747465727377656574207468656d657320617265207265696e666f7263656420616e64206272696c6c69616e746c7920706572736f6e6966696564206279204d696368656c20506963636f6c692e205265766965772053656e74696d656e743a,e1855cc0ceae93a8c611607faefc4309e1bffa83f4be7bf776cabfbef329e7ee,cda49db3a02aebb52367dc9530874770f6cf4b70a7295fe6eee4496fe7c2c2ec,"[50256, 14832, 8255, 25, 383, 28303, 24873, 293, 290, 45273, 577, 1115, 1621, 3951, 475, 2038, 284, 1282, 510, 351, 530, 43072, 298, 966, 11, 4556, 340, 338, 326, 1204, 336, 2973, 11, 2592, 329, 8564, 6405, 1466, 508, 1107, 1842, 584, 1466, 13, 6602, 11352, 3681, 25]","[50256, 14832, 8255, 25, 1024, 30012, 8704, 8075, 281, 17991, 5527, 11, 745, 16877, 458, 931, 290, 22632, 277, 5753, 462, 11, 475, 1239, 905, 88, 11, 2646, 3025, 48666, 7277, 13460, 389, 23738, 290, 37928, 1048, 1431, 416, 12386, 15085, 4033, 72, 13, 6602, 11352, 3681, 25]",48,48,True,"The filmmakers juggle and juxtapose three story lines but fail to come up with one cogent point, unless it's that life stinks, especially for sensitive married women who really love other women.","De Oliveira creates an emotionally rich, poetically plump and visually fulsome, but never showy, film whose bittersweet themes are reinforced and brilliantly personified by Michel Piccoli.",tigges,True
sst_tigges_pythia_correct_test,426,sst-179,sst-8884,1,0,"Review Text: There are as many misses as hits, but ultimately, it finds humor in the foibles of human behavior, and it's a welcome return to the roots of a genre that should depend on surprises. Review Sentiment:","Review Text: A morality tale whose thought-provoking potential is hampered by a made-for-TV look, rigid performances and an asinine ` twist' that brazenly rips off The Sixth Sense. Review Sentiment:","""Review Text: There are as many misses as hits, but ultimately, it finds humor in the foibles of human behavior, and it's a welcome return to the roots of a genre that should depend on surprises. Review Sentiment:""","""Review Text: A morality tale whose thought-provoking potential is hampered by a made-for-TV look, rigid performances and an asinine ` twist' that brazenly rips off The Sixth Sense. Review Sentiment:""",52657669657720546578743a20546865726520617265206173206d616e79206d697373657320617320686974732c2062757420756c74696d6174656c792c2069742066696e64732068756d6f7220696e2074686520666f69626c6573206f662068756d616e206265686176696f722c20616e64206974277320612077656c636f6d652072657475726e20746f2074686520726f6f7473206f6620612067656e726520746861742073686f756c6420646570656e64206f6e207375727072697365732e205265766965772053656e74696d656e743a,52657669657720546578743a2041206d6f72616c6974792074616c652077686f73652074686f756768742d70726f766f6b696e6720706f74656e7469616c2069732068616d70657265642062792061206d6164652d666f722d5456206c6f6f6b2c20726967696420706572666f726d616e63657320616e6420616e206173696e696e652060207477697374272074686174206272617a656e6c792072697073206f6666205468652053697874682053656e73652e205265766965772053656e74696d656e743a,5c82575bab68a17d13c3e8d0b64081548601383f7208e46ceac16c7363c2b301,437a9f4b96a268db4cdc78082eff1650c783078d3ce58bb9d3963ec71399e208,"[50256, 14832, 8255, 25, 1318, 389, 355, 867, 18297, 355, 7127, 11, 475, 6165, 11, 340, 7228, 14733, 287, 262, 11511, 18764, 286, 1692, 4069, 11, 290, 340, 338, 257, 7062, 1441, 284, 262, 11135, 286, 257, 12121, 326, 815, 4745, 319, 24072, 13, 6602, 11352, 3681, 25]","[50256, 14832, 8255, 25, 317, 18016, 12838, 3025, 1807, 12, 15234, 5730, 2785, 318, 42629, 416, 257, 925, 12, 1640, 12, 6849, 804, 11, 20831, 13289, 290, 281, 355, 259, 500, 4600, 14528, 6, 326, 40033, 306, 374, 2419, 572, 383, 28980, 24956, 13, 6602, 11352, 3681, 25]",48,48,True,"There are as many misses as hits, but ultimately, it finds humor in the foibles of human behavior, and it's a welcome return to the roots of a genre that should depend on surprises.","A morality tale whose thought-provoking potential is hampered by a made-for-TV look, rigid performances and an asinine ` twist' that brazenly rips off The Sixth Sense.",tigges,True
sst_tigges_pythia_correct_test,427,sst-8884,sst-179,0,1,"Review Text: A morality tale whose thought-provoking potential is hampered by a made-for-TV look, rigid performances and an asinine ` twist' that brazenly rips off The Sixth Sense. Review Sentiment:","Review Text: There are as many misses as hits, but ultimately, it finds humor in the foibles of human behavior, and it's a welcome return to the roots of a genre that should depend on surprises. Review Sentiment:","""Review Text: A morality tale whose thought-provoking potential is hampered by a made-for-TV look, rigid performances and an asinine ` twist' that brazenly rips off The Sixth Sense. Review Sentiment:""","""Review Text: There are as many misses as hits, but ultimately, it finds humor in the foibles of human behavior, and it's a welcome return to the roots of a genre that should depend on surprises. Review Sentiment:""",52657669657720546578743a2041206d6f72616c6974792074616c652077686f73652074686f756768742d70726f766f6b696e6720706f74656e7469616c2069732068616d70657265642062792061206d6164652d666f722d5456206c6f6f6b2c20726967696420706572666f726d616e63657320616e6420616e206173696e696e652060207477697374272074686174206272617a656e6c792072697073206f6666205468652053697874682053656e73652e205265766965772053656e74696d656e743a,52657669657720546578743a20546865726520617265206173206d616e79206d697373657320617320686974732c2062757420756c74696d6174656c792c2069742066696e64732068756d6f7220696e2074686520666f69626c6573206f662068756d616e206265686176696f722c20616e64206974277320612077656c636f6d652072657475726e20746f2074686520726f6f7473206f6620612067656e726520746861742073686f756c6420646570656e64206f6e207375727072697365732e205265766965772053656e74696d656e743a,437a9f4b96a268db4cdc78082eff1650c783078d3ce58bb9d3963ec71399e208,5c82575bab68a17d13c3e8d0b64081548601383f7208e46ceac16c7363c2b301,"[50256, 14832, 8255, 25, 317, 18016, 12838, 3025, 1807, 12, 15234, 5730, 2785, 318, 42629, 416, 257, 925, 12, 1640, 12, 6849, 804, 11, 20831, 13289, 290, 281, 355, 259, 500, 4600, 14528, 6, 326, 40033, 306, 374, 2419, 572, 383, 28980, 24956, 13, 6602, 11352, 3681, 25]","[50256, 14832, 8255, 25, 1318, 389, 355, 867, 18297, 355, 7127, 11, 475, 6165, 11, 340, 7228, 14733, 287, 262, 11511, 18764, 286, 1692, 4069, 11, 290, 340, 338, 257, 7062, 1441, 284, 262, 11135, 286, 257, 12121, 326, 815, 4745, 319, 24072, 13, 6602, 11352, 3681, 25]",48,48,True,"A morality tale whose thought-provoking potential is hampered by a made-for-TV look, rigid performances and an asinine ` twist' that brazenly rips off The Sixth Sense.","There are as many misses as hits, but ultimately, it finds humor in the foibles of human behavior, and it's a welcome return to the roots of a genre that should depend on surprises.",tigges,True
sst_tigges_pythia_correct_test,428,sst-700,sst-9060,1,0,"Review Text: It's an example of sophisticated, challenging filmmaking that stands, despite its noticeable lack of emotional heft, in welcome contrast to the indulgent dead-end experimentation of the director's previous Full Frontal. Review Sentiment:","Review Text: Hardly makes the kind of points Egoyan wanted to make, nor does it exist as the kind of monument he wanted to build, to victims whose voices have never gained the ears of the world. Review Sentiment:","""Review Text: It's an example of sophisticated, challenging filmmaking that stands, despite its noticeable lack of emotional heft, in welcome contrast to the indulgent dead-end experimentation of the director's previous Full Frontal. Review Sentiment:""","'Review Text: Hardly makes the kind of points Egoyan wanted to make, nor does it exist as the kind of monument he wanted to build, to victims whose voices have never gained the ears of the world. Review Sentiment:'",52657669657720546578743a204974277320616e206578616d706c65206f6620736f70686973746963617465642c206368616c6c656e67696e672066696c6d6d616b696e672074686174207374616e64732c206465737069746520697473206e6f7469636561626c65206c61636b206f6620656d6f74696f6e616c20686566742c20696e2077656c636f6d6520636f6e747261737420746f2074686520696e64756c67656e7420646561642d656e64206578706572696d656e746174696f6e206f6620746865206469726563746f7227732070726576696f75732046756c6c2046726f6e74616c2e205265766965772053656e74696d656e743a,52657669657720546578743a20486172646c79206d616b657320746865206b696e64206f6620706f696e74732045676f79616e2077616e74656420746f206d616b652c206e6f7220646f657320697420657869737420617320746865206b696e64206f66206d6f6e756d656e742068652077616e74656420746f206275696c642c20746f2076696374696d732077686f736520766f696365732068617665206e65766572206761696e6564207468652065617273206f662074686520776f726c642e205265766965772053656e74696d656e743a,e6455ad10d3f8d661ed0899f3fad17c440333ece03a1426ef47c466f078f7b75,3c917150228d7d06cb319057eeb5384f755b19d52571f8068eea9e0e7e9b9f02,"[50256, 14832, 8255, 25, 632, 338, 281, 1672, 286, 13767, 11, 9389, 49291, 326, 6296, 11, 3805, 663, 19787, 3092, 286, 7016, 339, 701, 11, 287, 7062, 6273, 284, 262, 19441, 6783, 2636, 12, 437, 29315, 286, 262, 3437, 338, 2180, 6462, 8880, 282, 13, 6602, 11352, 3681, 25]","[50256, 14832, 8255, 25, 6912, 306, 1838, 262, 1611, 286, 2173, 36386, 726, 272, 2227, 284, 787, 11, 4249, 857, 340, 2152, 355, 262, 1611, 286, 17757, 339, 2227, 284, 1382, 11, 284, 4970, 3025, 10839, 423, 1239, 8618, 262, 11368, 286, 262, 995, 13, 6602, 11352, 3681, 25]",49,49,True,"It's an example of sophisticated, challenging filmmaking that stands, despite its noticeable lack of emotional heft, in welcome contrast to the indulgent dead-end experimentation of the director's previous Full Frontal.","Hardly makes the kind of points Egoyan wanted to make, nor does it exist as the kind of monument he wanted to build, to victims whose voices have never gained the ears of the world.",tigges,True
sst_tigges_pythia_correct_test,429,sst-9060,sst-700,0,1,"Review Text: Hardly makes the kind of points Egoyan wanted to make, nor does it exist as the kind of monument he wanted to build, to victims whose voices have never gained the ears of the world. Review Sentiment:","Review Text: It's an example of sophisticated, challenging filmmaking that stands, despite its noticeable lack of emotional heft, in welcome contrast to the indulgent dead-end experimentation of the director's previous Full Frontal. Review Sentiment:","'Review Text: Hardly makes the kind of points Egoyan wanted to make, nor does it exist as the kind of monument he wanted to build, to victims whose voices have never gained the ears of the world. Review Sentiment:'","""Review Text: It's an example of sophisticated, challenging filmmaking that stands, despite its noticeable lack of emotional heft, in welcome contrast to the indulgent dead-end experimentation of the director's previous Full Frontal. Review Sentiment:""",52657669657720546578743a20486172646c79206d616b657320746865206b696e64206f6620706f696e74732045676f79616e2077616e74656420746f206d616b652c206e6f7220646f657320697420657869737420617320746865206b696e64206f66206d6f6e756d656e742068652077616e74656420746f206275696c642c20746f2076696374696d732077686f736520766f696365732068617665206e65766572206761696e6564207468652065617273206f662074686520776f726c642e205265766965772053656e74696d656e743a,52657669657720546578743a204974277320616e206578616d706c65206f6620736f70686973746963617465642c206368616c6c656e67696e672066696c6d6d616b696e672074686174207374616e64732c206465737069746520697473206e6f7469636561626c65206c61636b206f6620656d6f74696f6e616c20686566742c20696e2077656c636f6d6520636f6e747261737420746f2074686520696e64756c67656e7420646561642d656e64206578706572696d656e746174696f6e206f6620746865206469726563746f7227732070726576696f75732046756c6c2046726f6e74616c2e205265766965772053656e74696d656e743a,3c917150228d7d06cb319057eeb5384f755b19d52571f8068eea9e0e7e9b9f02,e6455ad10d3f8d661ed0899f3fad17c440333ece03a1426ef47c466f078f7b75,"[50256, 14832, 8255, 25, 6912, 306, 1838, 262, 1611, 286, 2173, 36386, 726, 272, 2227, 284, 787, 11, 4249, 857, 340, 2152, 355, 262, 1611, 286, 17757, 339, 2227, 284, 1382, 11, 284, 4970, 3025, 10839, 423, 1239, 8618, 262, 11368, 286, 262, 995, 13, 6602, 11352, 3681, 25]","[50256, 14832, 8255, 25, 632, 338, 281, 1672, 286, 13767, 11, 9389, 49291, 326, 6296, 11, 3805, 663, 19787, 3092, 286, 7016, 339, 701, 11, 287, 7062, 6273, 284, 262, 19441, 6783, 2636, 12, 437, 29315, 286, 262, 3437, 338, 2180, 6462, 8880, 282, 13, 6602, 11352, 3681, 25]",49,49,True,"Hardly makes the kind of points Egoyan wanted to make, nor does it exist as the kind of monument he wanted to build, to victims whose voices have never gained the ears of the world.","It's an example of sophisticated, challenging filmmaking that stands, despite its noticeable lack of emotional heft, in welcome contrast to the indulgent dead-end experimentation of the director's previous Full Frontal.",tigges,True
sst_tigges_pythia_correct_test,430,sst-120,sst-8193,1,0,"Review Text: It's this memory-as-identity obviation that gives Secret Life its intermittent unease, reaffirming that long-held illusions are indeed reality, and that erasing them recasts the self. Review Sentiment:","Review Text: The premise is in extremely bad taste, and the film's supposed insights are so poorly thought-out and substance-free that even a high school senior taking his or her first psychology class could dismiss them. Review Sentiment:","""Review Text: It's this memory-as-identity obviation that gives Secret Life its intermittent unease, reaffirming that long-held illusions are indeed reality, and that erasing them recasts the self. Review Sentiment:""","""Review Text: The premise is in extremely bad taste, and the film's supposed insights are so poorly thought-out and substance-free that even a high school senior taking his or her first psychology class could dismiss them. Review Sentiment:""",52657669657720546578743a20497427732074686973206d656d6f72792d61732d6964656e74697479206f6276696174696f6e207468617420676976657320536563726574204c6966652069747320696e7465726d697474656e7420756e656173652c20726561666669726d696e672074686174206c6f6e672d68656c6420696c6c7573696f6e732061726520696e64656564207265616c6974792c20616e6420746861742065726173696e67207468656d2072656361737473207468652073656c662e205265766965772053656e74696d656e743a,52657669657720546578743a20546865207072656d69736520697320696e2065787472656d656c79206261642074617374652c20616e64207468652066696c6d277320737570706f73656420696e7369676874732061726520736f20706f6f726c792074686f756768742d6f757420616e64207375627374616e63652d667265652074686174206576656e20612068696768207363686f6f6c2073656e696f722074616b696e6720686973206f72206865722066697273742070737963686f6c6f677920636c61737320636f756c64206469736d697373207468656d2e205265766965772053656e74696d656e743a,5a71c57faec5bf9a645899f2494b48b2e9e083dc8cb959cbc6e17cd72f63af2d,1db25b65e3ca2af1420037a1b72fdcbd9d0aa5ca7e8b15c000a17bec71242681,"[50256, 14832, 8255, 25, 632, 338, 428, 4088, 12, 292, 12, 738, 414, 909, 47625, 326, 3607, 3943, 5155, 663, 38361, 17809, 589, 11, 30384, 29808, 326, 890, 12, 10217, 34739, 389, 5600, 3950, 11, 290, 326, 1931, 2313, 606, 664, 5773, 262, 2116, 13, 6602, 11352, 3681, 25]","[50256, 14832, 8255, 25, 383, 18659, 318, 287, 4457, 2089, 6938, 11, 290, 262, 2646, 338, 4385, 17218, 389, 523, 13455, 1807, 12, 448, 290, 9136, 12, 5787, 326, 772, 257, 1029, 1524, 4664, 2263, 465, 393, 607, 717, 15119, 1398, 714, 6735, 606, 13, 6602, 11352, 3681, 25]",49,49,True,"It's this memory-as-identity obviation that gives Secret Life its intermittent unease, reaffirming that long-held illusions are indeed reality, and that erasing them recasts the self.","The premise is in extremely bad taste, and the film's supposed insights are so poorly thought-out and substance-free that even a high school senior taking his or her first psychology class could dismiss them.",tigges,True
sst_tigges_pythia_correct_test,431,sst-8193,sst-120,0,1,"Review Text: The premise is in extremely bad taste, and the film's supposed insights are so poorly thought-out and substance-free that even a high school senior taking his or her first psychology class could dismiss them. Review Sentiment:","Review Text: It's this memory-as-identity obviation that gives Secret Life its intermittent unease, reaffirming that long-held illusions are indeed reality, and that erasing them recasts the self. Review Sentiment:","""Review Text: The premise is in extremely bad taste, and the film's supposed insights are so poorly thought-out and substance-free that even a high school senior taking his or her first psychology class could dismiss them. Review Sentiment:""","""Review Text: It's this memory-as-identity obviation that gives Secret Life its intermittent unease, reaffirming that long-held illusions are indeed reality, and that erasing them recasts the self. Review Sentiment:""",52657669657720546578743a20546865207072656d69736520697320696e2065787472656d656c79206261642074617374652c20616e64207468652066696c6d277320737570706f73656420696e7369676874732061726520736f20706f6f726c792074686f756768742d6f757420616e64207375627374616e63652d667265652074686174206576656e20612068696768207363686f6f6c2073656e696f722074616b696e6720686973206f72206865722066697273742070737963686f6c6f677920636c61737320636f756c64206469736d697373207468656d2e205265766965772053656e74696d656e743a,52657669657720546578743a20497427732074686973206d656d6f72792d61732d6964656e74697479206f6276696174696f6e207468617420676976657320536563726574204c6966652069747320696e7465726d697474656e7420756e656173652c20726561666669726d696e672074686174206c6f6e672d68656c6420696c6c7573696f6e732061726520696e64656564207265616c6974792c20616e6420746861742065726173696e67207468656d2072656361737473207468652073656c662e205265766965772053656e74696d656e743a,1db25b65e3ca2af1420037a1b72fdcbd9d0aa5ca7e8b15c000a17bec71242681,5a71c57faec5bf9a645899f2494b48b2e9e083dc8cb959cbc6e17cd72f63af2d,"[50256, 14832, 8255, 25, 383, 18659, 318, 287, 4457, 2089, 6938, 11, 290, 262, 2646, 338, 4385, 17218, 389, 523, 13455, 1807, 12, 448, 290, 9136, 12, 5787, 326, 772, 257, 1029, 1524, 4664, 2263, 465, 393, 607, 717, 15119, 1398, 714, 6735, 606, 13, 6602, 11352, 3681, 25]","[50256, 14832, 8255, 25, 632, 338, 428, 4088, 12, 292, 12, 738, 414, 909, 47625, 326, 3607, 3943, 5155, 663, 38361, 17809, 589, 11, 30384, 29808, 326, 890, 12, 10217, 34739, 389, 5600, 3950, 11, 290, 326, 1931, 2313, 606, 664, 5773, 262, 2116, 13, 6602, 11352, 3681, 25]",49,49,True,"The premise is in extremely bad taste, and the film's supposed insights are so poorly thought-out and substance-free that even a high school senior taking his or her first psychology class could dismiss them.","It's this memory-as-identity obviation that gives Secret Life its intermittent unease, reaffirming that long-held illusions are indeed reality, and that erasing them recasts the self.",tigges,True
sst_tigges_pythia_correct_test,432,sst-449,sst-8867,1,0,"Review Text: The whole cast looks to be having so much fun with the slapstick antics and silly street patois, tossing around obscure expressions like Bellini and Mullinski, that the compact 86 minutes breezes by. Review Sentiment:","Review Text: The premise for this kegger comedy probably sounded brilliant four six-packs and a pitcher of margaritas in, but the film must have been written... in the thrall of a vicious hangover. Review Sentiment:","'Review Text: The whole cast looks to be having so much fun with the slapstick antics and silly street patois, tossing around obscure expressions like Bellini and Mullinski, that the compact 86 minutes breezes by. Review Sentiment:'","'Review Text: The premise for this kegger comedy probably sounded brilliant four six-packs and a pitcher of margaritas in, but the film must have been written... in the thrall of a vicious hangover. Review Sentiment:'",52657669657720546578743a205468652077686f6c652063617374206c6f6f6b7320746f20626520686176696e6720736f206d7563682066756e20776974682074686520736c6170737469636b20616e7469637320616e642073696c6c7920737472656574207061746f69732c20746f7373696e672061726f756e64206f6273637572652065787072657373696f6e73206c696b652042656c6c696e6920616e64204d756c6c696e736b692c20746861742074686520636f6d70616374203836206d696e7574657320627265657a65732062792e205265766965772053656e74696d656e743a,52657669657720546578743a20546865207072656d69736520666f722074686973206b656767657220636f6d6564792070726f6261626c7920736f756e646564206272696c6c69616e7420666f7572207369782d7061636b7320616e6420612070697463686572206f66206d61726761726974617320696e2c20627574207468652066696c6d206d7573742068617665206265656e207772697474656e2e2e2e20696e2074686520746872616c6c206f66206120766963696f75732068616e676f7665722e205265766965772053656e74696d656e743a,5034e824e25ebfa79e0b650010e56d4242c0ce64acad316e9927f5e3a3b77044,578f7af578889455f2f786ab10855aee1be7e26fc0138c0889effccde83c64d2,"[50256, 14832, 8255, 25, 383, 2187, 3350, 3073, 284, 307, 1719, 523, 881, 1257, 351, 262, 23905, 13915, 39343, 290, 14397, 4675, 1458, 10924, 11, 37432, 1088, 18611, 14700, 588, 7459, 5362, 290, 19574, 21141, 11, 326, 262, 16001, 9849, 2431, 20780, 12271, 416, 13, 6602, 11352, 3681, 25]","[50256, 14832, 8255, 25, 383, 18659, 329, 428, 885, 26679, 10997, 2192, 14846, 10457, 1440, 2237, 12, 32377, 290, 257, 18086, 286, 6145, 283, 21416, 287, 11, 475, 262, 2646, 1276, 423, 587, 3194, 986, 287, 262, 5636, 439, 286, 257, 17686, 8181, 2502, 13, 6602, 11352, 3681, 25]",49,49,True,"The whole cast looks to be having so much fun with the slapstick antics and silly street patois, tossing around obscure expressions like Bellini and Mullinski, that the compact 86 minutes breezes by.","The premise for this kegger comedy probably sounded brilliant four six-packs and a pitcher of margaritas in, but the film must have been written... in the thrall of a vicious hangover.",tigges,True
sst_tigges_pythia_correct_test,433,sst-8867,sst-449,0,1,"Review Text: The premise for this kegger comedy probably sounded brilliant four six-packs and a pitcher of margaritas in, but the film must have been written... in the thrall of a vicious hangover. Review Sentiment:","Review Text: The whole cast looks to be having so much fun with the slapstick antics and silly street patois, tossing around obscure expressions like Bellini and Mullinski, that the compact 86 minutes breezes by. Review Sentiment:","'Review Text: The premise for this kegger comedy probably sounded brilliant four six-packs and a pitcher of margaritas in, but the film must have been written... in the thrall of a vicious hangover. Review Sentiment:'","'Review Text: The whole cast looks to be having so much fun with the slapstick antics and silly street patois, tossing around obscure expressions like Bellini and Mullinski, that the compact 86 minutes breezes by. Review Sentiment:'",52657669657720546578743a20546865207072656d69736520666f722074686973206b656767657220636f6d6564792070726f6261626c7920736f756e646564206272696c6c69616e7420666f7572207369782d7061636b7320616e6420612070697463686572206f66206d61726761726974617320696e2c20627574207468652066696c6d206d7573742068617665206265656e207772697474656e2e2e2e20696e2074686520746872616c6c206f66206120766963696f75732068616e676f7665722e205265766965772053656e74696d656e743a,52657669657720546578743a205468652077686f6c652063617374206c6f6f6b7320746f20626520686176696e6720736f206d7563682066756e20776974682074686520736c6170737469636b20616e7469637320616e642073696c6c7920737472656574207061746f69732c20746f7373696e672061726f756e64206f6273637572652065787072657373696f6e73206c696b652042656c6c696e6920616e64204d756c6c696e736b692c20746861742074686520636f6d70616374203836206d696e7574657320627265657a65732062792e205265766965772053656e74696d656e743a,578f7af578889455f2f786ab10855aee1be7e26fc0138c0889effccde83c64d2,5034e824e25ebfa79e0b650010e56d4242c0ce64acad316e9927f5e3a3b77044,"[50256, 14832, 8255, 25, 383, 18659, 329, 428, 885, 26679, 10997, 2192, 14846, 10457, 1440, 2237, 12, 32377, 290, 257, 18086, 286, 6145, 283, 21416, 287, 11, 475, 262, 2646, 1276, 423, 587, 3194, 986, 287, 262, 5636, 439, 286, 257, 17686, 8181, 2502, 13, 6602, 11352, 3681, 25]","[50256, 14832, 8255, 25, 383, 2187, 3350, 3073, 284, 307, 1719, 523, 881, 1257, 351, 262, 23905, 13915, 39343, 290, 14397, 4675, 1458, 10924, 11, 37432, 1088, 18611, 14700, 588, 7459, 5362, 290, 19574, 21141, 11, 326, 262, 16001, 9849, 2431, 20780, 12271, 416, 13, 6602, 11352, 3681, 25]",49,49,True,"The premise for this kegger comedy probably sounded brilliant four six-packs and a pitcher of margaritas in, but the film must have been written... in the thrall of a vicious hangover.","The whole cast looks to be having so much fun with the slapstick antics and silly street patois, tossing around obscure expressions like Bellini and Mullinski, that the compact 86 minutes breezes by.",tigges,True
sst_tigges_pythia_correct_test,434,sst-8964,sst-8754,1,0,"Review Text: Bears resemblance to, and shares the weaknesses of, too many recent action-fantasy extravaganzas in which special effects overpower cogent story-telling and visual clarity during the big action sequences. Review Sentiment:","Review Text: Liman, of Swingers and Go, makes his big-budget action film debut something of a clunker as he delivers a long, low-heat chase, interrupted by a middling car chase. Review Sentiment:","'Review Text: Bears resemblance to, and shares the weaknesses of, too many recent action-fantasy extravaganzas in which special effects overpower cogent story-telling and visual clarity during the big action sequences. Review Sentiment:'","'Review Text: Liman, of Swingers and Go, makes his big-budget action film debut something of a clunker as he delivers a long, low-heat chase, interrupted by a middling car chase. Review Sentiment:'",52657669657720546578743a20426561727320726573656d626c616e636520746f2c20616e642073686172657320746865207765616b6e6573736573206f662c20746f6f206d616e7920726563656e7420616374696f6e2d66616e74617379206578747261766167616e7a617320696e207768696368207370656369616c2065666665637473206f766572706f77657220636f67656e742073746f72792d74656c6c696e6720616e642076697375616c20636c617269747920647572696e67207468652062696720616374696f6e2073657175656e6365732e205265766965772053656e74696d656e743a,52657669657720546578743a204c696d616e2c206f66205377696e6765727320616e6420476f2c206d616b657320686973206269672d62756467657420616374696f6e2066696c6d20646562757420736f6d657468696e67206f66206120636c756e6b65722061732068652064656c69766572732061206c6f6e672c206c6f772d686561742063686173652c20696e7465727275707465642062792061206d6964646c696e67206361722063686173652e205265766965772053656e74696d656e743a,03d316358f0c7f422a04fd8a074ab630403b0159a95111808db0058b8d86e63a,c6797cef4e70fc67d1f33173d7a13150c9fb7e240d63cfd6b3c43312f922d9d3,"[50256, 14832, 8255, 25, 15682, 28204, 284, 11, 290, 7303, 262, 20256, 286, 11, 1165, 867, 2274, 2223, 12, 69, 34921, 3131, 85, 7329, 89, 292, 287, 543, 2041, 3048, 42905, 43072, 298, 1621, 12, 18072, 290, 5874, 16287, 1141, 262, 1263, 2223, 16311, 13, 6602, 11352, 3681, 25]","[50256, 14832, 8255, 25, 7576, 272, 11, 286, 2451, 40923, 290, 1514, 11, 1838, 465, 1263, 12, 37315, 2223, 2646, 8886, 1223, 286, 257, 537, 21705, 355, 339, 16316, 257, 890, 11, 1877, 12, 25080, 15505, 11, 19072, 416, 257, 285, 41367, 1097, 15505, 13, 6602, 11352, 3681, 25]",49,49,True,"Bears resemblance to, and shares the weaknesses of, too many recent action-fantasy extravaganzas in which special effects overpower cogent story-telling and visual clarity during the big action sequences.","Liman, of Swingers and Go, makes his big-budget action film debut something of a clunker as he delivers a long, low-heat chase, interrupted by a middling car chase.",tigges,True
sst_tigges_pythia_correct_test,435,sst-8754,sst-8964,0,1,"Review Text: Liman, of Swingers and Go, makes his big-budget action film debut something of a clunker as he delivers a long, low-heat chase, interrupted by a middling car chase. Review Sentiment:","Review Text: Bears resemblance to, and shares the weaknesses of, too many recent action-fantasy extravaganzas in which special effects overpower cogent story-telling and visual clarity during the big action sequences. Review Sentiment:","'Review Text: Liman, of Swingers and Go, makes his big-budget action film debut something of a clunker as he delivers a long, low-heat chase, interrupted by a middling car chase. Review Sentiment:'","'Review Text: Bears resemblance to, and shares the weaknesses of, too many recent action-fantasy extravaganzas in which special effects overpower cogent story-telling and visual clarity during the big action sequences. Review Sentiment:'",52657669657720546578743a204c696d616e2c206f66205377696e6765727320616e6420476f2c206d616b657320686973206269672d62756467657420616374696f6e2066696c6d20646562757420736f6d657468696e67206f66206120636c756e6b65722061732068652064656c69766572732061206c6f6e672c206c6f772d686561742063686173652c20696e7465727275707465642062792061206d6964646c696e67206361722063686173652e205265766965772053656e74696d656e743a,52657669657720546578743a20426561727320726573656d626c616e636520746f2c20616e642073686172657320746865207765616b6e6573736573206f662c20746f6f206d616e7920726563656e7420616374696f6e2d66616e74617379206578747261766167616e7a617320696e207768696368207370656369616c2065666665637473206f766572706f77657220636f67656e742073746f72792d74656c6c696e6720616e642076697375616c20636c617269747920647572696e67207468652062696720616374696f6e2073657175656e6365732e205265766965772053656e74696d656e743a,c6797cef4e70fc67d1f33173d7a13150c9fb7e240d63cfd6b3c43312f922d9d3,03d316358f0c7f422a04fd8a074ab630403b0159a95111808db0058b8d86e63a,"[50256, 14832, 8255, 25, 7576, 272, 11, 286, 2451, 40923, 290, 1514, 11, 1838, 465, 1263, 12, 37315, 2223, 2646, 8886, 1223, 286, 257, 537, 21705, 355, 339, 16316, 257, 890, 11, 1877, 12, 25080, 15505, 11, 19072, 416, 257, 285, 41367, 1097, 15505, 13, 6602, 11352, 3681, 25]","[50256, 14832, 8255, 25, 15682, 28204, 284, 11, 290, 7303, 262, 20256, 286, 11, 1165, 867, 2274, 2223, 12, 69, 34921, 3131, 85, 7329, 89, 292, 287, 543, 2041, 3048, 42905, 43072, 298, 1621, 12, 18072, 290, 5874, 16287, 1141, 262, 1263, 2223, 16311, 13, 6602, 11352, 3681, 25]",49,49,True,"Liman, of Swingers and Go, makes his big-budget action film debut something of a clunker as he delivers a long, low-heat chase, interrupted by a middling car chase.","Bears resemblance to, and shares the weaknesses of, too many recent action-fantasy extravaganzas in which special effects overpower cogent story-telling and visual clarity during the big action sequences.",tigges,True
sst_tigges_pythia_correct_test,436,sst-395,sst-8610,1,0,"Review Text: If there's nothing fresh about Wannabes, which was written by Mr. DeMeo, who produced and directed the film with Charles A. Addessi, much of the time the movie feels authentic. Review Sentiment:","Review Text: The acting is stiff, the story lacks all trace of wit, the sets look like they were borrowed from Gilligan's Island--and the CGI Scooby might well be the worst special-effects creation of the year. Review Sentiment:","""Review Text: If there's nothing fresh about Wannabes, which was written by Mr. DeMeo, who produced and directed the film with Charles A. Addessi, much of the time the movie feels authentic. Review Sentiment:""","""Review Text: The acting is stiff, the story lacks all trace of wit, the sets look like they were borrowed from Gilligan's Island--and the CGI Scooby might well be the worst special-effects creation of the year. Review Sentiment:""",52657669657720546578743a2049662074686572652773206e6f7468696e672066726573682061626f75742057616e6e616265732c20776869636820776173207772697474656e206279204d722e2044654d656f2c2077686f2070726f647563656420616e64206469726563746564207468652066696c6d207769746820436861726c657320412e20416464657373692c206d756368206f66207468652074696d6520746865206d6f766965206665656c732061757468656e7469632e205265766965772053656e74696d656e743a,52657669657720546578743a2054686520616374696e672069732073746966662c207468652073746f7279206c61636b7320616c6c207472616365206f66207769742c207468652073657473206c6f6f6b206c696b652074686579207765726520626f72726f7765642066726f6d2047696c6c6967616e27732049736c616e642d2d616e6420746865204347492053636f6f6279206d696768742077656c6c2062652074686520776f727374207370656369616c2d65666665637473206372656174696f6e206f662074686520796561722e205265766965772053656e74696d656e743a,15354b58fff4190843e396d664b97c682dd61f4f43bfde20d75f40ae3abadc18,9c1367881b19e6fe57d034c77f60d9bfde7ec95d58f0dc93568881efa300ab90,"[50256, 14832, 8255, 25, 1002, 612, 338, 2147, 4713, 546, 370, 1236, 397, 274, 11, 543, 373, 3194, 416, 1770, 13, 1024, 5308, 78, 11, 508, 4635, 290, 7924, 262, 2646, 351, 7516, 317, 13, 3060, 408, 72, 11, 881, 286, 262, 640, 262, 3807, 5300, 16425, 13, 6602, 11352, 3681, 25]","[50256, 14832, 8255, 25, 383, 7205, 318, 15175, 11, 262, 1621, 16523, 477, 12854, 286, 20868, 11, 262, 5621, 804, 588, 484, 547, 22546, 422, 12981, 5516, 338, 5451, 438, 392, 262, 36378, 36179, 26730, 1244, 880, 307, 262, 5290, 2041, 12, 34435, 6282, 286, 262, 614, 13, 6602, 11352, 3681, 25]",52,52,True,"If there's nothing fresh about Wannabes, which was written by Mr. DeMeo, who produced and directed the film with Charles A. Addessi, much of the time the movie feels authentic.","The acting is stiff, the story lacks all trace of wit, the sets look like they were borrowed from Gilligan's Island--and the CGI Scooby might well be the worst special-effects creation of the year.",tigges,True
sst_tigges_pythia_correct_test,437,sst-8610,sst-395,0,1,"Review Text: The acting is stiff, the story lacks all trace of wit, the sets look like they were borrowed from Gilligan's Island--and the CGI Scooby might well be the worst special-effects creation of the year. Review Sentiment:","Review Text: If there's nothing fresh about Wannabes, which was written by Mr. DeMeo, who produced and directed the film with Charles A. Addessi, much of the time the movie feels authentic. Review Sentiment:","""Review Text: The acting is stiff, the story lacks all trace of wit, the sets look like they were borrowed from Gilligan's Island--and the CGI Scooby might well be the worst special-effects creation of the year. Review Sentiment:""","""Review Text: If there's nothing fresh about Wannabes, which was written by Mr. DeMeo, who produced and directed the film with Charles A. Addessi, much of the time the movie feels authentic. Review Sentiment:""",52657669657720546578743a2054686520616374696e672069732073746966662c207468652073746f7279206c61636b7320616c6c207472616365206f66207769742c207468652073657473206c6f6f6b206c696b652074686579207765726520626f72726f7765642066726f6d2047696c6c6967616e27732049736c616e642d2d616e6420746865204347492053636f6f6279206d696768742077656c6c2062652074686520776f727374207370656369616c2d65666665637473206372656174696f6e206f662074686520796561722e205265766965772053656e74696d656e743a,52657669657720546578743a2049662074686572652773206e6f7468696e672066726573682061626f75742057616e6e616265732c20776869636820776173207772697474656e206279204d722e2044654d656f2c2077686f2070726f647563656420616e64206469726563746564207468652066696c6d207769746820436861726c657320412e20416464657373692c206d756368206f66207468652074696d6520746865206d6f766965206665656c732061757468656e7469632e205265766965772053656e74696d656e743a,9c1367881b19e6fe57d034c77f60d9bfde7ec95d58f0dc93568881efa300ab90,15354b58fff4190843e396d664b97c682dd61f4f43bfde20d75f40ae3abadc18,"[50256, 14832, 8255, 25, 383, 7205, 318, 15175, 11, 262, 1621, 16523, 477, 12854, 286, 20868, 11, 262, 5621, 804, 588, 484, 547, 22546, 422, 12981, 5516, 338, 5451, 438, 392, 262, 36378, 36179, 26730, 1244, 880, 307, 262, 5290, 2041, 12, 34435, 6282, 286, 262, 614, 13, 6602, 11352, 3681, 25]","[50256, 14832, 8255, 25, 1002, 612, 338, 2147, 4713, 546, 370, 1236, 397, 274, 11, 543, 373, 3194, 416, 1770, 13, 1024, 5308, 78, 11, 508, 4635, 290, 7924, 262, 2646, 351, 7516, 317, 13, 3060, 408, 72, 11, 881, 286, 262, 640, 262, 3807, 5300, 16425, 13, 6602, 11352, 3681, 25]",52,52,True,"The acting is stiff, the story lacks all trace of wit, the sets look like they were borrowed from Gilligan's Island--and the CGI Scooby might well be the worst special-effects creation of the year.","If there's nothing fresh about Wannabes, which was written by Mr. DeMeo, who produced and directed the film with Charles A. Addessi, much of the time the movie feels authentic.",tigges,True
sst_tigges_pythia_correct_test,438,sst-1003,sst-369,1,0,"Review Text: Mixes likeable personalities, inventive photography and cutting, and wall-to-wall toe-tapping music to paint a picture of a subculture that is at once exhilarating, silly, perverse, hopeful and always fun. Review Sentiment:","Review Text: Audiences conditioned to getting weepy over saucer-eyed, downy-cheeked moppets and their empathetic caretakers will probably feel emotionally cheated by the film's tart, sugar-free wit. Review Sentiment:","'Review Text: Mixes likeable personalities, inventive photography and cutting, and wall-to-wall toe-tapping music to paint a picture of a subculture that is at once exhilarating, silly, perverse, hopeful and always fun. Review Sentiment:'","""Review Text: Audiences conditioned to getting weepy over saucer-eyed, downy-cheeked moppets and their empathetic caretakers will probably feel emotionally cheated by the film's tart, sugar-free wit. Review Sentiment:""",52657669657720546578743a204d69786573206c696b6561626c6520706572736f6e616c69746965732c20696e76656e746976652070686f746f67726170687920616e642063757474696e672c20616e642077616c6c2d746f2d77616c6c20746f652d74617070696e67206d7573696320746f207061696e7420612070696374757265206f6620612073756263756c747572652074686174206973206174206f6e636520657868696c61726174696e672c2073696c6c792c2070657276657273652c20686f706566756c20616e6420616c776179732066756e2e205265766965772053656e74696d656e743a,52657669657720546578743a2041756469656e63657320636f6e646974696f6e656420746f2067657474696e67207765657079206f766572207361756365722d657965642c20646f776e792d636865656b6564206d6f707065747320616e6420746865697220656d7061746865746963206361726574616b6572732077696c6c2070726f6261626c79206665656c20656d6f74696f6e616c6c792063686561746564206279207468652066696c6d277320746172742c2073756761722d66726565207769742e205265766965772053656e74696d656e743a,5eda6002caf6b25e1b7f49e1990284323fad692c6052d219efa7b3645471d0e5,cac38edaf60e69120db0dc682f6e12f24143a2d34cf56cce1440351e904f9d61,"[50256, 14832, 8255, 25, 15561, 274, 588, 540, 20929, 11, 47602, 16223, 290, 7720, 11, 290, 3355, 12, 1462, 12, 11930, 21189, 12, 83, 5912, 2647, 284, 7521, 257, 4286, 286, 257, 850, 25584, 326, 318, 379, 1752, 47029, 803, 11, 14397, 11, 43060, 11, 17836, 290, 1464, 1257, 13, 6602, 11352, 3681, 25]","[50256, 14832, 8255, 25, 7591, 10035, 31964, 284, 1972, 49671, 88, 625, 473, 48915, 12, 18834, 11, 866, 88, 12, 2395, 988, 276, 6941, 381, 1039, 290, 511, 795, 8071, 6587, 1337, 83, 3979, 481, 2192, 1254, 17991, 37264, 416, 262, 2646, 338, 35842, 11, 7543, 12, 5787, 20868, 13, 6602, 11352, 3681, 25]",54,54,True,"Mixes likeable personalities, inventive photography and cutting, and wall-to-wall toe-tapping music to paint a picture of a subculture that is at once exhilarating, silly, perverse, hopeful and always fun.","Audiences conditioned to getting weepy over saucer-eyed, downy-cheeked moppets and their empathetic caretakers will probably feel emotionally cheated by the film's tart, sugar-free wit.",tigges,True
sst_tigges_pythia_correct_test,439,sst-369,sst-1003,0,1,"Review Text: Audiences conditioned to getting weepy over saucer-eyed, downy-cheeked moppets and their empathetic caretakers will probably feel emotionally cheated by the film's tart, sugar-free wit. Review Sentiment:","Review Text: Mixes likeable personalities, inventive photography and cutting, and wall-to-wall toe-tapping music to paint a picture of a subculture that is at once exhilarating, silly, perverse, hopeful and always fun. Review Sentiment:","""Review Text: Audiences conditioned to getting weepy over saucer-eyed, downy-cheeked moppets and their empathetic caretakers will probably feel emotionally cheated by the film's tart, sugar-free wit. Review Sentiment:""","'Review Text: Mixes likeable personalities, inventive photography and cutting, and wall-to-wall toe-tapping music to paint a picture of a subculture that is at once exhilarating, silly, perverse, hopeful and always fun. Review Sentiment:'",52657669657720546578743a2041756469656e63657320636f6e646974696f6e656420746f2067657474696e67207765657079206f766572207361756365722d657965642c20646f776e792d636865656b6564206d6f707065747320616e6420746865697220656d7061746865746963206361726574616b6572732077696c6c2070726f6261626c79206665656c20656d6f74696f6e616c6c792063686561746564206279207468652066696c6d277320746172742c2073756761722d66726565207769742e205265766965772053656e74696d656e743a,52657669657720546578743a204d69786573206c696b6561626c6520706572736f6e616c69746965732c20696e76656e746976652070686f746f67726170687920616e642063757474696e672c20616e642077616c6c2d746f2d77616c6c20746f652d74617070696e67206d7573696320746f207061696e7420612070696374757265206f6620612073756263756c747572652074686174206973206174206f6e636520657868696c61726174696e672c2073696c6c792c2070657276657273652c20686f706566756c20616e6420616c776179732066756e2e205265766965772053656e74696d656e743a,cac38edaf60e69120db0dc682f6e12f24143a2d34cf56cce1440351e904f9d61,5eda6002caf6b25e1b7f49e1990284323fad692c6052d219efa7b3645471d0e5,"[50256, 14832, 8255, 25, 7591, 10035, 31964, 284, 1972, 49671, 88, 625, 473, 48915, 12, 18834, 11, 866, 88, 12, 2395, 988, 276, 6941, 381, 1039, 290, 511, 795, 8071, 6587, 1337, 83, 3979, 481, 2192, 1254, 17991, 37264, 416, 262, 2646, 338, 35842, 11, 7543, 12, 5787, 20868, 13, 6602, 11352, 3681, 25]","[50256, 14832, 8255, 25, 15561, 274, 588, 540, 20929, 11, 47602, 16223, 290, 7720, 11, 290, 3355, 12, 1462, 12, 11930, 21189, 12, 83, 5912, 2647, 284, 7521, 257, 4286, 286, 257, 850, 25584, 326, 318, 379, 1752, 47029, 803, 11, 14397, 11, 43060, 11, 17836, 290, 1464, 1257, 13, 6602, 11352, 3681, 25]",54,54,True,"Audiences conditioned to getting weepy over saucer-eyed, downy-cheeked moppets and their empathetic caretakers will probably feel emotionally cheated by the film's tart, sugar-free wit.","Mixes likeable personalities, inventive photography and cutting, and wall-to-wall toe-tapping music to paint a picture of a subculture that is at once exhilarating, silly, perverse, hopeful and always fun.",tigges,True
sst_tigges_pythia_correct_test,440,sst-130,sst-8175,1,0,"Review Text: An enthralling, playful film that constantly frustrates our desire to know the ` truth' about this man, while deconstructing the very format of the biography in a manner that Derrida would doubtless give his blessing to. Review Sentiment:","Review Text: A dreary, incoherent, self-indulgent mess of a movie in which a bunch of pompous windbags drone on inanely for two hours... a cacophony of pretentious, meaningless prattle. Review Sentiment:","""Review Text: An enthralling, playful film that constantly frustrates our desire to know the ` truth' about this man, while deconstructing the very format of the biography in a manner that Derrida would doubtless give his blessing to. Review Sentiment:""","'Review Text: A dreary, incoherent, self-indulgent mess of a movie in which a bunch of pompous windbags drone on inanely for two hours... a cacophony of pretentious, meaningless prattle. Review Sentiment:'",52657669657720546578743a20416e20656e746872616c6c696e672c20706c617966756c2066696c6d207468617420636f6e7374616e746c792066727573747261746573206f75722064657369726520746f206b6e6f77207468652060207472757468272061626f75742074686973206d616e2c207768696c65206465636f6e737472756374696e6720746865207665727920666f726d6174206f66207468652062696f67726170687920696e2061206d616e6e65722074686174204465727269646120776f756c6420646f7562746c65737320676976652068697320626c657373696e6720746f2e205265766965772053656e74696d656e743a,52657669657720546578743a2041206472656172792c20696e636f686572656e742c2073656c662d696e64756c67656e74206d657373206f662061206d6f76696520696e20776869636820612062756e6368206f6620706f6d706f75732077696e64626167732064726f6e65206f6e20696e616e656c7920666f722074776f20686f7572732e2e2e2061206361636f70686f6e79206f662070726574656e74696f75732c206d65616e696e676c6573732070726174746c652e205265766965772053656e74696d656e743a,381dcba0f9f858a485d29b3447cc648408b28c1aaa18d837b8bf72f6f72241bc,d9d521308a8ecce766dffd8c06068d69edfd3bed9d95d3db2c7d4c2db027e6db,"[50256, 14832, 8255, 25, 1052, 920, 11840, 9221, 11, 34264, 2646, 326, 7558, 6730, 9700, 674, 6227, 284, 760, 262, 4600, 3872, 6, 546, 428, 582, 11, 981, 37431, 7249, 278, 262, 845, 5794, 286, 262, 26444, 287, 257, 5642, 326, 360, 8056, 3755, 561, 48662, 1577, 465, 20027, 284, 13, 6602, 11352, 3681, 25]","[50256, 14832, 8255, 25, 317, 288, 260, 560, 11, 44237, 8334, 11, 2116, 12, 521, 377, 6783, 2085, 286, 257, 3807, 287, 543, 257, 7684, 286, 49435, 516, 2344, 34005, 12170, 319, 287, 1531, 306, 329, 734, 2250, 986, 257, 40428, 2522, 1647, 286, 2181, 43787, 11, 24513, 778, 1999, 13, 6602, 11352, 3681, 25]",55,55,True,"An enthralling, playful film that constantly frustrates our desire to know the ` truth' about this man, while deconstructing the very format of the biography in a manner that Derrida would doubtless give his blessing to.","A dreary, incoherent, self-indulgent mess of a movie in which a bunch of pompous windbags drone on inanely for two hours... a cacophony of pretentious, meaningless prattle.",tigges,True
sst_tigges_pythia_correct_test,441,sst-8175,sst-130,0,1,"Review Text: A dreary, incoherent, self-indulgent mess of a movie in which a bunch of pompous windbags drone on inanely for two hours... a cacophony of pretentious, meaningless prattle. Review Sentiment:","Review Text: An enthralling, playful film that constantly frustrates our desire to know the ` truth' about this man, while deconstructing the very format of the biography in a manner that Derrida would doubtless give his blessing to. Review Sentiment:","'Review Text: A dreary, incoherent, self-indulgent mess of a movie in which a bunch of pompous windbags drone on inanely for two hours... a cacophony of pretentious, meaningless prattle. Review Sentiment:'","""Review Text: An enthralling, playful film that constantly frustrates our desire to know the ` truth' about this man, while deconstructing the very format of the biography in a manner that Derrida would doubtless give his blessing to. Review Sentiment:""",52657669657720546578743a2041206472656172792c20696e636f686572656e742c2073656c662d696e64756c67656e74206d657373206f662061206d6f76696520696e20776869636820612062756e6368206f6620706f6d706f75732077696e64626167732064726f6e65206f6e20696e616e656c7920666f722074776f20686f7572732e2e2e2061206361636f70686f6e79206f662070726574656e74696f75732c206d65616e696e676c6573732070726174746c652e205265766965772053656e74696d656e743a,52657669657720546578743a20416e20656e746872616c6c696e672c20706c617966756c2066696c6d207468617420636f6e7374616e746c792066727573747261746573206f75722064657369726520746f206b6e6f77207468652060207472757468272061626f75742074686973206d616e2c207768696c65206465636f6e737472756374696e6720746865207665727920666f726d6174206f66207468652062696f67726170687920696e2061206d616e6e65722074686174204465727269646120776f756c6420646f7562746c65737320676976652068697320626c657373696e6720746f2e205265766965772053656e74696d656e743a,d9d521308a8ecce766dffd8c06068d69edfd3bed9d95d3db2c7d4c2db027e6db,381dcba0f9f858a485d29b3447cc648408b28c1aaa18d837b8bf72f6f72241bc,"[50256, 14832, 8255, 25, 317, 288, 260, 560, 11, 44237, 8334, 11, 2116, 12, 521, 377, 6783, 2085, 286, 257, 3807, 287, 543, 257, 7684, 286, 49435, 516, 2344, 34005, 12170, 319, 287, 1531, 306, 329, 734, 2250, 986, 257, 40428, 2522, 1647, 286, 2181, 43787, 11, 24513, 778, 1999, 13, 6602, 11352, 3681, 25]","[50256, 14832, 8255, 25, 1052, 920, 11840, 9221, 11, 34264, 2646, 326, 7558, 6730, 9700, 674, 6227, 284, 760, 262, 4600, 3872, 6, 546, 428, 582, 11, 981, 37431, 7249, 278, 262, 845, 5794, 286, 262, 26444, 287, 257, 5642, 326, 360, 8056, 3755, 561, 48662, 1577, 465, 20027, 284, 13, 6602, 11352, 3681, 25]",55,55,True,"A dreary, incoherent, self-indulgent mess of a movie in which a bunch of pompous windbags drone on inanely for two hours... a cacophony of pretentious, meaningless prattle.","An enthralling, playful film that constantly frustrates our desire to know the ` truth' about this man, while deconstructing the very format of the biography in a manner that Derrida would doubtless give his blessing to.",tigges,True
sst_tigges_pythia_correct_test,442,sst-98,sst-8111,1,0,"Review Text: Katz uses archival footage, horrifying documents of lynchings, still photographs and charming old reel-to-reel recordings of Meeropol entertaining his children to create his song history, but most powerful of all is the song itself Review Sentiment:",Review Text: focuses on Joan's raging hormones and sledgehammers the audience with Spanish inquisitions about her ''madness'' so much that I became mad that I wasted 123 minutes and $ 9.50 on this 21st century torture device. Review Sentiment:,"'Review Text: Katz uses archival footage, horrifying documents of lynchings, still photographs and charming old reel-to-reel recordings of Meeropol entertaining his children to create his song history, but most powerful of all is the song itself Review Sentiment:'","""Review Text: focuses on Joan's raging hormones and sledgehammers the audience with Spanish inquisitions about her ''madness'' so much that I became mad that I wasted 123 minutes and $ 9.50 on this 21st century torture device. Review Sentiment:""",52657669657720546578743a204b61747a207573657320617263686976616c20666f6f746167652c20686f7272696679696e6720646f63756d656e7473206f66206c796e6368696e67732c207374696c6c2070686f746f67726170687320616e6420636861726d696e67206f6c64207265656c2d746f2d7265656c207265636f7264696e6773206f66204d6565726f706f6c20656e7465727461696e696e6720686973206368696c6472656e20746f206372656174652068697320736f6e6720686973746f72792c20627574206d6f737420706f77657266756c206f6620616c6c2069732074686520736f6e6720697473656c66205265766965772053656e74696d656e743a,52657669657720546578743a20666f6375736573206f6e204a6f616e277320726167696e6720686f726d6f6e657320616e6420736c6564676568616d6d657273207468652061756469656e63652077697468205370616e69736820696e717569736974696f6e732061626f7574206865722027276d61646e657373272720736f206d7563682074686174204920626563616d65206d6164207468617420492077617374656420313233206d696e7574657320616e64202420392e3530206f6e207468697320323173742063656e7475727920746f7274757265206465766963652e205265766965772053656e74696d656e743a,894dafef48a586629b1b04a756fcf7d3951d53c90b7edebf26380fa9c401e4f7,dfeae5472c0dfcc88e4ef5ecb79a636d816516300751ce2c4ea819a2989e1ab0,"[50256, 14832, 8255, 25, 36290, 3544, 3934, 2473, 9640, 11, 31906, 4963, 286, 31432, 354, 654, 11, 991, 12566, 290, 23332, 1468, 35672, 12, 1462, 12, 260, 417, 18813, 286, 2185, 263, 39704, 17774, 465, 1751, 284, 2251, 465, 3496, 2106, 11, 475, 749, 3665, 286, 477, 318, 262, 3496, 2346, 6602, 11352, 3681, 25]","[50256, 14832, 8255, 25, 13692, 319, 26640, 338, 30082, 21311, 290, 264, 2965, 2763, 11056, 262, 5386, 351, 7897, 7949, 29593, 546, 607, 10148, 9937, 1108, 7061, 523, 881, 326, 314, 2627, 8805, 326, 314, 18359, 17031, 2431, 290, 720, 860, 13, 1120, 319, 428, 2310, 301, 4289, 11543, 3335, 13, 6602, 11352, 3681, 25]",55,55,True,"Katz uses archival footage, horrifying documents of lynchings, still photographs and charming old reel-to-reel recordings of Meeropol entertaining his children to create his song history, but most powerful of all is the song itself",focuses on Joan's raging hormones and sledgehammers the audience with Spanish inquisitions about her ''madness'' so much that I became mad that I wasted 123 minutes and $ 9.50 on this 21st century torture device.,tigges,True
sst_tigges_pythia_correct_test,443,sst-8111,sst-98,0,1,Review Text: focuses on Joan's raging hormones and sledgehammers the audience with Spanish inquisitions about her ''madness'' so much that I became mad that I wasted 123 minutes and $ 9.50 on this 21st century torture device. Review Sentiment:,"Review Text: Katz uses archival footage, horrifying documents of lynchings, still photographs and charming old reel-to-reel recordings of Meeropol entertaining his children to create his song history, but most powerful of all is the song itself Review Sentiment:","""Review Text: focuses on Joan's raging hormones and sledgehammers the audience with Spanish inquisitions about her ''madness'' so much that I became mad that I wasted 123 minutes and $ 9.50 on this 21st century torture device. Review Sentiment:""","'Review Text: Katz uses archival footage, horrifying documents of lynchings, still photographs and charming old reel-to-reel recordings of Meeropol entertaining his children to create his song history, but most powerful of all is the song itself Review Sentiment:'",52657669657720546578743a20666f6375736573206f6e204a6f616e277320726167696e6720686f726d6f6e657320616e6420736c6564676568616d6d657273207468652061756469656e63652077697468205370616e69736820696e717569736974696f6e732061626f7574206865722027276d61646e657373272720736f206d7563682074686174204920626563616d65206d6164207468617420492077617374656420313233206d696e7574657320616e64202420392e3530206f6e207468697320323173742063656e7475727920746f7274757265206465766963652e205265766965772053656e74696d656e743a,52657669657720546578743a204b61747a207573657320617263686976616c20666f6f746167652c20686f7272696679696e6720646f63756d656e7473206f66206c796e6368696e67732c207374696c6c2070686f746f67726170687320616e6420636861726d696e67206f6c64207265656c2d746f2d7265656c207265636f7264696e6773206f66204d6565726f706f6c20656e7465727461696e696e6720686973206368696c6472656e20746f206372656174652068697320736f6e6720686973746f72792c20627574206d6f737420706f77657266756c206f6620616c6c2069732074686520736f6e6720697473656c66205265766965772053656e74696d656e743a,dfeae5472c0dfcc88e4ef5ecb79a636d816516300751ce2c4ea819a2989e1ab0,894dafef48a586629b1b04a756fcf7d3951d53c90b7edebf26380fa9c401e4f7,"[50256, 14832, 8255, 25, 13692, 319, 26640, 338, 30082, 21311, 290, 264, 2965, 2763, 11056, 262, 5386, 351, 7897, 7949, 29593, 546, 607, 10148, 9937, 1108, 7061, 523, 881, 326, 314, 2627, 8805, 326, 314, 18359, 17031, 2431, 290, 720, 860, 13, 1120, 319, 428, 2310, 301, 4289, 11543, 3335, 13, 6602, 11352, 3681, 25]","[50256, 14832, 8255, 25, 36290, 3544, 3934, 2473, 9640, 11, 31906, 4963, 286, 31432, 354, 654, 11, 991, 12566, 290, 23332, 1468, 35672, 12, 1462, 12, 260, 417, 18813, 286, 2185, 263, 39704, 17774, 465, 1751, 284, 2251, 465, 3496, 2106, 11, 475, 749, 3665, 286, 477, 318, 262, 3496, 2346, 6602, 11352, 3681, 25]",55,55,True,focuses on Joan's raging hormones and sledgehammers the audience with Spanish inquisitions about her ''madness'' so much that I became mad that I wasted 123 minutes and $ 9.50 on this 21st century torture device.,"Katz uses archival footage, horrifying documents of lynchings, still photographs and charming old reel-to-reel recordings of Meeropol entertaining his children to create his song history, but most powerful of all is the song itself",tigges,True
sst_tigges_pythia_correct_test,444,sst-110,sst-8267,1,0,"Review Text: On the surface, it's a lovers-on-the-run crime flick, but it has a lot in common with Piesiewicz's and Kieslowski's earlier work, films like The Double Life of Veronique. Review Sentiment:","Review Text: Writhing under dialogue like ` You're from two different worlds' and ` Tonight the maid is a lie and this, this is who you are,' this schlock-filled fairy tale hits new depths of unoriginality and predictability. Review Sentiment:","""Review Text: On the surface, it's a lovers-on-the-run crime flick, but it has a lot in common with Piesiewicz's and Kieslowski's earlier work, films like The Double Life of Veronique. Review Sentiment:""","""Review Text: Writhing under dialogue like ` You're from two different worlds' and ` Tonight the maid is a lie and this, this is who you are,' this schlock-filled fairy tale hits new depths of unoriginality and predictability. Review Sentiment:""",52657669657720546578743a204f6e2074686520737572666163652c20697427732061206c6f766572732d6f6e2d7468652d72756e206372696d6520666c69636b2c20627574206974206861732061206c6f7420696e20636f6d6d6f6e2077697468205069657369657769637a277320616e64204b6965736c6f77736b692773206561726c69657220776f726b2c2066696c6d73206c696b652054686520446f75626c65204c696665206f66205665726f6e697175652e205265766965772053656e74696d656e743a,52657669657720546578743a205772697468696e6720756e646572206469616c6f677565206c696b65206020596f752772652066726f6d2074776f20646966666572656e7420776f726c64732720616e64206020546f6e6967687420746865206d6169642069732061206c696520616e6420746869732c20746869732069732077686f20796f75206172652c272074686973207363686c6f636b2d66696c6c65642066616972792074616c652068697473206e657720646570746873206f6620756e6f726967696e616c69747920616e6420707265646963746162696c6974792e205265766965772053656e74696d656e743a,eca38719d2ea0adc7b9d09c20c0aded2127ecc125fde6a65dc89928226f86eb2,4f61f9c1b4c715a8a7c5410614c0ebc39b419d74ff6bbfebe1ae623c77982010,"[50256, 14832, 8255, 25, 1550, 262, 4417, 11, 340, 338, 257, 20175, 12, 261, 12, 1169, 12, 5143, 4065, 26810, 11, 475, 340, 468, 257, 1256, 287, 2219, 351, 350, 444, 48596, 338, 290, 509, 444, 75, 12079, 338, 2961, 670, 11, 7328, 588, 383, 11198, 5155, 286, 4643, 261, 2350, 13, 6602, 11352, 3681, 25]","[50256, 14832, 8255, 25, 15634, 44556, 739, 10721, 588, 4600, 921, 821, 422, 734, 1180, 11621, 6, 290, 4600, 27117, 262, 25920, 318, 257, 6486, 290, 428, 11, 428, 318, 508, 345, 389, 4032, 428, 5513, 5354, 12, 20286, 25607, 12838, 7127, 649, 21593, 286, 555, 14986, 414, 290, 4331, 1799, 13, 6602, 11352, 3681, 25]",56,56,True,"On the surface, it's a lovers-on-the-run crime flick, but it has a lot in common with Piesiewicz's and Kieslowski's earlier work, films like The Double Life of Veronique.","Writhing under dialogue like ` You're from two different worlds' and ` Tonight the maid is a lie and this, this is who you are,' this schlock-filled fairy tale hits new depths of unoriginality and predictability.",tigges,True
sst_tigges_pythia_correct_test,445,sst-8267,sst-110,0,1,"Review Text: Writhing under dialogue like ` You're from two different worlds' and ` Tonight the maid is a lie and this, this is who you are,' this schlock-filled fairy tale hits new depths of unoriginality and predictability. Review Sentiment:","Review Text: On the surface, it's a lovers-on-the-run crime flick, but it has a lot in common with Piesiewicz's and Kieslowski's earlier work, films like The Double Life of Veronique. Review Sentiment:","""Review Text: Writhing under dialogue like ` You're from two different worlds' and ` Tonight the maid is a lie and this, this is who you are,' this schlock-filled fairy tale hits new depths of unoriginality and predictability. Review Sentiment:""","""Review Text: On the surface, it's a lovers-on-the-run crime flick, but it has a lot in common with Piesiewicz's and Kieslowski's earlier work, films like The Double Life of Veronique. Review Sentiment:""",52657669657720546578743a205772697468696e6720756e646572206469616c6f677565206c696b65206020596f752772652066726f6d2074776f20646966666572656e7420776f726c64732720616e64206020546f6e6967687420746865206d6169642069732061206c696520616e6420746869732c20746869732069732077686f20796f75206172652c272074686973207363686c6f636b2d66696c6c65642066616972792074616c652068697473206e657720646570746873206f6620756e6f726967696e616c69747920616e6420707265646963746162696c6974792e205265766965772053656e74696d656e743a,52657669657720546578743a204f6e2074686520737572666163652c20697427732061206c6f766572732d6f6e2d7468652d72756e206372696d6520666c69636b2c20627574206974206861732061206c6f7420696e20636f6d6d6f6e2077697468205069657369657769637a277320616e64204b6965736c6f77736b692773206561726c69657220776f726b2c2066696c6d73206c696b652054686520446f75626c65204c696665206f66205665726f6e697175652e205265766965772053656e74696d656e743a,4f61f9c1b4c715a8a7c5410614c0ebc39b419d74ff6bbfebe1ae623c77982010,eca38719d2ea0adc7b9d09c20c0aded2127ecc125fde6a65dc89928226f86eb2,"[50256, 14832, 8255, 25, 15634, 44556, 739, 10721, 588, 4600, 921, 821, 422, 734, 1180, 11621, 6, 290, 4600, 27117, 262, 25920, 318, 257, 6486, 290, 428, 11, 428, 318, 508, 345, 389, 4032, 428, 5513, 5354, 12, 20286, 25607, 12838, 7127, 649, 21593, 286, 555, 14986, 414, 290, 4331, 1799, 13, 6602, 11352, 3681, 25]","[50256, 14832, 8255, 25, 1550, 262, 4417, 11, 340, 338, 257, 20175, 12, 261, 12, 1169, 12, 5143, 4065, 26810, 11, 475, 340, 468, 257, 1256, 287, 2219, 351, 350, 444, 48596, 338, 290, 509, 444, 75, 12079, 338, 2961, 670, 11, 7328, 588, 383, 11198, 5155, 286, 4643, 261, 2350, 13, 6602, 11352, 3681, 25]",56,56,True,"Writhing under dialogue like ` You're from two different worlds' and ` Tonight the maid is a lie and this, this is who you are,' this schlock-filled fairy tale hits new depths of unoriginality and predictability.","On the surface, it's a lovers-on-the-run crime flick, but it has a lot in common with Piesiewicz's and Kieslowski's earlier work, films like The Double Life of Veronique.",tigges,True
sst_tigges_pythia_correct_test,446,sst-924,sst-8226,1,0,"Review Text: Droll caper-comedy remake of ''Big Deal on Madonna Street'' that's a sly, amusing, laugh-filled little gem in which the ultimate ''Bellini'' begins to look like a ''real Kaputschnik.'' Review Sentiment:","Review Text: Offensive in the way it exploits the hot-button issue of domestic abuse for cheap thrills and disgusting in the manner it repeatedly puts a small child in jeopardy, treating her as little more than a prop to be cruelly tormented. Review Sentiment:","""Review Text: Droll caper-comedy remake of ''Big Deal on Madonna Street'' that's a sly, amusing, laugh-filled little gem in which the ultimate ''Bellini'' begins to look like a ''real Kaputschnik.'' Review Sentiment:""","'Review Text: Offensive in the way it exploits the hot-button issue of domestic abuse for cheap thrills and disgusting in the manner it repeatedly puts a small child in jeopardy, treating her as little more than a prop to be cruelly tormented. Review Sentiment:'",52657669657720546578743a2044726f6c6c2063617065722d636f6d6564792072656d616b65206f66202727426967204465616c206f6e204d61646f6e6e6120537472656574272720746861742773206120736c792c20616d7573696e672c206c617567682d66696c6c6564206c6974746c652067656d20696e2077686963682074686520756c74696d61746520272742656c6c696e69272720626567696e7320746f206c6f6f6b206c696b6520612027277265616c204b617075747363686e696b2e2727205265766965772053656e74696d656e743a,52657669657720546578743a204f6666656e7369766520696e2074686520776179206974206578706c6f6974732074686520686f742d627574746f6e206973737565206f6620646f6d657374696320616275736520666f7220636865617020746872696c6c7320616e642064697367757374696e6720696e20746865206d616e6e65722069742072657065617465646c792070757473206120736d616c6c206368696c6420696e206a656f70617264792c207472656174696e6720686572206173206c6974746c65206d6f7265207468616e20612070726f7020746f20626520637275656c6c7920746f726d656e7465642e205265766965772053656e74696d656e743a,2feafd733a26e3a6b121ba8ddeffcd19663430687f55ce8bbd6d8074a89ecabc,85f0fd5e7ce98905c15517cc8b93a7ad30eb1aad453e526fc2115bc55f13c2ce,"[50256, 14832, 8255, 25, 360, 2487, 1451, 263, 12, 785, 4716, 28763, 286, 10148, 12804, 15138, 319, 42345, 3530, 7061, 326, 338, 257, 49822, 11, 28297, 11, 6487, 12, 20286, 1310, 16840, 287, 543, 262, 8713, 10148, 36488, 5362, 7061, 6140, 284, 804, 588, 257, 10148, 5305, 27344, 5500, 1349, 1134, 13531, 6602, 11352, 3681, 25]","[50256, 14832, 8255, 25, 26855, 287, 262, 835, 340, 27062, 262, 3024, 12, 16539, 2071, 286, 5928, 5076, 329, 7026, 5636, 2171, 290, 23374, 287, 262, 5642, 340, 7830, 7584, 257, 1402, 1200, 287, 38606, 11, 13622, 607, 355, 1310, 517, 621, 257, 2632, 284, 307, 1067, 518, 12810, 7332, 12061, 13, 6602, 11352, 3681, 25]",56,56,True,"Droll caper-comedy remake of ''Big Deal on Madonna Street'' that's a sly, amusing, laugh-filled little gem in which the ultimate ''Bellini'' begins to look like a ''real Kaputschnik.''","Offensive in the way it exploits the hot-button issue of domestic abuse for cheap thrills and disgusting in the manner it repeatedly puts a small child in jeopardy, treating her as little more than a prop to be cruelly tormented.",tigges,True
sst_tigges_pythia_correct_test,447,sst-8226,sst-924,0,1,"Review Text: Offensive in the way it exploits the hot-button issue of domestic abuse for cheap thrills and disgusting in the manner it repeatedly puts a small child in jeopardy, treating her as little more than a prop to be cruelly tormented. Review Sentiment:","Review Text: Droll caper-comedy remake of ''Big Deal on Madonna Street'' that's a sly, amusing, laugh-filled little gem in which the ultimate ''Bellini'' begins to look like a ''real Kaputschnik.'' Review Sentiment:","'Review Text: Offensive in the way it exploits the hot-button issue of domestic abuse for cheap thrills and disgusting in the manner it repeatedly puts a small child in jeopardy, treating her as little more than a prop to be cruelly tormented. Review Sentiment:'","""Review Text: Droll caper-comedy remake of ''Big Deal on Madonna Street'' that's a sly, amusing, laugh-filled little gem in which the ultimate ''Bellini'' begins to look like a ''real Kaputschnik.'' Review Sentiment:""",52657669657720546578743a204f6666656e7369766520696e2074686520776179206974206578706c6f6974732074686520686f742d627574746f6e206973737565206f6620646f6d657374696320616275736520666f7220636865617020746872696c6c7320616e642064697367757374696e6720696e20746865206d616e6e65722069742072657065617465646c792070757473206120736d616c6c206368696c6420696e206a656f70617264792c207472656174696e6720686572206173206c6974746c65206d6f7265207468616e20612070726f7020746f20626520637275656c6c7920746f726d656e7465642e205265766965772053656e74696d656e743a,52657669657720546578743a2044726f6c6c2063617065722d636f6d6564792072656d616b65206f66202727426967204465616c206f6e204d61646f6e6e6120537472656574272720746861742773206120736c792c20616d7573696e672c206c617567682d66696c6c6564206c6974746c652067656d20696e2077686963682074686520756c74696d61746520272742656c6c696e69272720626567696e7320746f206c6f6f6b206c696b6520612027277265616c204b617075747363686e696b2e2727205265766965772053656e74696d656e743a,85f0fd5e7ce98905c15517cc8b93a7ad30eb1aad453e526fc2115bc55f13c2ce,2feafd733a26e3a6b121ba8ddeffcd19663430687f55ce8bbd6d8074a89ecabc,"[50256, 14832, 8255, 25, 26855, 287, 262, 835, 340, 27062, 262, 3024, 12, 16539, 2071, 286, 5928, 5076, 329, 7026, 5636, 2171, 290, 23374, 287, 262, 5642, 340, 7830, 7584, 257, 1402, 1200, 287, 38606, 11, 13622, 607, 355, 1310, 517, 621, 257, 2632, 284, 307, 1067, 518, 12810, 7332, 12061, 13, 6602, 11352, 3681, 25]","[50256, 14832, 8255, 25, 360, 2487, 1451, 263, 12, 785, 4716, 28763, 286, 10148, 12804, 15138, 319, 42345, 3530, 7061, 326, 338, 257, 49822, 11, 28297, 11, 6487, 12, 20286, 1310, 16840, 287, 543, 262, 8713, 10148, 36488, 5362, 7061, 6140, 284, 804, 588, 257, 10148, 5305, 27344, 5500, 1349, 1134, 13531, 6602, 11352, 3681, 25]",56,56,True,"Offensive in the way it exploits the hot-button issue of domestic abuse for cheap thrills and disgusting in the manner it repeatedly puts a small child in jeopardy, treating her as little more than a prop to be cruelly tormented.","Droll caper-comedy remake of ''Big Deal on Madonna Street'' that's a sly, amusing, laugh-filled little gem in which the ultimate ''Bellini'' begins to look like a ''real Kaputschnik.''",tigges,True
sst_tigges_pythia_correct_test,448,sst-1079,sst-8124,1,0,"Review Text: Leave it to Rohmer, now 82, to find a way to bend current technique to the service of a vision of the past that is faithful to both architectural glories and commanding open spaces of the city as it was more than two centuries ago. Review Sentiment:","Review Text: There's no denying the elaborateness of the artist's conceptions, nor his ability to depict them with outrageous elan, but really the whole series is so much pretentious nonsense, lavishly praised by those who equate obscurity with profundity. Review Sentiment:","'Review Text: Leave it to Rohmer, now 82, to find a way to bend current technique to the service of a vision of the past that is faithful to both architectural glories and commanding open spaces of the city as it was more than two centuries ago. Review Sentiment:'","""Review Text: There's no denying the elaborateness of the artist's conceptions, nor his ability to depict them with outrageous elan, but really the whole series is so much pretentious nonsense, lavishly praised by those who equate obscurity with profundity. Review Sentiment:""",52657669657720546578743a204c6561766520697420746f20526f686d65722c206e6f772038322c20746f2066696e6420612077617920746f2062656e642063757272656e7420746563686e6971756520746f207468652073657276696365206f66206120766973696f6e206f66207468652070617374207468617420697320666169746866756c20746f20626f7468206172636869746563747572616c20676c6f7269657320616e6420636f6d6d616e64696e67206f70656e20737061636573206f6620746865206369747920617320697420776173206d6f7265207468616e2074776f2063656e7475726965732061676f2e205265766965772053656e74696d656e743a,52657669657720546578743a2054686572652773206e6f2064656e79696e672074686520656c61626f726174656e657373206f662074686520617274697374277320636f6e63657074696f6e732c206e6f7220686973206162696c69747920746f20646570696374207468656d2077697468206f7574726167656f757320656c616e2c20627574207265616c6c79207468652077686f6c652073657269657320697320736f206d7563682070726574656e74696f7573206e6f6e73656e73652c206c61766973686c7920707261697365642062792074686f73652077686f20657175617465206f627363757269747920776974682070726f66756e646974792e205265766965772053656e74696d656e743a,846dea5ab8889330dbaa8b5845eaa44921e675c6a925bb0ec426d415010d987a,8d446f25f5825a5212b2816c7e35cbd4f13e7e3d41262b2606abcd87c8385c4a,"[50256, 14832, 8255, 25, 17446, 340, 284, 32694, 647, 11, 783, 9415, 11, 284, 1064, 257, 835, 284, 19396, 1459, 8173, 284, 262, 2139, 286, 257, 5761, 286, 262, 1613, 326, 318, 17074, 284, 1111, 27070, 1278, 1749, 290, 25771, 1280, 9029, 286, 262, 1748, 355, 340, 373, 517, 621, 734, 10675, 2084, 13, 6602, 11352, 3681, 25]","[50256, 14832, 8255, 25, 1318, 338, 645, 17086, 262, 12628, 265, 9449, 286, 262, 6802, 338, 49849, 11, 4249, 465, 2694, 284, 19583, 606, 351, 23077, 1288, 272, 11, 475, 1107, 262, 2187, 2168, 318, 523, 881, 2181, 43787, 18149, 11, 21606, 29735, 15342, 416, 883, 508, 45423, 48326, 351, 1534, 917, 414, 13, 6602, 11352, 3681, 25]",58,58,True,"Leave it to Rohmer, now 82, to find a way to bend current technique to the service of a vision of the past that is faithful to both architectural glories and commanding open spaces of the city as it was more than two centuries ago.","There's no denying the elaborateness of the artist's conceptions, nor his ability to depict them with outrageous elan, but really the whole series is so much pretentious nonsense, lavishly praised by those who equate obscurity with profundity.",tigges,True
sst_tigges_pythia_correct_test,449,sst-8124,sst-1079,0,1,"Review Text: There's no denying the elaborateness of the artist's conceptions, nor his ability to depict them with outrageous elan, but really the whole series is so much pretentious nonsense, lavishly praised by those who equate obscurity with profundity. Review Sentiment:","Review Text: Leave it to Rohmer, now 82, to find a way to bend current technique to the service of a vision of the past that is faithful to both architectural glories and commanding open spaces of the city as it was more than two centuries ago. Review Sentiment:","""Review Text: There's no denying the elaborateness of the artist's conceptions, nor his ability to depict them with outrageous elan, but really the whole series is so much pretentious nonsense, lavishly praised by those who equate obscurity with profundity. Review Sentiment:""","'Review Text: Leave it to Rohmer, now 82, to find a way to bend current technique to the service of a vision of the past that is faithful to both architectural glories and commanding open spaces of the city as it was more than two centuries ago. Review Sentiment:'",52657669657720546578743a2054686572652773206e6f2064656e79696e672074686520656c61626f726174656e657373206f662074686520617274697374277320636f6e63657074696f6e732c206e6f7220686973206162696c69747920746f20646570696374207468656d2077697468206f7574726167656f757320656c616e2c20627574207265616c6c79207468652077686f6c652073657269657320697320736f206d7563682070726574656e74696f7573206e6f6e73656e73652c206c61766973686c7920707261697365642062792074686f73652077686f20657175617465206f627363757269747920776974682070726f66756e646974792e205265766965772053656e74696d656e743a,52657669657720546578743a204c6561766520697420746f20526f686d65722c206e6f772038322c20746f2066696e6420612077617920746f2062656e642063757272656e7420746563686e6971756520746f207468652073657276696365206f66206120766973696f6e206f66207468652070617374207468617420697320666169746866756c20746f20626f7468206172636869746563747572616c20676c6f7269657320616e6420636f6d6d616e64696e67206f70656e20737061636573206f6620746865206369747920617320697420776173206d6f7265207468616e2074776f2063656e7475726965732061676f2e205265766965772053656e74696d656e743a,8d446f25f5825a5212b2816c7e35cbd4f13e7e3d41262b2606abcd87c8385c4a,846dea5ab8889330dbaa8b5845eaa44921e675c6a925bb0ec426d415010d987a,"[50256, 14832, 8255, 25, 1318, 338, 645, 17086, 262, 12628, 265, 9449, 286, 262, 6802, 338, 49849, 11, 4249, 465, 2694, 284, 19583, 606, 351, 23077, 1288, 272, 11, 475, 1107, 262, 2187, 2168, 318, 523, 881, 2181, 43787, 18149, 11, 21606, 29735, 15342, 416, 883, 508, 45423, 48326, 351, 1534, 917, 414, 13, 6602, 11352, 3681, 25]","[50256, 14832, 8255, 25, 17446, 340, 284, 32694, 647, 11, 783, 9415, 11, 284, 1064, 257, 835, 284, 19396, 1459, 8173, 284, 262, 2139, 286, 257, 5761, 286, 262, 1613, 326, 318, 17074, 284, 1111, 27070, 1278, 1749, 290, 25771, 1280, 9029, 286, 262, 1748, 355, 340, 373, 517, 621, 734, 10675, 2084, 13, 6602, 11352, 3681, 25]",58,58,True,"There's no denying the elaborateness of the artist's conceptions, nor his ability to depict them with outrageous elan, but really the whole series is so much pretentious nonsense, lavishly praised by those who equate obscurity with profundity.","Leave it to Rohmer, now 82, to find a way to bend current technique to the service of a vision of the past that is faithful to both architectural glories and commanding open spaces of the city as it was more than two centuries ago.",tigges,True
