model,method,layer,subspace_dimension,seed,epochs,learning_rate,batch_size,epoch,train_loss,evaluation_loss
qwen-0.6b,das,0,1,0,64,0.001,128,0,0.9991326332092285,1.0019172430038452
qwen-0.6b,das,0,1,0,64,0.001,128,1,1.0019172430038452,0.9864876866340637
qwen-0.6b,das,0,1,0,64,0.001,128,2,0.9864876866340637,0.9606499671936035
qwen-0.6b,das,0,1,0,64,0.001,128,3,0.9606499671936035,0.926458477973938
qwen-0.6b,das,0,1,0,64,0.001,128,4,0.926458477973938,0.8625490069389343
qwen-0.6b,das,0,1,0,64,0.001,128,5,0.8625490069389343,0.8061261177062988
qwen-0.6b,das,0,1,0,64,0.001,128,6,0.8061261177062988,0.7560028433799744
qwen-0.6b,das,0,1,0,64,0.001,128,7,0.7560028433799744,0.7161964178085327
qwen-0.6b,das,0,1,0,64,0.001,128,8,0.7161964178085327,0.6998082399368286
qwen-0.6b,das,0,1,0,64,0.001,128,9,0.6998082399368286,0.6793572306632996
qwen-0.6b,das,0,1,0,64,0.001,128,10,0.6793572306632996,0.6667122840881348
qwen-0.6b,das,0,1,0,64,0.001,128,11,0.6667122840881348,0.6573997735977173
qwen-0.6b,das,0,1,0,64,0.001,128,12,0.6573997735977173,0.643522322177887
qwen-0.6b,das,0,1,0,64,0.001,128,13,0.643522322177887,0.6201497316360474
qwen-0.6b,das,0,1,0,64,0.001,128,14,0.6201497316360474,0.5981922745704651
qwen-0.6b,das,0,1,0,64,0.001,128,15,0.5981922745704651,0.5751848816871643
qwen-0.6b,das,0,1,0,64,0.001,128,16,0.5751848816871643,0.5453300476074219
qwen-0.6b,das,0,1,0,64,0.001,128,17,0.5453300476074219,0.5380717515945435
qwen-0.6b,das,0,1,0,64,0.001,128,18,0.5380717515945435,0.5344654321670532
qwen-0.6b,das,0,1,0,64,0.001,128,19,0.5344654321670532,0.5032411217689514
qwen-0.6b,das,0,1,0,64,0.001,128,20,0.5032411217689514,0.4885875880718231
qwen-0.6b,das,0,1,0,64,0.001,128,21,0.4885875880718231,0.47658175230026245
qwen-0.6b,das,0,1,0,64,0.001,128,22,0.47658175230026245,0.4773121476173401
qwen-0.6b,das,0,1,0,64,0.001,128,23,0.4773121476173401,0.467223584651947
qwen-0.6b,das,0,1,0,64,0.001,128,24,0.467223584651947,0.46325206756591797
qwen-0.6b,das,0,1,0,64,0.001,128,25,0.46325206756591797,0.4473203718662262
qwen-0.6b,das,0,1,0,64,0.001,128,26,0.4473203718662262,0.4380991458892822
qwen-0.6b,das,0,1,0,64,0.001,128,27,0.4380991458892822,0.43312332034111023
qwen-0.6b,das,0,1,0,64,0.001,128,28,0.43312332034111023,0.4311603903770447
qwen-0.6b,das,0,1,0,64,0.001,128,29,0.4311603903770447,0.41719159483909607
qwen-0.6b,das,0,1,0,64,0.001,128,30,0.41719159483909607,0.40984204411506653
qwen-0.6b,das,0,1,0,64,0.001,128,31,0.40984204411506653,0.40879207849502563
qwen-0.6b,das,0,1,0,64,0.001,128,32,0.40879207849502563,0.39669495820999146
qwen-0.6b,das,0,1,0,64,0.001,128,33,0.39669495820999146,0.38838672637939453
qwen-0.6b,das,0,1,0,64,0.001,128,34,0.38838672637939453,0.38482606410980225
qwen-0.6b,das,0,1,0,64,0.001,128,35,0.38482606410980225,0.38135671615600586
qwen-0.6b,das,0,1,0,64,0.001,128,36,0.38135671615600586,0.386195570230484
qwen-0.6b,das,0,1,0,64,0.001,128,37,0.386195570230484,0.381219744682312
qwen-0.6b,das,0,1,0,64,0.001,128,38,0.381219744682312,0.3729571998119354
qwen-0.6b,das,0,1,0,64,0.001,128,39,0.3729571998119354,0.363781601190567
qwen-0.6b,das,0,1,0,64,0.001,128,40,0.363781601190567,0.35971879959106445
qwen-0.6b,das,0,1,0,64,0.001,128,41,0.35971879959106445,0.36337074637413025
qwen-0.6b,das,0,1,0,64,0.001,128,42,0.36337074637413025,0.3626403510570526
qwen-0.6b,das,0,1,0,64,0.001,128,43,0.3626403510570526,0.35990139842033386
qwen-0.6b,das,0,1,0,64,0.001,128,44,0.35990139842033386,0.35830366611480713
qwen-0.6b,das,0,1,0,64,0.001,128,45,0.35830366611480713,0.35456040501594543
qwen-0.6b,das,0,1,0,64,0.001,128,46,0.35456040501594543,0.3478955328464508
qwen-0.6b,das,0,1,0,64,0.001,128,47,0.3478955328464508,0.3456130623817444
qwen-0.6b,das,0,1,0,64,0.001,128,48,0.3456130623817444,0.34401533007621765
qwen-0.6b,das,0,1,0,64,0.001,128,49,0.34401533007621765,0.3460695743560791
qwen-0.6b,das,0,1,0,64,0.001,128,50,0.3460695743560791,0.34191545844078064
qwen-0.6b,das,0,1,0,64,0.001,128,51,0.34191545844078064,0.34323930740356445
qwen-0.6b,das,0,1,0,64,0.001,128,52,0.34323930740356445,0.3431936502456665
qwen-0.6b,das,0,1,0,64,0.001,128,53,0.3431936502456665,0.34200674295425415
qwen-0.6b,das,0,1,0,64,0.001,128,54,0.34200674295425415,0.342143714427948
qwen-0.6b,das,0,1,0,64,0.001,128,55,0.342143714427948,0.3378526270389557
qwen-0.6b,das,0,1,0,64,0.001,128,56,0.3378526270389557,0.33442893624305725
qwen-0.6b,das,0,1,0,64,0.001,128,57,0.33442893624305725,0.3337898254394531
qwen-0.6b,das,0,1,0,64,0.001,128,58,0.3337898254394531,0.33356156945228577
qwen-0.6b,das,0,1,0,64,0.001,128,59,0.33356156945228577,0.33767005801200867
qwen-0.6b,das,0,1,0,64,0.001,128,60,0.33767005801200867,0.33118781447410583
qwen-0.6b,das,0,1,0,64,0.001,128,61,0.33118781447410583,0.3305487036705017
qwen-0.6b,das,0,1,0,64,0.001,128,62,0.3305487036705017,0.33137038350105286
qwen-0.6b,das,0,1,0,64,0.001,128,63,0.33137038350105286,0.3332420289516449
qwen-0.6b,das2d,0,2,0,64,0.001,128,0,0.9997261166572571,0.9985848069190979
qwen-0.6b,das2d,0,2,0,64,0.001,128,1,0.9985848069190979,0.9823336601257324
qwen-0.6b,das2d,0,2,0,64,0.001,128,2,0.9823336601257324,0.9543960690498352
qwen-0.6b,das2d,0,2,0,64,0.001,128,3,0.9543960690498352,0.9050487875938416
qwen-0.6b,das2d,0,2,0,64,0.001,128,4,0.9050487875938416,0.8362091779708862
qwen-0.6b,das2d,0,2,0,64,0.001,128,5,0.8362091779708862,0.7701999545097351
qwen-0.6b,das2d,0,2,0,64,0.001,128,6,0.7701999545097351,0.7183420062065125
qwen-0.6b,das2d,0,2,0,64,0.001,128,7,0.7183420062065125,0.6803158521652222
qwen-0.6b,das2d,0,2,0,64,0.001,128,8,0.6803158521652222,0.6510087847709656
qwen-0.6b,das2d,0,2,0,64,0.001,128,9,0.6510087847709656,0.6256732940673828
qwen-0.6b,das2d,0,2,0,64,0.001,128,10,0.6256732940673828,0.5977814197540283
qwen-0.6b,das2d,0,2,0,64,0.001,128,11,0.5977814197540283,0.5823062062263489
qwen-0.6b,das2d,0,2,0,64,0.001,128,12,0.5823062062263489,0.5675157308578491
qwen-0.6b,das2d,0,2,0,64,0.001,128,13,0.5675157308578491,0.5477951169013977
qwen-0.6b,das2d,0,2,0,64,0.001,128,14,0.5477951169013977,0.516662061214447
qwen-0.6b,das2d,0,2,0,64,0.001,128,15,0.516662061214447,0.4931069016456604
qwen-0.6b,das2d,0,2,0,64,0.001,128,16,0.4931069016456604,0.4755774438381195
qwen-0.6b,das2d,0,2,0,64,0.001,128,17,0.4755774438381195,0.45905229449272156
qwen-0.6b,das2d,0,2,0,64,0.001,128,18,0.45905229449272156,0.4452204704284668
qwen-0.6b,das2d,0,2,0,64,0.001,128,19,0.4452204704284668,0.4339906871318817
qwen-0.6b,das2d,0,2,0,64,0.001,128,20,0.4339906871318817,0.4145439565181732
qwen-0.6b,das2d,0,2,0,64,0.001,128,21,0.4145439565181732,0.40778782963752747
qwen-0.6b,das2d,0,2,0,64,0.001,128,22,0.40778782963752747,0.3997534513473511
qwen-0.6b,das2d,0,2,0,64,0.001,128,23,0.3997534513473511,0.3845065236091614
qwen-0.6b,das2d,0,2,0,64,0.001,128,24,0.3845065236091614,0.37820690870285034
qwen-0.6b,das2d,0,2,0,64,0.001,128,25,0.37820690870285034,0.3669314384460449
qwen-0.6b,das2d,0,2,0,64,0.001,128,26,0.3669314384460449,0.36286863684654236
qwen-0.6b,das2d,0,2,0,64,0.001,128,27,0.36286863684654236,0.35953620076179504
qwen-0.6b,das2d,0,2,0,64,0.001,128,28,0.35953620076179504,0.34880852699279785
qwen-0.6b,das2d,0,2,0,64,0.001,128,29,0.34880852699279785,0.34520223736763
qwen-0.6b,das2d,0,2,0,64,0.001,128,30,0.34520223736763,0.33693966269493103
qwen-0.6b,das2d,0,2,0,64,0.001,128,31,0.33693966269493103,0.33479413390159607
qwen-0.6b,das2d,0,2,0,64,0.001,128,32,0.33479413390159607,0.3293161690235138
qwen-0.6b,das2d,0,2,0,64,0.001,128,33,0.3293161690235138,0.32228612899780273
qwen-0.6b,das2d,0,2,0,64,0.001,128,34,0.32228612899780273,0.3169451355934143
qwen-0.6b,das2d,0,2,0,64,0.001,128,35,0.3169451355934143,0.3141605257987976
qwen-0.6b,das2d,0,2,0,64,0.001,128,36,0.3141605257987976,0.31269973516464233
qwen-0.6b,das2d,0,2,0,64,0.001,128,37,0.31269973516464233,0.31037160754203796
qwen-0.6b,das2d,0,2,0,64,0.001,128,38,0.31037160754203796,0.3077695667743683
qwen-0.6b,das2d,0,2,0,64,0.001,128,39,0.3077695667743683,0.3050762414932251
qwen-0.6b,das2d,0,2,0,64,0.001,128,40,0.3050762414932251,0.3007395267486572
qwen-0.6b,das2d,0,2,0,64,0.001,128,41,0.3007395267486572,0.2985483407974243
qwen-0.6b,das2d,0,2,0,64,0.001,128,42,0.2985483407974243,0.30041998624801636
qwen-0.6b,das2d,0,2,0,64,0.001,128,43,0.30041998624801636,0.29553544521331787
qwen-0.6b,das2d,0,2,0,64,0.001,128,44,0.29553544521331787,0.2932073473930359
qwen-0.6b,das2d,0,2,0,64,0.001,128,45,0.2932073473930359,0.2925226092338562
qwen-0.6b,das2d,0,2,0,64,0.001,128,46,0.2925226092338562,0.2911987602710724
qwen-0.6b,das2d,0,2,0,64,0.001,128,47,0.2911987602710724,0.2894640564918518
qwen-0.6b,das2d,0,2,0,64,0.001,128,48,0.2894640564918518,0.28923583030700684
qwen-0.6b,das2d,0,2,0,64,0.001,128,49,0.28923583030700684,0.2870902717113495
qwen-0.6b,das2d,0,2,0,64,0.001,128,50,0.2870902717113495,0.2857208251953125
qwen-0.6b,das2d,0,2,0,64,0.001,128,51,0.2857208251953125,0.2853555977344513
qwen-0.6b,das2d,0,2,0,64,0.001,128,52,0.2853555977344513,0.2838035225868225
qwen-0.6b,das2d,0,2,0,64,0.001,128,53,0.2838035225868225,0.28289052844047546
qwen-0.6b,das2d,0,2,0,64,0.001,128,54,0.28289052844047546,0.2806536853313446
qwen-0.6b,das2d,0,2,0,64,0.001,128,55,0.2806536853313446,0.2797863483428955
qwen-0.6b,das2d,0,2,0,64,0.001,128,56,0.2797863483428955,0.27896466851234436
qwen-0.6b,das2d,0,2,0,64,0.001,128,57,0.27896466851234436,0.2765452265739441
qwen-0.6b,das2d,0,2,0,64,0.001,128,58,0.2765452265739441,0.2769104242324829
qwen-0.6b,das2d,0,2,0,64,0.001,128,59,0.2769104242324829,0.27608874440193176
qwen-0.6b,das2d,0,2,0,64,0.001,128,60,0.27608874440193176,0.27303022146224976
qwen-0.6b,das2d,0,2,0,64,0.001,128,61,0.27303022146224976,0.27248242497444153
qwen-0.6b,das2d,0,2,0,64,0.001,128,62,0.27248242497444153,0.2720259428024292
qwen-0.6b,das2d,0,2,0,64,0.001,128,63,0.2720259428024292,0.2707933783531189
qwen-0.6b,das3d,0,3,0,64,0.001,128,0,1.0010042190551758,0.9977174997329712
qwen-0.6b,das3d,0,3,0,64,0.001,128,1,0.9977174997329712,0.9818770885467529
qwen-0.6b,das3d,0,3,0,64,0.001,128,2,0.9818770885467529,0.9512918591499329
qwen-0.6b,das3d,0,3,0,64,0.001,128,3,0.9512918591499329,0.9014424681663513
qwen-0.6b,das3d,0,3,0,64,0.001,128,4,0.9014424681663513,0.8367569446563721
qwen-0.6b,das3d,0,3,0,64,0.001,128,5,0.8367569446563721,0.7728931903839111
qwen-0.6b,das3d,0,3,0,64,0.001,128,6,0.7728931903839111,0.7113576531410217
qwen-0.6b,das3d,0,3,0,64,0.001,128,7,0.7113576531410217,0.6638820171356201
qwen-0.6b,das3d,0,3,0,64,0.001,128,8,0.6638820171356201,0.6277275681495667
qwen-0.6b,das3d,0,3,0,64,0.001,128,9,0.6277275681495667,0.6012507677078247
qwen-0.6b,das3d,0,3,0,64,0.001,128,10,0.6012507677078247,0.5906144380569458
qwen-0.6b,das3d,0,3,0,64,0.001,128,11,0.5906144380569458,0.5787455439567566
qwen-0.6b,das3d,0,3,0,64,0.001,128,12,0.5787455439567566,0.5631333589553833
qwen-0.6b,das3d,0,3,0,64,0.001,128,13,0.5631333589553833,0.5425910353660583
qwen-0.6b,das3d,0,3,0,64,0.001,128,14,0.5425910353660583,0.5150643587112427
qwen-0.6b,das3d,0,3,0,64,0.001,128,15,0.5150643587112427,0.48635077476501465
qwen-0.6b,das3d,0,3,0,64,0.001,128,16,0.48635077476501465,0.45380258560180664
qwen-0.6b,das3d,0,3,0,64,0.001,128,17,0.45380258560180664,0.43517759442329407
qwen-0.6b,das3d,0,3,0,64,0.001,128,18,0.43517759442329407,0.4113941192626953
qwen-0.6b,das3d,0,3,0,64,0.001,128,19,0.4113941192626953,0.4033598005771637
qwen-0.6b,das3d,0,3,0,64,0.001,128,20,0.4033598005771637,0.38719987869262695
qwen-0.6b,das3d,0,3,0,64,0.001,128,21,0.38719987869262695,0.3798958957195282
qwen-0.6b,das3d,0,3,0,64,0.001,128,22,0.3798958957195282,0.3763352334499359
qwen-0.6b,das3d,0,3,0,64,0.001,128,23,0.3763352334499359,0.36880308389663696
qwen-0.6b,das3d,0,3,0,64,0.001,128,24,0.36880308389663696,0.35414955019950867
qwen-0.6b,das3d,0,3,0,64,0.001,128,25,0.35414955019950867,0.34533917903900146
qwen-0.6b,das3d,0,3,0,64,0.001,128,26,0.34533917903900146,0.3284488022327423
qwen-0.6b,das3d,0,3,0,64,0.001,128,27,0.3284488022327423,0.3210535943508148
qwen-0.6b,das3d,0,3,0,64,0.001,128,28,0.3210535943508148,0.31233450770378113
qwen-0.6b,das3d,0,3,0,64,0.001,128,29,0.31233450770378113,0.3054414391517639
qwen-0.6b,das3d,0,3,0,64,0.001,128,30,0.3054414391517639,0.3013329803943634
qwen-0.6b,das3d,0,3,0,64,0.001,128,31,0.3013329803943634,0.2958093583583832
qwen-0.6b,das3d,0,3,0,64,0.001,128,32,0.2958093583583832,0.28836849331855774
qwen-0.6b,das3d,0,3,0,64,0.001,128,33,0.28836849331855774,0.28339266777038574
qwen-0.6b,das3d,0,3,0,64,0.001,128,34,0.28339266777038574,0.27754953503608704
qwen-0.6b,das3d,0,3,0,64,0.001,128,35,0.27754953503608704,0.2738519012928009
qwen-0.6b,das3d,0,3,0,64,0.001,128,36,0.2738519012928009,0.2702912390232086
qwen-0.6b,das3d,0,3,0,64,0.001,128,37,0.2702912390232086,0.2672327160835266
qwen-0.6b,das3d,0,3,0,64,0.001,128,38,0.2672327160835266,0.25992879271507263
qwen-0.6b,das3d,0,3,0,64,0.001,128,39,0.25992879271507263,0.2566876709461212
qwen-0.6b,das3d,0,3,0,64,0.001,128,40,0.2566876709461212,0.2536291480064392
qwen-0.6b,das3d,0,3,0,64,0.001,128,41,0.2536291480064392,0.250935822725296
qwen-0.6b,das3d,0,3,0,64,0.001,128,42,0.250935822725296,0.24532093107700348
qwen-0.6b,das3d,0,3,0,64,0.001,128,43,0.24532093107700348,0.24431665241718292
qwen-0.6b,das3d,0,3,0,64,0.001,128,44,0.24431665241718292,0.24144069850444794
qwen-0.6b,das3d,0,3,0,64,0.001,128,45,0.24144069850444794,0.23861044645309448
qwen-0.6b,das3d,0,3,0,64,0.001,128,46,0.23861044645309448,0.23568885028362274
qwen-0.6b,das3d,0,3,0,64,0.001,128,47,0.23568885028362274,0.23317813873291016
qwen-0.6b,das3d,0,3,0,64,0.001,128,48,0.23317813873291016,0.2318999469280243
qwen-0.6b,das3d,0,3,0,64,0.001,128,49,0.2318999469280243,0.23039351403713226
qwen-0.6b,das3d,0,3,0,64,0.001,128,50,0.23039351403713226,0.22642196714878082
qwen-0.6b,das3d,0,3,0,64,0.001,128,51,0.22642196714878082,0.2245960235595703
qwen-0.6b,das3d,0,3,0,64,0.001,128,52,0.2245960235595703,0.22377432882785797
qwen-0.6b,das3d,0,3,0,64,0.001,128,53,0.22377432882785797,0.22062449157238007
qwen-0.6b,das3d,0,3,0,64,0.001,128,54,0.22062449157238007,0.2203962355852127
qwen-0.6b,das3d,0,3,0,64,0.001,128,55,0.2203962355852127,0.21660731732845306
qwen-0.6b,das3d,0,3,0,64,0.001,128,56,0.21660731732845306,0.21304666996002197
qwen-0.6b,das3d,0,3,0,64,0.001,128,57,0.21304666996002197,0.2127271145582199
qwen-0.6b,das3d,0,3,0,64,0.001,128,58,0.2127271145582199,0.2104445993900299
qwen-0.6b,das3d,0,3,0,64,0.001,128,59,0.2104445993900299,0.20898385345935822
qwen-0.6b,das3d,0,3,0,64,0.001,128,60,0.20898385345935822,0.20377978682518005
qwen-0.6b,das3d,0,3,0,64,0.001,128,61,0.20377978682518005,0.20245593786239624
qwen-0.6b,das3d,0,3,0,64,0.001,128,62,0.20245593786239624,0.2011321485042572
qwen-0.6b,das3d,0,3,0,64,0.001,128,63,0.2011321485042572,0.19793666899204254
qwen-0.6b,das,1,1,0,64,0.001,128,0,0.9992696046829224,0.9884049892425537
qwen-0.6b,das,1,1,0,64,0.001,128,1,0.9884049892425537,0.9673604965209961
qwen-0.6b,das,1,1,0,64,0.001,128,2,0.9673604965209961,0.9320733547210693
qwen-0.6b,das,1,1,0,64,0.001,128,3,0.9320733547210693,0.8701268434524536
qwen-0.6b,das,1,1,0,64,0.001,128,4,0.8701268434524536,0.8229708671569824
qwen-0.6b,das,1,1,0,64,0.001,128,5,0.8229708671569824,0.7886880040168762
qwen-0.6b,das,1,1,0,64,0.001,128,6,0.7886880040168762,0.7510271072387695
qwen-0.6b,das,1,1,0,64,0.001,128,7,0.7510271072387695,0.7142791748046875
qwen-0.6b,das,1,1,0,64,0.001,128,8,0.7142791748046875,0.7004929780960083
qwen-0.6b,das,1,1,0,64,0.001,128,9,0.7004929780960083,0.6941477656364441
qwen-0.6b,das,1,1,0,64,0.001,128,10,0.6941477656364441,0.6855655908584595
qwen-0.6b,das,1,1,0,64,0.001,128,11,0.6855655908584595,0.674290120601654
qwen-0.6b,das,1,1,0,64,0.001,128,12,0.674290120601654,0.6518761515617371
qwen-0.6b,das,1,1,0,64,0.001,128,13,0.6518761515617371,0.6384095549583435
qwen-0.6b,das,1,1,0,64,0.001,128,14,0.6384095549583435,0.6276819109916687
qwen-0.6b,das,1,1,0,64,0.001,128,15,0.6276819109916687,0.6094676852226257
qwen-0.6b,das,1,1,0,64,0.001,128,16,0.6094676852226257,0.5817583799362183
qwen-0.6b,das,1,1,0,64,0.001,128,17,0.5817583799362183,0.5660092830657959
qwen-0.6b,das,1,1,0,64,0.001,128,18,0.5660092830657959,0.5467907786369324
qwen-0.6b,das,1,1,0,64,0.001,128,19,0.5467907786369324,0.5397607684135437
qwen-0.6b,das,1,1,0,64,0.001,128,20,0.5397607684135437,0.5316808223724365
qwen-0.6b,das,1,1,0,64,0.001,128,21,0.5316808223724365,0.5258376598358154
qwen-0.6b,das,1,1,0,64,0.001,128,22,0.5258376598358154,0.5153382420539856
qwen-0.6b,das,1,1,0,64,0.001,128,23,0.5153382420539856,0.5064822435379028
qwen-0.6b,das,1,1,0,64,0.001,128,24,0.5064822435379028,0.4996348023414612
qwen-0.6b,das,1,1,0,64,0.001,128,25,0.4996348023414612,0.4921482801437378
qwen-0.6b,das,1,1,0,64,0.001,128,26,0.4921482801437378,0.48443347215652466
qwen-0.6b,das,1,1,0,64,0.001,128,27,0.48443347215652466,0.4780425429344177
qwen-0.6b,das,1,1,0,64,0.001,128,28,0.4780425429344177,0.4719254970550537
qwen-0.6b,das,1,1,0,64,0.001,128,29,0.4719254970550537,0.46950608491897583
qwen-0.6b,das,1,1,0,64,0.001,128,30,0.46950608491897583,0.46900391578674316
qwen-0.6b,das,1,1,0,64,0.001,128,31,0.46900391578674316,0.4631151258945465
qwen-0.6b,das,1,1,0,64,0.001,128,32,0.4631151258945465,0.45914360880851746
qwen-0.6b,das,1,1,0,64,0.001,128,33,0.45914360880851746,0.45530903339385986
qwen-0.6b,das,1,1,0,64,0.001,128,34,0.45530903339385986,0.4532547891139984
qwen-0.6b,das,1,1,0,64,0.001,128,35,0.4532547891139984,0.44718343019485474
qwen-0.6b,das,1,1,0,64,0.001,128,36,0.44718343019485474,0.4445357322692871
qwen-0.6b,das,1,1,0,64,0.001,128,37,0.4445357322692871,0.4427097737789154
qwen-0.6b,das,1,1,0,64,0.001,128,38,0.4427097737789154,0.4404272735118866
qwen-0.6b,das,1,1,0,64,0.001,128,39,0.4404272735118866,0.43672963976860046
qwen-0.6b,das,1,1,0,64,0.001,128,40,0.43672963976860046,0.4291061758995056
qwen-0.6b,das,1,1,0,64,0.001,128,41,0.4291061758995056,0.43088647723197937
qwen-0.6b,das,1,1,0,64,0.001,128,42,0.43088647723197937,0.4305669367313385
qwen-0.6b,das,1,1,0,64,0.001,128,43,0.4305669367313385,0.4265498220920563
qwen-0.6b,das,1,1,0,64,0.001,128,44,0.4265498220920563,0.4229891300201416
qwen-0.6b,das,1,1,0,64,0.001,128,45,0.4229891300201416,0.42791926860809326
qwen-0.6b,das,1,1,0,64,0.001,128,46,0.42791926860809326,0.4215739965438843
qwen-0.6b,das,1,1,0,64,0.001,128,47,0.4215739965438843,0.4202958047389984
qwen-0.6b,das,1,1,0,64,0.001,128,48,0.4202958047389984,0.4216653108596802
qwen-0.6b,das,1,1,0,64,0.001,128,49,0.4216653108596802,0.4183785021305084
qwen-0.6b,das,1,1,0,64,0.001,128,50,0.4183785021305084,0.4204327464103699
qwen-0.6b,das,1,1,0,64,0.001,128,51,0.4204327464103699,0.421071857213974
qwen-0.6b,das,1,1,0,64,0.001,128,52,0.421071857213974,0.42148271203041077
qwen-0.6b,das,1,1,0,64,0.001,128,53,0.42148271203041077,0.421071857213974
qwen-0.6b,das,1,1,0,64,0.001,128,54,0.421071857213974,0.4184698164463043
qwen-0.6b,das,1,1,0,64,0.001,128,55,0.4184698164463043,0.41664382815361023
qwen-0.6b,das,1,1,0,64,0.001,128,56,0.41664382815361023,0.4143613576889038
qwen-0.6b,das,1,1,0,64,0.001,128,57,0.4143613576889038,0.41641560196876526
qwen-0.6b,das,1,1,0,64,0.001,128,58,0.41641560196876526,0.4148634970188141
qwen-0.6b,das,1,1,0,64,0.001,128,59,0.4148634970188141,0.41381359100341797
qwen-0.6b,das,1,1,0,64,0.001,128,60,0.41381359100341797,0.41490915417671204
qwen-0.6b,das,1,1,0,64,0.001,128,61,0.41490915417671204,0.4152286946773529
qwen-0.6b,das,1,1,0,64,0.001,128,62,0.4152286946773529,0.41143977642059326
qwen-0.6b,das,1,1,0,64,0.001,128,63,0.41143977642059326,0.4134027361869812
qwen-0.6b,das2d,1,2,0,64,0.001,128,0,0.9994978308677673,0.9897744655609131
qwen-0.6b,das2d,1,2,0,64,0.001,128,1,0.9897744655609131,0.9716972708702087
qwen-0.6b,das2d,1,2,0,64,0.001,128,2,0.9716972708702087,0.9417510628700256
qwen-0.6b,das2d,1,2,0,64,0.001,128,3,0.9417510628700256,0.8776134252548218
qwen-0.6b,das2d,1,2,0,64,0.001,128,4,0.8776134252548218,0.8246599435806274
qwen-0.6b,das2d,1,2,0,64,0.001,128,5,0.8246599435806274,0.7820688486099243
qwen-0.6b,das2d,1,2,0,64,0.001,128,6,0.7820688486099243,0.7333150506019592
qwen-0.6b,das2d,1,2,0,64,0.001,128,7,0.7333150506019592,0.7043275237083435
qwen-0.6b,das2d,1,2,0,64,0.001,128,8,0.7043275237083435,0.6966584324836731
qwen-0.6b,das2d,1,2,0,64,0.001,128,9,0.6966584324836731,0.6835570335388184
qwen-0.6b,das2d,1,2,0,64,0.001,128,10,0.6835570335388184,0.6639732718467712
qwen-0.6b,das2d,1,2,0,64,0.001,128,11,0.6639732718467712,0.639687716960907
qwen-0.6b,das2d,1,2,0,64,0.001,128,12,0.639687716960907,0.6276362538337708
qwen-0.6b,das2d,1,2,0,64,0.001,128,13,0.6276362538337708,0.6061353087425232
qwen-0.6b,das2d,1,2,0,64,0.001,128,14,0.6061353087425232,0.5885602235794067
qwen-0.6b,das2d,1,2,0,64,0.001,128,15,0.5885602235794067,0.5632703304290771
qwen-0.6b,das2d,1,2,0,64,0.001,128,16,0.5632703304290771,0.5457865595817566
qwen-0.6b,das2d,1,2,0,64,0.001,128,17,0.5457865595817566,0.5325025320053101
qwen-0.6b,das2d,1,2,0,64,0.001,128,18,0.5325025320053101,0.5185337066650391
qwen-0.6b,das2d,1,2,0,64,0.001,128,19,0.5185337066650391,0.49516114592552185
qwen-0.6b,das2d,1,2,0,64,0.001,128,20,0.49516114592552185,0.48867887258529663
qwen-0.6b,das2d,1,2,0,64,0.001,128,21,0.48867887258529663,0.4765360951423645
qwen-0.6b,das2d,1,2,0,64,0.001,128,22,0.4765360951423645,0.46726924180984497
qwen-0.6b,das2d,1,2,0,64,0.001,128,23,0.46726924180984497,0.4617913067340851
qwen-0.6b,das2d,1,2,0,64,0.001,128,24,0.4617913067340851,0.4461791217327118
qwen-0.6b,das2d,1,2,0,64,0.001,128,25,0.4461791217327118,0.4432119131088257
qwen-0.6b,das2d,1,2,0,64,0.001,128,26,0.4432119131088257,0.4393773078918457
qwen-0.6b,das2d,1,2,0,64,0.001,128,27,0.4393773078918457,0.4360449016094208
qwen-0.6b,das2d,1,2,0,64,0.001,128,28,0.4360449016094208,0.4346754252910614
qwen-0.6b,das2d,1,2,0,64,0.001,128,29,0.4346754252910614,0.4311147928237915
qwen-0.6b,das2d,1,2,0,64,0.001,128,30,0.4311147928237915,0.42486077547073364
qwen-0.6b,das2d,1,2,0,64,0.001,128,31,0.42486077547073364,0.4196110665798187
qwen-0.6b,das2d,1,2,0,64,0.001,128,32,0.4196110665798187,0.4113941490650177
qwen-0.6b,das2d,1,2,0,64,0.001,128,33,0.4113941490650177,0.4123528003692627
qwen-0.6b,das2d,1,2,0,64,0.001,128,34,0.4123528003692627,0.40705743432044983
qwen-0.6b,das2d,1,2,0,64,0.001,128,35,0.40705743432044983,0.4010773301124573
qwen-0.6b,das2d,1,2,0,64,0.001,128,36,0.4010773301124573,0.39336255192756653
qwen-0.6b,das2d,1,2,0,64,0.001,128,37,0.39336255192756653,0.39400163292884827
qwen-0.6b,das2d,1,2,0,64,0.001,128,38,0.39400163292884827,0.3958732485771179
qwen-0.6b,das2d,1,2,0,64,0.001,128,39,0.3958732485771179,0.3913995921611786
qwen-0.6b,das2d,1,2,0,64,0.001,128,40,0.3913995921611786,0.3850543200969696
qwen-0.6b,das2d,1,2,0,64,0.001,128,41,0.3850543200969696,0.3845521807670593
qwen-0.6b,das2d,1,2,0,64,0.001,128,42,0.3845521807670593,0.3786633610725403
qwen-0.6b,das2d,1,2,0,64,0.001,128,43,0.3786633610725403,0.37647220492362976
qwen-0.6b,das2d,1,2,0,64,0.001,128,44,0.37647220492362976,0.37811559438705444
qwen-0.6b,das2d,1,2,0,64,0.001,128,45,0.37811559438705444,0.38222405314445496
qwen-0.6b,das2d,1,2,0,64,0.001,128,46,0.38222405314445496,0.3790285587310791
qwen-0.6b,das2d,1,2,0,64,0.001,128,47,0.3790285587310791,0.37743085622787476
qwen-0.6b,das2d,1,2,0,64,0.001,128,48,0.37743085622787476,0.37218114733695984
qwen-0.6b,das2d,1,2,0,64,0.001,128,49,0.37218114733695984,0.3675248622894287
qwen-0.6b,das2d,1,2,0,64,0.001,128,50,0.3675248622894287,0.3631881773471832
qwen-0.6b,das2d,1,2,0,64,0.001,128,51,0.3631881773471832,0.3589884042739868
qwen-0.6b,das2d,1,2,0,64,0.001,128,52,0.3589884042739868,0.3562037944793701
qwen-0.6b,das2d,1,2,0,64,0.001,128,53,0.3562037944793701,0.3540126085281372
qwen-0.6b,das2d,1,2,0,64,0.001,128,54,0.3540126085281372,0.35186707973480225
qwen-0.6b,das2d,1,2,0,64,0.001,128,55,0.35186707973480225,0.35099974274635315
qwen-0.6b,das2d,1,2,0,64,0.001,128,56,0.35099974274635315,0.350360631942749
qwen-0.6b,das2d,1,2,0,64,0.001,128,57,0.350360631942749,0.3466630280017853
qwen-0.6b,das2d,1,2,0,64,0.001,128,58,0.3466630280017853,0.34602391719818115
qwen-0.6b,das2d,1,2,0,64,0.001,128,59,0.34602391719818115,0.3438783586025238
qwen-0.6b,das2d,1,2,0,64,0.001,128,60,0.3438783586025238,0.3427371680736542
qwen-0.6b,das2d,1,2,0,64,0.001,128,61,0.3427371680736542,0.338856965303421
qwen-0.6b,das2d,1,2,0,64,0.001,128,62,0.338856965303421,0.3386286497116089
qwen-0.6b,das2d,1,2,0,64,0.001,128,63,0.3386286497116089,0.3354332149028778
qwen-0.6b,das3d,1,3,0,64,0.001,128,0,1.0003652572631836,0.9877658486366272
qwen-0.6b,das3d,1,3,0,64,0.001,128,1,0.9877658486366272,0.9688212871551514
qwen-0.6b,das3d,1,3,0,64,0.001,128,2,0.9688212871551514,0.9313430190086365
qwen-0.6b,das3d,1,3,0,64,0.001,128,3,0.9313430190086365,0.8471651673316956
qwen-0.6b,das3d,1,3,0,64,0.001,128,4,0.8471651673316956,0.7989135384559631
qwen-0.6b,das3d,1,3,0,64,0.001,128,5,0.7989135384559631,0.7352323532104492
qwen-0.6b,das3d,1,3,0,64,0.001,128,6,0.7352323532104492,0.6961562633514404
qwen-0.6b,das3d,1,3,0,64,0.001,128,7,0.6961562633514404,0.6681730151176453
qwen-0.6b,das3d,1,3,0,64,0.001,128,8,0.6681730151176453,0.6530630588531494
qwen-0.6b,das3d,1,3,0,64,0.001,128,9,0.6530630588531494,0.6257190108299255
qwen-0.6b,das3d,1,3,0,64,0.001,128,10,0.6257190108299255,0.6105632781982422
qwen-0.6b,das3d,1,3,0,64,0.001,128,11,0.6105632781982422,0.5929425358772278
qwen-0.6b,das3d,1,3,0,64,0.001,128,12,0.5929425358772278,0.575869619846344
qwen-0.6b,das3d,1,3,0,64,0.001,128,13,0.575869619846344,0.5541860461235046
qwen-0.6b,das3d,1,3,0,64,0.001,128,14,0.5541860461235046,0.5352871417999268
qwen-0.6b,das3d,1,3,0,64,0.001,128,15,0.5352871417999268,0.5176663994789124
qwen-0.6b,das3d,1,3,0,64,0.001,128,16,0.5176663994789124,0.5030128955841064
qwen-0.6b,das3d,1,3,0,64,0.001,128,17,0.5030128955841064,0.48863324522972107
qwen-0.6b,das3d,1,3,0,64,0.001,128,18,0.48863324522972107,0.47247329354286194
qwen-0.6b,das3d,1,3,0,64,0.001,128,19,0.47247329354286194,0.4522048830986023
qwen-0.6b,das3d,1,3,0,64,0.001,128,20,0.4522048830986023,0.4429836571216583
qwen-0.6b,das3d,1,3,0,64,0.001,128,21,0.4429836571216583,0.43714049458503723
qwen-0.6b,das3d,1,3,0,64,0.001,128,22,0.43714049458503723,0.43079522252082825
qwen-0.6b,das3d,1,3,0,64,0.001,128,23,0.43079522252082825,0.42371952533721924
qwen-0.6b,das3d,1,3,0,64,0.001,128,24,0.42371952533721924,0.40906602144241333
qwen-0.6b,das3d,1,3,0,64,0.001,128,25,0.40906602144241333,0.4008947014808655
qwen-0.6b,das3d,1,3,0,64,0.001,128,26,0.4008947014808655,0.3984752893447876
qwen-0.6b,das3d,1,3,0,64,0.001,128,27,0.3984752893447876,0.3922213017940521
qwen-0.6b,das3d,1,3,0,64,0.001,128,28,0.3922213017940521,0.3884323835372925
qwen-0.6b,das3d,1,3,0,64,0.001,128,29,0.3884323835372925,0.38309141993522644
qwen-0.6b,das3d,1,3,0,64,0.001,128,30,0.38309141993522644,0.3743266463279724
qwen-0.6b,das3d,1,3,0,64,0.001,128,31,0.3743266463279724,0.36729663610458374
qwen-0.6b,das3d,1,3,0,64,0.001,128,32,0.36729663610458374,0.35912537574768066
qwen-0.6b,das3d,1,3,0,64,0.001,128,33,0.35912537574768066,0.35597553849220276
qwen-0.6b,das3d,1,3,0,64,0.001,128,34,0.35597553849220276,0.35204967856407166
qwen-0.6b,das3d,1,3,0,64,0.001,128,35,0.35204967856407166,0.3471195101737976
qwen-0.6b,das3d,1,3,0,64,0.001,128,36,0.3471195101737976,0.3434675633907318
qwen-0.6b,das3d,1,3,0,64,0.001,128,37,0.3434675633907318,0.3404090106487274
qwen-0.6b,das3d,1,3,0,64,0.001,128,38,0.3404090106487274,0.3357527554035187
qwen-0.6b,das3d,1,3,0,64,0.001,128,39,0.3357527554035187,0.3329681158065796
qwen-0.6b,das3d,1,3,0,64,0.001,128,40,0.3329681158065796,0.3294074535369873
qwen-0.6b,das3d,1,3,0,64,0.001,128,41,0.3294074535369873,0.3259381055831909
qwen-0.6b,das3d,1,3,0,64,0.001,128,42,0.3259381055831909,0.3229252099990845
qwen-0.6b,das3d,1,3,0,64,0.001,128,43,0.3229252099990845,0.32036882638931274
qwen-0.6b,das3d,1,3,0,64,0.001,128,44,0.32036882638931274,0.317401647567749
qwen-0.6b,das3d,1,3,0,64,0.001,128,45,0.317401647567749,0.31297361850738525
qwen-0.6b,das3d,1,3,0,64,0.001,128,46,0.31297361850738525,0.31018900871276855
qwen-0.6b,das3d,1,3,0,64,0.001,128,47,0.31018900871276855,0.30868253111839294
qwen-0.6b,das3d,1,3,0,64,0.001,128,48,0.30868253111839294,0.3048023283481598
qwen-0.6b,das3d,1,3,0,64,0.001,128,49,0.3048023283481598,0.30174383521080017
qwen-0.6b,das3d,1,3,0,64,0.001,128,50,0.30174383521080017,0.29640281200408936
qwen-0.6b,das3d,1,3,0,64,0.001,128,51,0.29640281200408936,0.2946224808692932
qwen-0.6b,das3d,1,3,0,64,0.001,128,52,0.2946224808692932,0.29265955090522766
qwen-0.6b,das3d,1,3,0,64,0.001,128,53,0.29265955090522766,0.2900118827819824
qwen-0.6b,das3d,1,3,0,64,0.001,128,54,0.2900118827819824,0.2868620753288269
qwen-0.6b,das3d,1,3,0,64,0.001,128,55,0.2868620753288269,0.2833470106124878
qwen-0.6b,das3d,1,3,0,64,0.001,128,56,0.2833470106124878,0.280653715133667
qwen-0.6b,das3d,1,3,0,64,0.001,128,57,0.280653715133667,0.278736412525177
qwen-0.6b,das3d,1,3,0,64,0.001,128,58,0.278736412525177,0.2763170003890991
qwen-0.6b,das3d,1,3,0,64,0.001,128,59,0.2763170003890991,0.27179768681526184
qwen-0.6b,das3d,1,3,0,64,0.001,128,60,0.27179768681526184,0.27353236079216003
qwen-0.6b,das3d,1,3,0,64,0.001,128,61,0.27353236079216003,0.2677348852157593
qwen-0.6b,das3d,1,3,0,64,0.001,128,62,0.2677348852157593,0.273578017950058
qwen-0.6b,das3d,1,3,0,64,0.001,128,63,0.273578017950058,0.27303022146224976
qwen-0.6b,das,2,1,0,64,0.001,128,0,0.9994978904724121,0.9911440014839172
qwen-0.6b,das,2,1,0,64,0.001,128,1,0.9911440014839172,0.9712406992912292
qwen-0.6b,das,2,1,0,64,0.001,128,2,0.9712406992912292,0.9324842095375061
qwen-0.6b,das,2,1,0,64,0.001,128,3,0.9324842095375061,0.8644663095474243
qwen-0.6b,das,2,1,0,64,0.001,128,4,0.8644663095474243,0.8172646760940552
qwen-0.6b,das,2,1,0,64,0.001,128,5,0.8172646760940552,0.7778690457344055
qwen-0.6b,das,2,1,0,64,0.001,128,6,0.7778690457344055,0.7385647892951965
qwen-0.6b,das,2,1,0,64,0.001,128,7,0.7385647892951965,0.7074773907661438
qwen-0.6b,das,2,1,0,64,0.001,128,8,0.7074773907661438,0.6957454085350037
qwen-0.6b,das,2,1,0,64,0.001,128,9,0.6957454085350037,0.6812745332717896
qwen-0.6b,das,2,1,0,64,0.001,128,10,0.6812745332717896,0.6798137426376343
qwen-0.6b,das,2,1,0,64,0.001,128,11,0.6798137426376343,0.6744270920753479
qwen-0.6b,das,2,1,0,64,0.001,128,12,0.6744270920753479,0.6561216115951538
qwen-0.6b,das,2,1,0,64,0.001,128,13,0.6561216115951538,0.6379073858261108
qwen-0.6b,das,2,1,0,64,0.001,128,14,0.6379073858261108,0.6231169700622559
qwen-0.6b,das,2,1,0,64,0.001,128,15,0.6231169700622559,0.6093307733535767
qwen-0.6b,das,2,1,0,64,0.001,128,16,0.6093307733535767,0.5915730595588684
qwen-0.6b,das,2,1,0,64,0.001,128,17,0.5915730595588684,0.5749109387397766
qwen-0.6b,das,2,1,0,64,0.001,128,18,0.5749109387397766,0.5648223757743835
qwen-0.6b,das,2,1,0,64,0.001,128,19,0.5648223757743835,0.5547338724136353
qwen-0.6b,das,2,1,0,64,0.001,128,20,0.5547338724136353,0.5386651754379272
qwen-0.6b,das,2,1,0,64,0.001,128,21,0.5386651754379272,0.5279831886291504
qwen-0.6b,das,2,1,0,64,0.001,128,22,0.5279831886291504,0.5230530500411987
qwen-0.6b,das,2,1,0,64,0.001,128,23,0.5230530500411987,0.520496666431427
qwen-0.6b,das,2,1,0,64,0.001,128,24,0.520496666431427,0.5076690912246704
qwen-0.6b,das,2,1,0,64,0.001,128,25,0.5076690912246704,0.49958914518356323
qwen-0.6b,das,2,1,0,64,0.001,128,26,0.49958914518356323,0.48557472229003906
qwen-0.6b,das,2,1,0,64,0.001,128,27,0.48557472229003906,0.4813293218612671
qwen-0.6b,das,2,1,0,64,0.001,128,28,0.4813293218612671,0.4738427698612213
qwen-0.6b,das,2,1,0,64,0.001,128,29,0.4738427698612213,0.47064727544784546
qwen-0.6b,das,2,1,0,64,0.001,128,30,0.47064727544784546,0.47142332792282104
qwen-0.6b,das,2,1,0,64,0.001,128,31,0.47142332792282104,0.4585501551628113
qwen-0.6b,das,2,1,0,64,0.001,128,32,0.4585501551628113,0.4564959406852722
qwen-0.6b,das,2,1,0,64,0.001,128,33,0.4564959406852722,0.4522961378097534
qwen-0.6b,das,2,1,0,64,0.001,128,34,0.4522961378097534,0.4480964243412018
qwen-0.6b,das,2,1,0,64,0.001,128,35,0.4480964243412018,0.4482790231704712
qwen-0.6b,das,2,1,0,64,0.001,128,36,0.4482790231704712,0.44106635451316833
qwen-0.6b,das,2,1,0,64,0.001,128,37,0.44106635451316833,0.43787088990211487
qwen-0.6b,das,2,1,0,64,0.001,128,38,0.43787088990211487,0.4333516061306
qwen-0.6b,das,2,1,0,64,0.001,128,39,0.4333516061306,0.4317995011806488
qwen-0.6b,das,2,1,0,64,0.001,128,40,0.4317995011806488,0.42737147212028503
qwen-0.6b,das,2,1,0,64,0.001,128,41,0.42737147212028503,0.42399340867996216
qwen-0.6b,das,2,1,0,64,0.001,128,42,0.42399340867996216,0.42362821102142334
qwen-0.6b,das,2,1,0,64,0.001,128,43,0.42362821102142334,0.42015886306762695
qwen-0.6b,das,2,1,0,64,0.001,128,44,0.42015886306762695,0.42025014758110046
qwen-0.6b,das,2,1,0,64,0.001,128,45,0.42025014758110046,0.41796764731407166
qwen-0.6b,das,2,1,0,64,0.001,128,46,0.41796764731407166,0.4152286946773529
qwen-0.6b,das,2,1,0,64,0.001,128,47,0.4152286946773529,0.4113028347492218
qwen-0.6b,das,2,1,0,64,0.001,128,48,0.4113028347492218,0.41048112511634827
qwen-0.6b,das,2,1,0,64,0.001,128,49,0.41048112511634827,0.4119419455528259
qwen-0.6b,das,2,1,0,64,0.001,128,50,0.4119419455528259,0.41463524103164673
qwen-0.6b,das,2,1,0,64,0.001,128,51,0.41463524103164673,0.41787639260292053
qwen-0.6b,das,2,1,0,64,0.001,128,52,0.41787639260292053,0.4157308340072632
qwen-0.6b,das,2,1,0,64,0.001,128,53,0.4157308340072632,0.4129462242126465
qwen-0.6b,das,2,1,0,64,0.001,128,54,0.4129462242126465,0.40733131766319275
qwen-0.6b,das,2,1,0,64,0.001,128,55,0.40733131766319275,0.4048662781715393
qwen-0.6b,das,2,1,0,64,0.001,128,56,0.4048662781715393,0.4021272659301758
qwen-0.6b,das,2,1,0,64,0.001,128,57,0.4021272659301758,0.40724000334739685
qwen-0.6b,das,2,1,0,64,0.001,128,58,0.40724000334739685,0.40167075395584106
qwen-0.6b,das,2,1,0,64,0.001,128,59,0.40167075395584106,0.4076508581638336
qwen-0.6b,das,2,1,0,64,0.001,128,60,0.4076508581638336,0.4134939908981323
qwen-0.6b,das,2,1,0,64,0.001,128,61,0.4134939908981323,0.4157308340072632
qwen-0.6b,das,2,1,0,64,0.001,128,62,0.4157308340072632,0.4180133044719696
qwen-0.6b,das,2,1,0,64,0.001,128,63,0.4180133044719696,0.41605040431022644
qwen-0.6b,das2d,2,2,0,64,0.001,128,0,1.0012781620025635,0.991737425327301
qwen-0.6b,das2d,2,2,0,64,0.001,128,1,0.991737425327301,0.9723820090293884
qwen-0.6b,das2d,2,2,0,64,0.001,128,2,0.9723820090293884,0.9426183700561523
qwen-0.6b,das2d,2,2,0,64,0.001,128,3,0.9426183700561523,0.871313750743866
qwen-0.6b,das2d,2,2,0,64,0.001,128,4,0.871313750743866,0.8168538212776184
qwen-0.6b,das2d,2,2,0,64,0.001,128,5,0.8168538212776184,0.7716150879859924
qwen-0.6b,das2d,2,2,0,64,0.001,128,6,0.7716150879859924,0.7224960923194885
qwen-0.6b,das2d,2,2,0,64,0.001,128,7,0.7224960923194885,0.6893544793128967
qwen-0.6b,das2d,2,2,0,64,0.001,128,8,0.6893544793128967,0.662284255027771
qwen-0.6b,das2d,2,2,0,64,0.001,128,9,0.662284255027771,0.6574910879135132
qwen-0.6b,das2d,2,2,0,64,0.001,128,10,0.6574910879135132,0.649867594242096
qwen-0.6b,das2d,2,2,0,64,0.001,128,11,0.649867594242096,0.6365835666656494
qwen-0.6b,das2d,2,2,0,64,0.001,128,12,0.6365835666656494,0.6094220280647278
qwen-0.6b,das2d,2,2,0,64,0.001,128,13,0.6094220280647278,0.5898383855819702
qwen-0.6b,das2d,2,2,0,64,0.001,128,14,0.5898383855819702,0.5710307359695435
qwen-0.6b,das2d,2,2,0,64,0.001,128,15,0.5710307359695435,0.5498493313789368
qwen-0.6b,das2d,2,2,0,64,0.001,128,16,0.5498493313789368,0.5279831886291504
qwen-0.6b,das2d,2,2,0,64,0.001,128,17,0.5279831886291504,0.5089929699897766
qwen-0.6b,das2d,2,2,0,64,0.001,128,18,0.5089929699897766,0.5019629597663879
qwen-0.6b,das2d,2,2,0,64,0.001,128,19,0.5019629597663879,0.49096137285232544
qwen-0.6b,das2d,2,2,0,64,0.001,128,20,0.49096137285232544,0.47621655464172363
qwen-0.6b,das2d,2,2,0,64,0.001,128,21,0.47621655464172363,0.46462157368659973
qwen-0.6b,das2d,2,2,0,64,0.001,128,22,0.46462157368659973,0.4517940282821655
qwen-0.6b,das2d,2,2,0,64,0.001,128,23,0.4517940282821655,0.43682095408439636
qwen-0.6b,das2d,2,2,0,64,0.001,128,24,0.43682095408439636,0.43106913566589355
qwen-0.6b,das2d,2,2,0,64,0.001,128,25,0.43106913566589355,0.42878663539886475
qwen-0.6b,das2d,2,2,0,64,0.001,128,26,0.42878663539886475,0.4108006954193115
qwen-0.6b,das2d,2,2,0,64,0.001,128,27,0.4108006954193115,0.4037250280380249
qwen-0.6b,das2d,2,2,0,64,0.001,128,28,0.4037250280380249,0.3973340690135956
qwen-0.6b,das2d,2,2,0,64,0.001,128,29,0.3973340690135956,0.39391034841537476
qwen-0.6b,das2d,2,2,0,64,0.001,128,30,0.39391034841537476,0.3894366919994354
qwen-0.6b,das2d,2,2,0,64,0.001,128,31,0.3894366919994354,0.3830457627773285
qwen-0.6b,das2d,2,2,0,64,0.001,128,32,0.3830457627773285,0.3796220123767853
qwen-0.6b,das2d,2,2,0,64,0.001,128,33,0.3796220123767853,0.3736419379711151
qwen-0.6b,das2d,2,2,0,64,0.001,128,34,0.3736419379711151,0.3704007863998413
qwen-0.6b,das2d,2,2,0,64,0.001,128,35,0.3704007863998413,0.3681183457374573
qwen-0.6b,das2d,2,2,0,64,0.001,128,36,0.3681183457374573,0.3640098571777344
qwen-0.6b,das2d,2,2,0,64,0.001,128,37,0.3640098571777344,0.36145347356796265
qwen-0.6b,das2d,2,2,0,64,0.001,128,38,0.36145347356796265,0.3614078164100647
qwen-0.6b,das2d,2,2,0,64,0.001,128,39,0.3614078164100647,0.35894274711608887
qwen-0.6b,das2d,2,2,0,64,0.001,128,40,0.35894274711608887,0.3563407361507416
qwen-0.6b,das2d,2,2,0,64,0.001,128,41,0.3563407361507416,0.3545147478580475
qwen-0.6b,das2d,2,2,0,64,0.001,128,42,0.3545147478580475,0.35332784056663513
qwen-0.6b,das2d,2,2,0,64,0.001,128,43,0.35332784056663513,0.3491280972957611
qwen-0.6b,das2d,2,2,0,64,0.001,128,44,0.3491280972957611,0.34899115562438965
qwen-0.6b,das2d,2,2,0,64,0.001,128,45,0.34899115562438965,0.34803247451782227
qwen-0.6b,das2d,2,2,0,64,0.001,128,46,0.34803247451782227,0.3441522717475891
qwen-0.6b,das2d,2,2,0,64,0.001,128,47,0.3441522717475891,0.3429197669029236
qwen-0.6b,das2d,2,2,0,64,0.001,128,48,0.3429197669029236,0.3426915109157562
qwen-0.6b,das2d,2,2,0,64,0.001,128,49,0.3426915109157562,0.34159591794013977
qwen-0.6b,das2d,2,2,0,64,0.001,128,50,0.34159591794013977,0.34132200479507446
qwen-0.6b,das2d,2,2,0,64,0.001,128,51,0.34132200479507446,0.33808091282844543
qwen-0.6b,das2d,2,2,0,64,0.001,128,52,0.33808091282844543,0.3384460508823395
qwen-0.6b,das2d,2,2,0,64,0.001,128,53,0.3384460508823395,0.33767005801200867
qwen-0.6b,das2d,2,2,0,64,0.001,128,54,0.33767005801200867,0.3353419005870819
qwen-0.6b,das2d,2,2,0,64,0.001,128,55,0.3353419005870819,0.3338354825973511
qwen-0.6b,das2d,2,2,0,64,0.001,128,56,0.3338354825973511,0.33397242426872253
qwen-0.6b,das2d,2,2,0,64,0.001,128,57,0.33397242426872253,0.33013784885406494
qwen-0.6b,das2d,2,2,0,64,0.001,128,58,0.33013784885406494,0.3281749188899994
qwen-0.6b,das2d,2,2,0,64,0.001,128,59,0.3281749188899994,0.3279010057449341
qwen-0.6b,das2d,2,2,0,64,0.001,128,60,0.3279010057449341,0.3261207044124603
qwen-0.6b,das2d,2,2,0,64,0.001,128,61,0.3261207044124603,0.3226056694984436
qwen-0.6b,das2d,2,2,0,64,0.001,128,62,0.3226056694984436,0.32310783863067627
qwen-0.6b,das2d,2,2,0,64,0.001,128,63,0.32310783863067627,0.32027754187583923
qwen-0.6b,das3d,2,3,0,64,0.001,128,0,1.0003652572631836,0.9919200539588928
qwen-0.6b,das3d,2,3,0,64,0.001,128,1,0.9919200539588928,0.9701907634735107
qwen-0.6b,das3d,2,3,0,64,0.001,128,2,0.9701907634735107,0.9346297383308411
qwen-0.6b,das3d,2,3,0,64,0.001,128,3,0.9346297383308411,0.8543777465820312
qwen-0.6b,das3d,2,3,0,64,0.001,128,4,0.8543777465820312,0.8027024269104004
qwen-0.6b,das3d,2,3,0,64,0.001,128,5,0.8027024269104004,0.7381995916366577
qwen-0.6b,das3d,2,3,0,64,0.001,128,6,0.7381995916366577,0.690769612789154
qwen-0.6b,das3d,2,3,0,64,0.001,128,7,0.690769612789154,0.651282787322998
qwen-0.6b,das3d,2,3,0,64,0.001,128,8,0.651282787322998,0.6351227760314941
qwen-0.6b,das3d,2,3,0,64,0.001,128,9,0.6351227760314941,0.6185976266860962
qwen-0.6b,das3d,2,3,0,64,0.001,128,10,0.6185976266860962,0.6071852445602417
qwen-0.6b,das3d,2,3,0,64,0.001,128,11,0.6071852445602417,0.5871450304985046
qwen-0.6b,das3d,2,3,0,64,0.001,128,12,0.5871450304985046,0.569889485836029
qwen-0.6b,das3d,2,3,0,64,0.001,128,13,0.569889485836029,0.5447365641593933
qwen-0.6b,das3d,2,3,0,64,0.001,128,14,0.5447365641593933,0.5233269333839417
qwen-0.6b,das3d,2,3,0,64,0.001,128,15,0.5233269333839417,0.5070756673812866
qwen-0.6b,das3d,2,3,0,64,0.001,128,16,0.5070756673812866,0.49306124448776245
qwen-0.6b,das3d,2,3,0,64,0.001,128,17,0.49306124448776245,0.47904685139656067
qwen-0.6b,das3d,2,3,0,64,0.001,128,18,0.47904685139656067,0.4630238115787506
qwen-0.6b,das3d,2,3,0,64,0.001,128,19,0.4630238115787506,0.4487811326980591
qwen-0.6b,das3d,2,3,0,64,0.001,128,20,0.4487811326980591,0.4384186863899231
qwen-0.6b,das3d,2,3,0,64,0.001,128,21,0.4384186863899231,0.4233543276786804
qwen-0.6b,das3d,2,3,0,64,0.001,128,22,0.4233543276786804,0.409978985786438
qwen-0.6b,das3d,2,3,0,64,0.001,128,23,0.409978985786438,0.4032685160636902
qwen-0.6b,das3d,2,3,0,64,0.001,128,24,0.4032685160636902,0.39623844623565674
qwen-0.6b,das3d,2,3,0,64,0.001,128,25,0.39623844623565674,0.3889801800251007
qwen-0.6b,das3d,2,3,0,64,0.001,128,26,0.3889801800251007,0.38108280301094055
qwen-0.6b,das3d,2,3,0,64,0.001,128,27,0.38108280301094055,0.3728202283382416
qwen-0.6b,das3d,2,3,0,64,0.001,128,28,0.3728202283382416,0.3672509789466858
qwen-0.6b,das3d,2,3,0,64,0.001,128,29,0.3672509789466858,0.36049485206604004
qwen-0.6b,das3d,2,3,0,64,0.001,128,30,0.36049485206604004,0.3515931963920593
qwen-0.6b,das3d,2,3,0,64,0.001,128,31,0.3515931963920593,0.3467086851596832
qwen-0.6b,das3d,2,3,0,64,0.001,128,32,0.3467086851596832,0.3372592031955719
qwen-0.6b,das3d,2,3,0,64,0.001,128,33,0.3372592031955719,0.3334246277809143
qwen-0.6b,das3d,2,3,0,64,0.001,128,34,0.3334246277809143,0.3287227153778076
qwen-0.6b,das3d,2,3,0,64,0.001,128,35,0.3287227153778076,0.32447731494903564
qwen-0.6b,das3d,2,3,0,64,0.001,128,36,0.32447731494903564,0.3205971121788025
qwen-0.6b,das3d,2,3,0,64,0.001,128,37,0.3205971121788025,0.3161690831184387
qwen-0.6b,das3d,2,3,0,64,0.001,128,38,0.3161690831184387,0.31251710653305054
qwen-0.6b,das3d,2,3,0,64,0.001,128,39,0.31251710653305054,0.3090021014213562
qwen-0.6b,das3d,2,3,0,64,0.001,128,40,0.3090021014213562,0.3080434501171112
qwen-0.6b,das3d,2,3,0,64,0.001,128,41,0.3080434501171112,0.30370673537254333
qwen-0.6b,das3d,2,3,0,64,0.001,128,42,0.30370673537254333,0.3015155792236328
qwen-0.6b,das3d,2,3,0,64,0.001,128,43,0.3015155792236328,0.29640281200408936
qwen-0.6b,das3d,2,3,0,64,0.001,128,44,0.29640281200408936,0.2930247485637665
qwen-0.6b,das3d,2,3,0,64,0.001,128,45,0.2930247485637665,0.29160961508750916
qwen-0.6b,das3d,2,3,0,64,0.001,128,46,0.29160961508750916,0.2893727719783783
qwen-0.6b,das3d,2,3,0,64,0.001,128,47,0.2893727719783783,0.2883228361606598
qwen-0.6b,das3d,2,3,0,64,0.001,128,48,0.2883228361606598,0.28321006894111633
qwen-0.6b,das3d,2,3,0,64,0.001,128,49,0.28321006894111633,0.2794211804866791
qwen-0.6b,das3d,2,3,0,64,0.001,128,50,0.2794211804866791,0.27668219804763794
qwen-0.6b,das3d,2,3,0,64,0.001,128,51,0.27668219804763794,0.27513009309768677
qwen-0.6b,das3d,2,3,0,64,0.001,128,52,0.27513009309768677,0.2729845941066742
qwen-0.6b,das3d,2,3,0,64,0.001,128,53,0.2729845941066742,0.2710672914981842
qwen-0.6b,das3d,2,3,0,64,0.001,128,54,0.2710672914981842,0.2671414315700531
qwen-0.6b,das3d,2,3,0,64,0.001,128,55,0.2671414315700531,0.26316991448402405
qwen-0.6b,das3d,2,3,0,64,0.001,128,56,0.26316991448402405,0.26116135716438293
qwen-0.6b,das3d,2,3,0,64,0.001,128,57,0.26116135716438293,0.25750935077667236
qwen-0.6b,das3d,2,3,0,64,0.001,128,58,0.25750935077667236,0.25591161847114563
qwen-0.6b,das3d,2,3,0,64,0.001,128,59,0.25591161847114563,0.25198572874069214
qwen-0.6b,das3d,2,3,0,64,0.001,128,60,0.25198572874069214,0.25102710723876953
qwen-0.6b,das3d,2,3,0,64,0.001,128,61,0.25102710723876953,0.24874462187290192
qwen-0.6b,das3d,2,3,0,64,0.001,128,62,0.24874462187290192,0.24468180537223816
qwen-0.6b,das3d,2,3,0,64,0.001,128,63,0.24468180537223816,0.24340365827083588
qwen-0.6b,das,3,1,0,64,0.001,128,0,0.9989500045776367,0.9902309775352478
qwen-0.6b,das,3,1,0,64,0.001,128,1,0.9902309775352478,0.9726558923721313
qwen-0.6b,das,3,1,0,64,0.001,128,2,0.9726558923721313,0.9362275004386902
qwen-0.6b,das,3,1,0,64,0.001,128,3,0.9362275004386902,0.8636446595191956
qwen-0.6b,das,3,1,0,64,0.001,128,4,0.8636446595191956,0.7991417050361633
qwen-0.6b,das,3,1,0,64,0.001,128,5,0.7991417050361633,0.7476034164428711
qwen-0.6b,das,3,1,0,64,0.001,128,6,0.7476034164428711,0.7109467387199402
qwen-0.6b,das,3,1,0,64,0.001,128,7,0.7109467387199402,0.6831005215644836
qwen-0.6b,das,3,1,0,64,0.001,128,8,0.6831005215644836,0.6737423539161682
qwen-0.6b,das,3,1,0,64,0.001,128,9,0.6737423539161682,0.6562585234642029
qwen-0.6b,das,3,1,0,64,0.001,128,10,0.6562585234642029,0.6531543731689453
qwen-0.6b,das,3,1,0,64,0.001,128,11,0.6531543731689453,0.6497306823730469
qwen-0.6b,das,3,1,0,64,0.001,128,12,0.6497306823730469,0.6389573216438293
qwen-0.6b,das,3,1,0,64,0.001,128,13,0.6389573216438293,0.6217930912971497
qwen-0.6b,das,3,1,0,64,0.001,128,14,0.6217930912971497,0.6035789251327515
qwen-0.6b,das,3,1,0,64,0.001,128,15,0.6035789251327515,0.5866885781288147
qwen-0.6b,das,3,1,0,64,0.001,128,16,0.5866885781288147,0.5705742835998535
qwen-0.6b,das,3,1,0,64,0.001,128,17,0.5705742835998535,0.5622203946113586
qwen-0.6b,das,3,1,0,64,0.001,128,18,0.5622203946113586,0.5511731505393982
qwen-0.6b,das,3,1,0,64,0.001,128,19,0.5511731505393982,0.5414498448371887
qwen-0.6b,das,3,1,0,64,0.001,128,20,0.5414498448371887,0.5300374031066895
qwen-0.6b,das,3,1,0,64,0.001,128,21,0.5300374031066895,0.5089016556739807
qwen-0.6b,das,3,1,0,64,0.001,128,22,0.5089016556739807,0.4985848665237427
qwen-0.6b,das,3,1,0,64,0.001,128,23,0.4985848665237427,0.49306124448776245
qwen-0.6b,das,3,1,0,64,0.001,128,24,0.49306124448776245,0.4880398213863373
qwen-0.6b,das,3,1,0,64,0.001,128,25,0.4880398213863373,0.482561856508255
qwen-0.6b,das,3,1,0,64,0.001,128,26,0.482561856508255,0.4732036888599396
qwen-0.6b,das,3,1,0,64,0.001,128,27,0.4732036888599396,0.45982834696769714
qwen-0.6b,das,3,1,0,64,0.001,128,28,0.45982834696769714,0.45476123690605164
qwen-0.6b,das,3,1,0,64,0.001,128,29,0.45476123690605164,0.4469551742076874
qwen-0.6b,das,3,1,0,64,0.001,128,30,0.4469551742076874,0.4438510239124298
qwen-0.6b,das,3,1,0,64,0.001,128,31,0.4438510239124298,0.4379165470600128
qwen-0.6b,das,3,1,0,64,0.001,128,32,0.4379165470600128,0.4315255880355835
qwen-0.6b,das,3,1,0,64,0.001,128,33,0.4315255880355835,0.42915183305740356
qwen-0.6b,das,3,1,0,64,0.001,128,34,0.42915183305740356,0.42216742038726807
qwen-0.6b,das,3,1,0,64,0.001,128,35,0.42216742038726807,0.4171459972858429
qwen-0.6b,das,3,1,0,64,0.001,128,36,0.4171459972858429,0.4177394509315491
qwen-0.6b,das,3,1,0,64,0.001,128,37,0.4177394509315491,0.4159134328365326
qwen-0.6b,das,3,1,0,64,0.001,128,38,0.4159134328365326,0.4108006954193115
qwen-0.6b,das,3,1,0,64,0.001,128,39,0.4108006954193115,0.40486621856689453
qwen-0.6b,das,3,1,0,64,0.001,128,40,0.40486621856689453,0.4072856605052948
qwen-0.6b,das,3,1,0,64,0.001,128,41,0.4072856605052948,0.4025837779045105
qwen-0.6b,das,3,1,0,64,0.001,128,42,0.4025837779045105,0.4056422710418701
qwen-0.6b,das,3,1,0,64,0.001,128,43,0.4056422710418701,0.40847256779670715
qwen-0.6b,das,3,1,0,64,0.001,128,44,0.40847256779670715,0.40664657950401306
qwen-0.6b,das,3,1,0,64,0.001,128,45,0.40664657950401306,0.4003925621509552
qwen-0.6b,das,3,1,0,64,0.001,128,46,0.4003925621509552,0.39747101068496704
qwen-0.6b,das,3,1,0,64,0.001,128,47,0.39747101068496704,0.392130047082901
qwen-0.6b,das,3,1,0,64,0.001,128,48,0.392130047082901,0.3867890238761902
qwen-0.6b,das,3,1,0,64,0.001,128,49,0.3867890238761902,0.3956906497478485
qwen-0.6b,das,3,1,0,64,0.001,128,50,0.3956906497478485,0.39372774958610535
qwen-0.6b,das,3,1,0,64,0.001,128,51,0.39372774958610535,0.3921299874782562
qwen-0.6b,das,3,1,0,64,0.001,128,52,0.3921299874782562,0.3918560743331909
qwen-0.6b,das,3,1,0,64,0.001,128,53,0.3918560743331909,0.3902583718299866
qwen-0.6b,das,3,1,0,64,0.001,128,54,0.3902583718299866,0.38875192403793335
qwen-0.6b,das,3,1,0,64,0.001,128,55,0.38875192403793335,0.3869716227054596
qwen-0.6b,das,3,1,0,64,0.001,128,56,0.3869716227054596,0.3857390582561493
qwen-0.6b,das,3,1,0,64,0.001,128,57,0.3857390582561493,0.3832739591598511
qwen-0.6b,das,3,1,0,64,0.001,128,58,0.3832739591598511,0.38761067390441895
qwen-0.6b,das,3,1,0,64,0.001,128,59,0.38761067390441895,0.3950972259044647
qwen-0.6b,das,3,1,0,64,0.001,128,60,0.3950972259044647,0.3988405168056488
qwen-0.6b,das,3,1,0,64,0.001,128,61,0.3988405168056488,0.39993610978126526
qwen-0.6b,das,3,1,0,64,0.001,128,62,0.39993610978126526,0.3969688415527344
qwen-0.6b,das,3,1,0,64,0.001,128,63,0.3969688415527344,0.39066922664642334
qwen-0.6b,das2d,3,2,0,64,0.001,128,0,1.0010499954223633,0.9919657111167908
qwen-0.6b,das2d,3,2,0,64,0.001,128,1,0.9919657111167908,0.9743448495864868
qwen-0.6b,das2d,3,2,0,64,0.001,128,2,0.9743448495864868,0.9425271153450012
qwen-0.6b,das2d,3,2,0,64,0.001,128,3,0.9425271153450012,0.8697161078453064
qwen-0.6b,das2d,3,2,0,64,0.001,128,4,0.8697161078453064,0.797087550163269
qwen-0.6b,das2d,3,2,0,64,0.001,128,5,0.797087550163269,0.7413037419319153
qwen-0.6b,das2d,3,2,0,64,0.001,128,6,0.7413037419319153,0.6923217177391052
qwen-0.6b,das2d,3,2,0,64,0.001,128,7,0.6923217177391052,0.6639276742935181
qwen-0.6b,das2d,3,2,0,64,0.001,128,8,0.6639276742935181,0.6542499661445618
qwen-0.6b,das2d,3,2,0,64,0.001,128,9,0.6542499661445618,0.6330229043960571
qwen-0.6b,das2d,3,2,0,64,0.001,128,10,0.6330229043960571,0.623208224773407
qwen-0.6b,das2d,3,2,0,64,0.001,128,11,0.623208224773407,0.6000638604164124
qwen-0.6b,das2d,3,2,0,64,0.001,128,12,0.6000638604164124,0.5776956081390381
qwen-0.6b,das2d,3,2,0,64,0.001,128,13,0.5776956081390381,0.5620834231376648
qwen-0.6b,das2d,3,2,0,64,0.001,128,14,0.5620834231376648,0.5503971576690674
qwen-0.6b,das2d,3,2,0,64,0.001,128,15,0.5503971576690674,0.5293527245521545
qwen-0.6b,das2d,3,2,0,64,0.001,128,16,0.5293527245521545,0.5112754702568054
qwen-0.6b,das2d,3,2,0,64,0.001,128,17,0.5112754702568054,0.4930155873298645
qwen-0.6b,das2d,3,2,0,64,0.001,128,18,0.4930155873298645,0.4821053445339203
qwen-0.6b,das2d,3,2,0,64,0.001,128,19,0.4821053445339203,0.4668583869934082
qwen-0.6b,das2d,3,2,0,64,0.001,128,20,0.4668583869934082,0.4521135687828064
qwen-0.6b,das2d,3,2,0,64,0.001,128,21,0.4521135687828064,0.4429379999637604
qwen-0.6b,das2d,3,2,0,64,0.001,128,22,0.4429379999637604,0.43262118101119995
qwen-0.6b,das2d,3,2,0,64,0.001,128,23,0.43262118101119995,0.4265954792499542
qwen-0.6b,das2d,3,2,0,64,0.001,128,24,0.4265954792499542,0.41755685210227966
qwen-0.6b,das2d,3,2,0,64,0.001,128,25,0.41755685210227966,0.40897467732429504
qwen-0.6b,das2d,3,2,0,64,0.001,128,26,0.40897467732429504,0.4022185504436493
qwen-0.6b,das2d,3,2,0,64,0.001,128,27,0.4022185504436493,0.3918561339378357
qwen-0.6b,das2d,3,2,0,64,0.001,128,28,0.3918561339378357,0.38359352946281433
qwen-0.6b,das2d,3,2,0,64,0.001,128,29,0.38359352946281433,0.3798958957195282
qwen-0.6b,das2d,3,2,0,64,0.001,128,30,0.3798958957195282,0.3739614486694336
qwen-0.6b,das2d,3,2,0,64,0.001,128,31,0.3739614486694336,0.36971601843833923
qwen-0.6b,das2d,3,2,0,64,0.001,128,32,0.36971601843833923,0.3680726885795593
qwen-0.6b,das2d,3,2,0,64,0.001,128,33,0.3680726885795593,0.36337077617645264
qwen-0.6b,das2d,3,2,0,64,0.001,128,34,0.36337077617645264,0.3563863933086395
qwen-0.6b,das2d,3,2,0,64,0.001,128,35,0.3563863933086395,0.3525061309337616
qwen-0.6b,das2d,3,2,0,64,0.001,128,36,0.3525061309337616,0.34899112582206726
qwen-0.6b,das2d,3,2,0,64,0.001,128,37,0.34899112582206726,0.3446544110774994
qwen-0.6b,das2d,3,2,0,64,0.001,128,38,0.3446544110774994,0.34173285961151123
qwen-0.6b,das2d,3,2,0,64,0.001,128,39,0.34173285961151123,0.34008947014808655
qwen-0.6b,das2d,3,2,0,64,0.001,128,40,0.34008947014808655,0.3385830521583557
qwen-0.6b,das2d,3,2,0,64,0.001,128,41,0.3385830521583557,0.33739614486694336
qwen-0.6b,das2d,3,2,0,64,0.001,128,42,0.33739614486694336,0.3337898254394531
qwen-0.6b,das2d,3,2,0,64,0.001,128,43,0.3337898254394531,0.33337897062301636
qwen-0.6b,das2d,3,2,0,64,0.001,128,44,0.33337897062301636,0.3316899538040161
qwen-0.6b,das2d,3,2,0,64,0.001,128,45,0.3316899538040161,0.32867708802223206
qwen-0.6b,das2d,3,2,0,64,0.001,128,46,0.32867708802223206,0.3266228437423706
qwen-0.6b,das2d,3,2,0,64,0.001,128,47,0.3266228437423706,0.32447731494903564
qwen-0.6b,das2d,3,2,0,64,0.001,128,48,0.32447731494903564,0.32447731494903564
qwen-0.6b,das2d,3,2,0,64,0.001,128,49,0.32447731494903564,0.3228795826435089
qwen-0.6b,das2d,3,2,0,64,0.001,128,50,0.3228795826435089,0.3221035301685333
qwen-0.6b,das2d,3,2,0,64,0.001,128,51,0.3221035301685333,0.32141879200935364
qwen-0.6b,das2d,3,2,0,64,0.001,128,52,0.32141879200935364,0.31931889057159424
qwen-0.6b,das2d,3,2,0,64,0.001,128,53,0.31931889057159424,0.3169451355934143
qwen-0.6b,das2d,3,2,0,64,0.001,128,54,0.3169451355934143,0.3180863559246063
qwen-0.6b,das2d,3,2,0,64,0.001,128,55,0.3180863559246063,0.31507351994514465
qwen-0.6b,das2d,3,2,0,64,0.001,128,56,0.31507351994514465,0.31393226981163025
qwen-0.6b,das2d,3,2,0,64,0.001,128,57,0.31393226981163025,0.3128366470336914
qwen-0.6b,das2d,3,2,0,64,0.001,128,58,0.3128366470336914,0.31096503138542175
qwen-0.6b,das2d,3,2,0,64,0.001,128,59,0.31096503138542175,0.3097781538963318
qwen-0.6b,das2d,3,2,0,64,0.001,128,60,0.3097781538963318,0.31037160754203796
qwen-0.6b,das2d,3,2,0,64,0.001,128,61,0.31037160754203796,0.308454304933548
qwen-0.6b,das2d,3,2,0,64,0.001,128,62,0.308454304933548,0.30703917145729065
qwen-0.6b,das2d,3,2,0,64,0.001,128,63,0.30703917145729065,0.30407196283340454
qwen-0.6b,das3d,3,3,0,64,0.001,128,0,0.9994521737098694,0.9905961751937866
qwen-0.6b,das3d,3,3,0,64,0.001,128,1,0.9905961751937866,0.9691408276557922
qwen-0.6b,das3d,3,3,0,64,0.001,128,2,0.9691408276557922,0.9221217036247253
qwen-0.6b,das3d,3,3,0,64,0.001,128,3,0.9221217036247253,0.8393133878707886
qwen-0.6b,das3d,3,3,0,64,0.001,128,4,0.8393133878707886,0.7628046870231628
qwen-0.6b,das3d,3,3,0,64,0.001,128,5,0.7628046870231628,0.6932803988456726
qwen-0.6b,das3d,3,3,0,64,0.001,128,6,0.6932803988456726,0.6419245600700378
qwen-0.6b,das3d,3,3,0,64,0.001,128,7,0.6419245600700378,0.6099241971969604
qwen-0.6b,das3d,3,3,0,64,0.001,128,8,0.6099241971969604,0.5924404263496399
qwen-0.6b,das3d,3,3,0,64,0.001,128,9,0.5924404263496399,0.5769195556640625
qwen-0.6b,das3d,3,3,0,64,0.001,128,10,0.5769195556640625,0.5603487491607666
qwen-0.6b,das3d,3,3,0,64,0.001,128,11,0.5603487491607666,0.553455650806427
qwen-0.6b,das3d,3,3,0,64,0.001,128,12,0.553455650806427,0.5301287174224854
qwen-0.6b,das3d,3,3,0,64,0.001,128,13,0.5301287174224854,0.5074865221977234
qwen-0.6b,das3d,3,3,0,64,0.001,128,14,0.5074865221977234,0.48991143703460693
qwen-0.6b,das3d,3,3,0,64,0.001,128,15,0.48991143703460693,0.4758969843387604
qwen-0.6b,das3d,3,3,0,64,0.001,128,16,0.4758969843387604,0.4643020033836365
qwen-0.6b,das3d,3,3,0,64,0.001,128,17,0.4643020033836365,0.4468182325363159
qwen-0.6b,das3d,3,3,0,64,0.001,128,18,0.4468182325363159,0.431616872549057
qwen-0.6b,das3d,3,3,0,64,0.001,128,19,0.431616872549057,0.4193371534347534
qwen-0.6b,das3d,3,3,0,64,0.001,128,20,0.4193371534347534,0.40879207849502563
qwen-0.6b,das3d,3,3,0,64,0.001,128,21,0.40879207849502563,0.4005751609802246
qwen-0.6b,das3d,3,3,0,64,0.001,128,22,0.4005751609802246,0.3913995921611786
qwen-0.6b,das3d,3,3,0,64,0.001,128,23,0.3913995921611786,0.3814936578273773
qwen-0.6b,das3d,3,3,0,64,0.001,128,24,0.3814936578273773,0.37277457118034363
qwen-0.6b,das3d,3,3,0,64,0.001,128,25,0.37277457118034363,0.36903131008148193
qwen-0.6b,das3d,3,3,0,64,0.001,128,26,0.36903131008148193,0.35935360193252563
qwen-0.6b,das3d,3,3,0,64,0.001,128,27,0.35935360193252563,0.35529080033302307
qwen-0.6b,das3d,3,3,0,64,0.001,128,28,0.35529080033302307,0.3491280972957611
qwen-0.6b,das3d,3,3,0,64,0.001,128,29,0.3491280972957611,0.34479138255119324
qwen-0.6b,das3d,3,3,0,64,0.001,128,30,0.34479138255119324,0.3403177261352539
qwen-0.6b,das3d,3,3,0,64,0.001,128,31,0.3403177261352539,0.33643749356269836
qwen-0.6b,das3d,3,3,0,64,0.001,128,32,0.33643749356269836,0.3310052156448364
qwen-0.6b,das3d,3,3,0,64,0.001,128,33,0.3310052156448364,0.3270793557167053
qwen-0.6b,das3d,3,3,0,64,0.001,128,34,0.3270793557167053,0.3234730362892151
qwen-0.6b,das3d,3,3,0,64,0.001,128,35,0.3234730362892151,0.32027754187583923
qwen-0.6b,das3d,3,3,0,64,0.001,128,36,0.32027754187583923,0.31986671686172485
qwen-0.6b,das3d,3,3,0,64,0.001,128,37,0.31986671686172485,0.3161690831184387
qwen-0.6b,das3d,3,3,0,64,0.001,128,38,0.3161690831184387,0.3125627636909485
qwen-0.6b,das3d,3,3,0,64,0.001,128,39,0.3125627636909485,0.31078243255615234
qwen-0.6b,das3d,3,3,0,64,0.001,128,40,0.31078243255615234,0.3088195025920868
qwen-0.6b,das3d,3,3,0,64,0.001,128,41,0.3088195025920868,0.30407196283340454
qwen-0.6b,das3d,3,3,0,64,0.001,128,42,0.30407196283340454,0.302109032869339
qwen-0.6b,das3d,3,3,0,64,0.001,128,43,0.302109032869339,0.30146992206573486
qwen-0.6b,das3d,3,3,0,64,0.001,128,44,0.30146992206573486,0.29946133494377136
qwen-0.6b,das3d,3,3,0,64,0.001,128,45,0.29946133494377136,0.2967680096626282
qwen-0.6b,das3d,3,3,0,64,0.001,128,46,0.2967680096626282,0.29412034153938293
qwen-0.6b,das3d,3,3,0,64,0.001,128,47,0.29412034153938293,0.29220303893089294
qwen-0.6b,das3d,3,3,0,64,0.001,128,48,0.29220303893089294,0.28960102796554565
qwen-0.6b,das3d,3,3,0,64,0.001,128,49,0.28960102796554565,0.28604036569595337
qwen-0.6b,das3d,3,3,0,64,0.001,128,50,0.28604036569595337,0.28489911556243896
qwen-0.6b,das3d,3,3,0,64,0.001,128,51,0.28489911556243896,0.2818862497806549
qwen-0.6b,das3d,3,3,0,64,0.001,128,52,0.2818862497806549,0.27878206968307495
qwen-0.6b,das3d,3,3,0,64,0.001,128,53,0.27878206968307495,0.2770017385482788
qwen-0.6b,das3d,3,3,0,64,0.001,128,54,0.2770017385482788,0.2746279537677765
qwen-0.6b,das3d,3,3,0,64,0.001,128,55,0.2746279537677765,0.2708846926689148
qwen-0.6b,das3d,3,3,0,64,0.001,128,56,0.2708846926689148,0.2686935067176819
qwen-0.6b,das3d,3,3,0,64,0.001,128,57,0.2686935067176819,0.26536110043525696
qwen-0.6b,das3d,3,3,0,64,0.001,128,58,0.26536110043525696,0.262485146522522
qwen-0.6b,das3d,3,3,0,64,0.001,128,59,0.262485146522522,0.2605222463607788
qwen-0.6b,das3d,3,3,0,64,0.001,128,60,0.2605222463607788,0.2650415301322937
qwen-0.6b,das3d,3,3,0,64,0.001,128,61,0.2650415301322937,0.2897379696369171
qwen-0.6b,das3d,3,3,0,64,0.001,128,62,0.2897379696369171,0.29170089960098267
qwen-0.6b,das3d,3,3,0,64,0.001,128,63,0.29170089960098267,0.2715694308280945
qwen-0.6b,das,4,1,0,64,0.001,128,0,0.9980370402336121,0.9888158440589905
qwen-0.6b,das,4,1,0,64,0.001,128,1,0.9888158440589905,0.9659909605979919
qwen-0.6b,das,4,1,0,64,0.001,128,2,0.9659909605979919,0.9355884194374084
qwen-0.6b,das,4,1,0,64,0.001,128,3,0.9355884194374084,0.8662009835243225
qwen-0.6b,das,4,1,0,64,0.001,128,4,0.8662009835243225,0.7821145057678223
qwen-0.6b,das,4,1,0,64,0.001,128,5,0.7821145057678223,0.6986669898033142
qwen-0.6b,das,4,1,0,64,0.001,128,6,0.6986669898033142,0.6478133797645569
qwen-0.6b,das,4,1,0,64,0.001,128,7,0.6478133797645569,0.6433853507041931
qwen-0.6b,das,4,1,0,64,0.001,128,8,0.6433853507041931,0.6276362538337708
qwen-0.6b,das,4,1,0,64,0.001,128,9,0.6276362538337708,0.621290922164917
qwen-0.6b,das,4,1,0,64,0.001,128,10,0.621290922164917,0.621290922164917
qwen-0.6b,das,4,1,0,64,0.001,128,11,0.621290922164917,0.6078243255615234
qwen-0.6b,das,4,1,0,64,0.001,128,12,0.6078243255615234,0.5894275307655334
qwen-0.6b,das,4,1,0,64,0.001,128,13,0.5894275307655334,0.5726740956306458
qwen-0.6b,das,4,1,0,64,0.001,128,14,0.5726740956306458,0.5603487491607666
qwen-0.6b,das,4,1,0,64,0.001,128,15,0.5603487491607666,0.5444170236587524
qwen-0.6b,das,4,1,0,64,0.001,128,16,0.5444170236587524,0.5288048386573792
qwen-0.6b,das,4,1,0,64,0.001,128,17,0.5288048386573792,0.5147448182106018
qwen-0.6b,das,4,1,0,64,0.001,128,18,0.5147448182106018,0.5075778365135193
qwen-0.6b,das,4,1,0,64,0.001,128,19,0.5075778365135193,0.5022368431091309
qwen-0.6b,das,4,1,0,64,0.001,128,20,0.5022368431091309,0.49593719840049744
qwen-0.6b,das,4,1,0,64,0.001,128,21,0.49593719840049744,0.4897288382053375
qwen-0.6b,das,4,1,0,64,0.001,128,22,0.4897288382053375,0.4757600426673889
qwen-0.6b,das,4,1,0,64,0.001,128,23,0.4757600426673889,0.4707842469215393
qwen-0.6b,das,4,1,0,64,0.001,128,24,0.4707842469215393,0.4697342813014984
qwen-0.6b,das,4,1,0,64,0.001,128,25,0.4697342813014984,0.4647585153579712
qwen-0.6b,das,4,1,0,64,0.001,128,26,0.4647585153579712,0.456906795501709
qwen-0.6b,das,4,1,0,64,0.001,128,27,0.456906795501709,0.4495115280151367
qwen-0.6b,das,4,1,0,64,0.001,128,28,0.4495115280151367,0.44316625595092773
qwen-0.6b,das,4,1,0,64,0.001,128,29,0.44316625595092773,0.4410207271575928
qwen-0.6b,das,4,1,0,64,0.001,128,30,0.4410207271575928,0.4346754252910614
qwen-0.6b,das,4,1,0,64,0.001,128,31,0.4346754252910614,0.42974528670310974
qwen-0.6b,das,4,1,0,64,0.001,128,32,0.42974528670310974,0.42554551362991333
qwen-0.6b,das,4,1,0,64,0.001,128,33,0.42554551362991333,0.42540857195854187
qwen-0.6b,das,4,1,0,64,0.001,128,34,0.42540857195854187,0.4171459972858429
qwen-0.6b,das,4,1,0,64,0.001,128,35,0.4171459972858429,0.4171459972858429
qwen-0.6b,das,4,1,0,64,0.001,128,36,0.4171459972858429,0.41422444581985474
qwen-0.6b,das,4,1,0,64,0.001,128,37,0.41422444581985474,0.4106637239456177
qwen-0.6b,das,4,1,0,64,0.001,128,38,0.4106637239456177,0.40742263197898865
qwen-0.6b,das,4,1,0,64,0.001,128,39,0.40742263197898865,0.40751391649246216
qwen-0.6b,das,4,1,0,64,0.001,128,40,0.40751391649246216,0.4042271673679352
qwen-0.6b,das,4,1,0,64,0.001,128,41,0.4042271673679352,0.4013512134552002
qwen-0.6b,das,4,1,0,64,0.001,128,42,0.4013512134552002,0.3982926905155182
qwen-0.6b,das,4,1,0,64,0.001,128,43,0.3982926905155182,0.39623844623565674
qwen-0.6b,das,4,1,0,64,0.001,128,44,0.39623844623565674,0.39477768540382385
qwen-0.6b,das,4,1,0,64,0.001,128,45,0.39477768540382385,0.3942298889160156
qwen-0.6b,das,4,1,0,64,0.001,128,46,0.3942298889160156,0.388523668050766
qwen-0.6b,das,4,1,0,64,0.001,128,47,0.388523668050766,0.3905322849750519
qwen-0.6b,das,4,1,0,64,0.001,128,48,0.3905322849750519,0.38925406336784363
qwen-0.6b,das,4,1,0,64,0.001,128,49,0.38925406336784363,0.38761067390441895
qwen-0.6b,das,4,1,0,64,0.001,128,50,0.38761067390441895,0.38701722025871277
qwen-0.6b,das,4,1,0,64,0.001,128,51,0.38701722025871277,0.38614991307258606
qwen-0.6b,das,4,1,0,64,0.001,128,52,0.38614991307258606,0.3835478723049164
qwen-0.6b,das,4,1,0,64,0.001,128,53,0.3835478723049164,0.3828631043434143
qwen-0.6b,das,4,1,0,64,0.001,128,54,0.3828631043434143,0.3829544186592102
qwen-0.6b,das,4,1,0,64,0.001,128,55,0.3829544186592102,0.38135668635368347
qwen-0.6b,das,4,1,0,64,0.001,128,56,0.38135668635368347,0.38030675053596497
qwen-0.6b,das,4,1,0,64,0.001,128,57,0.38030675053596497,0.3787090480327606
qwen-0.6b,das,4,1,0,64,0.001,128,58,0.3787090480327606,0.37820690870285034
qwen-0.6b,das,4,1,0,64,0.001,128,59,0.37820690870285034,0.37880030274391174
qwen-0.6b,das,4,1,0,64,0.001,128,60,0.37880030274391174,0.3769286870956421
qwen-0.6b,das,4,1,0,64,0.001,128,61,0.3769286870956421,0.3785264492034912
qwen-0.6b,das,4,1,0,64,0.001,128,62,0.3785264492034912,0.3772026002407074
qwen-0.6b,das,4,1,0,64,0.001,128,63,0.3772026002407074,0.3772026002407074
qwen-0.6b,das2d,4,2,0,64,0.001,128,0,1.0007303953170776,0.9896831512451172
qwen-0.6b,das2d,4,2,0,64,0.001,128,1,0.9896831512451172,0.9682734608650208
qwen-0.6b,das2d,4,2,0,64,0.001,128,2,0.9682734608650208,0.9370035529136658
qwen-0.6b,das2d,4,2,0,64,0.001,128,3,0.9370035529136658,0.8743723034858704
qwen-0.6b,das2d,4,2,0,64,0.001,128,4,0.8743723034858704,0.7896923422813416
qwen-0.6b,das2d,4,2,0,64,0.001,128,5,0.7896923422813416,0.7018625140190125
qwen-0.6b,das2d,4,2,0,64,0.001,128,6,0.7018625140190125,0.6503697633743286
qwen-0.6b,das2d,4,2,0,64,0.001,128,7,0.6503697633743286,0.6243038177490234
qwen-0.6b,das2d,4,2,0,64,0.001,128,8,0.6243038177490234,0.6238017082214355
qwen-0.6b,das2d,4,2,0,64,0.001,128,9,0.6238017082214355,0.6228886842727661
qwen-0.6b,das2d,4,2,0,64,0.001,128,10,0.6228886842727661,0.619145393371582
qwen-0.6b,das2d,4,2,0,64,0.001,128,11,0.619145393371582,0.6011594533920288
qwen-0.6b,das2d,4,2,0,64,0.001,128,12,0.6011594533920288,0.5860494375228882
qwen-0.6b,das2d,4,2,0,64,0.001,128,13,0.5860494375228882,0.5674244165420532
qwen-0.6b,das2d,4,2,0,64,0.001,128,14,0.5674244165420532,0.545010507106781
qwen-0.6b,das2d,4,2,0,64,0.001,128,15,0.545010507106781,0.528759241104126
qwen-0.6b,das2d,4,2,0,64,0.001,128,16,0.528759241104126,0.516433835029602
qwen-0.6b,das2d,4,2,0,64,0.001,128,17,0.516433835029602,0.5181228518486023
qwen-0.6b,das2d,4,2,0,64,0.001,128,18,0.5181228518486023,0.49890440702438354
qwen-0.6b,das2d,4,2,0,64,0.001,128,19,0.49890440702438354,0.4867616295814514
qwen-0.6b,das2d,4,2,0,64,0.001,128,20,0.4867616295814514,0.47986850142478943
qwen-0.6b,das2d,4,2,0,64,0.001,128,21,0.47986850142478943,0.4683648347854614
qwen-0.6b,das2d,4,2,0,64,0.001,128,22,0.4683648347854614,0.46019354462623596
qwen-0.6b,das2d,4,2,0,64,0.001,128,23,0.46019354462623596,0.4511549174785614
qwen-0.6b,das2d,4,2,0,64,0.001,128,24,0.4511549174785614,0.4480050802230835
qwen-0.6b,das2d,4,2,0,64,0.001,128,25,0.4480050802230835,0.43714049458503723
qwen-0.6b,das2d,4,2,0,64,0.001,128,26,0.43714049458503723,0.4295170307159424
qwen-0.6b,das2d,4,2,0,64,0.001,128,27,0.4295170307159424,0.4249977171421051
qwen-0.6b,das2d,4,2,0,64,0.001,128,28,0.4249977171421051,0.42207616567611694
qwen-0.6b,das2d,4,2,0,64,0.001,128,29,0.42207616567611694,0.41746553778648376
qwen-0.6b,das2d,4,2,0,64,0.001,128,30,0.41746553778648376,0.41134849190711975
qwen-0.6b,das2d,4,2,0,64,0.001,128,31,0.41134849190711975,0.4055509865283966
qwen-0.6b,das2d,4,2,0,64,0.001,128,32,0.4055509865283966,0.39728841185569763
qwen-0.6b,das2d,4,2,0,64,0.001,128,33,0.39728841185569763,0.3934081792831421
qwen-0.6b,das2d,4,2,0,64,0.001,128,34,0.3934081792831421,0.38701722025871277
qwen-0.6b,das2d,4,2,0,64,0.001,128,35,0.38701722025871277,0.3798959255218506
qwen-0.6b,das2d,4,2,0,64,0.001,128,36,0.3798959255218506,0.3781612515449524
qwen-0.6b,das2d,4,2,0,64,0.001,128,37,0.3781612515449524,0.37610700726509094
qwen-0.6b,das2d,4,2,0,64,0.001,128,38,0.37610700726509094,0.37122249603271484
qwen-0.6b,das2d,4,2,0,64,0.001,128,39,0.37122249603271484,0.368757426738739
qwen-0.6b,das2d,4,2,0,64,0.001,128,40,0.368757426738739,0.3656075596809387
qwen-0.6b,das2d,4,2,0,64,0.001,128,41,0.3656075596809387,0.36022093892097473
qwen-0.6b,das2d,4,2,0,64,0.001,128,42,0.36022093892097473,0.3599470555782318
qwen-0.6b,das2d,4,2,0,64,0.001,128,43,0.3599470555782318,0.35579293966293335
qwen-0.6b,das2d,4,2,0,64,0.001,128,44,0.35579293966293335,0.3538300096988678
qwen-0.6b,das2d,4,2,0,64,0.001,128,45,0.3538300096988678,0.3501780331134796
qwen-0.6b,das2d,4,2,0,64,0.001,128,46,0.3501780331134796,0.3494476079940796
qwen-0.6b,das2d,4,2,0,64,0.001,128,47,0.3494476079940796,0.34524786472320557
qwen-0.6b,das2d,4,2,0,64,0.001,128,48,0.34524786472320557,0.3442435562610626
qwen-0.6b,das2d,4,2,0,64,0.001,128,49,0.3442435562610626,0.3427371680736542
qwen-0.6b,das2d,4,2,0,64,0.001,128,50,0.3427371680736542,0.33981555700302124
qwen-0.6b,das2d,4,2,0,64,0.001,128,51,0.33981555700302124,0.33881130814552307
qwen-0.6b,das2d,4,2,0,64,0.001,128,52,0.33881130814552307,0.3363005518913269
qwen-0.6b,das2d,4,2,0,64,0.001,128,53,0.3363005518913269,0.33684834837913513
qwen-0.6b,das2d,4,2,0,64,0.001,128,54,0.33684834837913513,0.33310508728027344
qwen-0.6b,das2d,4,2,0,64,0.001,128,55,0.33310508728027344,0.3331507444381714
qwen-0.6b,das2d,4,2,0,64,0.001,128,56,0.3331507444381714,0.3313247561454773
qwen-0.6b,das2d,4,2,0,64,0.001,128,57,0.3313247561454773,0.32858577370643616
qwen-0.6b,das2d,4,2,0,64,0.001,128,58,0.32858577370643616,0.3279466927051544
qwen-0.6b,das2d,4,2,0,64,0.001,128,59,0.3279466927051544,0.325846791267395
qwen-0.6b,das2d,4,2,0,64,0.001,128,60,0.325846791267395,0.3217383325099945
qwen-0.6b,das2d,4,2,0,64,0.001,128,61,0.3217383325099945,0.32598376274108887
qwen-0.6b,das2d,4,2,0,64,0.001,128,62,0.32598376274108887,0.32274264097213745
qwen-0.6b,das2d,4,2,0,64,0.001,128,63,0.32274264097213745,0.32196658849716187
qwen-0.6b,das3d,4,3,0,64,0.001,128,0,1.0006390810012817,0.9888615012168884
qwen-0.6b,das3d,4,3,0,64,0.001,128,1,0.9888615012168884,0.967041015625
qwen-0.6b,das3d,4,3,0,64,0.001,128,2,0.967041015625,0.9268693327903748
qwen-0.6b,das3d,4,3,0,64,0.001,128,3,0.9268693327903748,0.8451565504074097
qwen-0.6b,das3d,4,3,0,64,0.001,128,4,0.8451565504074097,0.7558659911155701
qwen-0.6b,das3d,4,3,0,64,0.001,128,5,0.7558659911155701,0.6624212265014648
qwen-0.6b,das3d,4,3,0,64,0.001,128,6,0.6624212265014648,0.6220213770866394
qwen-0.6b,das3d,4,3,0,64,0.001,128,7,0.6220213770866394,0.6056787967681885
qwen-0.6b,das3d,4,3,0,64,0.001,128,8,0.6056787967681885,0.5966401696205139
qwen-0.6b,das3d,4,3,0,64,0.001,128,9,0.5966401696205139,0.5828083157539368
qwen-0.6b,das3d,4,3,0,64,0.001,128,10,0.5828083157539368,0.58431476354599
qwen-0.6b,das3d,4,3,0,64,0.001,128,11,0.58431476354599,0.5733132362365723
qwen-0.6b,das3d,4,3,0,64,0.001,128,12,0.5733132362365723,0.5508080124855042
qwen-0.6b,das3d,4,3,0,64,0.001,128,13,0.5508080124855042,0.5340089797973633
qwen-0.6b,das3d,4,3,0,64,0.001,128,14,0.5340089797973633,0.5165708065032959
qwen-0.6b,das3d,4,3,0,64,0.001,128,15,0.5165708065032959,0.5041540861129761
qwen-0.6b,das3d,4,3,0,64,0.001,128,16,0.5041540861129761,0.4895462393760681
qwen-0.6b,das3d,4,3,0,64,0.001,128,17,0.4895462393760681,0.47133204340934753
qwen-0.6b,das3d,4,3,0,64,0.001,128,18,0.47133204340934753,0.4583218991756439
qwen-0.6b,das3d,4,3,0,64,0.001,128,19,0.4583218991756439,0.4421619474887848
qwen-0.6b,das3d,4,3,0,64,0.001,128,20,0.4421619474887848,0.43339723348617554
qwen-0.6b,das3d,4,3,0,64,0.001,128,21,0.43339723348617554,0.42476946115493774
qwen-0.6b,das3d,4,3,0,64,0.001,128,22,0.42476946115493774,0.4182872176170349
qwen-0.6b,das3d,4,3,0,64,0.001,128,23,0.4182872176170349,0.40879207849502563
qwen-0.6b,das3d,4,3,0,64,0.001,128,24,0.40879207849502563,0.3987492024898529
qwen-0.6b,das3d,4,3,0,64,0.001,128,25,0.3987492024898529,0.3898475170135498
qwen-0.6b,das3d,4,3,0,64,0.001,128,26,0.3898475170135498,0.38578471541404724
qwen-0.6b,das3d,4,3,0,64,0.001,128,27,0.38578471541404724,0.3808545470237732
qwen-0.6b,das3d,4,3,0,64,0.001,128,28,0.3808545470237732,0.37387019395828247
qwen-0.6b,das3d,4,3,0,64,0.001,128,29,0.37387019395828247,0.3680726885795593
qwen-0.6b,das3d,4,3,0,64,0.001,128,30,0.3680726885795593,0.3630512058734894
qwen-0.6b,das3d,4,3,0,64,0.001,128,31,0.3630512058734894,0.3562037944793701
qwen-0.6b,das3d,4,3,0,64,0.001,128,32,0.3562037944793701,0.3525974452495575
qwen-0.6b,das3d,4,3,0,64,0.001,128,33,0.3525974452495575,0.3483520746231079
qwen-0.6b,das3d,4,3,0,64,0.001,128,34,0.3483520746231079,0.34296542406082153
qwen-0.6b,das3d,4,3,0,64,0.001,128,35,0.34296542406082153,0.3389025926589966
qwen-0.6b,das3d,4,3,0,64,0.001,128,36,0.3389025926589966,0.33442893624305725
qwen-0.6b,das3d,4,3,0,64,0.001,128,37,0.33442893624305725,0.3318268954753876
qwen-0.6b,das3d,4,3,0,64,0.001,128,38,0.3318268954753876,0.32799234986305237
qwen-0.6b,das3d,4,3,0,64,0.001,128,39,0.32799234986305237,0.3242490887641907
qwen-0.6b,das3d,4,3,0,64,0.001,128,40,0.3242490887641907,0.3200492858886719
qwen-0.6b,das3d,4,3,0,64,0.001,128,41,0.3200492858886719,0.3187711238861084
qwen-0.6b,das3d,4,3,0,64,0.001,128,42,0.3187711238861084,0.31470829248428345
qwen-0.6b,das3d,4,3,0,64,0.001,128,43,0.31470829248428345,0.3112389147281647
qwen-0.6b,das3d,4,3,0,64,0.001,128,44,0.3112389147281647,0.3092760145664215
qwen-0.6b,das3d,4,3,0,64,0.001,128,45,0.3092760145664215,0.30840864777565
qwen-0.6b,das3d,4,3,0,64,0.001,128,46,0.30840864777565,0.30416324734687805
qwen-0.6b,das3d,4,3,0,64,0.001,128,47,0.30416324734687805,0.30407196283340454
qwen-0.6b,das3d,4,3,0,64,0.001,128,48,0.30407196283340454,0.3014242649078369
qwen-0.6b,das3d,4,3,0,64,0.001,128,49,0.3014242649078369,0.2987765967845917
qwen-0.6b,das3d,4,3,0,64,0.001,128,50,0.2987765967845917,0.29754403233528137
qwen-0.6b,das3d,4,3,0,64,0.001,128,51,0.29754403233528137,0.29457682371139526
qwen-0.6b,das3d,4,3,0,64,0.001,128,52,0.29457682371139526,0.29265955090522766
qwen-0.6b,das3d,4,3,0,64,0.001,128,53,0.29265955090522766,0.29092487692832947
qwen-0.6b,das3d,4,3,0,64,0.001,128,54,0.29092487692832947,0.28969231247901917
qwen-0.6b,das3d,4,3,0,64,0.001,128,55,0.28969231247901917,0.28855109214782715
qwen-0.6b,das3d,4,3,0,64,0.001,128,56,0.28855109214782715,0.2851729989051819
qwen-0.6b,das3d,4,3,0,64,0.001,128,57,0.2851729989051819,0.2839861214160919
qwen-0.6b,das3d,4,3,0,64,0.001,128,58,0.2839861214160919,0.2833470106124878
qwen-0.6b,das3d,4,3,0,64,0.001,128,59,0.2833470106124878,0.2805624008178711
qwen-0.6b,das3d,4,3,0,64,0.001,128,60,0.2805624008178711,0.27841687202453613
qwen-0.6b,das3d,4,3,0,64,0.001,128,61,0.27841687202453613,0.2646135687828064
qwen-0.6b,das3d,4,3,0,64,0.001,128,62,0.2646135687828064,0.279695063829422
qwen-0.6b,das3d,4,3,0,64,0.001,128,63,0.279695063829422,0.32055145502090454
qwen-0.6b,das,5,1,0,64,0.001,128,0,0.9986305236816406,0.985848605632782
qwen-0.6b,das,5,1,0,64,0.001,128,1,0.985848605632782,0.9591891765594482
qwen-0.6b,das,5,1,0,64,0.001,128,2,0.9591891765594482,0.9235368967056274
qwen-0.6b,das,5,1,0,64,0.001,128,3,0.9235368967056274,0.8848717212677002
qwen-0.6b,das,5,1,0,64,0.001,128,4,0.8848717212677002,0.835844099521637
qwen-0.6b,das,5,1,0,64,0.001,128,5,0.835844099521637,0.7340911030769348
qwen-0.6b,das,5,1,0,64,0.001,128,6,0.7340911030769348,0.6647493839263916
qwen-0.6b,das,5,1,0,64,0.001,128,7,0.6647493839263916,0.6316990852355957
qwen-0.6b,das,5,1,0,64,0.001,128,8,0.6316990852355957,0.6163151860237122
qwen-0.6b,das,5,1,0,64,0.001,128,9,0.6163151860237122,0.606500506401062
qwen-0.6b,das,5,1,0,64,0.001,128,10,0.606500506401062,0.6059070229530334
qwen-0.6b,das,5,1,0,64,0.001,128,11,0.6059070229530334,0.596138060092926
qwen-0.6b,das,5,1,0,64,0.001,128,12,0.596138060092926,0.5769651532173157
qwen-0.6b,das,5,1,0,64,0.001,128,13,0.5769651532173157,0.559572696685791
qwen-0.6b,das,5,1,0,64,0.001,128,14,0.559572696685791,0.5387108325958252
qwen-0.6b,das,5,1,0,64,0.001,128,15,0.5387108325958252,0.5267050266265869
qwen-0.6b,das,5,1,0,64,0.001,128,16,0.5267050266265869,0.5146991610527039
qwen-0.6b,das,5,1,0,64,0.001,128,17,0.5146991610527039,0.5022368431091309
qwen-0.6b,das,5,1,0,64,0.001,128,18,0.5022368431091309,0.49342644214630127
qwen-0.6b,das,5,1,0,64,0.001,128,19,0.49342644214630127,0.4858029782772064
qwen-0.6b,das,5,1,0,64,0.001,128,20,0.4858029782772064,0.4767186939716339
qwen-0.6b,das,5,1,0,64,0.001,128,21,0.4767186939716339,0.46977996826171875
qwen-0.6b,das,5,1,0,64,0.001,128,22,0.46977996826171875,0.4634346663951874
qwen-0.6b,das,5,1,0,64,0.001,128,23,0.4634346663951874,0.4557655453681946
qwen-0.6b,das,5,1,0,64,0.001,128,24,0.4557655453681946,0.44353145360946655
qwen-0.6b,das,5,1,0,64,0.001,128,25,0.44353145360946655,0.43828174471855164
qwen-0.6b,das,5,1,0,64,0.001,128,26,0.43828174471855164,0.43636447191238403
qwen-0.6b,das,5,1,0,64,0.001,128,27,0.43636447191238403,0.4280562400817871
qwen-0.6b,das,5,1,0,64,0.001,128,28,0.4280562400817871,0.423171728849411
qwen-0.6b,das,5,1,0,64,0.001,128,29,0.423171728849411,0.41824156045913696
qwen-0.6b,das,5,1,0,64,0.001,128,30,0.41824156045913696,0.41335707902908325
qwen-0.6b,das,5,1,0,64,0.001,128,31,0.41335707902908325,0.4095681309700012
qwen-0.6b,das,5,1,0,64,0.001,128,32,0.4095681309700012,0.4027663469314575
qwen-0.6b,das,5,1,0,64,0.001,128,33,0.4027663469314575,0.4005751609802246
qwen-0.6b,das,5,1,0,64,0.001,128,34,0.4005751609802246,0.3982470631599426
qwen-0.6b,das,5,1,0,64,0.001,128,35,0.3982470631599426,0.39537113904953003
qwen-0.6b,das,5,1,0,64,0.001,128,36,0.39537113904953003,0.3924495577812195
qwen-0.6b,das,5,1,0,64,0.001,128,37,0.3924495577812195,0.385465145111084
qwen-0.6b,das,5,1,0,64,0.001,128,38,0.385465145111084,0.3837304711341858
qwen-0.6b,das,5,1,0,64,0.001,128,39,0.3837304711341858,0.3813110589981079
qwen-0.6b,das,5,1,0,64,0.001,128,40,0.3813110589981079,0.378937304019928
qwen-0.6b,das,5,1,0,64,0.001,128,41,0.378937304019928,0.3772938847541809
qwen-0.6b,das,5,1,0,64,0.001,128,42,0.3772938847541809,0.37418973445892334
qwen-0.6b,das,5,1,0,64,0.001,128,43,0.37418973445892334,0.3737788796424866
qwen-0.6b,das,5,1,0,64,0.001,128,44,0.3737788796424866,0.3712681233882904
qwen-0.6b,das,5,1,0,64,0.001,128,45,0.3712681233882904,0.3685748279094696
qwen-0.6b,das,5,1,0,64,0.001,128,46,0.3685748279094696,0.36930522322654724
qwen-0.6b,das,5,1,0,64,0.001,128,47,0.36930522322654724,0.3676161766052246
qwen-0.6b,das,5,1,0,64,0.001,128,48,0.3676161766052246,0.3661097288131714
qwen-0.6b,das,5,1,0,64,0.001,128,49,0.3661097288131714,0.3664749264717102
qwen-0.6b,das,5,1,0,64,0.001,128,50,0.3664749264717102,0.36487722396850586
qwen-0.6b,das,5,1,0,64,0.001,128,51,0.36487722396850586,0.3641011714935303
qwen-0.6b,das,5,1,0,64,0.001,128,52,0.3641011714935303,0.3629142642021179
qwen-0.6b,das,5,1,0,64,0.001,128,53,0.3629142642021179,0.36222949624061584
qwen-0.6b,das,5,1,0,64,0.001,128,54,0.36222949624061584,0.3631425201892853
qwen-0.6b,das,5,1,0,64,0.001,128,55,0.3631425201892853,0.36067745089530945
qwen-0.6b,das,5,1,0,64,0.001,128,56,0.36067745089530945,0.36086004972457886
qwen-0.6b,das,5,1,0,64,0.001,128,57,0.36086004972457886,0.36040356755256653
qwen-0.6b,das,5,1,0,64,0.001,128,58,0.36040356755256653,0.36058610677719116
qwen-0.6b,das,5,1,0,64,0.001,128,59,0.36058610677719116,0.36067745089530945
qwen-0.6b,das,5,1,0,64,0.001,128,60,0.36067745089530945,0.36168172955513
qwen-0.6b,das,5,1,0,64,0.001,128,61,0.36168172955513,0.3612252175807953
qwen-0.6b,das,5,1,0,64,0.001,128,62,0.3612252175807953,0.35971879959106445
qwen-0.6b,das,5,1,0,64,0.001,128,63,0.35971879959106445,0.36017531156539917
qwen-0.6b,das2d,5,2,0,64,0.001,128,0,0.9997259974479675,0.985802948474884
qwen-0.6b,das2d,5,2,0,64,0.001,128,1,0.985802948474884,0.9593261480331421
qwen-0.6b,das2d,5,2,0,64,0.001,128,2,0.9593261480331421,0.9221673607826233
qwen-0.6b,das2d,5,2,0,64,0.001,128,3,0.9221673607826233,0.8811283707618713
qwen-0.6b,das2d,5,2,0,64,0.001,128,4,0.8811283707618713,0.8214187622070312
qwen-0.6b,das2d,5,2,0,64,0.001,128,5,0.8214187622070312,0.7010408043861389
qwen-0.6b,das2d,5,2,0,64,0.001,128,6,0.7010408043861389,0.633342444896698
qwen-0.6b,das2d,5,2,0,64,0.001,128,7,0.633342444896698,0.6064548492431641
qwen-0.6b,das2d,5,2,0,64,0.001,128,8,0.6064548492431641,0.5803889036178589
qwen-0.6b,das2d,5,2,0,64,0.001,128,9,0.5803889036178589,0.5734501481056213
qwen-0.6b,das2d,5,2,0,64,0.001,128,10,0.5734501481056213,0.5707568526268005
qwen-0.6b,das2d,5,2,0,64,0.001,128,11,0.5707568526268005,0.5578380227088928
qwen-0.6b,das2d,5,2,0,64,0.001,128,12,0.5578380227088928,0.536747932434082
qwen-0.6b,das2d,5,2,0,64,0.001,128,13,0.536747932434082,0.516707718372345
qwen-0.6b,das2d,5,2,0,64,0.001,128,14,0.516707718372345,0.49707844853401184
qwen-0.6b,das2d,5,2,0,64,0.001,128,15,0.49707844853401184,0.47726649045944214
qwen-0.6b,das2d,5,2,0,64,0.001,128,16,0.47726649045944214,0.46124351024627686
qwen-0.6b,das2d,5,2,0,64,0.001,128,17,0.46124351024627686,0.4513375461101532
qwen-0.6b,das2d,5,2,0,64,0.001,128,18,0.4513375461101532,0.4391947388648987
qwen-0.6b,das2d,5,2,0,64,0.001,128,19,0.4391947388648987,0.4287409782409668
qwen-0.6b,das2d,5,2,0,64,0.001,128,20,0.4287409782409668,0.4168721139431
qwen-0.6b,das2d,5,2,0,64,0.001,128,21,0.4168721139431,0.4087008237838745
qwen-0.6b,das2d,5,2,0,64,0.001,128,22,0.4087008237838745,0.402675062417984
qwen-0.6b,das2d,5,2,0,64,0.001,128,23,0.402675062417984,0.3941385746002197
qwen-0.6b,das2d,5,2,0,64,0.001,128,24,0.3941385746002197,0.3865607678890228
qwen-0.6b,das2d,5,2,0,64,0.001,128,25,0.3865607678890228,0.38222405314445496
qwen-0.6b,das2d,5,2,0,64,0.001,128,26,0.38222405314445496,0.3749200999736786
qwen-0.6b,das2d,5,2,0,64,0.001,128,27,0.3749200999736786,0.3710855543613434
qwen-0.6b,das2d,5,2,0,64,0.001,128,28,0.3710855543613434,0.3604491949081421
qwen-0.6b,das2d,5,2,0,64,0.001,128,29,0.3604491949081421,0.35369303822517395
qwen-0.6b,das2d,5,2,0,64,0.001,128,30,0.35369303822517395,0.3508627712726593
qwen-0.6b,das2d,5,2,0,64,0.001,128,31,0.3508627712726593,0.3477129638195038
qwen-0.6b,das2d,5,2,0,64,0.001,128,32,0.3477129638195038,0.3436957597732544
qwen-0.6b,das2d,5,2,0,64,0.001,128,33,0.3436957597732544,0.3378069996833801
qwen-0.6b,das2d,5,2,0,64,0.001,128,34,0.3378069996833801,0.3337898254394531
qwen-0.6b,das2d,5,2,0,64,0.001,128,35,0.3337898254394531,0.3319638669490814
qwen-0.6b,das2d,5,2,0,64,0.001,128,36,0.3319638669490814,0.3300922214984894
qwen-0.6b,das2d,5,2,0,64,0.001,128,37,0.3300922214984894,0.32552725076675415
qwen-0.6b,das2d,5,2,0,64,0.001,128,38,0.32552725076675415,0.3214644491672516
qwen-0.6b,das2d,5,2,0,64,0.001,128,39,0.3214644491672516,0.3226969838142395
qwen-0.6b,das2d,5,2,0,64,0.001,128,40,0.3226969838142395,0.31909066438674927
qwen-0.6b,das2d,5,2,0,64,0.001,128,41,0.31909066438674927,0.31689947843551636
qwen-0.6b,das2d,5,2,0,64,0.001,128,42,0.31689947843551636,0.313612699508667
qwen-0.6b,das2d,5,2,0,64,0.001,128,43,0.313612699508667,0.3135213851928711
qwen-0.6b,das2d,5,2,0,64,0.001,128,44,0.3135213851928711,0.3112389147281647
qwen-0.6b,das2d,5,2,0,64,0.001,128,45,0.3112389147281647,0.3107368052005768
qwen-0.6b,das2d,5,2,0,64,0.001,128,46,0.3107368052005768,0.30904772877693176
qwen-0.6b,das2d,5,2,0,64,0.001,128,47,0.30904772877693176,0.30913904309272766
qwen-0.6b,das2d,5,2,0,64,0.001,128,48,0.30913904309272766,0.30854561924934387
qwen-0.6b,das2d,5,2,0,64,0.001,128,49,0.30854561924934387,0.30694785714149475
qwen-0.6b,das2d,5,2,0,64,0.001,128,50,0.30694785714149475,0.305350124835968
qwen-0.6b,das2d,5,2,0,64,0.001,128,51,0.305350124835968,0.30493927001953125
qwen-0.6b,das2d,5,2,0,64,0.001,128,52,0.30493927001953125,0.3035241663455963
qwen-0.6b,das2d,5,2,0,64,0.001,128,53,0.3035241663455963,0.30128732323646545
qwen-0.6b,das2d,5,2,0,64,0.001,128,54,0.30128732323646545,0.302291601896286
qwen-0.6b,das2d,5,2,0,64,0.001,128,55,0.302291601896286,0.3019264340400696
qwen-0.6b,das2d,5,2,0,64,0.001,128,56,0.3019264340400696,0.3004656136035919
qwen-0.6b,das2d,5,2,0,64,0.001,128,57,0.3004656136035919,0.2978179454803467
qwen-0.6b,das2d,5,2,0,64,0.001,128,58,0.2978179454803467,0.29955264925956726
qwen-0.6b,das2d,5,2,0,64,0.001,128,59,0.29955264925956726,0.2985483407974243
qwen-0.6b,das2d,5,2,0,64,0.001,128,60,0.2985483407974243,0.29699626564979553
qwen-0.6b,das2d,5,2,0,64,0.001,128,61,0.29699626564979553,0.2953985035419464
qwen-0.6b,das2d,5,2,0,64,0.001,128,62,0.2953985035419464,0.29485073685646057
qwen-0.6b,das2d,5,2,0,64,0.001,128,63,0.29485073685646057,0.2952159345149994
qwen-0.6b,das3d,5,3,0,64,0.001,128,0,0.9970784187316895,0.9814662933349609
qwen-0.6b,das3d,5,3,0,64,0.001,128,1,0.9814662933349609,0.9533917307853699
qwen-0.6b,das3d,5,3,0,64,0.001,128,2,0.9533917307853699,0.9111202359199524
qwen-0.6b,das3d,5,3,0,64,0.001,128,3,0.9111202359199524,0.8559298515319824
qwen-0.6b,das3d,5,3,0,64,0.001,128,4,0.8559298515319824,0.730347752571106
qwen-0.6b,das3d,5,3,0,64,0.001,128,5,0.730347752571106,0.6362640261650085
qwen-0.6b,das3d,5,3,0,64,0.001,128,6,0.6362640261650085,0.592349112033844
qwen-0.6b,das3d,5,3,0,64,0.001,128,7,0.592349112033844,0.5657810568809509
qwen-0.6b,das3d,5,3,0,64,0.001,128,8,0.5657810568809509,0.5564685463905334
qwen-0.6b,das3d,5,3,0,64,0.001,128,9,0.5564685463905334,0.5536382794380188
qwen-0.6b,das3d,5,3,0,64,0.001,128,10,0.5536382794380188,0.5456952452659607
qwen-0.6b,das3d,5,3,0,64,0.001,128,11,0.5456952452659607,0.5288962125778198
qwen-0.6b,das3d,5,3,0,64,0.001,128,12,0.5288962125778198,0.5047931671142578
qwen-0.6b,das3d,5,3,0,64,0.001,128,13,0.5047931671142578,0.4848443269729614
qwen-0.6b,das3d,5,3,0,64,0.001,128,14,0.4848443269729614,0.46192821860313416
qwen-0.6b,das3d,5,3,0,64,0.001,128,15,0.46192821860313416,0.44987672567367554
qwen-0.6b,das3d,5,3,0,64,0.001,128,16,0.44987672567367554,0.43672966957092285
qwen-0.6b,das3d,5,3,0,64,0.001,128,17,0.43672966957092285,0.42458686232566833
qwen-0.6b,das3d,5,3,0,64,0.001,128,18,0.42458686232566833,0.41248974204063416
qwen-0.6b,das3d,5,3,0,64,0.001,128,19,0.41248974204063416,0.4018990099430084
qwen-0.6b,das3d,5,3,0,64,0.001,128,20,0.4018990099430084,0.3923582434654236
qwen-0.6b,das3d,5,3,0,64,0.001,128,21,0.3923582434654236,0.3819045126438141
qwen-0.6b,das3d,5,3,0,64,0.001,128,22,0.3819045126438141,0.3735049366950989
qwen-0.6b,das3d,5,3,0,64,0.001,128,23,0.3735049366950989,0.36693140864372253
qwen-0.6b,das3d,5,3,0,64,0.001,128,24,0.36693140864372253,0.35971879959106445
qwen-0.6b,das3d,5,3,0,64,0.001,128,25,0.35971879959106445,0.3530539572238922
qwen-0.6b,das3d,5,3,0,64,0.001,128,26,0.3530539572238922,0.3476216197013855
qwen-0.6b,das3d,5,3,0,64,0.001,128,27,0.3476216197013855,0.34045466780662537
qwen-0.6b,das3d,5,3,0,64,0.001,128,28,0.34045466780662537,0.33739614486694336
qwen-0.6b,das3d,5,3,0,64,0.001,128,29,0.33739614486694336,0.32438600063323975
qwen-0.6b,das3d,5,3,0,64,0.001,128,30,0.32438600063323975,0.3215557336807251
qwen-0.6b,das3d,5,3,0,64,0.001,128,31,0.3215557336807251,0.316671222448349
qwen-0.6b,das3d,5,3,0,64,0.001,128,32,0.316671222448349,0.31105634570121765
qwen-0.6b,das3d,5,3,0,64,0.001,128,33,0.31105634570121765,0.3084999620914459
qwen-0.6b,das3d,5,3,0,64,0.001,128,34,0.3084999620914459,0.3040263056755066
qwen-0.6b,das3d,5,3,0,64,0.001,128,35,0.3040263056755066,0.3010590672492981
qwen-0.6b,das3d,5,3,0,64,0.001,128,36,0.3010590672492981,0.2988678812980652
qwen-0.6b,das3d,5,3,0,64,0.001,128,37,0.2988678812980652,0.2949420213699341
qwen-0.6b,das3d,5,3,0,64,0.001,128,38,0.2949420213699341,0.29211175441741943
qwen-0.6b,das3d,5,3,0,64,0.001,128,39,0.29211175441741943,0.28960102796554565
qwen-0.6b,das3d,5,3,0,64,0.001,128,40,0.28960102796554565,0.28896191716194153
qwen-0.6b,das3d,5,3,0,64,0.001,128,41,0.28896191716194153,0.28827717900276184
qwen-0.6b,das3d,5,3,0,64,0.001,128,42,0.28827717900276184,0.2857208251953125
qwen-0.6b,das3d,5,3,0,64,0.001,128,43,0.2857208251953125,0.2830274701118469
qwen-0.6b,das3d,5,3,0,64,0.001,128,44,0.2830274701118469,0.2829361855983734
qwen-0.6b,das3d,5,3,0,64,0.001,128,45,0.2829361855983734,0.279695063829422
qwen-0.6b,das3d,5,3,0,64,0.001,128,46,0.279695063829422,0.27764084935188293
qwen-0.6b,das3d,5,3,0,64,0.001,128,47,0.27764084935188293,0.2762256860733032
qwen-0.6b,das3d,5,3,0,64,0.001,128,48,0.2762256860733032,0.2734410762786865
qwen-0.6b,das3d,5,3,0,64,0.001,128,49,0.2734410762786865,0.27170637249946594
qwen-0.6b,das3d,5,3,0,64,0.001,128,50,0.27170637249946594,0.26988041400909424
qwen-0.6b,das3d,5,3,0,64,0.001,128,51,0.26988041400909424,0.26841962337493896
qwen-0.6b,das3d,5,3,0,64,0.001,128,52,0.26841962337493896,0.26691320538520813
qwen-0.6b,das3d,5,3,0,64,0.001,128,53,0.26691320538520813,0.26604583859443665
qwen-0.6b,das3d,5,3,0,64,0.001,128,54,0.26604583859443665,0.2639915943145752
qwen-0.6b,das3d,5,3,0,64,0.001,128,55,0.2639915943145752,0.26211997866630554
qwen-0.6b,das3d,5,3,0,64,0.001,128,56,0.26211997866630554,0.25951793789863586
qwen-0.6b,das3d,5,3,0,64,0.001,128,57,0.25951793789863586,0.26011139154434204
qwen-0.6b,das3d,5,3,0,64,0.001,128,58,0.26011139154434204,0.25741806626319885
qwen-0.6b,das3d,5,3,0,64,0.001,128,59,0.25741806626319885,0.2562311589717865
qwen-0.6b,das3d,5,3,0,64,0.001,128,60,0.2562311589717865,0.25636810064315796
qwen-0.6b,das3d,5,3,0,64,0.001,128,61,0.25636810064315796,0.2529444098472595
qwen-0.6b,das3d,5,3,0,64,0.001,128,62,0.2529444098472595,0.2502967119216919
qwen-0.6b,das3d,5,3,0,64,0.001,128,63,0.2502967119216919,0.2501141130924225
qwen-0.6b,das,6,1,0,64,0.001,128,0,0.9978088140487671,0.9853920936584473
qwen-0.6b,das,6,1,0,64,0.001,128,1,0.9853920936584473,0.9565415978431702
qwen-0.6b,das,6,1,0,64,0.001,128,2,0.9565415978431702,0.9192458391189575
qwen-0.6b,das,6,1,0,64,0.001,128,3,0.9192458391189575,0.885419487953186
qwen-0.6b,das,6,1,0,64,0.001,128,4,0.885419487953186,0.8559755086898804
qwen-0.6b,das,6,1,0,64,0.001,128,5,0.8559755086898804,0.811649739742279
qwen-0.6b,das,6,1,0,64,0.001,128,6,0.811649739742279,0.7409385442733765
qwen-0.6b,das,6,1,0,64,0.001,128,7,0.7409385442733765,0.6629233956336975
qwen-0.6b,das,6,1,0,64,0.001,128,8,0.6629233956336975,0.6169998645782471
qwen-0.6b,das,6,1,0,64,0.001,128,9,0.6169998645782471,0.6000182628631592
qwen-0.6b,das,6,1,0,64,0.001,128,10,0.6000182628631592,0.5886514782905579
qwen-0.6b,das,6,1,0,64,0.001,128,11,0.5886514782905579,0.5822605490684509
qwen-0.6b,das,6,1,0,64,0.001,128,12,0.5822605490684509,0.5703003406524658
qwen-0.6b,das,6,1,0,64,0.001,128,13,0.5703003406524658,0.5496211051940918
qwen-0.6b,das,6,1,0,64,0.001,128,14,0.5496211051940918,0.5274810194969177
qwen-0.6b,das,6,1,0,64,0.001,128,15,0.5274810194969177,0.5121884346008301
qwen-0.6b,das,6,1,0,64,0.001,128,16,0.5121884346008301,0.4996348023414612
qwen-0.6b,das,6,1,0,64,0.001,128,17,0.4996348023414612,0.48854193091392517
qwen-0.6b,das,6,1,0,64,0.001,128,18,0.48854193091392517,0.47507530450820923
qwen-0.6b,das,6,1,0,64,0.001,128,19,0.47507530450820923,0.46261295676231384
qwen-0.6b,das,6,1,0,64,0.001,128,20,0.46261295676231384,0.45320919156074524
qwen-0.6b,das,6,1,0,64,0.001,128,21,0.45320919156074524,0.44480961561203003
qwen-0.6b,das,6,1,0,64,0.001,128,22,0.44480961561203003,0.4379165470600128
qwen-0.6b,das,6,1,0,64,0.001,128,23,0.4379165470600128,0.4288322925567627
qwen-0.6b,das,6,1,0,64,0.001,128,24,0.4288322925567627,0.41997626423835754
qwen-0.6b,das,6,1,0,64,0.001,128,25,0.41997626423835754,0.41376790404319763
qwen-0.6b,das,6,1,0,64,0.001,128,26,0.41376790404319763,0.4062357246875763
qwen-0.6b,das,6,1,0,64,0.001,128,27,0.4062357246875763,0.4002099633216858
qwen-0.6b,das,6,1,0,64,0.001,128,28,0.4002099633216858,0.3941386044025421
qwen-0.6b,das,6,1,0,64,0.001,128,29,0.3941386044025421,0.38633251190185547
qwen-0.6b,das,6,1,0,64,0.001,128,30,0.38633251190185547,0.38099148869514465
qwen-0.6b,das,6,1,0,64,0.001,128,31,0.38099148869514465,0.37560486793518066
qwen-0.6b,das,6,1,0,64,0.001,128,32,0.37560486793518066,0.3735049366950989
qwen-0.6b,das,6,1,0,64,0.001,128,33,0.3735049366950989,0.3671596646308899
qwen-0.6b,das,6,1,0,64,0.001,128,34,0.3671596646308899,0.3635077178478241
qwen-0.6b,das,6,1,0,64,0.001,128,35,0.3635077178478241,0.3571167588233948
qwen-0.6b,das,6,1,0,64,0.001,128,36,0.3571167588233948,0.3549712300300598
qwen-0.6b,das,6,1,0,64,0.001,128,37,0.3549712300300598,0.352277934551239
qwen-0.6b,das,6,1,0,64,0.001,128,38,0.352277934551239,0.3490367829799652
qwen-0.6b,das,6,1,0,64,0.001,128,39,0.3490367829799652,0.34689125418663025
qwen-0.6b,das,6,1,0,64,0.001,128,40,0.34689125418663025,0.34506526589393616
qwen-0.6b,das,6,1,0,64,0.001,128,41,0.34506526589393616,0.3426458537578583
qwen-0.6b,das,6,1,0,64,0.001,128,42,0.3426458537578583,0.33922210335731506
qwen-0.6b,das,6,1,0,64,0.001,128,43,0.33922210335731506,0.33703094720840454
qwen-0.6b,das,6,1,0,64,0.001,128,44,0.33703094720840454,0.33588969707489014
qwen-0.6b,das,6,1,0,64,0.001,128,45,0.33588969707489014,0.3350223898887634
qwen-0.6b,das,6,1,0,64,0.001,128,46,0.3350223898887634,0.3329681158065796
qwen-0.6b,das,6,1,0,64,0.001,128,47,0.3329681158065796,0.3316899538040161
qwen-0.6b,das,6,1,0,64,0.001,128,48,0.3316899538040161,0.33059436082839966
qwen-0.6b,das,6,1,0,64,0.001,128,49,0.33059436082839966,0.32990962266921997
qwen-0.6b,das,6,1,0,64,0.001,128,50,0.32990962266921997,0.3295900821685791
qwen-0.6b,das,6,1,0,64,0.001,128,51,0.3295900821685791,0.3273075819015503
qwen-0.6b,das,6,1,0,64,0.001,128,52,0.3273075819015503,0.3286314010620117
qwen-0.6b,das,6,1,0,64,0.001,128,53,0.3286314010620117,0.32589244842529297
qwen-0.6b,das,6,1,0,64,0.001,128,54,0.32589244842529297,0.32570984959602356
qwen-0.6b,das,6,1,0,64,0.001,128,55,0.32570984959602356,0.327033668756485
qwen-0.6b,das,6,1,0,64,0.001,128,56,0.327033668756485,0.3261663317680359
qwen-0.6b,das,6,1,0,64,0.001,128,57,0.3261663317680359,0.3268510699272156
qwen-0.6b,das,6,1,0,64,0.001,128,58,0.3268510699272156,0.32648590207099915
qwen-0.6b,das,6,1,0,64,0.001,128,59,0.32648590207099915,0.32552725076675415
qwen-0.6b,das,6,1,0,64,0.001,128,60,0.32552725076675415,0.32360997796058655
qwen-0.6b,das,6,1,0,64,0.001,128,61,0.32360997796058655,0.32429471611976624
qwen-0.6b,das,6,1,0,64,0.001,128,62,0.32429471611976624,0.3263489305973053
qwen-0.6b,das,6,1,0,64,0.001,128,63,0.3263489305973053,0.3263489305973053
qwen-0.6b,das2d,6,2,0,64,0.001,128,0,0.9995434880256653,0.9843422174453735
qwen-0.6b,das2d,6,2,0,64,0.001,128,1,0.9843422174453735,0.9519765973091125
qwen-0.6b,das2d,6,2,0,64,0.001,128,2,0.9519765973091125,0.9142243266105652
qwen-0.6b,das2d,6,2,0,64,0.001,128,3,0.9142243266105652,0.8743722438812256
qwen-0.6b,das2d,6,2,0,64,0.001,128,4,0.8743722438812256,0.8310508131980896
qwen-0.6b,das2d,6,2,0,64,0.001,128,5,0.8310508131980896,0.7597461342811584
qwen-0.6b,das2d,6,2,0,64,0.001,128,6,0.7597461342811584,0.6476307511329651
qwen-0.6b,das2d,6,2,0,64,0.001,128,7,0.6476307511329651,0.5810280442237854
qwen-0.6b,das2d,6,2,0,64,0.001,128,8,0.5810280442237854,0.563452959060669
qwen-0.6b,das2d,6,2,0,64,0.001,128,9,0.563452959060669,0.5536382794380188
qwen-0.6b,das2d,6,2,0,64,0.001,128,10,0.5536382794380188,0.5495297908782959
qwen-0.6b,das2d,6,2,0,64,0.001,128,11,0.5495297908782959,0.5414955019950867
qwen-0.6b,das2d,6,2,0,64,0.001,128,12,0.5414955019950867,0.5179859399795532
qwen-0.6b,das2d,6,2,0,64,0.001,128,13,0.5179859399795532,0.49552634358406067
qwen-0.6b,das2d,6,2,0,64,0.001,128,14,0.49552634358406067,0.4730667471885681
qwen-0.6b,das2d,6,2,0,64,0.001,128,15,0.4730667471885681,0.4577741026878357
qwen-0.6b,das2d,6,2,0,64,0.001,128,16,0.4577741026878357,0.44056421518325806
qwen-0.6b,das2d,6,2,0,64,0.001,128,17,0.44056421518325806,0.4288322925567627
qwen-0.6b,das2d,6,2,0,64,0.001,128,18,0.4288322925567627,0.4176481068134308
qwen-0.6b,das2d,6,2,0,64,0.001,128,19,0.4176481068134308,0.4033598303794861
qwen-0.6b,das2d,6,2,0,64,0.001,128,20,0.4033598303794861,0.39258649945259094
qwen-0.6b,das2d,6,2,0,64,0.001,128,21,0.39258649945259094,0.38528257608413696
qwen-0.6b,das2d,6,2,0,64,0.001,128,22,0.38528257608413696,0.3764265477657318
qwen-0.6b,das2d,6,2,0,64,0.001,128,23,0.3764265477657318,0.36834657192230225
qwen-0.6b,das2d,6,2,0,64,0.001,128,24,0.36834657192230225,0.3604491949081421
qwen-0.6b,das2d,6,2,0,64,0.001,128,25,0.3604491949081421,0.3549712300300598
qwen-0.6b,das2d,6,2,0,64,0.001,128,26,0.3549712300300598,0.3482607305049896
qwen-0.6b,das2d,6,2,0,64,0.001,128,27,0.3482607305049896,0.3408198654651642
qwen-0.6b,das2d,6,2,0,64,0.001,128,28,0.3408198654651642,0.3350680470466614
qwen-0.6b,das2d,6,2,0,64,0.001,128,29,0.3350680470466614,0.33173561096191406
qwen-0.6b,das2d,6,2,0,64,0.001,128,30,0.33173561096191406,0.32648587226867676
qwen-0.6b,das2d,6,2,0,64,0.001,128,31,0.32648587226867676,0.32169270515441895
qwen-0.6b,das2d,6,2,0,64,0.001,128,32,0.32169270515441895,0.3167625367641449
qwen-0.6b,das2d,6,2,0,64,0.001,128,33,0.3167625367641449,0.31233450770378113
qwen-0.6b,das2d,6,2,0,64,0.001,128,34,0.31233450770378113,0.3087281882762909
qwen-0.6b,das2d,6,2,0,64,0.001,128,35,0.3087281882762909,0.3055783808231354
qwen-0.6b,das2d,6,2,0,64,0.001,128,36,0.3055783808231354,0.3036154508590698
qwen-0.6b,das2d,6,2,0,64,0.001,128,37,0.3036154508590698,0.301150381565094
qwen-0.6b,das2d,6,2,0,64,0.001,128,38,0.301150381565094,0.29891353845596313
qwen-0.6b,das2d,6,2,0,64,0.001,128,39,0.29891353845596313,0.295946329832077
qwen-0.6b,das2d,6,2,0,64,0.001,128,40,0.295946329832077,0.2938920855522156
qwen-0.6b,das2d,6,2,0,64,0.001,128,41,0.2938920855522156,0.29247695207595825
qwen-0.6b,das2d,6,2,0,64,0.001,128,42,0.29247695207595825,0.29092487692832947
qwen-0.6b,das2d,6,2,0,64,0.001,128,43,0.29092487692832947,0.29028576612472534
qwen-0.6b,das2d,6,2,0,64,0.001,128,44,0.29028576612472534,0.28645122051239014
qwen-0.6b,das2d,6,2,0,64,0.001,128,45,0.28645122051239014,0.2877293825149536
qwen-0.6b,das2d,6,2,0,64,0.001,128,46,0.2877293825149536,0.2871815860271454
qwen-0.6b,das2d,6,2,0,64,0.001,128,47,0.2871815860271454,0.2844882905483246
qwen-0.6b,das2d,6,2,0,64,0.001,128,48,0.2844882905483246,0.2823883891105652
qwen-0.6b,das2d,6,2,0,64,0.001,128,49,0.2823883891105652,0.2833470404148102
qwen-0.6b,das2d,6,2,0,64,0.001,128,50,0.2833470404148102,0.28184056282043457
qwen-0.6b,das2d,6,2,0,64,0.001,128,51,0.28184056282043457,0.2805624306201935
qwen-0.6b,das2d,6,2,0,64,0.001,128,52,0.2805624306201935,0.27905598282814026
qwen-0.6b,das2d,6,2,0,64,0.001,128,53,0.27905598282814026,0.2802428603172302
qwen-0.6b,das2d,6,2,0,64,0.001,128,54,0.2802428603172302,0.27841687202453613
qwen-0.6b,das2d,6,2,0,64,0.001,128,55,0.27841687202453613,0.27869078516960144
qwen-0.6b,das2d,6,2,0,64,0.001,128,56,0.27869078516960144,0.2782342731952667
qwen-0.6b,das2d,6,2,0,64,0.001,128,57,0.2782342731952667,0.27668219804763794
qwen-0.6b,das2d,6,2,0,64,0.001,128,58,0.27668219804763794,0.27581483125686646
qwen-0.6b,das2d,6,2,0,64,0.001,128,59,0.27581483125686646,0.2749931514263153
qwen-0.6b,das2d,6,2,0,64,0.001,128,60,0.2749931514263153,0.27389755845069885
qwen-0.6b,das2d,6,2,0,64,0.001,128,61,0.27389755845069885,0.2732584774494171
qwen-0.6b,das2d,6,2,0,64,0.001,128,62,0.2732584774494171,0.27207157015800476
qwen-0.6b,das2d,6,2,0,64,0.001,128,63,0.27207157015800476,0.2728019654750824
qwen-0.6b,das3d,6,3,0,64,0.001,128,0,0.9996346831321716,0.9808728098869324
qwen-0.6b,das3d,6,3,0,64,0.001,128,1,0.9808728098869324,0.9493288993835449
qwen-0.6b,das3d,6,3,0,64,0.001,128,2,0.9493288993835449,0.9069660902023315
qwen-0.6b,das3d,6,3,0,64,0.001,128,3,0.9069660902023315,0.8614535331726074
qwen-0.6b,das3d,6,3,0,64,0.001,128,4,0.8614535331726074,0.7919747233390808
qwen-0.6b,das3d,6,3,0,64,0.001,128,5,0.7919747233390808,0.6542499661445618
qwen-0.6b,das3d,6,3,0,64,0.001,128,6,0.6542499661445618,0.5694330334663391
qwen-0.6b,das3d,6,3,0,64,0.001,128,7,0.5694330334663391,0.5463799834251404
qwen-0.6b,das3d,6,3,0,64,0.001,128,8,0.5463799834251404,0.5387564897537231
qwen-0.6b,das3d,6,3,0,64,0.001,128,9,0.5387564897537231,0.5324112176895142
qwen-0.6b,das3d,6,3,0,64,0.001,128,10,0.5324112176895142,0.5265680551528931
qwen-0.6b,das3d,6,3,0,64,0.001,128,11,0.5265680551528931,0.5118688941001892
qwen-0.6b,das3d,6,3,0,64,0.001,128,12,0.5118688941001892,0.48589426279067993
qwen-0.6b,das3d,6,3,0,64,0.001,128,13,0.48589426279067993,0.4639824628829956
qwen-0.6b,das3d,6,3,0,64,0.001,128,14,0.4639824628829956,0.44362276792526245
qwen-0.6b,das3d,6,3,0,64,0.001,128,15,0.44362276792526245,0.42755407094955444
qwen-0.6b,das3d,6,3,0,64,0.001,128,16,0.42755407094955444,0.40993332862854004
qwen-0.6b,das3d,6,3,0,64,0.001,128,17,0.40993332862854004,0.3958733081817627
qwen-0.6b,das3d,6,3,0,64,0.001,128,18,0.3958733081817627,0.3851456046104431
qwen-0.6b,das3d,6,3,0,64,0.001,128,19,0.3851456046104431,0.3746005594730377
qwen-0.6b,das3d,6,3,0,64,0.001,128,20,0.3746005594730377,0.3625490665435791
qwen-0.6b,das3d,6,3,0,64,0.001,128,21,0.3625490665435791,0.3521409332752228
qwen-0.6b,das3d,6,3,0,64,0.001,128,22,0.3521409332752228,0.3412763476371765
qwen-0.6b,das3d,6,3,0,64,0.001,128,23,0.3412763476371765,0.33520495891571045
qwen-0.6b,das3d,6,3,0,64,0.001,128,24,0.33520495891571045,0.3282662034034729
qwen-0.6b,das3d,6,3,0,64,0.001,128,25,0.3282662034034729,0.31941020488739014
qwen-0.6b,das3d,6,3,0,64,0.001,128,26,0.31941020488739014,0.3134301006793976
qwen-0.6b,das3d,6,3,0,64,0.001,128,27,0.3134301006793976,0.30598923563957214
qwen-0.6b,das3d,6,3,0,64,0.001,128,28,0.30598923563957214,0.3009677827358246
qwen-0.6b,das3d,6,3,0,64,0.001,128,29,0.3009677827358246,0.29457682371139526
qwen-0.6b,das3d,6,3,0,64,0.001,128,30,0.29457682371139526,0.2900118827819824
qwen-0.6b,das3d,6,3,0,64,0.001,128,31,0.2900118827819824,0.2851729989051819
qwen-0.6b,das3d,6,3,0,64,0.001,128,32,0.2851729989051819,0.28156670928001404
qwen-0.6b,das3d,6,3,0,64,0.001,128,33,0.28156670928001404,0.27754953503608704
qwen-0.6b,das3d,6,3,0,64,0.001,128,34,0.27754953503608704,0.2741714417934418
qwen-0.6b,das3d,6,3,0,64,0.001,128,35,0.2741714417934418,0.2741714417934418
qwen-0.6b,das3d,6,3,0,64,0.001,128,36,0.2741714417934418,0.26978909969329834
qwen-0.6b,das3d,6,3,0,64,0.001,128,37,0.26978909969329834,0.26901307702064514
qwen-0.6b,das3d,6,3,0,64,0.001,128,38,0.26901307702064514,0.2667762339115143
qwen-0.6b,das3d,6,3,0,64,0.001,128,39,0.2667762339115143,0.26403725147247314
qwen-0.6b,das3d,6,3,0,64,0.001,128,40,0.26403725147247314,0.2616634964942932
qwen-0.6b,das3d,6,3,0,64,0.001,128,41,0.2616634964942932,0.25979185104370117
qwen-0.6b,das3d,6,3,0,64,0.001,128,42,0.25979185104370117,0.25778326392173767
qwen-0.6b,das3d,6,3,0,64,0.001,128,43,0.25778326392173767,0.2539486885070801
qwen-0.6b,das3d,6,3,0,64,0.001,128,44,0.2539486885070801,0.2546790838241577
qwen-0.6b,das3d,6,3,0,64,0.001,128,45,0.2546790838241577,0.2522139847278595
qwen-0.6b,das3d,6,3,0,64,0.001,128,46,0.2522139847278595,0.25015977025032043
qwen-0.6b,das3d,6,3,0,64,0.001,128,47,0.25015977025032043,0.24723820388317108
qwen-0.6b,das3d,6,3,0,64,0.001,128,48,0.24723820388317108,0.24509266018867493
qwen-0.6b,das3d,6,3,0,64,0.001,128,49,0.24509266018867493,0.24381448328495026
qwen-0.6b,das3d,6,3,0,64,0.001,128,50,0.24381448328495026,0.24048206210136414
qwen-0.6b,das3d,6,3,0,64,0.001,128,51,0.24048206210136414,0.23733222484588623
qwen-0.6b,das3d,6,3,0,64,0.001,128,52,0.23733222484588623,0.2369670420885086
qwen-0.6b,das3d,6,3,0,64,0.001,128,53,0.2369670420885086,0.23509542644023895
qwen-0.6b,das3d,6,3,0,64,0.001,128,54,0.23509542644023895,0.231991246342659
qwen-0.6b,das3d,6,3,0,64,0.001,128,55,0.231991246342659,0.23148909211158752
qwen-0.6b,das3d,6,3,0,64,0.001,128,56,0.23148909211158752,0.23039351403713226
qwen-0.6b,das3d,6,3,0,64,0.001,128,57,0.23039351403713226,0.22888705134391785
qwen-0.6b,das3d,6,3,0,64,0.001,128,58,0.22888705134391785,0.22464165091514587
qwen-0.6b,das3d,6,3,0,64,0.001,128,59,0.22464165091514587,0.2212636023759842
qwen-0.6b,das3d,6,3,0,64,0.001,128,60,0.2212636023759842,0.22213095426559448
qwen-0.6b,das3d,6,3,0,64,0.001,128,61,0.22213095426559448,0.21779422461986542
qwen-0.6b,das3d,6,3,0,64,0.001,128,62,0.21779422461986542,0.21920934319496155
qwen-0.6b,das3d,6,3,0,64,0.001,128,63,0.21920934319496155,0.21642471849918365
qwen-0.6b,das,7,1,0,64,0.001,128,0,0.9989044070243835,0.9890440702438354
qwen-0.6b,das,7,1,0,64,0.001,128,1,0.9890440702438354,0.961334764957428
qwen-0.6b,das,7,1,0,64,0.001,128,2,0.961334764957428,0.9254541993141174
qwen-0.6b,das,7,1,0,64,0.001,128,3,0.9254541993141174,0.8907605409622192
qwen-0.6b,das,7,1,0,64,0.001,128,4,0.8907605409622192,0.8620469570159912
qwen-0.6b,das,7,1,0,64,0.001,128,5,0.8620469570159912,0.8226969838142395
qwen-0.6b,das,7,1,0,64,0.001,128,6,0.8226969838142395,0.7546334266662598
qwen-0.6b,das,7,1,0,64,0.001,128,7,0.7546334266662598,0.6708663702011108
qwen-0.6b,das,7,1,0,64,0.001,128,8,0.6708663702011108,0.625079870223999
qwen-0.6b,das,7,1,0,64,0.001,128,9,0.625079870223999,0.608600378036499
qwen-0.6b,das,7,1,0,64,0.001,128,10,0.608600378036499,0.60225510597229
qwen-0.6b,das,7,1,0,64,0.001,128,11,0.60225510597229,0.5951337218284607
qwen-0.6b,das,7,1,0,64,0.001,128,12,0.5951337218284607,0.5859581828117371
qwen-0.6b,das,7,1,0,64,0.001,128,13,0.5859581828117371,0.5695699453353882
qwen-0.6b,das,7,1,0,64,0.001,128,14,0.5695699453353882,0.5480233430862427
qwen-0.6b,das,7,1,0,64,0.001,128,15,0.5480233430862427,0.526796281337738
qwen-0.6b,das,7,1,0,64,0.001,128,16,0.526796281337738,0.5115949511528015
qwen-0.6b,das,7,1,0,64,0.001,128,17,0.5115949511528015,0.4986761510372162
qwen-0.6b,das,7,1,0,64,0.001,128,18,0.4986761510372162,0.4835205078125
qwen-0.6b,das,7,1,0,64,0.001,128,19,0.4835205078125,0.47082993388175964
qwen-0.6b,das,7,1,0,64,0.001,128,20,0.47082993388175964,0.464165061712265
qwen-0.6b,das,7,1,0,64,0.001,128,21,0.464165061712265,0.45444169640541077
qwen-0.6b,das,7,1,0,64,0.001,128,22,0.45444169640541077,0.4469551742076874
qwen-0.6b,das,7,1,0,64,0.001,128,23,0.4469551742076874,0.4369122385978699
qwen-0.6b,das,7,1,0,64,0.001,128,24,0.4369122385978699,0.4326668381690979
qwen-0.6b,das,7,1,0,64,0.001,128,25,0.4326668381690979,0.4219391644001007
qwen-0.6b,das,7,1,0,64,0.001,128,26,0.4219391644001007,0.41586777567863464
qwen-0.6b,das,7,1,0,64,0.001,128,27,0.41586777567863464,0.40778782963752747
qwen-0.6b,das,7,1,0,64,0.001,128,28,0.40778782963752747,0.40167075395584106
qwen-0.6b,das,7,1,0,64,0.001,128,29,0.40167075395584106,0.39537113904953003
qwen-0.6b,das,7,1,0,64,0.001,128,30,0.39537113904953003,0.38911715149879456
qwen-0.6b,das,7,1,0,64,0.001,128,31,0.38911715149879456,0.38359352946281433
qwen-0.6b,das,7,1,0,64,0.001,128,32,0.38359352946281433,0.3796220123767853
qwen-0.6b,das,7,1,0,64,0.001,128,33,0.3796220123767853,0.3716333210468292
qwen-0.6b,das,7,1,0,64,0.001,128,34,0.3716333210468292,0.368757426738739
qwen-0.6b,das,7,1,0,64,0.001,128,35,0.368757426738739,0.36478590965270996
qwen-0.6b,das,7,1,0,64,0.001,128,36,0.36478590965270996,0.3592623174190521
qwen-0.6b,das,7,1,0,64,0.001,128,37,0.3592623174190521,0.3570254445075989
qwen-0.6b,das,7,1,0,64,0.001,128,38,0.3570254445075989,0.3505888879299164
qwen-0.6b,das,7,1,0,64,0.001,128,39,0.3505888879299164,0.3480781316757202
qwen-0.6b,das,7,1,0,64,0.001,128,40,0.3480781316757202,0.34506526589393616
qwen-0.6b,das,7,1,0,64,0.001,128,41,0.34506526589393616,0.34104812145233154
qwen-0.6b,das,7,1,0,64,0.001,128,42,0.34104812145233154,0.33826351165771484
qwen-0.6b,das,7,1,0,64,0.001,128,43,0.33826351165771484,0.3364831507205963
qwen-0.6b,das,7,1,0,64,0.001,128,44,0.3364831507205963,0.33406370878219604
qwen-0.6b,das,7,1,0,64,0.001,128,45,0.33406370878219604,0.3327398896217346
qwen-0.6b,das,7,1,0,64,0.001,128,46,0.3327398896217346,0.3282662034034729
qwen-0.6b,das,7,1,0,64,0.001,128,47,0.3282662034034729,0.32790103554725647
qwen-0.6b,das,7,1,0,64,0.001,128,48,0.32790103554725647,0.32630327343940735
qwen-0.6b,das,7,1,0,64,0.001,128,49,0.32630327343940735,0.3250707685947418
qwen-0.6b,das,7,1,0,64,0.001,128,50,0.3250707685947418,0.3248881697654724
qwen-0.6b,das,7,1,0,64,0.001,128,51,0.3248881697654724,0.3219209313392639
qwen-0.6b,das,7,1,0,64,0.001,128,52,0.3219209313392639,0.32315346598625183
qwen-0.6b,das,7,1,0,64,0.001,128,53,0.32315346598625183,0.32219481468200684
qwen-0.6b,das,7,1,0,64,0.001,128,54,0.32219481468200684,0.3223317861557007
qwen-0.6b,das,7,1,0,64,0.001,128,55,0.3223317861557007,0.32109925150871277
qwen-0.6b,das,7,1,0,64,0.001,128,56,0.32109925150871277,0.320688396692276
qwen-0.6b,das,7,1,0,64,0.001,128,57,0.320688396692276,0.3213731348514557
qwen-0.6b,das,7,1,0,64,0.001,128,58,0.3213731348514557,0.3198210597038269
qwen-0.6b,das,7,1,0,64,0.001,128,59,0.3198210597038269,0.3210535943508148
qwen-0.6b,das,7,1,0,64,0.001,128,60,0.3210535943508148,0.3207796812057495
qwen-0.6b,das,7,1,0,64,0.001,128,61,0.3207796812057495,0.32123619318008423
qwen-0.6b,das,7,1,0,64,0.001,128,62,0.32123619318008423,0.3205057978630066
qwen-0.6b,das,7,1,0,64,0.001,128,63,0.3205057978630066,0.3220122456550598
qwen-0.6b,das2d,7,2,0,64,0.001,128,0,0.998265266418457,0.9872637391090393
qwen-0.6b,das2d,7,2,0,64,0.001,128,1,0.9872637391090393,0.9610152244567871
qwen-0.6b,das2d,7,2,0,64,0.001,128,2,0.9610152244567871,0.9229434132575989
qwen-0.6b,das2d,7,2,0,64,0.001,128,3,0.9229434132575989,0.8842782378196716
qwen-0.6b,das2d,7,2,0,64,0.001,128,4,0.8842782378196716,0.8477585911750793
qwen-0.6b,das2d,7,2,0,64,0.001,128,5,0.8477585911750793,0.7823883891105652
qwen-0.6b,das2d,7,2,0,64,0.001,128,6,0.7823883891105652,0.6770291328430176
qwen-0.6b,das2d,7,2,0,64,0.001,128,7,0.6770291328430176,0.6038984656333923
qwen-0.6b,das2d,7,2,0,64,0.001,128,8,0.6038984656333923,0.5720807313919067
qwen-0.6b,das2d,7,2,0,64,0.001,128,9,0.5720807313919067,0.5619008541107178
qwen-0.6b,das2d,7,2,0,64,0.001,128,10,0.5619008541107178,0.5550990700721741
qwen-0.6b,das2d,7,2,0,64,0.001,128,11,0.5550990700721741,0.545466959476471
qwen-0.6b,das2d,7,2,0,64,0.001,128,12,0.545466959476471,0.5298091769218445
qwen-0.6b,das2d,7,2,0,64,0.001,128,13,0.5298091769218445,0.510134220123291
qwen-0.6b,das2d,7,2,0,64,0.001,128,14,0.510134220123291,0.4876289665699005
qwen-0.6b,das2d,7,2,0,64,0.001,128,15,0.4876289665699005,0.46631062030792236
qwen-0.6b,das2d,7,2,0,64,0.001,128,16,0.46631062030792236,0.4491463303565979
qwen-0.6b,das2d,7,2,0,64,0.001,128,17,0.4491463303565979,0.4352688491344452
qwen-0.6b,das2d,7,2,0,64,0.001,128,18,0.4352688491344452,0.42180225253105164
qwen-0.6b,das2d,7,2,0,64,0.001,128,19,0.42180225253105164,0.4092029333114624
qwen-0.6b,das2d,7,2,0,64,0.001,128,20,0.4092029333114624,0.39642104506492615
qwen-0.6b,das2d,7,2,0,64,0.001,128,21,0.39642104506492615,0.3858303725719452
qwen-0.6b,das2d,7,2,0,64,0.001,128,22,0.3858303725719452,0.3788459599018097
qwen-0.6b,das2d,7,2,0,64,0.001,128,23,0.3788459599018097,0.3718615770339966
qwen-0.6b,das2d,7,2,0,64,0.001,128,24,0.3718615770339966,0.3655162751674652
qwen-0.6b,das2d,7,2,0,64,0.001,128,25,0.3655162751674652,0.3565233051776886
qwen-0.6b,das2d,7,2,0,64,0.001,128,26,0.3565233051776886,0.35090845823287964
qwen-0.6b,das2d,7,2,0,64,0.001,128,27,0.35090845823287964,0.34479138255119324
qwen-0.6b,das2d,7,2,0,64,0.001,128,28,0.34479138255119324,0.33931344747543335
qwen-0.6b,das2d,7,2,0,64,0.001,128,29,0.33931344747543335,0.3330138027667999
qwen-0.6b,das2d,7,2,0,64,0.001,128,30,0.3330138027667999,0.32717064023017883
qwen-0.6b,das2d,7,2,0,64,0.001,128,31,0.32717064023017883,0.32301652431488037
qwen-0.6b,das2d,7,2,0,64,0.001,128,32,0.32301652431488037,0.3200036585330963
qwen-0.6b,das2d,7,2,0,64,0.001,128,33,0.3200036585330963,0.31671687960624695
qwen-0.6b,das2d,7,2,0,64,0.001,128,34,0.31671687960624695,0.3123345375061035
qwen-0.6b,das2d,7,2,0,64,0.001,128,35,0.3123345375061035,0.3083173632621765
qwen-0.6b,das2d,7,2,0,64,0.001,128,36,0.3083173632621765,0.3062174916267395
qwen-0.6b,das2d,7,2,0,64,0.001,128,37,0.3062174916267395,0.3007851541042328
qwen-0.6b,das2d,7,2,0,64,0.001,128,38,0.3007851541042328,0.30110472440719604
qwen-0.6b,das2d,7,2,0,64,0.001,128,39,0.30110472440719604,0.2977266311645508
qwen-0.6b,das2d,7,2,0,64,0.001,128,40,0.2977266311645508,0.2951246500015259
qwen-0.6b,das2d,7,2,0,64,0.001,128,41,0.2951246500015259,0.29402902722358704
qwen-0.6b,das2d,7,2,0,64,0.001,128,42,0.29402902722358704,0.2907879054546356
qwen-0.6b,das2d,7,2,0,64,0.001,128,43,0.2907879054546356,0.2889162600040436
qwen-0.6b,das2d,7,2,0,64,0.001,128,44,0.2889162600040436,0.286953330039978
qwen-0.6b,das2d,7,2,0,64,0.001,128,45,0.286953330039978,0.28416872024536133
qwen-0.6b,das2d,7,2,0,64,0.001,128,46,0.28416872024536133,0.28234273195266724
qwen-0.6b,das2d,7,2,0,64,0.001,128,47,0.28234273195266724,0.2802428603172302
qwen-0.6b,das2d,7,2,0,64,0.001,128,48,0.2802428603172302,0.27914726734161377
qwen-0.6b,das2d,7,2,0,64,0.001,128,49,0.27914726734161377,0.2793298661708832
qwen-0.6b,das2d,7,2,0,64,0.001,128,50,0.2793298661708832,0.27686479687690735
qwen-0.6b,das2d,7,2,0,64,0.001,128,51,0.27686479687690735,0.2754040062427521
qwen-0.6b,das2d,7,2,0,64,0.001,128,52,0.2754040062427521,0.2744453549385071
qwen-0.6b,das2d,7,2,0,64,0.001,128,53,0.2744453549385071,0.2737606167793274
qwen-0.6b,das2d,7,2,0,64,0.001,128,54,0.2737606167793274,0.27179768681526184
qwen-0.6b,das2d,7,2,0,64,0.001,128,55,0.27179768681526184,0.2711586058139801
qwen-0.6b,das2d,7,2,0,64,0.001,128,56,0.2711586058139801,0.2697434425354004
qwen-0.6b,das2d,7,2,0,64,0.001,128,57,0.2697434425354004,0.2702912390232086
qwen-0.6b,das2d,7,2,0,64,0.001,128,58,0.2702912390232086,0.26883044838905334
qwen-0.6b,das2d,7,2,0,64,0.001,128,59,0.26883044838905334,0.26691320538520813
qwen-0.6b,das2d,7,2,0,64,0.001,128,60,0.26691320538520813,0.26682189106941223
qwen-0.6b,das2d,7,2,0,64,0.001,128,61,0.26682189106941223,0.26554369926452637
qwen-0.6b,das2d,7,2,0,64,0.001,128,62,0.26554369926452637,0.2657262980937958
qwen-0.6b,das2d,7,2,0,64,0.001,128,63,0.2657262980937958,0.2644481062889099
qwen-0.6b,das3d,7,3,0,64,0.001,128,0,1.0011868476867676,0.9865790009498596
qwen-0.6b,das3d,7,3,0,64,0.001,128,1,0.9865790009498596,0.9581850171089172
qwen-0.6b,das3d,7,3,0,64,0.001,128,2,0.9581850171089172,0.9157764315605164
qwen-0.6b,das3d,7,3,0,64,0.001,128,3,0.9157764315605164,0.8738244771957397
qwen-0.6b,das3d,7,3,0,64,0.001,128,4,0.8738244771957397,0.8179493546485901
qwen-0.6b,das3d,7,3,0,64,0.001,128,5,0.8179493546485901,0.698895275592804
qwen-0.6b,das3d,7,3,0,64,0.001,128,6,0.698895275592804,0.5869168043136597
qwen-0.6b,das3d,7,3,0,64,0.001,128,7,0.5869168043136597,0.5505340695381165
qwen-0.6b,das3d,7,3,0,64,0.001,128,8,0.5505340695381165,0.5402172803878784
qwen-0.6b,das3d,7,3,0,64,0.001,128,9,0.5402172803878784,0.5341458916664124
qwen-0.6b,das3d,7,3,0,64,0.001,128,10,0.5341458916664124,0.526613712310791
qwen-0.6b,das3d,7,3,0,64,0.001,128,11,0.526613712310791,0.5169816613197327
qwen-0.6b,das3d,7,3,0,64,0.001,128,12,0.5169816613197327,0.49803707003593445
qwen-0.6b,das3d,7,3,0,64,0.001,128,13,0.49803707003593445,0.473386287689209
qwen-0.6b,das3d,7,3,0,64,0.001,128,14,0.473386287689209,0.45101797580718994
qwen-0.6b,das3d,7,3,0,64,0.001,128,15,0.45101797580718994,0.4321646988391876
qwen-0.6b,das3d,7,3,0,64,0.001,128,16,0.4321646988391876,0.41440701484680176
qwen-0.6b,das3d,7,3,0,64,0.001,128,17,0.41440701484680176,0.40290331840515137
qwen-0.6b,das3d,7,3,0,64,0.001,128,18,0.40290331840515137,0.3872454762458801
qwen-0.6b,das3d,7,3,0,64,0.001,128,19,0.3872454762458801,0.37697434425354004
qwen-0.6b,das3d,7,3,0,64,0.001,128,20,0.37697434425354004,0.366840124130249
qwen-0.6b,das3d,7,3,0,64,0.001,128,21,0.366840124130249,0.3566146492958069
qwen-0.6b,das3d,7,3,0,64,0.001,128,22,0.3566146492958069,0.34661737084388733
qwen-0.6b,das3d,7,3,0,64,0.001,128,23,0.34661737084388733,0.3384004533290863
qwen-0.6b,das3d,7,3,0,64,0.001,128,24,0.3384004533290863,0.3307313323020935
qwen-0.6b,das3d,7,3,0,64,0.001,128,25,0.3307313323020935,0.3227882981300354
qwen-0.6b,das3d,7,3,0,64,0.001,128,26,0.3227882981300354,0.3151191473007202
qwen-0.6b,das3d,7,3,0,64,0.001,128,27,0.3151191473007202,0.3056696951389313
qwen-0.6b,das3d,7,3,0,64,0.001,128,28,0.3056696951389313,0.3017438054084778
qwen-0.6b,das3d,7,3,0,64,0.001,128,29,0.3017438054084778,0.2953072190284729
qwen-0.6b,das3d,7,3,0,64,0.001,128,30,0.2953072190284729,0.2872728705406189
qwen-0.6b,das3d,7,3,0,64,0.001,128,31,0.2872728705406189,0.28357526659965515
qwen-0.6b,das3d,7,3,0,64,0.001,128,32,0.28357526659965515,0.2793298661708832
qwen-0.6b,das3d,7,3,0,64,0.001,128,33,0.2793298661708832,0.27522140741348267
qwen-0.6b,das3d,7,3,0,64,0.001,128,34,0.27522140741348267,0.27152377367019653
qwen-0.6b,das3d,7,3,0,64,0.001,128,35,0.27152377367019653,0.2658175826072693
qwen-0.6b,das3d,7,3,0,64,0.001,128,36,0.2658175826072693,0.262987345457077
qwen-0.6b,das3d,7,3,0,64,0.001,128,37,0.262987345457077,0.2595635950565338
qwen-0.6b,das3d,7,3,0,64,0.001,128,38,0.2595635950565338,0.25664201378822327
qwen-0.6b,das3d,7,3,0,64,0.001,128,39,0.25664201378822327,0.2541313171386719
qwen-0.6b,das3d,7,3,0,64,0.001,128,40,0.2541313171386719,0.2520314157009125
qwen-0.6b,das3d,7,3,0,64,0.001,128,41,0.2520314157009125,0.2520314157009125
qwen-0.6b,das3d,7,3,0,64,0.001,128,42,0.2520314157009125,0.24682734906673431
qwen-0.6b,das3d,7,3,0,64,0.001,128,43,0.24682734906673431,0.24632517993450165
qwen-0.6b,das3d,7,3,0,64,0.001,128,44,0.24632517993450165,0.24536657333374023
qwen-0.6b,das3d,7,3,0,64,0.001,128,45,0.24536657333374023,0.2418515384197235
qwen-0.6b,das3d,7,3,0,64,0.001,128,46,0.2418515384197235,0.23924949765205383
qwen-0.6b,das3d,7,3,0,64,0.001,128,47,0.23924949765205383,0.23856477439403534
qwen-0.6b,das3d,7,3,0,64,0.001,128,48,0.23856477439403534,0.23632794618606567
qwen-0.6b,das3d,7,3,0,64,0.001,128,49,0.23632794618606567,0.23491284251213074
qwen-0.6b,das3d,7,3,0,64,0.001,128,50,0.23491284251213074,0.2308500111103058
qwen-0.6b,das3d,7,3,0,64,0.001,128,51,0.2308500111103058,0.2298913598060608
qwen-0.6b,das3d,7,3,0,64,0.001,128,52,0.2298913598060608,0.22847619652748108
qwen-0.6b,das3d,7,3,0,64,0.001,128,53,0.22847619652748108,0.22610244154930115
qwen-0.6b,das3d,7,3,0,64,0.001,128,54,0.22610244154930115,0.2235460728406906
qwen-0.6b,das3d,7,3,0,64,0.001,128,55,0.2235460728406906,0.22167442739009857
qwen-0.6b,das3d,7,3,0,64,0.001,128,56,0.22167442739009857,0.2185702621936798
qwen-0.6b,das3d,7,3,0,64,0.001,128,57,0.2185702621936798,0.2180224508047104
qwen-0.6b,das3d,7,3,0,64,0.001,128,58,0.2180224508047104,0.21569430828094482
qwen-0.6b,das3d,7,3,0,64,0.001,128,59,0.21569430828094482,0.2135944366455078
qwen-0.6b,das3d,7,3,0,64,0.001,128,60,0.2135944366455078,0.21007944643497467
qwen-0.6b,das3d,7,3,0,64,0.001,128,61,0.21007944643497467,0.20829910039901733
qwen-0.6b,das3d,7,3,0,64,0.001,128,62,0.20829910039901733,0.20560577511787415
qwen-0.6b,das3d,7,3,0,64,0.001,128,63,0.20560577511787415,0.20387108623981476
qwen-0.6b,das,8,1,0,64,0.001,128,0,1.000045657157898,0.9824704527854919
qwen-0.6b,das,8,1,0,64,0.001,128,1,0.9824704527854919,0.9517939686775208
qwen-0.6b,das,8,1,0,64,0.001,128,2,0.9517939686775208,0.9153199791908264
qwen-0.6b,das,8,1,0,64,0.001,128,3,0.9153199791908264,0.8822240233421326
qwen-0.6b,das,8,1,0,64,0.001,128,4,0.8822240233421326,0.8503149747848511
qwen-0.6b,das,8,1,0,64,0.001,128,5,0.8503149747848511,0.7922486662864685
qwen-0.6b,das,8,1,0,64,0.001,128,6,0.7922486662864685,0.6736510396003723
qwen-0.6b,das,8,1,0,64,0.001,128,7,0.6736510396003723,0.6263580322265625
qwen-0.6b,das,8,1,0,64,0.001,128,8,0.6263580322265625,0.6110197901725769
qwen-0.6b,das,8,1,0,64,0.001,128,9,0.6110197901725769,0.6064091920852661
qwen-0.6b,das,8,1,0,64,0.001,128,10,0.6064091920852661,0.60271155834198
qwen-0.6b,das,8,1,0,64,0.001,128,11,0.60271155834198,0.5969140529632568
qwen-0.6b,das,8,1,0,64,0.001,128,12,0.5969140529632568,0.5830366015434265
qwen-0.6b,das,8,1,0,64,0.001,128,13,0.5830366015434265,0.5655984282493591
qwen-0.6b,das,8,1,0,64,0.001,128,14,0.5655984282493591,0.5466995239257812
qwen-0.6b,das,8,1,0,64,0.001,128,15,0.5466995239257812,0.5319547057151794
qwen-0.6b,das,8,1,0,64,0.001,128,16,0.5319547057151794,0.5171185731887817
qwen-0.6b,das,8,1,0,64,0.001,128,17,0.5171185731887817,0.504199743270874
qwen-0.6b,das,8,1,0,64,0.001,128,18,0.504199743270874,0.49365469813346863
qwen-0.6b,das,8,1,0,64,0.001,128,19,0.49365469813346863,0.48269879817962646
qwen-0.6b,das,8,1,0,64,0.001,128,20,0.48269879817962646,0.4746187925338745
qwen-0.6b,das,8,1,0,64,0.001,128,21,0.4746187925338745,0.46786266565322876
qwen-0.6b,das,8,1,0,64,0.001,128,22,0.46786266565322876,0.4589153528213501
qwen-0.6b,das,8,1,0,64,0.001,128,23,0.4589153528213501,0.4521135985851288
qwen-0.6b,das,8,1,0,64,0.001,128,24,0.4521135985851288,0.4425271451473236
qwen-0.6b,das,8,1,0,64,0.001,128,25,0.4425271451473236,0.43787088990211487
qwen-0.6b,das,8,1,0,64,0.001,128,26,0.43787088990211487,0.43097779154777527
qwen-0.6b,das,8,1,0,64,0.001,128,27,0.43097779154777527,0.4238564670085907
qwen-0.6b,das,8,1,0,64,0.001,128,28,0.4238564670085907,0.4174198508262634
qwen-0.6b,das,8,1,0,64,0.001,128,29,0.4174198508262634,0.41002464294433594
qwen-0.6b,das,8,1,0,64,0.001,128,30,0.41002464294433594,0.4062357246875763
qwen-0.6b,das,8,1,0,64,0.001,128,31,0.4062357246875763,0.4008490741252899
qwen-0.6b,das,8,1,0,64,0.001,128,32,0.4008490741252899,0.3950972259044647
qwen-0.6b,das,8,1,0,64,0.001,128,33,0.3950972259044647,0.3913539946079254
qwen-0.6b,das,8,1,0,64,0.001,128,34,0.3913539946079254,0.3879302442073822
qwen-0.6b,das,8,1,0,64,0.001,128,35,0.3879302442073822,0.3844152092933655
qwen-0.6b,das,8,1,0,64,0.001,128,36,0.3844152092933655,0.3801698088645935
qwen-0.6b,das,8,1,0,64,0.001,128,37,0.3801698088645935,0.37811559438705444
qwen-0.6b,das,8,1,0,64,0.001,128,38,0.37811559438705444,0.3753766119480133
qwen-0.6b,das,8,1,0,64,0.001,128,39,0.3753766119480133,0.3707659840583801
qwen-0.6b,das,8,1,0,64,0.001,128,40,0.3707659840583801,0.3691682815551758
qwen-0.6b,das,8,1,0,64,0.001,128,41,0.3691682815551758,0.3663836121559143
qwen-0.6b,das,8,1,0,64,0.001,128,42,0.3663836121559143,0.3652423620223999
qwen-0.6b,das,8,1,0,64,0.001,128,43,0.3652423620223999,0.36136215925216675
qwen-0.6b,das,8,1,0,64,0.001,128,44,0.36136215925216675,0.3601296544075012
qwen-0.6b,das,8,1,0,64,0.001,128,45,0.3601296544075012,0.3582580089569092
qwen-0.6b,das,8,1,0,64,0.001,128,46,0.3582580089569092,0.3558841943740845
qwen-0.6b,das,8,1,0,64,0.001,128,47,0.3558841943740845,0.35465168952941895
qwen-0.6b,das,8,1,0,64,0.001,128,48,0.35465168952941895,0.35456040501594543
qwen-0.6b,das,8,1,0,64,0.001,128,49,0.35456040501594543,0.3543321490287781
qwen-0.6b,das,8,1,0,64,0.001,128,50,0.3543321490287781,0.3542408347129822
qwen-0.6b,das,8,1,0,64,0.001,128,51,0.3542408347129822,0.35186707973480225
qwen-0.6b,das,8,1,0,64,0.001,128,52,0.35186707973480225,0.35081714391708374
qwen-0.6b,das,8,1,0,64,0.001,128,53,0.35081714391708374,0.34976717829704285
qwen-0.6b,das,8,1,0,64,0.001,128,54,0.34976717829704285,0.34940198063850403
qwen-0.6b,das,8,1,0,64,0.001,128,55,0.34940198063850403,0.34899115562438965
qwen-0.6b,das,8,1,0,64,0.001,128,56,0.34899115562438965,0.3482607305049896
qwen-0.6b,das,8,1,0,64,0.001,128,57,0.3482607305049896,0.3483063876628876
qwen-0.6b,das,8,1,0,64,0.001,128,58,0.3483063876628876,0.34880852699279785
qwen-0.6b,das,8,1,0,64,0.001,128,59,0.34880852699279785,0.3476216197013855
qwen-0.6b,das,8,1,0,64,0.001,128,60,0.3476216197013855,0.3478955328464508
qwen-0.6b,das,8,1,0,64,0.001,128,61,0.3478955328464508,0.3461608588695526
qwen-0.6b,das,8,1,0,64,0.001,128,62,0.3461608588695526,0.347302109003067
qwen-0.6b,das,8,1,0,64,0.001,128,63,0.347302109003067,0.3452022075653076
qwen-0.6b,das2d,8,2,0,64,0.001,128,0,0.9989044070243835,0.981648862361908
qwen-0.6b,das2d,8,2,0,64,0.001,128,1,0.981648862361908,0.9544416666030884
qwen-0.6b,das2d,8,2,0,64,0.001,128,2,0.9544416666030884,0.9158677458763123
qwen-0.6b,das2d,8,2,0,64,0.001,128,3,0.9158677458763123,0.8760156631469727
qwen-0.6b,das2d,8,2,0,64,0.001,128,4,0.8760156631469727,0.8398611545562744
qwen-0.6b,das2d,8,2,0,64,0.001,128,5,0.8398611545562744,0.7481967806816101
qwen-0.6b,das2d,8,2,0,64,0.001,128,6,0.7481967806816101,0.6304208636283875
qwen-0.6b,das2d,8,2,0,64,0.001,128,7,0.6304208636283875,0.5945859551429749
qwen-0.6b,das2d,8,2,0,64,0.001,128,8,0.5945859551429749,0.5805258750915527
qwen-0.6b,das2d,8,2,0,64,0.001,128,9,0.5805258750915527,0.5708025097846985
qwen-0.6b,das2d,8,2,0,64,0.001,128,10,0.5708025097846985,0.5623117089271545
qwen-0.6b,das2d,8,2,0,64,0.001,128,11,0.5623117089271545,0.5521318316459656
qwen-0.6b,das2d,8,2,0,64,0.001,128,12,0.5521318316459656,0.5322285890579224
qwen-0.6b,das2d,8,2,0,64,0.001,128,13,0.5322285890579224,0.5142883062362671
qwen-0.6b,das2d,8,2,0,64,0.001,128,14,0.5142883062362671,0.49255913496017456
qwen-0.6b,das2d,8,2,0,64,0.001,128,15,0.49255913496017456,0.47397974133491516
qwen-0.6b,das2d,8,2,0,64,0.001,128,16,0.47397974133491516,0.45991966128349304
qwen-0.6b,das2d,8,2,0,64,0.001,128,17,0.45991966128349304,0.44480961561203003
qwen-0.6b,das2d,8,2,0,64,0.001,128,18,0.44480961561203003,0.4311603903770447
qwen-0.6b,das2d,8,2,0,64,0.001,128,19,0.4311603903770447,0.41892629861831665
qwen-0.6b,das2d,8,2,0,64,0.001,128,20,0.41892629861831665,0.40619006752967834
qwen-0.6b,das2d,8,2,0,64,0.001,128,21,0.40619006752967834,0.3970144987106323
qwen-0.6b,das2d,8,2,0,64,0.001,128,22,0.3970144987106323,0.3860129714012146
qwen-0.6b,das2d,8,2,0,64,0.001,128,23,0.3860129714012146,0.37857210636138916
qwen-0.6b,das2d,8,2,0,64,0.001,128,24,0.37857210636138916,0.37131378054618835
qwen-0.6b,das2d,8,2,0,64,0.001,128,25,0.37131378054618835,0.3644663691520691
qwen-0.6b,das2d,8,2,0,64,0.001,128,26,0.3644663691520691,0.3577558398246765
qwen-0.6b,das2d,8,2,0,64,0.001,128,27,0.3577558398246765,0.34940198063850403
qwen-0.6b,das2d,8,2,0,64,0.001,128,28,0.34940198063850403,0.34520223736763
qwen-0.6b,das2d,8,2,0,64,0.001,128,29,0.34520223736763,0.33712226152420044
qwen-0.6b,das2d,8,2,0,64,0.001,128,30,0.33712226152420044,0.3330138027667999
qwen-0.6b,das2d,8,2,0,64,0.001,128,31,0.3330138027667999,0.328905314207077
qwen-0.6b,das2d,8,2,0,64,0.001,128,32,0.328905314207077,0.32589244842529297
qwen-0.6b,das2d,8,2,0,64,0.001,128,33,0.32589244842529297,0.3219209313392639
qwen-0.6b,das2d,8,2,0,64,0.001,128,34,0.3219209313392639,0.3186798095703125
qwen-0.6b,das2d,8,2,0,64,0.001,128,35,0.3186798095703125,0.31689947843551636
qwen-0.6b,das2d,8,2,0,64,0.001,128,36,0.31689947843551636,0.3153474032878876
qwen-0.6b,das2d,8,2,0,64,0.001,128,37,0.3153474032878876,0.31251710653305054
qwen-0.6b,das2d,8,2,0,64,0.001,128,38,0.31251710653305054,0.31210625171661377
qwen-0.6b,das2d,8,2,0,64,0.001,128,39,0.31210625171661377,0.30877387523651123
qwen-0.6b,das2d,8,2,0,64,0.001,128,40,0.30877387523651123,0.307495653629303
qwen-0.6b,das2d,8,2,0,64,0.001,128,41,0.307495653629303,0.3056240379810333
qwen-0.6b,das2d,8,2,0,64,0.001,128,42,0.3056240379810333,0.306537002325058
qwen-0.6b,das2d,8,2,0,64,0.001,128,43,0.306537002325058,0.306308776140213
qwen-0.6b,das2d,8,2,0,64,0.001,128,44,0.306308776140213,0.3030676543712616
qwen-0.6b,das2d,8,2,0,64,0.001,128,45,0.3030676543712616,0.30206334590911865
qwen-0.6b,das2d,8,2,0,64,0.001,128,46,0.30206334590911865,0.30160683393478394
qwen-0.6b,das2d,8,2,0,64,0.001,128,47,0.30160683393478394,0.2970419228076935
qwen-0.6b,das2d,8,2,0,64,0.001,128,48,0.2970419228076935,0.2979092299938202
qwen-0.6b,das2d,8,2,0,64,0.001,128,49,0.2979092299938202,0.29631149768829346
qwen-0.6b,das2d,8,2,0,64,0.001,128,50,0.29631149768829346,0.29562678933143616
qwen-0.6b,das2d,8,2,0,64,0.001,128,51,0.29562678933143616,0.2938464283943176
qwen-0.6b,das2d,8,2,0,64,0.001,128,52,0.2938464283943176,0.2914726436138153
qwen-0.6b,das2d,8,2,0,64,0.001,128,53,0.2914726436138153,0.290787935256958
qwen-0.6b,das2d,8,2,0,64,0.001,128,54,0.290787935256958,0.2898292541503906
qwen-0.6b,das2d,8,2,0,64,0.001,128,55,0.2898292541503906,0.2883228361606598
qwen-0.6b,das2d,8,2,0,64,0.001,128,56,0.2883228361606598,0.2885054349899292
qwen-0.6b,das2d,8,2,0,64,0.001,128,57,0.2885054349899292,0.28827720880508423
qwen-0.6b,das2d,8,2,0,64,0.001,128,58,0.28827720880508423,0.28585776686668396
qwen-0.6b,das2d,8,2,0,64,0.001,128,59,0.28585776686668396,0.2850360572338104
qwen-0.6b,das2d,8,2,0,64,0.001,128,60,0.2850360572338104,0.28339266777038574
qwen-0.6b,das2d,8,2,0,64,0.001,128,61,0.28339266777038574,0.2820688486099243
qwen-0.6b,das2d,8,2,0,64,0.001,128,62,0.2820688486099243,0.2807449996471405
qwen-0.6b,das2d,8,2,0,64,0.001,128,63,0.2807449996471405,0.28001460433006287
qwen-0.6b,das3d,8,3,0,64,0.001,128,0,0.9984935522079468,0.9812836647033691
qwen-0.6b,das3d,8,3,0,64,0.001,128,1,0.9812836647033691,0.9501506090164185
qwen-0.6b,das3d,8,3,0,64,0.001,128,2,0.9501506090164185,0.9068747758865356
qwen-0.6b,das3d,8,3,0,64,0.001,128,3,0.9068747758865356,0.8650597929954529
qwen-0.6b,das3d,8,3,0,64,0.001,128,4,0.8650597929954529,0.7984570860862732
qwen-0.6b,das3d,8,3,0,64,0.001,128,5,0.7984570860862732,0.6412854790687561
qwen-0.6b,das3d,8,3,0,64,0.001,128,6,0.6412854790687561,0.5752761960029602
qwen-0.6b,das3d,8,3,0,64,0.001,128,7,0.5752761960029602,0.5613530278205872
qwen-0.6b,das3d,8,3,0,64,0.001,128,8,0.5613530278205872,0.5520405173301697
qwen-0.6b,das3d,8,3,0,64,0.001,128,9,0.5520405173301697,0.5466995239257812
qwen-0.6b,das3d,8,3,0,64,0.001,128,10,0.5466995239257812,0.5374326109886169
qwen-0.6b,das3d,8,3,0,64,0.001,128,11,0.5374326109886169,0.5265680551528931
qwen-0.6b,das3d,8,3,0,64,0.001,128,12,0.5265680551528931,0.5059800744056702
qwen-0.6b,das3d,8,3,0,64,0.001,128,13,0.5059800744056702,0.4827444553375244
qwen-0.6b,das3d,8,3,0,64,0.001,128,14,0.4827444553375244,0.4607413411140442
qwen-0.6b,das3d,8,3,0,64,0.001,128,15,0.4607413411140442,0.44229891896247864
qwen-0.6b,das3d,8,3,0,64,0.001,128,16,0.44229891896247864,0.42705193161964417
qwen-0.6b,das3d,8,3,0,64,0.001,128,17,0.42705193161964417,0.4120788872241974
qwen-0.6b,das3d,8,3,0,64,0.001,128,18,0.4120788872241974,0.39888614416122437
qwen-0.6b,das3d,8,3,0,64,0.001,128,19,0.39888614416122437,0.3879302442073822
qwen-0.6b,das3d,8,3,0,64,0.001,128,20,0.3879302442073822,0.37838950753211975
qwen-0.6b,das3d,8,3,0,64,0.001,128,21,0.37838950753211975,0.3679813742637634
qwen-0.6b,das3d,8,3,0,64,0.001,128,22,0.3679813742637634,0.3584405779838562
qwen-0.6b,das3d,8,3,0,64,0.001,128,23,0.3584405779838562,0.34994977712631226
qwen-0.6b,das3d,8,3,0,64,0.001,128,24,0.34994977712631226,0.3427371680736542
qwen-0.6b,das3d,8,3,0,64,0.001,128,25,0.3427371680736542,0.3368026912212372
qwen-0.6b,das3d,8,3,0,64,0.001,128,26,0.3368026912212372,0.3296813666820526
qwen-0.6b,das3d,8,3,0,64,0.001,128,27,0.3296813666820526,0.32370129227638245
qwen-0.6b,das3d,8,3,0,64,0.001,128,28,0.32370129227638245,0.31662559509277344
qwen-0.6b,das3d,8,3,0,64,0.001,128,29,0.31662559509277344,0.31347575783729553
qwen-0.6b,das3d,8,3,0,64,0.001,128,30,0.31347575783729553,0.30658265948295593
qwen-0.6b,das3d,8,3,0,64,0.001,128,31,0.30658265948295593,0.3025655150413513
qwen-0.6b,das3d,8,3,0,64,0.001,128,32,0.3025655150413513,0.2994156777858734
qwen-0.6b,das3d,8,3,0,64,0.001,128,33,0.2994156777858734,0.29498767852783203
qwen-0.6b,das3d,8,3,0,64,0.001,128,34,0.29498767852783203,0.29192915558815
qwen-0.6b,das3d,8,3,0,64,0.001,128,35,0.29192915558815,0.2860860228538513
qwen-0.6b,das3d,8,3,0,64,0.001,128,36,0.2860860228538513,0.2853555977344513
qwen-0.6b,das3d,8,3,0,64,0.001,128,37,0.2853555977344513,0.2822971045970917
qwen-0.6b,das3d,8,3,0,64,0.001,128,38,0.2822971045970917,0.2791016101837158
qwen-0.6b,das3d,8,3,0,64,0.001,128,39,0.2791016101837158,0.277595192193985
qwen-0.6b,das3d,8,3,0,64,0.001,128,40,0.277595192193985,0.2763626277446747
qwen-0.6b,das3d,8,3,0,64,0.001,128,41,0.2763626277446747,0.27161508798599243
qwen-0.6b,das3d,8,3,0,64,0.001,128,42,0.27161508798599243,0.2696521282196045
qwen-0.6b,das3d,8,3,0,64,0.001,128,43,0.2696521282196045,0.26759791374206543
qwen-0.6b,das3d,8,3,0,64,0.001,128,44,0.26759791374206543,0.26394593715667725
qwen-0.6b,das3d,8,3,0,64,0.001,128,45,0.26394593715667725,0.2605222463607788
qwen-0.6b,das3d,8,3,0,64,0.001,128,46,0.2605222463607788,0.25960925221443176
qwen-0.6b,das3d,8,3,0,64,0.001,128,47,0.25960925221443176,0.257098525762558
qwen-0.6b,das3d,8,3,0,64,0.001,128,48,0.257098525762558,0.25244224071502686
qwen-0.6b,das3d,8,3,0,64,0.001,128,49,0.25244224071502686,0.25025108456611633
qwen-0.6b,das3d,8,3,0,64,0.001,128,50,0.25025108456611633,0.24879026412963867
qwen-0.6b,das3d,8,3,0,64,0.001,128,51,0.24879026412963867,0.24554917216300964
qwen-0.6b,das3d,8,3,0,64,0.001,128,52,0.24554917216300964,0.24249063432216644
qwen-0.6b,das3d,8,3,0,64,0.001,128,53,0.24249063432216644,0.24029944837093353
qwen-0.6b,das3d,8,3,0,64,0.001,128,54,0.24029944837093353,0.23856477439403534
qwen-0.6b,das3d,8,3,0,64,0.001,128,55,0.23856477439403534,0.2355518937110901
qwen-0.6b,das3d,8,3,0,64,0.001,128,56,0.2355518937110901,0.23235642910003662
qwen-0.6b,das3d,8,3,0,64,0.001,128,57,0.23235642910003662,0.2299826592206955
qwen-0.6b,das3d,8,3,0,64,0.001,128,58,0.2299826592206955,0.22751757502555847
qwen-0.6b,das3d,8,3,0,64,0.001,128,59,0.22751757502555847,0.2243220955133438
qwen-0.6b,das3d,8,3,0,64,0.001,128,60,0.2243220955133438,0.22272436320781708
qwen-0.6b,das3d,8,3,0,64,0.001,128,61,0.22272436320781708,0.2207614779472351
qwen-0.6b,das3d,8,3,0,64,0.001,128,62,0.2207614779472351,0.21678991615772247
qwen-0.6b,das3d,8,3,0,64,0.001,128,63,0.21678991615772247,0.21514654159545898
qwen-0.6b,das,9,1,0,64,0.001,128,0,1.000319480895996,0.981831431388855
qwen-0.6b,das,9,1,0,64,0.001,128,1,0.981831431388855,0.9479137063026428
qwen-0.6b,das,9,1,0,64,0.001,128,2,0.9479137063026428,0.9055966734886169
qwen-0.6b,das,9,1,0,64,0.001,128,3,0.9055966734886169,0.8631880879402161
qwen-0.6b,das,9,1,0,64,0.001,128,4,0.8631880879402161,0.8215557336807251
qwen-0.6b,das,9,1,0,64,0.001,128,5,0.8215557336807251,0.7347758412361145
qwen-0.6b,das,9,1,0,64,0.001,128,6,0.7347758412361145,0.6419245600700378
qwen-0.6b,das,9,1,0,64,0.001,128,7,0.6419245600700378,0.614717423915863
qwen-0.6b,das,9,1,0,64,0.001,128,8,0.614717423915863,0.6052222847938538
qwen-0.6b,das,9,1,0,64,0.001,128,9,0.6052222847938538,0.6014790534973145
qwen-0.6b,das,9,1,0,64,0.001,128,10,0.6014790534973145,0.5938555598258972
qwen-0.6b,das,9,1,0,64,0.001,128,11,0.5938555598258972,0.5810737013816833
qwen-0.6b,das,9,1,0,64,0.001,128,12,0.5810737013816833,0.5655984282493591
qwen-0.6b,das,9,1,0,64,0.001,128,13,0.5655984282493591,0.545010507106781
qwen-0.6b,das,9,1,0,64,0.001,128,14,0.545010507106781,0.5267506241798401
qwen-0.6b,das,9,1,0,64,0.001,128,15,0.5267506241798401,0.5117775797843933
qwen-0.6b,das,9,1,0,64,0.001,128,16,0.5117775797843933,0.500045657157898
qwen-0.6b,das,9,1,0,64,0.001,128,17,0.500045657157898,0.488907128572464
qwen-0.6b,das,9,1,0,64,0.001,128,18,0.488907128572464,0.4781794846057892
qwen-0.6b,das,9,1,0,64,0.001,128,19,0.4781794846057892,0.4666757881641388
qwen-0.6b,das,9,1,0,64,0.001,128,20,0.4666757881641388,0.45704370737075806
qwen-0.6b,das,9,1,0,64,0.001,128,21,0.45704370737075806,0.4480050802230835
qwen-0.6b,das,9,1,0,64,0.001,128,22,0.4480050802230835,0.4386925995349884
qwen-0.6b,das,9,1,0,64,0.001,128,23,0.4386925995349884,0.4300648272037506
qwen-0.6b,das,9,1,0,64,0.001,128,24,0.4300648272037506,0.42120879888534546
qwen-0.6b,das,9,1,0,64,0.001,128,25,0.42120879888534546,0.41413310170173645
qwen-0.6b,das,9,1,0,64,0.001,128,26,0.41413310170173645,0.40687480568885803
qwen-0.6b,das,9,1,0,64,0.001,128,27,0.40687480568885803,0.3977905511856079
qwen-0.6b,das,9,1,0,64,0.001,128,28,0.3977905511856079,0.39085182547569275
qwen-0.6b,das,9,1,0,64,0.001,128,29,0.39085182547569275,0.3826805651187897
qwen-0.6b,das,9,1,0,64,0.001,128,30,0.3826805651187897,0.3762439489364624
qwen-0.6b,das,9,1,0,64,0.001,128,31,0.3762439489364624,0.3703095316886902
qwen-0.6b,das,9,1,0,64,0.001,128,32,0.3703095316886902,0.3641011714935303
qwen-0.6b,das,9,1,0,64,0.001,128,33,0.3641011714935303,0.3580297529697418
qwen-0.6b,das,9,1,0,64,0.001,128,34,0.3580297529697418,0.35232359170913696
qwen-0.6b,das,9,1,0,64,0.001,128,35,0.35232359170913696,0.34812378883361816
qwen-0.6b,das,9,1,0,64,0.001,128,36,0.34812378883361816,0.3446544110774994
qwen-0.6b,das,9,1,0,64,0.001,128,37,0.3446544110774994,0.33931344747543335
qwen-0.6b,das,9,1,0,64,0.001,128,38,0.33931344747543335,0.3368026912212372
qwen-0.6b,das,9,1,0,64,0.001,128,39,0.3368026912212372,0.33319637179374695
qwen-0.6b,das,9,1,0,64,0.001,128,40,0.33319637179374695,0.33127909898757935
qwen-0.6b,das,9,1,0,64,0.001,128,41,0.33127909898757935,0.32771843671798706
qwen-0.6b,das,9,1,0,64,0.001,128,42,0.32771843671798706,0.3240208029747009
qwen-0.6b,das,9,1,0,64,0.001,128,43,0.3240208029747009,0.32456859946250916
qwen-0.6b,das,9,1,0,64,0.001,128,44,0.32456859946250916,0.32055145502090454
qwen-0.6b,das,9,1,0,64,0.001,128,45,0.32055145502090454,0.3180863559246063
qwen-0.6b,das,9,1,0,64,0.001,128,46,0.3180863559246063,0.31804072856903076
qwen-0.6b,das,9,1,0,64,0.001,128,47,0.31804072856903076,0.3167625367641449
qwen-0.6b,das,9,1,0,64,0.001,128,48,0.3167625367641449,0.3145257234573364
qwen-0.6b,das,9,1,0,64,0.001,128,49,0.3145257234573364,0.31434309482574463
qwen-0.6b,das,9,1,0,64,0.001,128,50,0.31434309482574463,0.3105085492134094
qwen-0.6b,das,9,1,0,64,0.001,128,51,0.3105085492134094,0.3127453923225403
qwen-0.6b,das,9,1,0,64,0.001,128,52,0.3127453923225403,0.3117867410182953
qwen-0.6b,das,9,1,0,64,0.001,128,53,0.3117867410182953,0.3104172348976135
qwen-0.6b,das,9,1,0,64,0.001,128,54,0.3104172348976135,0.31009769439697266
qwen-0.6b,das,9,1,0,64,0.001,128,55,0.31009769439697266,0.3076782524585724
qwen-0.6b,das,9,1,0,64,0.001,128,56,0.3076782524585724,0.30740436911582947
qwen-0.6b,das,9,1,0,64,0.001,128,57,0.30740436911582947,0.30694785714149475
qwen-0.6b,das,9,1,0,64,0.001,128,58,0.30694785714149475,0.30772390961647034
qwen-0.6b,das,9,1,0,64,0.001,128,59,0.30772390961647034,0.30868256092071533
qwen-0.6b,das,9,1,0,64,0.001,128,60,0.30868256092071533,0.3058522641658783
qwen-0.6b,das,9,1,0,64,0.001,128,61,0.3058522641658783,0.30772390961647034
qwen-0.6b,das,9,1,0,64,0.001,128,62,0.30772390961647034,0.30685654282569885
qwen-0.6b,das,9,1,0,64,0.001,128,63,0.30685654282569885,0.3072673976421356
qwen-0.6b,das2d,9,2,0,64,0.001,128,0,0.999954342842102,0.9815575480461121
qwen-0.6b,das2d,9,2,0,64,0.001,128,1,0.9815575480461121,0.9473203420639038
qwen-0.6b,das2d,9,2,0,64,0.001,128,2,0.9473203420639038,0.9021272659301758
qwen-0.6b,das2d,9,2,0,64,0.001,128,3,0.9021272659301758,0.8590797185897827
qwen-0.6b,das2d,9,2,0,64,0.001,128,4,0.8590797185897827,0.8088651895523071
qwen-0.6b,das2d,9,2,0,64,0.001,128,5,0.8088651895523071,0.6988495588302612
qwen-0.6b,das2d,9,2,0,64,0.001,128,6,0.6988495588302612,0.6079155802726746
qwen-0.6b,das2d,9,2,0,64,0.001,128,7,0.6079155802726746,0.5849539041519165
qwen-0.6b,das2d,9,2,0,64,0.001,128,8,0.5849539041519165,0.5745457410812378
qwen-0.6b,das2d,9,2,0,64,0.001,128,9,0.5745457410812378,0.5654615163803101
qwen-0.6b,das2d,9,2,0,64,0.001,128,10,0.5654615163803101,0.5552816390991211
qwen-0.6b,das2d,9,2,0,64,0.001,128,11,0.5552816390991211,0.5426367521286011
qwen-0.6b,das2d,9,2,0,64,0.001,128,12,0.5426367521286011,0.5234182476997375
qwen-0.6b,das2d,9,2,0,64,0.001,128,13,0.5234182476997375,0.4993152618408203
qwen-0.6b,das2d,9,2,0,64,0.001,128,14,0.4993152618408203,0.4772208631038666
qwen-0.6b,das2d,9,2,0,64,0.001,128,15,0.4772208631038666,0.45781975984573364
qwen-0.6b,das2d,9,2,0,64,0.001,128,16,0.45781975984573364,0.44161418080329895
qwen-0.6b,das2d,9,2,0,64,0.001,128,17,0.44161418080329895,0.43125173449516296
qwen-0.6b,das2d,9,2,0,64,0.001,128,18,0.43125173449516296,0.41659820079803467
qwen-0.6b,das2d,9,2,0,64,0.001,128,19,0.41659820079803467,0.40226420760154724
qwen-0.6b,das2d,9,2,0,64,0.001,128,20,0.40226420760154724,0.3908974826335907
qwen-0.6b,das2d,9,2,0,64,0.001,128,21,0.3908974826335907,0.37820690870285034
qwen-0.6b,das2d,9,2,0,64,0.001,128,22,0.37820690870285034,0.3684835135936737
qwen-0.6b,das2d,9,2,0,64,0.001,128,23,0.3684835135936737,0.35990139842033386
qwen-0.6b,das2d,9,2,0,64,0.001,128,24,0.35990139842033386,0.3506801724433899
qwen-0.6b,das2d,9,2,0,64,0.001,128,25,0.3506801724433899,0.3420524001121521
qwen-0.6b,das2d,9,2,0,64,0.001,128,26,0.3420524001121521,0.332968145608902
qwen-0.6b,das2d,9,2,0,64,0.001,128,27,0.332968145608902,0.324705570936203
qwen-0.6b,das2d,9,2,0,64,0.001,128,28,0.324705570936203,0.31909066438674927
qwen-0.6b,das2d,9,2,0,64,0.001,128,29,0.31909066438674927,0.31251710653305054
qwen-0.6b,das2d,9,2,0,64,0.001,128,30,0.31251710653305054,0.3059435784816742
qwen-0.6b,das2d,9,2,0,64,0.001,128,31,0.3059435784816742,0.29927873611450195
qwen-0.6b,das2d,9,2,0,64,0.001,128,32,0.29927873611450195,0.2932073473930359
qwen-0.6b,das2d,9,2,0,64,0.001,128,33,0.2932073473930359,0.29284214973449707
qwen-0.6b,das2d,9,2,0,64,0.001,128,34,0.29284214973449707,0.28845977783203125
qwen-0.6b,das2d,9,2,0,64,0.001,128,35,0.28845977783203125,0.2864968180656433
qwen-0.6b,das2d,9,2,0,64,0.001,128,36,0.2864968180656433,0.28412309288978577
qwen-0.6b,das2d,9,2,0,64,0.001,128,37,0.28412309288978577,0.28079065680503845
qwen-0.6b,das2d,9,2,0,64,0.001,128,38,0.28079065680503845,0.27695608139038086
qwen-0.6b,das2d,9,2,0,64,0.001,128,39,0.27695608139038086,0.2754952907562256
qwen-0.6b,das2d,9,2,0,64,0.001,128,40,0.2754952907562256,0.2748105525970459
qwen-0.6b,das2d,9,2,0,64,0.001,128,41,0.2748105525970459,0.2745366394519806
qwen-0.6b,das2d,9,2,0,64,0.001,128,42,0.2745366394519806,0.27216285467147827
qwen-0.6b,das2d,9,2,0,64,0.001,128,43,0.27216285467147827,0.27093034982681274
qwen-0.6b,das2d,9,2,0,64,0.001,128,44,0.27093034982681274,0.27056512236595154
qwen-0.6b,das2d,9,2,0,64,0.001,128,45,0.27056512236595154,0.2686935067176819
qwen-0.6b,das2d,9,2,0,64,0.001,128,46,0.2686935067176819,0.2665936350822449
qwen-0.6b,das2d,9,2,0,64,0.001,128,47,0.2665936350822449,0.2659088671207428
qwen-0.6b,das2d,9,2,0,64,0.001,128,48,0.2659088671207428,0.2637177109718323
qwen-0.6b,das2d,9,2,0,64,0.001,128,49,0.2637177109718323,0.2644937336444855
qwen-0.6b,das2d,9,2,0,64,0.001,128,50,0.2644937336444855,0.261298269033432
qwen-0.6b,das2d,9,2,0,64,0.001,128,51,0.261298269033432,0.25760066509246826
qwen-0.6b,das2d,9,2,0,64,0.001,128,52,0.25760066509246826,0.2579658627510071
qwen-0.6b,das2d,9,2,0,64,0.001,128,53,0.2579658627510071,0.25796589255332947
qwen-0.6b,das2d,9,2,0,64,0.001,128,54,0.25796589255332947,0.2565963566303253
qwen-0.6b,das2d,9,2,0,64,0.001,128,55,0.2565963566303253,0.25495296716690063
qwen-0.6b,das2d,9,2,0,64,0.001,128,56,0.25495296716690063,0.2545877695083618
qwen-0.6b,das2d,9,2,0,64,0.001,128,57,0.2545877695083618,0.25235095620155334
qwen-0.6b,das2d,9,2,0,64,0.001,128,58,0.25235095620155334,0.25061628222465515
qwen-0.6b,das2d,9,2,0,64,0.001,128,59,0.25061628222465515,0.24792294204235077
qwen-0.6b,das2d,9,2,0,64,0.001,128,60,0.24792294204235077,0.24564047157764435
qwen-0.6b,das2d,9,2,0,64,0.001,128,61,0.24564047157764435,0.24495571851730347
qwen-0.6b,das2d,9,2,0,64,0.001,128,62,0.24495571851730347,0.2455035299062729
qwen-0.6b,das2d,9,2,0,64,0.001,128,63,0.2455035299062729,0.24322104454040527
qwen-0.6b,das3d,9,3,0,64,0.001,128,0,0.9984022378921509,0.9774034023284912
qwen-0.6b,das3d,9,3,0,64,0.001,128,1,0.9774034023284912,0.940244734287262
qwen-0.6b,das3d,9,3,0,64,0.001,128,2,0.940244734287262,0.8901670575141907
qwen-0.6b,das3d,9,3,0,64,0.001,128,3,0.8901670575141907,0.8377156257629395
qwen-0.6b,das3d,9,3,0,64,0.001,128,4,0.8377156257629395,0.7391582727432251
qwen-0.6b,das3d,9,3,0,64,0.001,128,5,0.7391582727432251,0.6049027442932129
qwen-0.6b,das3d,9,3,0,64,0.001,128,6,0.6049027442932129,0.559618353843689
qwen-0.6b,das3d,9,3,0,64,0.001,128,7,0.559618353843689,0.5508992671966553
qwen-0.6b,das3d,9,3,0,64,0.001,128,8,0.5508992671966553,0.5438235998153687
qwen-0.6b,das3d,9,3,0,64,0.001,128,9,0.5438235998153687,0.5339632630348206
qwen-0.6b,das3d,9,3,0,64,0.001,128,10,0.5339632630348206,0.5240573287010193
qwen-0.6b,das3d,9,3,0,64,0.001,128,11,0.5240573287010193,0.5083538293838501
qwen-0.6b,das3d,9,3,0,64,0.001,128,12,0.5083538293838501,0.4808728098869324
qwen-0.6b,das3d,9,3,0,64,0.001,128,13,0.4808728098869324,0.45599380135536194
qwen-0.6b,das3d,9,3,0,64,0.001,128,14,0.45599380135536194,0.4321646988391876
qwen-0.6b,das3d,9,3,0,64,0.001,128,15,0.4321646988391876,0.41545695066452026
qwen-0.6b,das3d,9,3,0,64,0.001,128,16,0.41545695066452026,0.40002739429473877
qwen-0.6b,das3d,9,3,0,64,0.001,128,17,0.40002739429473877,0.38770198822021484
qwen-0.6b,das3d,9,3,0,64,0.001,128,18,0.38770198822021484,0.3746005594730377
qwen-0.6b,das3d,9,3,0,64,0.001,128,19,0.3746005594730377,0.3628229796886444
qwen-0.6b,das3d,9,3,0,64,0.001,128,20,0.3628229796886444,0.3503149747848511
qwen-0.6b,das3d,9,3,0,64,0.001,128,21,0.3503149747848511,0.33963295817375183
qwen-0.6b,das3d,9,3,0,64,0.001,128,22,0.33963295817375183,0.3308682441711426
qwen-0.6b,das3d,9,3,0,64,0.001,128,23,0.3308682441711426,0.32256001234054565
qwen-0.6b,das3d,9,3,0,64,0.001,128,24,0.32256001234054565,0.31306493282318115
qwen-0.6b,das3d,9,3,0,64,0.001,128,25,0.31306493282318115,0.30539578199386597
qwen-0.6b,das3d,9,3,0,64,0.001,128,26,0.30539578199386597,0.2981831431388855
qwen-0.6b,das3d,9,3,0,64,0.001,128,27,0.2981831431388855,0.2903314232826233
qwen-0.6b,das3d,9,3,0,64,0.001,128,28,0.2903314232826233,0.285812109708786
qwen-0.6b,das3d,9,3,0,64,0.001,128,29,0.285812109708786,0.2801058888435364
qwen-0.6b,das3d,9,3,0,64,0.001,128,30,0.2801058888435364,0.2749931514263153
qwen-0.6b,das3d,9,3,0,64,0.001,128,31,0.2749931514263153,0.270473837852478
qwen-0.6b,das3d,9,3,0,64,0.001,128,32,0.270473837852478,0.2669588327407837
qwen-0.6b,das3d,9,3,0,64,0.001,128,33,0.2669588327407837,0.2635807394981384
qwen-0.6b,das3d,9,3,0,64,0.001,128,34,0.2635807394981384,0.26020270586013794
qwen-0.6b,das3d,9,3,0,64,0.001,128,35,0.26020270586013794,0.2564137876033783
qwen-0.6b,das3d,9,3,0,64,0.001,128,36,0.2564137876033783,0.2529444098472595
qwen-0.6b,das3d,9,3,0,64,0.001,128,37,0.2529444098472595,0.2512553632259369
qwen-0.6b,das3d,9,3,0,64,0.001,128,38,0.2512553632259369,0.24755775928497314
qwen-0.6b,das3d,9,3,0,64,0.001,128,39,0.24755775928497314,0.2447274774312973
qwen-0.6b,das3d,9,3,0,64,0.001,128,40,0.2447274774312973,0.2403450906276703
qwen-0.6b,das3d,9,3,0,64,0.001,128,41,0.2403450906276703,0.2408016175031662
qwen-0.6b,das3d,9,3,0,64,0.001,128,42,0.2408016175031662,0.23664748668670654
qwen-0.6b,das3d,9,3,0,64,0.001,128,43,0.23664748668670654,0.23482151329517365
qwen-0.6b,das3d,9,3,0,64,0.001,128,44,0.23482151329517365,0.23176302015781403
qwen-0.6b,das3d,9,3,0,64,0.001,128,45,0.23176302015781403,0.2281566858291626
qwen-0.6b,das3d,9,3,0,64,0.001,128,46,0.2281566858291626,0.2261480689048767
qwen-0.6b,das3d,9,3,0,64,0.001,128,47,0.2261480689048767,0.22286130487918854
qwen-0.6b,das3d,9,3,0,64,0.001,128,48,0.22286130487918854,0.2200310230255127
qwen-0.6b,das3d,9,3,0,64,0.001,128,49,0.2200310230255127,0.216652974486351
qwen-0.6b,das3d,9,3,0,64,0.001,128,50,0.216652974486351,0.21423354744911194
qwen-0.6b,das3d,9,3,0,64,0.001,128,51,0.21423354744911194,0.2125445157289505
qwen-0.6b,das3d,9,3,0,64,0.001,128,52,0.2125445157289505,0.21076419949531555
qwen-0.6b,das3d,9,3,0,64,0.001,128,53,0.21076419949531555,0.20825345814228058
qwen-0.6b,das3d,9,3,0,64,0.001,128,54,0.20825345814228058,0.20359717309474945
qwen-0.6b,das3d,9,3,0,64,0.001,128,55,0.20359717309474945,0.2004930078983307
qwen-0.6b,das3d,9,3,0,64,0.001,128,56,0.2004930078983307,0.19889527559280396
qwen-0.6b,das3d,9,3,0,64,0.001,128,57,0.19889527559280396,0.1955171823501587
qwen-0.6b,das3d,9,3,0,64,0.001,128,58,0.1955171823501587,0.19401076436042786
qwen-0.6b,das3d,9,3,0,64,0.001,128,59,0.19401076436042786,0.1889892965555191
qwen-0.6b,das3d,9,3,0,64,0.001,128,60,0.1889892965555191,0.1862046867609024
qwen-0.6b,das3d,9,3,0,64,0.001,128,61,0.1862046867609024,0.1826440393924713
qwen-0.6b,das3d,9,3,0,64,0.001,128,62,0.1826440393924713,0.1777823567390442
qwen-0.6b,das3d,9,3,0,64,0.001,128,63,0.1777823567390442,0.17524883151054382
qwen-0.6b,das,10,1,0,64,0.001,128,0,0.9983109831809998,0.9815574288368225
qwen-0.6b,das,10,1,0,64,0.001,128,1,0.9815574288368225,0.9444444179534912
qwen-0.6b,das,10,1,0,64,0.001,128,2,0.9444444179534912,0.89345383644104
qwen-0.6b,das,10,1,0,64,0.001,128,3,0.89345383644104,0.8428741097450256
qwen-0.6b,das,10,1,0,64,0.001,128,4,0.8428741097450256,0.793344259262085
qwen-0.6b,das,10,1,0,64,0.001,128,5,0.793344259262085,0.7308499217033386
qwen-0.6b,das,10,1,0,64,0.001,128,6,0.7308499217033386,0.6576279997825623
qwen-0.6b,das,10,1,0,64,0.001,128,7,0.6576279997825623,0.62302565574646
qwen-0.6b,das,10,1,0,64,0.001,128,8,0.62302565574646,0.60846346616745
qwen-0.6b,das,10,1,0,64,0.001,128,9,0.60846346616745,0.5952250361442566
qwen-0.6b,das,10,1,0,64,0.001,128,10,0.5952250361442566,0.584086537361145
qwen-0.6b,das,10,1,0,64,0.001,128,11,0.584086537361145,0.567652702331543
qwen-0.6b,das,10,1,0,64,0.001,128,12,0.567652702331543,0.5440518260002136
qwen-0.6b,das,10,1,0,64,0.001,128,13,0.5440518260002136,0.5240116715431213
qwen-0.6b,das,10,1,0,64,0.001,128,14,0.5240116715431213,0.5079430341720581
qwen-0.6b,das,10,1,0,64,0.001,128,15,0.5079430341720581,0.49306124448776245
qwen-0.6b,das,10,1,0,64,0.001,128,16,0.49306124448776245,0.4798228442668915
qwen-0.6b,das,10,1,0,64,0.001,128,17,0.4798228442668915,0.4653063118457794
qwen-0.6b,das,10,1,0,64,0.001,128,18,0.4653063118457794,0.4528439939022064
qwen-0.6b,das,10,1,0,64,0.001,128,19,0.4528439939022064,0.4399707615375519
qwen-0.6b,das,10,1,0,64,0.001,128,20,0.4399707615375519,0.43111473321914673
qwen-0.6b,das,10,1,0,64,0.001,128,21,0.43111473321914673,0.42034146189689636
qwen-0.6b,das,10,1,0,64,0.001,128,22,0.42034146189689636,0.4127636253833771
qwen-0.6b,das,10,1,0,64,0.001,128,23,0.4127636253833771,0.40418151021003723
qwen-0.6b,das,10,1,0,64,0.001,128,24,0.40418151021003723,0.39623844623565674
qwen-0.6b,das,10,1,0,64,0.001,128,25,0.39623844623565674,0.38683468103408813
qwen-0.6b,das,10,1,0,64,0.001,128,26,0.38683468103408813,0.378389447927475
qwen-0.6b,das,10,1,0,64,0.001,128,27,0.378389447927475,0.3708116412162781
qwen-0.6b,das,10,1,0,64,0.001,128,28,0.3708116412162781,0.36432942748069763
qwen-0.6b,das,10,1,0,64,0.001,128,29,0.36432942748069763,0.35588425397872925
qwen-0.6b,das,10,1,0,64,0.001,128,30,0.35588425397872925,0.3499954342842102
qwen-0.6b,das,10,1,0,64,0.001,128,31,0.3499954342842102,0.3448370099067688
qwen-0.6b,das,10,1,0,64,0.001,128,32,0.3448370099067688,0.3386286497116089
qwen-0.6b,das,10,1,0,64,0.001,128,33,0.3386286497116089,0.33356156945228577
qwen-0.6b,das,10,1,0,64,0.001,128,34,0.33356156945228577,0.3267141282558441
qwen-0.6b,das,10,1,0,64,0.001,128,35,0.3267141282558441,0.3209622800350189
qwen-0.6b,das,10,1,0,64,0.001,128,36,0.3209622800350189,0.3144800364971161
qwen-0.6b,das,10,1,0,64,0.001,128,37,0.3144800364971161,0.3096868395805359
qwen-0.6b,das,10,1,0,64,0.001,128,38,0.3096868395805359,0.30493929982185364
qwen-0.6b,das,10,1,0,64,0.001,128,39,0.30493929982185364,0.30137860774993896
qwen-0.6b,das,10,1,0,64,0.001,128,40,0.30137860774993896,0.29804620146751404
qwen-0.6b,das,10,1,0,64,0.001,128,41,0.29804620146751404,0.29421162605285645
qwen-0.6b,das,10,1,0,64,0.001,128,42,0.29421162605285645,0.2914726734161377
qwen-0.6b,das,10,1,0,64,0.001,128,43,0.2914726734161377,0.2836209237575531
qwen-0.6b,das,10,1,0,64,0.001,128,44,0.2836209237575531,0.28088194131851196
qwen-0.6b,das,10,1,0,64,0.001,128,45,0.28088194131851196,0.27513009309768677
qwen-0.6b,das,10,1,0,64,0.001,128,46,0.27513009309768677,0.271660715341568
qwen-0.6b,das,10,1,0,64,0.001,128,47,0.271660715341568,0.2648589313030243
qwen-0.6b,das,10,1,0,64,0.001,128,48,0.2648589313030243,0.25025108456611633
qwen-0.6b,das,10,1,0,64,0.001,128,49,0.25025108456611633,0.20683827996253967
qwen-0.6b,das,10,1,0,64,0.001,128,50,0.20683827996253967,0.17571671307086945
qwen-0.6b,das,10,1,0,64,0.001,128,51,0.17571671307086945,0.1898566633462906
qwen-0.6b,das,10,1,0,64,0.001,128,52,0.1898566633462906,0.16035203635692596
qwen-0.6b,das,10,1,0,64,0.001,128,53,0.16035203635692596,0.1991577446460724
qwen-0.6b,das,10,1,0,64,0.001,128,54,0.1991577446460724,0.10660607367753983
qwen-0.6b,das,10,1,0,64,0.001,128,55,0.10660607367753983,0.12416905909776688
qwen-0.6b,das,10,1,0,64,0.001,128,56,0.12416905909776688,0.11135504394769669
qwen-0.6b,das,10,1,0,64,0.001,128,57,0.11135504394769669,0.0680941790342331
qwen-0.6b,das,10,1,0,64,0.001,128,58,0.0680941790342331,0.06500328332185745
qwen-0.6b,das,10,1,0,64,0.001,128,59,0.06500328332185745,0.08905057609081268
qwen-0.6b,das,10,1,0,64,0.001,128,60,0.08905057609081268,0.042460184544324875
qwen-0.6b,das,10,1,0,64,0.001,128,61,0.042460184544324875,0.029167989268898964
qwen-0.6b,das,10,1,0,64,0.001,128,62,0.029167989268898964,0.08411295711994171
qwen-0.6b,das,10,1,0,64,0.001,128,63,0.08411295711994171,0.05952351912856102
qwen-0.6b,das2d,10,2,0,64,0.001,128,0,0.9993609189987183,0.9821053743362427
qwen-0.6b,das2d,10,2,0,64,0.001,128,1,0.9821053743362427,0.9429836273193359
qwen-0.6b,das2d,10,2,0,64,0.001,128,2,0.9429836273193359,0.891353964805603
qwen-0.6b,das2d,10,2,0,64,0.001,128,3,0.891353964805603,0.8349767327308655
qwen-0.6b,das2d,10,2,0,64,0.001,128,4,0.8349767327308655,0.7733954191207886
qwen-0.6b,das2d,10,2,0,64,0.001,128,5,0.7733954191207886,0.6757052540779114
qwen-0.6b,das2d,10,2,0,64,0.001,128,6,0.6757052540779114,0.6117958426475525
qwen-0.6b,das2d,10,2,0,64,0.001,128,7,0.6117958426475525,0.5848169326782227
qwen-0.6b,das2d,10,2,0,64,0.001,128,8,0.5848169326782227,0.5704373121261597
qwen-0.6b,das2d,10,2,0,64,0.001,128,9,0.5704373121261597,0.5603944063186646
qwen-0.6b,das2d,10,2,0,64,0.001,128,10,0.5603944063186646,0.5498493313789368
qwen-0.6b,das2d,10,2,0,64,0.001,128,11,0.5498493313789368,0.5260658860206604
qwen-0.6b,das2d,10,2,0,64,0.001,128,12,0.5260658860206604,0.4998174011707306
qwen-0.6b,das2d,10,2,0,64,0.001,128,13,0.4998174011707306,0.4797772169113159
qwen-0.6b,das2d,10,2,0,64,0.001,128,14,0.4797772169113159,0.4594174921512604
qwen-0.6b,das2d,10,2,0,64,0.001,128,15,0.4594174921512604,0.4433032274246216
qwen-0.6b,das2d,10,2,0,64,0.001,128,16,0.4433032274246216,0.4282388389110565
qwen-0.6b,das2d,10,2,0,64,0.001,128,17,0.4282388389110565,0.41536563634872437
qwen-0.6b,das2d,10,2,0,64,0.001,128,18,0.41536563634872437,0.40340545773506165
qwen-0.6b,das2d,10,2,0,64,0.001,128,19,0.40340545773506165,0.38838672637939453
qwen-0.6b,das2d,10,2,0,64,0.001,128,20,0.38838672637939453,0.37665480375289917
qwen-0.6b,das2d,10,2,0,64,0.001,128,21,0.37665480375289917,0.36843788623809814
qwen-0.6b,das2d,10,2,0,64,0.001,128,22,0.36843788623809814,0.35821235179901123
qwen-0.6b,das2d,10,2,0,64,0.001,128,23,0.35821235179901123,0.3487628698348999
qwen-0.6b,das2d,10,2,0,64,0.001,128,24,0.3487628698348999,0.34191545844078064
qwen-0.6b,das2d,10,2,0,64,0.001,128,25,0.34191545844078064,0.3327855169773102
qwen-0.6b,das2d,10,2,0,64,0.001,128,26,0.3327855169773102,0.3246142566204071
qwen-0.6b,das2d,10,2,0,64,0.001,128,27,0.3246142566204071,0.3162603974342346
qwen-0.6b,das2d,10,2,0,64,0.001,128,28,0.3162603974342346,0.30904775857925415
qwen-0.6b,das2d,10,2,0,64,0.001,128,29,0.30904775857925415,0.30128732323646545
qwen-0.6b,das2d,10,2,0,64,0.001,128,30,0.30128732323646545,0.29430291056632996
qwen-0.6b,das2d,10,2,0,64,0.001,128,31,0.29430291056632996,0.286998987197876
qwen-0.6b,das2d,10,2,0,64,0.001,128,32,0.286998987197876,0.2831187844276428
qwen-0.6b,das2d,10,2,0,64,0.001,128,33,0.2831187844276428,0.2772756516933441
qwen-0.6b,das2d,10,2,0,64,0.001,128,34,0.2772756516933441,0.2712955176830292
qwen-0.6b,das2d,10,2,0,64,0.001,128,35,0.2712955176830292,0.26787182688713074
qwen-0.6b,das2d,10,2,0,64,0.001,128,36,0.26787182688713074,0.26079612970352173
qwen-0.6b,das2d,10,2,0,64,0.001,128,37,0.26079612970352173,0.258057177066803
qwen-0.6b,das2d,10,2,0,64,0.001,128,38,0.258057177066803,0.25426822900772095
qwen-0.6b,das2d,10,2,0,64,0.001,128,39,0.25426822900772095,0.25184881687164307
qwen-0.6b,das2d,10,2,0,64,0.001,128,40,0.25184881687164307,0.24637088179588318
qwen-0.6b,das2d,10,2,0,64,0.001,128,41,0.24637088179588318,0.24258193373680115
qwen-0.6b,das2d,10,2,0,64,0.001,128,42,0.24258193373680115,0.23728659749031067
qwen-0.6b,das2d,10,2,0,64,0.001,128,43,0.23728659749031067,0.23089565336704254
qwen-0.6b,das2d,10,2,0,64,0.001,128,44,0.23089565336704254,0.21204237639904022
qwen-0.6b,das2d,10,2,0,64,0.001,128,45,0.21204237639904022,0.16566237807273865
qwen-0.6b,das2d,10,2,0,64,0.001,128,46,0.16566237807273865,0.13628116250038147
qwen-0.6b,das2d,10,2,0,64,0.001,128,47,0.13628116250038147,0.11742217093706131
qwen-0.6b,das2d,10,2,0,64,0.001,128,48,0.11742217093706131,0.09273716807365417
qwen-0.6b,das2d,10,2,0,64,0.001,128,49,0.09273716807365417,0.04243418946862221
qwen-0.6b,das2d,10,2,0,64,0.001,128,50,0.04243418946862221,0.07838106900453568
qwen-0.6b,das2d,10,2,0,64,0.001,128,51,0.07838106900453568,0.06365873664617538
qwen-0.6b,das2d,10,2,0,64,0.001,128,52,0.06365873664617538,-0.0075856586918234825
qwen-0.6b,das2d,10,2,0,64,0.001,128,53,-0.0075856586918234825,-0.06718476116657257
qwen-0.6b,das2d,10,2,0,64,0.001,128,54,-0.06718476116657257,-0.09088680148124695
qwen-0.6b,das2d,10,2,0,64,0.001,128,55,-0.09088680148124695,-0.11951188743114471
qwen-0.6b,das2d,10,2,0,64,0.001,128,56,-0.11951188743114471,-0.09178564697504044
qwen-0.6b,das2d,10,2,0,64,0.001,128,57,-0.09178564697504044,-0.048255555331707
qwen-0.6b,das2d,10,2,0,64,0.001,128,58,-0.048255555331707,-0.0832676962018013
qwen-0.6b,das2d,10,2,0,64,0.001,128,59,-0.0832676962018013,-0.13076823949813843
qwen-0.6b,das2d,10,2,0,64,0.001,128,60,-0.13076823949813843,-0.06817620247602463
qwen-0.6b,das2d,10,2,0,64,0.001,128,61,-0.06817620247602463,-0.1388380378484726
qwen-0.6b,das2d,10,2,0,64,0.001,128,62,-0.1388380378484726,-0.061021387577056885
qwen-0.6b,das2d,10,2,0,64,0.001,128,63,-0.061021387577056885,-0.07597947120666504
qwen-0.6b,das3d,10,3,0,64,0.001,128,0,1.0010042190551758,0.9800054430961609
qwen-0.6b,das3d,10,3,0,64,0.001,128,1,0.9800054430961609,0.9360905289649963
qwen-0.6b,das3d,10,3,0,64,0.001,128,2,0.9360905289649963,0.8826805353164673
qwen-0.6b,das3d,10,3,0,64,0.001,128,3,0.8826805353164673,0.8223317861557007
qwen-0.6b,das3d,10,3,0,64,0.001,128,4,0.8223317861557007,0.7448644042015076
qwen-0.6b,das3d,10,3,0,64,0.001,128,5,0.7448644042015076,0.6344836950302124
qwen-0.6b,das3d,10,3,0,64,0.001,128,6,0.6344836950302124,0.5771021842956543
qwen-0.6b,das3d,10,3,0,64,0.001,128,7,0.5771021842956543,0.5548251867294312
qwen-0.6b,das3d,10,3,0,64,0.001,128,8,0.5548251867294312,0.5408107042312622
qwen-0.6b,das3d,10,3,0,64,0.001,128,9,0.5408107042312622,0.5320460200309753
qwen-0.6b,das3d,10,3,0,64,0.001,128,10,0.5320460200309753,0.5164794921875
qwen-0.6b,das3d,10,3,0,64,0.001,128,11,0.5164794921875,0.4896375238895416
qwen-0.6b,das3d,10,3,0,64,0.001,128,12,0.4896375238895416,0.4626586139202118
qwen-0.6b,das3d,10,3,0,64,0.001,128,13,0.4626586139202118,0.4412946105003357
qwen-0.6b,das3d,10,3,0,64,0.001,128,14,0.4412946105003357,0.4229891300201416
qwen-0.6b,das3d,10,3,0,64,0.001,128,15,0.4229891300201416,0.406692236661911
qwen-0.6b,das3d,10,3,0,64,0.001,128,16,0.406692236661911,0.39267778396606445
qwen-0.6b,das3d,10,3,0,64,0.001,128,17,0.39267778396606445,0.38167625665664673
qwen-0.6b,das3d,10,3,0,64,0.001,128,18,0.38167625665664673,0.3676161766052246
qwen-0.6b,das3d,10,3,0,64,0.001,128,19,0.3676161766052246,0.3545147478580475
qwen-0.6b,das3d,10,3,0,64,0.001,128,20,0.3545147478580475,0.3448370099067688
qwen-0.6b,das3d,10,3,0,64,0.001,128,21,0.3448370099067688,0.3336072266101837
qwen-0.6b,das3d,10,3,0,64,0.001,128,22,0.3336072266101837,0.32648590207099915
qwen-0.6b,das3d,10,3,0,64,0.001,128,23,0.32648590207099915,0.31653428077697754
qwen-0.6b,das3d,10,3,0,64,0.001,128,24,0.31653428077697754,0.30731305480003357
qwen-0.6b,das3d,10,3,0,64,0.001,128,25,0.30731305480003357,0.2982744574546814
qwen-0.6b,das3d,10,3,0,64,0.001,128,26,0.2982744574546814,0.28978362679481506
qwen-0.6b,das3d,10,3,0,64,0.001,128,27,0.28978362679481506,0.28165799379348755
qwen-0.6b,das3d,10,3,0,64,0.001,128,28,0.28165799379348755,0.2741257846355438
qwen-0.6b,das3d,10,3,0,64,0.001,128,29,0.2741257846355438,0.26746097207069397
qwen-0.6b,das3d,10,3,0,64,0.001,128,30,0.26746097207069397,0.2618917226791382
qwen-0.6b,das3d,10,3,0,64,0.001,128,31,0.2618917226791382,0.25664201378822327
qwen-0.6b,das3d,10,3,0,64,0.001,128,32,0.25664201378822327,0.25102710723876953
qwen-0.6b,das3d,10,3,0,64,0.001,128,33,0.25102710723876953,0.245412215590477
qwen-0.6b,das3d,10,3,0,64,0.001,128,34,0.245412215590477,0.24057334661483765
qwen-0.6b,das3d,10,3,0,64,0.001,128,35,0.24057334661483765,0.23527799546718597
qwen-0.6b,das3d,10,3,0,64,0.001,128,36,0.23527799546718597,0.23002830147743225
qwen-0.6b,das3d,10,3,0,64,0.001,128,37,0.23002830147743225,0.22340911626815796
qwen-0.6b,das3d,10,3,0,64,0.001,128,38,0.22340911626815796,0.21779422461986542
qwen-0.6b,das3d,10,3,0,64,0.001,128,39,0.21779422461986542,0.2076600044965744
qwen-0.6b,das3d,10,3,0,64,0.001,128,40,0.2076600044965744,0.197114959359169
qwen-0.6b,das3d,10,3,0,64,0.001,128,41,0.197114959359169,0.17419886589050293
qwen-0.6b,das3d,10,3,0,64,0.001,128,42,0.17419886589050293,0.1311284601688385
qwen-0.6b,das3d,10,3,0,64,0.001,128,43,0.1311284601688385,0.07237458229064941
qwen-0.6b,das3d,10,3,0,64,0.001,128,44,0.07237458229064941,0.022672226652503014
qwen-0.6b,das3d,10,3,0,64,0.001,128,45,0.022672226652503014,-0.01169359777122736
qwen-0.6b,das3d,10,3,0,64,0.001,128,46,-0.01169359777122736,-0.011615696363151073
qwen-0.6b,das3d,10,3,0,64,0.001,128,47,-0.011615696363151073,-0.0496867373585701
qwen-0.6b,das3d,10,3,0,64,0.001,128,48,-0.0496867373585701,-0.08729765564203262
qwen-0.6b,das3d,10,3,0,64,0.001,128,49,-0.08729765564203262,-0.09551601856946945
qwen-0.6b,das3d,10,3,0,64,0.001,128,50,-0.09551601856946945,-0.12233587354421616
qwen-0.6b,das3d,10,3,0,64,0.001,128,51,-0.12233587354421616,-0.1350392997264862
qwen-0.6b,das3d,10,3,0,64,0.001,128,52,-0.1350392997264862,-0.1668878197669983
qwen-0.6b,das3d,10,3,0,64,0.001,128,53,-0.1668878197669983,-0.21760280430316925
qwen-0.6b,das3d,10,3,0,64,0.001,128,54,-0.21760280430316925,-0.207450732588768
qwen-0.6b,das3d,10,3,0,64,0.001,128,55,-0.207450732588768,-0.24142032861709595
qwen-0.6b,das3d,10,3,0,64,0.001,128,56,-0.24142032861709595,-0.2636762857437134
qwen-0.6b,das3d,10,3,0,64,0.001,128,57,-0.2636762857437134,-0.2771315276622772
qwen-0.6b,das3d,10,3,0,64,0.001,128,58,-0.2771315276622772,-0.31459879875183105
qwen-0.6b,das3d,10,3,0,64,0.001,128,59,-0.31459879875183105,-0.309632807970047
qwen-0.6b,das3d,10,3,0,64,0.001,128,60,-0.309632807970047,-0.31759268045425415
qwen-0.6b,das3d,10,3,0,64,0.001,128,61,-0.31759268045425415,-0.3472471535205841
qwen-0.6b,das3d,10,3,0,64,0.001,128,62,-0.3472471535205841,-0.35920172929763794
qwen-0.6b,das3d,10,3,0,64,0.001,128,63,-0.35920172929763794,-0.3775269091129303
qwen-0.6b,das,11,1,0,64,0.001,128,0,0.9984022378921509,0.973614513874054
qwen-0.6b,das,11,1,0,64,0.001,128,1,0.973614513874054,0.9311604499816895
qwen-0.6b,das,11,1,0,64,0.001,128,2,0.9311604499816895,0.8784807920455933
qwen-0.6b,das,11,1,0,64,0.001,128,3,0.8784807920455933,0.8252990245819092
qwen-0.6b,das,11,1,0,64,0.001,128,4,0.8252990245819092,0.7691043615341187
qwen-0.6b,das,11,1,0,64,0.001,128,5,0.7691043615341187,0.7030950784683228
qwen-0.6b,das,11,1,0,64,0.001,128,6,0.7030950784683228,0.6608691215515137
qwen-0.6b,das,11,1,0,64,0.001,128,7,0.6608691215515137,0.6363096833229065
qwen-0.6b,das,11,1,0,64,0.001,128,8,0.6363096833229065,0.62110835313797
qwen-0.6b,das,11,1,0,64,0.001,128,9,0.62110835313797,0.6081439256668091
qwen-0.6b,das,11,1,0,64,0.001,128,10,0.6081439256668091,0.5874646306037903
qwen-0.6b,das,11,1,0,64,0.001,128,11,0.5874646306037903,0.5648680329322815
qwen-0.6b,das,11,1,0,64,0.001,128,12,0.5648680329322815,0.5447366237640381
qwen-0.6b,das,11,1,0,64,0.001,128,13,0.5447366237640381,0.5253812074661255
qwen-0.6b,das,11,1,0,64,0.001,128,14,0.5253812074661255,0.5059344172477722
qwen-0.6b,das,11,1,0,64,0.001,128,15,0.5059344172477722,0.488496333360672
qwen-0.6b,das,11,1,0,64,0.001,128,16,0.488496333360672,0.47448188066482544
qwen-0.6b,das,11,1,0,64,0.001,128,17,0.47448188066482544,0.46028485894203186
qwen-0.6b,das,11,1,0,64,0.001,128,18,0.46028485894203186,0.4460878372192383
qwen-0.6b,das,11,1,0,64,0.001,128,19,0.4460878372192383,0.4338080883026123
qwen-0.6b,das,11,1,0,64,0.001,128,20,0.4338080883026123,0.4217565953731537
qwen-0.6b,das,11,1,0,64,0.001,128,21,0.4217565953731537,0.4097507894039154
qwen-0.6b,das,11,1,0,64,0.001,128,22,0.4097507894039154,0.3995252549648285
qwen-0.6b,das,11,1,0,64,0.001,128,23,0.3995252549648285,0.38998448848724365
qwen-0.6b,das,11,1,0,64,0.001,128,24,0.38998448848724365,0.38007852435112
qwen-0.6b,das,11,1,0,64,0.001,128,25,0.38007852435112,0.37140509486198425
qwen-0.6b,das,11,1,0,64,0.001,128,26,0.37140509486198425,0.36337077617645264
qwen-0.6b,das,11,1,0,64,0.001,128,27,0.36337077617645264,0.35675159096717834
qwen-0.6b,das,11,1,0,64,0.001,128,28,0.35675159096717834,0.35081714391708374
qwen-0.6b,das,11,1,0,64,0.001,128,29,0.35081714391708374,0.34305670857429504
qwen-0.6b,das,11,1,0,64,0.001,128,30,0.34305670857429504,0.3387199938297272
qwen-0.6b,das,11,1,0,64,0.001,128,31,0.3387199938297272,0.3325572907924652
qwen-0.6b,das,11,1,0,64,0.001,128,32,0.3325572907924652,0.3260750472545624
qwen-0.6b,das,11,1,0,64,0.001,128,33,0.3260750472545624,0.3214644491672516
qwen-0.6b,das,11,1,0,64,0.001,128,34,0.3214644491672516,0.3191363215446472
qwen-0.6b,das,11,1,0,64,0.001,128,35,0.3191363215446472,0.3164886236190796
qwen-0.6b,das,11,1,0,64,0.001,128,36,0.3164886236190796,0.3114215135574341
qwen-0.6b,das,11,1,0,64,0.001,128,37,0.3114215135574341,0.30941295623779297
qwen-0.6b,das,11,1,0,64,0.001,128,38,0.30941295623779297,0.30626314878463745
qwen-0.6b,das,11,1,0,64,0.001,128,39,0.30626314878463745,0.3027024567127228
qwen-0.6b,das,11,1,0,64,0.001,128,40,0.3027024567127228,0.3005569279193878
qwen-0.6b,das,11,1,0,64,0.001,128,41,0.3005569279193878,0.30060258507728577
qwen-0.6b,das,11,1,0,64,0.001,128,42,0.30060258507728577,0.2985483407974243
qwen-0.6b,das,11,1,0,64,0.001,128,43,0.2985483407974243,0.2988679111003876
qwen-0.6b,das,11,1,0,64,0.001,128,44,0.2988679111003876,0.2963571548461914
qwen-0.6b,das,11,1,0,64,0.001,128,45,0.2963571548461914,0.29297909140586853
qwen-0.6b,das,11,1,0,64,0.001,128,46,0.29297909140586853,0.2932986319065094
qwen-0.6b,das,11,1,0,64,0.001,128,47,0.2932986319065094,0.2934812307357788
qwen-0.6b,das,11,1,0,64,0.001,128,48,0.2934812307357788,0.2944398820400238
qwen-0.6b,das,11,1,0,64,0.001,128,49,0.2944398820400238,0.2938464283943176
qwen-0.6b,das,11,1,0,64,0.001,128,50,0.2938464283943176,0.29421162605285645
qwen-0.6b,das,11,1,0,64,0.001,128,51,0.29421162605285645,0.2933899462223053
qwen-0.6b,das,11,1,0,64,0.001,128,52,0.2933899462223053,0.2936638295650482
qwen-0.6b,das,11,1,0,64,0.001,128,53,0.2936638295650482,0.2927964925765991
qwen-0.6b,das,11,1,0,64,0.001,128,54,0.2927964925765991,0.29188352823257446
qwen-0.6b,das,11,1,0,64,0.001,128,55,0.29188352823257446,0.2927051782608032
qwen-0.6b,das,11,1,0,64,0.001,128,56,0.2927051782608032,0.291016161441803
qwen-0.6b,das,11,1,0,64,0.001,128,57,0.291016161441803,0.29170089960098267
qwen-0.6b,das,11,1,0,64,0.001,128,58,0.29170089960098267,0.29192915558815
qwen-0.6b,das,11,1,0,64,0.001,128,59,0.29192915558815,0.2924312949180603
qwen-0.6b,das,11,1,0,64,0.001,128,60,0.2924312949180603,0.29265955090522766
qwen-0.6b,das,11,1,0,64,0.001,128,61,0.29265955090522766,0.29092487692832947
qwen-0.6b,das,11,1,0,64,0.001,128,62,0.29092487692832947,0.29352691769599915
qwen-0.6b,das,11,1,0,64,0.001,128,63,0.29352691769599915,0.29124438762664795
qwen-0.6b,das2d,11,2,0,64,0.001,128,0,0.9984935522079468,0.9797772169113159
qwen-0.6b,das2d,11,2,0,64,0.001,128,1,0.9797772169113159,0.9396055936813354
qwen-0.6b,das2d,11,2,0,64,0.001,128,2,0.9396055936813354,0.8867890238761902
qwen-0.6b,das2d,11,2,0,64,0.001,128,3,0.8867890238761902,0.830092191696167
qwen-0.6b,das2d,11,2,0,64,0.001,128,4,0.830092191696167,0.768830418586731
qwen-0.6b,das2d,11,2,0,64,0.001,128,5,0.768830418586731,0.7004929780960083
qwen-0.6b,das2d,11,2,0,64,0.001,128,6,0.7004929780960083,0.6506893038749695
qwen-0.6b,das2d,11,2,0,64,0.001,128,7,0.6506893038749695,0.6210170984268188
qwen-0.6b,das2d,11,2,0,64,0.001,128,8,0.6210170984268188,0.6004747152328491
qwen-0.6b,das2d,11,2,0,64,0.001,128,9,0.6004747152328491,0.5831735134124756
qwen-0.6b,das2d,11,2,0,64,0.001,128,10,0.5831735134124756,0.5620834231376648
qwen-0.6b,das2d,11,2,0,64,0.001,128,11,0.5620834231376648,0.5337806940078735
qwen-0.6b,das2d,11,2,0,64,0.001,128,12,0.5337806940078735,0.5098603367805481
qwen-0.6b,das2d,11,2,0,64,0.001,128,13,0.5098603367805481,0.48676159977912903
qwen-0.6b,das2d,11,2,0,64,0.001,128,14,0.48676159977912903,0.46498677134513855
qwen-0.6b,das2d,11,2,0,64,0.001,128,15,0.46498677134513855,0.44745731353759766
qwen-0.6b,das2d,11,2,0,64,0.001,128,16,0.44745731353759766,0.42782798409461975
qwen-0.6b,das2d,11,2,0,64,0.001,128,17,0.42782798409461975,0.4110289216041565
qwen-0.6b,das2d,11,2,0,64,0.001,128,18,0.4110289216041565,0.3964667022228241
qwen-0.6b,das2d,11,2,0,64,0.001,128,19,0.3964667022228241,0.38108280301094055
qwen-0.6b,das2d,11,2,0,64,0.001,128,20,0.38108280301094055,0.37062904238700867
qwen-0.6b,das2d,11,2,0,64,0.001,128,21,0.37062904238700867,0.3591710031032562
qwen-0.6b,das2d,11,2,0,64,0.001,128,22,0.3591710031032562,0.34716516733169556
qwen-0.6b,das2d,11,2,0,64,0.001,128,23,0.34716516733169556,0.3376700282096863
qwen-0.6b,das2d,11,2,0,64,0.001,128,24,0.3376700282096863,0.32753583788871765
qwen-0.6b,das2d,11,2,0,64,0.001,128,25,0.32753583788871765,0.31863412261009216
qwen-0.6b,das2d,11,2,0,64,0.001,128,26,0.31863412261009216,0.3104172348976135
qwen-0.6b,das2d,11,2,0,64,0.001,128,27,0.3104172348976135,0.3027024567127228
qwen-0.6b,das2d,11,2,0,64,0.001,128,28,0.3027024567127228,0.2977723181247711
qwen-0.6b,das2d,11,2,0,64,0.001,128,29,0.2977723181247711,0.2930247187614441
qwen-0.6b,das2d,11,2,0,64,0.001,128,30,0.2930247187614441,0.28750112652778625
qwen-0.6b,das2d,11,2,0,64,0.001,128,31,0.28750112652778625,0.28462520241737366
qwen-0.6b,das2d,11,2,0,64,0.001,128,32,0.28462520241737366,0.2805624008178711
qwen-0.6b,das2d,11,2,0,64,0.001,128,33,0.2805624008178711,0.2786450982093811
qwen-0.6b,das2d,11,2,0,64,0.001,128,34,0.2786450982093811,0.2763626277446747
qwen-0.6b,das2d,11,2,0,64,0.001,128,35,0.2763626277446747,0.272619366645813
qwen-0.6b,das2d,11,2,0,64,0.001,128,36,0.272619366645813,0.27006298303604126
qwen-0.6b,das2d,11,2,0,64,0.001,128,37,0.27006298303604126,0.269560843706131
qwen-0.6b,das2d,11,2,0,64,0.001,128,38,0.269560843706131,0.268373966217041
qwen-0.6b,das2d,11,2,0,64,0.001,128,39,0.268373966217041,0.2681913673877716
qwen-0.6b,das2d,11,2,0,64,0.001,128,40,0.2681913673877716,0.2656349837779999
qwen-0.6b,das2d,11,2,0,64,0.001,128,41,0.2656349837779999,0.2627590596675873
qwen-0.6b,das2d,11,2,0,64,0.001,128,42,0.2627590596675873,0.2635807991027832
qwen-0.6b,das2d,11,2,0,64,0.001,128,43,0.2635807991027832,0.26184606552124023
qwen-0.6b,das2d,11,2,0,64,0.001,128,44,0.26184606552124023,0.2595635950565338
qwen-0.6b,das2d,11,2,0,64,0.001,128,45,0.2595635950565338,0.2594722807407379
qwen-0.6b,das2d,11,2,0,64,0.001,128,46,0.2594722807407379,0.2567332983016968
qwen-0.6b,das2d,11,2,0,64,0.001,128,47,0.2567332983016968,0.25705286860466003
qwen-0.6b,das2d,11,2,0,64,0.001,128,48,0.25705286860466003,0.25577467679977417
qwen-0.6b,das2d,11,2,0,64,0.001,128,49,0.25577467679977417,0.2544964849948883
qwen-0.6b,das2d,11,2,0,64,0.001,128,50,0.2544964849948883,0.2532639503479004
qwen-0.6b,das2d,11,2,0,64,0.001,128,51,0.2532639503479004,0.2515292763710022
qwen-0.6b,das2d,11,2,0,64,0.001,128,52,0.2515292763710022,0.25175750255584717
qwen-0.6b,das2d,11,2,0,64,0.001,128,53,0.25175750255584717,0.24874462187290192
qwen-0.6b,das2d,11,2,0,64,0.001,128,54,0.24874462187290192,0.24915549159049988
qwen-0.6b,das2d,11,2,0,64,0.001,128,55,0.24915549159049988,0.24801425635814667
qwen-0.6b,das2d,11,2,0,64,0.001,128,56,0.24801425635814667,0.24801421165466309
qwen-0.6b,das2d,11,2,0,64,0.001,128,57,0.24801421165466309,0.2462795376777649
qwen-0.6b,das2d,11,2,0,64,0.001,128,58,0.2462795376777649,0.24408836662769318
qwen-0.6b,das2d,11,2,0,64,0.001,128,59,0.24408836662769318,0.24322104454040527
qwen-0.6b,das2d,11,2,0,64,0.001,128,60,0.24322104454040527,0.2415776550769806
qwen-0.6b,das2d,11,2,0,64,0.001,128,61,0.2415776550769806,0.24107550084590912
qwen-0.6b,das2d,11,2,0,64,0.001,128,62,0.24107550084590912,0.23915822803974152
qwen-0.6b,das2d,11,2,0,64,0.001,128,63,0.23915822803974152,0.23833653330802917
qwen-0.6b,das3d,11,3,0,64,0.001,128,0,0.9987674355506897,0.9768099784851074
qwen-0.6b,das3d,11,3,0,64,0.001,128,1,0.9768099784851074,0.9360905289649963
qwen-0.6b,das3d,11,3,0,64,0.001,128,2,0.9360905289649963,0.8808545470237732
qwen-0.6b,das3d,11,3,0,64,0.001,128,3,0.8808545470237732,0.8200492858886719
qwen-0.6b,das3d,11,3,0,64,0.001,128,4,0.8200492858886719,0.7516661882400513
qwen-0.6b,das3d,11,3,0,64,0.001,128,5,0.7516661882400513,0.6662558317184448
qwen-0.6b,das3d,11,3,0,64,0.001,128,6,0.6662558317184448,0.6150826215744019
qwen-0.6b,das3d,11,3,0,64,0.001,128,7,0.6150826215744019,0.5854103565216064
qwen-0.6b,das3d,11,3,0,64,0.001,128,8,0.5854103565216064,0.5623117089271545
qwen-0.6b,das3d,11,3,0,64,0.001,128,9,0.5623117089271545,0.5440974831581116
qwen-0.6b,das3d,11,3,0,64,0.001,128,10,0.5440974831581116,0.51839679479599
qwen-0.6b,das3d,11,3,0,64,0.001,128,11,0.51839679479599,0.4875832796096802
qwen-0.6b,das3d,11,3,0,64,0.001,128,12,0.4875832796096802,0.46078699827194214
qwen-0.6b,das3d,11,3,0,64,0.001,128,13,0.46078699827194214,0.43796220421791077
qwen-0.6b,das3d,11,3,0,64,0.001,128,14,0.43796220421791077,0.41668951511383057
qwen-0.6b,das3d,11,3,0,64,0.001,128,15,0.41668951511383057,0.39870354533195496
qwen-0.6b,das3d,11,3,0,64,0.001,128,16,0.39870354533195496,0.38254356384277344
qwen-0.6b,das3d,11,3,0,64,0.001,128,17,0.38254356384277344,0.3682096302509308
qwen-0.6b,das3d,11,3,0,64,0.001,128,18,0.3682096302509308,0.3519127368927002
qwen-0.6b,das3d,11,3,0,64,0.001,128,19,0.3519127368927002,0.33990687131881714
qwen-0.6b,das3d,11,3,0,64,0.001,128,20,0.33990687131881714,0.3287227153778076
qwen-0.6b,das3d,11,3,0,64,0.001,128,21,0.3287227153778076,0.3188624083995819
qwen-0.6b,das3d,11,3,0,64,0.001,128,22,0.3188624083995819,0.3105542063713074
qwen-0.6b,das3d,11,3,0,64,0.001,128,23,0.3105542063713074,0.3044828176498413
qwen-0.6b,das3d,11,3,0,64,0.001,128,24,0.3044828176498413,0.29763534665107727
qwen-0.6b,das3d,11,3,0,64,0.001,128,25,0.29763534665107727,0.29160961508750916
qwen-0.6b,das3d,11,3,0,64,0.001,128,26,0.29160961508750916,0.28882497549057007
qwen-0.6b,das3d,11,3,0,64,0.001,128,27,0.28882497549057007,0.2825709879398346
qwen-0.6b,das3d,11,3,0,64,0.001,128,28,0.2825709879398346,0.2808363139629364
qwen-0.6b,das3d,11,3,0,64,0.001,128,29,0.2808363139629364,0.2774582505226135
qwen-0.6b,das3d,11,3,0,64,0.001,128,30,0.2774582505226135,0.27544963359832764
qwen-0.6b,das3d,11,3,0,64,0.001,128,31,0.27544963359832764,0.2731671631336212
qwen-0.6b,das3d,11,3,0,64,0.001,128,32,0.2731671631336212,0.27362364530563354
qwen-0.6b,das3d,11,3,0,64,0.001,128,33,0.27362364530563354,0.27015429735183716
qwen-0.6b,das3d,11,3,0,64,0.001,128,34,0.27015429735183716,0.2693325877189636
qwen-0.6b,das3d,11,3,0,64,0.001,128,35,0.2693325877189636,0.2680087685585022
qwen-0.6b,das3d,11,3,0,64,0.001,128,36,0.2680087685585022,0.2646307051181793
qwen-0.6b,das3d,11,3,0,64,0.001,128,37,0.2646307051181793,0.26344379782676697
qwen-0.6b,das3d,11,3,0,64,0.001,128,38,0.26344379782676697,0.2612070143222809
qwen-0.6b,das3d,11,3,0,64,0.001,128,39,0.2612070143222809,0.2586962580680847
qwen-0.6b,das3d,11,3,0,64,0.001,128,40,0.2586962580680847,0.25349217653274536
qwen-0.6b,das3d,11,3,0,64,0.001,128,41,0.25349217653274536,0.2511640787124634
qwen-0.6b,das3d,11,3,0,64,0.001,128,42,0.2511640787124634,0.2476947009563446
qwen-0.6b,das3d,11,3,0,64,0.001,128,43,0.2476947009563446,0.24404273927211761
qwen-0.6b,das3d,11,3,0,64,0.001,128,44,0.24404273927211761,0.24102984368801117
qwen-0.6b,das3d,11,3,0,64,0.001,128,45,0.24102984368801117,0.23979730904102325
qwen-0.6b,das3d,11,3,0,64,0.001,128,46,0.23979730904102325,0.23555192351341248
qwen-0.6b,das3d,11,3,0,64,0.001,128,47,0.23555192351341248,0.233725905418396
qwen-0.6b,das3d,11,3,0,64,0.001,128,48,0.233725905418396,0.23121517896652222
qwen-0.6b,das3d,11,3,0,64,0.001,128,49,0.23121517896652222,0.22852185368537903
qwen-0.6b,das3d,11,3,0,64,0.001,128,50,0.22852185368537903,0.2270154058933258
qwen-0.6b,das3d,11,3,0,64,0.001,128,51,0.2270154058933258,0.2233634740114212
qwen-0.6b,das3d,11,3,0,64,0.001,128,52,0.2233634740114212,0.22486989200115204
qwen-0.6b,das3d,11,3,0,64,0.001,128,53,0.22486989200115204,0.22254174947738647
qwen-0.6b,das3d,11,3,0,64,0.001,128,54,0.22254174947738647,0.21989408135414124
qwen-0.6b,das3d,11,3,0,64,0.001,128,55,0.21989408135414124,0.2161964774131775
qwen-0.6b,das3d,11,3,0,64,0.001,128,56,0.2161964774131775,0.21578562259674072
qwen-0.6b,das3d,11,3,0,64,0.001,128,57,0.21578562259674072,0.2146443873643875
qwen-0.6b,das3d,11,3,0,64,0.001,128,58,0.2146443873643875,0.21336621046066284
qwen-0.6b,das3d,11,3,0,64,0.001,128,59,0.21336621046066284,0.20980551838874817
qwen-0.6b,das3d,11,3,0,64,0.001,128,60,0.20980551838874817,0.2096685916185379
qwen-0.6b,das3d,11,3,0,64,0.001,128,61,0.2096685916185379,0.20734044909477234
qwen-0.6b,das3d,11,3,0,64,0.001,128,62,0.20734044909477234,0.20446453988552094
qwen-0.6b,das3d,11,3,0,64,0.001,128,63,0.20446453988552094,0.2036428451538086
qwen-0.6b,das,12,1,0,64,0.001,128,0,0.9987674355506897,0.9732949733734131
qwen-0.6b,das,12,1,0,64,0.001,128,1,0.9732949733734131,0.9286953210830688
qwen-0.6b,das,12,1,0,64,0.001,128,2,0.9286953210830688,0.8738244771957397
qwen-0.6b,das,12,1,0,64,0.001,128,3,0.8738244771957397,0.8215557336807251
qwen-0.6b,das,12,1,0,64,0.001,128,4,0.8215557336807251,0.7769104242324829
qwen-0.6b,das,12,1,0,64,0.001,128,5,0.7769104242324829,0.7325846552848816
qwen-0.6b,das,12,1,0,64,0.001,128,6,0.7325846552848816,0.6939194798469543
qwen-0.6b,das,12,1,0,64,0.001,128,7,0.6939194798469543,0.664201557636261
qwen-0.6b,das,12,1,0,64,0.001,128,8,0.664201557636261,0.6363096833229065
qwen-0.6b,das,12,1,0,64,0.001,128,9,0.6363096833229065,0.6127088069915771
qwen-0.6b,das,12,1,0,64,0.001,128,10,0.6127088069915771,0.5863233804702759
qwen-0.6b,das,12,1,0,64,0.001,128,11,0.5863233804702759,0.5599835515022278
qwen-0.6b,das,12,1,0,64,0.001,128,12,0.5599835515022278,0.5362457633018494
qwen-0.6b,das,12,1,0,64,0.001,128,13,0.5362457633018494,0.5150187015533447
qwen-0.6b,das,12,1,0,64,0.001,128,14,0.5150187015533447,0.4968501627445221
qwen-0.6b,das,12,1,0,64,0.001,128,15,0.4968501627445221,0.4742079973220825
qwen-0.6b,das,12,1,0,64,0.001,128,16,0.4742079973220825,0.45540034770965576
qwen-0.6b,das,12,1,0,64,0.001,128,17,0.45540034770965576,0.4373687505722046
qwen-0.6b,das,12,1,0,64,0.001,128,18,0.4373687505722046,0.4217565953731537
qwen-0.6b,das,12,1,0,64,0.001,128,19,0.4217565953731537,0.40819865465164185
qwen-0.6b,das,12,1,0,64,0.001,128,20,0.40819865465164185,0.3941385746002197
qwen-0.6b,das,12,1,0,64,0.001,128,21,0.3941385746002197,0.3814023435115814
qwen-0.6b,das,12,1,0,64,0.001,128,22,0.3814023435115814,0.37085726857185364
qwen-0.6b,das,12,1,0,64,0.001,128,23,0.37085726857185364,0.35885146260261536
qwen-0.6b,das,12,1,0,64,0.001,128,24,0.35885146260261536,0.34784987568855286
qwen-0.6b,das,12,1,0,64,0.001,128,25,0.34784987568855286,0.33858299255371094
qwen-0.6b,das,12,1,0,64,0.001,128,26,0.33858299255371094,0.3297726809978485
qwen-0.6b,das,12,1,0,64,0.001,128,27,0.3297726809978485,0.32100793719291687
qwen-0.6b,das,12,1,0,64,0.001,128,28,0.32100793719291687,0.31384095549583435
qwen-0.6b,das,12,1,0,64,0.001,128,29,0.31384095549583435,0.3062174916267395
qwen-0.6b,das,12,1,0,64,0.001,128,30,0.3062174916267395,0.3009677827358246
qwen-0.6b,das,12,1,0,64,0.001,128,31,0.3009677827358246,0.292887806892395
qwen-0.6b,das,12,1,0,64,0.001,128,32,0.292887806892395,0.2874555289745331
qwen-0.6b,das,12,1,0,64,0.001,128,33,0.2874555289745331,0.2846708595752716
qwen-0.6b,das,12,1,0,64,0.001,128,34,0.2846708595752716,0.27859947085380554
qwen-0.6b,das,12,1,0,64,0.001,128,35,0.27859947085380554,0.27303022146224976
qwen-0.6b,das,12,1,0,64,0.001,128,36,0.27303022146224976,0.2707021236419678
qwen-0.6b,das,12,1,0,64,0.001,128,37,0.2707021236419678,0.26832830905914307
qwen-0.6b,das,12,1,0,64,0.001,128,38,0.26832830905914307,0.26558932662010193
qwen-0.6b,das,12,1,0,64,0.001,128,39,0.26558932662010193,0.26316991448402405
qwen-0.6b,das,12,1,0,64,0.001,128,40,0.26316991448402405,0.2618004083633423
qwen-0.6b,das,12,1,0,64,0.001,128,41,0.2618004083633423,0.25992879271507263
qwen-0.6b,das,12,1,0,64,0.001,128,42,0.25992879271507263,0.25846797227859497
qwen-0.6b,das,12,1,0,64,0.001,128,43,0.25846797227859497,0.2565963566303253
qwen-0.6b,das,12,1,0,64,0.001,128,44,0.2565963566303253,0.2543138861656189
qwen-0.6b,das,12,1,0,64,0.001,128,45,0.2543138861656189,0.2553638219833374
qwen-0.6b,das,12,1,0,64,0.001,128,46,0.2553638219833374,0.25636816024780273
qwen-0.6b,das,12,1,0,64,0.001,128,47,0.25636816024780273,0.2539486885070801
qwen-0.6b,das,12,1,0,64,0.001,128,48,0.2539486885070801,0.2541312873363495
qwen-0.6b,das,12,1,0,64,0.001,128,49,0.2541312873363495,0.25312700867652893
qwen-0.6b,das,12,1,0,64,0.001,128,50,0.25312700867652893,0.25312700867652893
qwen-0.6b,das,12,1,0,64,0.001,128,51,0.25312700867652893,0.25600293278694153
qwen-0.6b,das,12,1,0,64,0.001,128,52,0.25600293278694153,0.25312697887420654
qwen-0.6b,das,12,1,0,64,0.001,128,53,0.25312697887420654,0.2543138861656189
qwen-0.6b,das,12,1,0,64,0.001,128,54,0.2543138861656189,0.2545877695083618
qwen-0.6b,das,12,1,0,64,0.001,128,55,0.2545877695083618,0.254952996969223
qwen-0.6b,das,12,1,0,64,0.001,128,56,0.254952996969223,0.25595730543136597
qwen-0.6b,das,12,1,0,64,0.001,128,57,0.25595730543136597,0.2542226016521454
qwen-0.6b,das,12,1,0,64,0.001,128,58,0.2542226016521454,0.25522688031196594
qwen-0.6b,das,12,1,0,64,0.001,128,59,0.25522688031196594,0.2552725374698639
qwen-0.6b,das,12,1,0,64,0.001,128,60,0.2552725374698639,0.2550899386405945
qwen-0.6b,das,12,1,0,64,0.001,128,61,0.2550899386405945,0.25664201378822327
qwen-0.6b,das,12,1,0,64,0.001,128,62,0.25664201378822327,0.25481605529785156
qwen-0.6b,das,12,1,0,64,0.001,128,63,0.25481605529785156,0.2550899386405945
qwen-0.6b,das2d,12,2,0,64,0.001,128,0,0.9979913830757141,0.9778599143028259
qwen-0.6b,das2d,12,2,0,64,0.001,128,1,0.9778599143028259,0.9332602620124817
qwen-0.6b,das2d,12,2,0,64,0.001,128,2,0.9332602620124817,0.8777503967285156
qwen-0.6b,das2d,12,2,0,64,0.001,128,3,0.8777503967285156,0.8241121172904968
qwen-0.6b,das2d,12,2,0,64,0.001,128,4,0.8241121172904968,0.7740800976753235
qwen-0.6b,das2d,12,2,0,64,0.001,128,5,0.7740800976753235,0.7278828024864197
qwen-0.6b,das2d,12,2,0,64,0.001,128,6,0.7278828024864197,0.6826440095901489
qwen-0.6b,das2d,12,2,0,64,0.001,128,7,0.6826440095901489,0.6447091698646545
qwen-0.6b,das2d,12,2,0,64,0.001,128,8,0.6447091698646545,0.6146261096000671
qwen-0.6b,das2d,12,2,0,64,0.001,128,9,0.6146261096000671,0.5831279158592224
qwen-0.6b,das2d,12,2,0,64,0.001,128,10,0.5831279158592224,0.5504428148269653
qwen-0.6b,das2d,12,2,0,64,0.001,128,11,0.5504428148269653,0.5197206139564514
qwen-0.6b,das2d,12,2,0,64,0.001,128,12,0.5197206139564514,0.49543502926826477
qwen-0.6b,das2d,12,2,0,64,0.001,128,13,0.49543502926826477,0.47023648023605347
qwen-0.6b,das2d,12,2,0,64,0.001,128,14,0.47023648023605347,0.4481876790523529
qwen-0.6b,das2d,12,2,0,64,0.001,128,15,0.4481876790523529,0.42513465881347656
qwen-0.6b,das2d,12,2,0,64,0.001,128,16,0.42513465881347656,0.4059161841869354
qwen-0.6b,das2d,12,2,0,64,0.001,128,17,0.4059161841869354,0.3861042857170105
qwen-0.6b,das2d,12,2,0,64,0.001,128,18,0.3861042857170105,0.3683922290802002
qwen-0.6b,das2d,12,2,0,64,0.001,128,19,0.3683922290802002,0.35109102725982666
qwen-0.6b,das2d,12,2,0,64,0.001,128,20,0.35109102725982666,0.33844611048698425
qwen-0.6b,das2d,12,2,0,64,0.001,128,21,0.33844611048698425,0.3216470181941986
qwen-0.6b,das2d,12,2,0,64,0.001,128,22,0.3216470181941986,0.3093673288822174
qwen-0.6b,das2d,12,2,0,64,0.001,128,23,0.3093673288822174,0.2988222539424896
qwen-0.6b,das2d,12,2,0,64,0.001,128,24,0.2988222539424896,0.2885967195034027
qwen-0.6b,das2d,12,2,0,64,0.001,128,25,0.2885967195034027,0.2797863483428955
qwen-0.6b,das2d,12,2,0,64,0.001,128,26,0.2797863483428955,0.2732584774494171
qwen-0.6b,das2d,12,2,0,64,0.001,128,27,0.2732584774494171,0.2616178095340729
qwen-0.6b,das2d,12,2,0,64,0.001,128,28,0.2616178095340729,0.2560485899448395
qwen-0.6b,das2d,12,2,0,64,0.001,128,29,0.2560485899448395,0.2504793107509613
qwen-0.6b,das2d,12,2,0,64,0.001,128,30,0.2504793107509613,0.2445448786020279
qwen-0.6b,das2d,12,2,0,64,0.001,128,31,0.2445448786020279,0.2415776550769806
qwen-0.6b,das2d,12,2,0,64,0.001,128,32,0.2415776550769806,0.23838219046592712
qwen-0.6b,das2d,12,2,0,64,0.001,128,33,0.23838219046592712,0.2328585535287857
qwen-0.6b,das2d,12,2,0,64,0.001,128,34,0.2328585535287857,0.2318086475133896
qwen-0.6b,das2d,12,2,0,64,0.001,128,35,0.2318086475133896,0.2284305840730667
qwen-0.6b,das2d,12,2,0,64,0.001,128,36,0.2284305840730667,0.2271067351102829
qwen-0.6b,das2d,12,2,0,64,0.001,128,37,0.2271067351102829,0.2242308109998703
qwen-0.6b,das2d,12,2,0,64,0.001,128,38,0.2242308109998703,0.22162875533103943
qwen-0.6b,das2d,12,2,0,64,0.001,128,39,0.22162875533103943,0.21879850327968597
qwen-0.6b,das2d,12,2,0,64,0.001,128,40,0.21879850327968597,0.21642471849918365
qwen-0.6b,das2d,12,2,0,64,0.001,128,41,0.21642471849918365,0.21364012360572815
qwen-0.6b,das2d,12,2,0,64,0.001,128,42,0.21364012360572815,0.21117500960826874
qwen-0.6b,das2d,12,2,0,64,0.001,128,43,0.21117500960826874,0.2097598910331726
qwen-0.6b,das2d,12,2,0,64,0.001,128,44,0.2097598910331726,0.20514926314353943
qwen-0.6b,das2d,12,2,0,64,0.001,128,45,0.20514926314353943,0.20346027612686157
qwen-0.6b,das2d,12,2,0,64,0.001,128,46,0.20346027612686157,0.19706928730010986
qwen-0.6b,das2d,12,2,0,64,0.001,128,47,0.19706928730010986,0.18768830597400665
qwen-0.6b,das2d,12,2,0,64,0.001,128,48,0.18768830597400665,0.17120881378650665
qwen-0.6b,das2d,12,2,0,64,0.001,128,49,0.17120881378650665,0.14585043489933014
qwen-0.6b,das2d,12,2,0,64,0.001,128,50,0.14585043489933014,0.13559070229530334
qwen-0.6b,das2d,12,2,0,64,0.001,128,51,0.13559070229530334,0.05382086709141731
qwen-0.6b,das2d,12,2,0,64,0.001,128,52,0.05382086709141731,0.019138634204864502
qwen-0.6b,das2d,12,2,0,64,0.001,128,53,0.019138634204864502,-0.031954649835824966
qwen-0.6b,das2d,12,2,0,64,0.001,128,54,-0.031954649835824966,0.012264098972082138
qwen-0.6b,das2d,12,2,0,64,0.001,128,55,0.012264098972082138,-0.041960492730140686
qwen-0.6b,das2d,12,2,0,64,0.001,128,56,-0.041960492730140686,-0.09862614423036575
qwen-0.6b,das2d,12,2,0,64,0.001,128,57,-0.09862614423036575,-0.08308854699134827
qwen-0.6b,das2d,12,2,0,64,0.001,128,58,-0.08308854699134827,-0.12182272970676422
qwen-0.6b,das2d,12,2,0,64,0.001,128,59,-0.12182272970676422,-0.13135311007499695
qwen-0.6b,das2d,12,2,0,64,0.001,128,60,-0.13135311007499695,-0.1312432885169983
qwen-0.6b,das2d,12,2,0,64,0.001,128,61,-0.1312432885169983,-0.15503673255443573
qwen-0.6b,das2d,12,2,0,64,0.001,128,62,-0.15503673255443573,-0.17556160688400269
qwen-0.6b,das2d,12,2,0,64,0.001,128,63,-0.17556160688400269,-0.22624708712100983
qwen-0.6b,das3d,12,3,0,64,0.001,128,0,0.9981740117073059,0.9750752449035645
qwen-0.6b,das3d,12,3,0,64,0.001,128,1,0.9750752449035645,0.9273715019226074
qwen-0.6b,das3d,12,3,0,64,0.001,128,2,0.9273715019226074,0.8681183457374573
qwen-0.6b,das3d,12,3,0,64,0.001,128,3,0.8681183457374573,0.8066283464431763
qwen-0.6b,das3d,12,3,0,64,0.001,128,4,0.8066283464431763,0.754268229007721
qwen-0.6b,das3d,12,3,0,64,0.001,128,5,0.754268229007721,0.7022733688354492
qwen-0.6b,das3d,12,3,0,64,0.001,128,6,0.7022733688354492,0.6571258902549744
qwen-0.6b,das3d,12,3,0,64,0.001,128,7,0.6571258902549744,0.6165890097618103
qwen-0.6b,das3d,12,3,0,64,0.001,128,8,0.6165890097618103,0.5801606774330139
qwen-0.6b,das3d,12,3,0,64,0.001,128,9,0.5801606774330139,0.5470190644264221
qwen-0.6b,das3d,12,3,0,64,0.001,128,10,0.5470190644264221,0.5161599516868591
qwen-0.6b,das3d,12,3,0,64,0.001,128,11,0.5161599516868591,0.48598557710647583
qwen-0.6b,das3d,12,3,0,64,0.001,128,12,0.48598557710647583,0.45540034770965576
qwen-0.6b,das3d,12,3,0,64,0.001,128,13,0.45540034770965576,0.4289235770702362
qwen-0.6b,das3d,12,3,0,64,0.001,128,14,0.4289235770702362,0.4055509865283966
qwen-0.6b,das3d,12,3,0,64,0.001,128,15,0.4055509865283966,0.3811284601688385
qwen-0.6b,das3d,12,3,0,64,0.001,128,16,0.3811284601688385,0.35935360193252563
qwen-0.6b,das3d,12,3,0,64,0.001,128,17,0.35935360193252563,0.3413676619529724
qwen-0.6b,das3d,12,3,0,64,0.001,128,18,0.3413676619529724,0.3236556351184845
qwen-0.6b,das3d,12,3,0,64,0.001,128,19,0.3236556351184845,0.30772390961647034
qwen-0.6b,das3d,12,3,0,64,0.001,128,20,0.30772390961647034,0.2947137951850891
qwen-0.6b,das3d,12,3,0,64,0.001,128,21,0.2947137951850891,0.28001463413238525
qwen-0.6b,das3d,12,3,0,64,0.001,128,22,0.28001463413238525,0.27065640687942505
qwen-0.6b,das3d,12,3,0,64,0.001,128,23,0.27065640687942505,0.26065918803215027
qwen-0.6b,das3d,12,3,0,64,0.001,128,24,0.26065918803215027,0.25358352065086365
qwen-0.6b,das3d,12,3,0,64,0.001,128,25,0.25358352065086365,0.24495571851730347
qwen-0.6b,das3d,12,3,0,64,0.001,128,26,0.24495571851730347,0.2388843297958374
qwen-0.6b,das3d,12,3,0,64,0.001,128,27,0.2388843297958374,0.23596274852752686
qwen-0.6b,das3d,12,3,0,64,0.001,128,28,0.23596274852752686,0.2310326099395752
qwen-0.6b,das3d,12,3,0,64,0.001,128,29,0.2310326099395752,0.22879575192928314
qwen-0.6b,das3d,12,3,0,64,0.001,128,30,0.22879575192928314,0.2249155342578888
qwen-0.6b,das3d,12,3,0,64,0.001,128,31,0.2249155342578888,0.22226789593696594
qwen-0.6b,das3d,12,3,0,64,0.001,128,32,0.22226789593696594,0.22076143324375153
qwen-0.6b,das3d,12,3,0,64,0.001,128,33,0.22076143324375153,0.21669861674308777
qwen-0.6b,das3d,12,3,0,64,0.001,128,34,0.21669861674308777,0.21450746059417725
qwen-0.6b,das3d,12,3,0,64,0.001,128,35,0.21450746059417725,0.21217931807041168
qwen-0.6b,das3d,12,3,0,64,0.001,128,36,0.21217931807041168,0.20788824558258057
qwen-0.6b,das3d,12,3,0,64,0.001,128,37,0.20788824558258057,0.20606227219104767
qwen-0.6b,das3d,12,3,0,64,0.001,128,38,0.20606227219104767,0.2029580920934677
qwen-0.6b,das3d,12,3,0,64,0.001,128,39,0.2029580920934677,0.19921483099460602
qwen-0.6b,das3d,12,3,0,64,0.001,128,40,0.19921483099460602,0.19611065089702606
qwen-0.6b,das3d,12,3,0,64,0.001,128,41,0.19611065089702606,0.1898566633462906
qwen-0.6b,das3d,12,3,0,64,0.001,128,42,0.1898566633462906,0.18761982023715973
qwen-0.6b,das3d,12,3,0,64,0.001,128,43,0.18761982023715973,0.1833287626504898
qwen-0.6b,das3d,12,3,0,64,0.001,128,44,0.1833287626504898,0.1782616525888443
qwen-0.6b,das3d,12,3,0,64,0.001,128,45,0.1782616525888443,0.17077511548995972
qwen-0.6b,das3d,12,3,0,64,0.001,128,46,0.17077511548995972,0.15904317796230316
qwen-0.6b,das3d,12,3,0,64,0.001,128,47,0.15904317796230316,0.14208434522151947
qwen-0.6b,das3d,12,3,0,64,0.001,128,48,0.14208434522151947,0.13924264907836914
qwen-0.6b,das3d,12,3,0,64,0.001,128,49,0.13924264907836914,0.0463571697473526
qwen-0.6b,das3d,12,3,0,64,0.001,128,50,0.0463571697473526,0.002487873425707221
qwen-0.6b,das3d,12,3,0,64,0.001,128,51,0.002487873425707221,-0.029803454875946045
qwen-0.6b,das3d,12,3,0,64,0.001,128,52,-0.029803454875946045,-0.0770396888256073
qwen-0.6b,das3d,12,3,0,64,0.001,128,53,-0.0770396888256073,-0.11741364002227783
qwen-0.6b,das3d,12,3,0,64,0.001,128,54,-0.11741364002227783,-0.1283131241798401
qwen-0.6b,das3d,12,3,0,64,0.001,128,55,-0.1283131241798401,-0.167972594499588
qwen-0.6b,das3d,12,3,0,64,0.001,128,56,-0.167972594499588,-0.18978962302207947
qwen-0.6b,das3d,12,3,0,64,0.001,128,57,-0.18978962302207947,-0.17958283424377441
qwen-0.6b,das3d,12,3,0,64,0.001,128,58,-0.17958283424377441,-0.21102593839168549
qwen-0.6b,das3d,12,3,0,64,0.001,128,59,-0.21102593839168549,-0.2386305332183838
qwen-0.6b,das3d,12,3,0,64,0.001,128,60,-0.2386305332183838,-0.25723791122436523
qwen-0.6b,das3d,12,3,0,64,0.001,128,61,-0.25723791122436523,-0.29169806838035583
qwen-0.6b,das3d,12,3,0,64,0.001,128,62,-0.29169806838035583,-0.29740411043167114
qwen-0.6b,das3d,12,3,0,64,0.001,128,63,-0.29740411043167114,-0.3462386429309845
qwen-0.6b,das,13,1,0,64,0.001,128,0,1.0,0.9802336692810059
qwen-0.6b,das,13,1,0,64,0.001,128,1,0.9802336692810059,0.9398337602615356
qwen-0.6b,das,13,1,0,64,0.001,128,2,0.9398337602615356,0.8851456046104431
qwen-0.6b,das,13,1,0,64,0.001,128,3,0.8851456046104431,0.8323290348052979
qwen-0.6b,das,13,1,0,64,0.001,128,4,0.8323290348052979,0.7864055633544922
qwen-0.6b,das,13,1,0,64,0.001,128,5,0.7864055633544922,0.7433579564094543
qwen-0.6b,das,13,1,0,64,0.001,128,6,0.7433579564094543,0.7088012099266052
qwen-0.6b,das,13,1,0,64,0.001,128,7,0.7088012099266052,0.6837852597236633
qwen-0.6b,das,13,1,0,64,0.001,128,8,0.6837852597236633,0.6636081337928772
qwen-0.6b,das,13,1,0,64,0.001,128,9,0.6636081337928772,0.6397790312767029
qwen-0.6b,das,13,1,0,64,0.001,128,10,0.6397790312767029,0.6132566332817078
qwen-0.6b,das,13,1,0,64,0.001,128,11,0.6132566332817078,0.5872363448143005
qwen-0.6b,das,13,1,0,64,0.001,128,12,0.5872363448143005,0.5624942779541016
qwen-0.6b,das,13,1,0,64,0.001,128,13,0.5624942779541016,0.538893461227417
qwen-0.6b,das,13,1,0,64,0.001,128,14,0.538893461227417,0.5200401544570923
qwen-0.6b,das,13,1,0,64,0.001,128,15,0.5200401544570923,0.5007760524749756
qwen-0.6b,das,13,1,0,64,0.001,128,16,0.5007760524749756,0.4805532693862915
qwen-0.6b,das,13,1,0,64,0.001,128,17,0.4805532693862915,0.46288686990737915
qwen-0.6b,das,13,1,0,64,0.001,128,18,0.46288686990737915,0.44718343019485474
qwen-0.6b,das,13,1,0,64,0.001,128,19,0.44718343019485474,0.4312516748905182
qwen-0.6b,das,13,1,0,64,0.001,128,20,0.4312516748905182,0.4193371534347534
qwen-0.6b,das,13,1,0,64,0.001,128,21,0.4193371534347534,0.4044097661972046
qwen-0.6b,das,13,1,0,64,0.001,128,22,0.4044097661972046,0.39199304580688477
qwen-0.6b,das,13,1,0,64,0.001,128,23,0.39199304580688477,0.38167625665664673
qwen-0.6b,das,13,1,0,64,0.001,128,24,0.38167625665664673,0.3680270314216614
qwen-0.6b,das,13,1,0,64,0.001,128,25,0.3680270314216614,0.3578471541404724
qwen-0.6b,das,13,1,0,64,0.001,128,26,0.3578471541404724,0.3475303649902344
qwen-0.6b,das,13,1,0,64,0.001,128,27,0.3475303649902344,0.33853739500045776
qwen-0.6b,das,13,1,0,64,0.001,128,28,0.33853739500045776,0.33013787865638733
qwen-0.6b,das,13,1,0,64,0.001,128,29,0.33013787865638733,0.321647047996521
qwen-0.6b,das,13,1,0,64,0.001,128,30,0.321647047996521,0.3132475018501282
qwen-0.6b,das,13,1,0,64,0.001,128,31,0.3132475018501282,0.30461975932121277
qwen-0.6b,das,13,1,0,64,0.001,128,32,0.30461975932121277,0.29909613728523254
qwen-0.6b,das,13,1,0,64,0.001,128,33,0.29909613728523254,0.2922486960887909
qwen-0.6b,das,13,1,0,64,0.001,128,34,0.2922486960887909,0.28540128469467163
qwen-0.6b,das,13,1,0,64,0.001,128,35,0.28540128469467163,0.2815210521221161
qwen-0.6b,das,13,1,0,64,0.001,128,36,0.2815210521221161,0.2769104242324829
qwen-0.6b,das,13,1,0,64,0.001,128,37,0.2769104242324829,0.27257370948791504
qwen-0.6b,das,13,1,0,64,0.001,128,38,0.27257370948791504,0.26910436153411865
qwen-0.6b,das,13,1,0,64,0.001,128,39,0.26910436153411865,0.2647220194339752
qwen-0.6b,das,13,1,0,64,0.001,128,40,0.2647220194339752,0.264174222946167
qwen-0.6b,das,13,1,0,64,0.001,128,41,0.264174222946167,0.27303022146224976
qwen-0.6b,das,13,1,0,64,0.001,128,42,0.27303022146224976,0.2689674198627472
qwen-0.6b,das,13,1,0,64,0.001,128,43,0.2689674198627472,0.2678718566894531
qwen-0.6b,das,13,1,0,64,0.001,128,44,0.2678718566894531,0.2578289210796356
qwen-0.6b,das,13,1,0,64,0.001,128,45,0.2578289210796356,0.26125264167785645
qwen-0.6b,das,13,1,0,64,0.001,128,46,0.26125264167785645,0.2574636936187744
qwen-0.6b,das,13,1,0,64,0.001,128,47,0.2574636936187744,0.2592897117137909
qwen-0.6b,das,13,1,0,64,0.001,128,48,0.2592897117137909,0.2502967119216919
qwen-0.6b,das,13,1,0,64,0.001,128,49,0.2502967119216919,0.24258193373680115
qwen-0.6b,das,13,1,0,64,0.001,128,50,0.24258193373680115,0.21354879438877106
qwen-0.6b,das,13,1,0,64,0.001,128,51,0.21354879438877106,0.2329498827457428
qwen-0.6b,das,13,1,0,64,0.001,128,52,0.2329498827457428,0.17523737251758575
qwen-0.6b,das,13,1,0,64,0.001,128,53,0.17523737251758575,0.1328631192445755
qwen-0.6b,das,13,1,0,64,0.001,128,54,0.1328631192445755,0.14024698734283447
qwen-0.6b,das,13,1,0,64,0.001,128,55,0.14024698734283447,0.07243025302886963
qwen-0.6b,das,13,1,0,64,0.001,128,56,0.07243025302886963,0.13925983011722565
qwen-0.6b,das,13,1,0,64,0.001,128,57,0.13925983011722565,0.09809653460979462
qwen-0.6b,das,13,1,0,64,0.001,128,58,0.09809653460979462,0.07215918600559235
qwen-0.6b,das,13,1,0,64,0.001,128,59,0.07215918600559235,0.05410335585474968
qwen-0.6b,das,13,1,0,64,0.001,128,60,0.05410335585474968,0.016755497083067894
qwen-0.6b,das,13,1,0,64,0.001,128,61,0.016755497083067894,0.002006127266213298
qwen-0.6b,das,13,1,0,64,0.001,128,62,0.002006127266213298,-0.032318443059921265
qwen-0.6b,das,13,1,0,64,0.001,128,63,-0.032318443059921265,-0.06786095350980759
qwen-0.6b,das2d,13,2,0,64,0.001,128,0,0.9996803402900696,0.9865333437919617
qwen-0.6b,das2d,13,2,0,64,0.001,128,1,0.9865333437919617,0.9496940970420837
qwen-0.6b,das2d,13,2,0,64,0.001,128,2,0.9496940970420837,0.8965580463409424
qwen-0.6b,das2d,13,2,0,64,0.001,128,3,0.8965580463409424,0.8407285213470459
qwen-0.6b,das2d,13,2,0,64,0.001,128,4,0.8407285213470459,0.7885967493057251
qwen-0.6b,das2d,13,2,0,64,0.001,128,5,0.7885967493057251,0.7410297989845276
qwen-0.6b,das2d,13,2,0,64,0.001,128,6,0.7410297989845276,0.698895275592804
qwen-0.6b,das2d,13,2,0,64,0.001,128,7,0.698895275592804,0.6660275459289551
qwen-0.6b,das2d,13,2,0,64,0.001,128,8,0.6660275459289551,0.6371769905090332
qwen-0.6b,das2d,13,2,0,64,0.001,128,9,0.6371769905090332,0.6075047850608826
qwen-0.6b,das2d,13,2,0,64,0.001,128,10,0.6075047850608826,0.5787455439567566
qwen-0.6b,das2d,13,2,0,64,0.001,128,11,0.5787455439567566,0.547566831111908
qwen-0.6b,das2d,13,2,0,64,0.001,128,12,0.547566831111908,0.5180772542953491
qwen-0.6b,das2d,13,2,0,64,0.001,128,13,0.5180772542953491,0.4911896288394928
qwen-0.6b,das2d,13,2,0,64,0.001,128,14,0.4911896288394928,0.46786266565322876
qwen-0.6b,das2d,13,2,0,64,0.001,128,15,0.46786266565322876,0.44439876079559326
qwen-0.6b,das2d,13,2,0,64,0.001,128,16,0.44439876079559326,0.42120879888534546
qwen-0.6b,das2d,13,2,0,64,0.001,128,17,0.42120879888534546,0.402675062417984
qwen-0.6b,das2d,13,2,0,64,0.001,128,18,0.402675062417984,0.3834565579891205
qwen-0.6b,das2d,13,2,0,64,0.001,128,19,0.3834565579891205,0.3694421350955963
qwen-0.6b,das2d,13,2,0,64,0.001,128,20,0.3694421350955963,0.3529626429080963
qwen-0.6b,das2d,13,2,0,64,0.001,128,21,0.3529626429080963,0.3385830521583557
qwen-0.6b,das2d,13,2,0,64,0.001,128,22,0.3385830521583557,0.3251163959503174
qwen-0.6b,das2d,13,2,0,64,0.001,128,23,0.3251163959503174,0.31201496720314026
qwen-0.6b,das2d,13,2,0,64,0.001,128,24,0.31201496720314026,0.2997809052467346
qwen-0.6b,das2d,13,2,0,64,0.001,128,25,0.2997809052467346,0.2889619469642639
qwen-0.6b,das2d,13,2,0,64,0.001,128,26,0.2889619469642639,0.2802885174751282
qwen-0.6b,das2d,13,2,0,64,0.001,128,27,0.2802885174751282,0.2708846926689148
qwen-0.6b,das2d,13,2,0,64,0.001,128,28,0.2708846926689148,0.2625308334827423
qwen-0.6b,das2d,13,2,0,64,0.001,128,29,0.2625308334827423,0.25559210777282715
qwen-0.6b,das2d,13,2,0,64,0.001,128,30,0.25559210777282715,0.24984022974967957
qwen-0.6b,das2d,13,2,0,64,0.001,128,31,0.24984022974967957,0.24303843080997467
qwen-0.6b,das2d,13,2,0,64,0.001,128,32,0.24303843080997467,0.2373322695493698
qwen-0.6b,das2d,13,2,0,64,0.001,128,33,0.2373322695493698,0.2300739586353302
qwen-0.6b,das2d,13,2,0,64,0.001,128,34,0.2300739586353302,0.22249610722064972
qwen-0.6b,das2d,13,2,0,64,0.001,128,35,0.22249610722064972,0.2156943529844284
qwen-0.6b,das2d,13,2,0,64,0.001,128,36,0.2156943529844284,0.2085273563861847
qwen-0.6b,das2d,13,2,0,64,0.001,128,37,0.2085273563861847,0.20346027612686157
qwen-0.6b,das2d,13,2,0,64,0.001,128,38,0.20346027612686157,0.21395963430404663
qwen-0.6b,das2d,13,2,0,64,0.001,128,39,0.21395963430404663,0.22692416608333588
qwen-0.6b,das2d,13,2,0,64,0.001,128,40,0.22692416608333588,0.2143704742193222
qwen-0.6b,das2d,13,2,0,64,0.001,128,41,0.2143704742193222,0.16662102937698364
qwen-0.6b,das2d,13,2,0,64,0.001,128,42,0.16662102937698364,0.1725098192691803
qwen-0.6b,das2d,13,2,0,64,0.001,128,43,0.1725098192691803,0.12284309417009354
qwen-0.6b,das2d,13,2,0,64,0.001,128,44,0.12284309417009354,0.08579842746257782
qwen-0.6b,das2d,13,2,0,64,0.001,128,45,0.08579842746257782,0.0648566484451294
qwen-0.6b,das2d,13,2,0,64,0.001,128,46,0.0648566484451294,0.057957883924245834
qwen-0.6b,das2d,13,2,0,64,0.001,128,47,0.057957883924245834,-0.0028188235592097044
qwen-0.6b,das2d,13,2,0,64,0.001,128,48,-0.0028188235592097044,-0.03103882074356079
qwen-0.6b,das2d,13,2,0,64,0.001,128,49,-0.03103882074356079,-0.04556537792086601
qwen-0.6b,das2d,13,2,0,64,0.001,128,50,-0.04556537792086601,-0.05191459134221077
qwen-0.6b,das2d,13,2,0,64,0.001,128,51,-0.05191459134221077,-0.09096234291791916
qwen-0.6b,das2d,13,2,0,64,0.001,128,52,-0.09096234291791916,-0.10973237454891205
qwen-0.6b,das2d,13,2,0,64,0.001,128,53,-0.10973237454891205,-0.1398232877254486
qwen-0.6b,das2d,13,2,0,64,0.001,128,54,-0.1398232877254486,-0.14152798056602478
qwen-0.6b,das2d,13,2,0,64,0.001,128,55,-0.14152798056602478,-0.15363940596580505
qwen-0.6b,das2d,13,2,0,64,0.001,128,56,-0.15363940596580505,-0.17222687602043152
qwen-0.6b,das2d,13,2,0,64,0.001,128,57,-0.17222687602043152,-0.1914115697145462
qwen-0.6b,das2d,13,2,0,64,0.001,128,58,-0.1914115697145462,-0.18650031089782715
qwen-0.6b,das2d,13,2,0,64,0.001,128,59,-0.18650031089782715,-0.240287646651268
qwen-0.6b,das2d,13,2,0,64,0.001,128,60,-0.240287646651268,-0.22982493042945862
qwen-0.6b,das2d,13,2,0,64,0.001,128,61,-0.22982493042945862,-0.2355732023715973
qwen-0.6b,das2d,13,2,0,64,0.001,128,62,-0.2355732023715973,-0.25787097215652466
qwen-0.6b,das2d,13,2,0,64,0.001,128,63,-0.25787097215652466,-0.24066029489040375
qwen-0.6b,das3d,13,3,0,64,0.001,128,0,1.0012325048446655,0.9894549250602722
qwen-0.6b,das3d,13,3,0,64,0.001,128,1,0.9894549250602722,0.9552634358406067
qwen-0.6b,das3d,13,3,0,64,0.001,128,2,0.9552634358406067,0.9003012776374817
qwen-0.6b,das3d,13,3,0,64,0.001,128,3,0.9003012776374817,0.8439239859580994
qwen-0.6b,das3d,13,3,0,64,0.001,128,4,0.8439239859580994,0.7899205684661865
qwen-0.6b,das3d,13,3,0,64,0.001,128,5,0.7899205684661865,0.7380626201629639
qwen-0.6b,das3d,13,3,0,64,0.001,128,6,0.7380626201629639,0.6916369795799255
qwen-0.6b,das3d,13,3,0,64,0.001,128,7,0.6916369795799255,0.6581301689147949
qwen-0.6b,das3d,13,3,0,64,0.001,128,8,0.6581301689147949,0.6276362538337708
qwen-0.6b,das3d,13,3,0,64,0.001,128,9,0.6276362538337708,0.596548855304718
qwen-0.6b,das3d,13,3,0,64,0.001,128,10,0.596548855304718,0.5611704587936401
qwen-0.6b,das3d,13,3,0,64,0.001,128,11,0.5611704587936401,0.5288505554199219
qwen-0.6b,das3d,13,3,0,64,0.001,128,12,0.5288505554199219,0.49602848291397095
qwen-0.6b,das3d,13,3,0,64,0.001,128,13,0.49602848291397095,0.4664018750190735
qwen-0.6b,das3d,13,3,0,64,0.001,128,14,0.4664018750190735,0.4392860531806946
qwen-0.6b,das3d,13,3,0,64,0.001,128,15,0.4392860531806946,0.4155938923358917
qwen-0.6b,das3d,13,3,0,64,0.001,128,16,0.4155938923358917,0.39181044697761536
qwen-0.6b,das3d,13,3,0,64,0.001,128,17,0.39181044697761536,0.3690769672393799
qwen-0.6b,das3d,13,3,0,64,0.001,128,18,0.3690769672393799,0.35072582960128784
qwen-0.6b,das3d,13,3,0,64,0.001,128,19,0.35072582960128784,0.33433759212493896
qwen-0.6b,das3d,13,3,0,64,0.001,128,20,0.33433759212493896,0.3202318847179413
qwen-0.6b,das3d,13,3,0,64,0.001,128,21,0.3202318847179413,0.30539578199386597
qwen-0.6b,das3d,13,3,0,64,0.001,128,22,0.30539578199386597,0.2911074459552765
qwen-0.6b,das3d,13,3,0,64,0.001,128,23,0.2911074459552765,0.27964940667152405
qwen-0.6b,das3d,13,3,0,64,0.001,128,24,0.27964940667152405,0.2668675184249878
qwen-0.6b,das3d,13,3,0,64,0.001,128,25,0.2668675184249878,0.25828540325164795
qwen-0.6b,das3d,13,3,0,64,0.001,128,26,0.25828540325164795,0.24883593618869781
qwen-0.6b,das3d,13,3,0,64,0.001,128,27,0.24883593618869781,0.23902127146720886
qwen-0.6b,das3d,13,3,0,64,0.001,128,28,0.23902127146720886,0.23062172532081604
qwen-0.6b,das3d,13,3,0,64,0.001,128,29,0.23062172532081604,0.22185702621936798
qwen-0.6b,das3d,13,3,0,64,0.001,128,30,0.22185702621936798,0.21546606719493866
qwen-0.6b,das3d,13,3,0,64,0.001,128,31,0.21546606719493866,0.205560103058815
qwen-0.6b,das3d,13,3,0,64,0.001,128,32,0.205560103058815,0.19547154009342194
qwen-0.6b,das3d,13,3,0,64,0.001,128,33,0.19547154009342194,0.18492648005485535
qwen-0.6b,das3d,13,3,0,64,0.001,128,34,0.18492648005485535,0.16748835146427155
qwen-0.6b,das3d,13,3,0,64,0.001,128,35,0.16748835146427155,0.14039534330368042
qwen-0.6b,das3d,13,3,0,64,0.001,128,36,0.14039534330368042,0.07932757586240768
qwen-0.6b,das3d,13,3,0,64,0.001,128,37,0.07932757586240768,0.06557566672563553
qwen-0.6b,das3d,13,3,0,64,0.001,128,38,0.06557566672563553,0.05660548806190491
qwen-0.6b,das3d,13,3,0,64,0.001,128,39,0.05660548806190491,0.05849995091557503
qwen-0.6b,das3d,13,3,0,64,0.001,128,40,0.05849995091557503,0.00588316610082984
qwen-0.6b,das3d,13,3,0,64,0.001,128,41,0.00588316610082984,-0.06201599910855293
qwen-0.6b,das3d,13,3,0,64,0.001,128,42,-0.06201599910855293,-0.09369857609272003
qwen-0.6b,das3d,13,3,0,64,0.001,128,43,-0.09369857609272003,-0.0766371637582779
qwen-0.6b,das3d,13,3,0,64,0.001,128,44,-0.0766371637582779,-0.11306867003440857
qwen-0.6b,das3d,13,3,0,64,0.001,128,45,-0.11306867003440857,-0.12134266644716263
qwen-0.6b,das3d,13,3,0,64,0.001,128,46,-0.12134266644716263,-0.1672614961862564
qwen-0.6b,das3d,13,3,0,64,0.001,128,47,-0.1672614961862564,-0.1470900923013687
qwen-0.6b,das3d,13,3,0,64,0.001,128,48,-0.1470900923013687,-0.20941825211048126
qwen-0.6b,das3d,13,3,0,64,0.001,128,49,-0.20941825211048126,-0.16363483667373657
qwen-0.6b,das3d,13,3,0,64,0.001,128,50,-0.16363483667373657,-0.1970827877521515
qwen-0.6b,das3d,13,3,0,64,0.001,128,51,-0.1970827877521515,-0.2464984506368637
qwen-0.6b,das3d,13,3,0,64,0.001,128,52,-0.2464984506368637,-0.20001330971717834
qwen-0.6b,das3d,13,3,0,64,0.001,128,53,-0.20001330971717834,-0.22517016530036926
qwen-0.6b,das3d,13,3,0,64,0.001,128,54,-0.22517016530036926,-0.2516508102416992
qwen-0.6b,das3d,13,3,0,64,0.001,128,55,-0.2516508102416992,-0.27692222595214844
qwen-0.6b,das3d,13,3,0,64,0.001,128,56,-0.27692222595214844,-0.32195475697517395
qwen-0.6b,das3d,13,3,0,64,0.001,128,57,-0.32195475697517395,-0.33620062470436096
qwen-0.6b,das3d,13,3,0,64,0.001,128,58,-0.33620062470436096,-0.2913738787174225
qwen-0.6b,das3d,13,3,0,64,0.001,128,59,-0.2913738787174225,-0.3617790639400482
qwen-0.6b,das3d,13,3,0,64,0.001,128,60,-0.3617790639400482,-0.3512418568134308
qwen-0.6b,das3d,13,3,0,64,0.001,128,61,-0.3512418568134308,-0.3508923649787903
qwen-0.6b,das3d,13,3,0,64,0.001,128,62,-0.3508923649787903,-0.35914531350135803
qwen-0.6b,das3d,13,3,0,64,0.001,128,63,-0.35914531350135803,-0.3929617702960968
qwen-0.6b,das,14,1,0,64,0.001,128,0,0.9994065761566162,0.9877658486366272
qwen-0.6b,das,14,1,0,64,0.001,128,1,0.9877658486366272,0.9477768540382385
qwen-0.6b,das,14,1,0,64,0.001,128,2,0.9477768540382385,0.8925864696502686
qwen-0.6b,das,14,1,0,64,0.001,128,3,0.8925864696502686,0.8378069400787354
qwen-0.6b,das,14,1,0,64,0.001,128,4,0.8378069400787354,0.7917008399963379
qwen-0.6b,das,14,1,0,64,0.001,128,5,0.7917008399963379,0.7583310008049011
qwen-0.6b,das,14,1,0,64,0.001,128,6,0.7583310008049011,0.7338628172874451
qwen-0.6b,das,14,1,0,64,0.001,128,7,0.7338628172874451,0.717428982257843
qwen-0.6b,das,14,1,0,64,0.001,128,8,0.717428982257843,0.700995147228241
qwen-0.6b,das,14,1,0,64,0.001,128,9,0.700995147228241,0.686752438545227
qwen-0.6b,das,14,1,0,64,0.001,128,10,0.686752438545227,0.6657993197441101
qwen-0.6b,das,14,1,0,64,0.001,128,11,0.6657993197441101,0.6410115957260132
qwen-0.6b,das,14,1,0,64,0.001,128,12,0.6410115957260132,0.6162695288658142
qwen-0.6b,das,14,1,0,64,0.001,128,13,0.6162695288658142,0.5879667401313782
qwen-0.6b,das,14,1,0,64,0.001,128,14,0.5879667401313782,0.5592531561851501
qwen-0.6b,das,14,1,0,64,0.001,128,15,0.5592531561851501,0.534830629825592
qwen-0.6b,das,14,1,0,64,0.001,128,16,0.534830629825592,0.5140600800514221
qwen-0.6b,das,14,1,0,64,0.001,128,17,0.5140600800514221,0.4953894019126892
qwen-0.6b,das,14,1,0,64,0.001,128,18,0.4953894019126892,0.47649043798446655
qwen-0.6b,das,14,1,0,64,0.001,128,19,0.47649043798446655,0.4595544636249542
qwen-0.6b,das,14,1,0,64,0.001,128,20,0.4595544636249542,0.44316625595092773
qwen-0.6b,das,14,1,0,64,0.001,128,21,0.44316625595092773,0.42627590894699097
qwen-0.6b,das,14,1,0,64,0.001,128,22,0.42627590894699097,0.41203323006629944
qwen-0.6b,das,14,1,0,64,0.001,128,23,0.41203323006629944,0.3954167366027832
qwen-0.6b,das,14,1,0,64,0.001,128,24,0.3954167366027832,0.38039806485176086
qwen-0.6b,das,14,1,0,64,0.001,128,25,0.38039806485176086,0.3685748279094696
qwen-0.6b,das,14,1,0,64,0.001,128,26,0.3685748279094696,0.356705904006958
qwen-0.6b,das,14,1,0,64,0.001,128,27,0.356705904006958,0.345384806394577
qwen-0.6b,das,14,1,0,64,0.001,128,28,0.345384806394577,0.33671140670776367
qwen-0.6b,das,14,1,0,64,0.001,128,29,0.33671140670776367,0.32780972123146057
qwen-0.6b,das,14,1,0,64,0.001,128,30,0.32780972123146057,0.3214644193649292
qwen-0.6b,das,14,1,0,64,0.001,128,31,0.3214644193649292,0.31228888034820557
qwen-0.6b,das,14,1,0,64,0.001,128,32,0.31228888034820557,0.3043458163738251
qwen-0.6b,das,14,1,0,64,0.001,128,33,0.3043458163738251,0.29804620146751404
qwen-0.6b,das,14,1,0,64,0.001,128,34,0.29804620146751404,0.2933899462223053
qwen-0.6b,das,14,1,0,64,0.001,128,35,0.2933899462223053,0.28786635398864746
qwen-0.6b,das,14,1,0,64,0.001,128,36,0.28786635398864746,0.282981812953949
qwen-0.6b,das,14,1,0,64,0.001,128,37,0.282981812953949,0.2805623710155487
qwen-0.6b,das,14,1,0,64,0.001,128,38,0.2805623710155487,0.2775038778781891
qwen-0.6b,das,14,1,0,64,0.001,128,39,0.2775038778781891,0.2739432454109192
qwen-0.6b,das,14,1,0,64,0.001,128,40,0.2739432454109192,0.27170637249946594
qwen-0.6b,das,14,1,0,64,0.001,128,41,0.27170637249946594,0.2707020938396454
qwen-0.6b,das,14,1,0,64,0.001,128,42,0.2707020938396454,0.2700173556804657
qwen-0.6b,das,14,1,0,64,0.001,128,43,0.2700173556804657,0.268373966217041
qwen-0.6b,das,14,1,0,64,0.001,128,44,0.268373966217041,0.2663196921348572
qwen-0.6b,das,14,1,0,64,0.001,128,45,0.2663196921348572,0.2656806409358978
qwen-0.6b,das,14,1,0,64,0.001,128,46,0.2656806409358978,0.2653154730796814
qwen-0.6b,das,14,1,0,64,0.001,128,47,0.2653154730796814,0.26335251331329346
qwen-0.6b,das,14,1,0,64,0.001,128,48,0.26335251331329346,0.26472198963165283
qwen-0.6b,das,14,1,0,64,0.001,128,49,0.26472198963165283,0.2640829086303711
qwen-0.6b,das,14,1,0,64,0.001,128,50,0.2640829086303711,0.2636720538139343
qwen-0.6b,das,14,1,0,64,0.001,128,51,0.2636720538139343,0.26193737983703613
qwen-0.6b,das,14,1,0,64,0.001,128,52,0.26193737983703613,0.262439489364624
qwen-0.6b,das,14,1,0,64,0.001,128,53,0.262439489364624,0.2593809962272644
qwen-0.6b,das,14,1,0,64,0.001,128,54,0.2593809962272644,0.25645938515663147
qwen-0.6b,das,14,1,0,64,0.001,128,55,0.25645938515663147,0.25618547201156616
qwen-0.6b,das,14,1,0,64,0.001,128,56,0.25618547201156616,0.25426822900772095
qwen-0.6b,das,14,1,0,64,0.001,128,57,0.25426822900772095,0.2544964849948883
qwen-0.6b,das,14,1,0,64,0.001,128,58,0.2544964849948883,0.26134392619132996
qwen-0.6b,das,14,1,0,64,0.001,128,59,0.26134392619132996,0.2761344015598297
qwen-0.6b,das,14,1,0,64,0.001,128,60,0.2761344015598297,0.2573724091053009
qwen-0.6b,das,14,1,0,64,0.001,128,61,0.2573724091053009,0.2720259428024292
qwen-0.6b,das,14,1,0,64,0.001,128,62,0.2720259428024292,0.23308683931827545
qwen-0.6b,das,14,1,0,64,0.001,128,63,0.23308683931827545,0.18337440490722656
qwen-0.6b,das2d,14,2,0,64,0.001,128,0,0.9994978904724121,0.989820122718811
qwen-0.6b,das2d,14,2,0,64,0.001,128,1,0.989820122718811,0.9515200853347778
qwen-0.6b,das2d,14,2,0,64,0.001,128,2,0.9515200853347778,0.8958276510238647
qwen-0.6b,das2d,14,2,0,64,0.001,128,3,0.8958276510238647,0.8373504877090454
qwen-0.6b,das2d,14,2,0,64,0.001,128,4,0.8373504877090454,0.7865424752235413
qwen-0.6b,das2d,14,2,0,64,0.001,128,5,0.7865424752235413,0.7450013756752014
qwen-0.6b,das2d,14,2,0,64,0.001,128,6,0.7450013756752014,0.7152834534645081
qwen-0.6b,das2d,14,2,0,64,0.001,128,7,0.7152834534645081,0.6930977702140808
qwen-0.6b,das2d,14,2,0,64,0.001,128,8,0.6930977702140808,0.6720076203346252
qwen-0.6b,das2d,14,2,0,64,0.001,128,9,0.6720076203346252,0.6470829844474792
qwen-0.6b,das2d,14,2,0,64,0.001,128,10,0.6470829844474792,0.6157217025756836
qwen-0.6b,das2d,14,2,0,64,0.001,128,11,0.6157217025756836,0.5809823870658875
qwen-0.6b,das2d,14,2,0,64,0.001,128,12,0.5809823870658875,0.5444170236587524
qwen-0.6b,das2d,14,2,0,64,0.001,128,13,0.5444170236587524,0.5104537606239319
qwen-0.6b,das2d,14,2,0,64,0.001,128,14,0.5104537606239319,0.4807358384132385
qwen-0.6b,das2d,14,2,0,64,0.001,128,15,0.4807358384132385,0.4573633074760437
qwen-0.6b,das2d,14,2,0,64,0.001,128,16,0.4573633074760437,0.43636444211006165
qwen-0.6b,das2d,14,2,0,64,0.001,128,17,0.43636444211006165,0.41463524103164673
qwen-0.6b,das2d,14,2,0,64,0.001,128,18,0.41463524103164673,0.3954624533653259
qwen-0.6b,das2d,14,2,0,64,0.001,128,19,0.3954624533653259,0.37601572275161743
qwen-0.6b,das2d,14,2,0,64,0.001,128,20,0.37601572275161743,0.35615813732147217
qwen-0.6b,das2d,14,2,0,64,0.001,128,21,0.35615813732147217,0.3410937786102295
qwen-0.6b,das2d,14,2,0,64,0.001,128,22,0.3410937786102295,0.32283392548561096
qwen-0.6b,das2d,14,2,0,64,0.001,128,23,0.32283392548561096,0.3072673976421356
qwen-0.6b,das2d,14,2,0,64,0.001,128,24,0.3072673976421356,0.29343557357788086
qwen-0.6b,das2d,14,2,0,64,0.001,128,25,0.29343557357788086,0.28184056282043457
qwen-0.6b,das2d,14,2,0,64,0.001,128,26,0.28184056282043457,0.2701086699962616
qwen-0.6b,das2d,14,2,0,64,0.001,128,27,0.2701086699962616,0.26316991448402405
qwen-0.6b,das2d,14,2,0,64,0.001,128,28,0.26316991448402405,0.2522140145301819
qwen-0.6b,das2d,14,2,0,64,0.001,128,29,0.2522140145301819,0.24532091617584229
qwen-0.6b,das2d,14,2,0,64,0.001,128,30,0.24532091617584229,0.23961474001407623
qwen-0.6b,das2d,14,2,0,64,0.001,128,31,0.23961474001407623,0.2349584847688675
qwen-0.6b,das2d,14,2,0,64,0.001,128,32,0.2349584847688675,0.23021091520786285
qwen-0.6b,das2d,14,2,0,64,0.001,128,33,0.23021091520786285,0.22669589519500732
qwen-0.6b,das2d,14,2,0,64,0.001,128,34,0.22669589519500732,0.22199398279190063
qwen-0.6b,das2d,14,2,0,64,0.001,128,35,0.22199398279190063,0.2203962206840515
qwen-0.6b,das2d,14,2,0,64,0.001,128,36,0.2203962206840515,0.22035060822963715
qwen-0.6b,das2d,14,2,0,64,0.001,128,37,0.22035060822963715,0.21697252988815308
qwen-0.6b,das2d,14,2,0,64,0.001,128,38,0.21697252988815308,0.2164703607559204
qwen-0.6b,das2d,14,2,0,64,0.001,128,39,0.2164703607559204,0.21487262845039368
qwen-0.6b,das2d,14,2,0,64,0.001,128,40,0.21487262845039368,0.21249884366989136
qwen-0.6b,das2d,14,2,0,64,0.001,128,41,0.21249884366989136,0.20807085931301117
qwen-0.6b,das2d,14,2,0,64,0.001,128,42,0.20807085931301117,0.20405368506908417
qwen-0.6b,das2d,14,2,0,64,0.001,128,43,0.20405368506908417,0.19277824461460114
qwen-0.6b,das2d,14,2,0,64,0.001,128,44,0.19277824461460114,0.1322697103023529
qwen-0.6b,das2d,14,2,0,64,0.001,128,45,0.1322697103023529,0.08811511844396591
qwen-0.6b,das2d,14,2,0,64,0.001,128,46,0.08811511844396591,0.055661141872406006
qwen-0.6b,das2d,14,2,0,64,0.001,128,47,0.055661141872406006,0.08123349398374557
qwen-0.6b,das2d,14,2,0,64,0.001,128,48,0.08123349398374557,0.027207080274820328
qwen-0.6b,das2d,14,2,0,64,0.001,128,49,0.027207080274820328,-0.02618575282394886
qwen-0.6b,das2d,14,2,0,64,0.001,128,50,-0.02618575282394886,-0.09391509741544724
qwen-0.6b,das2d,14,2,0,64,0.001,128,51,-0.09391509741544724,-0.1375853717327118
qwen-0.6b,das2d,14,2,0,64,0.001,128,52,-0.1375853717327118,-0.19675299525260925
qwen-0.6b,das2d,14,2,0,64,0.001,128,53,-0.19675299525260925,-0.19335730373859406
qwen-0.6b,das2d,14,2,0,64,0.001,128,54,-0.19335730373859406,-0.14542989432811737
qwen-0.6b,das2d,14,2,0,64,0.001,128,55,-0.14542989432811737,-0.11327662318944931
qwen-0.6b,das2d,14,2,0,64,0.001,128,56,-0.11327662318944931,-0.13215483725070953
qwen-0.6b,das2d,14,2,0,64,0.001,128,57,-0.13215483725070953,-0.2094588726758957
qwen-0.6b,das2d,14,2,0,64,0.001,128,58,-0.2094588726758957,-0.17141634225845337
qwen-0.6b,das2d,14,2,0,64,0.001,128,59,-0.17141634225845337,-0.24407978355884552
qwen-0.6b,das2d,14,2,0,64,0.001,128,60,-0.24407978355884552,-0.18363073468208313
qwen-0.6b,das2d,14,2,0,64,0.001,128,61,-0.18363073468208313,-0.23530517518520355
qwen-0.6b,das2d,14,2,0,64,0.001,128,62,-0.23530517518520355,-0.2393544465303421
qwen-0.6b,das2d,14,2,0,64,0.001,128,63,-0.2393544465303421,-0.27511265873908997
qwen-0.6b,das3d,14,3,0,64,0.001,128,0,1.000410795211792,0.9899113774299622
qwen-0.6b,das3d,14,3,0,64,0.001,128,1,0.9899113774299622,0.9508352875709534
qwen-0.6b,das3d,14,3,0,64,0.001,128,2,0.9508352875709534,0.8948233127593994
qwen-0.6b,das3d,14,3,0,64,0.001,128,3,0.8948233127593994,0.8314616680145264
qwen-0.6b,das3d,14,3,0,64,0.001,128,4,0.8314616680145264,0.7749931216239929
qwen-0.6b,das3d,14,3,0,64,0.001,128,5,0.7749931216239929,0.7284762263298035
qwen-0.6b,das3d,14,3,0,64,0.001,128,6,0.7284762263298035,0.692686915397644
qwen-0.6b,das3d,14,3,0,64,0.001,128,7,0.692686915397644,0.6686295866966248
qwen-0.6b,das3d,14,3,0,64,0.001,128,8,0.6686295866966248,0.6416506767272949
qwen-0.6b,das3d,14,3,0,64,0.001,128,9,0.6416506767272949,0.6077786684036255
qwen-0.6b,das3d,14,3,0,64,0.001,128,10,0.6077786684036255,0.5657810568809509
qwen-0.6b,das3d,14,3,0,64,0.001,128,11,0.5657810568809509,0.5249703526496887
qwen-0.6b,das3d,14,3,0,64,0.001,128,12,0.5249703526496887,0.48644205927848816
qwen-0.6b,das3d,14,3,0,64,0.001,128,13,0.48644205927848816,0.4553546905517578
qwen-0.6b,das3d,14,3,0,64,0.001,128,14,0.4553546905517578,0.42696067690849304
qwen-0.6b,das3d,14,3,0,64,0.001,128,15,0.42696067690849304,0.4031772315502167
qwen-0.6b,das3d,14,3,0,64,0.001,128,16,0.4031772315502167,0.38231536746025085
qwen-0.6b,das3d,14,3,0,64,0.001,128,17,0.38231536746025085,0.3621838688850403
qwen-0.6b,das3d,14,3,0,64,0.001,128,18,0.3621838688850403,0.3431023061275482
qwen-0.6b,das3d,14,3,0,64,0.001,128,19,0.3431023061275482,0.32388386130332947
qwen-0.6b,das3d,14,3,0,64,0.001,128,20,0.32388386130332947,0.30635446310043335
qwen-0.6b,das3d,14,3,0,64,0.001,128,21,0.30635446310043335,0.2899205684661865
qwen-0.6b,das3d,14,3,0,64,0.001,128,22,0.2899205684661865,0.27608874440193176
qwen-0.6b,das3d,14,3,0,64,0.001,128,23,0.27608874440193176,0.2636263966560364
qwen-0.6b,das3d,14,3,0,64,0.001,128,24,0.2636263966560364,0.25148358941078186
qwen-0.6b,das3d,14,3,0,64,0.001,128,25,0.25148358941078186,0.24198850989341736
qwen-0.6b,das3d,14,3,0,64,0.001,128,26,0.24198850989341736,0.23514102399349213
qwen-0.6b,das3d,14,3,0,64,0.001,128,27,0.23514102399349213,0.2262393981218338
qwen-0.6b,das3d,14,3,0,64,0.001,128,28,0.2262393981218338,0.2205788642168045
qwen-0.6b,das3d,14,3,0,64,0.001,128,29,0.2205788642168045,0.2057427316904068
qwen-0.6b,das3d,14,3,0,64,0.001,128,30,0.2057427316904068,0.16500048339366913
qwen-0.6b,das3d,14,3,0,64,0.001,128,31,0.16500048339366913,0.10817815363407135
qwen-0.6b,das3d,14,3,0,64,0.001,128,32,0.10817815363407135,0.017826208844780922
qwen-0.6b,das3d,14,3,0,64,0.001,128,33,0.017826208844780922,-0.049328628927469254
qwen-0.6b,das3d,14,3,0,64,0.001,128,34,-0.049328628927469254,-0.08460792154073715
qwen-0.6b,das3d,14,3,0,64,0.001,128,35,-0.08460792154073715,-0.12681737542152405
qwen-0.6b,das3d,14,3,0,64,0.001,128,36,-0.12681737542152405,-0.10795842856168747
qwen-0.6b,das3d,14,3,0,64,0.001,128,37,-0.10795842856168747,-0.15987198054790497
qwen-0.6b,das3d,14,3,0,64,0.001,128,38,-0.15987198054790497,-0.18708667159080505
qwen-0.6b,das3d,14,3,0,64,0.001,128,39,-0.18708667159080505,-0.23857863247394562
qwen-0.6b,das3d,14,3,0,64,0.001,128,40,-0.23857863247394562,-0.1691751927137375
qwen-0.6b,das3d,14,3,0,64,0.001,128,41,-0.1691751927137375,-0.2411760836839676
qwen-0.6b,das3d,14,3,0,64,0.001,128,42,-0.2411760836839676,-0.24339593946933746
qwen-0.6b,das3d,14,3,0,64,0.001,128,43,-0.24339593946933746,-0.2399343103170395
qwen-0.6b,das3d,14,3,0,64,0.001,128,44,-0.2399343103170395,-0.3077549338340759
qwen-0.6b,das3d,14,3,0,64,0.001,128,45,-0.3077549338340759,-0.3399071991443634
qwen-0.6b,das3d,14,3,0,64,0.001,128,46,-0.3399071991443634,-0.32890740036964417
qwen-0.6b,das3d,14,3,0,64,0.001,128,47,-0.32890740036964417,-0.37665456533432007
qwen-0.6b,das3d,14,3,0,64,0.001,128,48,-0.37665456533432007,-0.42043787240982056
qwen-0.6b,das3d,14,3,0,64,0.001,128,49,-0.42043787240982056,-0.4487740397453308
qwen-0.6b,das3d,14,3,0,64,0.001,128,50,-0.4487740397453308,-0.40272948145866394
qwen-0.6b,das3d,14,3,0,64,0.001,128,51,-0.40272948145866394,-0.45944321155548096
qwen-0.6b,das3d,14,3,0,64,0.001,128,52,-0.45944321155548096,-0.47131142020225525
qwen-0.6b,das3d,14,3,0,64,0.001,128,53,-0.47131142020225525,-0.48740634322166443
qwen-0.6b,das3d,14,3,0,64,0.001,128,54,-0.48740634322166443,-0.48838087916374207
qwen-0.6b,das3d,14,3,0,64,0.001,128,55,-0.48838087916374207,-0.5304738879203796
qwen-0.6b,das3d,14,3,0,64,0.001,128,56,-0.5304738879203796,-0.5615628957748413
qwen-0.6b,das3d,14,3,0,64,0.001,128,57,-0.5615628957748413,-0.5594322085380554
qwen-0.6b,das3d,14,3,0,64,0.001,128,58,-0.5594322085380554,-0.5688926577568054
qwen-0.6b,das3d,14,3,0,64,0.001,128,59,-0.5688926577568054,-0.5301012992858887
qwen-0.6b,das3d,14,3,0,64,0.001,128,60,-0.5301012992858887,-0.5912357568740845
qwen-0.6b,das3d,14,3,0,64,0.001,128,61,-0.5912357568740845,-0.5832099914550781
qwen-0.6b,das3d,14,3,0,64,0.001,128,62,-0.5832099914550781,-0.5518379211425781
qwen-0.6b,das3d,14,3,0,64,0.001,128,63,-0.5518379211425781,-0.6261608600616455
qwen-0.6b,das,15,1,0,64,0.001,128,0,0.9986305236816406,0.9831096529960632
qwen-0.6b,das,15,1,0,64,0.001,128,1,0.9831096529960632,0.9391490817070007
qwen-0.6b,das,15,1,0,64,0.001,128,2,0.9391490817070007,0.8798045516014099
qwen-0.6b,das,15,1,0,64,0.001,128,3,0.8798045516014099,0.8228795528411865
qwen-0.6b,das,15,1,0,64,0.001,128,4,0.8228795528411865,0.7790102958679199
qwen-0.6b,das,15,1,0,64,0.001,128,5,0.7790102958679199,0.7503423690795898
qwen-0.6b,das,15,1,0,64,0.001,128,6,0.7503423690795898,0.7354149222373962
qwen-0.6b,das,15,1,0,64,0.001,128,7,0.7354149222373962,0.7228612899780273
qwen-0.6b,das,15,1,0,64,0.001,128,8,0.7228612899780273,0.7077056169509888
qwen-0.6b,das,15,1,0,64,0.001,128,9,0.7077056169509888,0.6935086250305176
qwen-0.6b,das,15,1,0,64,0.001,128,10,0.6935086250305176,0.676207423210144
qwen-0.6b,das,15,1,0,64,0.001,128,11,0.676207423210144,0.6553455591201782
qwen-0.6b,das,15,1,0,64,0.001,128,12,0.6553455591201782,0.6348488926887512
qwen-0.6b,das,15,1,0,64,0.001,128,13,0.6348488926887512,0.6131653189659119
qwen-0.6b,das,15,1,0,64,0.001,128,14,0.6131653189659119,0.5904775261878967
qwen-0.6b,das,15,1,0,64,0.001,128,15,0.5904775261878967,0.569935142993927
qwen-0.6b,das,15,1,0,64,0.001,128,16,0.569935142993927,0.5458778142929077
qwen-0.6b,das,15,1,0,64,0.001,128,17,0.5458778142929077,0.526613712310791
qwen-0.6b,das,15,1,0,64,0.001,128,18,0.526613712310791,0.5093581676483154
qwen-0.6b,das,15,1,0,64,0.001,128,19,0.5093581676483154,0.49324384331703186
qwen-0.6b,das,15,1,0,64,0.001,128,20,0.49324384331703186,0.47772300243377686
qwen-0.6b,das,15,1,0,64,0.001,128,21,0.47772300243377686,0.46060439944267273
qwen-0.6b,das,15,1,0,64,0.001,128,22,0.46060439944267273,0.4433945119380951
qwen-0.6b,das,15,1,0,64,0.001,128,23,0.4433945119380951,0.4271432161331177
qwen-0.6b,das,15,1,0,64,0.001,128,24,0.4271432161331177,0.4081530272960663
qwen-0.6b,das,15,1,0,64,0.001,128,25,0.4081530272960663,0.3914908766746521
qwen-0.6b,das,15,1,0,64,0.001,128,26,0.3914908766746521,0.37619829177856445
qwen-0.6b,das,15,1,0,64,0.001,128,27,0.37619829177856445,0.36295992136001587
qwen-0.6b,das,15,1,0,64,0.001,128,28,0.36295992136001587,0.35414955019950867
qwen-0.6b,das,15,1,0,64,0.001,128,29,0.35414955019950867,0.3445631265640259
qwen-0.6b,das,15,1,0,64,0.001,128,30,0.3445631265640259,0.33547887206077576
qwen-0.6b,das,15,1,0,64,0.001,128,31,0.33547887206077576,0.3257555067539215
qwen-0.6b,das,15,1,0,64,0.001,128,32,0.3257555067539215,0.3169451355934143
qwen-0.6b,das,15,1,0,64,0.001,128,33,0.3169451355934143,0.3097781538963318
qwen-0.6b,das,15,1,0,64,0.001,128,34,0.3097781538963318,0.30311328172683716
qwen-0.6b,das,15,1,0,64,0.001,128,35,0.30311328172683716,0.29772666096687317
qwen-0.6b,das,15,1,0,64,0.001,128,36,0.29772666096687317,0.2942572832107544
qwen-0.6b,das,15,1,0,64,0.001,128,37,0.2942572832107544,0.29083356261253357
qwen-0.6b,das,15,1,0,64,0.001,128,38,0.29083356261253357,0.28471651673316956
qwen-0.6b,das,15,1,0,64,0.001,128,39,0.28471651673316956,0.28115585446357727
qwen-0.6b,das,15,1,0,64,0.001,128,40,0.28115585446357727,0.279466837644577
qwen-0.6b,das,15,1,0,64,0.001,128,41,0.279466837644577,0.27832555770874023
qwen-0.6b,das,15,1,0,64,0.001,128,42,0.27832555770874023,0.27608877420425415
qwen-0.6b,das,15,1,0,64,0.001,128,43,0.27608877420425415,0.2756779193878174
qwen-0.6b,das,15,1,0,64,0.001,128,44,0.2756779193878174,0.2739432156085968
qwen-0.6b,das,15,1,0,64,0.001,128,45,0.2739432156085968,0.2723454535007477
qwen-0.6b,das,15,1,0,64,0.001,128,46,0.2723454535007477,0.2722085416316986
qwen-0.6b,das,15,1,0,64,0.001,128,47,0.2722085416316986,0.2709760069847107
qwen-0.6b,das,15,1,0,64,0.001,128,48,0.2709760069847107,0.2719346284866333
qwen-0.6b,das,15,1,0,64,0.001,128,49,0.2719346284866333,0.27161508798599243
qwen-0.6b,das,15,1,0,64,0.001,128,50,0.27161508798599243,0.27152377367019653
qwen-0.6b,das,15,1,0,64,0.001,128,51,0.27152377367019653,0.27303022146224976
qwen-0.6b,das,15,1,0,64,0.001,128,52,0.27303022146224976,0.2734410762786865
qwen-0.6b,das,15,1,0,64,0.001,128,53,0.2734410762786865,0.272391140460968
qwen-0.6b,das,15,1,0,64,0.001,128,54,0.272391140460968,0.27161505818367004
qwen-0.6b,das,15,1,0,64,0.001,128,55,0.27161505818367004,0.2725280523300171
qwen-0.6b,das,15,1,0,64,0.001,128,56,0.2725280523300171,0.2718433141708374
qwen-0.6b,das,15,1,0,64,0.001,128,57,0.2718433141708374,0.2720259130001068
qwen-0.6b,das,15,1,0,64,0.001,128,58,0.2720259130001068,0.2725280523300171
qwen-0.6b,das,15,1,0,64,0.001,128,59,0.2725280523300171,0.2719346284866333
qwen-0.6b,das,15,1,0,64,0.001,128,60,0.2719346284866333,0.2721172571182251
qwen-0.6b,das,15,1,0,64,0.001,128,61,0.2721172571182251,0.2717520594596863
qwen-0.6b,das,15,1,0,64,0.001,128,62,0.2717520594596863,0.2720259428024292
qwen-0.6b,das,15,1,0,64,0.001,128,63,0.2720259428024292,0.2724367678165436
qwen-0.6b,das2d,15,2,0,64,0.001,128,0,0.9984022378921509,0.9845247268676758
qwen-0.6b,das2d,15,2,0,64,0.001,128,1,0.9845247268676758,0.9434400796890259
qwen-0.6b,das2d,15,2,0,64,0.001,128,2,0.9434400796890259,0.8840500116348267
qwen-0.6b,das2d,15,2,0,64,0.001,128,3,0.8840500116348267,0.8248425126075745
qwen-0.6b,das2d,15,2,0,64,0.001,128,4,0.8248425126075745,0.7784168720245361
qwen-0.6b,das2d,15,2,0,64,0.001,128,5,0.7784168720245361,0.7485619783401489
qwen-0.6b,das2d,15,2,0,64,0.001,128,6,0.7485619783401489,0.7307587265968323
qwen-0.6b,das2d,15,2,0,64,0.001,128,7,0.7307587265968323,0.7180681228637695
qwen-0.6b,das2d,15,2,0,64,0.001,128,8,0.7180681228637695,0.701177716255188
qwen-0.6b,das2d,15,2,0,64,0.001,128,9,0.701177716255188,0.6823244690895081
qwen-0.6b,das2d,15,2,0,64,0.001,128,10,0.6823244690895081,0.6592257618904114
qwen-0.6b,das2d,15,2,0,64,0.001,128,11,0.6592257618904114,0.6355792880058289
qwen-0.6b,das2d,15,2,0,64,0.001,128,12,0.6355792880058289,0.6080068945884705
qwen-0.6b,das2d,15,2,0,64,0.001,128,13,0.6080068945884705,0.5797041654586792
qwen-0.6b,das2d,15,2,0,64,0.001,128,14,0.5797041654586792,0.5498949885368347
qwen-0.6b,das2d,15,2,0,64,0.001,128,15,0.5498949885368347,0.5226878523826599
qwen-0.6b,das2d,15,2,0,64,0.001,128,16,0.5226878523826599,0.49689584970474243
qwen-0.6b,das2d,15,2,0,64,0.001,128,17,0.49689584970474243,0.4757600426673889
qwen-0.6b,das2d,15,2,0,64,0.001,128,18,0.4757600426673889,0.45416778326034546
qwen-0.6b,das2d,15,2,0,64,0.001,128,19,0.45416778326034546,0.4342189431190491
qwen-0.6b,das2d,15,2,0,64,0.001,128,20,0.4342189431190491,0.41605040431022644
qwen-0.6b,das2d,15,2,0,64,0.001,128,21,0.41605040431022644,0.39486896991729736
qwen-0.6b,das2d,15,2,0,64,0.001,128,22,0.39486896991729736,0.37638092041015625
qwen-0.6b,das2d,15,2,0,64,0.001,128,23,0.37638092041015625,0.3587145209312439
qwen-0.6b,das2d,15,2,0,64,0.001,128,24,0.3587145209312439,0.34095680713653564
qwen-0.6b,das2d,15,2,0,64,0.001,128,25,0.34095680713653564,0.3261663615703583
qwen-0.6b,das2d,15,2,0,64,0.001,128,26,0.3261663615703583,0.3100520670413971
qwen-0.6b,das2d,15,2,0,64,0.001,128,27,0.3100520670413971,0.299233078956604
qwen-0.6b,das2d,15,2,0,64,0.001,128,28,0.299233078956604,0.28663378953933716
qwen-0.6b,das2d,15,2,0,64,0.001,128,29,0.28663378953933716,0.277595192193985
qwen-0.6b,das2d,15,2,0,64,0.001,128,30,0.277595192193985,0.26768922805786133
qwen-0.6b,das2d,15,2,0,64,0.001,128,31,0.26768922805786133,0.2611156702041626
qwen-0.6b,das2d,15,2,0,64,0.001,128,32,0.2611156702041626,0.2537204325199127
qwen-0.6b,das2d,15,2,0,64,0.001,128,33,0.2537204325199127,0.24910986423492432
qwen-0.6b,das2d,15,2,0,64,0.001,128,34,0.24910986423492432,0.24541226029396057
qwen-0.6b,das2d,15,2,0,64,0.001,128,35,0.24541226029396057,0.24189722537994385
qwen-0.6b,das2d,15,2,0,64,0.001,128,36,0.24189722537994385,0.2369670420885086
qwen-0.6b,das2d,15,2,0,64,0.001,128,37,0.2369670420885086,0.23381724953651428
qwen-0.6b,das2d,15,2,0,64,0.001,128,38,0.23381724953651428,0.2338172048330307
qwen-0.6b,das2d,15,2,0,64,0.001,128,39,0.2338172048330307,0.23048479855060577
qwen-0.6b,das2d,15,2,0,64,0.001,128,40,0.23048479855060577,0.22929790616035461
qwen-0.6b,das2d,15,2,0,64,0.001,128,41,0.22929790616035461,0.22751757502555847
qwen-0.6b,das2d,15,2,0,64,0.001,128,42,0.22751757502555847,0.22541770339012146
qwen-0.6b,das2d,15,2,0,64,0.001,128,43,0.22541770339012146,0.2244134396314621
qwen-0.6b,das2d,15,2,0,64,0.001,128,44,0.2244134396314621,0.22277002036571503
qwen-0.6b,das2d,15,2,0,64,0.001,128,45,0.22277002036571503,0.22295261919498444
qwen-0.6b,das2d,15,2,0,64,0.001,128,46,0.22295261919498444,0.2197115123271942
qwen-0.6b,das2d,15,2,0,64,0.001,128,47,0.2197115123271942,0.21697252988815308
qwen-0.6b,das2d,15,2,0,64,0.001,128,48,0.21697252988815308,0.21605955064296722
qwen-0.6b,das2d,15,2,0,64,0.001,128,49,0.21605955064296722,0.2133205682039261
qwen-0.6b,das2d,15,2,0,64,0.001,128,50,0.2133205682039261,0.21341189742088318
qwen-0.6b,das2d,15,2,0,64,0.001,128,51,0.21341189742088318,0.21131199598312378
qwen-0.6b,das2d,15,2,0,64,0.001,128,52,0.21131199598312378,0.20569708943367004
qwen-0.6b,das2d,15,2,0,64,0.001,128,53,0.20569708943367004,0.20423631370067596
qwen-0.6b,das2d,15,2,0,64,0.001,128,54,0.20423631370067596,0.2016342729330063
qwen-0.6b,das2d,15,2,0,64,0.001,128,55,0.2016342729330063,0.20031039416790009
qwen-0.6b,das2d,15,2,0,64,0.001,128,56,0.20031039416790009,0.19757145643234253
qwen-0.6b,das2d,15,2,0,64,0.001,128,57,0.19757145643234253,0.1965671330690384
qwen-0.6b,das2d,15,2,0,64,0.001,128,58,0.1965671330690384,0.19314344227313995
qwen-0.6b,das2d,15,2,0,64,0.001,128,59,0.19314344227313995,0.19058707356452942
qwen-0.6b,das2d,15,2,0,64,0.001,128,60,0.19058707356452942,0.1880306899547577
qwen-0.6b,das2d,15,2,0,64,0.001,128,61,0.1880306899547577,0.1865699142217636
qwen-0.6b,das2d,15,2,0,64,0.001,128,62,0.1865699142217636,0.18433307111263275
qwen-0.6b,das2d,15,2,0,64,0.001,128,63,0.18433307111263275,0.18328312039375305
qwen-0.6b,das3d,15,3,0,64,0.001,128,0,1.0001368522644043,0.9847986102104187
qwen-0.6b,das3d,15,3,0,64,0.001,128,1,0.9847986102104187,0.9443987607955933
qwen-0.6b,das3d,15,3,0,64,0.001,128,2,0.9443987607955933,0.8857390284538269
qwen-0.6b,das3d,15,3,0,64,0.001,128,3,0.8857390284538269,0.8241121172904968
qwen-0.6b,das3d,15,3,0,64,0.001,128,4,0.8241121172904968,0.774308443069458
qwen-0.6b,das3d,15,3,0,64,0.001,128,5,0.774308443069458,0.7416689395904541
qwen-0.6b,das3d,15,3,0,64,0.001,128,6,0.7416689395904541,0.7211265563964844
qwen-0.6b,das3d,15,3,0,64,0.001,128,7,0.7211265563964844,0.7027754783630371
qwen-0.6b,das3d,15,3,0,64,0.001,128,8,0.7027754783630371,0.6856112480163574
qwen-0.6b,das3d,15,3,0,64,0.001,128,9,0.6856112480163574,0.6626951098442078
qwen-0.6b,das3d,15,3,0,64,0.001,128,10,0.6626951098442078,0.6367661952972412
qwen-0.6b,das3d,15,3,0,64,0.001,128,11,0.6367661952972412,0.6059526801109314
qwen-0.6b,das3d,15,3,0,64,0.001,128,12,0.6059526801109314,0.5731763243675232
qwen-0.6b,das3d,15,3,0,64,0.001,128,13,0.5731763243675232,0.539304256439209
qwen-0.6b,das3d,15,3,0,64,0.001,128,14,0.539304256439209,0.5063909292221069
qwen-0.6b,das3d,15,3,0,64,0.001,128,15,0.5063909292221069,0.4742079973220825
qwen-0.6b,das3d,15,3,0,64,0.001,128,16,0.4742079973220825,0.4444444179534912
qwen-0.6b,das3d,15,3,0,64,0.001,128,17,0.4444444179534912,0.4118049740791321
qwen-0.6b,das3d,15,3,0,64,0.001,128,18,0.4118049740791321,0.3798958957195282
qwen-0.6b,das3d,15,3,0,64,0.001,128,19,0.3798958957195282,0.34698256850242615
qwen-0.6b,das3d,15,3,0,64,0.001,128,20,0.34698256850242615,0.3163973391056061
qwen-0.6b,das3d,15,3,0,64,0.001,128,21,0.3163973391056061,0.2917465567588806
qwen-0.6b,das3d,15,3,0,64,0.001,128,22,0.2917465567588806,0.26778051257133484
qwen-0.6b,das3d,15,3,0,64,0.001,128,23,0.26778051257133484,0.24984022974967957
qwen-0.6b,das3d,15,3,0,64,0.001,128,24,0.24984022974967957,0.23281291127204895
qwen-0.6b,das3d,15,3,0,64,0.001,128,25,0.23281291127204895,0.222222238779068
qwen-0.6b,das3d,15,3,0,64,0.001,128,26,0.222222238779068,0.21131198108196259
qwen-0.6b,das3d,15,3,0,64,0.001,128,27,0.21131198108196259,0.20414498448371887
qwen-0.6b,das3d,15,3,0,64,0.001,128,28,0.20414498448371887,0.19853010773658752
qwen-0.6b,das3d,15,3,0,64,0.001,128,29,0.19853010773658752,0.19734320044517517
qwen-0.6b,das3d,15,3,0,64,0.001,128,30,0.19734320044517517,0.1967497318983078
qwen-0.6b,das3d,15,3,0,64,0.001,128,31,0.1967497318983078,0.19551722705364227
qwen-0.6b,das3d,15,3,0,64,0.001,128,32,0.19551722705364227,0.19528897106647491
qwen-0.6b,das3d,15,3,0,64,0.001,128,33,0.19528897106647491,0.19506070017814636
qwen-0.6b,das3d,15,3,0,64,0.001,128,34,0.19506070017814636,0.19487811625003815
qwen-0.6b,das3d,15,3,0,64,0.001,128,35,0.19487811625003815,0.19277824461460114
qwen-0.6b,das3d,15,3,0,64,0.001,128,36,0.19277824461460114,0.1909065991640091
qwen-0.6b,das3d,15,3,0,64,0.001,128,37,0.1909065991640091,0.18693506717681885
qwen-0.6b,das3d,15,3,0,64,0.001,128,38,0.18693506717681885,0.18474392592906952
qwen-0.6b,das3d,15,3,0,64,0.001,128,39,0.18474392592906952,0.1796768456697464
qwen-0.6b,das3d,15,3,0,64,0.001,128,40,0.1796768456697464,0.17515750229358673
qwen-0.6b,das3d,15,3,0,64,0.001,128,41,0.17515750229358673,0.17091208696365356
qwen-0.6b,das3d,15,3,0,64,0.001,128,42,0.17091208696365356,0.16862961649894714
qwen-0.6b,das3d,15,3,0,64,0.001,128,43,0.16862961649894714,0.16123439371585846
qwen-0.6b,das3d,15,3,0,64,0.001,128,44,0.16123439371585846,0.1579475998878479
qwen-0.6b,das3d,15,3,0,64,0.001,128,45,0.1579475998878479,0.15415863692760468
qwen-0.6b,das3d,15,3,0,64,0.001,128,46,0.15415863692760468,0.1521044373512268
qwen-0.6b,das3d,15,3,0,64,0.001,128,47,0.1521044373512268,0.1485438197851181
qwen-0.6b,das3d,15,3,0,64,0.001,128,48,0.1485438197851181,0.14416144788265228
qwen-0.6b,das3d,15,3,0,64,0.001,128,49,0.14416144788265228,0.1406007707118988
qwen-0.6b,das3d,15,3,0,64,0.001,128,50,0.1406007707118988,0.13713137805461884
qwen-0.6b,das3d,15,3,0,64,0.001,128,51,0.13713137805461884,0.13311420381069183
qwen-0.6b,das3d,15,3,0,64,0.001,128,52,0.13311420381069183,0.13078609108924866
qwen-0.6b,das3d,15,3,0,64,0.001,128,53,0.13078609108924866,0.12923400104045868
qwen-0.6b,das3d,15,3,0,64,0.001,128,54,0.12923400104045868,0.1256733387708664
qwen-0.6b,das3d,15,3,0,64,0.001,128,55,0.1256733387708664,0.1217474713921547
qwen-0.6b,das3d,15,3,0,64,0.001,128,56,0.1217474713921547,0.11681730300188065
qwen-0.6b,das3d,15,3,0,64,0.001,128,57,0.11681730300188065,0.11398706585168839
qwen-0.6b,das3d,15,3,0,64,0.001,128,58,0.11398706585168839,0.10955902934074402
qwen-0.6b,das3d,15,3,0,64,0.001,128,59,0.10955902934074402,0.10371583700180054
qwen-0.6b,das3d,15,3,0,64,0.001,128,60,0.10371583700180054,0.0995161384344101
qwen-0.6b,das3d,15,3,0,64,0.001,128,61,0.0995161384344101,0.08951886743307114
qwen-0.6b,das3d,15,3,0,64,0.001,128,62,0.08951886743307114,0.06529530137777328
qwen-0.6b,das3d,15,3,0,64,0.001,128,63,0.06529530137777328,0.032411202788352966
qwen-0.6b,das,16,1,0,64,0.001,128,0,0.9989957213401794,0.9864876866340637
qwen-0.6b,das,16,1,0,64,0.001,128,1,0.9864876866340637,0.9472289681434631
qwen-0.6b,das,16,1,0,64,0.001,128,2,0.9472289681434631,0.8923581838607788
qwen-0.6b,das,16,1,0,64,0.001,128,3,0.8923581838607788,0.8404090404510498
qwen-0.6b,das,16,1,0,64,0.001,128,4,0.8404090404510498,0.8025197982788086
qwen-0.6b,das,16,1,0,64,0.001,128,5,0.8025197982788086,0.7794668078422546
qwen-0.6b,das,16,1,0,64,0.001,128,6,0.7794668078422546,0.7681456804275513
qwen-0.6b,das,16,1,0,64,0.001,128,7,0.7681456804275513,0.7588331699371338
qwen-0.6b,das,16,1,0,64,0.001,128,8,0.7588331699371338,0.7491098046302795
qwen-0.6b,das,16,1,0,64,0.001,128,9,0.7491098046302795,0.7349127531051636
qwen-0.6b,das,16,1,0,64,0.001,128,10,0.7349127531051636,0.7214460968971252
qwen-0.6b,das,16,1,0,64,0.001,128,11,0.7214460968971252,0.7033233046531677
qwen-0.6b,das,16,1,0,64,0.001,128,12,0.7033233046531677,0.6846525073051453
qwen-0.6b,das,16,1,0,64,0.001,128,13,0.6846525073051453,0.6657536625862122
qwen-0.6b,das,16,1,0,64,0.001,128,14,0.6657536625862122,0.6470373272895813
qwen-0.6b,das,16,1,0,64,0.001,128,15,0.6470373272895813,0.6243951320648193
qwen-0.6b,das,16,1,0,64,0.001,128,16,0.6243951320648193,0.6022094488143921
qwen-0.6b,das,16,1,0,64,0.001,128,17,0.6022094488143921,0.5859125256538391
qwen-0.6b,das,16,1,0,64,0.001,128,18,0.5859125256538391,0.5698438882827759
qwen-0.6b,das,16,1,0,64,0.001,128,19,0.5698438882827759,0.5526795983314514
qwen-0.6b,das,16,1,0,64,0.001,128,20,0.5526795983314514,0.5385738611221313
qwen-0.6b,das,16,1,0,64,0.001,128,21,0.5385738611221313,0.5217291712760925
qwen-0.6b,das,16,1,0,64,0.001,128,22,0.5217291712760925,0.5077147483825684
qwen-0.6b,das,16,1,0,64,0.001,128,23,0.5077147483825684,0.4930155873298645
qwen-0.6b,das,16,1,0,64,0.001,128,24,0.4930155873298645,0.48100975155830383
qwen-0.6b,das,16,1,0,64,0.001,128,25,0.48100975155830383,0.46941477060317993
qwen-0.6b,das,16,1,0,64,0.001,128,26,0.46941477060317993,0.45973706245422363
qwen-0.6b,das,16,1,0,64,0.001,128,27,0.45973706245422363,0.45074406266212463
qwen-0.6b,das,16,1,0,64,0.001,128,28,0.45074406266212463,0.4419793486595154
qwen-0.6b,das,16,1,0,64,0.001,128,29,0.4419793486595154,0.4341732859611511
qwen-0.6b,das,16,1,0,64,0.001,128,30,0.4341732859611511,0.42545419931411743
qwen-0.6b,das,16,1,0,64,0.001,128,31,0.42545419931411743,0.41920021176338196
qwen-0.6b,das,16,1,0,64,0.001,128,32,0.41920021176338196,0.41500043869018555
qwen-0.6b,das,16,1,0,64,0.001,128,33,0.41500043869018555,0.4106180965900421
qwen-0.6b,das,16,1,0,64,0.001,128,34,0.4106180965900421,0.4056423306465149
qwen-0.6b,das,16,1,0,64,0.001,128,35,0.4056423306465149,0.40331417322158813
qwen-0.6b,das,16,1,0,64,0.001,128,36,0.40331417322158813,0.39792749285697937
qwen-0.6b,das,16,1,0,64,0.001,128,37,0.39792749285697937,0.3957819938659668
qwen-0.6b,das,16,1,0,64,0.001,128,38,0.3957819938659668,0.3934081792831421
qwen-0.6b,das,16,1,0,64,0.001,128,39,0.3934081792831421,0.39249518513679504
qwen-0.6b,das,16,1,0,64,0.001,128,40,0.39249518513679504,0.3895736336708069
qwen-0.6b,das,16,1,0,64,0.001,128,41,0.3895736336708069,0.38971057534217834
qwen-0.6b,das,16,1,0,64,0.001,128,42,0.38971057534217834,0.38866063952445984
qwen-0.6b,das,16,1,0,64,0.001,128,43,0.38866063952445984,0.3869716227054596
qwen-0.6b,das,16,1,0,64,0.001,128,44,0.3869716227054596,0.3880215287208557
qwen-0.6b,das,16,1,0,64,0.001,128,45,0.3880215287208557,0.38742807507514954
qwen-0.6b,das,16,1,0,64,0.001,128,46,0.38742807507514954,0.38683462142944336
qwen-0.6b,das,16,1,0,64,0.001,128,47,0.38683462142944336,0.38569343090057373
qwen-0.6b,das,16,1,0,64,0.001,128,48,0.38569343090057373,0.3870628774166107
qwen-0.6b,das,16,1,0,64,0.001,128,49,0.3870628774166107,0.3869716227054596
qwen-0.6b,das,16,1,0,64,0.001,128,50,0.3869716227054596,0.3893453776836395
qwen-0.6b,das,16,1,0,64,0.001,128,51,0.3893453776836395,0.3873824179172516
qwen-0.6b,das,16,1,0,64,0.001,128,52,0.3873824179172516,0.38847801089286804
qwen-0.6b,das,16,1,0,64,0.001,128,53,0.38847801089286804,0.3889801800251007
qwen-0.6b,das,16,1,0,64,0.001,128,54,0.3889801800251007,0.38710856437683105
qwen-0.6b,das,16,1,0,64,0.001,128,55,0.38710856437683105,0.3874737322330475
qwen-0.6b,das,16,1,0,64,0.001,128,56,0.3874737322330475,0.38866063952445984
qwen-0.6b,das,16,1,0,64,0.001,128,57,0.38866063952445984,0.3893910348415375
qwen-0.6b,das,16,1,0,64,0.001,128,58,0.3893910348415375,0.388295441865921
qwen-0.6b,das,16,1,0,64,0.001,128,59,0.388295441865921,0.3878389298915863
qwen-0.6b,das,16,1,0,64,0.001,128,60,0.3878389298915863,0.3883410692214966
qwen-0.6b,das,16,1,0,64,0.001,128,61,0.3883410692214966,0.3884323835372925
qwen-0.6b,das,16,1,0,64,0.001,128,62,0.3884323835372925,0.3880215287208557
qwen-0.6b,das,16,1,0,64,0.001,128,63,0.3880215287208557,0.38674336671829224
qwen-0.6b,das2d,16,2,0,64,0.001,128,0,0.9997261166572571,0.9870354533195496
qwen-0.6b,das2d,16,2,0,64,0.001,128,1,0.9870354533195496,0.9478225111961365
qwen-0.6b,das2d,16,2,0,64,0.001,128,2,0.9478225111961365,0.8948233127593994
qwen-0.6b,das2d,16,2,0,64,0.001,128,3,0.8948233127593994,0.8417785167694092
qwen-0.6b,das2d,16,2,0,64,0.001,128,4,0.8417785167694092,0.7987765669822693
qwen-0.6b,das2d,16,2,0,64,0.001,128,5,0.7987765669822693,0.7736237049102783
qwen-0.6b,das2d,16,2,0,64,0.001,128,6,0.7736237049102783,0.760339617729187
qwen-0.6b,das2d,16,2,0,64,0.001,128,7,0.760339617729187,0.7477402687072754
qwen-0.6b,das2d,16,2,0,64,0.001,128,8,0.7477402687072754,0.735825777053833
qwen-0.6b,das2d,16,2,0,64,0.001,128,9,0.735825777053833,0.7169725298881531
qwen-0.6b,das2d,16,2,0,64,0.001,128,10,0.7169725298881531,0.6960649490356445
qwen-0.6b,das2d,16,2,0,64,0.001,128,11,0.6960649490356445,0.6713685393333435
qwen-0.6b,das2d,16,2,0,64,0.001,128,12,0.6713685393333435,0.6431114673614502
qwen-0.6b,das2d,16,2,0,64,0.001,128,13,0.6431114673614502,0.6132566332817078
qwen-0.6b,das2d,16,2,0,64,0.001,128,14,0.6132566332817078,0.5865516066551208
qwen-0.6b,das2d,16,2,0,64,0.001,128,15,0.5865516066551208,0.5610334873199463
qwen-0.6b,das2d,16,2,0,64,0.001,128,16,0.5610334873199463,0.5414955019950867
qwen-0.6b,das2d,16,2,0,64,0.001,128,17,0.5414955019950867,0.5220943689346313
qwen-0.6b,das2d,16,2,0,64,0.001,128,18,0.5220943689346313,0.5026476979255676
qwen-0.6b,das2d,16,2,0,64,0.001,128,19,0.5026476979255676,0.4847530126571655
qwen-0.6b,das2d,16,2,0,64,0.001,128,20,0.4847530126571655,0.46836480498313904
qwen-0.6b,das2d,16,2,0,64,0.001,128,21,0.46836480498313904,0.4522048830986023
qwen-0.6b,das2d,16,2,0,64,0.001,128,22,0.4522048830986023,0.4381448030471802
qwen-0.6b,das2d,16,2,0,64,0.001,128,23,0.4381448030471802,0.4267324209213257
qwen-0.6b,das2d,16,2,0,64,0.001,128,24,0.4267324209213257,0.4174198508262634
qwen-0.6b,das2d,16,2,0,64,0.001,128,25,0.4174198508262634,0.4082443118095398
qwen-0.6b,das2d,16,2,0,64,0.001,128,26,0.4082443118095398,0.40025565028190613
qwen-0.6b,das2d,16,2,0,64,0.001,128,27,0.40025565028190613,0.39304298162460327
qwen-0.6b,das2d,16,2,0,64,0.001,128,28,0.39304298162460327,0.3880215287208557
qwen-0.6b,das2d,16,2,0,64,0.001,128,29,0.3880215287208557,0.38359352946281433
qwen-0.6b,das2d,16,2,0,64,0.001,128,30,0.38359352946281433,0.3792111575603485
qwen-0.6b,das2d,16,2,0,64,0.001,128,31,0.3792111575603485,0.37583309412002563
qwen-0.6b,das2d,16,2,0,64,0.001,128,32,0.37583309412002563,0.375102698802948
qwen-0.6b,das2d,16,2,0,64,0.001,128,33,0.375102698802948,0.37323108315467834
qwen-0.6b,das2d,16,2,0,64,0.001,128,34,0.37323108315467834,0.3709029257297516
qwen-0.6b,das2d,16,2,0,64,0.001,128,35,0.3709029257297516,0.3699442744255066
qwen-0.6b,das2d,16,2,0,64,0.001,128,36,0.3699442744255066,0.36967042088508606
qwen-0.6b,das2d,16,2,0,64,0.001,128,37,0.36967042088508606,0.36957913637161255
qwen-0.6b,das2d,16,2,0,64,0.001,128,38,0.36957913637161255,0.3684835135936737
qwen-0.6b,das2d,16,2,0,64,0.001,128,39,0.3684835135936737,0.3681183457374573
qwen-0.6b,das2d,16,2,0,64,0.001,128,40,0.3681183457374573,0.3679357171058655
qwen-0.6b,das2d,16,2,0,64,0.001,128,41,0.3679357171058655,0.36693140864372253
qwen-0.6b,das2d,16,2,0,64,0.001,128,42,0.36693140864372253,0.36652058362960815
qwen-0.6b,das2d,16,2,0,64,0.001,128,43,0.36652058362960815,0.3658358156681061
qwen-0.6b,das2d,16,2,0,64,0.001,128,44,0.3658358156681061,0.3633251190185547
qwen-0.6b,das2d,16,2,0,64,0.001,128,45,0.3633251190185547,0.3633251190185547
qwen-0.6b,das2d,16,2,0,64,0.001,128,46,0.3633251190185547,0.36049485206604004
qwen-0.6b,das2d,16,2,0,64,0.001,128,47,0.36049485206604004,0.3620925843715668
qwen-0.6b,das2d,16,2,0,64,0.001,128,48,0.3620925843715668,0.3588971197605133
qwen-0.6b,das2d,16,2,0,64,0.001,128,49,0.3588971197605133,0.35542774200439453
qwen-0.6b,das2d,16,2,0,64,0.001,128,50,0.35542774200439453,0.35538211464881897
qwen-0.6b,das2d,16,2,0,64,0.001,128,51,0.35538211464881897,0.3520953357219696
qwen-0.6b,das2d,16,2,0,64,0.001,128,52,0.3520953357219696,0.35013237595558167
qwen-0.6b,das2d,16,2,0,64,0.001,128,53,0.35013237595558167,0.34940198063850403
qwen-0.6b,das2d,16,2,0,64,0.001,128,54,0.34940198063850403,0.347302109003067
qwen-0.6b,das2d,16,2,0,64,0.001,128,55,0.347302109003067,0.34611520171165466
qwen-0.6b,das2d,16,2,0,64,0.001,128,56,0.34611520171165466,0.3456130921840668
qwen-0.6b,das2d,16,2,0,64,0.001,128,57,0.3456130921840668,0.3425089120864868
qwen-0.6b,das2d,16,2,0,64,0.001,128,58,0.3425089120864868,0.3411850929260254
qwen-0.6b,das2d,16,2,0,64,0.001,128,59,0.3411850929260254,0.3385830521583557
qwen-0.6b,das2d,16,2,0,64,0.001,128,60,0.3385830521583557,0.3387199938297272
qwen-0.6b,das2d,16,2,0,64,0.001,128,61,0.3387199938297272,0.33616361021995544
qwen-0.6b,das2d,16,2,0,64,0.001,128,62,0.33616361021995544,0.3345659077167511
qwen-0.6b,das2d,16,2,0,64,0.001,128,63,0.3345659077167511,0.3344745934009552
qwen-0.6b,das3d,16,3,0,64,0.001,128,0,0.9995890259742737,0.9871267676353455
qwen-0.6b,das3d,16,3,0,64,0.001,128,1,0.9871267676353455,0.94480961561203
qwen-0.6b,das3d,16,3,0,64,0.001,128,2,0.94480961561203,0.8889801502227783
qwen-0.6b,das3d,16,3,0,64,0.001,128,3,0.8889801502227783,0.8308682441711426
qwen-0.6b,das3d,16,3,0,64,0.001,128,4,0.8308682441711426,0.7874098420143127
qwen-0.6b,das3d,16,3,0,64,0.001,128,5,0.7874098420143127,0.7612982392311096
qwen-0.6b,das3d,16,3,0,64,0.001,128,6,0.7612982392311096,0.7431753277778625
qwen-0.6b,das3d,16,3,0,64,0.001,128,7,0.7431753277778625,0.7282479405403137
qwen-0.6b,das3d,16,3,0,64,0.001,128,8,0.7282479405403137,0.7101706862449646
qwen-0.6b,das3d,16,3,0,64,0.001,128,9,0.7101706862449646,0.6893088221549988
qwen-0.6b,das3d,16,3,0,64,0.001,128,10,0.6893088221549988,0.664018988609314
qwen-0.6b,das3d,16,3,0,64,0.001,128,11,0.664018988609314,0.6378161311149597
qwen-0.6b,das3d,16,3,0,64,0.001,128,12,0.6378161311149597,0.6110197901725769
qwen-0.6b,das3d,16,3,0,64,0.001,128,13,0.6110197901725769,0.5869168043136597
qwen-0.6b,das3d,16,3,0,64,0.001,128,14,0.5869168043136597,0.5613073706626892
qwen-0.6b,das3d,16,3,0,64,0.001,128,15,0.5613073706626892,0.5341458916664124
qwen-0.6b,das3d,16,3,0,64,0.001,128,16,0.5341458916664124,0.504199743270874
qwen-0.6b,das3d,16,3,0,64,0.001,128,17,0.504199743270874,0.47754040360450745
qwen-0.6b,das3d,16,3,0,64,0.001,128,18,0.47754040360450745,0.45549166202545166
qwen-0.6b,das3d,16,3,0,64,0.001,128,19,0.45549166202545166,0.44124895334243774
qwen-0.6b,das3d,16,3,0,64,0.001,128,20,0.44124895334243774,0.4288322925567627
qwen-0.6b,das3d,16,3,0,64,0.001,128,21,0.4288322925567627,0.41824156045913696
qwen-0.6b,das3d,16,3,0,64,0.001,128,22,0.41824156045913696,0.40801605582237244
qwen-0.6b,das3d,16,3,0,64,0.001,128,23,0.40801605582237244,0.39756229519844055
qwen-0.6b,das3d,16,3,0,64,0.001,128,24,0.39756229519844055,0.388295441865921
qwen-0.6b,das3d,16,3,0,64,0.001,128,25,0.388295441865921,0.3801698088645935
qwen-0.6b,das3d,16,3,0,64,0.001,128,26,0.3801698088645935,0.37610697746276855
qwen-0.6b,das3d,16,3,0,64,0.001,128,27,0.37610697746276855,0.3726832866668701
qwen-0.6b,das3d,16,3,0,64,0.001,128,28,0.3726832866668701,0.3708116412162781
qwen-0.6b,das3d,16,3,0,64,0.001,128,29,0.3708116412162781,0.36757051944732666
qwen-0.6b,das3d,16,3,0,64,0.001,128,30,0.36757051944732666,0.3681183457374573
qwen-0.6b,das3d,16,3,0,64,0.001,128,31,0.3681183457374573,0.36565327644348145
qwen-0.6b,das3d,16,3,0,64,0.001,128,32,0.36565327644348145,0.3643750548362732
qwen-0.6b,das3d,16,3,0,64,0.001,128,33,0.3643750548362732,0.3632338047027588
qwen-0.6b,das3d,16,3,0,64,0.001,128,34,0.3632338047027588,0.3607231080532074
qwen-0.6b,das3d,16,3,0,64,0.001,128,35,0.3607231080532074,0.3581210672855377
qwen-0.6b,das3d,16,3,0,64,0.001,128,36,0.3581210672855377,0.35743629932403564
qwen-0.6b,das3d,16,3,0,64,0.001,128,37,0.35743629932403564,0.35465168952941895
qwen-0.6b,das3d,16,3,0,64,0.001,128,38,0.35465168952941895,0.35118234157562256
qwen-0.6b,das3d,16,3,0,64,0.001,128,39,0.35118234157562256,0.34871721267700195
qwen-0.6b,das3d,16,3,0,64,0.001,128,40,0.34871721267700195,0.3475303649902344
qwen-0.6b,das3d,16,3,0,64,0.001,128,41,0.3475303649902344,0.34365010261535645
qwen-0.6b,das3d,16,3,0,64,0.001,128,42,0.34365010261535645,0.3410937488079071
qwen-0.6b,das3d,16,3,0,64,0.001,128,43,0.3410937488079071,0.33739614486694336
qwen-0.6b,das3d,16,3,0,64,0.001,128,44,0.33739614486694336,0.3354332149028778
qwen-0.6b,das3d,16,3,0,64,0.001,128,45,0.3354332149028778,0.3330138027667999
qwen-0.6b,das3d,16,3,0,64,0.001,128,46,0.3330138027667999,0.32917922735214233
qwen-0.6b,das3d,16,3,0,64,0.001,128,47,0.32917922735214233,0.326622873544693
qwen-0.6b,das3d,16,3,0,64,0.001,128,48,0.326622873544693,0.3242490887641907
qwen-0.6b,das3d,16,3,0,64,0.001,128,49,0.3242490887641907,0.32228612899780273
qwen-0.6b,das3d,16,3,0,64,0.001,128,50,0.32228612899780273,0.3210079073905945
qwen-0.6b,das3d,16,3,0,64,0.001,128,51,0.3210079073905945,0.319547176361084
qwen-0.6b,das3d,16,3,0,64,0.001,128,52,0.319547176361084,0.3184058964252472
qwen-0.6b,das3d,16,3,0,64,0.001,128,53,0.3184058964252472,0.3153474032878876
qwen-0.6b,das3d,16,3,0,64,0.001,128,54,0.3153474032878876,0.31297361850738525
qwen-0.6b,das3d,16,3,0,64,0.001,128,55,0.31297361850738525,0.31087374687194824
qwen-0.6b,das3d,16,3,0,64,0.001,128,56,0.31087374687194824,0.3097781538963318
qwen-0.6b,das3d,16,3,0,64,0.001,128,57,0.3097781538963318,0.30886515974998474
qwen-0.6b,das3d,16,3,0,64,0.001,128,58,0.30886515974998474,0.30694785714149475
qwen-0.6b,das3d,16,3,0,64,0.001,128,59,0.30694785714149475,0.30484798550605774
qwen-0.6b,das3d,16,3,0,64,0.001,128,60,0.30484798550605774,0.3043002188205719
qwen-0.6b,das3d,16,3,0,64,0.001,128,61,0.3043002188205719,0.3015155792236328
qwen-0.6b,das3d,16,3,0,64,0.001,128,62,0.3015155792236328,0.30014607310295105
qwen-0.6b,das3d,16,3,0,64,0.001,128,63,0.30014607310295105,0.29964393377304077
qwen-0.6b,das,17,1,0,64,0.001,128,0,0.9993152618408203,0.9865790009498596
qwen-0.6b,das,17,1,0,64,0.001,128,1,0.9865790009498596,0.9472289681434631
qwen-0.6b,das,17,1,0,64,0.001,128,2,0.9472289681434631,0.8907148838043213
qwen-0.6b,das,17,1,0,64,0.001,128,3,0.8907148838043213,0.8357527852058411
qwen-0.6b,das,17,1,0,64,0.001,128,4,0.8357527852058411,0.7924768924713135
qwen-0.6b,das,17,1,0,64,0.001,128,5,0.7924768924713135,0.7649046182632446
qwen-0.6b,das,17,1,0,64,0.001,128,6,0.7649046182632446,0.7513009905815125
qwen-0.6b,das,17,1,0,64,0.001,128,7,0.7513009905815125,0.7409841418266296
qwen-0.6b,das,17,1,0,64,0.001,128,8,0.7409841418266296,0.7270154356956482
qwen-0.6b,das,17,1,0,64,0.001,128,9,0.7270154356956482,0.7103989720344543
qwen-0.6b,das,17,1,0,64,0.001,128,10,0.7103989720344543,0.6902675032615662
qwen-0.6b,das,17,1,0,64,0.001,128,11,0.6902675032615662,0.6686295866966248
qwen-0.6b,das,17,1,0,64,0.001,128,12,0.6686295866966248,0.6472199559211731
qwen-0.6b,das,17,1,0,64,0.001,128,13,0.6472199559211731,0.6276819109916687
qwen-0.6b,das,17,1,0,64,0.001,128,14,0.6276819109916687,0.6065918207168579
qwen-0.6b,das,17,1,0,64,0.001,128,15,0.6065918207168579,0.5858668684959412
qwen-0.6b,das,17,1,0,64,0.001,128,16,0.5858668684959412,0.5661462545394897
qwen-0.6b,das,17,1,0,64,0.001,128,17,0.5661462545394897,0.549210250377655
qwen-0.6b,das,17,1,0,64,0.001,128,18,0.549210250377655,0.5326394438743591
qwen-0.6b,das,17,1,0,64,0.001,128,19,0.5326394438743591,0.5168903470039368
qwen-0.6b,das,17,1,0,64,0.001,128,20,0.5168903470039368,0.5005477666854858
qwen-0.6b,das,17,1,0,64,0.001,128,21,0.5005477666854858,0.4859399199485779
qwen-0.6b,das,17,1,0,64,0.001,128,22,0.4859399199485779,0.4718341827392578
qwen-0.6b,das,17,1,0,64,0.001,128,23,0.4718341827392578,0.45740896463394165
qwen-0.6b,das,17,1,0,64,0.001,128,24,0.45740896463394165,0.44439882040023804
qwen-0.6b,das,17,1,0,64,0.001,128,25,0.44439882040023804,0.43262118101119995
qwen-0.6b,das,17,1,0,64,0.001,128,26,0.43262118101119995,0.42330867052078247
qwen-0.6b,das,17,1,0,64,0.001,128,27,0.42330867052078247,0.4131288528442383
qwen-0.6b,das,17,1,0,64,0.001,128,28,0.4131288528442383,0.40472927689552307
qwen-0.6b,das,17,1,0,64,0.001,128,29,0.40472927689552307,0.3961015045642853
qwen-0.6b,das,17,1,0,64,0.001,128,30,0.3961015045642853,0.38884320855140686
qwen-0.6b,das,17,1,0,64,0.001,128,31,0.38884320855140686,0.38377612829208374
qwen-0.6b,das,17,1,0,64,0.001,128,32,0.38377612829208374,0.3774765133857727
qwen-0.6b,das,17,1,0,64,0.001,128,33,0.3774765133857727,0.372044175863266
qwen-0.6b,das,17,1,0,64,0.001,128,34,0.372044175863266,0.36652058362960815
qwen-0.6b,das,17,1,0,64,0.001,128,35,0.36652058362960815,0.36300554871559143
qwen-0.6b,das,17,1,0,64,0.001,128,36,0.36300554871559143,0.36095136404037476
qwen-0.6b,das,17,1,0,64,0.001,128,37,0.36095136404037476,0.35675159096717834
qwen-0.6b,das,17,1,0,64,0.001,128,38,0.35675159096717834,0.3567059636116028
qwen-0.6b,das,17,1,0,64,0.001,128,39,0.3567059636116028,0.35414955019950867
qwen-0.6b,das,17,1,0,64,0.001,128,40,0.35414955019950867,0.35177573561668396
qwen-0.6b,das,17,1,0,64,0.001,128,41,0.35177573561668396,0.3513648808002472
qwen-0.6b,das,17,1,0,64,0.001,128,42,0.3513648808002472,0.34917372465133667
qwen-0.6b,das,17,1,0,64,0.001,128,43,0.34917372465133667,0.34784993529319763
qwen-0.6b,das,17,1,0,64,0.001,128,44,0.34784993529319763,0.34803247451782227
qwen-0.6b,das,17,1,0,64,0.001,128,45,0.34803247451782227,0.348488986492157
qwen-0.6b,das,17,1,0,64,0.001,128,46,0.348488986492157,0.3489454686641693
qwen-0.6b,das,17,1,0,64,0.001,128,47,0.3489454686641693,0.3487628996372223
qwen-0.6b,das,17,1,0,64,0.001,128,48,0.3487628996372223,0.34940198063850403
qwen-0.6b,das,17,1,0,64,0.001,128,49,0.34940198063850403,0.34803253412246704
qwen-0.6b,das,17,1,0,64,0.001,128,50,0.34803253412246704,0.3488541841506958
qwen-0.6b,das,17,1,0,64,0.001,128,51,0.3488541841506958,0.34775862097740173
qwen-0.6b,das,17,1,0,64,0.001,128,52,0.34775862097740173,0.3478955924510956
qwen-0.6b,das,17,1,0,64,0.001,128,53,0.3478955924510956,0.348488986492157
qwen-0.6b,das,17,1,0,64,0.001,128,54,0.348488986492157,0.34985849261283875
qwen-0.6b,das,17,1,0,64,0.001,128,55,0.34985849261283875,0.3489454686641693
qwen-0.6b,das,17,1,0,64,0.001,128,56,0.3489454686641693,0.3491280674934387
qwen-0.6b,das,17,1,0,64,0.001,128,57,0.3491280674934387,0.34926503896713257
qwen-0.6b,das,17,1,0,64,0.001,128,58,0.34926503896713257,0.34985849261283875
qwen-0.6b,das,17,1,0,64,0.001,128,59,0.34985849261283875,0.3502693176269531
qwen-0.6b,das,17,1,0,64,0.001,128,60,0.3502693176269531,0.3504975736141205
qwen-0.6b,das,17,1,0,64,0.001,128,61,0.3504975736141205,0.34880852699279785
qwen-0.6b,das,17,1,0,64,0.001,128,62,0.34880852699279785,0.3483063876628876
qwen-0.6b,das,17,1,0,64,0.001,128,63,0.3483063876628876,0.34871721267700195
qwen-0.6b,das2d,17,2,0,64,0.001,128,0,1.0020085573196411,0.9893179535865784
qwen-0.6b,das2d,17,2,0,64,0.001,128,1,0.9893179535865784,0.9499223232269287
qwen-0.6b,das2d,17,2,0,64,0.001,128,2,0.9499223232269287,0.8943668603897095
qwen-0.6b,das2d,17,2,0,64,0.001,128,3,0.8943668603897095,0.8350223898887634
qwen-0.6b,das2d,17,2,0,64,0.001,128,4,0.8350223898887634,0.787227213382721
qwen-0.6b,das2d,17,2,0,64,0.001,128,5,0.787227213382721,0.7560028433799744
qwen-0.6b,das2d,17,2,0,64,0.001,128,6,0.7560028433799744,0.7361453175544739
qwen-0.6b,das2d,17,2,0,64,0.001,128,7,0.7361453175544739,0.7203506231307983
qwen-0.6b,das2d,17,2,0,64,0.001,128,8,0.7203506231307983,0.7047383785247803
qwen-0.6b,das2d,17,2,0,64,0.001,128,9,0.7047383785247803,0.6807267069816589
qwen-0.6b,das2d,17,2,0,64,0.001,128,10,0.6807267069816589,0.6541586518287659
qwen-0.6b,das2d,17,2,0,64,0.001,128,11,0.6541586518287659,0.6269058585166931
qwen-0.6b,das2d,17,2,0,64,0.001,128,12,0.6269058585166931,0.6004747152328491
qwen-0.6b,das2d,17,2,0,64,0.001,128,13,0.6004747152328491,0.5725371837615967
qwen-0.6b,das2d,17,2,0,64,0.001,128,14,0.5725371837615967,0.547566831111908
qwen-0.6b,das2d,17,2,0,64,0.001,128,15,0.547566831111908,0.5242399573326111
qwen-0.6b,das2d,17,2,0,64,0.001,128,16,0.5242399573326111,0.5022825002670288
qwen-0.6b,das2d,17,2,0,64,0.001,128,17,0.5022825002670288,0.48224231600761414
qwen-0.6b,das2d,17,2,0,64,0.001,128,18,0.48224231600761414,0.4628412127494812
qwen-0.6b,das2d,17,2,0,64,0.001,128,19,0.4628412127494812,0.4440792202949524
qwen-0.6b,das2d,17,2,0,64,0.001,128,20,0.4440792202949524,0.42737147212028503
qwen-0.6b,das2d,17,2,0,64,0.001,128,21,0.42737147212028503,0.41390490531921387
qwen-0.6b,das2d,17,2,0,64,0.001,128,22,0.41390490531921387,0.3987492024898529
qwen-0.6b,das2d,17,2,0,64,0.001,128,23,0.3987492024898529,0.3854195177555084
qwen-0.6b,das2d,17,2,0,64,0.001,128,24,0.3854195177555084,0.373733252286911
qwen-0.6b,das2d,17,2,0,64,0.001,128,25,0.373733252286911,0.3647402822971344
qwen-0.6b,das2d,17,2,0,64,0.001,128,26,0.3647402822971344,0.35734498500823975
qwen-0.6b,das2d,17,2,0,64,0.001,128,27,0.35734498500823975,0.35099971294403076
qwen-0.6b,das2d,17,2,0,64,0.001,128,28,0.35099971294403076,0.34392401576042175
qwen-0.6b,das2d,17,2,0,64,0.001,128,29,0.34392401576042175,0.3401350975036621
qwen-0.6b,das2d,17,2,0,64,0.001,128,30,0.3401350975036621,0.337167888879776
qwen-0.6b,das2d,17,2,0,64,0.001,128,31,0.337167888879776,0.33433759212493896
qwen-0.6b,das2d,17,2,0,64,0.001,128,32,0.33433759212493896,0.3296813666820526
qwen-0.6b,das2d,17,2,0,64,0.001,128,33,0.3296813666820526,0.3304574191570282
qwen-0.6b,das2d,17,2,0,64,0.001,128,34,0.3304574191570282,0.3292248845100403
qwen-0.6b,das2d,17,2,0,64,0.001,128,35,0.3292248845100403,0.32849445939064026
qwen-0.6b,das2d,17,2,0,64,0.001,128,36,0.32849445939064026,0.3289966583251953
qwen-0.6b,das2d,17,2,0,64,0.001,128,37,0.3289966583251953,0.32849445939064026
qwen-0.6b,das2d,17,2,0,64,0.001,128,38,0.32849445939064026,0.3284488320350647
qwen-0.6b,das2d,17,2,0,64,0.001,128,39,0.3284488320350647,0.32876840233802795
qwen-0.6b,das2d,17,2,0,64,0.001,128,40,0.32876840233802795,0.3269880414009094
qwen-0.6b,das2d,17,2,0,64,0.001,128,41,0.3269880414009094,0.3274901807308197
qwen-0.6b,das2d,17,2,0,64,0.001,128,42,0.3274901807308197,0.325846791267395
qwen-0.6b,das2d,17,2,0,64,0.001,128,43,0.325846791267395,0.3252989649772644
qwen-0.6b,das2d,17,2,0,64,0.001,128,44,0.3252989649772644,0.3235643208026886
qwen-0.6b,das2d,17,2,0,64,0.001,128,45,0.3235643208026886,0.32438600063323975
qwen-0.6b,das2d,17,2,0,64,0.001,128,46,0.32438600063323975,0.32283392548561096
qwen-0.6b,das2d,17,2,0,64,0.001,128,47,0.32283392548561096,0.3220122158527374
qwen-0.6b,das2d,17,2,0,64,0.001,128,48,0.3220122158527374,0.3217383325099945
qwen-0.6b,das2d,17,2,0,64,0.001,128,49,0.3217383325099945,0.31995803117752075
qwen-0.6b,das2d,17,2,0,64,0.001,128,50,0.31995803117752075,0.31918197870254517
qwen-0.6b,das2d,17,2,0,64,0.001,128,51,0.31918197870254517,0.31731030344963074
qwen-0.6b,das2d,17,2,0,64,0.001,128,52,0.31731030344963074,0.31653428077697754
qwen-0.6b,das2d,17,2,0,64,0.001,128,53,0.31653428077697754,0.3149365782737732
qwen-0.6b,das2d,17,2,0,64,0.001,128,54,0.3149365782737732,0.3145257234573364
qwen-0.6b,das2d,17,2,0,64,0.001,128,55,0.3145257234573364,0.3138866126537323
qwen-0.6b,das2d,17,2,0,64,0.001,128,56,0.3138866126537323,0.31297361850738525
qwen-0.6b,das2d,17,2,0,64,0.001,128,57,0.31297361850738525,0.31087374687194824
qwen-0.6b,das2d,17,2,0,64,0.001,128,58,0.31087374687194824,0.3116041123867035
qwen-0.6b,das2d,17,2,0,64,0.001,128,59,0.3116041123867035,0.310554176568985
qwen-0.6b,das2d,17,2,0,64,0.001,128,60,0.310554176568985,0.3109193742275238
qwen-0.6b,das2d,17,2,0,64,0.001,128,61,0.3109193742275238,0.3091847002506256
qwen-0.6b,das2d,17,2,0,64,0.001,128,62,0.3091847002506256,0.30936726927757263
qwen-0.6b,das2d,17,2,0,64,0.001,128,63,0.30936726927757263,0.3076782524585724
qwen-0.6b,das3d,17,3,0,64,0.001,128,0,1.000502109527588,0.9863963723182678
qwen-0.6b,das3d,17,3,0,64,0.001,128,1,0.9863963723182678,0.9457682371139526
qwen-0.6b,das3d,17,3,0,64,0.001,128,2,0.9457682371139526,0.8821327090263367
qwen-0.6b,das3d,17,3,0,64,0.001,128,3,0.8821327090263367,0.8177211880683899
qwen-0.6b,das3d,17,3,0,64,0.001,128,4,0.8177211880683899,0.7629416584968567
qwen-0.6b,das3d,17,3,0,64,0.001,128,5,0.7629416584968567,0.7257828712463379
qwen-0.6b,das3d,17,3,0,64,0.001,128,6,0.7257828712463379,0.700812578201294
qwen-0.6b,das3d,17,3,0,64,0.001,128,7,0.700812578201294,0.6797680854797363
qwen-0.6b,das3d,17,3,0,64,0.001,128,8,0.6797680854797363,0.6564411520957947
qwen-0.6b,das3d,17,3,0,64,0.001,128,9,0.6564411520957947,0.6270427703857422
qwen-0.6b,das3d,17,3,0,64,0.001,128,10,0.6270427703857422,0.5957728028297424
qwen-0.6b,das3d,17,3,0,64,0.001,128,11,0.5957728028297424,0.5614443421363831
qwen-0.6b,das3d,17,3,0,64,0.001,128,12,0.5614443421363831,0.5306764841079712
qwen-0.6b,das3d,17,3,0,64,0.001,128,13,0.5306764841079712,0.5005477666854858
qwen-0.6b,das3d,17,3,0,64,0.001,128,14,0.5005477666854858,0.476627379655838
qwen-0.6b,das3d,17,3,0,64,0.001,128,15,0.476627379655838,0.4555372893810272
qwen-0.6b,das3d,17,3,0,64,0.001,128,16,0.4555372893810272,0.43618184328079224
qwen-0.6b,das3d,17,3,0,64,0.001,128,17,0.43618184328079224,0.4176481068134308
qwen-0.6b,das3d,17,3,0,64,0.001,128,18,0.4176481068134308,0.4006665050983429
qwen-0.6b,das3d,17,3,0,64,0.001,128,19,0.4006665050983429,0.385236918926239
qwen-0.6b,das3d,17,3,0,64,0.001,128,20,0.385236918926239,0.3743266463279724
qwen-0.6b,das3d,17,3,0,64,0.001,128,21,0.3743266463279724,0.36241212487220764
qwen-0.6b,das3d,17,3,0,64,0.001,128,22,0.36241212487220764,0.35437777638435364
qwen-0.6b,das3d,17,3,0,64,0.001,128,23,0.35437777638435364,0.34506529569625854
qwen-0.6b,das3d,17,3,0,64,0.001,128,24,0.34506529569625854,0.3389938473701477
qwen-0.6b,das3d,17,3,0,64,0.001,128,25,0.3389938473701477,0.3343832790851593
qwen-0.6b,das3d,17,3,0,64,0.001,128,26,0.3343832790851593,0.32972702383995056
qwen-0.6b,das3d,17,3,0,64,0.001,128,27,0.32972702383995056,0.32762712240219116
qwen-0.6b,das3d,17,3,0,64,0.001,128,28,0.32762712240219116,0.32612067461013794
qwen-0.6b,das3d,17,3,0,64,0.001,128,29,0.32612067461013794,0.32507073879241943
qwen-0.6b,das3d,17,3,0,64,0.001,128,30,0.32507073879241943,0.32456859946250916
qwen-0.6b,das3d,17,3,0,64,0.001,128,31,0.32456859946250916,0.32429468631744385
qwen-0.6b,das3d,17,3,0,64,0.001,128,32,0.32429468631744385,0.32246872782707214
qwen-0.6b,das3d,17,3,0,64,0.001,128,33,0.32246872782707214,0.32123619318008423
qwen-0.6b,das3d,17,3,0,64,0.001,128,34,0.32123619318008423,0.3201406002044678
qwen-0.6b,das3d,17,3,0,64,0.001,128,35,0.3201406002044678,0.31890806555747986
qwen-0.6b,das3d,17,3,0,64,0.001,128,36,0.31890806555747986,0.3170364499092102
qwen-0.6b,das3d,17,3,0,64,0.001,128,37,0.3170364499092102,0.3163060247898102
qwen-0.6b,das3d,17,3,0,64,0.001,128,38,0.3163060247898102,0.31306493282318115
qwen-0.6b,das3d,17,3,0,64,0.001,128,39,0.31306493282318115,0.3132931590080261
qwen-0.6b,das3d,17,3,0,64,0.001,128,40,0.3132931590080261,0.3104172348976135
qwen-0.6b,das3d,17,3,0,64,0.001,128,41,0.3104172348976135,0.3090021014213562
qwen-0.6b,das3d,17,3,0,64,0.001,128,42,0.3090021014213562,0.30589789152145386
qwen-0.6b,das3d,17,3,0,64,0.001,128,43,0.30589789152145386,0.3055327236652374
qwen-0.6b,das3d,17,3,0,64,0.001,128,44,0.3055327236652374,0.3036611080169678
qwen-0.6b,das3d,17,3,0,64,0.001,128,45,0.3036611080169678,0.30064821243286133
qwen-0.6b,das3d,17,3,0,64,0.001,128,46,0.30064821243286133,0.2986852824687958
qwen-0.6b,das3d,17,3,0,64,0.001,128,47,0.2986852824687958,0.29699626564979553
qwen-0.6b,das3d,17,3,0,64,0.001,128,48,0.29699626564979553,0.29507899284362793
qwen-0.6b,das3d,17,3,0,64,0.001,128,49,0.29507899284362793,0.2941659688949585
qwen-0.6b,das3d,17,3,0,64,0.001,128,50,0.2941659688949585,0.29334428906440735
qwen-0.6b,das3d,17,3,0,64,0.001,128,51,0.29334428906440735,0.29019445180892944
qwen-0.6b,das3d,17,3,0,64,0.001,128,52,0.29019445180892944,0.2898292541503906
qwen-0.6b,das3d,17,3,0,64,0.001,128,53,0.2898292541503906,0.2889162600040436
qwen-0.6b,das3d,17,3,0,64,0.001,128,54,0.2889162600040436,0.2877293825149536
qwen-0.6b,das3d,17,3,0,64,0.001,128,55,0.2877293825149536,0.2862229645252228
qwen-0.6b,das3d,17,3,0,64,0.001,128,56,0.2862229645252228,0.28549253940582275
qwen-0.6b,das3d,17,3,0,64,0.001,128,57,0.28549253940582275,0.2826622724533081
qwen-0.6b,das3d,17,3,0,64,0.001,128,58,0.2826622724533081,0.28279924392700195
qwen-0.6b,das3d,17,3,0,64,0.001,128,59,0.28279924392700195,0.28051674365997314
qwen-0.6b,das3d,17,3,0,64,0.001,128,60,0.28051674365997314,0.2782343029975891
qwen-0.6b,das3d,17,3,0,64,0.001,128,61,0.2782343029975891,0.2771843373775482
qwen-0.6b,das3d,17,3,0,64,0.001,128,62,0.2771843373775482,0.2752670645713806
qwen-0.6b,das3d,17,3,0,64,0.001,128,63,0.2752670645713806,0.2729845643043518
qwen-0.6b,das,18,1,0,64,0.001,128,0,0.9990413188934326,0.9950698018074036
qwen-0.6b,das,18,1,0,64,0.001,128,1,0.9950698018074036,0.9749839305877686
qwen-0.6b,das,18,1,0,64,0.001,128,2,0.9749839305877686,0.9452204704284668
qwen-0.6b,das,18,1,0,64,0.001,128,3,0.9452204704284668,0.9159134030342102
qwen-0.6b,das,18,1,0,64,0.001,128,4,0.9159134030342102,0.8914452195167542
qwen-0.6b,das,18,1,0,64,0.001,128,5,0.8914452195167542,0.8743266463279724
qwen-0.6b,das,18,1,0,64,0.001,128,6,0.8743266463279724,0.8655162453651428
qwen-0.6b,das,18,1,0,64,0.001,128,7,0.8655162453651428,0.8581666946411133
qwen-0.6b,das,18,1,0,64,0.001,128,8,0.8581666946411133,0.8537386655807495
qwen-0.6b,das,18,1,0,64,0.001,128,9,0.8537386655807495,0.8467085957527161
qwen-0.6b,das,18,1,0,64,0.001,128,10,0.8467085957527161,0.8409111499786377
qwen-0.6b,das,18,1,0,64,0.001,128,11,0.8409111499786377,0.8314616680145264
qwen-0.6b,das,18,1,0,64,0.001,128,12,0.8314616680145264,0.8241577744483948
qwen-0.6b,das,18,1,0,64,0.001,128,13,0.8241577744483948,0.8166712522506714
qwen-0.6b,das,18,1,0,64,0.001,128,14,0.8166712522506714,0.8078608512878418
qwen-0.6b,das,18,1,0,64,0.001,128,15,0.8078608512878418,0.8012872934341431
qwen-0.6b,das,18,1,0,64,0.001,128,16,0.8012872934341431,0.793298602104187
qwen-0.6b,das,18,1,0,64,0.001,128,17,0.793298602104187,0.785036027431488
qwen-0.6b,das,18,1,0,64,0.001,128,18,0.785036027431488,0.7766364812850952
qwen-0.6b,das,18,1,0,64,0.001,128,19,0.7766364812850952,0.772208571434021
qwen-0.6b,das,18,1,0,64,0.001,128,20,0.772208571434021,0.7655436396598816
qwen-0.6b,das,18,1,0,64,0.001,128,21,0.7655436396598816,0.7590613961219788
qwen-0.6b,das,18,1,0,64,0.001,128,22,0.7590613961219788,0.7520313858985901
qwen-0.6b,das,18,1,0,64,0.001,128,23,0.7520313858985901,0.7466903924942017
qwen-0.6b,das,18,1,0,64,0.001,128,24,0.7466903924942017,0.7415775656700134
qwen-0.6b,das,18,1,0,64,0.001,128,25,0.7415775656700134,0.7363279461860657
qwen-0.6b,das,18,1,0,64,0.001,128,26,0.7363279461860657,0.7308500409126282
qwen-0.6b,das,18,1,0,64,0.001,128,27,0.7308500409126282,0.7273349761962891
qwen-0.6b,das,18,1,0,64,0.001,128,28,0.7273349761962891,0.7235003709793091
qwen-0.6b,das,18,1,0,64,0.001,128,29,0.7235003709793091,0.7181594371795654
qwen-0.6b,das,18,1,0,64,0.001,128,30,0.7181594371795654,0.7150552272796631
qwen-0.6b,das,18,1,0,64,0.001,128,31,0.7150552272796631,0.7119967341423035
qwen-0.6b,das,18,1,0,64,0.001,128,32,0.7119967341423035,0.7095772624015808
qwen-0.6b,das,18,1,0,64,0.001,128,33,0.7095772624015808,0.707294762134552
qwen-0.6b,das,18,1,0,64,0.001,128,34,0.707294762134552,0.7055144309997559
qwen-0.6b,das,18,1,0,64,0.001,128,35,0.7055144309997559,0.7021820545196533
qwen-0.6b,das,18,1,0,64,0.001,128,36,0.7021820545196533,0.7014060020446777
qwen-0.6b,das,18,1,0,64,0.001,128,37,0.7014060020446777,0.6996256113052368
qwen-0.6b,das,18,1,0,64,0.001,128,38,0.6996256113052368,0.6983931064605713
qwen-0.6b,das,18,1,0,64,0.001,128,39,0.6983931064605713,0.6968866586685181
qwen-0.6b,das,18,1,0,64,0.001,128,40,0.6968866586685181,0.696932315826416
qwen-0.6b,das,18,1,0,64,0.001,128,41,0.696932315826416,0.6967040300369263
qwen-0.6b,das,18,1,0,64,0.001,128,42,0.6967040300369263,0.6948780417442322
qwen-0.6b,das,18,1,0,64,0.001,128,43,0.6948780417442322,0.6945128440856934
qwen-0.6b,das,18,1,0,64,0.001,128,44,0.6945128440856934,0.6945585608482361
qwen-0.6b,das,18,1,0,64,0.001,128,45,0.6945585608482361,0.6955628991127014
qwen-0.6b,das,18,1,0,64,0.001,128,46,0.6955628991127014,0.6944671869277954
qwen-0.6b,das,18,1,0,64,0.001,128,47,0.6944671869277954,0.695288896560669
qwen-0.6b,das,18,1,0,64,0.001,128,48,0.695288896560669,0.6945585608482361
qwen-0.6b,das,18,1,0,64,0.001,128,49,0.6945585608482361,0.6956997513771057
qwen-0.6b,das,18,1,0,64,0.001,128,50,0.6956997513771057,0.6943303346633911
qwen-0.6b,das,18,1,0,64,0.001,128,51,0.6943303346633911,0.6964301466941833
qwen-0.6b,das,18,1,0,64,0.001,128,52,0.6964301466941833,0.6957454085350037
qwen-0.6b,das,18,1,0,64,0.001,128,53,0.6957454085350037,0.6967040300369263
qwen-0.6b,das,18,1,0,64,0.001,128,54,0.6967040300369263,0.6955628991127014
qwen-0.6b,das,18,1,0,64,0.001,128,55,0.6955628991127014,0.6962475776672363
qwen-0.6b,das,18,1,0,64,0.001,128,56,0.6962475776672363,0.6958367228507996
qwen-0.6b,das,18,1,0,64,0.001,128,57,0.6958367228507996,0.6951063871383667
qwen-0.6b,das,18,1,0,64,0.001,128,58,0.6951063871383667,0.6958823204040527
qwen-0.6b,das,18,1,0,64,0.001,128,59,0.6958823204040527,0.6944671869277954
qwen-0.6b,das,18,1,0,64,0.001,128,60,0.6944671869277954,0.6957454085350037
qwen-0.6b,das,18,1,0,64,0.001,128,61,0.6957454085350037,0.694649875164032
qwen-0.6b,das,18,1,0,64,0.001,128,62,0.694649875164032,0.6951519250869751
qwen-0.6b,das,18,1,0,64,0.001,128,63,0.6951519250869751,0.6955172419548035
qwen-0.6b,das2d,18,2,0,64,0.001,128,0,0.9996804594993591,0.9942025542259216
qwen-0.6b,das2d,18,2,0,64,0.001,128,1,0.9942025542259216,0.9732949733734131
qwen-0.6b,das2d,18,2,0,64,0.001,128,2,0.9732949733734131,0.9395599365234375
qwen-0.6b,das2d,18,2,0,64,0.001,128,3,0.9395599365234375,0.9064640402793884
qwen-0.6b,das2d,18,2,0,64,0.001,128,4,0.9064640402793884,0.8793481588363647
qwen-0.6b,das2d,18,2,0,64,0.001,128,5,0.8793481588363647,0.8608599305152893
qwen-0.6b,das2d,18,2,0,64,0.001,128,6,0.8608599305152893,0.8494932651519775
qwen-0.6b,das2d,18,2,0,64,0.001,128,7,0.8494932651519775,0.8397698998451233
qwen-0.6b,das2d,18,2,0,64,0.001,128,8,0.8397698998451233,0.8305487036705017
qwen-0.6b,das2d,18,2,0,64,0.001,128,9,0.8305487036705017,0.8207796812057495
qwen-0.6b,das2d,18,2,0,64,0.001,128,10,0.8207796812057495,0.8090476989746094
qwen-0.6b,das2d,18,2,0,64,0.001,128,11,0.8090476989746094,0.8004199266433716
qwen-0.6b,das2d,18,2,0,64,0.001,128,12,0.8004199266433716,0.7873185276985168
qwen-0.6b,das2d,18,2,0,64,0.001,128,13,0.7873185276985168,0.7762712836265564
qwen-0.6b,das2d,18,2,0,64,0.001,128,14,0.7762712836265564,0.766730546951294
qwen-0.6b,das2d,18,2,0,64,0.001,128,15,0.766730546951294,0.7544052004814148
qwen-0.6b,das2d,18,2,0,64,0.001,128,16,0.7544052004814148,0.7447274327278137
qwen-0.6b,das2d,18,2,0,64,0.001,128,17,0.7447274327278137,0.7355518937110901
qwen-0.6b,das2d,18,2,0,64,0.001,128,18,0.7355518937110901,0.7258285284042358
qwen-0.6b,das2d,18,2,0,64,0.001,128,19,0.7258285284042358,0.717292070388794
qwen-0.6b,das2d,18,2,0,64,0.001,128,20,0.717292070388794,0.7114032506942749
qwen-0.6b,das2d,18,2,0,64,0.001,128,21,0.7114032506942749,0.7042362093925476
qwen-0.6b,das2d,18,2,0,64,0.001,128,22,0.7042362093925476,0.6971149444580078
qwen-0.6b,das2d,18,2,0,64,0.001,128,23,0.6971149444580078,0.6935542821884155
qwen-0.6b,das2d,18,2,0,64,0.001,128,24,0.6935542821884155,0.6904044151306152
qwen-0.6b,das2d,18,2,0,64,0.001,128,25,0.6904044151306152,0.6856569051742554
qwen-0.6b,das2d,18,2,0,64,0.001,128,26,0.6856569051742554,0.682187557220459
qwen-0.6b,das2d,18,2,0,64,0.001,128,27,0.682187557220459,0.6810462474822998
qwen-0.6b,das2d,18,2,0,64,0.001,128,28,0.6810462474822998,0.6775313019752502
qwen-0.6b,das2d,18,2,0,64,0.001,128,29,0.6775313019752502,0.676253080368042
qwen-0.6b,das2d,18,2,0,64,0.001,128,30,0.676253080368042,0.6746553182601929
qwen-0.6b,das2d,18,2,0,64,0.001,128,31,0.6746553182601929,0.6739249229431152
qwen-0.6b,das2d,18,2,0,64,0.001,128,32,0.6739249229431152,0.6718250513076782
qwen-0.6b,das2d,18,2,0,64,0.001,128,33,0.6718250513076782,0.6718707084655762
qwen-0.6b,das2d,18,2,0,64,0.001,128,34,0.6718707084655762,0.6726467609405518
qwen-0.6b,das2d,18,2,0,64,0.001,128,35,0.6726467609405518,0.6711859703063965
qwen-0.6b,das2d,18,2,0,64,0.001,128,36,0.6711859703063965,0.6701816916465759
qwen-0.6b,das2d,18,2,0,64,0.001,128,37,0.6701816916465759,0.6706838011741638
qwen-0.6b,das2d,18,2,0,64,0.001,128,38,0.6706838011741638,0.6698620915412903
qwen-0.6b,das2d,18,2,0,64,0.001,128,39,0.6698620915412903,0.6677622199058533
qwen-0.6b,das2d,18,2,0,64,0.001,128,40,0.6677622199058533,0.6689491271972656
qwen-0.6b,das2d,18,2,0,64,0.001,128,41,0.6689491271972656,0.6679448485374451
qwen-0.6b,das2d,18,2,0,64,0.001,128,42,0.6679448485374451,0.6687665581703186
qwen-0.6b,das2d,18,2,0,64,0.001,128,43,0.6687665581703186,0.6676709651947021
qwen-0.6b,das2d,18,2,0,64,0.001,128,44,0.6676709651947021,0.6656166911125183
qwen-0.6b,das2d,18,2,0,64,0.001,128,45,0.6656166911125183,0.6649776101112366
qwen-0.6b,das2d,18,2,0,64,0.001,128,46,0.6649776101112366,0.6646124124526978
qwen-0.6b,das2d,18,2,0,64,0.001,128,47,0.6646124124526978,0.6609147787094116
qwen-0.6b,das2d,18,2,0,64,0.001,128,48,0.6609147787094116,0.6607322096824646
qwen-0.6b,das2d,18,2,0,64,0.001,128,49,0.6607322096824646,0.6600474715232849
qwen-0.6b,das2d,18,2,0,64,0.001,128,50,0.6600474715232849,0.6592257618904114
qwen-0.6b,das2d,18,2,0,64,0.001,128,51,0.6592257618904114,0.6575824022293091
qwen-0.6b,das2d,18,2,0,64,0.001,128,52,0.6575824022293091,0.6584953665733337
qwen-0.6b,das2d,18,2,0,64,0.001,128,53,0.6584953665733337,0.6574454307556152
qwen-0.6b,das2d,18,2,0,64,0.001,128,54,0.6574454307556152,0.6556194424629211
qwen-0.6b,das2d,18,2,0,64,0.001,128,55,0.6556194424629211,0.6546608209609985
qwen-0.6b,das2d,18,2,0,64,0.001,128,56,0.6546608209609985,0.6542499661445618
qwen-0.6b,das2d,18,2,0,64,0.001,128,57,0.6542499661445618,0.6532456874847412
qwen-0.6b,das2d,18,2,0,64,0.001,128,58,0.6532456874847412,0.651282787322998
qwen-0.6b,das2d,18,2,0,64,0.001,128,59,0.651282787322998,0.6516023278236389
qwen-0.6b,das2d,18,2,0,64,0.001,128,60,0.6516023278236389,0.6504610180854797
qwen-0.6b,das2d,18,2,0,64,0.001,128,61,0.6504610180854797,0.6493654847145081
qwen-0.6b,das2d,18,2,0,64,0.001,128,62,0.6493654847145081,0.6489089727401733
qwen-0.6b,das2d,18,2,0,64,0.001,128,63,0.6489089727401733,0.6492285132408142
qwen-0.6b,das3d,18,3,0,64,0.001,128,0,1.0001825094223022,0.9947502613067627
qwen-0.6b,das3d,18,3,0,64,0.001,128,1,0.9947502613067627,0.9735231995582581
qwen-0.6b,das3d,18,3,0,64,0.001,128,2,0.9735231995582581,0.9420249462127686
qwen-0.6b,das3d,18,3,0,64,0.001,128,3,0.9420249462127686,0.9077877998352051
qwen-0.6b,das3d,18,3,0,64,0.001,128,4,0.9077877998352051,0.8807632327079773
qwen-0.6b,das3d,18,3,0,64,0.001,128,5,0.8807632327079773,0.861133873462677
qwen-0.6b,das3d,18,3,0,64,0.001,128,6,0.861133873462677,0.8481237292289734
qwen-0.6b,das3d,18,3,0,64,0.001,128,7,0.8481237292289734,0.838080883026123
qwen-0.6b,das3d,18,3,0,64,0.001,128,8,0.838080883026123,0.8274444937705994
qwen-0.6b,das3d,18,3,0,64,0.001,128,9,0.8274444937705994,0.8176298141479492
qwen-0.6b,das3d,18,3,0,64,0.001,128,10,0.8176298141479492,0.807267427444458
qwen-0.6b,das3d,18,3,0,64,0.001,128,11,0.807267427444458,0.7946680784225464
qwen-0.6b,das3d,18,3,0,64,0.001,128,12,0.7946680784225464,0.781429648399353
qwen-0.6b,das3d,18,3,0,64,0.001,128,13,0.781429648399353,0.770519495010376
qwen-0.6b,das3d,18,3,0,64,0.001,128,14,0.770519495010376,0.7589701414108276
qwen-0.6b,das3d,18,3,0,64,0.001,128,15,0.7589701414108276,0.7479228973388672
qwen-0.6b,das3d,18,3,0,64,0.001,128,16,0.7479228973388672,0.7354149222373962
qwen-0.6b,das3d,18,3,0,64,0.001,128,17,0.7354149222373962,0.7261937260627747
qwen-0.6b,das3d,18,3,0,64,0.001,128,18,0.7261937260627747,0.7154660224914551
qwen-0.6b,das3d,18,3,0,64,0.001,128,19,0.7154660224914551,0.7060622572898865
qwen-0.6b,das3d,18,3,0,64,0.001,128,20,0.7060622572898865,0.6981648206710815
qwen-0.6b,das3d,18,3,0,64,0.001,128,21,0.6981648206710815,0.6892631649971008
qwen-0.6b,das3d,18,3,0,64,0.001,128,22,0.6892631649971008,0.6837852597236633
qwen-0.6b,das3d,18,3,0,64,0.001,128,23,0.6837852597236633,0.6767552495002747
qwen-0.6b,das3d,18,3,0,64,0.001,128,24,0.6767552495002747,0.6739249229431152
qwen-0.6b,das3d,18,3,0,64,0.001,128,25,0.6739249229431152,0.6696795225143433
qwen-0.6b,das3d,18,3,0,64,0.001,128,26,0.6696795225143433,0.6670318841934204
qwen-0.6b,das3d,18,3,0,64,0.001,128,27,0.6670318841934204,0.6627407670021057
qwen-0.6b,das3d,18,3,0,64,0.001,128,28,0.6627407670021057,0.6621930003166199
qwen-0.6b,das3d,18,3,0,64,0.001,128,29,0.6621930003166199,0.659956157207489
qwen-0.6b,das3d,18,3,0,64,0.001,128,30,0.659956157207489,0.6577649712562561
qwen-0.6b,das3d,18,3,0,64,0.001,128,31,0.6577649712562561,0.6569889187812805
qwen-0.6b,das3d,18,3,0,64,0.001,128,32,0.6569889187812805,0.6543412208557129
qwen-0.6b,das3d,18,3,0,64,0.001,128,33,0.6543412208557129,0.6542043089866638
qwen-0.6b,das3d,18,3,0,64,0.001,128,34,0.6542043089866638,0.6527891755104065
qwen-0.6b,das3d,18,3,0,64,0.001,128,35,0.6527891755104065,0.6516479253768921
qwen-0.6b,das3d,18,3,0,64,0.001,128,36,0.6516479253768921,0.6499589085578918
qwen-0.6b,das3d,18,3,0,64,0.001,128,37,0.6499589085578918,0.6490002870559692
qwen-0.6b,das3d,18,3,0,64,0.001,128,38,0.6490002870559692,0.6493198275566101
qwen-0.6b,das3d,18,3,0,64,0.001,128,39,0.6493198275566101,0.6464439034461975
qwen-0.6b,das3d,18,3,0,64,0.001,128,40,0.6464439034461975,0.6460787057876587
qwen-0.6b,das3d,18,3,0,64,0.001,128,41,0.6460787057876587,0.6438875198364258
qwen-0.6b,das3d,18,3,0,64,0.001,128,42,0.6438875198364258,0.6426093578338623
qwen-0.6b,das3d,18,3,0,64,0.001,128,43,0.6426093578338623,0.6408289670944214
qwen-0.6b,das3d,18,3,0,64,0.001,128,44,0.6408289670944214,0.63758784532547
qwen-0.6b,das3d,18,3,0,64,0.001,128,45,0.63758784532547,0.6366292238235474
qwen-0.6b,das3d,18,3,0,64,0.001,128,46,0.6366292238235474,0.6346662640571594
qwen-0.6b,das3d,18,3,0,64,0.001,128,47,0.6346662640571594,0.6332055330276489
qwen-0.6b,das3d,18,3,0,64,0.001,128,48,0.6332055330276489,0.6318816542625427
qwen-0.6b,das3d,18,3,0,64,0.001,128,49,0.6318816542625427,0.6309686899185181
qwen-0.6b,das3d,18,3,0,64,0.001,128,50,0.6309686899185181,0.6294165849685669
qwen-0.6b,das3d,18,3,0,64,0.001,128,51,0.6294165849685669,0.6278644800186157
qwen-0.6b,das3d,18,3,0,64,0.001,128,52,0.6278644800186157,0.6266319155693054
qwen-0.6b,das3d,18,3,0,64,0.001,128,53,0.6266319155693054,0.6253994107246399
qwen-0.6b,das3d,18,3,0,64,0.001,128,54,0.6253994107246399,0.624897301197052
qwen-0.6b,das3d,18,3,0,64,0.001,128,55,0.624897301197052,0.6221126317977905
qwen-0.6b,das3d,18,3,0,64,0.001,128,56,0.6221126317977905,0.6209257245063782
qwen-0.6b,das3d,18,3,0,64,0.001,128,57,0.6209257245063782,0.6216561198234558
qwen-0.6b,das3d,18,3,0,64,0.001,128,58,0.6216561198234558,0.6208800673484802
qwen-0.6b,das3d,18,3,0,64,0.001,128,59,0.6208800673484802,0.6205605864524841
qwen-0.6b,das3d,18,3,0,64,0.001,128,60,0.6205605864524841,0.6194193363189697
qwen-0.6b,das3d,18,3,0,64,0.001,128,61,0.6194193363189697,0.6193280220031738
qwen-0.6b,das3d,18,3,0,64,0.001,128,62,0.6193280220031738,0.6194649934768677
qwen-0.6b,das3d,18,3,0,64,0.001,128,63,0.6194649934768677,0.6185976266860962
qwen-0.6b,das,19,1,0,64,0.001,128,0,0.9994978308677673,0.9911440014839172
qwen-0.6b,das,19,1,0,64,0.001,128,1,0.9911440014839172,0.9664474725723267
qwen-0.6b,das,19,1,0,64,0.001,128,2,0.9664474725723267,0.9316168427467346
qwen-0.6b,das,19,1,0,64,0.001,128,3,0.9316168427467346,0.8959189653396606
qwen-0.6b,das,19,1,0,64,0.001,128,4,0.8959189653396606,0.8717702627182007
qwen-0.6b,das,19,1,0,64,0.001,128,5,0.8717702627182007,0.8561124801635742
qwen-0.6b,das,19,1,0,64,0.001,128,6,0.8561124801635742,0.8467085957527161
qwen-0.6b,das,19,1,0,64,0.001,128,7,0.8467085957527161,0.8410481214523315
qwen-0.6b,das,19,1,0,64,0.001,128,8,0.8410481214523315,0.8363004922866821
qwen-0.6b,das,19,1,0,64,0.001,128,9,0.8363004922866821,0.8287226557731628
qwen-0.6b,das,19,1,0,64,0.001,128,10,0.8287226557731628,0.8202318549156189
qwen-0.6b,das,19,1,0,64,0.001,128,11,0.8202318549156189,0.8109193444252014
qwen-0.6b,das,19,1,0,64,0.001,128,12,0.8109193444252014,0.8025197982788086
qwen-0.6b,das,19,1,0,64,0.001,128,13,0.8025197982788086,0.7937551140785217
qwen-0.6b,das,19,1,0,64,0.001,128,14,0.7937551140785217,0.7875467538833618
qwen-0.6b,das,19,1,0,64,0.001,128,15,0.7875467538833618,0.7793298363685608
qwen-0.6b,das,19,1,0,64,0.001,128,16,0.7793298363685608,0.7718433141708374
qwen-0.6b,das,19,1,0,64,0.001,128,17,0.7718433141708374,0.7627590298652649
qwen-0.6b,das,19,1,0,64,0.001,128,18,0.7627590298652649,0.7576919198036194
qwen-0.6b,das,19,1,0,64,0.001,128,19,0.7576919198036194,0.7508901357650757
qwen-0.6b,das,19,1,0,64,0.001,128,20,0.7508901357650757,0.7441796660423279
qwen-0.6b,das,19,1,0,64,0.001,128,21,0.7441796660423279,0.7362366318702698
qwen-0.6b,das,19,1,0,64,0.001,128,22,0.7362366318702698,0.7311694622039795
qwen-0.6b,das,19,1,0,64,0.001,128,23,0.7311694622039795,0.7235003709793091
qwen-0.6b,das,19,1,0,64,0.001,128,24,0.7235003709793091,0.7184332609176636
qwen-0.6b,das,19,1,0,64,0.001,128,25,0.7184332609176636,0.7142791748046875
qwen-0.6b,das,19,1,0,64,0.001,128,26,0.7142791748046875,0.708983838558197
qwen-0.6b,das,19,1,0,64,0.001,128,27,0.708983838558197,0.7051035761833191
qwen-0.6b,das,19,1,0,64,0.001,128,28,0.7051035761833191,0.7019994258880615
qwen-0.6b,das,19,1,0,64,0.001,128,29,0.7019994258880615,0.6967953443527222
qwen-0.6b,das,19,1,0,64,0.001,128,30,0.6967953443527222,0.6942390203475952
qwen-0.6b,das,19,1,0,64,0.001,128,31,0.6942390203475952,0.6904957294464111
qwen-0.6b,das,19,1,0,64,0.001,128,32,0.6904957294464111,0.686980664730072
qwen-0.6b,das,19,1,0,64,0.001,128,33,0.686980664730072,0.6850178241729736
qwen-0.6b,das,19,1,0,64,0.001,128,34,0.6850178241729736,0.6831917762756348
qwen-0.6b,das,19,1,0,64,0.001,128,35,0.6831917762756348,0.680681049823761
qwen-0.6b,das,19,1,0,64,0.001,128,36,0.680681049823761,0.6793115735054016
qwen-0.6b,das,19,1,0,64,0.001,128,37,0.6793115735054016,0.6777138113975525
qwen-0.6b,das,19,1,0,64,0.001,128,38,0.6777138113975525,0.676253080368042
qwen-0.6b,das,19,1,0,64,0.001,128,39,0.676253080368042,0.6759335398674011
qwen-0.6b,das,19,1,0,64,0.001,128,40,0.6759335398674011,0.6756596565246582
qwen-0.6b,das,19,1,0,64,0.001,128,41,0.6756596565246582,0.6747466325759888
qwen-0.6b,das,19,1,0,64,0.001,128,42,0.6747466325759888,0.6738793253898621
qwen-0.6b,das,19,1,0,64,0.001,128,43,0.6738793253898621,0.6740162372589111
qwen-0.6b,das,19,1,0,64,0.001,128,44,0.6740162372589111,0.674290120601654
qwen-0.6b,das,19,1,0,64,0.001,128,45,0.674290120601654,0.6735597252845764
qwen-0.6b,das,19,1,0,64,0.001,128,46,0.6735597252845764,0.674290120601654
qwen-0.6b,das,19,1,0,64,0.001,128,47,0.674290120601654,0.6739249229431152
qwen-0.6b,das,19,1,0,64,0.001,128,48,0.6739249229431152,0.6747466325759888
qwen-0.6b,das,19,1,0,64,0.001,128,49,0.6747466325759888,0.6752031445503235
qwen-0.6b,das,19,1,0,64,0.001,128,50,0.6752031445503235,0.6730576157569885
qwen-0.6b,das,19,1,0,64,0.001,128,51,0.6730576157569885,0.6742444634437561
qwen-0.6b,das,19,1,0,64,0.001,128,52,0.6742444634437561,0.6757965683937073
qwen-0.6b,das,19,1,0,64,0.001,128,53,0.6757965683937073,0.6748379468917847
qwen-0.6b,das,19,1,0,64,0.001,128,54,0.6748379468917847,0.6734684109687805
qwen-0.6b,das,19,1,0,64,0.001,128,55,0.6734684109687805,0.6732858419418335
qwen-0.6b,das,19,1,0,64,0.001,128,56,0.6732858419418335,0.6733314990997314
qwen-0.6b,das,19,1,0,64,0.001,128,57,0.6733314990997314,0.6759335398674011
qwen-0.6b,das,19,1,0,64,0.001,128,58,0.6759335398674011,0.67438143491745
qwen-0.6b,das,19,1,0,64,0.001,128,59,0.67438143491745,0.674335777759552
qwen-0.6b,das,19,1,0,64,0.001,128,60,0.674335777759552,0.6749748587608337
qwen-0.6b,das,19,1,0,64,0.001,128,61,0.6749748587608337,0.6753401160240173
qwen-0.6b,das,19,1,0,64,0.001,128,62,0.6753401160240173,0.674107551574707
qwen-0.6b,das,19,1,0,64,0.001,128,63,0.674107551574707,0.6738793253898621
qwen-0.6b,das2d,19,2,0,64,0.001,128,0,1.0014607906341553,0.9911895990371704
qwen-0.6b,das2d,19,2,0,64,0.001,128,1,0.9911895990371704,0.9650323987007141
qwen-0.6b,das2d,19,2,0,64,0.001,128,2,0.9650323987007141,0.9291061758995056
qwen-0.6b,das2d,19,2,0,64,0.001,128,3,0.9291061758995056,0.8929517269134521
qwen-0.6b,das2d,19,2,0,64,0.001,128,4,0.8929517269134521,0.8646489381790161
qwen-0.6b,das2d,19,2,0,64,0.001,128,5,0.8646489381790161,0.8467085957527161
qwen-0.6b,das2d,19,2,0,64,0.001,128,6,0.8467085957527161,0.8367570042610168
qwen-0.6b,das2d,19,2,0,64,0.001,128,7,0.8367570042610168,0.8272162079811096
qwen-0.6b,das2d,19,2,0,64,0.001,128,8,0.8272162079811096,0.8192732334136963
qwen-0.6b,das2d,19,2,0,64,0.001,128,9,0.8192732334136963,0.8085455298423767
qwen-0.6b,das2d,19,2,0,64,0.001,128,10,0.8085455298423767,0.797133207321167
qwen-0.6b,das2d,19,2,0,64,0.001,128,11,0.797133207321167,0.7851729393005371
qwen-0.6b,das2d,19,2,0,64,0.001,128,12,0.7851729393005371,0.7729389071464539
qwen-0.6b,das2d,19,2,0,64,0.001,128,13,0.7729389071464539,0.7613895535469055
qwen-0.6b,das2d,19,2,0,64,0.001,128,14,0.7613895535469055,0.7519857287406921
qwen-0.6b,das2d,19,2,0,64,0.001,128,15,0.7519857287406921,0.7424449324607849
qwen-0.6b,das2d,19,2,0,64,0.001,128,16,0.7424449324607849,0.7328585386276245
qwen-0.6b,das2d,19,2,0,64,0.001,128,17,0.7328585386276245,0.72381991147995
qwen-0.6b,das2d,19,2,0,64,0.001,128,18,0.72381991147995,0.7158312797546387
qwen-0.6b,das2d,19,2,0,64,0.001,128,19,0.7158312797546387,0.7078882455825806
qwen-0.6b,das2d,19,2,0,64,0.001,128,20,0.7078882455825806,0.6983931064605713
qwen-0.6b,das2d,19,2,0,64,0.001,128,21,0.6983931064605713,0.6917739510536194
qwen-0.6b,das2d,19,2,0,64,0.001,128,22,0.6917739510536194,0.6852917075157166
qwen-0.6b,das2d,19,2,0,64,0.001,128,23,0.6852917075157166,0.6793572306632996
qwen-0.6b,das2d,19,2,0,64,0.001,128,24,0.6793572306632996,0.6752031445503235
qwen-0.6b,das2d,19,2,0,64,0.001,128,25,0.6752031445503235,0.6718250513076782
qwen-0.6b,das2d,19,2,0,64,0.001,128,26,0.6718250513076782,0.6677166223526001
qwen-0.6b,das2d,19,2,0,64,0.001,128,27,0.6677166223526001,0.6658449769020081
qwen-0.6b,das2d,19,2,0,64,0.001,128,28,0.6658449769020081,0.6648863554000854
qwen-0.6b,das2d,19,2,0,64,0.001,128,29,0.6648863554000854,0.6612343192100525
qwen-0.6b,das2d,19,2,0,64,0.001,128,30,0.6612343192100525,0.6610517501831055
qwen-0.6b,das2d,19,2,0,64,0.001,128,31,0.6610517501831055,0.6579932570457458
qwen-0.6b,das2d,19,2,0,64,0.001,128,32,0.6579932570457458,0.6588149070739746
qwen-0.6b,das2d,19,2,0,64,0.001,128,33,0.6588149070739746,0.6568063497543335
qwen-0.6b,das2d,19,2,0,64,0.001,128,34,0.6568063497543335,0.6572628021240234
qwen-0.6b,das2d,19,2,0,64,0.001,128,35,0.6572628021240234,0.6571258902549744
qwen-0.6b,das2d,19,2,0,64,0.001,128,36,0.6571258902549744,0.6566693782806396
qwen-0.6b,das2d,19,2,0,64,0.001,128,37,0.6566693782806396,0.6566237211227417
qwen-0.6b,das2d,19,2,0,64,0.001,128,38,0.6566237211227417,0.6558477282524109
qwen-0.6b,das2d,19,2,0,64,0.001,128,39,0.6558477282524109,0.6565324664115906
qwen-0.6b,das2d,19,2,0,64,0.001,128,40,0.6565324664115906,0.6567150354385376
qwen-0.6b,das2d,19,2,0,64,0.001,128,41,0.6567150354385376,0.6554368734359741
qwen-0.6b,das2d,19,2,0,64,0.001,128,42,0.6554368734359741,0.6550260186195374
qwen-0.6b,das2d,19,2,0,64,0.001,128,43,0.6550260186195374,0.6530630588531494
qwen-0.6b,das2d,19,2,0,64,0.001,128,44,0.6530630588531494,0.6525152921676636
qwen-0.6b,das2d,19,2,0,64,0.001,128,45,0.6525152921676636,0.651282787322998
qwen-0.6b,das2d,19,2,0,64,0.001,128,46,0.651282787322998,0.6516023278236389
qwen-0.6b,das2d,19,2,0,64,0.001,128,47,0.6516023278236389,0.6500958204269409
qwen-0.6b,das2d,19,2,0,64,0.001,128,48,0.6500958204269409,0.649821937084198
qwen-0.6b,das2d,19,2,0,64,0.001,128,49,0.649821937084198,0.6497306823730469
qwen-0.6b,das2d,19,2,0,64,0.001,128,50,0.6497306823730469,0.6476307511329651
qwen-0.6b,das2d,19,2,0,64,0.001,128,51,0.6476307511329651,0.6475850939750671
qwen-0.6b,das2d,19,2,0,64,0.001,128,52,0.6475850939750671,0.6470373272895813
qwen-0.6b,das2d,19,2,0,64,0.001,128,53,0.6470373272895813,0.6470829844474792
qwen-0.6b,das2d,19,2,0,64,0.001,128,54,0.6470829844474792,0.6447548270225525
qwen-0.6b,das2d,19,2,0,64,0.001,128,55,0.6447548270225525,0.6460330486297607
qwen-0.6b,das2d,19,2,0,64,0.001,128,56,0.6460330486297607,0.6441157460212708
qwen-0.6b,das2d,19,2,0,64,0.001,128,57,0.6441157460212708,0.6432940363883972
qwen-0.6b,das2d,19,2,0,64,0.001,128,58,0.6432940363883972,0.6432027220726013
qwen-0.6b,das2d,19,2,0,64,0.001,128,59,0.6432027220726013,0.6429288983345032
qwen-0.6b,das2d,19,2,0,64,0.001,128,60,0.6429288983345032,0.6420158743858337
qwen-0.6b,das2d,19,2,0,64,0.001,128,61,0.6420158743858337,0.6411029100418091
qwen-0.6b,das2d,19,2,0,64,0.001,128,62,0.6411029100418091,0.6411485075950623
qwen-0.6b,das2d,19,2,0,64,0.001,128,63,0.6411485075950623,0.6407833695411682
qwen-0.6b,das3d,19,3,0,64,0.001,128,0,1.0001825094223022,0.9901396632194519
qwen-0.6b,das3d,19,3,0,64,0.001,128,1,0.9901396632194519,0.9653975963592529
qwen-0.6b,das3d,19,3,0,64,0.001,128,2,0.9653975963592529,0.9278279542922974
qwen-0.6b,das3d,19,3,0,64,0.001,128,3,0.9278279542922974,0.8903039693832397
qwen-0.6b,das3d,19,3,0,64,0.001,128,4,0.8903039693832397,0.8623207807540894
qwen-0.6b,das3d,19,3,0,64,0.001,128,5,0.8623207807540894,0.8420067429542542
qwen-0.6b,das3d,19,3,0,64,0.001,128,6,0.8420067429542542,0.8305487036705017
qwen-0.6b,das3d,19,3,0,64,0.001,128,7,0.8305487036705017,0.8200492858886719
qwen-0.6b,das3d,19,3,0,64,0.001,128,8,0.8200492858886719,0.8090934157371521
qwen-0.6b,das3d,19,3,0,64,0.001,128,9,0.8090934157371521,0.7975897192955017
qwen-0.6b,das3d,19,3,0,64,0.001,128,10,0.7975897192955017,0.7834382653236389
qwen-0.6b,das3d,19,3,0,64,0.001,128,11,0.7834382653236389,0.7705651521682739
qwen-0.6b,das3d,19,3,0,64,0.001,128,12,0.7705651521682739,0.7576919198036194
qwen-0.6b,das3d,19,3,0,64,0.001,128,13,0.7576919198036194,0.7439970374107361
qwen-0.6b,das3d,19,3,0,64,0.001,128,14,0.7439970374107361,0.7327215671539307
qwen-0.6b,das3d,19,3,0,64,0.001,128,15,0.7327215671539307,0.7227699756622314
qwen-0.6b,das3d,19,3,0,64,0.001,128,16,0.7227699756622314,0.7112206816673279
qwen-0.6b,das3d,19,3,0,64,0.001,128,17,0.7112206816673279,0.7028211355209351
qwen-0.6b,das3d,19,3,0,64,0.001,128,18,0.7028211355209351,0.6910435557365417
qwen-0.6b,das3d,19,3,0,64,0.001,128,19,0.6910435557365417,0.6836939454078674
qwen-0.6b,das3d,19,3,0,64,0.001,128,20,0.6836939454078674,0.6766639351844788
qwen-0.6b,das3d,19,3,0,64,0.001,128,21,0.6766639351844788,0.6695425510406494
qwen-0.6b,das3d,19,3,0,64,0.001,128,22,0.6695425510406494,0.6656623482704163
qwen-0.6b,das3d,19,3,0,64,0.001,128,23,0.6656623482704163,0.6605039238929749
qwen-0.6b,das3d,19,3,0,64,0.001,128,24,0.6605039238929749,0.6558476686477661
qwen-0.6b,das3d,19,3,0,64,0.001,128,25,0.6558476686477661,0.6544325351715088
qwen-0.6b,das3d,19,3,0,64,0.001,128,26,0.6544325351715088,0.6517848968505859
qwen-0.6b,das3d,19,3,0,64,0.001,128,27,0.6517848968505859,0.6507806181907654
qwen-0.6b,das3d,19,3,0,64,0.001,128,28,0.6507806181907654,0.651511013507843
qwen-0.6b,das3d,19,3,0,64,0.001,128,29,0.651511013507843,0.6486806869506836
qwen-0.6b,das3d,19,3,0,64,0.001,128,30,0.6486806869506836,0.647904634475708
qwen-0.6b,das3d,19,3,0,64,0.001,128,31,0.647904634475708,0.6486350893974304
qwen-0.6b,das3d,19,3,0,64,0.001,128,32,0.6486350893974304,0.6480416059494019
qwen-0.6b,das3d,19,3,0,64,0.001,128,33,0.6480416059494019,0.6470373272895813
qwen-0.6b,das3d,19,3,0,64,0.001,128,34,0.6470373272895813,0.6469460129737854
qwen-0.6b,das3d,19,3,0,64,0.001,128,35,0.6469460129737854,0.6464439034461975
qwen-0.6b,das3d,19,3,0,64,0.001,128,36,0.6464439034461975,0.6452569961547852
qwen-0.6b,das3d,19,3,0,64,0.001,128,37,0.6452569961547852,0.6439787745475769
qwen-0.6b,das3d,19,3,0,64,0.001,128,38,0.6439787745475769,0.6432027220726013
qwen-0.6b,das3d,19,3,0,64,0.001,128,39,0.6432027220726013,0.6411485075950623
qwen-0.6b,das3d,19,3,0,64,0.001,128,40,0.6411485075950623,0.6401898860931396
qwen-0.6b,das3d,19,3,0,64,0.001,128,41,0.6401898860931396,0.6383182406425476
qwen-0.6b,das3d,19,3,0,64,0.001,128,42,0.6383182406425476,0.6376335024833679
qwen-0.6b,das3d,19,3,0,64,0.001,128,43,0.6376335024833679,0.6357618570327759
qwen-0.6b,das3d,19,3,0,64,0.001,128,44,0.6357618570327759,0.6349401473999023
qwen-0.6b,das3d,19,3,0,64,0.001,128,45,0.6349401473999023,0.6341640949249268
qwen-0.6b,das3d,19,3,0,64,0.001,128,46,0.6341640949249268,0.6310142874717712
qwen-0.6b,das3d,19,3,0,64,0.001,128,47,0.6310142874717712,0.6300557255744934
qwen-0.6b,das3d,19,3,0,64,0.001,128,48,0.6300557255744934,0.6292796730995178
qwen-0.6b,das3d,19,3,0,64,0.001,128,49,0.6292796730995178,0.6280014514923096
qwen-0.6b,das3d,19,3,0,64,0.001,128,50,0.6280014514923096,0.6274992823600769
qwen-0.6b,das3d,19,3,0,64,0.001,128,51,0.6274992823600769,0.6271340847015381
qwen-0.6b,das3d,19,3,0,64,0.001,128,52,0.6271340847015381,0.6259471774101257
qwen-0.6b,das3d,19,3,0,64,0.001,128,53,0.6259471774101257,0.6251711249351501
qwen-0.6b,das3d,19,3,0,64,0.001,128,54,0.6251711249351501,0.6237103939056396
qwen-0.6b,das3d,19,3,0,64,0.001,128,55,0.6237103939056396,0.6241212487220764
qwen-0.6b,das3d,19,3,0,64,0.001,128,56,0.6241212487220764,0.6233908534049988
qwen-0.6b,das3d,19,3,0,64,0.001,128,57,0.6233908534049988,0.621290922164917
qwen-0.6b,das3d,19,3,0,64,0.001,128,58,0.621290922164917,0.620834469795227
qwen-0.6b,das3d,19,3,0,64,0.001,128,59,0.620834469795227,0.6209257245063782
qwen-0.6b,das3d,19,3,0,64,0.001,128,60,0.6209257245063782,0.6201497316360474
qwen-0.6b,das3d,19,3,0,64,0.001,128,61,0.6201497316360474,0.6205148696899414
qwen-0.6b,das3d,19,3,0,64,0.001,128,62,0.6205148696899414,0.6176846027374268
qwen-0.6b,das3d,19,3,0,64,0.001,128,63,0.6176846027374268,0.6183237433433533
qwen-0.6b,das,20,1,0,64,0.001,128,0,1.0008673667907715,0.9985848069190979
qwen-0.6b,das,20,1,0,64,0.001,128,1,0.9985848069190979,0.9816945195198059
qwen-0.6b,das,20,1,0,64,0.001,128,2,0.9816945195198059,0.9515200853347778
qwen-0.6b,das,20,1,0,64,0.001,128,3,0.9515200853347778,0.9202044606208801
qwen-0.6b,das,20,1,0,64,0.001,128,4,0.9202044606208801,0.8910343647003174
qwen-0.6b,das,20,1,0,64,0.001,128,5,0.8910343647003174,0.8702182173728943
qwen-0.6b,das,20,1,0,64,0.001,128,6,0.8702182173728943,0.8585318922996521
qwen-0.6b,das,20,1,0,64,0.001,128,7,0.8585318922996521,0.8516845107078552
qwen-0.6b,das,20,1,0,64,0.001,128,8,0.8516845107078552,0.8469368815422058
qwen-0.6b,das,20,1,0,64,0.001,128,9,0.8469368815422058,0.8410024642944336
qwen-0.6b,das,20,1,0,64,0.001,128,10,0.8410024642944336,0.8332419991493225
qwen-0.6b,das,20,1,0,64,0.001,128,11,0.8332419991493225,0.8254815936088562
qwen-0.6b,das,20,1,0,64,0.001,128,12,0.8254815936088562,0.8170364499092102
qwen-0.6b,das,20,1,0,64,0.001,128,13,0.8170364499092102,0.8093672394752502
qwen-0.6b,das,20,1,0,64,0.001,128,14,0.8093672394752502,0.8008764386177063
qwen-0.6b,das,20,1,0,64,0.001,128,15,0.8008764386177063,0.7925225496292114
qwen-0.6b,das,20,1,0,64,0.001,128,16,0.7925225496292114,0.7836666107177734
qwen-0.6b,das,20,1,0,64,0.001,128,17,0.7836666107177734,0.7772756218910217
qwen-0.6b,das,20,1,0,64,0.001,128,18,0.7772756218910217,0.7697434425354004
qwen-0.6b,das,20,1,0,64,0.001,128,19,0.7697434425354004,0.7634437680244446
qwen-0.6b,das,20,1,0,64,0.001,128,20,0.7634437680244446,0.7569158673286438
qwen-0.6b,das,20,1,0,64,0.001,128,21,0.7569158673286438,0.7484707832336426
qwen-0.6b,das,20,1,0,64,0.001,128,22,0.7484707832336426,0.7430840730667114
qwen-0.6b,das,20,1,0,64,0.001,128,23,0.7430840730667114,0.7369213700294495
qwen-0.6b,das,20,1,0,64,0.001,128,24,0.7369213700294495,0.7325389981269836
qwen-0.6b,das,20,1,0,64,0.001,128,25,0.7325389981269836,0.7243220806121826
qwen-0.6b,das,20,1,0,64,0.001,128,26,0.7243220806121826,0.7209897041320801
qwen-0.6b,das,20,1,0,64,0.001,128,27,0.7209897041320801,0.7152377963066101
qwen-0.6b,das,20,1,0,64,0.001,128,28,0.7152377963066101,0.7107185125350952
qwen-0.6b,das,20,1,0,64,0.001,128,29,0.7107185125350952,0.7057426571846008
qwen-0.6b,das,20,1,0,64,0.001,128,30,0.7057426571846008,0.7037798166275024
qwen-0.6b,das,20,1,0,64,0.001,128,31,0.7037798166275024,0.6983017921447754
qwen-0.6b,das,20,1,0,64,0.001,128,32,0.6983017921447754,0.6959736347198486
qwen-0.6b,das,20,1,0,64,0.001,128,33,0.6959736347198486,0.6927782297134399
qwen-0.6b,das,20,1,0,64,0.001,128,34,0.6927782297134399,0.6918196082115173
qwen-0.6b,das,20,1,0,64,0.001,128,35,0.6918196082115173,0.6888067126274109
qwen-0.6b,das,20,1,0,64,0.001,128,36,0.6888067126274109,0.686752438545227
qwen-0.6b,das,20,1,0,64,0.001,128,37,0.686752438545227,0.684241771697998
qwen-0.6b,das,20,1,0,64,0.001,128,38,0.684241771697998,0.6820505857467651
qwen-0.6b,das,20,1,0,64,0.001,128,39,0.6820505857467651,0.6822331547737122
qwen-0.6b,das,20,1,0,64,0.001,128,40,0.6822331547737122,0.6823244690895081
qwen-0.6b,das,20,1,0,64,0.001,128,41,0.6823244690895081,0.6811832189559937
qwen-0.6b,das,20,1,0,64,0.001,128,42,0.6811832189559937,0.6804071664810181
qwen-0.6b,das,20,1,0,64,0.001,128,43,0.6804071664810181,0.6794941425323486
qwen-0.6b,das,20,1,0,64,0.001,128,44,0.6794941425323486,0.6794941425323486
qwen-0.6b,das,20,1,0,64,0.001,128,45,0.6794941425323486,0.6789920330047607
qwen-0.6b,das,20,1,0,64,0.001,128,46,0.6789920330047607,0.6789920330047607
qwen-0.6b,das,20,1,0,64,0.001,128,47,0.6789920330047607,0.6783985495567322
qwen-0.6b,das,20,1,0,64,0.001,128,48,0.6783985495567322,0.6792659163475037
qwen-0.6b,das,20,1,0,64,0.001,128,49,0.6792659163475037,0.6802701950073242
qwen-0.6b,das,20,1,0,64,0.001,128,50,0.6802701950073242,0.6795854568481445
qwen-0.6b,das,20,1,0,64,0.001,128,51,0.6795854568481445,0.6797224283218384
qwen-0.6b,das,20,1,0,64,0.001,128,52,0.6797224283218384,0.6813657879829407
qwen-0.6b,das,20,1,0,64,0.001,128,53,0.6813657879829407,0.6790834069252014
qwen-0.6b,das,20,1,0,64,0.001,128,54,0.6790834069252014,0.6799506545066833
qwen-0.6b,das,20,1,0,64,0.001,128,55,0.6799506545066833,0.680498480796814
qwen-0.6b,das,20,1,0,64,0.001,128,56,0.680498480796814,0.6796311140060425
qwen-0.6b,das,20,1,0,64,0.001,128,57,0.6796311140060425,0.6784898638725281
qwen-0.6b,das,20,1,0,64,0.001,128,58,0.6784898638725281,0.6794484853744507
qwen-0.6b,das,20,1,0,64,0.001,128,59,0.6794484853744507,0.6790834069252014
qwen-0.6b,das,20,1,0,64,0.001,128,60,0.6790834069252014,0.6783530116081238
qwen-0.6b,das,20,1,0,64,0.001,128,61,0.6783530116081238,0.678535521030426
qwen-0.6b,das,20,1,0,64,0.001,128,62,0.678535521030426,0.6786724328994751
qwen-0.6b,das,20,1,0,64,0.001,128,63,0.6786724328994751,0.6803615093231201
qwen-0.6b,das2d,20,2,0,64,0.001,128,0,1.0001369714736938,0.9982196092605591
qwen-0.6b,das2d,20,2,0,64,0.001,128,1,0.9982196092605591,0.9804619550704956
qwen-0.6b,das2d,20,2,0,64,0.001,128,2,0.9804619550704956,0.9515200853347778
qwen-0.6b,das2d,20,2,0,64,0.001,128,3,0.9515200853347778,0.9179219603538513
qwen-0.6b,das2d,20,2,0,64,0.001,128,4,0.9179219603538513,0.8857390284538269
qwen-0.6b,das2d,20,2,0,64,0.001,128,5,0.8857390284538269,0.8622751235961914
qwen-0.6b,das2d,20,2,0,64,0.001,128,6,0.8622751235961914,0.8467085957527161
qwen-0.6b,das2d,20,2,0,64,0.001,128,7,0.8467085957527161,0.838126540184021
qwen-0.6b,das2d,20,2,0,64,0.001,128,8,0.838126540184021,0.8297269940376282
qwen-0.6b,das2d,20,2,0,64,0.001,128,9,0.8297269940376282,0.8201406002044678
qwen-0.6b,das2d,20,2,0,64,0.001,128,10,0.8201406002044678,0.8113757967948914
qwen-0.6b,das2d,20,2,0,64,0.001,128,11,0.8113757967948914,0.7981831431388855
qwen-0.6b,das2d,20,2,0,64,0.001,128,12,0.7981831431388855,0.7864968180656433
qwen-0.6b,das2d,20,2,0,64,0.001,128,13,0.7864968180656433,0.7756322026252747
qwen-0.6b,das2d,20,2,0,64,0.001,128,14,0.7756322026252747,0.7629873156547546
qwen-0.6b,das2d,20,2,0,64,0.001,128,15,0.7629873156547546,0.752305269241333
qwen-0.6b,das2d,20,2,0,64,0.001,128,16,0.752305269241333,0.7420341372489929
qwen-0.6b,das2d,20,2,0,64,0.001,128,17,0.7420341372489929,0.731808602809906
qwen-0.6b,das2d,20,2,0,64,0.001,128,18,0.731808602809906,0.7236373424530029
qwen-0.6b,das2d,20,2,0,64,0.001,128,19,0.7236373424530029,0.7163333892822266
qwen-0.6b,das2d,20,2,0,64,0.001,128,20,0.7163333892822266,0.7063817977905273
qwen-0.6b,das2d,20,2,0,64,0.001,128,21,0.7063817977905273,0.6991691589355469
qwen-0.6b,das2d,20,2,0,64,0.001,128,22,0.6991691589355469,0.6910892128944397
qwen-0.6b,das2d,20,2,0,64,0.001,128,23,0.6910892128944397,0.6868894696235657
qwen-0.6b,das2d,20,2,0,64,0.001,128,24,0.6868894696235657,0.6798593997955322
qwen-0.6b,das2d,20,2,0,64,0.001,128,25,0.6798593997955322,0.6767552495002747
qwen-0.6b,das2d,20,2,0,64,0.001,128,26,0.6767552495002747,0.6716880798339844
qwen-0.6b,das2d,20,2,0,64,0.001,128,27,0.6716880798339844,0.6684470176696777
qwen-0.6b,das2d,20,2,0,64,0.001,128,28,0.6684470176696777,0.666073203086853
qwen-0.6b,das2d,20,2,0,64,0.001,128,29,0.666073203086853,0.6640646457672119
qwen-0.6b,das2d,20,2,0,64,0.001,128,30,0.6640646457672119,0.6628777384757996
qwen-0.6b,das2d,20,2,0,64,0.001,128,31,0.6628777384757996,0.6609604358673096
qwen-0.6b,das2d,20,2,0,64,0.001,128,32,0.6609604358673096,0.6589062213897705
qwen-0.6b,das2d,20,2,0,64,0.001,128,33,0.6589062213897705,0.6589062213897705
qwen-0.6b,das2d,20,2,0,64,0.001,128,34,0.6589062213897705,0.6584953665733337
qwen-0.6b,das2d,20,2,0,64,0.001,128,35,0.6584953665733337,0.657673716545105
qwen-0.6b,das2d,20,2,0,64,0.001,128,36,0.657673716545105,0.6568063497543335
qwen-0.6b,das2d,20,2,0,64,0.001,128,37,0.6568063497543335,0.6565324068069458
qwen-0.6b,das2d,20,2,0,64,0.001,128,38,0.6565324068069458,0.656167209148407
qwen-0.6b,das2d,20,2,0,64,0.001,128,39,0.656167209148407,0.6554825305938721
qwen-0.6b,das2d,20,2,0,64,0.001,128,40,0.6554825305938721,0.6542043089866638
qwen-0.6b,das2d,20,2,0,64,0.001,128,41,0.6542043089866638,0.6542499661445618
qwen-0.6b,das2d,20,2,0,64,0.001,128,42,0.6542499661445618,0.6536564826965332
qwen-0.6b,das2d,20,2,0,64,0.001,128,43,0.6536564826965332,0.6509175300598145
qwen-0.6b,das2d,20,2,0,64,0.001,128,44,0.6509175300598145,0.6521044373512268
qwen-0.6b,das2d,20,2,0,64,0.001,128,45,0.6521044373512268,0.6496850252151489
qwen-0.6b,das2d,20,2,0,64,0.001,128,46,0.6496850252151489,0.6487263441085815
qwen-0.6b,das2d,20,2,0,64,0.001,128,47,0.6487263441085815,0.6487263441085815
qwen-0.6b,das2d,20,2,0,64,0.001,128,48,0.6487263441085815,0.6467633843421936
qwen-0.6b,das2d,20,2,0,64,0.001,128,49,0.6467633843421936,0.6458960771560669
qwen-0.6b,das2d,20,2,0,64,0.001,128,50,0.6458960771560669,0.6448917984962463
qwen-0.6b,das2d,20,2,0,64,0.001,128,51,0.6448917984962463,0.6420158743858337
qwen-0.6b,das2d,20,2,0,64,0.001,128,52,0.6420158743858337,0.641559362411499
qwen-0.6b,das2d,20,2,0,64,0.001,128,53,0.641559362411499,0.6401898860931396
qwen-0.6b,das2d,20,2,0,64,0.001,128,54,0.6401898860931396,0.6400985717773438
qwen-0.6b,das2d,20,2,0,64,0.001,128,55,0.6400985717773438,0.6403724551200867
qwen-0.6b,das2d,20,2,0,64,0.001,128,56,0.6403724551200867,0.6378161311149597
qwen-0.6b,das2d,20,2,0,64,0.001,128,57,0.6378161311149597,0.6375422477722168
qwen-0.6b,das2d,20,2,0,64,0.001,128,58,0.6375422477722168,0.6358531713485718
qwen-0.6b,das2d,20,2,0,64,0.001,128,59,0.6358531713485718,0.6351227760314941
qwen-0.6b,das2d,20,2,0,64,0.001,128,60,0.6351227760314941,0.6338902711868286
qwen-0.6b,das2d,20,2,0,64,0.001,128,61,0.6338902711868286,0.6341184973716736
qwen-0.6b,das2d,20,2,0,64,0.001,128,62,0.6341184973716736,0.6330685615539551
qwen-0.6b,das2d,20,2,0,64,0.001,128,63,0.6330685615539551,0.6318359971046448
qwen-0.6b,das3d,20,3,0,64,0.001,128,0,0.9976718425750732,0.9877201914787292
qwen-0.6b,das3d,20,3,0,64,0.001,128,1,0.9877201914787292,0.9584131836891174
qwen-0.6b,das3d,20,3,0,64,0.001,128,2,0.9584131836891174,0.9225782155990601
qwen-0.6b,das3d,20,3,0,64,0.001,128,3,0.9225782155990601,0.8878388404846191
qwen-0.6b,das3d,20,3,0,64,0.001,128,4,0.8878388404846191,0.8623663783073425
qwen-0.6b,das3d,20,3,0,64,0.001,128,5,0.8623663783073425,0.8466173410415649
qwen-0.6b,das3d,20,3,0,64,0.001,128,6,0.8466173410415649,0.8358896374702454
qwen-0.6b,das3d,20,3,0,64,0.001,128,7,0.8358896374702454,0.8252077102661133
qwen-0.6b,das3d,20,3,0,64,0.001,128,8,0.8252077102661133,0.8141605257987976
qwen-0.6b,das3d,20,3,0,64,0.001,128,9,0.8141605257987976,0.8026567697525024
qwen-0.6b,das3d,20,3,0,64,0.001,128,10,0.8026567697525024,0.7890075445175171
qwen-0.6b,das3d,20,3,0,64,0.001,128,11,0.7890075445175171,0.7740800976753235
qwen-0.6b,das3d,20,3,0,64,0.001,128,12,0.7740800976753235,0.7620286345481873
qwen-0.6b,das3d,20,3,0,64,0.001,128,13,0.7620286345481873,0.7494293451309204
qwen-0.6b,das3d,20,3,0,64,0.001,128,14,0.7494293451309204,0.7373322248458862
qwen-0.6b,das3d,20,3,0,64,0.001,128,15,0.7373322248458862,0.7265589237213135
qwen-0.6b,das3d,20,3,0,64,0.001,128,16,0.7265589237213135,0.7152834534645081
qwen-0.6b,das3d,20,3,0,64,0.001,128,17,0.7152834534645081,0.7061991691589355
qwen-0.6b,das3d,20,3,0,64,0.001,128,18,0.7061991691589355,0.6964301466941833
qwen-0.6b,das3d,20,3,0,64,0.001,128,19,0.6964301466941833,0.688122034072876
qwen-0.6b,das3d,20,3,0,64,0.001,128,20,0.688122034072876,0.6824613809585571
qwen-0.6b,das3d,20,3,0,64,0.001,128,21,0.6824613809585571,0.6753400564193726
qwen-0.6b,das3d,20,3,0,64,0.001,128,22,0.6753400564193726,0.6690403819084167
qwen-0.6b,das3d,20,3,0,64,0.001,128,23,0.6690403819084167,0.6632885932922363
qwen-0.6b,das3d,20,3,0,64,0.001,128,24,0.6632885932922363,0.6600474119186401
qwen-0.6b,das3d,20,3,0,64,0.001,128,25,0.6600474119186401,0.6566237211227417
qwen-0.6b,das3d,20,3,0,64,0.001,128,26,0.6566237211227417,0.6546151638031006
qwen-0.6b,das3d,20,3,0,64,0.001,128,27,0.6546151638031006,0.6524240374565125
qwen-0.6b,das3d,20,3,0,64,0.001,128,28,0.6524240374565125,0.6517848372459412
qwen-0.6b,das3d,20,3,0,64,0.001,128,29,0.6517848372459412,0.6508718729019165
qwen-0.6b,das3d,20,3,0,64,0.001,128,30,0.6508718729019165,0.6497762799263
qwen-0.6b,das3d,20,3,0,64,0.001,128,31,0.6497762799263,0.6484981179237366
qwen-0.6b,das3d,20,3,0,64,0.001,128,32,0.6484981179237366,0.6470829844474792
qwen-0.6b,das3d,20,3,0,64,0.001,128,33,0.6470829844474792,0.6463525891304016
qwen-0.6b,das3d,20,3,0,64,0.001,128,34,0.6463525891304016,0.6449831128120422
qwen-0.6b,das3d,20,3,0,64,0.001,128,35,0.6449831128120422,0.6454395651817322
qwen-0.6b,das3d,20,3,0,64,0.001,128,36,0.6454395651817322,0.6432483792304993
qwen-0.6b,das3d,20,3,0,64,0.001,128,37,0.6432483792304993,0.6428831815719604
qwen-0.6b,das3d,20,3,0,64,0.001,128,38,0.6428831815719604,0.6397333741188049
qwen-0.6b,das3d,20,3,0,64,0.001,128,39,0.6397333741188049,0.639687716960907
qwen-0.6b,das3d,20,3,0,64,0.001,128,40,0.639687716960907,0.6376335024833679
qwen-0.6b,das3d,20,3,0,64,0.001,128,41,0.6376335024833679,0.6346662640571594
qwen-0.6b,das3d,20,3,0,64,0.001,128,42,0.6346662640571594,0.6337988972663879
qwen-0.6b,das3d,20,3,0,64,0.001,128,43,0.6337988972663879,0.631470799446106
qwen-0.6b,das3d,20,3,0,64,0.001,128,44,0.631470799446106,0.6294165849685669
qwen-0.6b,das3d,20,3,0,64,0.001,128,45,0.6294165849685669,0.6283209919929504
qwen-0.6b,das3d,20,3,0,64,0.001,128,46,0.6283209919929504,0.6261754631996155
qwen-0.6b,das3d,20,3,0,64,0.001,128,47,0.6261754631996155,0.625079870223999
qwen-0.6b,das3d,20,3,0,64,0.001,128,48,0.625079870223999,0.6230713129043579
qwen-0.6b,das3d,20,3,0,64,0.001,128,49,0.6230713129043579,0.6217017769813538
qwen-0.6b,das3d,20,3,0,64,0.001,128,50,0.6217017769813538,0.6210170984268188
qwen-0.6b,das3d,20,3,0,64,0.001,128,51,0.6210170984268188,0.6180954575538635
qwen-0.6b,das3d,20,3,0,64,0.001,128,52,0.6180954575538635,0.617045521736145
qwen-0.6b,das3d,20,3,0,64,0.001,128,53,0.617045521736145,0.6159499883651733
qwen-0.6b,das3d,20,3,0,64,0.001,128,54,0.6159499883651733,0.6154021620750427
qwen-0.6b,das3d,20,3,0,64,0.001,128,55,0.6154021620750427,0.6133479475975037
qwen-0.6b,das3d,20,3,0,64,0.001,128,56,0.6133479475975037,0.6137131452560425
qwen-0.6b,das3d,20,3,0,64,0.001,128,57,0.6137131452560425,0.6119784712791443
qwen-0.6b,das3d,20,3,0,64,0.001,128,58,0.6119784712791443,0.6121610403060913
qwen-0.6b,das3d,20,3,0,64,0.001,128,59,0.6121610403060913,0.6102893948554993
qwen-0.6b,das3d,20,3,0,64,0.001,128,60,0.6102893948554993,0.6106089353561401
qwen-0.6b,das3d,20,3,0,64,0.001,128,61,0.6106089353561401,0.6090568900108337
qwen-0.6b,das3d,20,3,0,64,0.001,128,62,0.6090568900108337,0.6094676852226257
qwen-0.6b,das3d,20,3,0,64,0.001,128,63,0.6094676852226257,0.6068657040596008
qwen-0.6b,das,21,1,0,64,0.001,128,0,1.0001826286315918,0.9929700493812561
qwen-0.6b,das,21,1,0,64,0.001,128,1,0.9929700493812561,0.9688212871551514
qwen-0.6b,das,21,1,0,64,0.001,128,2,0.9688212871551514,0.9337623715400696
qwen-0.6b,das,21,1,0,64,0.001,128,3,0.9337623715400696,0.9009403586387634
qwen-0.6b,das,21,1,0,64,0.001,128,4,0.9009403586387634,0.8784351348876953
qwen-0.6b,das,21,1,0,64,0.001,128,5,0.8784351348876953,0.8619099259376526
qwen-0.6b,das,21,1,0,64,0.001,128,6,0.8619099259376526,0.8537843227386475
qwen-0.6b,das,21,1,0,64,0.001,128,7,0.8537843227386475,0.8488541841506958
qwen-0.6b,das,21,1,0,64,0.001,128,8,0.8488541841506958,0.8422806262969971
qwen-0.6b,das,21,1,0,64,0.001,128,9,0.8422806262969971,0.8359809517860413
qwen-0.6b,das,21,1,0,64,0.001,128,10,0.8359809517860413,0.8294073939323425
qwen-0.6b,das,21,1,0,64,0.001,128,11,0.8294073939323425,0.8223317265510559
qwen-0.6b,das,21,1,0,64,0.001,128,12,0.8223317265510559,0.8118780255317688
qwen-0.6b,das,21,1,0,64,0.001,128,13,0.8118780255317688,0.8046197295188904
qwen-0.6b,das,21,1,0,64,0.001,128,14,0.8046197295188904,0.7976809740066528
qwen-0.6b,das,21,1,0,64,0.001,128,15,0.7976809740066528,0.7898749113082886
qwen-0.6b,das,21,1,0,64,0.001,128,16,0.7898749113082886,0.7818406224250793
qwen-0.6b,das,21,1,0,64,0.001,128,17,0.7818406224250793,0.7741257548332214
qwen-0.6b,das,21,1,0,64,0.001,128,18,0.7741257548332214,0.7678261399269104
qwen-0.6b,das,21,1,0,64,0.001,128,19,0.7678261399269104,0.7602483034133911
qwen-0.6b,das,21,1,0,64,0.001,128,20,0.7602483034133911,0.7538573741912842
qwen-0.6b,das,21,1,0,64,0.001,128,21,0.7538573741912842,0.7470555305480957
qwen-0.6b,das,21,1,0,64,0.001,128,22,0.7470555305480957,0.7426275610923767
qwen-0.6b,das,21,1,0,64,0.001,128,23,0.7426275610923767,0.7367388010025024
qwen-0.6b,das,21,1,0,64,0.001,128,24,0.7367388010025024,0.7303935289382935
qwen-0.6b,das,21,1,0,64,0.001,128,25,0.7303935289382935,0.7253263592720032
qwen-0.6b,das,21,1,0,64,0.001,128,26,0.7253263592720032,0.7201223373413086
qwen-0.6b,das,21,1,0,64,0.001,128,27,0.7201223373413086,0.7160595059394836
qwen-0.6b,das,21,1,0,64,0.001,128,28,0.7160595059394836,0.7103989720344543
qwen-0.6b,das,21,1,0,64,0.001,128,29,0.7103989720344543,0.707249104976654
qwen-0.6b,das,21,1,0,64,0.001,128,30,0.707249104976654,0.7021363973617554
qwen-0.6b,das,21,1,0,64,0.001,128,31,0.7021363973617554,0.700812578201294
qwen-0.6b,das,21,1,0,64,0.001,128,32,0.700812578201294,0.6977996826171875
qwen-0.6b,das,21,1,0,64,0.001,128,33,0.6977996826171875,0.6946955323219299
qwen-0.6b,das,21,1,0,64,0.001,128,34,0.6946955323219299,0.6930064558982849
qwen-0.6b,das,21,1,0,64,0.001,128,35,0.6930064558982849,0.690769612789154
qwen-0.6b,das,21,1,0,64,0.001,128,36,0.690769612789154,0.69086092710495
qwen-0.6b,das,21,1,0,64,0.001,128,37,0.69086092710495,0.6888980269432068
qwen-0.6b,das,21,1,0,64,0.001,128,38,0.6888980269432068,0.6862502694129944
qwen-0.6b,das,21,1,0,64,0.001,128,39,0.6862502694129944,0.6868894696235657
qwen-0.6b,das,21,1,0,64,0.001,128,40,0.6868894696235657,0.6856569051742554
qwen-0.6b,das,21,1,0,64,0.001,128,41,0.6856569051742554,0.6848808526992798
qwen-0.6b,das,21,1,0,64,0.001,128,42,0.6848808526992798,0.6841048002243042
qwen-0.6b,das,21,1,0,64,0.001,128,43,0.6841048002243042,0.6834657192230225
qwen-0.6b,das,21,1,0,64,0.001,128,44,0.6834657192230225,0.6841961145401001
qwen-0.6b,das,21,1,0,64,0.001,128,45,0.6841961145401001,0.6850178241729736
qwen-0.6b,das,21,1,0,64,0.001,128,46,0.6850178241729736,0.6833287477493286
qwen-0.6b,das,21,1,0,64,0.001,128,47,0.6833287477493286,0.6838309168815613
qwen-0.6b,das,21,1,0,64,0.001,128,48,0.6838309168815613,0.6846525073051453
qwen-0.6b,das,21,1,0,64,0.001,128,49,0.6846525073051453,0.6832374334335327
qwen-0.6b,das,21,1,0,64,0.001,128,50,0.6832374334335327,0.684333086013794
qwen-0.6b,das,21,1,0,64,0.001,128,51,0.684333086013794,0.6836026906967163
qwen-0.6b,das,21,1,0,64,0.001,128,52,0.6836026906967163,0.6851547360420227
qwen-0.6b,das,21,1,0,64,0.001,128,53,0.6851547360420227,0.6845613121986389
qwen-0.6b,das,21,1,0,64,0.001,128,54,0.6845613121986389,0.6854285597801208
qwen-0.6b,das,21,1,0,64,0.001,128,55,0.6854285597801208,0.6838309168815613
qwen-0.6b,das,21,1,0,64,0.001,128,56,0.6838309168815613,0.684515655040741
qwen-0.6b,das,21,1,0,64,0.001,128,57,0.684515655040741,0.6847895383834839
qwen-0.6b,das,21,1,0,64,0.001,128,58,0.6847895383834839,0.6839678287506104
qwen-0.6b,das,21,1,0,64,0.001,128,59,0.6839678287506104,0.684469997882843
qwen-0.6b,das,21,1,0,64,0.001,128,60,0.684469997882843,0.684241771697998
qwen-0.6b,das,21,1,0,64,0.001,128,61,0.684241771697998,0.6835570335388184
qwen-0.6b,das,21,1,0,64,0.001,128,62,0.6835570335388184,0.6846069693565369
qwen-0.6b,das,21,1,0,64,0.001,128,63,0.6846069693565369,0.6838765144348145
qwen-0.6b,das2d,21,2,0,64,0.001,128,0,0.9995891451835632,0.9913722276687622
qwen-0.6b,das2d,21,2,0,64,0.001,128,1,0.9913722276687622,0.9655345678329468
qwen-0.6b,das2d,21,2,0,64,0.001,128,2,0.9655345678329468,0.9321646094322205
qwen-0.6b,das2d,21,2,0,64,0.001,128,3,0.9321646094322205,0.8987491726875305
qwen-0.6b,das2d,21,2,0,64,0.001,128,4,0.8987491726875305,0.8743723034858704
qwen-0.6b,das2d,21,2,0,64,0.001,128,5,0.8743723034858704,0.8596274852752686
qwen-0.6b,das2d,21,2,0,64,0.001,128,6,0.8596274852752686,0.850178062915802
qwen-0.6b,das2d,21,2,0,64,0.001,128,7,0.850178062915802,0.8430109620094299
qwen-0.6b,das2d,21,2,0,64,0.001,128,8,0.8430109620094299,0.8363004922866821
qwen-0.6b,das2d,21,2,0,64,0.001,128,9,0.8363004922866821,0.8283575177192688
qwen-0.6b,das2d,21,2,0,64,0.001,128,10,0.8283575177192688,0.8184515237808228
qwen-0.6b,das2d,21,2,0,64,0.001,128,11,0.8184515237808228,0.8093672394752502
qwen-0.6b,das2d,21,2,0,64,0.001,128,12,0.8093672394752502,0.7988222241401672
qwen-0.6b,das2d,21,2,0,64,0.001,128,13,0.7988222241401672,0.7880489230155945
qwen-0.6b,das2d,21,2,0,64,0.001,128,14,0.7880489230155945,0.776590883731842
qwen-0.6b,das2d,21,2,0,64,0.001,128,15,0.776590883731842,0.766730546951294
qwen-0.6b,das2d,21,2,0,64,0.001,128,16,0.766730546951294,0.7559571862220764
qwen-0.6b,das2d,21,2,0,64,0.001,128,17,0.7559571862220764,0.7466446757316589
qwen-0.6b,das2d,21,2,0,64,0.001,128,18,0.7466446757316589,0.7379255890846252
qwen-0.6b,das2d,21,2,0,64,0.001,128,19,0.7379255890846252,0.7307587265968323
qwen-0.6b,das2d,21,2,0,64,0.001,128,20,0.7307587265968323,0.7219482660293579
qwen-0.6b,das2d,21,2,0,64,0.001,128,21,0.7219482660293579,0.715374767780304
qwen-0.6b,das2d,21,2,0,64,0.001,128,22,0.715374767780304,0.7083447575569153
qwen-0.6b,das2d,21,2,0,64,0.001,128,23,0.7083447575569153,0.7030037641525269
qwen-0.6b,das2d,21,2,0,64,0.001,128,24,0.7030037641525269,0.6968410015106201
qwen-0.6b,das2d,21,2,0,64,0.001,128,25,0.6968410015106201,0.6918196082115173
qwen-0.6b,das2d,21,2,0,64,0.001,128,26,0.6918196082115173,0.6882588863372803
qwen-0.6b,das2d,21,2,0,64,0.001,128,27,0.6882588863372803,0.6852460503578186
qwen-0.6b,das2d,21,2,0,64,0.001,128,28,0.6852460503578186,0.6828722357749939
qwen-0.6b,das2d,21,2,0,64,0.001,128,29,0.6828722357749939,0.6815484166145325
qwen-0.6b,das2d,21,2,0,64,0.001,128,30,0.6815484166145325,0.678763747215271
qwen-0.6b,das2d,21,2,0,64,0.001,128,31,0.678763747215271,0.6789007186889648
qwen-0.6b,das2d,21,2,0,64,0.001,128,32,0.6789007186889648,0.6786268949508667
qwen-0.6b,das2d,21,2,0,64,0.001,128,33,0.6786268949508667,0.6767552495002747
qwen-0.6b,das2d,21,2,0,64,0.001,128,34,0.6767552495002747,0.6770291328430176
qwen-0.6b,das2d,21,2,0,64,0.001,128,35,0.6770291328430176,0.6766639351844788
qwen-0.6b,das2d,21,2,0,64,0.001,128,36,0.6766639351844788,0.6766182780265808
qwen-0.6b,das2d,21,2,0,64,0.001,128,37,0.6766182780265808,0.6763899326324463
qwen-0.6b,das2d,21,2,0,64,0.001,128,38,0.6763899326324463,0.6752488017082214
qwen-0.6b,das2d,21,2,0,64,0.001,128,39,0.6752488017082214,0.6757509112358093
qwen-0.6b,das2d,21,2,0,64,0.001,128,40,0.6757509112358093,0.6766639351844788
qwen-0.6b,das2d,21,2,0,64,0.001,128,41,0.6766639351844788,0.676253080368042
qwen-0.6b,das2d,21,2,0,64,0.001,128,42,0.676253080368042,0.6752944588661194
qwen-0.6b,das2d,21,2,0,64,0.001,128,43,0.6752944588661194,0.6763443946838379
qwen-0.6b,das2d,21,2,0,64,0.001,128,44,0.6763443946838379,0.6759791970252991
qwen-0.6b,das2d,21,2,0,64,0.001,128,45,0.6759791970252991,0.6758422255516052
qwen-0.6b,das2d,21,2,0,64,0.001,128,46,0.6758422255516052,0.6748836040496826
qwen-0.6b,das2d,21,2,0,64,0.001,128,47,0.6748836040496826,0.6752031445503235
qwen-0.6b,das2d,21,2,0,64,0.001,128,48,0.6752031445503235,0.6729663014411926
qwen-0.6b,das2d,21,2,0,64,0.001,128,49,0.6729663014411926,0.6720076203346252
qwen-0.6b,das2d,21,2,0,64,0.001,128,50,0.6720076203346252,0.6728293299674988
qwen-0.6b,das2d,21,2,0,64,0.001,128,51,0.6728293299674988,0.6718707084655762
qwen-0.6b,das2d,21,2,0,64,0.001,128,52,0.6718707084655762,0.6717793941497803
qwen-0.6b,das2d,21,2,0,64,0.001,128,53,0.6717793941497803,0.6715968251228333
qwen-0.6b,das2d,21,2,0,64,0.001,128,54,0.6715968251228333,0.6696794629096985
qwen-0.6b,das2d,21,2,0,64,0.001,128,55,0.6696794629096985,0.6704099178314209
qwen-0.6b,das2d,21,2,0,64,0.001,128,56,0.6704099178314209,0.6698620915412903
qwen-0.6b,das2d,21,2,0,64,0.001,128,57,0.6698620915412903,0.6710489988327026
qwen-0.6b,das2d,21,2,0,64,0.001,128,58,0.6710489988327026,0.670318603515625
qwen-0.6b,das2d,21,2,0,64,0.001,128,59,0.670318603515625,0.6686751842498779
qwen-0.6b,das2d,21,2,0,64,0.001,128,60,0.6686751842498779,0.6694055795669556
qwen-0.6b,das2d,21,2,0,64,0.001,128,61,0.6694055795669556,0.67009037733078
qwen-0.6b,das2d,21,2,0,64,0.001,128,62,0.67009037733078,0.67009037733078
qwen-0.6b,das2d,21,2,0,64,0.001,128,63,0.67009037733078,0.6685839295387268
qwen-0.6b,das3d,21,3,0,64,0.001,128,0,0.9993152618408203,0.9868072271347046
qwen-0.6b,das3d,21,3,0,64,0.001,128,1,0.9868072271347046,0.9579566717147827
qwen-0.6b,das3d,21,3,0,64,0.001,128,2,0.9579566717147827,0.9207979440689087
qwen-0.6b,das3d,21,3,0,64,0.001,128,3,0.9207979440689087,0.8860586285591125
qwen-0.6b,das3d,21,3,0,64,0.001,128,4,0.8860586285591125,0.8635990023612976
qwen-0.6b,das3d,21,3,0,64,0.001,128,5,0.8635990023612976,0.8488541841506958
qwen-0.6b,das3d,21,3,0,64,0.001,128,6,0.8488541841506958,0.8386286497116089
qwen-0.6b,das3d,21,3,0,64,0.001,128,7,0.8386286497116089,0.8303660750389099
qwen-0.6b,das3d,21,3,0,64,0.001,128,8,0.8303660750389099,0.8211448788642883
qwen-0.6b,das3d,21,3,0,64,0.001,128,9,0.8211448788642883,0.8103716373443604
qwen-0.6b,das3d,21,3,0,64,0.001,128,10,0.8103716373443604,0.799187421798706
qwen-0.6b,das3d,21,3,0,64,0.001,128,11,0.799187421798706,0.7864968180656433
qwen-0.6b,das3d,21,3,0,64,0.001,128,12,0.7864968180656433,0.774947464466095
qwen-0.6b,das3d,21,3,0,64,0.001,128,13,0.774947464466095,0.7627133727073669
qwen-0.6b,das3d,21,3,0,64,0.001,128,14,0.7627133727073669,0.7507075071334839
qwen-0.6b,das3d,21,3,0,64,0.001,128,15,0.7507075071334839,0.7391124963760376
qwen-0.6b,das3d,21,3,0,64,0.001,128,16,0.7391124963760376,0.7300283312797546
qwen-0.6b,das3d,21,3,0,64,0.001,128,17,0.7300283312797546,0.7215830683708191
qwen-0.6b,das3d,21,3,0,64,0.001,128,18,0.7215830683708191,0.7133661508560181
qwen-0.6b,das3d,21,3,0,64,0.001,128,19,0.7133661508560181,0.7046927213668823
qwen-0.6b,das3d,21,3,0,64,0.001,128,20,0.7046927213668823,0.6962019205093384
qwen-0.6b,das3d,21,3,0,64,0.001,128,21,0.6962019205093384,0.690632700920105
qwen-0.6b,das3d,21,3,0,64,0.001,128,22,0.690632700920105,0.6850634813308716
qwen-0.6b,das3d,21,3,0,64,0.001,128,23,0.6850634813308716,0.6805897355079651
qwen-0.6b,das3d,21,3,0,64,0.001,128,24,0.6805897355079651,0.6768465638160706
qwen-0.6b,das3d,21,3,0,64,0.001,128,25,0.6768465638160706,0.6739705801010132
qwen-0.6b,das3d,21,3,0,64,0.001,128,26,0.6739705801010132,0.6733771562576294
qwen-0.6b,das3d,21,3,0,64,0.001,128,27,0.6733771562576294,0.6714141964912415
qwen-0.6b,das3d,21,3,0,64,0.001,128,28,0.6714141964912415,0.6708207726478577
qwen-0.6b,das3d,21,3,0,64,0.001,128,29,0.6708207726478577,0.6687208414077759
qwen-0.6b,das3d,21,3,0,64,0.001,128,30,0.6687208414077759,0.6684013605117798
qwen-0.6b,das3d,21,3,0,64,0.001,128,31,0.6684013605117798,0.6691316962242126
qwen-0.6b,das3d,21,3,0,64,0.001,128,32,0.6691316962242126,0.6685839295387268
qwen-0.6b,das3d,21,3,0,64,0.001,128,33,0.6685839295387268,0.6677166223526001
qwen-0.6b,das3d,21,3,0,64,0.001,128,34,0.6677166223526001,0.6678078770637512
qwen-0.6b,das3d,21,3,0,64,0.001,128,35,0.6678078770637512,0.666073203086853
qwen-0.6b,das3d,21,3,0,64,0.001,128,36,0.666073203086853,0.6657536625862122
qwen-0.6b,das3d,21,3,0,64,0.001,128,37,0.6657536625862122,0.6646124124526978
qwen-0.6b,das3d,21,3,0,64,0.001,128,38,0.6646124124526978,0.6637907028198242
qwen-0.6b,das3d,21,3,0,64,0.001,128,39,0.6637907028198242,0.6631972789764404
qwen-0.6b,das3d,21,3,0,64,0.001,128,40,0.6631972789764404,0.6608234643936157
qwen-0.6b,das3d,21,3,0,64,0.001,128,41,0.6608234643936157,0.6604582667350769
qwen-0.6b,das3d,21,3,0,64,0.001,128,42,0.6604582667350769,0.6595909595489502
qwen-0.6b,das3d,21,3,0,64,0.001,128,43,0.6595909595489502,0.657856285572052
qwen-0.6b,das3d,21,3,0,64,0.001,128,44,0.657856285572052,0.6575367450714111
qwen-0.6b,das3d,21,3,0,64,0.001,128,45,0.6575367450714111,0.6568063497543335
qwen-0.6b,das3d,21,3,0,64,0.001,128,46,0.6568063497543335,0.6547521352767944
qwen-0.6b,das3d,21,3,0,64,0.001,128,47,0.6547521352767944,0.6552542448043823
qwen-0.6b,das3d,21,3,0,64,0.001,128,48,0.6552542448043823,0.6522413492202759
qwen-0.6b,das3d,21,3,0,64,0.001,128,49,0.6522413492202759,0.6530174016952515
qwen-0.6b,das3d,21,3,0,64,0.001,128,50,0.6530174016952515,0.6518761515617371
qwen-0.6b,das3d,21,3,0,64,0.001,128,51,0.6518761515617371,0.651282787322998
qwen-0.6b,das3d,21,3,0,64,0.001,128,52,0.651282787322998,0.6510544419288635
qwen-0.6b,das3d,21,3,0,64,0.001,128,53,0.6510544419288635,0.649867594242096
qwen-0.6b,das3d,21,3,0,64,0.001,128,54,0.649867594242096,0.6484068036079407
qwen-0.6b,das3d,21,3,0,64,0.001,128,55,0.6484068036079407,0.6483611464500427
qwen-0.6b,das3d,21,3,0,64,0.001,128,56,0.6483611464500427,0.6481329202651978
qwen-0.6b,das3d,21,3,0,64,0.001,128,57,0.6481329202651978,0.6460787057876587
qwen-0.6b,das3d,21,3,0,64,0.001,128,58,0.6460787057876587,0.6467633843421936
qwen-0.6b,das3d,21,3,0,64,0.001,128,59,0.6467633843421936,0.6470829844474792
qwen-0.6b,das3d,21,3,0,64,0.001,128,60,0.6470829844474792,0.6458960771560669
qwen-0.6b,das3d,21,3,0,64,0.001,128,61,0.6458960771560669,0.6448917984962463
qwen-0.6b,das3d,21,3,0,64,0.001,128,62,0.6448917984962463,0.6445722579956055
qwen-0.6b,das3d,21,3,0,64,0.001,128,63,0.6445722579956055,0.6437505483627319
qwen-0.6b,das,22,1,0,64,0.001,128,0,1.0008673667907715,0.9936546683311462
qwen-0.6b,das,22,1,0,64,0.001,128,1,0.9936546683311462,0.9756230711936951
qwen-0.6b,das,22,1,0,64,0.001,128,2,0.9756230711936951,0.9461334943771362
qwen-0.6b,das,22,1,0,64,0.001,128,3,0.9461334943771362,0.9190176129341125
qwen-0.6b,das,22,1,0,64,0.001,128,4,0.9190176129341125,0.8983839750289917
qwen-0.6b,das,22,1,0,64,0.001,128,5,0.8983839750289917,0.885693371295929
qwen-0.6b,das,22,1,0,64,0.001,128,6,0.885693371295929,0.8795763254165649
qwen-0.6b,das,22,1,0,64,0.001,128,7,0.8795763254165649,0.873641848564148
qwen-0.6b,das,22,1,0,64,0.001,128,8,0.873641848564148,0.8701268434524536
qwen-0.6b,das,22,1,0,64,0.001,128,9,0.8701268434524536,0.8641467690467834
qwen-0.6b,das,22,1,0,64,0.001,128,10,0.8641467690467834,0.8585318922996521
qwen-0.6b,das,22,1,0,64,0.001,128,11,0.8585318922996521,0.8515931963920593
qwen-0.6b,das,22,1,0,64,0.001,128,12,0.8515931963920593,0.8453391194343567
qwen-0.6b,das,22,1,0,64,0.001,128,13,0.8453391194343567,0.8388569355010986
qwen-0.6b,das,22,1,0,64,0.001,128,14,0.8388569355010986,0.8320551514625549
qwen-0.6b,das,22,1,0,64,0.001,128,15,0.8320551514625549,0.8261207342147827
qwen-0.6b,das,22,1,0,64,0.001,128,16,0.8261207342147827,0.8196384310722351
qwen-0.6b,das,22,1,0,64,0.001,128,17,0.8196384310722351,0.813840925693512
qwen-0.6b,das,22,1,0,64,0.001,128,18,0.813840925693512,0.8090476989746094
qwen-0.6b,das,22,1,0,64,0.001,128,19,0.8090476989746094,0.8032045364379883
qwen-0.6b,das,22,1,0,64,0.001,128,20,0.8032045364379883,0.7975897192955017
qwen-0.6b,das,22,1,0,64,0.001,128,21,0.7975897192955017,0.7926594614982605
qwen-0.6b,das,22,1,0,64,0.001,128,22,0.7926594614982605,0.7864055633544922
qwen-0.6b,das,22,1,0,64,0.001,128,23,0.7864055633544922,0.7812927961349487
qwen-0.6b,das,22,1,0,64,0.001,128,24,0.7812927961349487,0.776864767074585
qwen-0.6b,das,22,1,0,64,0.001,128,25,0.776864767074585,0.7731671929359436
qwen-0.6b,das,22,1,0,64,0.001,128,26,0.7731671929359436,0.7693781852722168
qwen-0.6b,das,22,1,0,64,0.001,128,27,0.7693781852722168,0.766091525554657
qwen-0.6b,das,22,1,0,64,0.001,128,28,0.766091525554657,0.7619829773902893
qwen-0.6b,das,22,1,0,64,0.001,128,29,0.7619829773902893,0.7598374485969543
qwen-0.6b,das,22,1,0,64,0.001,128,30,0.7598374485969543,0.7549529671669006
qwen-0.6b,das,22,1,0,64,0.001,128,31,0.7549529671669006,0.7524878978729248
qwen-0.6b,das,22,1,0,64,0.001,128,32,0.7524878978729248,0.7507988214492798
qwen-0.6b,das,22,1,0,64,0.001,128,33,0.7507988214492798,0.7486989498138428
qwen-0.6b,das,22,1,0,64,0.001,128,34,0.7486989498138428,0.745959997177124
qwen-0.6b,das,22,1,0,64,0.001,128,35,0.745959997177124,0.7450013756752014
qwen-0.6b,das,22,1,0,64,0.001,128,36,0.7450013756752014,0.7408471703529358
qwen-0.6b,das,22,1,0,64,0.001,128,37,0.7408471703529358,0.7417601943016052
qwen-0.6b,das,22,1,0,64,0.001,128,38,0.7417601943016052,0.7406189441680908
qwen-0.6b,das,22,1,0,64,0.001,128,39,0.7406189441680908,0.7397973537445068
qwen-0.6b,das,22,1,0,64,0.001,128,40,0.7397973537445068,0.7399798631668091
qwen-0.6b,das,22,1,0,64,0.001,128,41,0.7399798631668091,0.7390669584274292
qwen-0.6b,das,22,1,0,64,0.001,128,42,0.7390669584274292,0.7379713654518127
qwen-0.6b,das,22,1,0,64,0.001,128,43,0.7379713654518127,0.737697422504425
qwen-0.6b,das,22,1,0,64,0.001,128,44,0.737697422504425,0.7371039986610413
qwen-0.6b,das,22,1,0,64,0.001,128,45,0.7371039986610413,0.7373322248458862
qwen-0.6b,das,22,1,0,64,0.001,128,46,0.7373322248458862,0.737514853477478
qwen-0.6b,das,22,1,0,64,0.001,128,47,0.737514853477478,0.7384278774261475
qwen-0.6b,das,22,1,0,64,0.001,128,48,0.7384278774261475,0.7381539344787598
qwen-0.6b,das,22,1,0,64,0.001,128,49,0.7381539344787598,0.7380626201629639
qwen-0.6b,das,22,1,0,64,0.001,128,50,0.7380626201629639,0.7378343939781189
qwen-0.6b,das,22,1,0,64,0.001,128,51,0.7378343939781189,0.7371953129768372
qwen-0.6b,das,22,1,0,64,0.001,128,52,0.7371953129768372,0.7384734749794006
qwen-0.6b,das,22,1,0,64,0.001,128,53,0.7384734749794006,0.7393864989280701
qwen-0.6b,das,22,1,0,64,0.001,128,54,0.7393864989280701,0.7381082773208618
qwen-0.6b,das,22,1,0,64,0.001,128,55,0.7381082773208618,0.7390669584274292
qwen-0.6b,das,22,1,0,64,0.001,128,56,0.7390669584274292,0.7367388010025024
qwen-0.6b,das,22,1,0,64,0.001,128,57,0.7367388010025024,0.7376518249511719
qwen-0.6b,das,22,1,0,64,0.001,128,58,0.7376518249511719,0.737743079662323
qwen-0.6b,das,22,1,0,64,0.001,128,59,0.737743079662323,0.7384278774261475
qwen-0.6b,das,22,1,0,64,0.001,128,60,0.7384278774261475,0.7379712462425232
qwen-0.6b,das,22,1,0,64,0.001,128,61,0.7379712462425232,0.7380626201629639
qwen-0.6b,das,22,1,0,64,0.001,128,62,0.7380626201629639,0.7371952533721924
qwen-0.6b,das,22,1,0,64,0.001,128,63,0.7371952533721924,0.7381995916366577
qwen-0.6b,das2d,22,2,0,64,0.001,128,0,0.9998630285263062,0.9901396632194519
qwen-0.6b,das2d,22,2,0,64,0.001,128,1,0.9901396632194519,0.9662649631500244
qwen-0.6b,das2d,22,2,0,64,0.001,128,2,0.9662649631500244,0.9347667098045349
qwen-0.6b,das2d,22,2,0,64,0.001,128,3,0.9347667098045349,0.9054139852523804
qwen-0.6b,das2d,22,2,0,64,0.001,128,4,0.9054139852523804,0.8847348093986511
qwen-0.6b,das2d,22,2,0,64,0.001,128,5,0.8847348093986511,0.8735505938529968
qwen-0.6b,das2d,22,2,0,64,0.001,128,6,0.8735505938529968,0.8665205836296082
qwen-0.6b,das2d,22,2,0,64,0.001,128,7,0.8665205836296082,0.8602665066719055
qwen-0.6b,das2d,22,2,0,64,0.001,128,8,0.8602665066719055,0.8544234037399292
qwen-0.6b,das2d,22,2,0,64,0.001,128,9,0.8544234037399292,0.8472564220428467
qwen-0.6b,das2d,22,2,0,64,0.001,128,10,0.8472564220428467,0.8371222019195557
qwen-0.6b,das2d,22,2,0,64,0.001,128,11,0.8371222019195557,0.8291791677474976
qwen-0.6b,das2d,22,2,0,64,0.001,128,12,0.8291791677474976,0.8209622502326965
qwen-0.6b,das2d,22,2,0,64,0.001,128,13,0.8209622502326965,0.811923623085022
qwen-0.6b,das2d,22,2,0,64,0.001,128,14,0.811923623085022,0.8028393983840942
qwen-0.6b,das2d,22,2,0,64,0.001,128,15,0.8028393983840942,0.7954897880554199
qwen-0.6b,das2d,22,2,0,64,0.001,128,16,0.7954897880554199,0.7864055037498474
qwen-0.6b,das2d,22,2,0,64,0.001,128,17,0.7864055037498474,0.7783255577087402
qwen-0.6b,das2d,22,2,0,64,0.001,128,18,0.7783255577087402,0.7734410762786865
qwen-0.6b,das2d,22,2,0,64,0.001,128,19,0.7734410762786865,0.7656805515289307
qwen-0.6b,das2d,22,2,0,64,0.001,128,20,0.7656805515289307,0.7596548795700073
qwen-0.6b,das2d,22,2,0,64,0.001,128,21,0.7596548795700073,0.754222571849823
qwen-0.6b,das2d,22,2,0,64,0.001,128,22,0.754222571849823,0.7509357929229736
qwen-0.6b,das2d,22,2,0,64,0.001,128,23,0.7509357929229736,0.7458686828613281
qwen-0.6b,das2d,22,2,0,64,0.001,128,24,0.7458686828613281,0.7418971657752991
qwen-0.6b,das2d,22,2,0,64,0.001,128,25,0.7418971657752991,0.7396146655082703
qwen-0.6b,das2d,22,2,0,64,0.001,128,26,0.7396146655082703,0.7364648580551147
qwen-0.6b,das2d,22,2,0,64,0.001,128,27,0.7364648580551147,0.7342280149459839
qwen-0.6b,das2d,22,2,0,64,0.001,128,28,0.7342280149459839,0.7310325503349304
qwen-0.6b,das2d,22,2,0,64,0.001,128,29,0.7310325503349304,0.7313064336776733
qwen-0.6b,das2d,22,2,0,64,0.001,128,30,0.7313064336776733,0.7302564978599548
qwen-0.6b,das2d,22,2,0,64,0.001,128,31,0.7302564978599548,0.7290239930152893
qwen-0.6b,das2d,22,2,0,64,0.001,128,32,0.7290239930152893,0.7285218834877014
qwen-0.6b,das2d,22,2,0,64,0.001,128,33,0.7285218834877014,0.7279284000396729
qwen-0.6b,das2d,22,2,0,64,0.001,128,34,0.7279284000396729,0.7278371453285217
qwen-0.6b,das2d,22,2,0,64,0.001,128,35,0.7278371453285217,0.7280197143554688
qwen-0.6b,das2d,22,2,0,64,0.001,128,36,0.7280197143554688,0.7278371453285217
qwen-0.6b,das2d,22,2,0,64,0.001,128,37,0.7278371453285217,0.729297935962677
qwen-0.6b,das2d,22,2,0,64,0.001,128,38,0.729297935962677,0.7283849120140076
qwen-0.6b,das2d,22,2,0,64,0.001,128,39,0.7283849120140076,0.729526162147522
qwen-0.6b,das2d,22,2,0,64,0.001,128,40,0.729526162147522,0.7278828024864197
qwen-0.6b,das2d,22,2,0,64,0.001,128,41,0.7278828024864197,0.7282479405403137
qwen-0.6b,das2d,22,2,0,64,0.001,128,42,0.7282479405403137,0.7286131978034973
qwen-0.6b,das2d,22,2,0,64,0.001,128,43,0.7286131978034973,0.7283849120140076
qwen-0.6b,das2d,22,2,0,64,0.001,128,44,0.7283849120140076,0.72719806432724
qwen-0.6b,das2d,22,2,0,64,0.001,128,45,0.72719806432724,0.7269241213798523
qwen-0.6b,das2d,22,2,0,64,0.001,128,46,0.7269241213798523,0.7275175452232361
qwen-0.6b,das2d,22,2,0,64,0.001,128,47,0.7275175452232361,0.7271523475646973
qwen-0.6b,das2d,22,2,0,64,0.001,128,48,0.7271523475646973,0.7259654402732849
qwen-0.6b,das2d,22,2,0,64,0.001,128,49,0.7259654402732849,0.725645899772644
qwen-0.6b,das2d,22,2,0,64,0.001,128,50,0.725645899772644,0.7259198427200317
qwen-0.6b,das2d,22,2,0,64,0.001,128,51,0.7259198427200317,0.7249155044555664
qwen-0.6b,das2d,22,2,0,64,0.001,128,52,0.7249155044555664,0.7246416211128235
qwen-0.6b,das2d,22,2,0,64,0.001,128,53,0.7246416211128235,0.723546028137207
qwen-0.6b,das2d,22,2,0,64,0.001,128,54,0.723546028137207,0.7244589924812317
qwen-0.6b,das2d,22,2,0,64,0.001,128,55,0.7244589924812317,0.7246872782707214
qwen-0.6b,das2d,22,2,0,64,0.001,128,56,0.7246872782707214,0.7242764234542847
qwen-0.6b,das2d,22,2,0,64,0.001,128,57,0.7242764234542847,0.7235003709793091
qwen-0.6b,das2d,22,2,0,64,0.001,128,58,0.7235003709793091,0.7232264876365662
qwen-0.6b,das2d,22,2,0,64,0.001,128,59,0.7232264876365662,0.7219482660293579
qwen-0.6b,das2d,22,2,0,64,0.001,128,60,0.7219482660293579,0.723546028137207
qwen-0.6b,das2d,22,2,0,64,0.001,128,61,0.723546028137207,0.7221764922142029
qwen-0.6b,das2d,22,2,0,64,0.001,128,62,0.7221764922142029,0.7228156328201294
qwen-0.6b,das2d,22,2,0,64,0.001,128,63,0.7228156328201294,0.7207613587379456
qwen-0.6b,das3d,22,3,0,64,0.001,128,0,1.0001826286315918,0.9870354533195496
qwen-0.6b,das3d,22,3,0,64,0.001,128,1,0.9870354533195496,0.9621108174324036
qwen-0.6b,das3d,22,3,0,64,0.001,128,2,0.9621108174324036,0.9296083450317383
qwen-0.6b,das3d,22,3,0,64,0.001,128,3,0.9296083450317383,0.8992056846618652
qwen-0.6b,das3d,22,3,0,64,0.001,128,4,0.8992056846618652,0.8792568445205688
qwen-0.6b,das3d,22,3,0,64,0.001,128,5,0.8792568445205688,0.8657445311546326
qwen-0.6b,das3d,22,3,0,64,0.001,128,6,0.8657445311546326,0.8584405779838562
qwen-0.6b,das3d,22,3,0,64,0.001,128,7,0.8584405779838562,0.850132405757904
qwen-0.6b,das3d,22,3,0,64,0.001,128,8,0.850132405757904,0.8421435952186584
qwen-0.6b,das3d,22,3,0,64,0.001,128,9,0.8421435952186584,0.8345202207565308
qwen-0.6b,das3d,22,3,0,64,0.001,128,10,0.8345202207565308,0.8255729079246521
qwen-0.6b,das3d,22,3,0,64,0.001,128,11,0.8255729079246521,0.8166712522506714
qwen-0.6b,das3d,22,3,0,64,0.001,128,12,0.8166712522506714,0.8039349913597107
qwen-0.6b,das3d,22,3,0,64,0.001,128,13,0.8039349913597107,0.7932529449462891
qwen-0.6b,das3d,22,3,0,64,0.001,128,14,0.7932529449462891,0.7832557559013367
qwen-0.6b,das3d,22,3,0,64,0.001,128,15,0.7832557559013367,0.7742171287536621
qwen-0.6b,das3d,22,3,0,64,0.001,128,16,0.7742171287536621,0.7662740349769592
qwen-0.6b,das3d,22,3,0,64,0.001,128,17,0.7662740349769592,0.7600657343864441
qwen-0.6b,das3d,22,3,0,64,0.001,128,18,0.7600657343864441,0.7510727643966675
qwen-0.6b,das3d,22,3,0,64,0.001,128,19,0.7510727643966675,0.7473751902580261
qwen-0.6b,das3d,22,3,0,64,0.001,128,20,0.7473751902580261,0.7412580847740173
qwen-0.6b,das3d,22,3,0,64,0.001,128,21,0.7412580847740173,0.7366018295288086
qwen-0.6b,das3d,22,3,0,64,0.001,128,22,0.7366018295288086,0.7321281433105469
qwen-0.6b,das3d,22,3,0,64,0.001,128,23,0.7321281433105469,0.7297086715698242
qwen-0.6b,das3d,22,3,0,64,0.001,128,24,0.7297086715698242,0.7263306975364685
qwen-0.6b,das3d,22,3,0,64,0.001,128,25,0.7263306975364685,0.7251437902450562
qwen-0.6b,das3d,22,3,0,64,0.001,128,26,0.7251437902450562,0.723546028137207
qwen-0.6b,das3d,22,3,0,64,0.001,128,27,0.723546028137207,0.7214004397392273
qwen-0.6b,das3d,22,3,0,64,0.001,128,28,0.7214004397392273,0.7214917540550232
qwen-0.6b,das3d,22,3,0,64,0.001,128,29,0.7214917540550232,0.7203506231307983
qwen-0.6b,das3d,22,3,0,64,0.001,128,30,0.7203506231307983,0.7208527326583862
qwen-0.6b,das3d,22,3,0,64,0.001,128,31,0.7208527326583862,0.7190724015235901
qwen-0.6b,das3d,22,3,0,64,0.001,128,32,0.7190724015235901,0.7205788493156433
qwen-0.6b,das3d,22,3,0,64,0.001,128,33,0.7205788493156433,0.7202593088150024
qwen-0.6b,das3d,22,3,0,64,0.001,128,34,0.7202593088150024,0.7197114825248718
qwen-0.6b,das3d,22,3,0,64,0.001,128,35,0.7197114825248718,0.7185702323913574
qwen-0.6b,das3d,22,3,0,64,0.001,128,36,0.7185702323913574,0.7180224657058716
qwen-0.6b,das3d,22,3,0,64,0.001,128,37,0.7180224657058716,0.7173377275466919
qwen-0.6b,das3d,22,3,0,64,0.001,128,38,0.7173377275466919,0.7157856225967407
qwen-0.6b,das3d,22,3,0,64,0.001,128,39,0.7157856225967407,0.7156486511230469
qwen-0.6b,das3d,22,3,0,64,0.001,128,40,0.7156486511230469,0.7152834534645081
qwen-0.6b,das3d,22,3,0,64,0.001,128,41,0.7152834534645081,0.7135944962501526
qwen-0.6b,das3d,22,3,0,64,0.001,128,42,0.7135944962501526,0.7124987840652466
qwen-0.6b,das3d,22,3,0,64,0.001,128,43,0.7124987840652466,0.7127271294593811
qwen-0.6b,das3d,22,3,0,64,0.001,128,44,0.7127271294593811,0.7121337056159973
qwen-0.6b,das3d,22,3,0,64,0.001,128,45,0.7121337056159973,0.7109010219573975
qwen-0.6b,das3d,22,3,0,64,0.001,128,46,0.7109010219573975,0.7098055481910706
qwen-0.6b,das3d,22,3,0,64,0.001,128,47,0.7098055481910706,0.7095316052436829
qwen-0.6b,das3d,22,3,0,64,0.001,128,48,0.7095316052436829,0.7089381814002991
qwen-0.6b,das3d,22,3,0,64,0.001,128,49,0.7089381814002991,0.7078425884246826
qwen-0.6b,das3d,22,3,0,64,0.001,128,50,0.7078425884246826,0.70688396692276
qwen-0.6b,das3d,22,3,0,64,0.001,128,51,0.70688396692276,0.707294762134552
qwen-0.6b,das3d,22,3,0,64,0.001,128,52,0.707294762134552,0.7069295644760132
qwen-0.6b,das3d,22,3,0,64,0.001,128,53,0.7069295644760132,0.7058339715003967
qwen-0.6b,das3d,22,3,0,64,0.001,128,54,0.7058339715003967,0.7046471834182739
qwen-0.6b,das3d,22,3,0,64,0.001,128,55,0.7046471834182739,0.7039166688919067
qwen-0.6b,das3d,22,3,0,64,0.001,128,56,0.7039166688919067,0.7046470642089844
qwen-0.6b,das3d,22,3,0,64,0.001,128,57,0.7046470642089844,0.7035971879959106
qwen-0.6b,das3d,22,3,0,64,0.001,128,58,0.7035971879959106,0.7040536999702454
qwen-0.6b,das3d,22,3,0,64,0.001,128,59,0.7040536999702454,0.7030950784683228
qwen-0.6b,das3d,22,3,0,64,0.001,128,60,0.7030950784683228,0.7025015950202942
qwen-0.6b,das3d,22,3,0,64,0.001,128,61,0.7025015950202942,0.7030494213104248
qwen-0.6b,das3d,22,3,0,64,0.001,128,62,0.7030494213104248,0.7017711997032166
qwen-0.6b,das3d,22,3,0,64,0.001,128,63,0.7017711997032166,0.700766921043396
qwen-0.6b,das,23,1,0,64,0.001,128,0,0.9996346831321716,0.9913722276687622
qwen-0.6b,das,23,1,0,64,0.001,128,1,0.9913722276687622,0.9704189896583557
qwen-0.6b,das,23,1,0,64,0.001,128,2,0.9704189896583557,0.9404728412628174
qwen-0.6b,das,23,1,0,64,0.001,128,3,0.9404728412628174,0.9113484621047974
qwen-0.6b,das,23,1,0,64,0.001,128,4,0.9113484621047974,0.891399621963501
qwen-0.6b,das,23,1,0,64,0.001,128,5,0.891399621963501,0.8801697492599487
qwen-0.6b,das,23,1,0,64,0.001,128,6,0.8801697492599487,0.8738244771957397
qwen-0.6b,das,23,1,0,64,0.001,128,7,0.8738244771957397,0.8695334792137146
qwen-0.6b,das,23,1,0,64,0.001,128,8,0.8695334792137146,0.8651054501533508
qwen-0.6b,das,23,1,0,64,0.001,128,9,0.8651054501533508,0.8596731424331665
qwen-0.6b,das,23,1,0,64,0.001,128,10,0.8596731424331665,0.8525060415267944
qwen-0.6b,das,23,1,0,64,0.001,128,11,0.8525060415267944,0.8457956314086914
qwen-0.6b,das,23,1,0,64,0.001,128,12,0.8457956314086914,0.8390851020812988
qwen-0.6b,das,23,1,0,64,0.001,128,13,0.8390851020812988,0.8324660062789917
qwen-0.6b,das,23,1,0,64,0.001,128,14,0.8324660062789917,0.8270792961120605
qwen-0.6b,das,23,1,0,64,0.001,128,15,0.8270792961120605,0.819957971572876
qwen-0.6b,das,23,1,0,64,0.001,128,16,0.819957971572876,0.8154386878013611
qwen-0.6b,das,23,1,0,64,0.001,128,17,0.8154386878013611,0.8098694086074829
qwen-0.6b,das,23,1,0,64,0.001,128,18,0.8098694086074829,0.801515519618988
qwen-0.6b,das,23,1,0,64,0.001,128,19,0.801515519618988,0.796904981136322
qwen-0.6b,das,23,1,0,64,0.001,128,20,0.796904981136322,0.7917921543121338
qwen-0.6b,das,23,1,0,64,0.001,128,21,0.7917921543121338,0.7864055633544922
qwen-0.6b,das,23,1,0,64,0.001,128,22,0.7864055633544922,0.7821145057678223
qwen-0.6b,das,23,1,0,64,0.001,128,23,0.7821145057678223,0.7771843075752258
qwen-0.6b,das,23,1,0,64,0.001,128,24,0.7771843075752258,0.772619366645813
qwen-0.6b,das,23,1,0,64,0.001,128,25,0.772619366645813,0.7676891684532166
qwen-0.6b,das,23,1,0,64,0.001,128,26,0.7676891684532166,0.7634894847869873
qwen-0.6b,das,23,1,0,64,0.001,128,27,0.7634894847869873,0.7621199488639832
qwen-0.6b,das,23,1,0,64,0.001,128,28,0.7621199488639832,0.7563225030899048
qwen-0.6b,das,23,1,0,64,0.001,128,29,0.7563225030899048,0.7539030313491821
qwen-0.6b,das,23,1,0,64,0.001,128,30,0.7539030313491821,0.7506162524223328
qwen-0.6b,das,23,1,0,64,0.001,128,31,0.7506162524223328,0.7490641474723816
qwen-0.6b,das,23,1,0,64,0.001,128,32,0.7490641474723816,0.7455034852027893
qwen-0.6b,das,23,1,0,64,0.001,128,33,0.7455034852027893,0.744042694568634
qwen-0.6b,das,23,1,0,64,0.001,128,34,0.744042694568634,0.7420797944068909
qwen-0.6b,das,23,1,0,64,0.001,128,35,0.7420797944068909,0.7415319681167603
qwen-0.6b,das,23,1,0,64,0.001,128,36,0.7415319681167603,0.7401168346405029
qwen-0.6b,das,23,1,0,64,0.001,128,37,0.7401168346405029,0.7381539344787598
qwen-0.6b,das,23,1,0,64,0.001,128,38,0.7381539344787598,0.7366931438446045
qwen-0.6b,das,23,1,0,64,0.001,128,39,0.7366931438446045,0.735597550868988
qwen-0.6b,das,23,1,0,64,0.001,128,40,0.735597550868988,0.7349127531051636
qwen-0.6b,das,23,1,0,64,0.001,128,41,0.7349127531051636,0.7354149222373962
qwen-0.6b,das,23,1,0,64,0.001,128,42,0.7354149222373962,0.7349127531051636
qwen-0.6b,das,23,1,0,64,0.001,128,43,0.7349127531051636,0.7344106435775757
qwen-0.6b,das,23,1,0,64,0.001,128,44,0.7344106435775757,0.7346845269203186
qwen-0.6b,das,23,1,0,64,0.001,128,45,0.7346845269203186,0.7348671555519104
qwen-0.6b,das,23,1,0,64,0.001,128,46,0.7348671555519104,0.7347301840782166
qwen-0.6b,das,23,1,0,64,0.001,128,47,0.7347301840782166,0.7335432767868042
qwen-0.6b,das,23,1,0,64,0.001,128,48,0.7335432767868042,0.7342280149459839
qwen-0.6b,das,23,1,0,64,0.001,128,49,0.7342280149459839,0.7349128127098083
qwen-0.6b,das,23,1,0,64,0.001,128,50,0.7349128127098083,0.7329498529434204
qwen-0.6b,das,23,1,0,64,0.001,128,51,0.7329498529434204,0.7350040674209595
qwen-0.6b,das,23,1,0,64,0.001,128,52,0.7350040674209595,0.7340454459190369
qwen-0.6b,das,23,1,0,64,0.001,128,53,0.7340454459190369,0.7345019578933716
qwen-0.6b,das,23,1,0,64,0.001,128,54,0.7345019578933716,0.7345476150512695
qwen-0.6b,das,23,1,0,64,0.001,128,55,0.7345476150512695,0.7345019578933716
qwen-0.6b,das,23,1,0,64,0.001,128,56,0.7345019578933716,0.7351410388946533
qwen-0.6b,das,23,1,0,64,0.001,128,57,0.7351410388946533,0.7348214983940125
qwen-0.6b,das,23,1,0,64,0.001,128,58,0.7348214983940125,0.7357344627380371
qwen-0.6b,das,23,1,0,64,0.001,128,59,0.7357344627380371,0.7350497245788574
qwen-0.6b,das,23,1,0,64,0.001,128,60,0.7350497245788574,0.7346845269203186
qwen-0.6b,das,23,1,0,64,0.001,128,61,0.7346845269203186,0.7352323532104492
qwen-0.6b,das,23,1,0,64,0.001,128,62,0.7352323532104492,0.7346845865249634
qwen-0.6b,das,23,1,0,64,0.001,128,63,0.7346845865249634,0.7346845269203186
qwen-0.6b,das2d,23,2,0,64,0.001,128,0,0.9993609189987183,0.988313615322113
qwen-0.6b,das2d,23,2,0,64,0.001,128,1,0.988313615322113,0.962978184223175
qwen-0.6b,das2d,23,2,0,64,0.001,128,2,0.962978184223175,0.9307951331138611
qwen-0.6b,das2d,23,2,0,64,0.001,128,3,0.9307951331138611,0.901944637298584
qwen-0.6b,das2d,23,2,0,64,0.001,128,4,0.901944637298584,0.8832739591598511
qwen-0.6b,das2d,23,2,0,64,0.001,128,5,0.8832739591598511,0.8709942102432251
qwen-0.6b,das2d,23,2,0,64,0.001,128,6,0.8709942102432251,0.8636903166770935
qwen-0.6b,das2d,23,2,0,64,0.001,128,7,0.8636903166770935,0.8580297231674194
qwen-0.6b,das2d,23,2,0,64,0.001,128,8,0.8580297231674194,0.8519583940505981
qwen-0.6b,das2d,23,2,0,64,0.001,128,9,0.8519583940505981,0.8444717526435852
qwen-0.6b,das2d,23,2,0,64,0.001,128,10,0.8444717526435852,0.8353419303894043
qwen-0.6b,das2d,23,2,0,64,0.001,128,11,0.8353419303894043,0.8254359364509583
qwen-0.6b,das2d,23,2,0,64,0.001,128,12,0.8254359364509583,0.817995011806488
qwen-0.6b,das2d,23,2,0,64,0.001,128,13,0.817995011806488,0.8085911870002747
qwen-0.6b,das2d,23,2,0,64,0.001,128,14,0.8085911870002747,0.7988222241401672
qwen-0.6b,das2d,23,2,0,64,0.001,128,15,0.7988222241401672,0.7908334732055664
qwen-0.6b,das2d,23,2,0,64,0.001,128,16,0.7908334732055664,0.7837121486663818
qwen-0.6b,das2d,23,2,0,64,0.001,128,17,0.7837121486663818,0.7754496335983276
qwen-0.6b,das2d,23,2,0,64,0.001,128,18,0.7754496335983276,0.7682369947433472
qwen-0.6b,das2d,23,2,0,64,0.001,128,19,0.7682369947433472,0.7631242871284485
qwen-0.6b,das2d,23,2,0,64,0.001,128,20,0.7631242871284485,0.7571442127227783
qwen-0.6b,das2d,23,2,0,64,0.001,128,21,0.7571442127227783,0.7525335550308228
qwen-0.6b,das2d,23,2,0,64,0.001,128,22,0.7525335550308228,0.7476946115493774
qwen-0.6b,das2d,23,2,0,64,0.001,128,23,0.7476946115493774,0.7434036135673523
qwen-0.6b,das2d,23,2,0,64,0.001,128,24,0.7434036135673523,0.7398885488510132
qwen-0.6b,das2d,23,2,0,64,0.001,128,25,0.7398885488510132,0.7357344627380371
qwen-0.6b,das2d,23,2,0,64,0.001,128,26,0.7357344627380371,0.731854259967804
qwen-0.6b,das2d,23,2,0,64,0.001,128,27,0.731854259967804,0.7309412360191345
qwen-0.6b,das2d,23,2,0,64,0.001,128,28,0.7309412360191345,0.7287044525146484
qwen-0.6b,das2d,23,2,0,64,0.001,128,29,0.7287044525146484,0.7285218834877014
qwen-0.6b,das2d,23,2,0,64,0.001,128,30,0.7285218834877014,0.7264219522476196
qwen-0.6b,das2d,23,2,0,64,0.001,128,31,0.7264219522476196,0.7273805737495422
qwen-0.6b,das2d,23,2,0,64,0.001,128,32,0.7273805737495422,0.727380633354187
qwen-0.6b,das2d,23,2,0,64,0.001,128,33,0.727380633354187,0.7267871499061584
qwen-0.6b,das2d,23,2,0,64,0.001,128,34,0.7267871499061584,0.7250524759292603
qwen-0.6b,das2d,23,2,0,64,0.001,128,35,0.7250524759292603,0.7261937260627747
qwen-0.6b,das2d,23,2,0,64,0.001,128,36,0.7261937260627747,0.7250981330871582
qwen-0.6b,das2d,23,2,0,64,0.001,128,37,0.7250981330871582,0.7256003022193909
qwen-0.6b,das2d,23,2,0,64,0.001,128,38,0.7256003022193909,0.7250524759292603
qwen-0.6b,das2d,23,2,0,64,0.001,128,39,0.7250524759292603,0.725874125957489
qwen-0.6b,das2d,23,2,0,64,0.001,128,40,0.725874125957489,0.7261480689048767
qwen-0.6b,das2d,23,2,0,64,0.001,128,41,0.7261480689048767,0.7257828712463379
qwen-0.6b,das2d,23,2,0,64,0.001,128,42,0.7257828712463379,0.7253720164299011
qwen-0.6b,das2d,23,2,0,64,0.001,128,43,0.7253720164299011,0.7251437902450562
qwen-0.6b,das2d,23,2,0,64,0.001,128,44,0.7251437902450562,0.7249155044555664
qwen-0.6b,das2d,23,2,0,64,0.001,128,45,0.7249155044555664,0.7244133949279785
qwen-0.6b,das2d,23,2,0,64,0.001,128,46,0.7244133949279785,0.7236829400062561
qwen-0.6b,das2d,23,2,0,64,0.001,128,47,0.7236829400062561,0.7236829400062561
qwen-0.6b,das2d,23,2,0,64,0.001,128,48,0.7236829400062561,0.7236829400062561
qwen-0.6b,das2d,23,2,0,64,0.001,128,49,0.7236829400062561,0.7229068875312805
qwen-0.6b,das2d,23,2,0,64,0.001,128,50,0.7229068875312805,0.7227243185043335
qwen-0.6b,das2d,23,2,0,64,0.001,128,51,0.7227243185043335,0.7231808304786682
qwen-0.6b,das2d,23,2,0,64,0.001,128,52,0.7231808304786682,0.7224504351615906
qwen-0.6b,das2d,23,2,0,64,0.001,128,53,0.7224504351615906,0.7222678065299988
qwen-0.6b,das2d,23,2,0,64,0.001,128,54,0.7222678065299988,0.7224960923194885
qwen-0.6b,das2d,23,2,0,64,0.001,128,55,0.7224960923194885,0.7225418090820312
qwen-0.6b,das2d,23,2,0,64,0.001,128,56,0.7225418090820312,0.7208983898162842
qwen-0.6b,das2d,23,2,0,64,0.001,128,57,0.7208983898162842,0.7213549017906189
qwen-0.6b,das2d,23,2,0,64,0.001,128,58,0.7213549017906189,0.7208983898162842
qwen-0.6b,das2d,23,2,0,64,0.001,128,59,0.7208983898162842,0.7205788493156433
qwen-0.6b,das2d,23,2,0,64,0.001,128,60,0.7205788493156433,0.7198484539985657
qwen-0.6b,das2d,23,2,0,64,0.001,128,61,0.7198484539985657,0.7206701636314392
qwen-0.6b,das2d,23,2,0,64,0.001,128,62,0.7206701636314392,0.7215830683708191
qwen-0.6b,das2d,23,2,0,64,0.001,128,63,0.7215830683708191,0.7205788493156433
qwen-0.6b,das3d,23,3,0,64,0.001,128,0,0.9989044070243835,0.9869897961616516
qwen-0.6b,das3d,23,3,0,64,0.001,128,1,0.9869897961616516,0.95937180519104
qwen-0.6b,das3d,23,3,0,64,0.001,128,2,0.95937180519104,0.9255911111831665
qwen-0.6b,das3d,23,3,0,64,0.001,128,3,0.9255911111831665,0.8961471915245056
qwen-0.6b,das3d,23,3,0,64,0.001,128,4,0.8961471915245056,0.8767004013061523
qwen-0.6b,das3d,23,3,0,64,0.001,128,5,0.8767004013061523,0.8641467690467834
qwen-0.6b,das3d,23,3,0,64,0.001,128,6,0.8641467690467834,0.8559755086898804
qwen-0.6b,das3d,23,3,0,64,0.001,128,7,0.8559755086898804,0.8474846482276917
qwen-0.6b,das3d,23,3,0,64,0.001,128,8,0.8474846482276917,0.8395873308181763
qwen-0.6b,das3d,23,3,0,64,0.001,128,9,0.8395873308181763,0.8303660750389099
qwen-0.6b,das3d,23,3,0,64,0.001,128,10,0.8303660750389099,0.8190906047821045
qwen-0.6b,das3d,23,3,0,64,0.001,128,11,0.8190906047821045,0.8099151253700256
qwen-0.6b,das3d,23,3,0,64,0.001,128,12,0.8099151253700256,0.7983657717704773
qwen-0.6b,das3d,23,3,0,64,0.001,128,13,0.7983657717704773,0.7896466851234436
qwen-0.6b,das3d,23,3,0,64,0.001,128,14,0.7896466851234436,0.778964638710022
qwen-0.6b,das3d,23,3,0,64,0.001,128,15,0.778964638710022,0.7686478495597839
qwen-0.6b,das3d,23,3,0,64,0.001,128,16,0.7686478495597839,0.7599287629127502
qwen-0.6b,das3d,23,3,0,64,0.001,128,17,0.7599287629127502,0.7526248693466187
qwen-0.6b,das3d,23,3,0,64,0.001,128,18,0.7526248693466187,0.746005654335022
qwen-0.6b,das3d,23,3,0,64,0.001,128,19,0.746005654335022,0.7413037419319153
qwen-0.6b,das3d,23,3,0,64,0.001,128,20,0.7413037419319153,0.735460638999939
qwen-0.6b,das3d,23,3,0,64,0.001,128,21,0.735460638999939,0.7316260933876038
qwen-0.6b,das3d,23,3,0,64,0.001,128,22,0.7316260933876038,0.7290696501731873
qwen-0.6b,das3d,23,3,0,64,0.001,128,23,0.7290696501731873,0.7240025401115417
qwen-0.6b,das3d,23,3,0,64,0.001,128,24,0.7240025401115417,0.7215374112129211
qwen-0.6b,das3d,23,3,0,64,0.001,128,25,0.7215374112129211,0.7196658253669739
qwen-0.6b,das3d,23,3,0,64,0.001,128,26,0.7196658253669739,0.7177941799163818
qwen-0.6b,das3d,23,3,0,64,0.001,128,27,0.7177941799163818,0.7166529297828674
qwen-0.6b,das3d,23,3,0,64,0.001,128,28,0.7166529297828674,0.7170181274414062
qwen-0.6b,das3d,23,3,0,64,0.001,128,29,0.7170181274414062,0.7160595059394836
qwen-0.6b,das3d,23,3,0,64,0.001,128,30,0.7160595059394836,0.7168355584144592
qwen-0.6b,das3d,23,3,0,64,0.001,128,31,0.7168355584144592,0.7161507606506348
qwen-0.6b,das3d,23,3,0,64,0.001,128,32,0.7161507606506348,0.7167442440986633
qwen-0.6b,das3d,23,3,0,64,0.001,128,33,0.7167442440986633,0.7156943082809448
qwen-0.6b,das3d,23,3,0,64,0.001,128,34,0.7156943082809448,0.717474639415741
qwen-0.6b,das3d,23,3,0,64,0.001,128,35,0.717474639415741,0.7152377963066101
qwen-0.6b,das3d,23,3,0,64,0.001,128,36,0.7152377963066101,0.7150095701217651
qwen-0.6b,das3d,23,3,0,64,0.001,128,37,0.7150095701217651,0.7156943082809448
qwen-0.6b,das3d,23,3,0,64,0.001,128,38,0.7156943082809448,0.7136858105659485
qwen-0.6b,das3d,23,3,0,64,0.001,128,39,0.7136858105659485,0.7135488390922546
qwen-0.6b,das3d,23,3,0,64,0.001,128,40,0.7135488390922546,0.7136401534080505
qwen-0.6b,das3d,23,3,0,64,0.001,128,41,0.7136401534080505,0.7131835222244263
qwen-0.6b,das3d,23,3,0,64,0.001,128,42,0.7131835222244263,0.710946798324585
qwen-0.6b,das3d,23,3,0,64,0.001,128,43,0.710946798324585,0.711083710193634
qwen-0.6b,das3d,23,3,0,64,0.001,128,44,0.711083710193634,0.7101250886917114
qwen-0.6b,das3d,23,3,0,64,0.001,128,45,0.7101250886917114,0.7093489766120911
qwen-0.6b,das3d,23,3,0,64,0.001,128,46,0.7093489766120911,0.7084816694259644
qwen-0.6b,das3d,23,3,0,64,0.001,128,47,0.7084816694259644,0.7088925242424011
qwen-0.6b,das3d,23,3,0,64,0.001,128,48,0.7088925242424011,0.7071578502655029
qwen-0.6b,das3d,23,3,0,64,0.001,128,49,0.7071578502655029,0.7053319215774536
qwen-0.6b,das3d,23,3,0,64,0.001,128,50,0.7053319215774536,0.7056514024734497
qwen-0.6b,das3d,23,3,0,64,0.001,128,51,0.7056514024734497,0.7057883143424988
qwen-0.6b,das3d,23,3,0,64,0.001,128,52,0.7057883143424988,0.7044188380241394
qwen-0.6b,das3d,23,3,0,64,0.001,128,53,0.7044188380241394,0.7055600881576538
qwen-0.6b,das3d,23,3,0,64,0.001,128,54,0.7055600881576538,0.7054232358932495
qwen-0.6b,das3d,23,3,0,64,0.001,128,55,0.7054232358932495,0.7043275237083435
qwen-0.6b,das3d,23,3,0,64,0.001,128,56,0.7043275237083435,0.7050579190254211
qwen-0.6b,das3d,23,3,0,64,0.001,128,57,0.7050579190254211,0.7037341594696045
qwen-0.6b,das3d,23,3,0,64,0.001,128,58,0.7037341594696045,0.7030950784683228
qwen-0.6b,das3d,23,3,0,64,0.001,128,59,0.7030950784683228,0.7036428451538086
qwen-0.6b,das3d,23,3,0,64,0.001,128,60,0.7036428451538086,0.7039166688919067
qwen-0.6b,das3d,23,3,0,64,0.001,128,61,0.7039166688919067,0.7042362093925476
qwen-0.6b,das3d,23,3,0,64,0.001,128,62,0.7042362093925476,0.7035971879959106
qwen-0.6b,das3d,23,3,0,64,0.001,128,63,0.7035971879959106,0.7030037641525269
qwen-0.6b,das,24,1,0,64,0.001,128,0,0.9997259974479675,0.9926503300666809
qwen-0.6b,das,24,1,0,64,0.001,128,1,0.9926503300666809,0.9705559611320496
qwen-0.6b,das,24,1,0,64,0.001,128,2,0.9705559611320496,0.9371861219406128
qwen-0.6b,das,24,1,0,64,0.001,128,3,0.9371861219406128,0.9053226709365845
qwen-0.6b,das,24,1,0,64,0.001,128,4,0.9053226709365845,0.8839587569236755
qwen-0.6b,das,24,1,0,64,0.001,128,5,0.8839587569236755,0.8699898719787598
qwen-0.6b,das,24,1,0,64,0.001,128,6,0.8699898719787598,0.8613622188568115
qwen-0.6b,das,24,1,0,64,0.001,128,7,0.8613622188568115,0.8573906421661377
qwen-0.6b,das,24,1,0,64,0.001,128,8,0.8573906421661377,0.8526886701583862
qwen-0.6b,das,24,1,0,64,0.001,128,9,0.8526886701583862,0.8460238575935364
qwen-0.6b,das,24,1,0,64,0.001,128,10,0.8460238575935364,0.8394960165023804
qwen-0.6b,das,24,1,0,64,0.001,128,11,0.8394960165023804,0.8339723348617554
qwen-0.6b,das,24,1,0,64,0.001,128,12,0.8339723348617554,0.8249337077140808
qwen-0.6b,das,24,1,0,64,0.001,128,13,0.8249337077140808,0.8183602094650269
qwen-0.6b,das,24,1,0,64,0.001,128,14,0.8183602094650269,0.8128366470336914
qwen-0.6b,das,24,1,0,64,0.001,128,15,0.8128366470336914,0.8037980198860168
qwen-0.6b,das,24,1,0,64,0.001,128,16,0.8037980198860168,0.7972244620323181
qwen-0.6b,das,24,1,0,64,0.001,128,17,0.7972244620323181,0.7903769612312317
qwen-0.6b,das,24,1,0,64,0.001,128,18,0.7903769612312317,0.7846708297729492
qwen-0.6b,das,24,1,0,64,0.001,128,19,0.7846708297729492,0.7769103646278381
qwen-0.6b,das,24,1,0,64,0.001,128,20,0.7769103646278381,0.7717063426971436
qwen-0.6b,das,24,1,0,64,0.001,128,21,0.7717063426971436,0.7658631801605225
qwen-0.6b,das,24,1,0,64,0.001,128,22,0.7658631801605225,0.7620286345481873
qwen-0.6b,das,24,1,0,64,0.001,128,23,0.7620286345481873,0.7570984363555908
qwen-0.6b,das,24,1,0,64,0.001,128,24,0.7570984363555908,0.7512097358703613
qwen-0.6b,das,24,1,0,64,0.001,128,25,0.7512097358703613,0.7472838759422302
qwen-0.6b,das,24,1,0,64,0.001,128,26,0.7472838759422302,0.741942822933197
qwen-0.6b,das,24,1,0,64,0.001,128,27,0.741942822933197,0.7378799319267273
qwen-0.6b,das,24,1,0,64,0.001,128,28,0.7378799319267273,0.7353693246841431
qwen-0.6b,das,24,1,0,64,0.001,128,29,0.7353693246841431,0.7314890623092651
qwen-0.6b,das,24,1,0,64,0.001,128,30,0.7314890623092651,0.7288414239883423
qwen-0.6b,das,24,1,0,64,0.001,128,31,0.7288414239883423,0.7265132665634155
qwen-0.6b,das,24,1,0,64,0.001,128,32,0.7265132665634155,0.7232721447944641
qwen-0.6b,das,24,1,0,64,0.001,128,33,0.7232721447944641,0.7200766801834106
qwen-0.6b,das,24,1,0,64,0.001,128,34,0.7200766801834106,0.7185245752334595
qwen-0.6b,das,24,1,0,64,0.001,128,35,0.7185245752334595,0.7178854942321777
qwen-0.6b,das,24,1,0,64,0.001,128,36,0.7178854942321777,0.715146541595459
qwen-0.6b,das,24,1,0,64,0.001,128,37,0.715146541595459,0.7137770056724548
qwen-0.6b,das,24,1,0,64,0.001,128,38,0.7137770056724548,0.7123619318008423
qwen-0.6b,das,24,1,0,64,0.001,128,39,0.7123619318008423,0.7132291793823242
qwen-0.6b,das,24,1,0,64,0.001,128,40,0.7132291793823242,0.7124987840652466
qwen-0.6b,das,24,1,0,64,0.001,128,41,0.7124987840652466,0.7108098268508911
qwen-0.6b,das,24,1,0,64,0.001,128,42,0.7108098268508911,0.710946798324585
qwen-0.6b,das,24,1,0,64,0.001,128,43,0.710946798324585,0.7102163434028625
qwen-0.6b,das,24,1,0,64,0.001,128,44,0.7102163434028625,0.7089381814002991
qwen-0.6b,das,24,1,0,64,0.001,128,45,0.7089381814002991,0.7109923958778381
qwen-0.6b,das,24,1,0,64,0.001,128,46,0.7109923958778381,0.7111750245094299
qwen-0.6b,das,24,1,0,64,0.001,128,47,0.7111750245094299,0.7103533148765564
qwen-0.6b,das,24,1,0,64,0.001,128,48,0.7103533148765564,0.7093946933746338
qwen-0.6b,das,24,1,0,64,0.001,128,49,0.7093946933746338,0.7099881172180176
qwen-0.6b,das,24,1,0,64,0.001,128,50,0.7099881172180176,0.7109010219573975
qwen-0.6b,das,24,1,0,64,0.001,128,51,0.7109010219573975,0.7113576531410217
qwen-0.6b,das,24,1,0,64,0.001,128,52,0.7113576531410217,0.7103076577186584
qwen-0.6b,das,24,1,0,64,0.001,128,53,0.7103076577186584,0.7094859480857849
qwen-0.6b,das,24,1,0,64,0.001,128,54,0.7094859480857849,0.7112206816673279
qwen-0.6b,das,24,1,0,64,0.001,128,55,0.7112206816673279,0.7096229195594788
qwen-0.6b,das,24,1,0,64,0.001,128,56,0.7096229195594788,0.7104902863502502
qwen-0.6b,das,24,1,0,64,0.001,128,57,0.7104902863502502,0.7103533148765564
qwen-0.6b,das,24,1,0,64,0.001,128,58,0.7103533148765564,0.7111750245094299
qwen-0.6b,das,24,1,0,64,0.001,128,59,0.7111750245094299,0.7111750245094299
qwen-0.6b,das,24,1,0,64,0.001,128,60,0.7111750245094299,0.7120880484580994
qwen-0.6b,das,24,1,0,64,0.001,128,61,0.7120880484580994,0.7109923958778381
qwen-0.6b,das,24,1,0,64,0.001,128,62,0.7109923958778381,0.7110380530357361
qwen-0.6b,das,24,1,0,64,0.001,128,63,0.7110380530357361,0.7111750245094299
qwen-0.6b,das2d,24,2,0,64,0.001,128,0,1.00045645236969,0.9904136061668396
qwen-0.6b,das2d,24,2,0,64,0.001,128,1,0.9904136061668396,0.9653062224388123
qwen-0.6b,das2d,24,2,0,64,0.001,128,2,0.9653062224388123,0.9303387403488159
qwen-0.6b,das2d,24,2,0,64,0.001,128,3,0.9303387403488159,0.898064374923706
qwen-0.6b,das2d,24,2,0,64,0.001,128,4,0.898064374923706,0.8766090273857117
qwen-0.6b,das2d,24,2,0,64,0.001,128,5,0.8766090273857117,0.8637815713882446
qwen-0.6b,das2d,24,2,0,64,0.001,128,6,0.8637815713882446,0.8565689325332642
qwen-0.6b,das2d,24,2,0,64,0.001,128,7,0.8565689325332642,0.8491737246513367
qwen-0.6b,das2d,24,2,0,64,0.001,128,8,0.8491737246513367,0.8425089120864868
qwen-0.6b,das2d,24,2,0,64,0.001,128,9,0.8425089120864868,0.833881139755249
qwen-0.6b,das2d,24,2,0,64,0.001,128,10,0.833881139755249,0.8273531794548035
qwen-0.6b,das2d,24,2,0,64,0.001,128,11,0.8273531794548035,0.8164430260658264
qwen-0.6b,das2d,24,2,0,64,0.001,128,12,0.8164430260658264,0.8069478869438171
qwen-0.6b,das2d,24,2,0,64,0.001,128,13,0.8069478869438171,0.7963114976882935
qwen-0.6b,das2d,24,2,0,64,0.001,128,14,0.7963114976882935,0.7878662943840027
qwen-0.6b,das2d,24,2,0,64,0.001,128,15,0.7878662943840027,0.7772299647331238
qwen-0.6b,das2d,24,2,0,64,0.001,128,16,0.7772299647331238,0.7689217329025269
qwen-0.6b,das2d,24,2,0,64,0.001,128,17,0.7689217329025269,0.7613895535469055
qwen-0.6b,das2d,24,2,0,64,0.001,128,18,0.7613895535469055,0.7531726360321045
qwen-0.6b,das2d,24,2,0,64,0.001,128,19,0.7531726360321045,0.7460968494415283
qwen-0.6b,das2d,24,2,0,64,0.001,128,20,0.7460968494415283,0.7393864989280701
qwen-0.6b,das2d,24,2,0,64,0.001,128,21,0.7393864989280701,0.7335432767868042
qwen-0.6b,das2d,24,2,0,64,0.001,128,22,0.7335432767868042,0.7282935976982117
qwen-0.6b,das2d,24,2,0,64,0.001,128,23,0.7282935976982117,0.7228612899780273
qwen-0.6b,das2d,24,2,0,64,0.001,128,24,0.7228612899780273,0.7187072038650513
qwen-0.6b,das2d,24,2,0,64,0.001,128,25,0.7187072038650513,0.7150095701217651
qwen-0.6b,das2d,24,2,0,64,0.001,128,26,0.7150095701217651,0.7124531269073486
qwen-0.6b,das2d,24,2,0,64,0.001,128,27,0.7124531269073486,0.7101250886917114
qwen-0.6b,das2d,24,2,0,64,0.001,128,28,0.7101250886917114,0.7095772624015808
qwen-0.6b,das2d,24,2,0,64,0.001,128,29,0.7095772624015808,0.7050122618675232
qwen-0.6b,das2d,24,2,0,64,0.001,128,30,0.7050122618675232,0.7044645547866821
qwen-0.6b,das2d,24,2,0,64,0.001,128,31,0.7044645547866821,0.704601526260376
qwen-0.6b,das2d,24,2,0,64,0.001,128,32,0.704601526260376,0.702866792678833
qwen-0.6b,das2d,24,2,0,64,0.001,128,33,0.702866792678833,0.7022277116775513
qwen-0.6b,das2d,24,2,0,64,0.001,128,34,0.7022277116775513,0.7030037641525269
qwen-0.6b,das2d,24,2,0,64,0.001,128,35,0.7030037641525269,0.7027297616004944
qwen-0.6b,das2d,24,2,0,64,0.001,128,36,0.7027297616004944,0.7027754783630371
qwen-0.6b,das2d,24,2,0,64,0.001,128,37,0.7027754783630371,0.7027754783630371
qwen-0.6b,das2d,24,2,0,64,0.001,128,38,0.7027754783630371,0.7019081115722656
qwen-0.6b,das2d,24,2,0,64,0.001,128,39,0.7019081115722656,0.7025472521781921
qwen-0.6b,das2d,24,2,0,64,0.001,128,40,0.7025472521781921,0.702866792678833
qwen-0.6b,das2d,24,2,0,64,0.001,128,41,0.702866792678833,0.7033689618110657
qwen-0.6b,das2d,24,2,0,64,0.001,128,42,0.7033689618110657,0.7033689618110657
qwen-0.6b,das2d,24,2,0,64,0.001,128,43,0.7033689618110657,0.7036428451538086
qwen-0.6b,das2d,24,2,0,64,0.001,128,44,0.7036428451538086,0.702866792678833
qwen-0.6b,das2d,24,2,0,64,0.001,128,45,0.702866792678833,0.7021820545196533
qwen-0.6b,das2d,24,2,0,64,0.001,128,46,0.7021820545196533,0.7012690305709839
qwen-0.6b,das2d,24,2,0,64,0.001,128,47,0.7012690305709839,0.7021820545196533
qwen-0.6b,das2d,24,2,0,64,0.001,128,48,0.7021820545196533,0.7020907402038574
qwen-0.6b,das2d,24,2,0,64,0.001,128,49,0.7020907402038574,0.7010408043861389
qwen-0.6b,das2d,24,2,0,64,0.001,128,50,0.7010408043861389,0.6997625827789307
qwen-0.6b,das2d,24,2,0,64,0.001,128,51,0.6997625827789307,0.7002647519111633
qwen-0.6b,das2d,24,2,0,64,0.001,128,52,0.7002647519111633,0.6996256709098816
qwen-0.6b,das2d,24,2,0,64,0.001,128,53,0.6996256709098816,0.6993973851203918
qwen-0.6b,das2d,24,2,0,64,0.001,128,54,0.6993973851203918,0.7003104090690613
qwen-0.6b,das2d,24,2,0,64,0.001,128,55,0.7003104090690613,0.6983931064605713
qwen-0.6b,das2d,24,2,0,64,0.001,128,56,0.6983931064605713,0.6984844207763672
qwen-0.6b,das2d,24,2,0,64,0.001,128,57,0.6984844207763672,0.6977996826171875
qwen-0.6b,das2d,24,2,0,64,0.001,128,58,0.6977996826171875,0.6989408731460571
qwen-0.6b,das2d,24,2,0,64,0.001,128,59,0.6989408731460571,0.6980279088020325
qwen-0.6b,das2d,24,2,0,64,0.001,128,60,0.6980279088020325,0.6970692873001099
qwen-0.6b,das2d,24,2,0,64,0.001,128,61,0.6970692873001099,0.697388768196106
qwen-0.6b,das2d,24,2,0,64,0.001,128,62,0.697388768196106,0.6956997513771057
qwen-0.6b,das2d,24,2,0,64,0.001,128,63,0.6956997513771057,0.6961562633514404
qwen-0.6b,das3d,24,3,0,64,0.001,128,0,1.00045645236969,0.9906418323516846
qwen-0.6b,das3d,24,3,0,64,0.001,128,1,0.9906418323516846,0.9629781246185303
qwen-0.6b,das3d,24,3,0,64,0.001,128,2,0.9629781246185303,0.9287866353988647
qwen-0.6b,das3d,24,3,0,64,0.001,128,3,0.9287866353988647,0.8965580463409424
qwen-0.6b,das3d,24,3,0,64,0.001,128,4,0.8965580463409424,0.8738701343536377
qwen-0.6b,das3d,24,3,0,64,0.001,128,5,0.8738701343536377,0.8599014282226562
qwen-0.6b,das3d,24,3,0,64,0.001,128,6,0.8599014282226562,0.8507258296012878
qwen-0.6b,das3d,24,3,0,64,0.001,128,7,0.8507258296012878,0.8422349691390991
qwen-0.6b,das3d,24,3,0,64,0.001,128,8,0.8422349691390991,0.8336071968078613
qwen-0.6b,das3d,24,3,0,64,0.001,128,9,0.8336071968078613,0.8229252099990845
qwen-0.6b,das3d,24,3,0,64,0.001,128,10,0.8229252099990845,0.8121975660324097
qwen-0.6b,das3d,24,3,0,64,0.001,128,11,0.8121975660324097,0.8008763790130615
qwen-0.6b,das3d,24,3,0,64,0.001,128,12,0.8008763790130615,0.7899662256240845
qwen-0.6b,das3d,24,3,0,64,0.001,128,13,0.7899662256240845,0.7791016101837158
qwen-0.6b,das3d,24,3,0,64,0.001,128,14,0.7791016101837158,0.7681913375854492
qwen-0.6b,das3d,24,3,0,64,0.001,128,15,0.7681913375854492,0.7581484317779541
qwen-0.6b,das3d,24,3,0,64,0.001,128,16,0.7581484317779541,0.7485619783401489
qwen-0.6b,das3d,24,3,0,64,0.001,128,17,0.7485619783401489,0.7396146655082703
qwen-0.6b,das3d,24,3,0,64,0.001,128,18,0.7396146655082703,0.7310782074928284
qwen-0.6b,das3d,24,3,0,64,0.001,128,19,0.7310782074928284,0.7256459593772888
qwen-0.6b,das3d,24,3,0,64,0.001,128,20,0.7256459593772888,0.7190267443656921
qwen-0.6b,das3d,24,3,0,64,0.001,128,21,0.7190267443656921,0.7141422033309937
qwen-0.6b,das3d,24,3,0,64,0.001,128,22,0.7141422033309937,0.7104902863502502
qwen-0.6b,das3d,24,3,0,64,0.001,128,23,0.7104902863502502,0.70688396692276
qwen-0.6b,das3d,24,3,0,64,0.001,128,24,0.70688396692276,0.7036885023117065
qwen-0.6b,das3d,24,3,0,64,0.001,128,25,0.7036885023117065,0.7010864615440369
qwen-0.6b,das3d,24,3,0,64,0.001,128,26,0.7010864615440369,0.6989408731460571
qwen-0.6b,das3d,24,3,0,64,0.001,128,27,0.6989408731460571,0.6981192231178284
qwen-0.6b,das3d,24,3,0,64,0.001,128,28,0.6981192231178284,0.6975713968276978
qwen-0.6b,das3d,24,3,0,64,0.001,128,29,0.6975713968276978,0.6973431706428528
qwen-0.6b,das3d,24,3,0,64,0.001,128,30,0.6973431706428528,0.6977083683013916
qwen-0.6b,das3d,24,3,0,64,0.001,128,31,0.6977083683013916,0.6977540254592896
qwen-0.6b,das3d,24,3,0,64,0.001,128,32,0.6977540254592896,0.6984844207763672
qwen-0.6b,das3d,24,3,0,64,0.001,128,33,0.6984844207763672,0.697388768196106
qwen-0.6b,das3d,24,3,0,64,0.001,128,34,0.697388768196106,0.6972975134849548
qwen-0.6b,das3d,24,3,0,64,0.001,128,35,0.6972975134849548,0.6965214610099792
qwen-0.6b,das3d,24,3,0,64,0.001,128,36,0.6965214610099792,0.6970692873001099
qwen-0.6b,das3d,24,3,0,64,0.001,128,37,0.6970692873001099,0.6959279775619507
qwen-0.6b,das3d,24,3,0,64,0.001,128,38,0.6959279775619507,0.695288896560669
qwen-0.6b,das3d,24,3,0,64,0.001,128,39,0.695288896560669,0.6947411894798279
qwen-0.6b,das3d,24,3,0,64,0.001,128,40,0.6947411894798279,0.6935086250305176
qwen-0.6b,das3d,24,3,0,64,0.001,128,41,0.6935086250305176,0.6926413178443909
qwen-0.6b,das3d,24,3,0,64,0.001,128,42,0.6926413178443909,0.6915913224220276
qwen-0.6b,das3d,24,3,0,64,0.001,128,43,0.6915913224220276,0.6909065842628479
qwen-0.6b,das3d,24,3,0,64,0.001,128,44,0.6909065842628479,0.6894001364707947
qwen-0.6b,das3d,24,3,0,64,0.001,128,45,0.6894001364707947,0.6884414553642273
qwen-0.6b,das3d,24,3,0,64,0.001,128,46,0.6884414553642273,0.6884871125221252
qwen-0.6b,das3d,24,3,0,64,0.001,128,47,0.6884871125221252,0.68702632188797
qwen-0.6b,das3d,24,3,0,64,0.001,128,48,0.68702632188797,0.6878936886787415
qwen-0.6b,das3d,24,3,0,64,0.001,128,49,0.6878936886787415,0.6874371767044067
qwen-0.6b,das3d,24,3,0,64,0.001,128,50,0.6874371767044067,0.6852917075157166
qwen-0.6b,das3d,24,3,0,64,0.001,128,51,0.6852917075157166,0.6856112480163574
qwen-0.6b,das3d,24,3,0,64,0.001,128,52,0.6856112480163574,0.6850634813308716
qwen-0.6b,das3d,24,3,0,64,0.001,128,53,0.6850634813308716,0.6852917075157166
qwen-0.6b,das3d,24,3,0,64,0.001,128,54,0.6852917075157166,0.6851091384887695
qwen-0.6b,das3d,24,3,0,64,0.001,128,55,0.6851091384887695,0.6838765144348145
qwen-0.6b,das3d,24,3,0,64,0.001,128,56,0.6838765144348145,0.6829178929328918
qwen-0.6b,das3d,24,3,0,64,0.001,128,57,0.6829178929328918,0.6829635500907898
qwen-0.6b,das3d,24,3,0,64,0.001,128,58,0.6829635500907898,0.6833744049072266
qwen-0.6b,das3d,24,3,0,64,0.001,128,59,0.6833744049072266,0.6822788119316101
qwen-0.6b,das3d,24,3,0,64,0.001,128,60,0.6822788119316101,0.6828722953796387
qwen-0.6b,das3d,24,3,0,64,0.001,128,61,0.6828722953796387,0.6827809810638428
qwen-0.6b,das3d,24,3,0,64,0.001,128,62,0.6827809810638428,0.6811375617980957
qwen-0.6b,das3d,24,3,0,64,0.001,128,63,0.6811375617980957,0.6815027594566345
qwen-0.6b,das,25,1,0,64,0.001,128,0,0.999954342842102,1.0
qwen-0.6b,das,25,1,0,64,0.001,128,1,1.0,0.9867159128189087
qwen-0.6b,das,25,1,0,64,0.001,128,2,0.9867159128189087,0.9669952988624573
qwen-0.6b,das,25,1,0,64,0.001,128,3,0.9669952988624573,0.9437596797943115
qwen-0.6b,das,25,1,0,64,0.001,128,4,0.9437596797943115,0.9199762344360352
qwen-0.6b,das,25,1,0,64,0.001,128,5,0.9199762344360352,0.9011229872703552
qwen-0.6b,das,25,1,0,64,0.001,128,6,0.9011229872703552,0.8894366025924683
qwen-0.6b,das,25,1,0,64,0.001,128,7,0.8894366025924683,0.8829544186592102
qwen-0.6b,das,25,1,0,64,0.001,128,8,0.8829544186592102,0.8781154751777649
qwen-0.6b,das,25,1,0,64,0.001,128,9,0.8781154751777649,0.8743722438812256
qwen-0.6b,das,25,1,0,64,0.001,128,10,0.8743722438812256,0.8672966361045837
qwen-0.6b,das,25,1,0,64,0.001,128,11,0.8672966361045837,0.8594448566436768
qwen-0.6b,das,25,1,0,64,0.001,128,12,0.8594448566436768,0.8523692488670349
qwen-0.6b,das,25,1,0,64,0.001,128,13,0.8523692488670349,0.8455217480659485
qwen-0.6b,das,25,1,0,64,0.001,128,14,0.8455217480659485,0.8371222019195557
qwen-0.6b,das,25,1,0,64,0.001,128,15,0.8371222019195557,0.8300008773803711
qwen-0.6b,das,25,1,0,64,0.001,128,16,0.8300008773803711,0.8228795528411865
qwen-0.6b,das,25,1,0,64,0.001,128,17,0.8228795528411865,0.8150278329849243
qwen-0.6b,das,25,1,0,64,0.001,128,18,0.8150278329849243,0.8088195323944092
qwen-0.6b,das,25,1,0,64,0.001,128,19,0.8088195323944092,0.8006938099861145
qwen-0.6b,das,25,1,0,64,0.001,128,20,0.8006938099861145,0.7955354452133179
qwen-0.6b,das,25,1,0,64,0.001,128,21,0.7955354452133179,0.7893271446228027
qwen-0.6b,das,25,1,0,64,0.001,128,22,0.7893271446228027,0.783392608165741
qwen-0.6b,das,25,1,0,64,0.001,128,23,0.783392608165741,0.7760430574417114
qwen-0.6b,das,25,1,0,64,0.001,128,24,0.7760430574417114,0.7716150879859924
qwen-0.6b,das,25,1,0,64,0.001,128,25,0.7716150879859924,0.7646307349205017
qwen-0.6b,das,25,1,0,64,0.001,128,26,0.7646307349205017,0.7607961297035217
qwen-0.6b,das,25,1,0,64,0.001,128,27,0.7607961297035217,0.756687581539154
qwen-0.6b,das,25,1,0,64,0.001,128,28,0.756687581539154,0.7519400715827942
qwen-0.6b,das,25,1,0,64,0.001,128,29,0.7519400715827942,0.7483793497085571
qwen-0.6b,das,25,1,0,64,0.001,128,30,0.7483793497085571,0.7433122992515564
qwen-0.6b,das,25,1,0,64,0.001,128,31,0.7433122992515564,0.7418971657752991
qwen-0.6b,das,25,1,0,64,0.001,128,32,0.7418971657752991,0.7369670271873474
qwen-0.6b,das,25,1,0,64,0.001,128,33,0.7369670271873474,0.7357344627380371
qwen-0.6b,das,25,1,0,64,0.001,128,34,0.7357344627380371,0.732036828994751
qwen-0.6b,das,25,1,0,64,0.001,128,35,0.732036828994751,0.7297543287277222
qwen-0.6b,das,25,1,0,64,0.001,128,36,0.7297543287277222,0.7280653715133667
qwen-0.6b,das,25,1,0,64,0.001,128,37,0.7280653715133667,0.7271980047225952
qwen-0.6b,das,25,1,0,64,0.001,128,38,0.7271980047225952,0.7271980047225952
qwen-0.6b,das,25,1,0,64,0.001,128,39,0.7271980047225952,0.7255546450614929
qwen-0.6b,das,25,1,0,64,0.001,128,40,0.7255546450614929,0.725463330745697
qwen-0.6b,das,25,1,0,64,0.001,128,41,0.725463330745697,0.7247329354286194
qwen-0.6b,das,25,1,0,64,0.001,128,42,0.7247329354286194,0.7241851687431335
qwen-0.6b,das,25,1,0,64,0.001,128,43,0.7241851687431335,0.7229069471359253
qwen-0.6b,das,25,1,0,64,0.001,128,44,0.7229069471359253,0.7236372828483582
qwen-0.6b,das,25,1,0,64,0.001,128,45,0.7236372828483582,0.723546028137207
qwen-0.6b,das,25,1,0,64,0.001,128,46,0.723546028137207,0.7234547138214111
qwen-0.6b,das,25,1,0,64,0.001,128,47,0.7234547138214111,0.7226786613464355
qwen-0.6b,das,25,1,0,64,0.001,128,48,0.7226786613464355,0.7224960923194885
qwen-0.6b,das,25,1,0,64,0.001,128,49,0.7224960923194885,0.7240481972694397
qwen-0.6b,das,25,1,0,64,0.001,128,50,0.7240481972694397,0.7240025401115417
qwen-0.6b,das,25,1,0,64,0.001,128,51,0.7240025401115417,0.7226786613464355
qwen-0.6b,das,25,1,0,64,0.001,128,52,0.7226786613464355,0.7244133353233337
qwen-0.6b,das,25,1,0,64,0.001,128,53,0.7244133353233337,0.7242764234542847
qwen-0.6b,das,25,1,0,64,0.001,128,54,0.7242764234542847,0.7235003709793091
qwen-0.6b,das,25,1,0,64,0.001,128,55,0.7235003709793091,0.723774254322052
qwen-0.6b,das,25,1,0,64,0.001,128,56,0.723774254322052,0.7240025401115417
qwen-0.6b,das,25,1,0,64,0.001,128,57,0.7240025401115417,0.7231808304786682
qwen-0.6b,das,25,1,0,64,0.001,128,58,0.7231808304786682,0.7228612899780273
qwen-0.6b,das,25,1,0,64,0.001,128,59,0.7228612899780273,0.723774254322052
qwen-0.6b,das,25,1,0,64,0.001,128,60,0.723774254322052,0.7225873470306396
qwen-0.6b,das,25,1,0,64,0.001,128,61,0.7225873470306396,0.72336345911026
qwen-0.6b,das,25,1,0,64,0.001,128,62,0.72336345911026,0.7231351733207703
qwen-0.6b,das,25,1,0,64,0.001,128,63,0.7231351733207703,0.7227243185043335
qwen-0.6b,das2d,25,2,0,64,0.001,128,0,0.9998173713684082,0.9937915802001953
qwen-0.6b,das2d,25,2,0,64,0.001,128,1,0.9937915802001953,0.9764447212219238
qwen-0.6b,das2d,25,2,0,64,0.001,128,2,0.9764447212219238,0.9527526497840881
qwen-0.6b,das2d,25,2,0,64,0.001,128,3,0.9527526497840881,0.9304300546646118
qwen-0.6b,das2d,25,2,0,64,0.001,128,4,0.9304300546646118,0.9120332598686218
qwen-0.6b,das2d,25,2,0,64,0.001,128,5,0.9120332598686218,0.8982012867927551
qwen-0.6b,das2d,25,2,0,64,0.001,128,6,0.8982012867927551,0.8891171216964722
qwen-0.6b,das2d,25,2,0,64,0.001,128,7,0.8891171216964722,0.8801240921020508
qwen-0.6b,das2d,25,2,0,64,0.001,128,8,0.8801240921020508,0.871496319770813
qwen-0.6b,das2d,25,2,0,64,0.001,128,9,0.871496319770813,0.8636445999145508
qwen-0.6b,das2d,25,2,0,64,0.001,128,10,0.8636445999145508,0.8537843227386475
qwen-0.6b,das2d,25,2,0,64,0.001,128,11,0.8537843227386475,0.8418698310852051
qwen-0.6b,das2d,25,2,0,64,0.001,128,12,0.8418698310852051,0.8326029181480408
qwen-0.6b,das2d,25,2,0,64,0.001,128,13,0.8326029181480408,0.8211904764175415
qwen-0.6b,das2d,25,2,0,64,0.001,128,14,0.8211904764175415,0.8125627040863037
qwen-0.6b,das2d,25,2,0,64,0.001,128,15,0.8125627040863037,0.8038436770439148
qwen-0.6b,das2d,25,2,0,64,0.001,128,16,0.8038436770439148,0.7928420901298523
qwen-0.6b,das2d,25,2,0,64,0.001,128,17,0.7928420901298523,0.7826165556907654
qwen-0.6b,das2d,25,2,0,64,0.001,128,18,0.7826165556907654,0.7735323905944824
qwen-0.6b,das2d,25,2,0,64,0.001,128,19,0.7735323905944824,0.7665022611618042
qwen-0.6b,das2d,25,2,0,64,0.001,128,20,0.7665022611618042,0.7585136294364929
qwen-0.6b,das2d,25,2,0,64,0.001,128,21,0.7585136294364929,0.7516205310821533
qwen-0.6b,das2d,25,2,0,64,0.001,128,22,0.7516205310821533,0.745823085308075
qwen-0.6b,das2d,25,2,0,64,0.001,128,23,0.745823085308075,0.7399343252182007
qwen-0.6b,das2d,25,2,0,64,0.001,128,24,0.7399343252182007,0.7336345911026001
qwen-0.6b,das2d,25,2,0,64,0.001,128,25,0.7336345911026001,0.7286587953567505
qwen-0.6b,das2d,25,2,0,64,0.001,128,26,0.7286587953567505,0.7266045808792114
qwen-0.6b,das2d,25,2,0,64,0.001,128,27,0.7266045808792114,0.7230895161628723
qwen-0.6b,das2d,25,2,0,64,0.001,128,28,0.7230895161628723,0.7219482660293579
qwen-0.6b,das2d,25,2,0,64,0.001,128,29,0.7219482660293579,0.7185245752334595
qwen-0.6b,das2d,25,2,0,64,0.001,128,30,0.7185245752334595,0.7167899012565613
qwen-0.6b,das2d,25,2,0,64,0.001,128,31,0.7167899012565613,0.7158768773078918
qwen-0.6b,das2d,25,2,0,64,0.001,128,32,0.7158768773078918,0.7149639129638672
qwen-0.6b,das2d,25,2,0,64,0.001,128,33,0.7149639129638672,0.7145530581474304
qwen-0.6b,das2d,25,2,0,64,0.001,128,34,0.7145530581474304,0.715557336807251
qwen-0.6b,das2d,25,2,0,64,0.001,128,35,0.715557336807251,0.7156486511230469
qwen-0.6b,das2d,25,2,0,64,0.001,128,36,0.7156486511230469,0.7140508890151978
qwen-0.6b,das2d,25,2,0,64,0.001,128,37,0.7140508890151978,0.715146541595459
qwen-0.6b,das2d,25,2,0,64,0.001,128,38,0.715146541595459,0.7149639129638672
qwen-0.6b,das2d,25,2,0,64,0.001,128,39,0.7149639129638672,0.715511679649353
qwen-0.6b,das2d,25,2,0,64,0.001,128,40,0.715511679649353,0.717428982257843
qwen-0.6b,das2d,25,2,0,64,0.001,128,41,0.717428982257843,0.7162877321243286
qwen-0.6b,das2d,25,2,0,64,0.001,128,42,0.7162877321243286,0.7151921391487122
qwen-0.6b,das2d,25,2,0,64,0.001,128,43,0.7151921391487122,0.715511679649353
qwen-0.6b,das2d,25,2,0,64,0.001,128,44,0.715511679649353,0.7135944962501526
qwen-0.6b,das2d,25,2,0,64,0.001,128,45,0.7135944962501526,0.7140508890151978
qwen-0.6b,das2d,25,2,0,64,0.001,128,46,0.7140508890151978,0.7145530581474304
qwen-0.6b,das2d,25,2,0,64,0.001,128,47,0.7145530581474304,0.7138683199882507
qwen-0.6b,das2d,25,2,0,64,0.001,128,48,0.7138683199882507,0.7122249603271484
qwen-0.6b,das2d,25,2,0,64,0.001,128,49,0.7122249603271484,0.7122249603271484
qwen-0.6b,das2d,25,2,0,64,0.001,128,50,0.7122249603271484,0.7114032506942749
qwen-0.6b,das2d,25,2,0,64,0.001,128,51,0.7114032506942749,0.7112206816673279
qwen-0.6b,das2d,25,2,0,64,0.001,128,52,0.7112206816673279,0.7110380530357361
qwen-0.6b,das2d,25,2,0,64,0.001,128,53,0.7110380530357361,0.7112663388252258
qwen-0.6b,das2d,25,2,0,64,0.001,128,54,0.7112663388252258,0.7101707458496094
qwen-0.6b,das2d,25,2,0,64,0.001,128,55,0.7101707458496094,0.7101707458496094
qwen-0.6b,das2d,25,2,0,64,0.001,128,56,0.7101707458496094,0.7093490362167358
qwen-0.6b,das2d,25,2,0,64,0.001,128,57,0.7093490362167358,0.7074773907661438
qwen-0.6b,das2d,25,2,0,64,0.001,128,58,0.7074773907661438,0.7095772624015808
qwen-0.6b,das2d,25,2,0,64,0.001,128,59,0.7095772624015808,0.7085273265838623
qwen-0.6b,das2d,25,2,0,64,0.001,128,60,0.7085273265838623,0.709029495716095
qwen-0.6b,das2d,25,2,0,64,0.001,128,61,0.709029495716095,0.7085273265838623
qwen-0.6b,das2d,25,2,0,64,0.001,128,62,0.7085273265838623,0.7077056169509888
qwen-0.6b,das2d,25,2,0,64,0.001,128,63,0.7077056169509888,0.7091208100318909
qwen-0.6b,das3d,25,3,0,64,0.001,128,0,1.0011411905288696,0.9943393468856812
qwen-0.6b,das3d,25,3,0,64,0.001,128,1,0.9943393468856812,0.9774947166442871
qwen-0.6b,das3d,25,3,0,64,0.001,128,2,0.9774947166442871,0.9535287022590637
qwen-0.6b,das3d,25,3,0,64,0.001,128,3,0.9535287022590637,0.9304300546646118
qwen-0.6b,das3d,25,3,0,64,0.001,128,4,0.9304300546646118,0.9108920097351074
qwen-0.6b,das3d,25,3,0,64,0.001,128,5,0.9108920097351074,0.8980187773704529
qwen-0.6b,das3d,25,3,0,64,0.001,128,6,0.8980187773704529,0.8874737620353699
qwen-0.6b,das3d,25,3,0,64,0.001,128,7,0.8874737620353699,0.8787089586257935
qwen-0.6b,das3d,25,3,0,64,0.001,128,8,0.8787089586257935,0.8694878220558167
qwen-0.6b,das3d,25,3,0,64,0.001,128,9,0.8694878220558167,0.8596731424331665
qwen-0.6b,das3d,25,3,0,64,0.001,128,10,0.8596731424331665,0.8485346436500549
qwen-0.6b,das3d,25,3,0,64,0.001,128,11,0.8485346436500549,0.836391806602478
qwen-0.6b,das3d,25,3,0,64,0.001,128,12,0.836391806602478,0.826440155506134
qwen-0.6b,das3d,25,3,0,64,0.001,128,13,0.826440155506134,0.8145256638526917
qwen-0.6b,das3d,25,3,0,64,0.001,128,14,0.8145256638526917,0.8029763102531433
qwen-0.6b,das3d,25,3,0,64,0.001,128,15,0.8029763102531433,0.7909249067306519
qwen-0.6b,das3d,25,3,0,64,0.001,128,16,0.7909249067306519,0.7805624008178711
qwen-0.6b,das3d,25,3,0,64,0.001,128,17,0.7805624008178711,0.7713412046432495
qwen-0.6b,das3d,25,3,0,64,0.001,128,18,0.7713412046432495,0.760522186756134
qwen-0.6b,das3d,25,3,0,64,0.001,128,19,0.760522186756134,0.7522139549255371
qwen-0.6b,das3d,25,3,0,64,0.001,128,20,0.7522139549255371,0.7434036135673523
qwen-0.6b,das3d,25,3,0,64,0.001,128,21,0.7434036135673523,0.737788736820221
qwen-0.6b,das3d,25,3,0,64,0.001,128,22,0.737788736820221,0.7307130694389343
qwen-0.6b,das3d,25,3,0,64,0.001,128,23,0.7307130694389343,0.7254176735877991
qwen-0.6b,das3d,25,3,0,64,0.001,128,24,0.7254176735877991,0.7203506231307983
qwen-0.6b,das3d,25,3,0,64,0.001,128,25,0.7203506231307983,0.7167442440986633
qwen-0.6b,das3d,25,3,0,64,0.001,128,26,0.7167442440986633,0.713640034198761
qwen-0.6b,das3d,25,3,0,64,0.001,128,27,0.713640034198761,0.7103533148765564
qwen-0.6b,das3d,25,3,0,64,0.001,128,28,0.7103533148765564,0.708983838558197
qwen-0.6b,das3d,25,3,0,64,0.001,128,29,0.708983838558197,0.7078425884246826
qwen-0.6b,das3d,25,3,0,64,0.001,128,30,0.7078425884246826,0.7085729837417603
qwen-0.6b,das3d,25,3,0,64,0.001,128,31,0.7085729837417603,0.7082534432411194
qwen-0.6b,das3d,25,3,0,64,0.001,128,32,0.7082534432411194,0.7067469954490662
qwen-0.6b,das3d,25,3,0,64,0.001,128,33,0.7067469954490662,0.707294762134552
qwen-0.6b,das3d,25,3,0,64,0.001,128,34,0.707294762134552,0.7067469954490662
qwen-0.6b,das3d,25,3,0,64,0.001,128,35,0.7067469954490662,0.708983838558197
qwen-0.6b,das3d,25,3,0,64,0.001,128,36,0.708983838558197,0.7072034478187561
qwen-0.6b,das3d,25,3,0,64,0.001,128,37,0.7072034478187561,0.7068383097648621
qwen-0.6b,das3d,25,3,0,64,0.001,128,38,0.7068383097648621,0.707066535949707
qwen-0.6b,das3d,25,3,0,64,0.001,128,39,0.707066535949707,0.7075687050819397
qwen-0.6b,das3d,25,3,0,64,0.001,128,40,0.7075687050819397,0.7057426571846008
qwen-0.6b,das3d,25,3,0,64,0.001,128,41,0.7057426571846008,0.7045102119445801
qwen-0.6b,das3d,25,3,0,64,0.001,128,42,0.7045102119445801,0.7033233046531677
qwen-0.6b,das3d,25,3,0,64,0.001,128,43,0.7033233046531677,0.7023646831512451
qwen-0.6b,das3d,25,3,0,64,0.001,128,44,0.7023646831512451,0.702866792678833
qwen-0.6b,das3d,25,3,0,64,0.001,128,45,0.702866792678833,0.7012234330177307
qwen-0.6b,das3d,25,3,0,64,0.001,128,46,0.7012234330177307,0.6991235017776489
qwen-0.6b,das3d,25,3,0,64,0.001,128,47,0.6991235017776489,0.6983931064605713
qwen-0.6b,das3d,25,3,0,64,0.001,128,48,0.6983931064605713,0.6966127753257751
qwen-0.6b,das3d,25,3,0,64,0.001,128,49,0.6966127753257751,0.6980735659599304
qwen-0.6b,das3d,25,3,0,64,0.001,128,50,0.6980735659599304,0.696384608745575
qwen-0.6b,das3d,25,3,0,64,0.001,128,51,0.696384608745575,0.6957454085350037
qwen-0.6b,das3d,25,3,0,64,0.001,128,52,0.6957454085350037,0.6960649490356445
qwen-0.6b,das3d,25,3,0,64,0.001,128,53,0.6960649490356445,0.6967953443527222
qwen-0.6b,das3d,25,3,0,64,0.001,128,54,0.6967953443527222,0.6954259276390076
qwen-0.6b,das3d,25,3,0,64,0.001,128,55,0.6954259276390076,0.6965671181678772
qwen-0.6b,das3d,25,3,0,64,0.001,128,56,0.6965671181678772,0.6951520442962646
qwen-0.6b,das3d,25,3,0,64,0.001,128,57,0.6951520442962646,0.6946955323219299
qwen-0.6b,das3d,25,3,0,64,0.001,128,58,0.6946955323219299,0.6943758726119995
qwen-0.6b,das3d,25,3,0,64,0.001,128,59,0.6943758726119995,0.6951520442962646
qwen-0.6b,das3d,25,3,0,64,0.001,128,60,0.6951520442962646,0.6941019892692566
qwen-0.6b,das3d,25,3,0,64,0.001,128,61,0.6941019892692566,0.6935999393463135
qwen-0.6b,das3d,25,3,0,64,0.001,128,62,0.6935999393463135,0.6939651370048523
qwen-0.6b,das3d,25,3,0,64,0.001,128,63,0.6939651370048523,0.6935542821884155
qwen-0.6b,das,26,1,0,64,0.001,128,0,0.9993152618408203,0.9959827661514282
qwen-0.6b,das,26,1,0,64,0.001,128,1,0.9959827661514282,0.9907330870628357
qwen-0.6b,das,26,1,0,64,0.001,128,2,0.9907330870628357,0.9858942627906799
qwen-0.6b,das,26,1,0,64,0.001,128,3,0.9858942627906799,0.9791381359100342
qwen-0.6b,das,26,1,0,64,0.001,128,4,0.9791381359100342,0.9763078093528748
qwen-0.6b,das,26,1,0,64,0.001,128,5,0.9763078093528748,0.9734774827957153
qwen-0.6b,das,26,1,0,64,0.001,128,6,0.9734774827957153,0.9706016182899475
qwen-0.6b,das,26,1,0,64,0.001,128,7,0.9706016182899475,0.9687300324440002
qwen-0.6b,das,26,1,0,64,0.001,128,8,0.9687300324440002,0.9679083824157715
qwen-0.6b,das,26,1,0,64,0.001,128,9,0.9679083824157715,0.9643020033836365
qwen-0.6b,das,26,1,0,64,0.001,128,10,0.9643020033836365,0.9609695672988892
qwen-0.6b,das,26,1,0,64,0.001,128,11,0.9609695672988892,0.9579566717147827
qwen-0.6b,das,26,1,0,64,0.001,128,12,0.9579566717147827,0.9543047547340393
qwen-0.6b,das,26,1,0,64,0.001,128,13,0.9543047547340393,0.9514287710189819
qwen-0.6b,das,26,1,0,64,0.001,128,14,0.9514287710189819,0.9496940970420837
qwen-0.6b,das,26,1,0,64,0.001,128,15,0.9496940970420837,0.9453117847442627
qwen-0.6b,das,26,1,0,64,0.001,128,16,0.9453117847442627,0.9429836273193359
qwen-0.6b,das,26,1,0,64,0.001,128,17,0.9429836273193359,0.939559817314148
qwen-0.6b,das,26,1,0,64,0.001,128,18,0.939559817314148,0.9364557862281799
qwen-0.6b,das,26,1,0,64,0.001,128,19,0.9364557862281799,0.9332146048545837
qwen-0.6b,das,26,1,0,64,0.001,128,20,0.9332146048545837,0.9313430190086365
qwen-0.6b,das,26,1,0,64,0.001,128,21,0.9313430190086365,0.9275084137916565
qwen-0.6b,das,26,1,0,64,0.001,128,22,0.9275084137916565,0.9244042038917542
qwen-0.6b,das,26,1,0,64,0.001,128,23,0.9244042038917542,0.9212544560432434
qwen-0.6b,das,26,1,0,64,0.001,128,24,0.9212544560432434,0.9190176129341125
qwen-0.6b,das,26,1,0,64,0.001,128,25,0.9190176129341125,0.9161416888237
qwen-0.6b,das,26,1,0,64,0.001,128,26,0.9161416888237,0.9138592481613159
qwen-0.6b,das,26,1,0,64,0.001,128,27,0.9138592481613159,0.9109833240509033
qwen-0.6b,das,26,1,0,64,0.001,128,28,0.9109833240509033,0.907879114151001
qwen-0.6b,das,26,1,0,64,0.001,128,29,0.907879114151001,0.9074225425720215
qwen-0.6b,das,26,1,0,64,0.001,128,30,0.9074225425720215,0.905505359172821
qwen-0.6b,das,26,1,0,64,0.001,128,31,0.905505359172821,0.9036335945129395
qwen-0.6b,das,26,1,0,64,0.001,128,32,0.9036335945129395,0.9013512134552002
qwen-0.6b,das,26,1,0,64,0.001,128,33,0.9013512134552002,0.9013511538505554
qwen-0.6b,das,26,1,0,64,0.001,128,34,0.9013511538505554,0.899981677532196
qwen-0.6b,das,26,1,0,64,0.001,128,35,0.899981677532196,0.897927463054657
qwen-0.6b,das,26,1,0,64,0.001,128,36,0.897927463054657,0.8980187773704529
qwen-0.6b,das,26,1,0,64,0.001,128,37,0.8980187773704529,0.8976078629493713
qwen-0.6b,das,26,1,0,64,0.001,128,38,0.8976078629493713,0.8975622653961182
qwen-0.6b,das,26,1,0,64,0.001,128,39,0.8975622653961182,0.8966037034988403
qwen-0.6b,das,26,1,0,64,0.001,128,40,0.8966037034988403,0.8958276510238647
qwen-0.6b,das,26,1,0,64,0.001,128,41,0.8958276510238647,0.8956906795501709
qwen-0.6b,das,26,1,0,64,0.001,128,42,0.8956906795501709,0.89537113904953
qwen-0.6b,das,26,1,0,64,0.001,128,43,0.89537113904953,0.8948689699172974
qwen-0.6b,das,26,1,0,64,0.001,128,44,0.8948689699172974,0.8958276510238647
qwen-0.6b,das,26,1,0,64,0.001,128,45,0.8958276510238647,0.8958276510238647
qwen-0.6b,das,26,1,0,64,0.001,128,46,0.8958276510238647,0.8963753581047058
qwen-0.6b,das,26,1,0,64,0.001,128,47,0.8963753581047058,0.8957363367080688
qwen-0.6b,das,26,1,0,64,0.001,128,48,0.8957363367080688,0.8974252939224243
qwen-0.6b,das,26,1,0,64,0.001,128,49,0.8974252939224243,0.896192729473114
qwen-0.6b,das,26,1,0,64,0.001,128,50,0.896192729473114,0.8967862129211426
qwen-0.6b,das,26,1,0,64,0.001,128,51,0.8967862129211426,0.8965580463409424
qwen-0.6b,das,26,1,0,64,0.001,128,52,0.8965580463409424,0.8966948986053467
qwen-0.6b,das,26,1,0,64,0.001,128,53,0.8966948986053467,0.8970600962638855
qwen-0.6b,das,26,1,0,64,0.001,128,54,0.8970600962638855,0.8967862129211426
qwen-0.6b,das,26,1,0,64,0.001,128,55,0.8967862129211426,0.8967862129211426
qwen-0.6b,das,26,1,0,64,0.001,128,56,0.8967862129211426,0.897334098815918
qwen-0.6b,das,26,1,0,64,0.001,128,57,0.897334098815918,0.8955536484718323
qwen-0.6b,das,26,1,0,64,0.001,128,58,0.8955536484718323,0.8966493606567383
qwen-0.6b,das,26,1,0,64,0.001,128,59,0.8966493606567383,0.8965580463409424
qwen-0.6b,das,26,1,0,64,0.001,128,60,0.8965580463409424,0.8966037034988403
qwen-0.6b,das,26,1,0,64,0.001,128,61,0.8966037034988403,0.8961471915245056
qwen-0.6b,das,26,1,0,64,0.001,128,62,0.8961471915245056,0.8963753581047058
qwen-0.6b,das,26,1,0,64,0.001,128,63,0.8963753581047058,0.895599365234375
qwen-0.6b,das2d,26,2,0,64,0.001,128,0,0.9989044070243835,0.9969414472579956
qwen-0.6b,das2d,26,2,0,64,0.001,128,1,0.9969414472579956,0.9910070300102234
qwen-0.6b,das2d,26,2,0,64,0.001,128,2,0.9910070300102234,0.9847529530525208
qwen-0.6b,das2d,26,2,0,64,0.001,128,3,0.9847529530525208,0.9796402454376221
qwen-0.6b,das2d,26,2,0,64,0.001,128,4,0.9796402454376221,0.9719710946083069
qwen-0.6b,das2d,26,2,0,64,0.001,128,5,0.9719710946083069,0.967041015625
qwen-0.6b,das2d,26,2,0,64,0.001,128,6,0.967041015625,0.9644845724105835
qwen-0.6b,das2d,26,2,0,64,0.001,128,7,0.9644845724105835,0.96128910779953
qwen-0.6b,das2d,26,2,0,64,0.001,128,8,0.96128910779953,0.9585500955581665
qwen-0.6b,das2d,26,2,0,64,0.001,128,9,0.9585500955581665,0.9537112712860107
qwen-0.6b,das2d,26,2,0,64,0.001,128,10,0.9537112712860107,0.9491463899612427
qwen-0.6b,das2d,26,2,0,64,0.001,128,11,0.9491463899612427,0.945083498954773
qwen-0.6b,das2d,26,2,0,64,0.001,128,12,0.945083498954773,0.9403815269470215
qwen-0.6b,das2d,26,2,0,64,0.001,128,13,0.9403815269470215,0.9373230934143066
qwen-0.6b,das2d,26,2,0,64,0.001,128,14,0.9373230934143066,0.9339450001716614
qwen-0.6b,das2d,26,2,0,64,0.001,128,15,0.9339450001716614,0.9292887449264526
qwen-0.6b,das2d,26,2,0,64,0.001,128,16,0.9292887449264526,0.9265041351318359
qwen-0.6b,das2d,26,2,0,64,0.001,128,17,0.9265041351318359,0.9221218228340149
qwen-0.6b,das2d,26,2,0,64,0.001,128,18,0.9221218228340149,0.9175111651420593
qwen-0.6b,das2d,26,2,0,64,0.001,128,19,0.9175111651420593,0.9134939312934875
qwen-0.6b,das2d,26,2,0,64,0.001,128,20,0.9134939312934875,0.91038978099823
qwen-0.6b,das2d,26,2,0,64,0.001,128,21,0.91038978099823,0.9071030616760254
qwen-0.6b,das2d,26,2,0,64,0.001,128,22,0.9071030616760254,0.9046836495399475
qwen-0.6b,das2d,26,2,0,64,0.001,128,23,0.9046836495399475,0.9005295038223267
qwen-0.6b,das2d,26,2,0,64,0.001,128,24,0.9005295038223267,0.8989318013191223
qwen-0.6b,das2d,26,2,0,64,0.001,128,25,0.8989318013191223,0.8972883820533752
qwen-0.6b,das2d,26,2,0,64,0.001,128,26,0.8972883820533752,0.8956906795501709
qwen-0.6b,das2d,26,2,0,64,0.001,128,27,0.8956906795501709,0.8942298889160156
qwen-0.6b,das2d,26,2,0,64,0.001,128,28,0.8942298889160156,0.8924038410186768
qwen-0.6b,das2d,26,2,0,64,0.001,128,29,0.8924038410186768,0.8915821313858032
qwen-0.6b,das2d,26,2,0,64,0.001,128,30,0.8915821313858032,0.8908974528312683
qwen-0.6b,das2d,26,2,0,64,0.001,128,31,0.8908974528312683,0.8905322551727295
qwen-0.6b,das2d,26,2,0,64,0.001,128,32,0.8905322551727295,0.8904409408569336
qwen-0.6b,das2d,26,2,0,64,0.001,128,33,0.8904409408569336,0.8903496265411377
qwen-0.6b,das2d,26,2,0,64,0.001,128,34,0.8903496265411377,0.8909887075424194
qwen-0.6b,das2d,26,2,0,64,0.001,128,35,0.8909887075424194,0.8893910050392151
qwen-0.6b,das2d,26,2,0,64,0.001,128,36,0.8893910050392151,0.8895279169082642
qwen-0.6b,das2d,26,2,0,64,0.001,128,37,0.8895279169082642,0.8910343647003174
qwen-0.6b,das2d,26,2,0,64,0.001,128,38,0.8910343647003174,0.8908974528312683
qwen-0.6b,das2d,26,2,0,64,0.001,128,39,0.8908974528312683,0.8908517956733704
qwen-0.6b,das2d,26,2,0,64,0.001,128,40,0.8908517956733704,0.8924951553344727
qwen-0.6b,das2d,26,2,0,64,0.001,128,41,0.8924951553344727,0.8906692266464233
qwen-0.6b,das2d,26,2,0,64,0.001,128,42,0.8906692266464233,0.8909430503845215
qwen-0.6b,das2d,26,2,0,64,0.001,128,43,0.8909430503845215,0.8905322551727295
qwen-0.6b,das2d,26,2,0,64,0.001,128,44,0.8905322551727295,0.8908517956733704
qwen-0.6b,das2d,26,2,0,64,0.001,128,45,0.8908517956733704,0.8904865980148315
qwen-0.6b,das2d,26,2,0,64,0.001,128,46,0.8904865980148315,0.889664888381958
qwen-0.6b,das2d,26,2,0,64,0.001,128,47,0.889664888381958,0.8889344930648804
qwen-0.6b,das2d,26,2,0,64,0.001,128,48,0.8889344930648804,0.8886605501174927
qwen-0.6b,das2d,26,2,0,64,0.001,128,49,0.8886605501174927,0.8878846168518066
qwen-0.6b,das2d,26,2,0,64,0.001,128,50,0.8878846168518066,0.8864693641662598
qwen-0.6b,das2d,26,2,0,64,0.001,128,51,0.8864693641662598,0.8874281048774719
qwen-0.6b,das2d,26,2,0,64,0.001,128,52,0.8874281048774719,0.8866063952445984
qwen-0.6b,das2d,26,2,0,64,0.001,128,53,0.8866063952445984,0.8867433667182922
qwen-0.6b,das2d,26,2,0,64,0.001,128,54,0.8867433667182922,0.8860586285591125
qwen-0.6b,das2d,26,2,0,64,0.001,128,55,0.8860586285591125,0.8855564594268799
qwen-0.6b,das2d,26,2,0,64,0.001,128,56,0.8855564594268799,0.8860129714012146
qwen-0.6b,das2d,26,2,0,64,0.001,128,57,0.8860129714012146,0.8849629759788513
qwen-0.6b,das2d,26,2,0,64,0.001,128,58,0.8849629759788513,0.8836391568183899
qwen-0.6b,das2d,26,2,0,64,0.001,128,59,0.8836391568183899,0.8850999474525452
qwen-0.6b,das2d,26,2,0,64,0.001,128,60,0.8850999474525452,0.8849629759788513
qwen-0.6b,das2d,26,2,0,64,0.001,128,61,0.8849629759788513,0.8843238949775696
qwen-0.6b,das2d,26,2,0,64,0.001,128,62,0.8843238949775696,0.8840500116348267
qwen-0.6b,das2d,26,2,0,64,0.001,128,63,0.8840500116348267,0.8838674426078796
qwen-0.6b,das3d,26,3,0,64,0.001,128,0,0.9994065761566162,0.9966219067573547
qwen-0.6b,das3d,26,3,0,64,0.001,128,1,0.9966219067573547,0.9918743968009949
qwen-0.6b,das3d,26,3,0,64,0.001,128,2,0.9918743968009949,0.9847986102104187
qwen-0.6b,das3d,26,3,0,64,0.001,128,3,0.9847986102104187,0.9772664308547974
qwen-0.6b,das3d,26,3,0,64,0.001,128,4,0.9772664308547974,0.9716972708702087
qwen-0.6b,das3d,26,3,0,64,0.001,128,5,0.9716972708702087,0.9675887227058411
qwen-0.6b,das3d,26,3,0,64,0.001,128,6,0.9675887227058411,0.961562991142273
qwen-0.6b,das3d,26,3,0,64,0.001,128,7,0.961562991142273,0.9596457481384277
qwen-0.6b,das3d,26,3,0,64,0.001,128,8,0.9596457481384277,0.955217719078064
qwen-0.6b,das3d,26,3,0,64,0.001,128,9,0.955217719078064,0.9511092305183411
qwen-0.6b,das3d,26,3,0,64,0.001,128,10,0.9511092305183411,0.9459965229034424
qwen-0.6b,das3d,26,3,0,64,0.001,128,11,0.9459965229034424,0.940381646156311
qwen-0.6b,das3d,26,3,0,64,0.001,128,12,0.940381646156311,0.9361818432807922
qwen-0.6b,das3d,26,3,0,64,0.001,128,13,0.9361818432807922,0.9299277663230896
qwen-0.6b,das3d,26,3,0,64,0.001,128,14,0.9299277663230896,0.9248607158660889
qwen-0.6b,das3d,26,3,0,64,0.001,128,15,0.9248607158660889,0.9208436012268066
qwen-0.6b,das3d,26,3,0,64,0.001,128,16,0.9208436012268066,0.9150003790855408
qwen-0.6b,das3d,26,3,0,64,0.001,128,17,0.9150003790855408,0.9116224050521851
qwen-0.6b,das3d,26,3,0,64,0.001,128,18,0.9116224050521851,0.9056878685951233
qwen-0.6b,das3d,26,3,0,64,0.001,128,19,0.9056878685951233,0.9007120728492737
qwen-0.6b,das3d,26,3,0,64,0.001,128,20,0.9007120728492737,0.8965580463409424
qwen-0.6b,das3d,26,3,0,64,0.001,128,21,0.8965580463409424,0.8932255506515503
qwen-0.6b,das3d,26,3,0,64,0.001,128,22,0.8932255506515503,0.8903496265411377
qwen-0.6b,das3d,26,3,0,64,0.001,128,23,0.8903496265411377,0.8874281048774719
qwen-0.6b,das3d,26,3,0,64,0.001,128,24,0.8874281048774719,0.8850542902946472
qwen-0.6b,das3d,26,3,0,64,0.001,128,25,0.8850542902946472,0.883137047290802
qwen-0.6b,das3d,26,3,0,64,0.001,128,26,0.883137047290802,0.8816762566566467
qwen-0.6b,das3d,26,3,0,64,0.001,128,27,0.8816762566566467,0.8807175755500793
qwen-0.6b,das3d,26,3,0,64,0.001,128,28,0.8807175755500793,0.8801242113113403
qwen-0.6b,das3d,26,3,0,64,0.001,128,29,0.8801242113113403,0.879758894443512
qwen-0.6b,das3d,26,3,0,64,0.001,128,30,0.879758894443512,0.8792111277580261
qwen-0.6b,das3d,26,3,0,64,0.001,128,31,0.8792111277580261,0.8792111277580261
qwen-0.6b,das3d,26,3,0,64,0.001,128,32,0.8792111277580261,0.8784807920455933
qwen-0.6b,das3d,26,3,0,64,0.001,128,33,0.8784807920455933,0.8783894777297974
qwen-0.6b,das3d,26,3,0,64,0.001,128,34,0.8783894777297974,0.8794851303100586
qwen-0.6b,das3d,26,3,0,64,0.001,128,35,0.8794851303100586,0.8781154751777649
qwen-0.6b,das3d,26,3,0,64,0.001,128,36,0.8781154751777649,0.8780242800712585
qwen-0.6b,das3d,26,3,0,64,0.001,128,37,0.8780242800712585,0.8788459897041321
qwen-0.6b,das3d,26,3,0,64,0.001,128,38,0.8788459897041321,0.8779330253601074
qwen-0.6b,das3d,26,3,0,64,0.001,128,39,0.8779330253601074,0.8774763941764832
qwen-0.6b,das3d,26,3,0,64,0.001,128,40,0.8774763941764832,0.8765178322792053
qwen-0.6b,das3d,26,3,0,64,0.001,128,41,0.8765178322792053,0.8763809204101562
qwen-0.6b,das3d,26,3,0,64,0.001,128,42,0.8763809204101562,0.8750113844871521
qwen-0.6b,das3d,26,3,0,64,0.001,128,43,0.8750113844871521,0.87505704164505
qwen-0.6b,das3d,26,3,0,64,0.001,128,44,0.87505704164505,0.8740527629852295
qwen-0.6b,das3d,26,3,0,64,0.001,128,45,0.8740527629852295,0.8728658556938171
qwen-0.6b,das3d,26,3,0,64,0.001,128,46,0.8728658556938171,0.8736875057220459
qwen-0.6b,das3d,26,3,0,64,0.001,128,47,0.8736875057220459,0.8717702627182007
qwen-0.6b,das3d,26,3,0,64,0.001,128,48,0.8717702627182007,0.870629072189331
qwen-0.6b,das3d,26,3,0,64,0.001,128,49,0.870629072189331,0.8705833554267883
qwen-0.6b,das3d,26,3,0,64,0.001,128,50,0.8705833554267883,0.8697161078453064
qwen-0.6b,das3d,26,3,0,64,0.001,128,51,0.8697161078453064,0.8693965077400208
qwen-0.6b,das3d,26,3,0,64,0.001,128,52,0.8693965077400208,0.8696704506874084
qwen-0.6b,das3d,26,3,0,64,0.001,128,53,0.8696704506874084,0.8690313100814819
qwen-0.6b,das3d,26,3,0,64,0.001,128,54,0.8690313100814819,0.8689400553703308
qwen-0.6b,das3d,26,3,0,64,0.001,128,55,0.8689400553703308,0.8684377670288086
qwen-0.6b,das3d,26,3,0,64,0.001,128,56,0.8684377670288086,0.868757426738739
qwen-0.6b,das3d,26,3,0,64,0.001,128,57,0.868757426738739,0.8697617053985596
qwen-0.6b,das3d,26,3,0,64,0.001,128,58,0.8697617053985596,0.8682096600532532
qwen-0.6b,das3d,26,3,0,64,0.001,128,59,0.8682096600532532,0.8679357171058655
qwen-0.6b,das3d,26,3,0,64,0.001,128,60,0.8679357171058655,0.8685747981071472
qwen-0.6b,das3d,26,3,0,64,0.001,128,61,0.8685747981071472,0.8680270314216614
qwen-0.6b,das3d,26,3,0,64,0.001,128,62,0.8680270314216614,0.8679357171058655
qwen-0.6b,das3d,26,3,0,64,0.001,128,63,0.8679357171058655,0.8676161766052246
qwen-0.6b,das,27,1,0,64,0.001,128,0,0.9996804594993591,0.9994065761566162
qwen-0.6b,das,27,1,0,64,0.001,128,1,0.9994065761566162,0.9992239475250244
qwen-0.6b,das,27,1,0,64,0.001,128,2,0.9992239475250244,0.9988131523132324
qwen-0.6b,das,27,1,0,64,0.001,128,3,0.9988131523132324,0.9988131523132324
qwen-0.6b,das,27,1,0,64,0.001,128,4,0.9988131523132324,0.9982196092605591
qwen-0.6b,das,27,1,0,64,0.001,128,5,0.9982196092605591,0.9972153306007385
qwen-0.6b,das,27,1,0,64,0.001,128,6,0.9972153306007385,0.9968501925468445
qwen-0.6b,das,27,1,0,64,0.001,128,7,0.9968501925468445,0.9968501329421997
qwen-0.6b,das,27,1,0,64,0.001,128,8,0.9968501329421997,0.9968501329421997
qwen-0.6b,das,27,1,0,64,0.001,128,9,0.9968501329421997,0.9968044757843018
qwen-0.6b,das,27,1,0,64,0.001,128,10,0.9968044757843018,0.9952980279922485
qwen-0.6b,das,27,1,0,64,0.001,128,11,0.9952980279922485,0.9955719709396362
qwen-0.6b,das,27,1,0,64,0.001,128,12,0.9955719709396362,0.9952980279922485
qwen-0.6b,das,27,1,0,64,0.001,128,13,0.9952980279922485,0.9937915802001953
qwen-0.6b,das,27,1,0,64,0.001,128,14,0.9937915802001953,0.9926961064338684
qwen-0.6b,das,27,1,0,64,0.001,128,15,0.9926961064338684,0.9928785562515259
qwen-0.6b,das,27,1,0,64,0.001,128,16,0.9928785562515259,0.9916461110115051
qwen-0.6b,das,27,1,0,64,0.001,128,17,0.9916461110115051,0.9907330870628357
qwen-0.6b,das,27,1,0,64,0.001,128,18,0.9907330870628357,0.9904592633247375
qwen-0.6b,das,27,1,0,64,0.001,128,19,0.9904592633247375,0.9894092679023743
qwen-0.6b,das,27,1,0,64,0.001,128,20,0.9894092679023743,0.9890440702438354
qwen-0.6b,das,27,1,0,64,0.001,128,21,0.9890440702438354,0.9879941344261169
qwen-0.6b,das,27,1,0,64,0.001,128,22,0.9879941344261169,0.9869441390037537
qwen-0.6b,das,27,1,0,64,0.001,128,23,0.9869441390037537,0.9861680865287781
qwen-0.6b,das,27,1,0,64,0.001,128,24,0.9861680865287781,0.9851639270782471
qwen-0.6b,das,27,1,0,64,0.001,128,25,0.9851639270782471,0.9844334125518799
qwen-0.6b,das,27,1,0,64,0.001,128,26,0.9844334125518799,0.9830183386802673
qwen-0.6b,das,27,1,0,64,0.001,128,27,0.9830183386802673,0.9819684028625488
qwen-0.6b,das,27,1,0,64,0.001,128,28,0.9819684028625488,0.9818770885467529
qwen-0.6b,das,27,1,0,64,0.001,128,29,0.9818770885467529,0.9807358384132385
qwen-0.6b,das,27,1,0,64,0.001,128,30,0.9807358384132385,0.979457676410675
qwen-0.6b,das,27,1,0,64,0.001,128,31,0.979457676410675,0.9796402454376221
qwen-0.6b,das,27,1,0,64,0.001,128,32,0.9796402454376221,0.9795945882797241
qwen-0.6b,das,27,1,0,64,0.001,128,33,0.9795945882797241,0.9791381359100342
qwen-0.6b,das,27,1,0,64,0.001,128,34,0.9791381359100342,0.9791837334632874
qwen-0.6b,das,27,1,0,64,0.001,128,35,0.9791837334632874,0.9782707691192627
qwen-0.6b,das,27,1,0,64,0.001,128,36,0.9782707691192627,0.9775859713554382
qwen-0.6b,das,27,1,0,64,0.001,128,37,0.9775859713554382,0.9782251119613647
qwen-0.6b,das,27,1,0,64,0.001,128,38,0.9782251119613647,0.9786816239356995
qwen-0.6b,das,27,1,0,64,0.001,128,39,0.9786816239356995,0.9784077405929565
qwen-0.6b,das,27,1,0,64,0.001,128,40,0.9784077405929565,0.9786815643310547
qwen-0.6b,das,27,1,0,64,0.001,128,41,0.9786815643310547,0.9784990549087524
qwen-0.6b,das,27,1,0,64,0.001,128,42,0.9784990549087524,0.9789555072784424
qwen-0.6b,das,27,1,0,64,0.001,128,43,0.9789555072784424,0.9790924787521362
qwen-0.6b,das,27,1,0,64,0.001,128,44,0.9790924787521362,0.9788185358047485
qwen-0.6b,das,27,1,0,64,0.001,128,45,0.9788185358047485,0.9786359071731567
qwen-0.6b,das,27,1,0,64,0.001,128,46,0.9786359071731567,0.9793207049369812
qwen-0.6b,das,27,1,0,64,0.001,128,47,0.9793207049369812,0.9786816239356995
qwen-0.6b,das,27,1,0,64,0.001,128,48,0.9786816239356995,0.9791381359100342
qwen-0.6b,das,27,1,0,64,0.001,128,49,0.9791381359100342,0.9787728786468506
qwen-0.6b,das,27,1,0,64,0.001,128,50,0.9787728786468506,0.9785903096199036
qwen-0.6b,das,27,1,0,64,0.001,128,51,0.9785903096199036,0.9791837930679321
qwen-0.6b,das,27,1,0,64,0.001,128,52,0.9791837930679321,0.9790924787521362
qwen-0.6b,das,27,1,0,64,0.001,128,53,0.9790924787521362,0.9789098501205444
qwen-0.6b,das,27,1,0,64,0.001,128,54,0.9789098501205444,0.9786359071731567
qwen-0.6b,das,27,1,0,64,0.001,128,55,0.9786359071731567,0.9788185358047485
qwen-0.6b,das,27,1,0,64,0.001,128,56,0.9788185358047485,0.9785446524620056
qwen-0.6b,das,27,1,0,64,0.001,128,57,0.9785446524620056,0.978042483329773
qwen-0.6b,das,27,1,0,64,0.001,128,58,0.978042483329773,0.9781337976455688
qwen-0.6b,das,27,1,0,64,0.001,128,59,0.9781337976455688,0.9782707691192627
qwen-0.6b,das,27,1,0,64,0.001,128,60,0.9782707691192627,0.977951169013977
qwen-0.6b,das,27,1,0,64,0.001,128,61,0.977951169013977,0.9784533381462097
qwen-0.6b,das,27,1,0,64,0.001,128,62,0.9784533381462097,0.9784077405929565
qwen-0.6b,das,27,1,0,64,0.001,128,63,0.9784077405929565,0.978042483329773
qwen-0.6b,das2d,27,2,0,64,0.001,128,0,0.9998630285263062,0.9996346831321716
qwen-0.6b,das2d,27,2,0,64,0.001,128,1,0.9996346831321716,0.9994978904724121
qwen-0.6b,das2d,27,2,0,64,0.001,128,2,0.9994978904724121,0.9990413188934326
qwen-0.6b,das2d,27,2,0,64,0.001,128,3,0.9990413188934326,0.9986305236816406
qwen-0.6b,das2d,27,2,0,64,0.001,128,4,0.9986305236816406,0.9977174997329712
qwen-0.6b,das2d,27,2,0,64,0.001,128,5,0.9977174997329712,0.9968501329421997
qwen-0.6b,das2d,27,2,0,64,0.001,128,6,0.9968501329421997,0.9957089424133301
qwen-0.6b,das2d,27,2,0,64,0.001,128,7,0.9957089424133301,0.9947502613067627
qwen-0.6b,das2d,27,2,0,64,0.001,128,8,0.9947502613067627,0.9943850040435791
qwen-0.6b,das2d,27,2,0,64,0.001,128,9,0.9943850040435791,0.9943394064903259
qwen-0.6b,das2d,27,2,0,64,0.001,128,10,0.9943394064903259,0.9930613040924072
qwen-0.6b,das2d,27,2,0,64,0.001,128,11,0.9930613040924072,0.9922394752502441
qwen-0.6b,das2d,27,2,0,64,0.001,128,12,0.9922394752502441,0.9911440014839172
qwen-0.6b,das2d,27,2,0,64,0.001,128,13,0.9911440014839172,0.9908700585365295
qwen-0.6b,das2d,27,2,0,64,0.001,128,14,0.9908700585365295,0.9897743463516235
qwen-0.6b,das2d,27,2,0,64,0.001,128,15,0.9897743463516235,0.987902820110321
qwen-0.6b,das2d,27,2,0,64,0.001,128,16,0.987902820110321,0.9865333437919617
qwen-0.6b,das2d,27,2,0,64,0.001,128,17,0.9865333437919617,0.985848605632782
qwen-0.6b,das2d,27,2,0,64,0.001,128,18,0.985848605632782,0.9838855862617493
qwen-0.6b,das2d,27,2,0,64,0.001,128,19,0.9838855862617493,0.983566164970398
qwen-0.6b,das2d,27,2,0,64,0.001,128,20,0.983566164970398,0.9822879433631897
qwen-0.6b,das2d,27,2,0,64,0.001,128,21,0.9822879433631897,0.9809641242027283
qwen-0.6b,das2d,27,2,0,64,0.001,128,22,0.9809641242027283,0.9801424145698547
qwen-0.6b,das2d,27,2,0,64,0.001,128,23,0.9801424145698547,0.9801424145698547
qwen-0.6b,das2d,27,2,0,64,0.001,128,24,0.9801424145698547,0.979503333568573
qwen-0.6b,das2d,27,2,0,64,0.001,128,25,0.979503333568573,0.978042483329773
qwen-0.6b,das2d,27,2,0,64,0.001,128,26,0.978042483329773,0.9777686595916748
qwen-0.6b,das2d,27,2,0,64,0.001,128,27,0.9777686595916748,0.9779055714607239
qwen-0.6b,das2d,27,2,0,64,0.001,128,28,0.9779055714607239,0.9777686595916748
qwen-0.6b,das2d,27,2,0,64,0.001,128,29,0.9777686595916748,0.9778599143028259
qwen-0.6b,das2d,27,2,0,64,0.001,128,30,0.9778599143028259,0.9781337976455688
qwen-0.6b,das2d,27,2,0,64,0.001,128,31,0.9781337976455688,0.9780881404876709
qwen-0.6b,das2d,27,2,0,64,0.001,128,32,0.9780881404876709,0.9774490594863892
qwen-0.6b,das2d,27,2,0,64,0.001,128,33,0.9774490594863892,0.9784533977508545
qwen-0.6b,das2d,27,2,0,64,0.001,128,34,0.9784533977508545,0.9775403738021851
qwen-0.6b,das2d,27,2,0,64,0.001,128,35,0.9775403738021851,0.9781338572502136
qwen-0.6b,das2d,27,2,0,64,0.001,128,36,0.9781338572502136,0.9783620834350586
qwen-0.6b,das2d,27,2,0,64,0.001,128,37,0.9783620834350586,0.977951169013977
qwen-0.6b,das2d,27,2,0,64,0.001,128,38,0.977951169013977,0.977631688117981
qwen-0.6b,das2d,27,2,0,64,0.001,128,39,0.977631688117981,0.9772207736968994
qwen-0.6b,das2d,27,2,0,64,0.001,128,40,0.9772207736968994,0.9765360355377197
qwen-0.6b,das2d,27,2,0,64,0.001,128,41,0.9765360355377197,0.9769925475120544
qwen-0.6b,das2d,27,2,0,64,0.001,128,42,0.9769925475120544,0.9768556356430054
qwen-0.6b,das2d,27,2,0,64,0.001,128,43,0.9768556356430054,0.9770838022232056
qwen-0.6b,das2d,27,2,0,64,0.001,128,44,0.9770838022232056,0.9761708378791809
qwen-0.6b,das2d,27,2,0,64,0.001,128,45,0.9761708378791809,0.9748927354812622
qwen-0.6b,das2d,27,2,0,64,0.001,128,46,0.9748927354812622,0.9755774140357971
qwen-0.6b,das2d,27,2,0,64,0.001,128,47,0.9755774140357971,0.9755774140357971
qwen-0.6b,das2d,27,2,0,64,0.001,128,48,0.9755774140357971,0.9757601022720337
qwen-0.6b,das2d,27,2,0,64,0.001,128,49,0.9757601022720337,0.9752122163772583
qwen-0.6b,das2d,27,2,0,64,0.001,128,50,0.9752122163772583,0.9757144451141357
qwen-0.6b,das2d,27,2,0,64,0.001,128,51,0.9757144451141357,0.9761708378791809
qwen-0.6b,das2d,27,2,0,64,0.001,128,52,0.9761708378791809,0.97585129737854
qwen-0.6b,das2d,27,2,0,64,0.001,128,53,0.97585129737854,0.9757144451141357
qwen-0.6b,das2d,27,2,0,64,0.001,128,54,0.9757144451141357,0.9754404425621033
qwen-0.6b,das2d,27,2,0,64,0.001,128,55,0.9754404425621033,0.9743448495864868
qwen-0.6b,das2d,27,2,0,64,0.001,128,56,0.9743448495864868,0.9750752449035645
qwen-0.6b,das2d,27,2,0,64,0.001,128,57,0.9750752449035645,0.9746645092964172
qwen-0.6b,das2d,27,2,0,64,0.001,128,58,0.9746645092964172,0.9742535352706909
qwen-0.6b,das2d,27,2,0,64,0.001,128,59,0.9742535352706909,0.9737058281898499
qwen-0.6b,das2d,27,2,0,64,0.001,128,60,0.9737058281898499,0.9740253686904907
qwen-0.6b,das2d,27,2,0,64,0.001,128,61,0.9740253686904907,0.9737971425056458
qwen-0.6b,das2d,27,2,0,64,0.001,128,62,0.9737971425056458,0.9729754328727722
qwen-0.6b,das2d,27,2,0,64,0.001,128,63,0.9729754328727722,0.9731124043464661
qwen-0.6b,das3d,27,3,0,64,0.001,128,0,0.9997717142105103,0.9994065761566162
qwen-0.6b,das3d,27,3,0,64,0.001,128,1,0.9994065761566162,0.9997717142105103
qwen-0.6b,das3d,27,3,0,64,0.001,128,2,0.9997717142105103,0.9996346831321716
qwen-0.6b,das3d,27,3,0,64,0.001,128,3,0.9996346831321716,0.9989956617355347
qwen-0.6b,das3d,27,3,0,64,0.001,128,4,0.9989956617355347,0.9981740117073059
qwen-0.6b,das3d,27,3,0,64,0.001,128,5,0.9981740117073059,0.9972153902053833
qwen-0.6b,das3d,27,3,0,64,0.001,128,6,0.9972153902053833,0.9959827661514282
qwen-0.6b,das3d,27,3,0,64,0.001,128,7,0.9959827661514282,0.9961197376251221
qwen-0.6b,das3d,27,3,0,64,0.001,128,8,0.9961197376251221,0.9951610565185547
qwen-0.6b,das3d,27,3,0,64,0.001,128,9,0.9951610565185547,0.9947046041488647
qwen-0.6b,das3d,27,3,0,64,0.001,128,10,0.9947046041488647,0.9940198659896851
qwen-0.6b,das3d,27,3,0,64,0.001,128,11,0.9940198659896851,0.9926961064338684
qwen-0.6b,das3d,27,3,0,64,0.001,128,12,0.9926961064338684,0.991509199142456
qwen-0.6b,das3d,27,3,0,64,0.001,128,13,0.991509199142456,0.9908244013786316
qwen-0.6b,das3d,27,3,0,64,0.001,128,14,0.9908244013786316,0.9904592633247375
qwen-0.6b,das3d,27,3,0,64,0.001,128,15,0.9904592633247375,0.9884505867958069
qwen-0.6b,das3d,27,3,0,64,0.001,128,16,0.9884505867958069,0.9874006509780884
qwen-0.6b,das3d,27,3,0,64,0.001,128,17,0.9874006509780884,0.9861224889755249
qwen-0.6b,das3d,27,3,0,64,0.001,128,18,0.9861224889755249,0.9851639270782471
qwen-0.6b,das3d,27,3,0,64,0.001,128,19,0.9851639270782471,0.9830183982849121
qwen-0.6b,das3d,27,3,0,64,0.001,128,20,0.9830183982849121,0.9822879433631897
qwen-0.6b,das3d,27,3,0,64,0.001,128,21,0.9822879433631897,0.9804162979125977
qwen-0.6b,das3d,27,3,0,64,0.001,128,22,0.9804162979125977,0.980096697807312
qwen-0.6b,das3d,27,3,0,64,0.001,128,23,0.980096697807312,0.9790468215942383
qwen-0.6b,das3d,27,3,0,64,0.001,128,24,0.9790468215942383,0.9786816239356995
qwen-0.6b,das3d,27,3,0,64,0.001,128,25,0.9786816239356995,0.9784989953041077
qwen-0.6b,das3d,27,3,0,64,0.001,128,26,0.9784989953041077,0.9778599143028259
qwen-0.6b,das3d,27,3,0,64,0.001,128,27,0.9778599143028259,0.9775859713554382
qwen-0.6b,das3d,27,3,0,64,0.001,128,28,0.9775859713554382,0.978042483329773
qwen-0.6b,das3d,27,3,0,64,0.001,128,29,0.978042483329773,0.978042483329773
qwen-0.6b,das3d,27,3,0,64,0.001,128,30,0.978042483329773,0.977996826171875
qwen-0.6b,das3d,27,3,0,64,0.001,128,31,0.977996826171875,0.9774490594863892
qwen-0.6b,das3d,27,3,0,64,0.001,128,32,0.9774490594863892,0.9774490594863892
qwen-0.6b,das3d,27,3,0,64,0.001,128,33,0.9774490594863892,0.9763078093528748
qwen-0.6b,das3d,27,3,0,64,0.001,128,34,0.9763078093528748,0.9763534665107727
qwen-0.6b,das3d,27,3,0,64,0.001,128,35,0.9763534665107727,0.9768556356430054
qwen-0.6b,das3d,27,3,0,64,0.001,128,36,0.9768556356430054,0.9766730070114136
qwen-0.6b,das3d,27,3,0,64,0.001,128,37,0.9766730070114136,0.9764903783798218
qwen-0.6b,das3d,27,3,0,64,0.001,128,38,0.9764903783798218,0.9760339260101318
qwen-0.6b,das3d,27,3,0,64,0.001,128,39,0.9760339260101318,0.9759882688522339
qwen-0.6b,das3d,27,3,0,64,0.001,128,40,0.9759882688522339,0.975029706954956
qwen-0.6b,das3d,27,3,0,64,0.001,128,41,0.975029706954956,0.9748927354812622
qwen-0.6b,das3d,27,3,0,64,0.001,128,42,0.9748927354812622,0.9740710258483887
qwen-0.6b,das3d,27,3,0,64,0.001,128,43,0.9740710258483887,0.9742991924285889
qwen-0.6b,das3d,27,3,0,64,0.001,128,44,0.9742991924285889,0.9731124043464661
qwen-0.6b,das3d,27,3,0,64,0.001,128,45,0.9731124043464661,0.9737058281898499
qwen-0.6b,das3d,27,3,0,64,0.001,128,46,0.9737058281898499,0.9726558923721313
qwen-0.6b,das3d,27,3,0,64,0.001,128,47,0.9726558923721313,0.9722906947135925
qwen-0.6b,das3d,27,3,0,64,0.001,128,48,0.9722906947135925,0.9723820090293884
qwen-0.6b,das3d,27,3,0,64,0.001,128,49,0.9723820090293884,0.9717885255813599
qwen-0.6b,das3d,27,3,0,64,0.001,128,50,0.9717885255813599,0.9710581302642822
qwen-0.6b,das3d,27,3,0,64,0.001,128,51,0.9710581302642822,0.9712406992912292
qwen-0.6b,das3d,27,3,0,64,0.001,128,52,0.9712406992912292,0.9704189896583557
qwen-0.6b,das3d,27,3,0,64,0.001,128,53,0.9704189896583557,0.9704189896583557
qwen-0.6b,das3d,27,3,0,64,0.001,128,54,0.9704189896583557,0.971423327922821
qwen-0.6b,das3d,27,3,0,64,0.001,128,55,0.971423327922821,0.971012532711029
qwen-0.6b,das3d,27,3,0,64,0.001,128,56,0.971012532711029,0.9708298444747925
qwen-0.6b,das3d,27,3,0,64,0.001,128,57,0.9708298444747925,0.9706016182899475
qwen-0.6b,das3d,27,3,0,64,0.001,128,58,0.9706016182899475,0.9704646468162537
qwen-0.6b,das3d,27,3,0,64,0.001,128,59,0.9704646468162537,0.9691408276557922
qwen-0.6b,das3d,27,3,0,64,0.001,128,60,0.9691408276557922,0.9691408276557922
qwen-0.6b,das3d,27,3,0,64,0.001,128,61,0.9691408276557922,0.9686386585235596
qwen-0.6b,das3d,27,3,0,64,0.001,128,62,0.9686386585235596,0.9692777991294861
qwen-0.6b,das3d,27,3,0,64,0.001,128,63,0.9692777991294861,0.9692777991294861
qwen-0.6b,das,28,1,0,64,0.001,128,0,1.0,1.0
qwen-0.6b,das,28,1,0,64,0.001,128,1,1.0,1.0
qwen-0.6b,das,28,1,0,64,0.001,128,2,1.0,1.0
qwen-0.6b,das,28,1,0,64,0.001,128,3,1.0,1.0
qwen-0.6b,das,28,1,0,64,0.001,128,4,1.0,1.0
qwen-0.6b,das,28,1,0,64,0.001,128,5,1.0,1.0
qwen-0.6b,das,28,1,0,64,0.001,128,6,1.0,1.0
qwen-0.6b,das,28,1,0,64,0.001,128,7,1.0,1.0
qwen-0.6b,das,28,1,0,64,0.001,128,8,1.0,1.0
qwen-0.6b,das,28,1,0,64,0.001,128,9,1.0,1.0
qwen-0.6b,das,28,1,0,64,0.001,128,10,1.0,1.0
qwen-0.6b,das,28,1,0,64,0.001,128,11,1.0,1.0
qwen-0.6b,das,28,1,0,64,0.001,128,12,1.0,1.0
qwen-0.6b,das,28,1,0,64,0.001,128,13,1.0,1.0
qwen-0.6b,das,28,1,0,64,0.001,128,14,1.0,1.0
qwen-0.6b,das,28,1,0,64,0.001,128,15,1.0,1.0
qwen-0.6b,das,28,1,0,64,0.001,128,16,1.0,1.0
qwen-0.6b,das,28,1,0,64,0.001,128,17,1.0,1.0
qwen-0.6b,das,28,1,0,64,0.001,128,18,1.0,1.0
qwen-0.6b,das,28,1,0,64,0.001,128,19,1.0,1.0
qwen-0.6b,das,28,1,0,64,0.001,128,20,1.0,1.0
qwen-0.6b,das,28,1,0,64,0.001,128,21,1.0,1.0
qwen-0.6b,das,28,1,0,64,0.001,128,22,1.0,1.0
qwen-0.6b,das,28,1,0,64,0.001,128,23,1.0,1.0
qwen-0.6b,das,28,1,0,64,0.001,128,24,1.0,1.0
qwen-0.6b,das,28,1,0,64,0.001,128,25,1.0,1.0
qwen-0.6b,das,28,1,0,64,0.001,128,26,1.0,1.0
qwen-0.6b,das,28,1,0,64,0.001,128,27,1.0,1.0
qwen-0.6b,das,28,1,0,64,0.001,128,28,1.0,1.0
qwen-0.6b,das,28,1,0,64,0.001,128,29,1.0,1.0
qwen-0.6b,das,28,1,0,64,0.001,128,30,1.0,1.0
qwen-0.6b,das,28,1,0,64,0.001,128,31,1.0,1.0
qwen-0.6b,das,28,1,0,64,0.001,128,32,1.0,1.0
qwen-0.6b,das,28,1,0,64,0.001,128,33,1.0,1.0
qwen-0.6b,das,28,1,0,64,0.001,128,34,1.0,1.0
qwen-0.6b,das,28,1,0,64,0.001,128,35,1.0,1.0
qwen-0.6b,das,28,1,0,64,0.001,128,36,1.0,1.0
qwen-0.6b,das,28,1,0,64,0.001,128,37,1.0,1.0
qwen-0.6b,das,28,1,0,64,0.001,128,38,1.0,1.0
qwen-0.6b,das,28,1,0,64,0.001,128,39,1.0,1.0
qwen-0.6b,das,28,1,0,64,0.001,128,40,1.0,1.0
qwen-0.6b,das,28,1,0,64,0.001,128,41,1.0,1.0
qwen-0.6b,das,28,1,0,64,0.001,128,42,1.0,1.0
qwen-0.6b,das,28,1,0,64,0.001,128,43,1.0,1.0
qwen-0.6b,das,28,1,0,64,0.001,128,44,1.0,1.0
qwen-0.6b,das,28,1,0,64,0.001,128,45,1.0,1.0
qwen-0.6b,das,28,1,0,64,0.001,128,46,1.0,1.0
qwen-0.6b,das,28,1,0,64,0.001,128,47,1.0,1.0
qwen-0.6b,das,28,1,0,64,0.001,128,48,1.0,1.0
qwen-0.6b,das,28,1,0,64,0.001,128,49,1.0,1.0
qwen-0.6b,das,28,1,0,64,0.001,128,50,1.0,1.0
qwen-0.6b,das,28,1,0,64,0.001,128,51,1.0,1.0
qwen-0.6b,das,28,1,0,64,0.001,128,52,1.0,1.0
qwen-0.6b,das,28,1,0,64,0.001,128,53,1.0,1.0
qwen-0.6b,das,28,1,0,64,0.001,128,54,1.0,1.0
qwen-0.6b,das,28,1,0,64,0.001,128,55,1.0,1.0
qwen-0.6b,das,28,1,0,64,0.001,128,56,1.0,1.0
qwen-0.6b,das,28,1,0,64,0.001,128,57,1.0,1.0
qwen-0.6b,das,28,1,0,64,0.001,128,58,1.0,1.0
qwen-0.6b,das,28,1,0,64,0.001,128,59,1.0,1.0
qwen-0.6b,das,28,1,0,64,0.001,128,60,1.0,1.0
qwen-0.6b,das,28,1,0,64,0.001,128,61,1.0,1.0
qwen-0.6b,das,28,1,0,64,0.001,128,62,1.0,1.0
qwen-0.6b,das,28,1,0,64,0.001,128,63,1.0,1.0
qwen-0.6b,das2d,28,2,0,64,0.001,128,0,1.0,1.0
qwen-0.6b,das2d,28,2,0,64,0.001,128,1,1.0,1.0
qwen-0.6b,das2d,28,2,0,64,0.001,128,2,1.0,1.0
qwen-0.6b,das2d,28,2,0,64,0.001,128,3,1.0,1.0
qwen-0.6b,das2d,28,2,0,64,0.001,128,4,1.0,1.0
qwen-0.6b,das2d,28,2,0,64,0.001,128,5,1.0,1.0
qwen-0.6b,das2d,28,2,0,64,0.001,128,6,1.0,1.0
qwen-0.6b,das2d,28,2,0,64,0.001,128,7,1.0,1.0
qwen-0.6b,das2d,28,2,0,64,0.001,128,8,1.0,1.0
qwen-0.6b,das2d,28,2,0,64,0.001,128,9,1.0,1.0
qwen-0.6b,das2d,28,2,0,64,0.001,128,10,1.0,1.0
qwen-0.6b,das2d,28,2,0,64,0.001,128,11,1.0,1.0
qwen-0.6b,das2d,28,2,0,64,0.001,128,12,1.0,1.0
qwen-0.6b,das2d,28,2,0,64,0.001,128,13,1.0,1.0
qwen-0.6b,das2d,28,2,0,64,0.001,128,14,1.0,1.0
qwen-0.6b,das2d,28,2,0,64,0.001,128,15,1.0,1.0
qwen-0.6b,das2d,28,2,0,64,0.001,128,16,1.0,1.0
qwen-0.6b,das2d,28,2,0,64,0.001,128,17,1.0,1.0
qwen-0.6b,das2d,28,2,0,64,0.001,128,18,1.0,1.0
qwen-0.6b,das2d,28,2,0,64,0.001,128,19,1.0,1.0
qwen-0.6b,das2d,28,2,0,64,0.001,128,20,1.0,1.0
qwen-0.6b,das2d,28,2,0,64,0.001,128,21,1.0,1.0
qwen-0.6b,das2d,28,2,0,64,0.001,128,22,1.0,1.0
qwen-0.6b,das2d,28,2,0,64,0.001,128,23,1.0,1.0
qwen-0.6b,das2d,28,2,0,64,0.001,128,24,1.0,1.0
qwen-0.6b,das2d,28,2,0,64,0.001,128,25,1.0,1.0
qwen-0.6b,das2d,28,2,0,64,0.001,128,26,1.0,1.0
qwen-0.6b,das2d,28,2,0,64,0.001,128,27,1.0,1.0
qwen-0.6b,das2d,28,2,0,64,0.001,128,28,1.0,1.0
qwen-0.6b,das2d,28,2,0,64,0.001,128,29,1.0,1.0
qwen-0.6b,das2d,28,2,0,64,0.001,128,30,1.0,1.0
qwen-0.6b,das2d,28,2,0,64,0.001,128,31,1.0,1.0
qwen-0.6b,das2d,28,2,0,64,0.001,128,32,1.0,1.0
qwen-0.6b,das2d,28,2,0,64,0.001,128,33,1.0,1.0
qwen-0.6b,das2d,28,2,0,64,0.001,128,34,1.0,1.0
qwen-0.6b,das2d,28,2,0,64,0.001,128,35,1.0,1.0
qwen-0.6b,das2d,28,2,0,64,0.001,128,36,1.0,1.0
qwen-0.6b,das2d,28,2,0,64,0.001,128,37,1.0,1.0
qwen-0.6b,das2d,28,2,0,64,0.001,128,38,1.0,1.0
qwen-0.6b,das2d,28,2,0,64,0.001,128,39,1.0,1.0
qwen-0.6b,das2d,28,2,0,64,0.001,128,40,1.0,1.0
qwen-0.6b,das2d,28,2,0,64,0.001,128,41,1.0,1.0
qwen-0.6b,das2d,28,2,0,64,0.001,128,42,1.0,1.0
qwen-0.6b,das2d,28,2,0,64,0.001,128,43,1.0,1.0
qwen-0.6b,das2d,28,2,0,64,0.001,128,44,1.0,1.0
qwen-0.6b,das2d,28,2,0,64,0.001,128,45,1.0,1.0
qwen-0.6b,das2d,28,2,0,64,0.001,128,46,1.0,1.0
qwen-0.6b,das2d,28,2,0,64,0.001,128,47,1.0,1.0
qwen-0.6b,das2d,28,2,0,64,0.001,128,48,1.0,1.0
qwen-0.6b,das2d,28,2,0,64,0.001,128,49,1.0,1.0
qwen-0.6b,das2d,28,2,0,64,0.001,128,50,1.0,1.0
qwen-0.6b,das2d,28,2,0,64,0.001,128,51,1.0,1.0
qwen-0.6b,das2d,28,2,0,64,0.001,128,52,1.0,1.0
qwen-0.6b,das2d,28,2,0,64,0.001,128,53,1.0,1.0
qwen-0.6b,das2d,28,2,0,64,0.001,128,54,1.0,1.0
qwen-0.6b,das2d,28,2,0,64,0.001,128,55,1.0,1.0
qwen-0.6b,das2d,28,2,0,64,0.001,128,56,1.0,1.0
qwen-0.6b,das2d,28,2,0,64,0.001,128,57,1.0,1.0
qwen-0.6b,das2d,28,2,0,64,0.001,128,58,1.0,1.0
qwen-0.6b,das2d,28,2,0,64,0.001,128,59,1.0,1.0
qwen-0.6b,das2d,28,2,0,64,0.001,128,60,1.0,1.0
qwen-0.6b,das2d,28,2,0,64,0.001,128,61,1.0,1.0
qwen-0.6b,das2d,28,2,0,64,0.001,128,62,1.0,1.0
qwen-0.6b,das2d,28,2,0,64,0.001,128,63,1.0,1.0
qwen-0.6b,das3d,28,3,0,64,0.001,128,0,1.0,1.0
qwen-0.6b,das3d,28,3,0,64,0.001,128,1,1.0,1.0
qwen-0.6b,das3d,28,3,0,64,0.001,128,2,1.0,1.0
qwen-0.6b,das3d,28,3,0,64,0.001,128,3,1.0,1.0
qwen-0.6b,das3d,28,3,0,64,0.001,128,4,1.0,1.0
qwen-0.6b,das3d,28,3,0,64,0.001,128,5,1.0,1.0
qwen-0.6b,das3d,28,3,0,64,0.001,128,6,1.0,1.0
qwen-0.6b,das3d,28,3,0,64,0.001,128,7,1.0,1.0
qwen-0.6b,das3d,28,3,0,64,0.001,128,8,1.0,1.0
qwen-0.6b,das3d,28,3,0,64,0.001,128,9,1.0,1.0
qwen-0.6b,das3d,28,3,0,64,0.001,128,10,1.0,1.0
qwen-0.6b,das3d,28,3,0,64,0.001,128,11,1.0,1.0
qwen-0.6b,das3d,28,3,0,64,0.001,128,12,1.0,1.0
qwen-0.6b,das3d,28,3,0,64,0.001,128,13,1.0,1.0
qwen-0.6b,das3d,28,3,0,64,0.001,128,14,1.0,1.0
qwen-0.6b,das3d,28,3,0,64,0.001,128,15,1.0,1.0
qwen-0.6b,das3d,28,3,0,64,0.001,128,16,1.0,1.0
qwen-0.6b,das3d,28,3,0,64,0.001,128,17,1.0,1.0
qwen-0.6b,das3d,28,3,0,64,0.001,128,18,1.0,1.0
qwen-0.6b,das3d,28,3,0,64,0.001,128,19,1.0,1.0
qwen-0.6b,das3d,28,3,0,64,0.001,128,20,1.0,1.0
qwen-0.6b,das3d,28,3,0,64,0.001,128,21,1.0,1.0
qwen-0.6b,das3d,28,3,0,64,0.001,128,22,1.0,1.0
qwen-0.6b,das3d,28,3,0,64,0.001,128,23,1.0,1.0
qwen-0.6b,das3d,28,3,0,64,0.001,128,24,1.0,1.0
qwen-0.6b,das3d,28,3,0,64,0.001,128,25,1.0,1.0
qwen-0.6b,das3d,28,3,0,64,0.001,128,26,1.0,1.0
qwen-0.6b,das3d,28,3,0,64,0.001,128,27,1.0,1.0
qwen-0.6b,das3d,28,3,0,64,0.001,128,28,1.0,1.0
qwen-0.6b,das3d,28,3,0,64,0.001,128,29,1.0,1.0
qwen-0.6b,das3d,28,3,0,64,0.001,128,30,1.0,1.0
qwen-0.6b,das3d,28,3,0,64,0.001,128,31,1.0,1.0
qwen-0.6b,das3d,28,3,0,64,0.001,128,32,1.0,1.0
qwen-0.6b,das3d,28,3,0,64,0.001,128,33,1.0,1.0
qwen-0.6b,das3d,28,3,0,64,0.001,128,34,1.0,1.0
qwen-0.6b,das3d,28,3,0,64,0.001,128,35,1.0,1.0
qwen-0.6b,das3d,28,3,0,64,0.001,128,36,1.0,1.0
qwen-0.6b,das3d,28,3,0,64,0.001,128,37,1.0,1.0
qwen-0.6b,das3d,28,3,0,64,0.001,128,38,1.0,1.0
qwen-0.6b,das3d,28,3,0,64,0.001,128,39,1.0,1.0
qwen-0.6b,das3d,28,3,0,64,0.001,128,40,1.0,1.0
qwen-0.6b,das3d,28,3,0,64,0.001,128,41,1.0,1.0
qwen-0.6b,das3d,28,3,0,64,0.001,128,42,1.0,1.0
qwen-0.6b,das3d,28,3,0,64,0.001,128,43,1.0,1.0
qwen-0.6b,das3d,28,3,0,64,0.001,128,44,1.0,1.0
qwen-0.6b,das3d,28,3,0,64,0.001,128,45,1.0,1.0
qwen-0.6b,das3d,28,3,0,64,0.001,128,46,1.0,1.0
qwen-0.6b,das3d,28,3,0,64,0.001,128,47,1.0,1.0
qwen-0.6b,das3d,28,3,0,64,0.001,128,48,1.0,1.0
qwen-0.6b,das3d,28,3,0,64,0.001,128,49,1.0,1.0
qwen-0.6b,das3d,28,3,0,64,0.001,128,50,1.0,1.0
qwen-0.6b,das3d,28,3,0,64,0.001,128,51,1.0,1.0
qwen-0.6b,das3d,28,3,0,64,0.001,128,52,1.0,1.0
qwen-0.6b,das3d,28,3,0,64,0.001,128,53,1.0,1.0
qwen-0.6b,das3d,28,3,0,64,0.001,128,54,1.0,1.0
qwen-0.6b,das3d,28,3,0,64,0.001,128,55,1.0,1.0
qwen-0.6b,das3d,28,3,0,64,0.001,128,56,1.0,1.0
qwen-0.6b,das3d,28,3,0,64,0.001,128,57,1.0,1.0
qwen-0.6b,das3d,28,3,0,64,0.001,128,58,1.0,1.0
qwen-0.6b,das3d,28,3,0,64,0.001,128,59,1.0,1.0
qwen-0.6b,das3d,28,3,0,64,0.001,128,60,1.0,1.0
qwen-0.6b,das3d,28,3,0,64,0.001,128,61,1.0,1.0
qwen-0.6b,das3d,28,3,0,64,0.001,128,62,1.0,1.0
qwen-0.6b,das3d,28,3,0,64,0.001,128,63,1.0,1.0
