dataset,pair_index,clean_id,corrupted_id,clean_label,corrupted_label,clean_text,corrupted_text,clean_text_repr,corrupted_text_repr,clean_utf8_hex,corrupted_utf8_hex,clean_sha256,corrupted_sha256,clean_token_ids,corrupted_token_ids,clean_num_tokens,corrupted_num_tokens,equal_token_length,clean_source_text,corrupted_source_text,binarization_method,pythia_correct
toy_train,0,toy-train-pos-000,toy-train-neg-000,1,0,"I thought this movie was adequate, I enjoyed it. 
Conclusion: This movie is","I thought this movie was annoying, I hated it. 
Conclusion: This movie is","'I thought this movie was adequate, I enjoyed it. \nConclusion: This movie is'","'I thought this movie was annoying, I hated it. \nConclusion: This movie is'",492074686f756768742074686973206d6f766965207761732061646571756174652c204920656e6a6f7965642069742e200a436f6e636c7573696f6e3a2054686973206d6f766965206973,492074686f756768742074686973206d6f7669652077617320616e6e6f79696e672c20492068617465642069742e200a436f6e636c7573696f6e3a2054686973206d6f766965206973,777f8c5e413237085c99ea450a6c9ea268e90d1ae718cecf42d006bdb8615e95,958748e6949c4945f6f9f841d496397aeec200c07eaa7457df3ce7e1308c9859,"[40, 3381, 419, 5700, 572, 25532, 11, 358, 14006, 432, 13, 715, 43434, 25, 1096, 5700, 374]","[40, 3381, 419, 5700, 572, 29831, 11, 358, 37574, 432, 13, 715, 43434, 25, 1096, 5700, 374]",17,17,True,,,,
toy_train,1,toy-train-neg-000,toy-train-pos-001,0,1,"I thought this movie was annoying, I hated it. 
Conclusion: This movie is","I thought this movie was amazing, I loved it. 
Conclusion: This movie is","'I thought this movie was annoying, I hated it. \nConclusion: This movie is'","'I thought this movie was amazing, I loved it. \nConclusion: This movie is'",492074686f756768742074686973206d6f7669652077617320616e6e6f79696e672c20492068617465642069742e200a436f6e636c7573696f6e3a2054686973206d6f766965206973,492074686f756768742074686973206d6f7669652077617320616d617a696e672c2049206c6f7665642069742e200a436f6e636c7573696f6e3a2054686973206d6f766965206973,958748e6949c4945f6f9f841d496397aeec200c07eaa7457df3ce7e1308c9859,2f3aaecef7f086c9bfd26b85a34ecdc5640448a071c16e9f2b05648608f2b130,"[40, 3381, 419, 5700, 572, 29831, 11, 358, 37574, 432, 13, 715, 43434, 25, 1096, 5700, 374]","[40, 3381, 419, 5700, 572, 7897, 11, 358, 10245, 432, 13, 715, 43434, 25, 1096, 5700, 374]",17,17,True,,,,
toy_train,2,toy-train-pos-001,toy-train-neg-001,1,0,"I thought this movie was amazing, I loved it. 
Conclusion: This movie is","I thought this movie was awful, I disliked it. 
Conclusion: This movie is","'I thought this movie was amazing, I loved it. \nConclusion: This movie is'","'I thought this movie was awful, I disliked it. \nConclusion: This movie is'",492074686f756768742074686973206d6f7669652077617320616d617a696e672c2049206c6f7665642069742e200a436f6e636c7573696f6e3a2054686973206d6f766965206973,492074686f756768742074686973206d6f7669652077617320617766756c2c2049206469736c696b65642069742e200a436f6e636c7573696f6e3a2054686973206d6f766965206973,2f3aaecef7f086c9bfd26b85a34ecdc5640448a071c16e9f2b05648608f2b130,4b10b87a6258f566760a4efe1abcf0cb6efb7d72f3eb641be7a4a4ebbb3a15e7,"[40, 3381, 419, 5700, 572, 7897, 11, 358, 10245, 432, 13, 715, 43434, 25, 1096, 5700, 374]","[40, 3381, 419, 5700, 572, 24607, 11, 358, 98633, 432, 13, 715, 43434, 25, 1096, 5700, 374]",17,17,True,,,,
toy_train,3,toy-train-neg-001,toy-train-pos-002,0,1,"I thought this movie was awful, I disliked it. 
Conclusion: This movie is","I thought this movie was awesome, I liked it. 
Conclusion: This movie is","'I thought this movie was awful, I disliked it. \nConclusion: This movie is'","'I thought this movie was awesome, I liked it. \nConclusion: This movie is'",492074686f756768742074686973206d6f7669652077617320617766756c2c2049206469736c696b65642069742e200a436f6e636c7573696f6e3a2054686973206d6f766965206973,492074686f756768742074686973206d6f7669652077617320617765736f6d652c2049206c696b65642069742e200a436f6e636c7573696f6e3a2054686973206d6f766965206973,4b10b87a6258f566760a4efe1abcf0cb6efb7d72f3eb641be7a4a4ebbb3a15e7,1068b25c6dfc221ab3269d93aa2cfe794cece10e4a6362c459d4c4abd819941e,"[40, 3381, 419, 5700, 572, 24607, 11, 358, 98633, 432, 13, 715, 43434, 25, 1096, 5700, 374]","[40, 3381, 419, 5700, 572, 12456, 11, 358, 14915, 432, 13, 715, 43434, 25, 1096, 5700, 374]",17,17,True,,,,
toy_train,4,toy-train-pos-002,toy-train-neg-002,1,0,"I thought this movie was awesome, I liked it. 
Conclusion: This movie is","I thought this movie was bad, I hated it. 
Conclusion: This movie is","'I thought this movie was awesome, I liked it. \nConclusion: This movie is'","'I thought this movie was bad, I hated it. \nConclusion: This movie is'",492074686f756768742074686973206d6f7669652077617320617765736f6d652c2049206c696b65642069742e200a436f6e636c7573696f6e3a2054686973206d6f766965206973,492074686f756768742074686973206d6f76696520776173206261642c20492068617465642069742e200a436f6e636c7573696f6e3a2054686973206d6f766965206973,1068b25c6dfc221ab3269d93aa2cfe794cece10e4a6362c459d4c4abd819941e,ba6fe5627e352d029bda58d5d9ca10060bfd2b1f419ff7dd2de311ff8b03d6bb,"[40, 3381, 419, 5700, 572, 12456, 11, 358, 14915, 432, 13, 715, 43434, 25, 1096, 5700, 374]","[40, 3381, 419, 5700, 572, 3873, 11, 358, 37574, 432, 13, 715, 43434, 25, 1096, 5700, 374]",17,17,True,,,,
toy_train,5,toy-train-neg-002,toy-train-pos-003,0,1,"I thought this movie was bad, I hated it. 
Conclusion: This movie is","I thought this movie was beautiful, I appreciated it. 
Conclusion: This movie is","'I thought this movie was bad, I hated it. \nConclusion: This movie is'","'I thought this movie was beautiful, I appreciated it. \nConclusion: This movie is'",492074686f756768742074686973206d6f76696520776173206261642c20492068617465642069742e200a436f6e636c7573696f6e3a2054686973206d6f766965206973,492074686f756768742074686973206d6f766965207761732062656175746966756c2c20492061707072656369617465642069742e200a436f6e636c7573696f6e3a2054686973206d6f766965206973,ba6fe5627e352d029bda58d5d9ca10060bfd2b1f419ff7dd2de311ff8b03d6bb,74a299535ed89cef1054b821a2294c14375d9bff5db127989fb36cd5f3c4cddc,"[40, 3381, 419, 5700, 572, 3873, 11, 358, 37574, 432, 13, 715, 43434, 25, 1096, 5700, 374]","[40, 3381, 419, 5700, 572, 6233, 11, 358, 25808, 432, 13, 715, 43434, 25, 1096, 5700, 374]",17,17,True,,,,
toy_train,6,toy-train-pos-003,toy-train-neg-003,1,0,"I thought this movie was beautiful, I appreciated it. 
Conclusion: This movie is","I thought this movie was boring, I disliked it. 
Conclusion: This movie is","'I thought this movie was beautiful, I appreciated it. \nConclusion: This movie is'","'I thought this movie was boring, I disliked it. \nConclusion: This movie is'",492074686f756768742074686973206d6f766965207761732062656175746966756c2c20492061707072656369617465642069742e200a436f6e636c7573696f6e3a2054686973206d6f766965206973,492074686f756768742074686973206d6f7669652077617320626f72696e672c2049206469736c696b65642069742e200a436f6e636c7573696f6e3a2054686973206d6f766965206973,74a299535ed89cef1054b821a2294c14375d9bff5db127989fb36cd5f3c4cddc,34bf3121b974e4af9d8901a1031784f9a7317a08d31adeb5d327e66e4ab01c50,"[40, 3381, 419, 5700, 572, 6233, 11, 358, 25808, 432, 13, 715, 43434, 25, 1096, 5700, 374]","[40, 3381, 419, 5700, 572, 27759, 11, 358, 98633, 432, 13, 715, 43434, 25, 1096, 5700, 374]",17,17,True,,,,
toy_train,7,toy-train-neg-003,toy-train-pos-004,0,1,"I thought this movie was boring, I disliked it. 
Conclusion: This movie is","I thought this movie was brilliant, I admired it. 
Conclusion: This movie is","'I thought this movie was boring, I disliked it. \nConclusion: This movie is'","'I thought this movie was brilliant, I admired it. \nConclusion: This movie is'",492074686f756768742074686973206d6f7669652077617320626f72696e672c2049206469736c696b65642069742e200a436f6e636c7573696f6e3a2054686973206d6f766965206973,492074686f756768742074686973206d6f76696520776173206272696c6c69616e742c20492061646d697265642069742e200a436f6e636c7573696f6e3a2054686973206d6f766965206973,34bf3121b974e4af9d8901a1031784f9a7317a08d31adeb5d327e66e4ab01c50,a6c66b506260eaa4acbccc61a7a9264b2c7682cb0f55763d89ea9c959ead560a,"[40, 3381, 419, 5700, 572, 27759, 11, 358, 98633, 432, 13, 715, 43434, 25, 1096, 5700, 374]","[40, 3381, 419, 5700, 572, 19752, 11, 358, 63647, 432, 13, 715, 43434, 25, 1096, 5700, 374]",17,17,True,,,,
toy_train,8,toy-train-pos-004,toy-train-neg-004,1,0,"I thought this movie was brilliant, I admired it. 
Conclusion: This movie is","I thought this movie was depressing, I hated it. 
Conclusion: This movie is","'I thought this movie was brilliant, I admired it. \nConclusion: This movie is'","'I thought this movie was depressing, I hated it. \nConclusion: This movie is'",492074686f756768742074686973206d6f76696520776173206272696c6c69616e742c20492061646d697265642069742e200a436f6e636c7573696f6e3a2054686973206d6f766965206973,492074686f756768742074686973206d6f766965207761732064657072657373696e672c20492068617465642069742e200a436f6e636c7573696f6e3a2054686973206d6f766965206973,a6c66b506260eaa4acbccc61a7a9264b2c7682cb0f55763d89ea9c959ead560a,b28afee521421c7a201f320b7f41872635d6dd9424aabc94915bded9f24c02fb,"[40, 3381, 419, 5700, 572, 19752, 11, 358, 63647, 432, 13, 715, 43434, 25, 1096, 5700, 374]","[40, 3381, 419, 5700, 572, 70710, 11, 358, 37574, 432, 13, 715, 43434, 25, 1096, 5700, 374]",17,17,True,,,,
toy_train,9,toy-train-neg-004,toy-train-pos-005,0,1,"I thought this movie was depressing, I hated it. 
Conclusion: This movie is","I thought this movie was charming, I enjoyed it. 
Conclusion: This movie is","'I thought this movie was depressing, I hated it. \nConclusion: This movie is'","'I thought this movie was charming, I enjoyed it. \nConclusion: This movie is'",492074686f756768742074686973206d6f766965207761732064657072657373696e672c20492068617465642069742e200a436f6e636c7573696f6e3a2054686973206d6f766965206973,492074686f756768742074686973206d6f7669652077617320636861726d696e672c204920656e6a6f7965642069742e200a436f6e636c7573696f6e3a2054686973206d6f766965206973,b28afee521421c7a201f320b7f41872635d6dd9424aabc94915bded9f24c02fb,0f7d3cee7a9bbf650326001829a13cae033c3f9931f280cc8ab87806d88431c5,"[40, 3381, 419, 5700, 572, 70710, 11, 358, 37574, 432, 13, 715, 43434, 25, 1096, 5700, 374]","[40, 3381, 419, 5700, 572, 34409, 11, 358, 14006, 432, 13, 715, 43434, 25, 1096, 5700, 374]",17,17,True,,,,
toy_train,10,toy-train-pos-005,toy-train-neg-005,1,0,"I thought this movie was charming, I enjoyed it. 
Conclusion: This movie is","I thought this movie was disastrous, I disliked it. 
Conclusion: This movie is","'I thought this movie was charming, I enjoyed it. \nConclusion: This movie is'","'I thought this movie was disastrous, I disliked it. \nConclusion: This movie is'",492074686f756768742074686973206d6f7669652077617320636861726d696e672c204920656e6a6f7965642069742e200a436f6e636c7573696f6e3a2054686973206d6f766965206973,492074686f756768742074686973206d6f7669652077617320646973617374726f75732c2049206469736c696b65642069742e200a436f6e636c7573696f6e3a2054686973206d6f766965206973,0f7d3cee7a9bbf650326001829a13cae033c3f9931f280cc8ab87806d88431c5,cdd4de1853d8193ee9e895427cb51af7442e0d68248241de58eb4dd1a75ab181,"[40, 3381, 419, 5700, 572, 34409, 11, 358, 14006, 432, 13, 715, 43434, 25, 1096, 5700, 374]","[40, 3381, 419, 5700, 572, 51957, 11, 358, 98633, 432, 13, 715, 43434, 25, 1096, 5700, 374]",17,17,True,,,,
toy_train,11,toy-train-neg-005,toy-train-pos-006,0,1,"I thought this movie was disastrous, I disliked it. 
Conclusion: This movie is","I thought this movie was cheerful, I loved it. 
Conclusion: This movie is","'I thought this movie was disastrous, I disliked it. \nConclusion: This movie is'","'I thought this movie was cheerful, I loved it. \nConclusion: This movie is'",492074686f756768742074686973206d6f7669652077617320646973617374726f75732c2049206469736c696b65642069742e200a436f6e636c7573696f6e3a2054686973206d6f766965206973,492074686f756768742074686973206d6f7669652077617320636865657266756c2c2049206c6f7665642069742e200a436f6e636c7573696f6e3a2054686973206d6f766965206973,cdd4de1853d8193ee9e895427cb51af7442e0d68248241de58eb4dd1a75ab181,8272d47be9ec112c34006582f771691f58c40834398141bff93f7e2d609a988f,"[40, 3381, 419, 5700, 572, 51957, 11, 358, 98633, 432, 13, 715, 43434, 25, 1096, 5700, 374]","[40, 3381, 419, 5700, 572, 70314, 11, 358, 10245, 432, 13, 715, 43434, 25, 1096, 5700, 374]",17,17,True,,,,
toy_train,12,toy-train-pos-006,toy-train-neg-006,1,0,"I thought this movie was cheerful, I loved it. 
Conclusion: This movie is","I thought this movie was disgusting, I hated it. 
Conclusion: This movie is","'I thought this movie was cheerful, I loved it. \nConclusion: This movie is'","'I thought this movie was disgusting, I hated it. \nConclusion: This movie is'",492074686f756768742074686973206d6f7669652077617320636865657266756c2c2049206c6f7665642069742e200a436f6e636c7573696f6e3a2054686973206d6f766965206973,492074686f756768742074686973206d6f766965207761732064697367757374696e672c20492068617465642069742e200a436f6e636c7573696f6e3a2054686973206d6f766965206973,8272d47be9ec112c34006582f771691f58c40834398141bff93f7e2d609a988f,c9e96eeaa6206829fefa37abff3321bb342e5155e3990158558c7e4641c7ad32,"[40, 3381, 419, 5700, 572, 70314, 11, 358, 10245, 432, 13, 715, 43434, 25, 1096, 5700, 374]","[40, 3381, 419, 5700, 572, 53666, 11, 358, 37574, 432, 13, 715, 43434, 25, 1096, 5700, 374]",17,17,True,,,,
toy_train,13,toy-train-neg-006,toy-train-pos-007,0,1,"I thought this movie was disgusting, I hated it. 
Conclusion: This movie is","I thought this movie was decent, I liked it. 
Conclusion: This movie is","'I thought this movie was disgusting, I hated it. \nConclusion: This movie is'","'I thought this movie was decent, I liked it. \nConclusion: This movie is'",492074686f756768742074686973206d6f766965207761732064697367757374696e672c20492068617465642069742e200a436f6e636c7573696f6e3a2054686973206d6f766965206973,492074686f756768742074686973206d6f7669652077617320646563656e742c2049206c696b65642069742e200a436f6e636c7573696f6e3a2054686973206d6f766965206973,c9e96eeaa6206829fefa37abff3321bb342e5155e3990158558c7e4641c7ad32,5243e7a12cc5cd076d43703f2a134bda812b39bf048b7e528eee481b1dd819c4,"[40, 3381, 419, 5700, 572, 53666, 11, 358, 37574, 432, 13, 715, 43434, 25, 1096, 5700, 374]","[40, 3381, 419, 5700, 572, 14977, 11, 358, 14915, 432, 13, 715, 43434, 25, 1096, 5700, 374]",17,17,True,,,,
toy_train,14,toy-train-pos-007,toy-train-neg-007,1,0,"I thought this movie was decent, I liked it. 
Conclusion: This movie is","I thought this movie was dire, I disliked it. 
Conclusion: This movie is","'I thought this movie was decent, I liked it. \nConclusion: This movie is'","'I thought this movie was dire, I disliked it. \nConclusion: This movie is'",492074686f756768742074686973206d6f7669652077617320646563656e742c2049206c696b65642069742e200a436f6e636c7573696f6e3a2054686973206d6f766965206973,492074686f756768742074686973206d6f7669652077617320646972652c2049206469736c696b65642069742e200a436f6e636c7573696f6e3a2054686973206d6f766965206973,5243e7a12cc5cd076d43703f2a134bda812b39bf048b7e528eee481b1dd819c4,6fd2132706b1c23db5214c587a1f139fad8b6e9386247058ceb483e92abef1f4,"[40, 3381, 419, 5700, 572, 14977, 11, 358, 14915, 432, 13, 715, 43434, 25, 1096, 5700, 374]","[40, 3381, 419, 5700, 572, 13207, 11, 358, 98633, 432, 13, 715, 43434, 25, 1096, 5700, 374]",17,17,True,,,,
toy_train,15,toy-train-neg-007,toy-train-pos-008,0,1,"I thought this movie was dire, I disliked it. 
Conclusion: This movie is","I thought this movie was delightful, I appreciated it. 
Conclusion: This movie is","'I thought this movie was dire, I disliked it. \nConclusion: This movie is'","'I thought this movie was delightful, I appreciated it. \nConclusion: This movie is'",492074686f756768742074686973206d6f7669652077617320646972652c2049206469736c696b65642069742e200a436f6e636c7573696f6e3a2054686973206d6f766965206973,492074686f756768742074686973206d6f766965207761732064656c6967687466756c2c20492061707072656369617465642069742e200a436f6e636c7573696f6e3a2054686973206d6f766965206973,6fd2132706b1c23db5214c587a1f139fad8b6e9386247058ceb483e92abef1f4,9efbab5d640e17be02b3bcd63b8367e28a43aa5c5a24a016f1547c479b4b4dca,"[40, 3381, 419, 5700, 572, 13207, 11, 358, 98633, 432, 13, 715, 43434, 25, 1096, 5700, 374]","[40, 3381, 419, 5700, 572, 49089, 11, 358, 25808, 432, 13, 715, 43434, 25, 1096, 5700, 374]",17,17,True,,,,
toy_train,16,toy-train-pos-008,toy-train-neg-008,1,0,"I thought this movie was delightful, I appreciated it. 
Conclusion: This movie is","I thought this movie was dreadful, I hated it. 
Conclusion: This movie is","'I thought this movie was delightful, I appreciated it. \nConclusion: This movie is'","'I thought this movie was dreadful, I hated it. \nConclusion: This movie is'",492074686f756768742074686973206d6f766965207761732064656c6967687466756c2c20492061707072656369617465642069742e200a436f6e636c7573696f6e3a2054686973206d6f766965206973,492074686f756768742074686973206d6f7669652077617320647265616466756c2c20492068617465642069742e200a436f6e636c7573696f6e3a2054686973206d6f766965206973,9efbab5d640e17be02b3bcd63b8367e28a43aa5c5a24a016f1547c479b4b4dca,ad7d920edcc76df042d20aa5cb85491edc3a3a49905912009f38f57cecefdb2d,"[40, 3381, 419, 5700, 572, 49089, 11, 358, 25808, 432, 13, 715, 43434, 25, 1096, 5700, 374]","[40, 3381, 419, 5700, 572, 80852, 11, 358, 37574, 432, 13, 715, 43434, 25, 1096, 5700, 374]",17,17,True,,,,
toy_train,17,toy-train-neg-008,toy-train-pos-009,0,1,"I thought this movie was dreadful, I hated it. 
Conclusion: This movie is","I thought this movie was excellent, I admired it. 
Conclusion: This movie is","'I thought this movie was dreadful, I hated it. \nConclusion: This movie is'","'I thought this movie was excellent, I admired it. \nConclusion: This movie is'",492074686f756768742074686973206d6f7669652077617320647265616466756c2c20492068617465642069742e200a436f6e636c7573696f6e3a2054686973206d6f766965206973,492074686f756768742074686973206d6f7669652077617320657863656c6c656e742c20492061646d697265642069742e200a436f6e636c7573696f6e3a2054686973206d6f766965206973,ad7d920edcc76df042d20aa5cb85491edc3a3a49905912009f38f57cecefdb2d,bc5d8bcc510da95b52d2fd4c53c277c8375994d72b2d0cc55e1128f3b8806638,"[40, 3381, 419, 5700, 572, 80852, 11, 358, 37574, 432, 13, 715, 43434, 25, 1096, 5700, 374]","[40, 3381, 419, 5700, 572, 9073, 11, 358, 63647, 432, 13, 715, 43434, 25, 1096, 5700, 374]",17,17,True,,,,
toy_train,18,toy-train-pos-009,toy-train-neg-009,1,0,"I thought this movie was excellent, I admired it. 
Conclusion: This movie is","I thought this movie was dull, I disliked it. 
Conclusion: This movie is","'I thought this movie was excellent, I admired it. \nConclusion: This movie is'","'I thought this movie was dull, I disliked it. \nConclusion: This movie is'",492074686f756768742074686973206d6f7669652077617320657863656c6c656e742c20492061646d697265642069742e200a436f6e636c7573696f6e3a2054686973206d6f766965206973,492074686f756768742074686973206d6f766965207761732064756c6c2c2049206469736c696b65642069742e200a436f6e636c7573696f6e3a2054686973206d6f766965206973,bc5d8bcc510da95b52d2fd4c53c277c8375994d72b2d0cc55e1128f3b8806638,4af8b59eb5ef362e10741675d25cdc6f32feb115b1aba8174a4dbc27d4fb3bdd,"[40, 3381, 419, 5700, 572, 9073, 11, 358, 63647, 432, 13, 715, 43434, 25, 1096, 5700, 374]","[40, 3381, 419, 5700, 572, 40530, 11, 358, 98633, 432, 13, 715, 43434, 25, 1096, 5700, 374]",17,17,True,,,,
toy_train,19,toy-train-neg-009,toy-train-pos-010,0,1,"I thought this movie was dull, I disliked it. 
Conclusion: This movie is","I thought this movie was exceptional, I enjoyed it. 
Conclusion: This movie is","'I thought this movie was dull, I disliked it. \nConclusion: This movie is'","'I thought this movie was exceptional, I enjoyed it. \nConclusion: This movie is'",492074686f756768742074686973206d6f766965207761732064756c6c2c2049206469736c696b65642069742e200a436f6e636c7573696f6e3a2054686973206d6f766965206973,492074686f756768742074686973206d6f7669652077617320657863657074696f6e616c2c204920656e6a6f7965642069742e200a436f6e636c7573696f6e3a2054686973206d6f766965206973,4af8b59eb5ef362e10741675d25cdc6f32feb115b1aba8174a4dbc27d4fb3bdd,53217e1c5d5cf048fef14bd30e7a464d0dae2a6693d7aead36ae23887a644dde,"[40, 3381, 419, 5700, 572, 40530, 11, 358, 98633, 432, 13, 715, 43434, 25, 1096, 5700, 374]","[40, 3381, 419, 5700, 572, 24364, 11, 358, 14006, 432, 13, 715, 43434, 25, 1096, 5700, 374]",17,17,True,,,,
toy_train,20,toy-train-pos-010,toy-train-neg-010,1,0,"I thought this movie was exceptional, I enjoyed it. 
Conclusion: This movie is","I thought this movie was frustrating, I hated it. 
Conclusion: This movie is","'I thought this movie was exceptional, I enjoyed it. \nConclusion: This movie is'","'I thought this movie was frustrating, I hated it. \nConclusion: This movie is'",492074686f756768742074686973206d6f7669652077617320657863657074696f6e616c2c204920656e6a6f7965642069742e200a436f6e636c7573696f6e3a2054686973206d6f766965206973,492074686f756768742074686973206d6f76696520776173206672757374726174696e672c20492068617465642069742e200a436f6e636c7573696f6e3a2054686973206d6f766965206973,53217e1c5d5cf048fef14bd30e7a464d0dae2a6693d7aead36ae23887a644dde,ab046798f422923d941d3e3ab694b84a20148b85eb42b2d31b9e16e11acb7815,"[40, 3381, 419, 5700, 572, 24364, 11, 358, 14006, 432, 13, 715, 43434, 25, 1096, 5700, 374]","[40, 3381, 419, 5700, 572, 34611, 11, 358, 37574, 432, 13, 715, 43434, 25, 1096, 5700, 374]",17,17,True,,,,
toy_train,21,toy-train-neg-010,toy-train-pos-011,0,1,"I thought this movie was frustrating, I hated it. 
Conclusion: This movie is","I thought this movie was fabulous, I loved it. 
Conclusion: This movie is","'I thought this movie was frustrating, I hated it. \nConclusion: This movie is'","'I thought this movie was fabulous, I loved it. \nConclusion: This movie is'",492074686f756768742074686973206d6f76696520776173206672757374726174696e672c20492068617465642069742e200a436f6e636c7573696f6e3a2054686973206d6f766965206973,492074686f756768742074686973206d6f7669652077617320666162756c6f75732c2049206c6f7665642069742e200a436f6e636c7573696f6e3a2054686973206d6f766965206973,ab046798f422923d941d3e3ab694b84a20148b85eb42b2d31b9e16e11acb7815,6408008dbe93b0e098b1a12aeeb9b596cebe260c980a9c705d33b0617dd2f37c,"[40, 3381, 419, 5700, 572, 34611, 11, 358, 37574, 432, 13, 715, 43434, 25, 1096, 5700, 374]","[40, 3381, 419, 5700, 572, 34531, 11, 358, 10245, 432, 13, 715, 43434, 25, 1096, 5700, 374]",17,17,True,,,,
toy_train,22,toy-train-pos-011,toy-train-neg-011,1,0,"I thought this movie was fabulous, I loved it. 
Conclusion: This movie is","I thought this movie was horrific, I disliked it. 
Conclusion: This movie is","'I thought this movie was fabulous, I loved it. \nConclusion: This movie is'","'I thought this movie was horrific, I disliked it. \nConclusion: This movie is'",492074686f756768742074686973206d6f7669652077617320666162756c6f75732c2049206c6f7665642069742e200a436f6e636c7573696f6e3a2054686973206d6f766965206973,492074686f756768742074686973206d6f7669652077617320686f7272696669632c2049206469736c696b65642069742e200a436f6e636c7573696f6e3a2054686973206d6f766965206973,6408008dbe93b0e098b1a12aeeb9b596cebe260c980a9c705d33b0617dd2f37c,61f4b857f3891843b8f6f43bb2ce6adcba81e9763edd1c24b4e076ae7c9c2759,"[40, 3381, 419, 5700, 572, 34531, 11, 358, 10245, 432, 13, 715, 43434, 25, 1096, 5700, 374]","[40, 3381, 419, 5700, 572, 46222, 11, 358, 98633, 432, 13, 715, 43434, 25, 1096, 5700, 374]",17,17,True,,,,
toy_train,23,toy-train-neg-011,toy-train-pos-012,0,1,"I thought this movie was horrific, I disliked it. 
Conclusion: This movie is","I thought this movie was fantastic, I liked it. 
Conclusion: This movie is","'I thought this movie was horrific, I disliked it. \nConclusion: This movie is'","'I thought this movie was fantastic, I liked it. \nConclusion: This movie is'",492074686f756768742074686973206d6f7669652077617320686f7272696669632c2049206469736c696b65642069742e200a436f6e636c7573696f6e3a2054686973206d6f766965206973,492074686f756768742074686973206d6f766965207761732066616e7461737469632c2049206c696b65642069742e200a436f6e636c7573696f6e3a2054686973206d6f766965206973,61f4b857f3891843b8f6f43bb2ce6adcba81e9763edd1c24b4e076ae7c9c2759,d3ca5c15a227be5110b4605ee1ee1628f4615c77c9b2ef9d6530a039650c7492,"[40, 3381, 419, 5700, 572, 46222, 11, 358, 98633, 432, 13, 715, 43434, 25, 1096, 5700, 374]","[40, 3381, 419, 5700, 572, 14622, 11, 358, 14915, 432, 13, 715, 43434, 25, 1096, 5700, 374]",17,17,True,,,,
toy_train,24,toy-train-pos-012,toy-train-neg-012,1,0,"I thought this movie was fantastic, I liked it. 
Conclusion: This movie is","I thought this movie was horrible, I hated it. 
Conclusion: This movie is","'I thought this movie was fantastic, I liked it. \nConclusion: This movie is'","'I thought this movie was horrible, I hated it. \nConclusion: This movie is'",492074686f756768742074686973206d6f766965207761732066616e7461737469632c2049206c696b65642069742e200a436f6e636c7573696f6e3a2054686973206d6f766965206973,492074686f756768742074686973206d6f7669652077617320686f727269626c652c20492068617465642069742e200a436f6e636c7573696f6e3a2054686973206d6f766965206973,d3ca5c15a227be5110b4605ee1ee1628f4615c77c9b2ef9d6530a039650c7492,4806ddad7ff95949a593044f618ccd0495dedfa79c09125bd4fc4e31d928f42a,"[40, 3381, 419, 5700, 572, 14622, 11, 358, 14915, 432, 13, 715, 43434, 25, 1096, 5700, 374]","[40, 3381, 419, 5700, 572, 27102, 11, 358, 37574, 432, 13, 715, 43434, 25, 1096, 5700, 374]",17,17,True,,,,
toy_train,25,toy-train-neg-012,toy-train-pos-013,0,1,"I thought this movie was horrible, I hated it. 
Conclusion: This movie is","I thought this movie was good, I appreciated it. 
Conclusion: This movie is","'I thought this movie was horrible, I hated it. \nConclusion: This movie is'","'I thought this movie was good, I appreciated it. \nConclusion: This movie is'",492074686f756768742074686973206d6f7669652077617320686f727269626c652c20492068617465642069742e200a436f6e636c7573696f6e3a2054686973206d6f766965206973,492074686f756768742074686973206d6f7669652077617320676f6f642c20492061707072656369617465642069742e200a436f6e636c7573696f6e3a2054686973206d6f766965206973,4806ddad7ff95949a593044f618ccd0495dedfa79c09125bd4fc4e31d928f42a,0d05777d857d640a0f65014d82166c2b6345a86e771d8fbbae19cfcf896d7487,"[40, 3381, 419, 5700, 572, 27102, 11, 358, 37574, 432, 13, 715, 43434, 25, 1096, 5700, 374]","[40, 3381, 419, 5700, 572, 1661, 11, 358, 25808, 432, 13, 715, 43434, 25, 1096, 5700, 374]",17,17,True,,,,
toy_train,26,toy-train-pos-013,toy-train-neg-013,1,0,"I thought this movie was good, I appreciated it. 
Conclusion: This movie is","I thought this movie was inadequate, I disliked it. 
Conclusion: This movie is","'I thought this movie was good, I appreciated it. \nConclusion: This movie is'","'I thought this movie was inadequate, I disliked it. \nConclusion: This movie is'",492074686f756768742074686973206d6f7669652077617320676f6f642c20492061707072656369617465642069742e200a436f6e636c7573696f6e3a2054686973206d6f766965206973,492074686f756768742074686973206d6f7669652077617320696e61646571756174652c2049206469736c696b65642069742e200a436f6e636c7573696f6e3a2054686973206d6f766965206973,0d05777d857d640a0f65014d82166c2b6345a86e771d8fbbae19cfcf896d7487,6bdd4a380c865ed34f6c16d02b3c16b49f6e8f46d4bc4a4374f4808e88666b45,"[40, 3381, 419, 5700, 572, 1661, 11, 358, 25808, 432, 13, 715, 43434, 25, 1096, 5700, 374]","[40, 3381, 419, 5700, 572, 45479, 11, 358, 98633, 432, 13, 715, 43434, 25, 1096, 5700, 374]",17,17,True,,,,
toy_train,27,toy-train-neg-013,toy-train-pos-014,0,1,"I thought this movie was inadequate, I disliked it. 
Conclusion: This movie is","I thought this movie was great, I admired it. 
Conclusion: This movie is","'I thought this movie was inadequate, I disliked it. \nConclusion: This movie is'","'I thought this movie was great, I admired it. \nConclusion: This movie is'",492074686f756768742074686973206d6f7669652077617320696e61646571756174652c2049206469736c696b65642069742e200a436f6e636c7573696f6e3a2054686973206d6f766965206973,492074686f756768742074686973206d6f766965207761732067726561742c20492061646d697265642069742e200a436f6e636c7573696f6e3a2054686973206d6f766965206973,6bdd4a380c865ed34f6c16d02b3c16b49f6e8f46d4bc4a4374f4808e88666b45,6aec5dd165ab2e67ee210ec72e3866bbc4498bb91bf94217a8cb869ca533d156,"[40, 3381, 419, 5700, 572, 45479, 11, 358, 98633, 432, 13, 715, 43434, 25, 1096, 5700, 374]","[40, 3381, 419, 5700, 572, 2244, 11, 358, 63647, 432, 13, 715, 43434, 25, 1096, 5700, 374]",17,17,True,,,,
toy_train,28,toy-train-pos-014,toy-train-neg-014,1,0,"I thought this movie was great, I admired it. 
Conclusion: This movie is","I thought this movie was inferior, I hated it. 
Conclusion: This movie is","'I thought this movie was great, I admired it. \nConclusion: This movie is'","'I thought this movie was inferior, I hated it. \nConclusion: This movie is'",492074686f756768742074686973206d6f766965207761732067726561742c20492061646d697265642069742e200a436f6e636c7573696f6e3a2054686973206d6f766965206973,492074686f756768742074686973206d6f7669652077617320696e666572696f722c20492068617465642069742e200a436f6e636c7573696f6e3a2054686973206d6f766965206973,6aec5dd165ab2e67ee210ec72e3866bbc4498bb91bf94217a8cb869ca533d156,946a5a23a7200f27617ef544d7c85d2904e764fe142583743c7aea5f5313324f,"[40, 3381, 419, 5700, 572, 2244, 11, 358, 63647, 432, 13, 715, 43434, 25, 1096, 5700, 374]","[40, 3381, 419, 5700, 572, 37179, 11, 358, 37574, 432, 13, 715, 43434, 25, 1096, 5700, 374]",17,17,True,,,,
toy_train,29,toy-train-neg-014,toy-train-pos-015,0,1,"I thought this movie was inferior, I hated it. 
Conclusion: This movie is","I thought this movie was incredible, I enjoyed it. 
Conclusion: This movie is","'I thought this movie was inferior, I hated it. \nConclusion: This movie is'","'I thought this movie was incredible, I enjoyed it. \nConclusion: This movie is'",492074686f756768742074686973206d6f7669652077617320696e666572696f722c20492068617465642069742e200a436f6e636c7573696f6e3a2054686973206d6f766965206973,492074686f756768742074686973206d6f7669652077617320696e6372656469626c652c204920656e6a6f7965642069742e200a436f6e636c7573696f6e3a2054686973206d6f766965206973,946a5a23a7200f27617ef544d7c85d2904e764fe142583743c7aea5f5313324f,d1b71ec5b317875b6b5460bffba8f106db42a5067f8fb30620a2164f8fda3f76,"[40, 3381, 419, 5700, 572, 37179, 11, 358, 37574, 432, 13, 715, 43434, 25, 1096, 5700, 374]","[40, 3381, 419, 5700, 572, 15050, 11, 358, 14006, 432, 13, 715, 43434, 25, 1096, 5700, 374]",17,17,True,,,,
toy_train,30,toy-train-pos-015,toy-train-neg-015,1,0,"I thought this movie was incredible, I enjoyed it. 
Conclusion: This movie is","I thought this movie was miserable, I disliked it. 
Conclusion: This movie is","'I thought this movie was incredible, I enjoyed it. \nConclusion: This movie is'","'I thought this movie was miserable, I disliked it. \nConclusion: This movie is'",492074686f756768742074686973206d6f7669652077617320696e6372656469626c652c204920656e6a6f7965642069742e200a436f6e636c7573696f6e3a2054686973206d6f766965206973,492074686f756768742074686973206d6f76696520776173206d6973657261626c652c2049206469736c696b65642069742e200a436f6e636c7573696f6e3a2054686973206d6f766965206973,d1b71ec5b317875b6b5460bffba8f106db42a5067f8fb30620a2164f8fda3f76,cfdba13b66cf08f373a350e0735be9b58b3be266a4712c1b20015cedeeaf9004,"[40, 3381, 419, 5700, 572, 15050, 11, 358, 14006, 432, 13, 715, 43434, 25, 1096, 5700, 374]","[40, 3381, 419, 5700, 572, 49639, 11, 358, 98633, 432, 13, 715, 43434, 25, 1096, 5700, 374]",17,17,True,,,,
toy_train,31,toy-train-neg-015,toy-train-pos-016,0,1,"I thought this movie was miserable, I disliked it. 
Conclusion: This movie is","I thought this movie was extraordinary, I loved it. 
Conclusion: This movie is","'I thought this movie was miserable, I disliked it. \nConclusion: This movie is'","'I thought this movie was extraordinary, I loved it. \nConclusion: This movie is'",492074686f756768742074686973206d6f76696520776173206d6973657261626c652c2049206469736c696b65642069742e200a436f6e636c7573696f6e3a2054686973206d6f766965206973,492074686f756768742074686973206d6f766965207761732065787472616f7264696e6172792c2049206c6f7665642069742e200a436f6e636c7573696f6e3a2054686973206d6f766965206973,cfdba13b66cf08f373a350e0735be9b58b3be266a4712c1b20015cedeeaf9004,21d6a35a8b3ae9b471baee61717750321586111cd8af1099361ea2158c390afe,"[40, 3381, 419, 5700, 572, 49639, 11, 358, 98633, 432, 13, 715, 43434, 25, 1096, 5700, 374]","[40, 3381, 419, 5700, 572, 23742, 11, 358, 10245, 432, 13, 715, 43434, 25, 1096, 5700, 374]",17,17,True,,,,
toy_train,32,toy-train-pos-016,toy-train-neg-016,1,0,"I thought this movie was extraordinary, I loved it. 
Conclusion: This movie is","I thought this movie was nasty, I hated it. 
Conclusion: This movie is","'I thought this movie was extraordinary, I loved it. \nConclusion: This movie is'","'I thought this movie was nasty, I hated it. \nConclusion: This movie is'",492074686f756768742074686973206d6f766965207761732065787472616f7264696e6172792c2049206c6f7665642069742e200a436f6e636c7573696f6e3a2054686973206d6f766965206973,492074686f756768742074686973206d6f76696520776173206e617374792c20492068617465642069742e200a436f6e636c7573696f6e3a2054686973206d6f766965206973,21d6a35a8b3ae9b471baee61717750321586111cd8af1099361ea2158c390afe,73259501e03098fb5a2e6abeb67089ba592f14a3b16a1ef49e05c81c3f4629b8,"[40, 3381, 419, 5700, 572, 23742, 11, 358, 10245, 432, 13, 715, 43434, 25, 1096, 5700, 374]","[40, 3381, 419, 5700, 572, 34407, 11, 358, 37574, 432, 13, 715, 43434, 25, 1096, 5700, 374]",17,17,True,,,,
toy_train,33,toy-train-neg-016,toy-train-pos-017,0,1,"I thought this movie was nasty, I hated it. 
Conclusion: This movie is","I thought this movie was lovely, I liked it. 
Conclusion: This movie is","'I thought this movie was nasty, I hated it. \nConclusion: This movie is'","'I thought this movie was lovely, I liked it. \nConclusion: This movie is'",492074686f756768742074686973206d6f76696520776173206e617374792c20492068617465642069742e200a436f6e636c7573696f6e3a2054686973206d6f766965206973,492074686f756768742074686973206d6f76696520776173206c6f76656c792c2049206c696b65642069742e200a436f6e636c7573696f6e3a2054686973206d6f766965206973,73259501e03098fb5a2e6abeb67089ba592f14a3b16a1ef49e05c81c3f4629b8,14278874eefcf0fd4387bec67011a0a5ab79a8d542ffebcc9a01df93c46b8ae9,"[40, 3381, 419, 5700, 572, 34407, 11, 358, 37574, 432, 13, 715, 43434, 25, 1096, 5700, 374]","[40, 3381, 419, 5700, 572, 16690, 11, 358, 14915, 432, 13, 715, 43434, 25, 1096, 5700, 374]",17,17,True,,,,
toy_train,34,toy-train-pos-017,toy-train-neg-017,1,0,"I thought this movie was lovely, I liked it. 
Conclusion: This movie is","I thought this movie was offensive, I disliked it. 
Conclusion: This movie is","'I thought this movie was lovely, I liked it. \nConclusion: This movie is'","'I thought this movie was offensive, I disliked it. \nConclusion: This movie is'",492074686f756768742074686973206d6f76696520776173206c6f76656c792c2049206c696b65642069742e200a436f6e636c7573696f6e3a2054686973206d6f766965206973,492074686f756768742074686973206d6f76696520776173206f6666656e736976652c2049206469736c696b65642069742e200a436f6e636c7573696f6e3a2054686973206d6f766965206973,14278874eefcf0fd4387bec67011a0a5ab79a8d542ffebcc9a01df93c46b8ae9,c78a752a5ca5337e410e4d3aa7e7cd43845c7e54132ea9201828148d62e32936,"[40, 3381, 419, 5700, 572, 16690, 11, 358, 14915, 432, 13, 715, 43434, 25, 1096, 5700, 374]","[40, 3381, 419, 5700, 572, 15183, 11, 358, 98633, 432, 13, 715, 43434, 25, 1096, 5700, 374]",17,17,True,,,,
toy_train,35,toy-train-neg-017,toy-train-pos-018,0,1,"I thought this movie was offensive, I disliked it. 
Conclusion: This movie is","I thought this movie was nice, I appreciated it. 
Conclusion: This movie is","'I thought this movie was offensive, I disliked it. \nConclusion: This movie is'","'I thought this movie was nice, I appreciated it. \nConclusion: This movie is'",492074686f756768742074686973206d6f76696520776173206f6666656e736976652c2049206469736c696b65642069742e200a436f6e636c7573696f6e3a2054686973206d6f766965206973,492074686f756768742074686973206d6f76696520776173206e6963652c20492061707072656369617465642069742e200a436f6e636c7573696f6e3a2054686973206d6f766965206973,c78a752a5ca5337e410e4d3aa7e7cd43845c7e54132ea9201828148d62e32936,b76165a76b5c037988c846b09beb396a7f20ad6082bc8ac87dbc95312ac4838c,"[40, 3381, 419, 5700, 572, 15183, 11, 358, 98633, 432, 13, 715, 43434, 25, 1096, 5700, 374]","[40, 3381, 419, 5700, 572, 6419, 11, 358, 25808, 432, 13, 715, 43434, 25, 1096, 5700, 374]",17,17,True,,,,
toy_train,36,toy-train-pos-018,toy-train-neg-018,1,0,"I thought this movie was nice, I appreciated it. 
Conclusion: This movie is","I thought this movie was disappointing, I hated it. 
Conclusion: This movie is","'I thought this movie was nice, I appreciated it. \nConclusion: This movie is'","'I thought this movie was disappointing, I hated it. \nConclusion: This movie is'",492074686f756768742074686973206d6f76696520776173206e6963652c20492061707072656369617465642069742e200a436f6e636c7573696f6e3a2054686973206d6f766965206973,492074686f756768742074686973206d6f76696520776173206469736170706f696e74696e672c20492068617465642069742e200a436f6e636c7573696f6e3a2054686973206d6f766965206973,b76165a76b5c037988c846b09beb396a7f20ad6082bc8ac87dbc95312ac4838c,d98f763e771e6a936f98ccf298eb346222d11992ecf28bfdb647875a4a06976c,"[40, 3381, 419, 5700, 572, 6419, 11, 358, 25808, 432, 13, 715, 43434, 25, 1096, 5700, 374]","[40, 3381, 419, 5700, 572, 38123, 11, 358, 37574, 432, 13, 715, 43434, 25, 1096, 5700, 374]",17,17,True,,,,
toy_train,37,toy-train-neg-018,toy-train-pos-019,0,1,"I thought this movie was disappointing, I hated it. 
Conclusion: This movie is","I thought this movie was outstanding, I admired it. 
Conclusion: This movie is","'I thought this movie was disappointing, I hated it. \nConclusion: This movie is'","'I thought this movie was outstanding, I admired it. \nConclusion: This movie is'",492074686f756768742074686973206d6f76696520776173206469736170706f696e74696e672c20492068617465642069742e200a436f6e636c7573696f6e3a2054686973206d6f766965206973,492074686f756768742074686973206d6f76696520776173206f75747374616e64696e672c20492061646d697265642069742e200a436f6e636c7573696f6e3a2054686973206d6f766965206973,d98f763e771e6a936f98ccf298eb346222d11992ecf28bfdb647875a4a06976c,3c6b5952b3f4a8d3f9aed49b660ff25fb53c98a5f0653fc3a5852f07a37f1dce,"[40, 3381, 419, 5700, 572, 38123, 11, 358, 37574, 432, 13, 715, 43434, 25, 1096, 5700, 374]","[40, 3381, 419, 5700, 572, 18781, 11, 358, 63647, 432, 13, 715, 43434, 25, 1096, 5700, 374]",17,17,True,,,,
toy_train,38,toy-train-pos-019,toy-train-neg-019,1,0,"I thought this movie was outstanding, I admired it. 
Conclusion: This movie is","I thought this movie was terrible, I disliked it. 
Conclusion: This movie is","'I thought this movie was outstanding, I admired it. \nConclusion: This movie is'","'I thought this movie was terrible, I disliked it. \nConclusion: This movie is'",492074686f756768742074686973206d6f76696520776173206f75747374616e64696e672c20492061646d697265642069742e200a436f6e636c7573696f6e3a2054686973206d6f766965206973,492074686f756768742074686973206d6f76696520776173207465727269626c652c2049206469736c696b65642069742e200a436f6e636c7573696f6e3a2054686973206d6f766965206973,3c6b5952b3f4a8d3f9aed49b660ff25fb53c98a5f0653fc3a5852f07a37f1dce,36f2e14023809a641a33164cdaa5ba4c3c5f3b94b92ad25215bcf97aa362d6e1,"[40, 3381, 419, 5700, 572, 18781, 11, 358, 63647, 432, 13, 715, 43434, 25, 1096, 5700, 374]","[40, 3381, 419, 5700, 572, 17478, 11, 358, 98633, 432, 13, 715, 43434, 25, 1096, 5700, 374]",17,17,True,,,,
toy_train,39,toy-train-neg-019,toy-train-pos-020,0,1,"I thought this movie was terrible, I disliked it. 
Conclusion: This movie is","I thought this movie was perfect, I enjoyed it. 
Conclusion: This movie is","'I thought this movie was terrible, I disliked it. \nConclusion: This movie is'","'I thought this movie was perfect, I enjoyed it. \nConclusion: This movie is'",492074686f756768742074686973206d6f76696520776173207465727269626c652c2049206469736c696b65642069742e200a436f6e636c7573696f6e3a2054686973206d6f766965206973,492074686f756768742074686973206d6f7669652077617320706572666563742c204920656e6a6f7965642069742e200a436f6e636c7573696f6e3a2054686973206d6f766965206973,36f2e14023809a641a33164cdaa5ba4c3c5f3b94b92ad25215bcf97aa362d6e1,e92c630682ac6b57773148bd30d7baeb9bf4387dd1e8d798d0011379a6739fc6,"[40, 3381, 419, 5700, 572, 17478, 11, 358, 98633, 432, 13, 715, 43434, 25, 1096, 5700, 374]","[40, 3381, 419, 5700, 572, 4727, 11, 358, 14006, 432, 13, 715, 43434, 25, 1096, 5700, 374]",17,17,True,,,,
toy_train,40,toy-train-pos-020,toy-train-neg-020,1,0,"I thought this movie was perfect, I enjoyed it. 
Conclusion: This movie is","I thought this movie was tragic, I hated it. 
Conclusion: This movie is","'I thought this movie was perfect, I enjoyed it. \nConclusion: This movie is'","'I thought this movie was tragic, I hated it. \nConclusion: This movie is'",492074686f756768742074686973206d6f7669652077617320706572666563742c204920656e6a6f7965642069742e200a436f6e636c7573696f6e3a2054686973206d6f766965206973,492074686f756768742074686973206d6f76696520776173207472616769632c20492068617465642069742e200a436f6e636c7573696f6e3a2054686973206d6f766965206973,e92c630682ac6b57773148bd30d7baeb9bf4387dd1e8d798d0011379a6739fc6,958d58b823fd06967b21359a3b151b3efaa1d9c05828cafe4af0131609a80909,"[40, 3381, 419, 5700, 572, 4727, 11, 358, 14006, 432, 13, 715, 43434, 25, 1096, 5700, 374]","[40, 3381, 419, 5700, 572, 34179, 11, 358, 37574, 432, 13, 715, 43434, 25, 1096, 5700, 374]",17,17,True,,,,
toy_train,41,toy-train-neg-020,toy-train-pos-021,0,1,"I thought this movie was tragic, I hated it. 
Conclusion: This movie is","I thought this movie was pleasant, I loved it. 
Conclusion: This movie is","'I thought this movie was tragic, I hated it. \nConclusion: This movie is'","'I thought this movie was pleasant, I loved it. \nConclusion: This movie is'",492074686f756768742074686973206d6f76696520776173207472616769632c20492068617465642069742e200a436f6e636c7573696f6e3a2054686973206d6f766965206973,492074686f756768742074686973206d6f7669652077617320706c656173616e742c2049206c6f7665642069742e200a436f6e636c7573696f6e3a2054686973206d6f766965206973,958d58b823fd06967b21359a3b151b3efaa1d9c05828cafe4af0131609a80909,ea10f41e3b29da9d4e2556336a3b827e0a3c88767b4d2faa36a9871b15d244ed,"[40, 3381, 419, 5700, 572, 34179, 11, 358, 37574, 432, 13, 715, 43434, 25, 1096, 5700, 374]","[40, 3381, 419, 5700, 572, 23795, 11, 358, 10245, 432, 13, 715, 43434, 25, 1096, 5700, 374]",17,17,True,,,,
toy_train,42,toy-train-pos-021,toy-train-neg-021,1,0,"I thought this movie was pleasant, I loved it. 
Conclusion: This movie is","I thought this movie was ugly, I disliked it. 
Conclusion: This movie is","'I thought this movie was pleasant, I loved it. \nConclusion: This movie is'","'I thought this movie was ugly, I disliked it. \nConclusion: This movie is'",492074686f756768742074686973206d6f7669652077617320706c656173616e742c2049206c6f7665642069742e200a436f6e636c7573696f6e3a2054686973206d6f766965206973,492074686f756768742074686973206d6f766965207761732075676c792c2049206469736c696b65642069742e200a436f6e636c7573696f6e3a2054686973206d6f766965206973,ea10f41e3b29da9d4e2556336a3b827e0a3c88767b4d2faa36a9871b15d244ed,3752d6b3d0544a432979f5783c4ed86bdce85288b498d9c62e65db3e8a6b8441,"[40, 3381, 419, 5700, 572, 23795, 11, 358, 10245, 432, 13, 715, 43434, 25, 1096, 5700, 374]","[40, 3381, 419, 5700, 572, 27261, 11, 358, 98633, 432, 13, 715, 43434, 25, 1096, 5700, 374]",17,17,True,,,,
toy_train,43,toy-train-neg-021,toy-train-pos-022,0,1,"I thought this movie was ugly, I disliked it. 
Conclusion: This movie is","I thought this movie was positive, I liked it. 
Conclusion: This movie is","'I thought this movie was ugly, I disliked it. \nConclusion: This movie is'","'I thought this movie was positive, I liked it. \nConclusion: This movie is'",492074686f756768742074686973206d6f766965207761732075676c792c2049206469736c696b65642069742e200a436f6e636c7573696f6e3a2054686973206d6f766965206973,492074686f756768742074686973206d6f7669652077617320706f7369746976652c2049206c696b65642069742e200a436f6e636c7573696f6e3a2054686973206d6f766965206973,3752d6b3d0544a432979f5783c4ed86bdce85288b498d9c62e65db3e8a6b8441,b4e0cd326ee49949fe1cbf9b29fe911b84b7d840b3489615446135b45ee155f6,"[40, 3381, 419, 5700, 572, 27261, 11, 358, 98633, 432, 13, 715, 43434, 25, 1096, 5700, 374]","[40, 3381, 419, 5700, 572, 6785, 11, 358, 14915, 432, 13, 715, 43434, 25, 1096, 5700, 374]",17,17,True,,,,
toy_train,44,toy-train-pos-022,toy-train-neg-022,1,0,"I thought this movie was positive, I liked it. 
Conclusion: This movie is","I thought this movie was unpleasant, I hated it. 
Conclusion: This movie is","'I thought this movie was positive, I liked it. \nConclusion: This movie is'","'I thought this movie was unpleasant, I hated it. \nConclusion: This movie is'",492074686f756768742074686973206d6f7669652077617320706f7369746976652c2049206c696b65642069742e200a436f6e636c7573696f6e3a2054686973206d6f766965206973,492074686f756768742074686973206d6f7669652077617320756e706c656173616e742c20492068617465642069742e200a436f6e636c7573696f6e3a2054686973206d6f766965206973,b4e0cd326ee49949fe1cbf9b29fe911b84b7d840b3489615446135b45ee155f6,6c7f3367d31b8a119c7b231a73a4a92e89cf7a0d07f01726b6c61e2fb981742f,"[40, 3381, 419, 5700, 572, 6785, 11, 358, 14915, 432, 13, 715, 43434, 25, 1096, 5700, 374]","[40, 3381, 419, 5700, 572, 46889, 11, 358, 37574, 432, 13, 715, 43434, 25, 1096, 5700, 374]",17,17,True,,,,
toy_train,45,toy-train-neg-022,toy-train-pos-000,0,1,"I thought this movie was unpleasant, I hated it. 
Conclusion: This movie is","I thought this movie was adequate, I enjoyed it. 
Conclusion: This movie is","'I thought this movie was unpleasant, I hated it. \nConclusion: This movie is'","'I thought this movie was adequate, I enjoyed it. \nConclusion: This movie is'",492074686f756768742074686973206d6f7669652077617320756e706c656173616e742c20492068617465642069742e200a436f6e636c7573696f6e3a2054686973206d6f766965206973,492074686f756768742074686973206d6f766965207761732061646571756174652c204920656e6a6f7965642069742e200a436f6e636c7573696f6e3a2054686973206d6f766965206973,6c7f3367d31b8a119c7b231a73a4a92e89cf7a0d07f01726b6c61e2fb981742f,777f8c5e413237085c99ea450a6c9ea268e90d1ae718cecf42d006bdb8615e95,"[40, 3381, 419, 5700, 572, 46889, 11, 358, 37574, 432, 13, 715, 43434, 25, 1096, 5700, 374]","[40, 3381, 419, 5700, 572, 25532, 11, 358, 14006, 432, 13, 715, 43434, 25, 1096, 5700, 374]",17,17,True,,,,
toy_test,0,toy-test-pos-000,toy-test-neg-000,1,0,"I thought this movie was admirable, I enjoyed it. 
Conclusion: This movie is","I thought this movie was ancient, I hated it. 
Conclusion: This movie is","'I thought this movie was admirable, I enjoyed it. \nConclusion: This movie is'","'I thought this movie was ancient, I hated it. \nConclusion: This movie is'",492074686f756768742074686973206d6f766965207761732061646d697261626c652c204920656e6a6f7965642069742e200a436f6e636c7573696f6e3a2054686973206d6f766965206973,492074686f756768742074686973206d6f7669652077617320616e6369656e742c20492068617465642069742e200a436f6e636c7573696f6e3a2054686973206d6f766965206973,6dd301e88a560cc5b42ca367d5d3474a42285eb81e0fbe3fa3dfaae730729ca6,7f3afdc4b04e615047f7c7986b1776f027a4ed71297b57376fe08090a6246695,"[40, 3381, 419, 5700, 572, 84584, 11, 358, 14006, 432, 13, 715, 43434, 25, 1096, 5700, 374]","[40, 3381, 419, 5700, 572, 13833, 11, 358, 37574, 432, 13, 715, 43434, 25, 1096, 5700, 374]",17,17,True,,,,
toy_test,1,toy-test-neg-000,toy-test-pos-001,0,1,"I thought this movie was ancient, I hated it. 
Conclusion: This movie is","I thought this movie was glorious, I loved it. 
Conclusion: This movie is","'I thought this movie was ancient, I hated it. \nConclusion: This movie is'","'I thought this movie was glorious, I loved it. \nConclusion: This movie is'",492074686f756768742074686973206d6f7669652077617320616e6369656e742c20492068617465642069742e200a436f6e636c7573696f6e3a2054686973206d6f766965206973,492074686f756768742074686973206d6f7669652077617320676c6f72696f75732c2049206c6f7665642069742e200a436f6e636c7573696f6e3a2054686973206d6f766965206973,7f3afdc4b04e615047f7c7986b1776f027a4ed71297b57376fe08090a6246695,f4a330a65184f63b876fdab5e95cc520cf73d22b6773fe995ddab0a0830e22dd,"[40, 3381, 419, 5700, 572, 13833, 11, 358, 37574, 432, 13, 715, 43434, 25, 1096, 5700, 374]","[40, 3381, 419, 5700, 572, 43208, 11, 358, 10245, 432, 13, 715, 43434, 25, 1096, 5700, 374]",17,17,True,,,,
toy_test,2,toy-test-pos-001,toy-test-neg-001,1,0,"I thought this movie was glorious, I loved it. 
Conclusion: This movie is","I thought this movie was appalling, I disliked it. 
Conclusion: This movie is","'I thought this movie was glorious, I loved it. \nConclusion: This movie is'","'I thought this movie was appalling, I disliked it. \nConclusion: This movie is'",492074686f756768742074686973206d6f7669652077617320676c6f72696f75732c2049206c6f7665642069742e200a436f6e636c7573696f6e3a2054686973206d6f766965206973,492074686f756768742074686973206d6f7669652077617320617070616c6c696e672c2049206469736c696b65642069742e200a436f6e636c7573696f6e3a2054686973206d6f766965206973,f4a330a65184f63b876fdab5e95cc520cf73d22b6773fe995ddab0a0830e22dd,8f446f5f0e238a2c17577f1c384288753c3ce50896ce86094788a0ede515ed42,"[40, 3381, 419, 5700, 572, 43208, 11, 358, 10245, 432, 13, 715, 43434, 25, 1096, 5700, 374]","[40, 3381, 419, 5700, 572, 84805, 11, 358, 98633, 432, 13, 715, 43434, 25, 1096, 5700, 374]",17,17,True,,,,
toy_test,3,toy-test-neg-001,toy-test-pos-002,0,1,"I thought this movie was appalling, I disliked it. 
Conclusion: This movie is","I thought this movie was helpful, I liked it. 
Conclusion: This movie is","'I thought this movie was appalling, I disliked it. \nConclusion: This movie is'","'I thought this movie was helpful, I liked it. \nConclusion: This movie is'",492074686f756768742074686973206d6f7669652077617320617070616c6c696e672c2049206469736c696b65642069742e200a436f6e636c7573696f6e3a2054686973206d6f766965206973,492074686f756768742074686973206d6f766965207761732068656c7066756c2c2049206c696b65642069742e200a436f6e636c7573696f6e3a2054686973206d6f766965206973,8f446f5f0e238a2c17577f1c384288753c3ce50896ce86094788a0ede515ed42,b706ea8a56f87661f1ad593d44c58c5164a067acfdd5a60e4c2d57aad89bef61,"[40, 3381, 419, 5700, 572, 84805, 11, 358, 98633, 432, 13, 715, 43434, 25, 1096, 5700, 374]","[40, 3381, 419, 5700, 572, 10950, 11, 358, 14915, 432, 13, 715, 43434, 25, 1096, 5700, 374]",17,17,True,,,,
toy_test,4,toy-test-pos-002,toy-test-neg-002,1,0,"I thought this movie was helpful, I liked it. 
Conclusion: This movie is","I thought this movie was bitter, I hated it. 
Conclusion: This movie is","'I thought this movie was helpful, I liked it. \nConclusion: This movie is'","'I thought this movie was bitter, I hated it. \nConclusion: This movie is'",492074686f756768742074686973206d6f766965207761732068656c7066756c2c2049206c696b65642069742e200a436f6e636c7573696f6e3a2054686973206d6f766965206973,492074686f756768742074686973206d6f76696520776173206269747465722c20492068617465642069742e200a436f6e636c7573696f6e3a2054686973206d6f766965206973,b706ea8a56f87661f1ad593d44c58c5164a067acfdd5a60e4c2d57aad89bef61,a3549b2bc974a93cf1aa28a004df4af301a376dd6b190c2baed0cd597225349e,"[40, 3381, 419, 5700, 572, 10950, 11, 358, 14915, 432, 13, 715, 43434, 25, 1096, 5700, 374]","[40, 3381, 419, 5700, 572, 25180, 11, 358, 37574, 432, 13, 715, 43434, 25, 1096, 5700, 374]",17,17,True,,,,
toy_test,5,toy-test-neg-002,toy-test-pos-003,0,1,"I thought this movie was bitter, I hated it. 
Conclusion: This movie is","I thought this movie was impressive, I appreciated it. 
Conclusion: This movie is","'I thought this movie was bitter, I hated it. \nConclusion: This movie is'","'I thought this movie was impressive, I appreciated it. \nConclusion: This movie is'",492074686f756768742074686973206d6f76696520776173206269747465722c20492068617465642069742e200a436f6e636c7573696f6e3a2054686973206d6f766965206973,492074686f756768742074686973206d6f7669652077617320696d70726573736976652c20492061707072656369617465642069742e200a436f6e636c7573696f6e3a2054686973206d6f766965206973,a3549b2bc974a93cf1aa28a004df4af301a376dd6b190c2baed0cd597225349e,665b8056f2918b085dd5e50a3d0bfd1a52612491142711c67bfb106883eeec43,"[40, 3381, 419, 5700, 572, 25180, 11, 358, 37574, 432, 13, 715, 43434, 25, 1096, 5700, 374]","[40, 3381, 419, 5700, 572, 15978, 11, 358, 25808, 432, 13, 715, 43434, 25, 1096, 5700, 374]",17,17,True,,,,
toy_test,6,toy-test-pos-003,toy-test-neg-003,1,0,"I thought this movie was impressive, I appreciated it. 
Conclusion: This movie is","I thought this movie was dismal, I disliked it. 
Conclusion: This movie is","'I thought this movie was impressive, I appreciated it. \nConclusion: This movie is'","'I thought this movie was dismal, I disliked it. \nConclusion: This movie is'",492074686f756768742074686973206d6f7669652077617320696d70726573736976652c20492061707072656369617465642069742e200a436f6e636c7573696f6e3a2054686973206d6f766965206973,492074686f756768742074686973206d6f76696520776173206469736d616c2c2049206469736c696b65642069742e200a436f6e636c7573696f6e3a2054686973206d6f766965206973,665b8056f2918b085dd5e50a3d0bfd1a52612491142711c67bfb106883eeec43,71de43378a4ff5ab3bb6525881eef42ce34f67c1baf657f86441ba0d8f24da72,"[40, 3381, 419, 5700, 572, 15978, 11, 358, 25808, 432, 13, 715, 43434, 25, 1096, 5700, 374]","[40, 3381, 419, 5700, 572, 93453, 11, 358, 98633, 432, 13, 715, 43434, 25, 1096, 5700, 374]",17,17,True,,,,
toy_test,7,toy-test-neg-003,toy-test-pos-004,0,1,"I thought this movie was dismal, I disliked it. 
Conclusion: This movie is","I thought this movie was lively, I admired it. 
Conclusion: This movie is","'I thought this movie was dismal, I disliked it. \nConclusion: This movie is'","'I thought this movie was lively, I admired it. \nConclusion: This movie is'",492074686f756768742074686973206d6f76696520776173206469736d616c2c2049206469736c696b65642069742e200a436f6e636c7573696f6e3a2054686973206d6f766965206973,492074686f756768742074686973206d6f76696520776173206c6976656c792c20492061646d697265642069742e200a436f6e636c7573696f6e3a2054686973206d6f766965206973,71de43378a4ff5ab3bb6525881eef42ce34f67c1baf657f86441ba0d8f24da72,dbf095a0304c7d5e95b8e0eef74d57d565612f4e9d8e5b298db383578b43ec7d,"[40, 3381, 419, 5700, 572, 93453, 11, 358, 98633, 432, 13, 715, 43434, 25, 1096, 5700, 374]","[40, 3381, 419, 5700, 572, 48177, 11, 358, 63647, 432, 13, 715, 43434, 25, 1096, 5700, 374]",17,17,True,,,,
toy_test,8,toy-test-pos-004,toy-test-neg-004,1,0,"I thought this movie was lively, I admired it. 
Conclusion: This movie is","I thought this movie was flat, I hated it. 
Conclusion: This movie is","'I thought this movie was lively, I admired it. \nConclusion: This movie is'","'I thought this movie was flat, I hated it. \nConclusion: This movie is'",492074686f756768742074686973206d6f76696520776173206c6976656c792c20492061646d697265642069742e200a436f6e636c7573696f6e3a2054686973206d6f766965206973,492074686f756768742074686973206d6f7669652077617320666c61742c20492068617465642069742e200a436f6e636c7573696f6e3a2054686973206d6f766965206973,dbf095a0304c7d5e95b8e0eef74d57d565612f4e9d8e5b298db383578b43ec7d,1f6311d2f51cc9133b08cd48209ab883224edb5cb4bb01f2f475658ebc81b945,"[40, 3381, 419, 5700, 572, 48177, 11, 358, 63647, 432, 13, 715, 43434, 25, 1096, 5700, 374]","[40, 3381, 419, 5700, 572, 10063, 11, 358, 37574, 432, 13, 715, 43434, 25, 1096, 5700, 374]",17,17,True,,,,
toy_test,9,toy-test-neg-004,toy-test-pos-005,0,1,"I thought this movie was flat, I hated it. 
Conclusion: This movie is","I thought this movie was magical, I enjoyed it. 
Conclusion: This movie is","'I thought this movie was flat, I hated it. \nConclusion: This movie is'","'I thought this movie was magical, I enjoyed it. \nConclusion: This movie is'",492074686f756768742074686973206d6f7669652077617320666c61742c20492068617465642069742e200a436f6e636c7573696f6e3a2054686973206d6f766965206973,492074686f756768742074686973206d6f76696520776173206d61676963616c2c204920656e6a6f7965642069742e200a436f6e636c7573696f6e3a2054686973206d6f766965206973,1f6311d2f51cc9133b08cd48209ab883224edb5cb4bb01f2f475658ebc81b945,90fa984f2ac320e99b05bdaef88d8ce9f50594117bba5261af89be0199872548,"[40, 3381, 419, 5700, 572, 10063, 11, 358, 37574, 432, 13, 715, 43434, 25, 1096, 5700, 374]","[40, 3381, 419, 5700, 572, 23702, 11, 358, 14006, 432, 13, 715, 43434, 25, 1096, 5700, 374]",17,17,True,,,,
toy_test,10,toy-test-pos-005,toy-test-neg-005,1,0,"I thought this movie was magical, I enjoyed it. 
Conclusion: This movie is","I thought this movie was foul, I disliked it. 
Conclusion: This movie is","'I thought this movie was magical, I enjoyed it. \nConclusion: This movie is'","'I thought this movie was foul, I disliked it. \nConclusion: This movie is'",492074686f756768742074686973206d6f76696520776173206d61676963616c2c204920656e6a6f7965642069742e200a436f6e636c7573696f6e3a2054686973206d6f766965206973,492074686f756768742074686973206d6f7669652077617320666f756c2c2049206469736c696b65642069742e200a436f6e636c7573696f6e3a2054686973206d6f766965206973,90fa984f2ac320e99b05bdaef88d8ce9f50594117bba5261af89be0199872548,4a23a12e50609ae70dddaaed1aaa3b5442a493eaa75822f02b078b4c289018e7,"[40, 3381, 419, 5700, 572, 23702, 11, 358, 14006, 432, 13, 715, 43434, 25, 1096, 5700, 374]","[40, 3381, 419, 5700, 572, 39784, 11, 358, 98633, 432, 13, 715, 43434, 25, 1096, 5700, 374]",17,17,True,,,,
toy_test,11,toy-test-neg-005,toy-test-pos-006,0,1,"I thought this movie was foul, I disliked it. 
Conclusion: This movie is","I thought this movie was modern, I loved it. 
Conclusion: This movie is","'I thought this movie was foul, I disliked it. \nConclusion: This movie is'","'I thought this movie was modern, I loved it. \nConclusion: This movie is'",492074686f756768742074686973206d6f7669652077617320666f756c2c2049206469736c696b65642069742e200a436f6e636c7573696f6e3a2054686973206d6f766965206973,492074686f756768742074686973206d6f76696520776173206d6f6465726e2c2049206c6f7665642069742e200a436f6e636c7573696f6e3a2054686973206d6f766965206973,4a23a12e50609ae70dddaaed1aaa3b5442a493eaa75822f02b078b4c289018e7,4221a80f1af64db25c667acbda6d27b97ab39aff6130743eb9a5441269b3bebd,"[40, 3381, 419, 5700, 572, 39784, 11, 358, 98633, 432, 13, 715, 43434, 25, 1096, 5700, 374]","[40, 3381, 419, 5700, 572, 6481, 11, 358, 10245, 432, 13, 715, 43434, 25, 1096, 5700, 374]",17,17,True,,,,
toy_test,12,toy-test-pos-006,toy-test-neg-006,1,0,"I thought this movie was modern, I loved it. 
Conclusion: This movie is","I thought this movie was grim, I hated it. 
Conclusion: This movie is","'I thought this movie was modern, I loved it. \nConclusion: This movie is'","'I thought this movie was grim, I hated it. \nConclusion: This movie is'",492074686f756768742074686973206d6f76696520776173206d6f6465726e2c2049206c6f7665642069742e200a436f6e636c7573696f6e3a2054686973206d6f766965206973,492074686f756768742074686973206d6f76696520776173206772696d2c20492068617465642069742e200a436f6e636c7573696f6e3a2054686973206d6f766965206973,4221a80f1af64db25c667acbda6d27b97ab39aff6130743eb9a5441269b3bebd,88039c24c41babf515c20230bc11171a5fcf44bcbc4ee976e08561f7e84f84e5,"[40, 3381, 419, 5700, 572, 6481, 11, 358, 10245, 432, 13, 715, 43434, 25, 1096, 5700, 374]","[40, 3381, 419, 5700, 572, 43417, 11, 358, 37574, 432, 13, 715, 43434, 25, 1096, 5700, 374]",17,17,True,,,,
toy_test,13,toy-test-neg-006,toy-test-pos-007,0,1,"I thought this movie was grim, I hated it. 
Conclusion: This movie is","I thought this movie was phenomenal, I liked it. 
Conclusion: This movie is","'I thought this movie was grim, I hated it. \nConclusion: This movie is'","'I thought this movie was phenomenal, I liked it. \nConclusion: This movie is'",492074686f756768742074686973206d6f76696520776173206772696d2c20492068617465642069742e200a436f6e636c7573696f6e3a2054686973206d6f766965206973,492074686f756768742074686973206d6f76696520776173207068656e6f6d656e616c2c2049206c696b65642069742e200a436f6e636c7573696f6e3a2054686973206d6f766965206973,88039c24c41babf515c20230bc11171a5fcf44bcbc4ee976e08561f7e84f84e5,a53af7c6cf7074aa31ba458f683d1ffcc29ae7b8e4031385fb83d331fc8e3c0f,"[40, 3381, 419, 5700, 572, 43417, 11, 358, 37574, 432, 13, 715, 43434, 25, 1096, 5700, 374]","[40, 3381, 419, 5700, 572, 56392, 11, 358, 14915, 432, 13, 715, 43434, 25, 1096, 5700, 374]",17,17,True,,,,
toy_test,14,toy-test-pos-007,toy-test-neg-007,1,0,"I thought this movie was phenomenal, I liked it. 
Conclusion: This movie is","I thought this movie was lazy, I disliked it. 
Conclusion: This movie is","'I thought this movie was phenomenal, I liked it. \nConclusion: This movie is'","'I thought this movie was lazy, I disliked it. \nConclusion: This movie is'",492074686f756768742074686973206d6f76696520776173207068656e6f6d656e616c2c2049206c696b65642069742e200a436f6e636c7573696f6e3a2054686973206d6f766965206973,492074686f756768742074686973206d6f76696520776173206c617a792c2049206469736c696b65642069742e200a436f6e636c7573696f6e3a2054686973206d6f766965206973,a53af7c6cf7074aa31ba458f683d1ffcc29ae7b8e4031385fb83d331fc8e3c0f,fa00eead7c1f9aae202e4088b6d6415282bce27956c9dd468eea50643a2842f0,"[40, 3381, 419, 5700, 572, 56392, 11, 358, 14915, 432, 13, 715, 43434, 25, 1096, 5700, 374]","[40, 3381, 419, 5700, 572, 15678, 11, 358, 98633, 432, 13, 715, 43434, 25, 1096, 5700, 374]",17,17,True,,,,
toy_test,15,toy-test-neg-007,toy-test-pos-008,0,1,"I thought this movie was lazy, I disliked it. 
Conclusion: This movie is","I thought this movie was pleasing, I appreciated it. 
Conclusion: This movie is","'I thought this movie was lazy, I disliked it. \nConclusion: This movie is'","'I thought this movie was pleasing, I appreciated it. \nConclusion: This movie is'",492074686f756768742074686973206d6f76696520776173206c617a792c2049206469736c696b65642069742e200a436f6e636c7573696f6e3a2054686973206d6f766965206973,492074686f756768742074686973206d6f7669652077617320706c656173696e672c20492061707072656369617465642069742e200a436f6e636c7573696f6e3a2054686973206d6f766965206973,fa00eead7c1f9aae202e4088b6d6415282bce27956c9dd468eea50643a2842f0,51fa0c4e7d8788c1c89c5197b362e46dc8cbf3b571e04e31e1593ebe77ec712f,"[40, 3381, 419, 5700, 572, 15678, 11, 358, 98633, 432, 13, 715, 43434, 25, 1096, 5700, 374]","[40, 3381, 419, 5700, 572, 53699, 11, 358, 25808, 432, 13, 715, 43434, 25, 1096, 5700, 374]",17,17,True,,,,
toy_test,16,toy-test-pos-008,toy-test-neg-008,1,0,"I thought this movie was pleasing, I appreciated it. 
Conclusion: This movie is","I thought this movie was noisy, I hated it. 
Conclusion: This movie is","'I thought this movie was pleasing, I appreciated it. \nConclusion: This movie is'","'I thought this movie was noisy, I hated it. \nConclusion: This movie is'",492074686f756768742074686973206d6f7669652077617320706c656173696e672c20492061707072656369617465642069742e200a436f6e636c7573696f6e3a2054686973206d6f766965206973,492074686f756768742074686973206d6f76696520776173206e6f6973792c20492068617465642069742e200a436f6e636c7573696f6e3a2054686973206d6f766965206973,51fa0c4e7d8788c1c89c5197b362e46dc8cbf3b571e04e31e1593ebe77ec712f,8235053ee88a7ff184a37879b0e6dd0e1bc328d46b1da8229416a433ac1a76cc,"[40, 3381, 419, 5700, 572, 53699, 11, 358, 25808, 432, 13, 715, 43434, 25, 1096, 5700, 374]","[40, 3381, 419, 5700, 572, 49280, 11, 358, 37574, 432, 13, 715, 43434, 25, 1096, 5700, 374]",17,17,True,,,,
toy_test,17,toy-test-neg-008,toy-test-pos-009,0,1,"I thought this movie was noisy, I hated it. 
Conclusion: This movie is","I thought this movie was radiant, I admired it. 
Conclusion: This movie is","'I thought this movie was noisy, I hated it. \nConclusion: This movie is'","'I thought this movie was radiant, I admired it. \nConclusion: This movie is'",492074686f756768742074686973206d6f76696520776173206e6f6973792c20492068617465642069742e200a436f6e636c7573696f6e3a2054686973206d6f766965206973,492074686f756768742074686973206d6f766965207761732072616469616e742c20492061646d697265642069742e200a436f6e636c7573696f6e3a2054686973206d6f766965206973,8235053ee88a7ff184a37879b0e6dd0e1bc328d46b1da8229416a433ac1a76cc,c65d1b388e13a0a702cff1347aa9a408514f28f41b3e58780279f9a610c6e404,"[40, 3381, 419, 5700, 572, 49280, 11, 358, 37574, 432, 13, 715, 43434, 25, 1096, 5700, 374]","[40, 3381, 419, 5700, 572, 76343, 11, 358, 63647, 432, 13, 715, 43434, 25, 1096, 5700, 374]",17,17,True,,,,
toy_test,18,toy-test-pos-009,toy-test-neg-009,1,0,"I thought this movie was radiant, I admired it. 
Conclusion: This movie is","I thought this movie was poor, I disliked it. 
Conclusion: This movie is","'I thought this movie was radiant, I admired it. \nConclusion: This movie is'","'I thought this movie was poor, I disliked it. \nConclusion: This movie is'",492074686f756768742074686973206d6f766965207761732072616469616e742c20492061646d697265642069742e200a436f6e636c7573696f6e3a2054686973206d6f766965206973,492074686f756768742074686973206d6f7669652077617320706f6f722c2049206469736c696b65642069742e200a436f6e636c7573696f6e3a2054686973206d6f766965206973,c65d1b388e13a0a702cff1347aa9a408514f28f41b3e58780279f9a610c6e404,98143e467aecd180ba63be0b5fae27f38b03ca18efa3de07d41ab88180a63b2f,"[40, 3381, 419, 5700, 572, 76343, 11, 358, 63647, 432, 13, 715, 43434, 25, 1096, 5700, 374]","[40, 3381, 419, 5700, 572, 7852, 11, 358, 98633, 432, 13, 715, 43434, 25, 1096, 5700, 374]",17,17,True,,,,
toy_test,19,toy-test-neg-009,toy-test-pos-010,0,1,"I thought this movie was poor, I disliked it. 
Conclusion: This movie is","I thought this movie was crisp, I enjoyed it. 
Conclusion: This movie is","'I thought this movie was poor, I disliked it. \nConclusion: This movie is'","'I thought this movie was crisp, I enjoyed it. \nConclusion: This movie is'",492074686f756768742074686973206d6f7669652077617320706f6f722c2049206469736c696b65642069742e200a436f6e636c7573696f6e3a2054686973206d6f766965206973,492074686f756768742074686973206d6f766965207761732063726973702c204920656e6a6f7965642069742e200a436f6e636c7573696f6e3a2054686973206d6f766965206973,98143e467aecd180ba63be0b5fae27f38b03ca18efa3de07d41ab88180a63b2f,ced33a405cad10f5e134dfb599924c8a40f73a4abdba818158ccb0d79b132ad2,"[40, 3381, 419, 5700, 572, 7852, 11, 358, 98633, 432, 13, 715, 43434, 25, 1096, 5700, 374]","[40, 3381, 419, 5700, 572, 41854, 11, 358, 14006, 432, 13, 715, 43434, 25, 1096, 5700, 374]",17,17,True,,,,
toy_test,20,toy-test-pos-010,toy-test-neg-010,1,0,"I thought this movie was crisp, I enjoyed it. 
Conclusion: This movie is","I thought this movie was rough, I hated it. 
Conclusion: This movie is","'I thought this movie was crisp, I enjoyed it. \nConclusion: This movie is'","'I thought this movie was rough, I hated it. \nConclusion: This movie is'",492074686f756768742074686973206d6f766965207761732063726973702c204920656e6a6f7965642069742e200a436f6e636c7573696f6e3a2054686973206d6f766965206973,492074686f756768742074686973206d6f7669652077617320726f7567682c20492068617465642069742e200a436f6e636c7573696f6e3a2054686973206d6f766965206973,ced33a405cad10f5e134dfb599924c8a40f73a4abdba818158ccb0d79b132ad2,a88ecc94a40088a2b47911444c57e00b1430751f66a94fe6cff68b7dcc13fc3a,"[40, 3381, 419, 5700, 572, 41854, 11, 358, 14006, 432, 13, 715, 43434, 25, 1096, 5700, 374]","[40, 3381, 419, 5700, 572, 11165, 11, 358, 37574, 432, 13, 715, 43434, 25, 1096, 5700, 374]",17,17,True,,,,
toy_test,21,toy-test-neg-010,toy-test-pos-011,0,1,"I thought this movie was rough, I hated it. 
Conclusion: This movie is","I thought this movie was strong, I loved it. 
Conclusion: This movie is","'I thought this movie was rough, I hated it. \nConclusion: This movie is'","'I thought this movie was strong, I loved it. \nConclusion: This movie is'",492074686f756768742074686973206d6f7669652077617320726f7567682c20492068617465642069742e200a436f6e636c7573696f6e3a2054686973206d6f766965206973,492074686f756768742074686973206d6f76696520776173207374726f6e672c2049206c6f7665642069742e200a436f6e636c7573696f6e3a2054686973206d6f766965206973,a88ecc94a40088a2b47911444c57e00b1430751f66a94fe6cff68b7dcc13fc3a,c365a2f65eff1b2c43ca0bbd2ce4395330834dd3ea1d2dad31b9e4720dd0dd67,"[40, 3381, 419, 5700, 572, 11165, 11, 358, 37574, 432, 13, 715, 43434, 25, 1096, 5700, 374]","[40, 3381, 419, 5700, 572, 3746, 11, 358, 10245, 432, 13, 715, 43434, 25, 1096, 5700, 374]",17,17,True,,,,
toy_test,22,toy-test-pos-011,toy-test-neg-011,1,0,"I thought this movie was strong, I loved it. 
Conclusion: This movie is","I thought this movie was rotten, I disliked it. 
Conclusion: This movie is","'I thought this movie was strong, I loved it. \nConclusion: This movie is'","'I thought this movie was rotten, I disliked it. \nConclusion: This movie is'",492074686f756768742074686973206d6f76696520776173207374726f6e672c2049206c6f7665642069742e200a436f6e636c7573696f6e3a2054686973206d6f766965206973,492074686f756768742074686973206d6f7669652077617320726f7474656e2c2049206469736c696b65642069742e200a436f6e636c7573696f6e3a2054686973206d6f766965206973,c365a2f65eff1b2c43ca0bbd2ce4395330834dd3ea1d2dad31b9e4720dd0dd67,1afe9625484ac4f44d434ba1e8d98a1c6b3b4afaba0b02c749e551a823120968,"[40, 3381, 419, 5700, 572, 3746, 11, 358, 10245, 432, 13, 715, 43434, 25, 1096, 5700, 374]","[40, 3381, 419, 5700, 572, 77692, 11, 358, 98633, 432, 13, 715, 43434, 25, 1096, 5700, 374]",17,17,True,,,,
toy_test,23,toy-test-neg-011,toy-test-pos-012,0,1,"I thought this movie was rotten, I disliked it. 
Conclusion: This movie is","I thought this movie was stunning, I liked it. 
Conclusion: This movie is","'I thought this movie was rotten, I disliked it. \nConclusion: This movie is'","'I thought this movie was stunning, I liked it. \nConclusion: This movie is'",492074686f756768742074686973206d6f7669652077617320726f7474656e2c2049206469736c696b65642069742e200a436f6e636c7573696f6e3a2054686973206d6f766965206973,492074686f756768742074686973206d6f76696520776173207374756e6e696e672c2049206c696b65642069742e200a436f6e636c7573696f6e3a2054686973206d6f766965206973,1afe9625484ac4f44d434ba1e8d98a1c6b3b4afaba0b02c749e551a823120968,bd003a03cff002fd7aee273a1f10fcfb0728e2066e1e237258e388dd6a94d8db,"[40, 3381, 419, 5700, 572, 77692, 11, 358, 98633, 432, 13, 715, 43434, 25, 1096, 5700, 374]","[40, 3381, 419, 5700, 572, 19850, 11, 358, 14915, 432, 13, 715, 43434, 25, 1096, 5700, 374]",17,17,True,,,,
toy_test,24,toy-test-pos-012,toy-test-neg-012,1,0,"I thought this movie was stunning, I liked it. 
Conclusion: This movie is","I thought this movie was sour, I hated it. 
Conclusion: This movie is","'I thought this movie was stunning, I liked it. \nConclusion: This movie is'","'I thought this movie was sour, I hated it. \nConclusion: This movie is'",492074686f756768742074686973206d6f76696520776173207374756e6e696e672c2049206c696b65642069742e200a436f6e636c7573696f6e3a2054686973206d6f766965206973,492074686f756768742074686973206d6f7669652077617320736f75722c20492068617465642069742e200a436f6e636c7573696f6e3a2054686973206d6f766965206973,bd003a03cff002fd7aee273a1f10fcfb0728e2066e1e237258e388dd6a94d8db,46c1576c92c2f4c65ae65a1325db39fff8572b8261078ee911cedbc686c23464,"[40, 3381, 419, 5700, 572, 19850, 11, 358, 14915, 432, 13, 715, 43434, 25, 1096, 5700, 374]","[40, 3381, 419, 5700, 572, 20282, 11, 358, 37574, 432, 13, 715, 43434, 25, 1096, 5700, 374]",17,17,True,,,,
toy_test,25,toy-test-neg-012,toy-test-pos-013,0,1,"I thought this movie was sour, I hated it. 
Conclusion: This movie is","I thought this movie was sweet, I appreciated it. 
Conclusion: This movie is","'I thought this movie was sour, I hated it. \nConclusion: This movie is'","'I thought this movie was sweet, I appreciated it. \nConclusion: This movie is'",492074686f756768742074686973206d6f7669652077617320736f75722c20492068617465642069742e200a436f6e636c7573696f6e3a2054686973206d6f766965206973,492074686f756768742074686973206d6f766965207761732073776565742c20492061707072656369617465642069742e200a436f6e636c7573696f6e3a2054686973206d6f766965206973,46c1576c92c2f4c65ae65a1325db39fff8572b8261078ee911cedbc686c23464,8e5d7fa8bbf3ca7164d573911bb02e9f19f70193d6d26b335d2b3a3049b1d6f8,"[40, 3381, 419, 5700, 572, 20282, 11, 358, 37574, 432, 13, 715, 43434, 25, 1096, 5700, 374]","[40, 3381, 419, 5700, 572, 10226, 11, 358, 25808, 432, 13, 715, 43434, 25, 1096, 5700, 374]",17,17,True,,,,
toy_test,26,toy-test-pos-013,toy-test-neg-013,1,0,"I thought this movie was sweet, I appreciated it. 
Conclusion: This movie is","I thought this movie was vile, I disliked it. 
Conclusion: This movie is","'I thought this movie was sweet, I appreciated it. \nConclusion: This movie is'","'I thought this movie was vile, I disliked it. \nConclusion: This movie is'",492074686f756768742074686973206d6f766965207761732073776565742c20492061707072656369617465642069742e200a436f6e636c7573696f6e3a2054686973206d6f766965206973,492074686f756768742074686973206d6f766965207761732076696c652c2049206469736c696b65642069742e200a436f6e636c7573696f6e3a2054686973206d6f766965206973,8e5d7fa8bbf3ca7164d573911bb02e9f19f70193d6d26b335d2b3a3049b1d6f8,8054cd8a1d5c6564173d875239121173312a2a1bbaecc6440ab3a7513b188ec7,"[40, 3381, 419, 5700, 572, 10226, 11, 358, 25808, 432, 13, 715, 43434, 25, 1096, 5700, 374]","[40, 3381, 419, 5700, 572, 80214, 11, 358, 98633, 432, 13, 715, 43434, 25, 1096, 5700, 374]",17,17,True,,,,
toy_test,27,toy-test-neg-013,toy-test-pos-000,0,1,"I thought this movie was vile, I disliked it. 
Conclusion: This movie is","I thought this movie was admirable, I enjoyed it. 
Conclusion: This movie is","'I thought this movie was vile, I disliked it. \nConclusion: This movie is'","'I thought this movie was admirable, I enjoyed it. \nConclusion: This movie is'",492074686f756768742074686973206d6f766965207761732076696c652c2049206469736c696b65642069742e200a436f6e636c7573696f6e3a2054686973206d6f766965206973,492074686f756768742074686973206d6f766965207761732061646d697261626c652c204920656e6a6f7965642069742e200a436f6e636c7573696f6e3a2054686973206d6f766965206973,8054cd8a1d5c6564173d875239121173312a2a1bbaecc6440ab3a7513b188ec7,6dd301e88a560cc5b42ca367d5d3474a42285eb81e0fbe3fa3dfaae730729ca6,"[40, 3381, 419, 5700, 572, 80214, 11, 358, 98633, 432, 13, 715, 43434, 25, 1096, 5700, 374]","[40, 3381, 419, 5700, 572, 84584, 11, 358, 14006, 432, 13, 715, 43434, 25, 1096, 5700, 374]",17,17,True,,,,
sst_tigges_pythia_correct_test,0,sst-8968,sst-8874,1,0,Review Text: Brimful. Review Sentiment:,Review Text: Bears is bad. Review Sentiment:,'Review Text: Brimful. Review Sentiment:','Review Text: Bears is bad. Review Sentiment:',52657669657720546578743a204272696d66756c2e205265766965772053656e74696d656e743a,52657669657720546578743a204265617273206973206261642e205265766965772053656e74696d656e743a,a643017852a1a8b743d98d45427353da377e5b836d88d6d81177996e77a852b0,67fca0616ee34b817631ad79acbd1c5373f334cafafce92c9ac4cab19a22aa77,"[19432, 2918, 25, 3240, 318, 1262, 13, 10294, 23361, 3819, 25]","[19432, 2918, 25, 35968, 374, 3873, 13, 10294, 23361, 3819, 25]",11,11,True,Brimful.,Bears is bad.,tigges,True
sst_tigges_pythia_correct_test,1,sst-8874,sst-8968,0,1,Review Text: Bears is bad. Review Sentiment:,Review Text: Brimful. Review Sentiment:,'Review Text: Bears is bad. Review Sentiment:','Review Text: Brimful. Review Sentiment:',52657669657720546578743a204265617273206973206261642e205265766965772053656e74696d656e743a,52657669657720546578743a204272696d66756c2e205265766965772053656e74696d656e743a,67fca0616ee34b817631ad79acbd1c5373f334cafafce92c9ac4cab19a22aa77,a643017852a1a8b743d98d45427353da377e5b836d88d6d81177996e77a852b0,"[19432, 2918, 25, 35968, 374, 3873, 13, 10294, 23361, 3819, 25]","[19432, 2918, 25, 3240, 318, 1262, 13, 10294, 23361, 3819, 25]",11,11,True,Bears is bad.,Brimful.,tigges,True
sst_tigges_pythia_correct_test,2,sst-8433,sst-8851,1,0,Review Text: Excellent acting and direction. Review Sentiment:,Review Text: Nothing about it fits. Review Sentiment:,'Review Text: Excellent acting and direction. Review Sentiment:','Review Text: Nothing about it fits. Review Sentiment:',52657669657720546578743a20457863656c6c656e7420616374696e6720616e6420646972656374696f6e2e205265766965772053656e74696d656e743a,52657669657720546578743a204e6f7468696e672061626f757420697420666974732e205265766965772053656e74696d656e743a,8276dc299d9d7b83f4dcda59659f20dffc5ea5c50b8583201e3b03447571c661,289ce6ff7bcc9691220f465c3d3a8527eb44dde68e14cf0458a1af331170beb7,"[19432, 2918, 25, 36766, 15358, 323, 5106, 13, 10294, 23361, 3819, 25]","[19432, 2918, 25, 12064, 911, 432, 18304, 13, 10294, 23361, 3819, 25]",12,12,True,Excellent acting and direction.,Nothing about it fits.,tigges,True
sst_tigges_pythia_correct_test,3,sst-8851,sst-8433,0,1,Review Text: Nothing about it fits. Review Sentiment:,Review Text: Excellent acting and direction. Review Sentiment:,'Review Text: Nothing about it fits. Review Sentiment:','Review Text: Excellent acting and direction. Review Sentiment:',52657669657720546578743a204e6f7468696e672061626f757420697420666974732e205265766965772053656e74696d656e743a,52657669657720546578743a20457863656c6c656e7420616374696e6720616e6420646972656374696f6e2e205265766965772053656e74696d656e743a,289ce6ff7bcc9691220f465c3d3a8527eb44dde68e14cf0458a1af331170beb7,8276dc299d9d7b83f4dcda59659f20dffc5ea5c50b8583201e3b03447571c661,"[19432, 2918, 25, 12064, 911, 432, 18304, 13, 10294, 23361, 3819, 25]","[19432, 2918, 25, 36766, 15358, 323, 5106, 13, 10294, 23361, 3819, 25]",12,12,True,Nothing about it fits.,Excellent acting and direction.,tigges,True
sst_tigges_pythia_correct_test,4,sst-196,sst-8315,1,0,Review Text: A very funny movie. Review Sentiment:,Review Text: A very bad sign. Review Sentiment:,'Review Text: A very funny movie. Review Sentiment:','Review Text: A very bad sign. Review Sentiment:',52657669657720546578743a204120766572792066756e6e79206d6f7669652e205265766965772053656e74696d656e743a,52657669657720546578743a2041207665727920626164207369676e2e205265766965772053656e74696d656e743a,3469927298e2e8790bbe78ad3de9d51c27f4aea5ae022fa7ce81919ea70c1614,f11cb62cb467d23ba3eb677f006b5bf3d305d3e47ba6bd571b83abda3ce99fdb,"[19432, 2918, 25, 362, 1602, 15173, 5700, 13, 10294, 23361, 3819, 25]","[19432, 2918, 25, 362, 1602, 3873, 1841, 13, 10294, 23361, 3819, 25]",12,12,True,A very funny movie.,A very bad sign.,tigges,True
sst_tigges_pythia_correct_test,5,sst-8315,sst-196,0,1,Review Text: A very bad sign. Review Sentiment:,Review Text: A very funny movie. Review Sentiment:,'Review Text: A very bad sign. Review Sentiment:','Review Text: A very funny movie. Review Sentiment:',52657669657720546578743a2041207665727920626164207369676e2e205265766965772053656e74696d656e743a,52657669657720546578743a204120766572792066756e6e79206d6f7669652e205265766965772053656e74696d656e743a,f11cb62cb467d23ba3eb677f006b5bf3d305d3e47ba6bd571b83abda3ce99fdb,3469927298e2e8790bbe78ad3de9d51c27f4aea5ae022fa7ce81919ea70c1614,"[19432, 2918, 25, 362, 1602, 3873, 1841, 13, 10294, 23361, 3819, 25]","[19432, 2918, 25, 362, 1602, 15173, 5700, 13, 10294, 23361, 3819, 25]",12,12,True,A very bad sign.,A very funny movie.,tigges,True
sst_tigges_pythia_correct_test,6,sst-407,sst-8154,1,0,Review Text: Go see it and enjoy. Review Sentiment:,"Review Text: A sour, nasty offering. Review Sentiment:",'Review Text: Go see it and enjoy. Review Sentiment:',"'Review Text: A sour, nasty offering. Review Sentiment:'",52657669657720546578743a20476f2073656520697420616e6420656e6a6f792e205265766965772053656e74696d656e743a,52657669657720546578743a204120736f75722c206e61737479206f66666572696e672e205265766965772053656e74696d656e743a,b6f7a522e0d04f2c26cfef1ed314d5624ced9f4dd40b8ba030267ac8c29e7902,0f95920a87ecc5f0d1c681a6bfc8cb827e0e98793dc87a9c8b9c64749259d70b,"[19432, 2918, 25, 5994, 1490, 432, 323, 4669, 13, 10294, 23361, 3819, 25]","[19432, 2918, 25, 362, 20282, 11, 34407, 10004, 13, 10294, 23361, 3819, 25]",13,13,True,Go see it and enjoy.,"A sour, nasty offering.",tigges,True
sst_tigges_pythia_correct_test,7,sst-8154,sst-407,0,1,"Review Text: A sour, nasty offering. Review Sentiment:",Review Text: Go see it and enjoy. Review Sentiment:,"'Review Text: A sour, nasty offering. Review Sentiment:'",'Review Text: Go see it and enjoy. Review Sentiment:',52657669657720546578743a204120736f75722c206e61737479206f66666572696e672e205265766965772053656e74696d656e743a,52657669657720546578743a20476f2073656520697420616e6420656e6a6f792e205265766965772053656e74696d656e743a,0f95920a87ecc5f0d1c681a6bfc8cb827e0e98793dc87a9c8b9c64749259d70b,b6f7a522e0d04f2c26cfef1ed314d5624ced9f4dd40b8ba030267ac8c29e7902,"[19432, 2918, 25, 362, 20282, 11, 34407, 10004, 13, 10294, 23361, 3819, 25]","[19432, 2918, 25, 5994, 1490, 432, 323, 4669, 13, 10294, 23361, 3819, 25]",13,13,True,"A sour, nasty offering.",Go see it and enjoy.,tigges,True
sst_tigges_pythia_correct_test,8,sst-1093,sst-8241,1,0,Review Text: It's like a poem. Review Sentiment:,Review Text: A dreadful live-action movie. Review Sentiment:,"""Review Text: It's like a poem. Review Sentiment:""",'Review Text: A dreadful live-action movie. Review Sentiment:',52657669657720546578743a2049742773206c696b65206120706f656d2e205265766965772053656e74696d656e743a,52657669657720546578743a204120647265616466756c206c6976652d616374696f6e206d6f7669652e205265766965772053656e74696d656e743a,2d0fceaec9d9d1e3472b4b489fa7f079f3b7f68df6b7f9d87a951d45598f013a,90d6947206a2e7a689088a1d22a587db1816c332056926ce1c073b24d19c3ab1,"[19432, 2918, 25, 1084, 594, 1075, 264, 32794, 13, 10294, 23361, 3819, 25]","[19432, 2918, 25, 362, 80852, 3887, 25059, 5700, 13, 10294, 23361, 3819, 25]",13,13,True,It's like a poem.,A dreadful live-action movie.,tigges,True
sst_tigges_pythia_correct_test,9,sst-8241,sst-1093,0,1,Review Text: A dreadful live-action movie. Review Sentiment:,Review Text: It's like a poem. Review Sentiment:,'Review Text: A dreadful live-action movie. Review Sentiment:',"""Review Text: It's like a poem. Review Sentiment:""",52657669657720546578743a204120647265616466756c206c6976652d616374696f6e206d6f7669652e205265766965772053656e74696d656e743a,52657669657720546578743a2049742773206c696b65206120706f656d2e205265766965772053656e74696d656e743a,90d6947206a2e7a689088a1d22a587db1816c332056926ce1c073b24d19c3ab1,2d0fceaec9d9d1e3472b4b489fa7f079f3b7f68df6b7f9d87a951d45598f013a,"[19432, 2918, 25, 362, 80852, 3887, 25059, 5700, 13, 10294, 23361, 3819, 25]","[19432, 2918, 25, 1084, 594, 1075, 264, 32794, 13, 10294, 23361, 3819, 25]",13,13,True,A dreadful live-action movie.,It's like a poem.,tigges,True
sst_tigges_pythia_correct_test,10,sst-7965,sst-8717,1,0,Review Text: The production values are up there. Review Sentiment:,Review Text: A very average science fiction film. Review Sentiment:,'Review Text: The production values are up there. Review Sentiment:','Review Text: A very average science fiction film. Review Sentiment:',52657669657720546578743a205468652070726f64756374696f6e2076616c756573206172652075702074686572652e205265766965772053656e74696d656e743a,52657669657720546578743a20412076657279206176657261676520736369656e63652066696374696f6e2066696c6d2e205265766965772053656e74696d656e743a,5c70178d3e869a0900338f7a8e5f2b73e58e0b8cce1271cd7385aced7d8a20ad,c424ccfa5f6d501fc6f6b9c2fa21f61fe12f4869d2f8ed65b0331489a505ff02,"[19432, 2918, 25, 576, 5670, 2750, 525, 705, 1052, 13, 10294, 23361, 3819, 25]","[19432, 2918, 25, 362, 1602, 5461, 8038, 16989, 4531, 13, 10294, 23361, 3819, 25]",14,14,True,The production values are up there.,A very average science fiction film.,tigges,True
sst_tigges_pythia_correct_test,11,sst-8717,sst-7965,0,1,Review Text: A very average science fiction film. Review Sentiment:,Review Text: The production values are up there. Review Sentiment:,'Review Text: A very average science fiction film. Review Sentiment:','Review Text: The production values are up there. Review Sentiment:',52657669657720546578743a20412076657279206176657261676520736369656e63652066696374696f6e2066696c6d2e205265766965772053656e74696d656e743a,52657669657720546578743a205468652070726f64756374696f6e2076616c756573206172652075702074686572652e205265766965772053656e74696d656e743a,c424ccfa5f6d501fc6f6b9c2fa21f61fe12f4869d2f8ed65b0331489a505ff02,5c70178d3e869a0900338f7a8e5f2b73e58e0b8cce1271cd7385aced7d8a20ad,"[19432, 2918, 25, 362, 1602, 5461, 8038, 16989, 4531, 13, 10294, 23361, 3819, 25]","[19432, 2918, 25, 576, 5670, 2750, 525, 705, 1052, 13, 10294, 23361, 3819, 25]",14,14,True,A very average science fiction film.,The production values are up there.,tigges,True
sst_tigges_pythia_correct_test,12,sst-208,sst-8825,1,0,Review Text: I admired this work a lot. Review Sentiment:,Review Text: It settles for being merely grim. Review Sentiment:,'Review Text: I admired this work a lot. Review Sentiment:','Review Text: It settles for being merely grim. Review Sentiment:',52657669657720546578743a20492061646d69726564207468697320776f726b2061206c6f742e205265766965772053656e74696d656e743a,52657669657720546578743a20497420736574746c657320666f72206265696e67206d6572656c79206772696d2e205265766965772053656e74696d656e743a,769c07e7b20598bc369262dfdb940e4f46ea6b9b90c9f55c3163dec6ddf6794b,a7d101297a46463e39cb45886c0a1d9887ae486a736b66bf99c09e34185e5d86,"[19432, 2918, 25, 358, 63647, 419, 975, 264, 2696, 13, 10294, 23361, 3819, 25]","[19432, 2918, 25, 1084, 91918, 369, 1660, 16234, 43417, 13, 10294, 23361, 3819, 25]",14,14,True,I admired this work a lot.,It settles for being merely grim.,tigges,True
sst_tigges_pythia_correct_test,13,sst-8825,sst-208,0,1,Review Text: It settles for being merely grim. Review Sentiment:,Review Text: I admired this work a lot. Review Sentiment:,'Review Text: It settles for being merely grim. Review Sentiment:','Review Text: I admired this work a lot. Review Sentiment:',52657669657720546578743a20497420736574746c657320666f72206265696e67206d6572656c79206772696d2e205265766965772053656e74696d656e743a,52657669657720546578743a20492061646d69726564207468697320776f726b2061206c6f742e205265766965772053656e74696d656e743a,a7d101297a46463e39cb45886c0a1d9887ae486a736b66bf99c09e34185e5d86,769c07e7b20598bc369262dfdb940e4f46ea6b9b90c9f55c3163dec6ddf6794b,"[19432, 2918, 25, 1084, 91918, 369, 1660, 16234, 43417, 13, 10294, 23361, 3819, 25]","[19432, 2918, 25, 358, 63647, 419, 975, 264, 2696, 13, 10294, 23361, 3819, 25]",14,14,True,It settles for being merely grim.,I admired this work a lot.,tigges,True
sst_tigges_pythia_correct_test,14,sst-168,sst-7912,1,0,Review Text: Must be seen to be believed. Review Sentiment:,Review Text: The film seems a dead weight. Review Sentiment:,'Review Text: Must be seen to be believed. Review Sentiment:','Review Text: The film seems a dead weight. Review Sentiment:',52657669657720546578743a204d757374206265207365656e20746f2062652062656c69657665642e205265766965772053656e74696d656e743a,52657669657720546578743a205468652066696c6d207365656d7320612064656164207765696768742e205265766965772053656e74696d656e743a,b908c36e5886bdc0f4029a90904487aa6cd7753457e1738bef0af96c4d2b6ad3,0b22bccf84827428fe09b9e65826da0001ece664e09ff9551314047750aa7ec2,"[19432, 2918, 25, 15465, 387, 3884, 311, 387, 11585, 13, 10294, 23361, 3819, 25]","[19432, 2918, 25, 576, 4531, 4977, 264, 5593, 4680, 13, 10294, 23361, 3819, 25]",14,14,True,Must be seen to be believed.,The film seems a dead weight.,tigges,True
sst_tigges_pythia_correct_test,15,sst-7912,sst-168,0,1,Review Text: The film seems a dead weight. Review Sentiment:,Review Text: Must be seen to be believed. Review Sentiment:,'Review Text: The film seems a dead weight. Review Sentiment:','Review Text: Must be seen to be believed. Review Sentiment:',52657669657720546578743a205468652066696c6d207365656d7320612064656164207765696768742e205265766965772053656e74696d656e743a,52657669657720546578743a204d757374206265207365656e20746f2062652062656c69657665642e205265766965772053656e74696d656e743a,0b22bccf84827428fe09b9e65826da0001ece664e09ff9551314047750aa7ec2,b908c36e5886bdc0f4029a90904487aa6cd7753457e1738bef0af96c4d2b6ad3,"[19432, 2918, 25, 576, 4531, 4977, 264, 5593, 4680, 13, 10294, 23361, 3819, 25]","[19432, 2918, 25, 15465, 387, 3884, 311, 387, 11585, 13, 10294, 23361, 3819, 25]",14,14,True,The film seems a dead weight.,Must be seen to be believed.,tigges,True
sst_tigges_pythia_correct_test,16,sst-492,sst-8666,1,0,Review Text: Disturbing and brilliant documentary. Review Sentiment:,Review Text: The movie gets muted and routine. Review Sentiment:,'Review Text: Disturbing and brilliant documentary. Review Sentiment:','Review Text: The movie gets muted and routine. Review Sentiment:',52657669657720546578743a2044697374757262696e6720616e64206272696c6c69616e7420646f63756d656e746172792e205265766965772053656e74696d656e743a,52657669657720546578743a20546865206d6f7669652067657473206d7574656420616e6420726f7574696e652e205265766965772053656e74696d656e743a,b9123a18041b5dbf76aa4cc060c66d3a15a24af790d8581305065c41cea427d0,f608df3f2e952570e04ad0524a466bac9cbc199ffd422c9a6c2d86013bd9b34d,"[19432, 2918, 25, 27604, 324, 7132, 323, 19752, 24954, 13, 10294, 23361, 3819, 25]","[19432, 2918, 25, 576, 5700, 5221, 59021, 323, 14021, 13, 10294, 23361, 3819, 25]",14,14,True,Disturbing and brilliant documentary.,The movie gets muted and routine.,tigges,True
sst_tigges_pythia_correct_test,17,sst-8666,sst-492,0,1,Review Text: The movie gets muted and routine. Review Sentiment:,Review Text: Disturbing and brilliant documentary. Review Sentiment:,'Review Text: The movie gets muted and routine. Review Sentiment:','Review Text: Disturbing and brilliant documentary. Review Sentiment:',52657669657720546578743a20546865206d6f7669652067657473206d7574656420616e6420726f7574696e652e205265766965772053656e74696d656e743a,52657669657720546578743a2044697374757262696e6720616e64206272696c6c69616e7420646f63756d656e746172792e205265766965772053656e74696d656e743a,f608df3f2e952570e04ad0524a466bac9cbc199ffd422c9a6c2d86013bd9b34d,b9123a18041b5dbf76aa4cc060c66d3a15a24af790d8581305065c41cea427d0,"[19432, 2918, 25, 576, 5700, 5221, 59021, 323, 14021, 13, 10294, 23361, 3819, 25]","[19432, 2918, 25, 27604, 324, 7132, 323, 19752, 24954, 13, 10294, 23361, 3819, 25]",14,14,True,The movie gets muted and routine.,Disturbing and brilliant documentary.,tigges,True
sst_tigges_pythia_correct_test,18,sst-315,sst-8751,1,0,Review Text: The New Guy does have a heart. Review Sentiment:,Review Text: Bad beyond belief and ridiculous beyond description. Review Sentiment:,'Review Text: The New Guy does have a heart. Review Sentiment:','Review Text: Bad beyond belief and ridiculous beyond description. Review Sentiment:',52657669657720546578743a20546865204e65772047757920646f6573206861766520612068656172742e205265766965772053656e74696d656e743a,52657669657720546578743a20426164206265796f6e642062656c69656620616e64207269646963756c6f7573206265796f6e64206465736372697074696f6e2e205265766965772053656e74696d656e743a,b3a133e03d8afef574b4fb69de8e3ad7e96f0eaf2f53f359dd10cda699cc8fd4,3b08939afc08c82080c980414b02c71b84178344d06aaad5faad8758e1756198,"[19432, 2918, 25, 576, 1532, 25273, 1558, 614, 264, 4746, 13, 10294, 23361, 3819, 25]","[19432, 2918, 25, 11461, 7797, 16396, 323, 26775, 7797, 4008, 13, 10294, 23361, 3819, 25]",15,15,True,The New Guy does have a heart.,Bad beyond belief and ridiculous beyond description.,tigges,True
sst_tigges_pythia_correct_test,19,sst-8751,sst-315,0,1,Review Text: Bad beyond belief and ridiculous beyond description. Review Sentiment:,Review Text: The New Guy does have a heart. Review Sentiment:,'Review Text: Bad beyond belief and ridiculous beyond description. Review Sentiment:','Review Text: The New Guy does have a heart. Review Sentiment:',52657669657720546578743a20426164206265796f6e642062656c69656620616e64207269646963756c6f7573206265796f6e64206465736372697074696f6e2e205265766965772053656e74696d656e743a,52657669657720546578743a20546865204e65772047757920646f6573206861766520612068656172742e205265766965772053656e74696d656e743a,3b08939afc08c82080c980414b02c71b84178344d06aaad5faad8758e1756198,b3a133e03d8afef574b4fb69de8e3ad7e96f0eaf2f53f359dd10cda699cc8fd4,"[19432, 2918, 25, 11461, 7797, 16396, 323, 26775, 7797, 4008, 13, 10294, 23361, 3819, 25]","[19432, 2918, 25, 576, 1532, 25273, 1558, 614, 264, 4746, 13, 10294, 23361, 3819, 25]",15,15,True,Bad beyond belief and ridiculous beyond description.,The New Guy does have a heart.,tigges,True
sst_tigges_pythia_correct_test,20,sst-971,sst-9008,1,0,Review Text: This is art paying homage to art. Review Sentiment:,"Review Text: A mild, reluctant, thumbs down. Review Sentiment:",'Review Text: This is art paying homage to art. Review Sentiment:',"'Review Text: A mild, reluctant, thumbs down. Review Sentiment:'",52657669657720546578743a20546869732069732061727420706179696e6720686f6d61676520746f206172742e205265766965772053656e74696d656e743a,52657669657720546578743a2041206d696c642c2072656c756374616e742c207468756d627320646f776e2e205265766965772053656e74696d656e743a,1b9e54223a665648323f1fb3dcacb713cb59b765b7c37ff22a5c207e07851da7,685421ac112893b88cd80690f1bac47c44a51ad685b53e099e720556d1f96880,"[19432, 2918, 25, 1096, 374, 1947, 12515, 66989, 311, 1947, 13, 10294, 23361, 3819, 25]","[19432, 2918, 25, 362, 23034, 11, 42940, 11, 56849, 1495, 13, 10294, 23361, 3819, 25]",15,15,True,This is art paying homage to art.,"A mild, reluctant, thumbs down.",tigges,True
sst_tigges_pythia_correct_test,21,sst-9008,sst-971,0,1,"Review Text: A mild, reluctant, thumbs down. Review Sentiment:",Review Text: This is art paying homage to art. Review Sentiment:,"'Review Text: A mild, reluctant, thumbs down. Review Sentiment:'",'Review Text: This is art paying homage to art. Review Sentiment:',52657669657720546578743a2041206d696c642c2072656c756374616e742c207468756d627320646f776e2e205265766965772053656e74696d656e743a,52657669657720546578743a20546869732069732061727420706179696e6720686f6d61676520746f206172742e205265766965772053656e74696d656e743a,685421ac112893b88cd80690f1bac47c44a51ad685b53e099e720556d1f96880,1b9e54223a665648323f1fb3dcacb713cb59b765b7c37ff22a5c207e07851da7,"[19432, 2918, 25, 362, 23034, 11, 42940, 11, 56849, 1495, 13, 10294, 23361, 3819, 25]","[19432, 2918, 25, 1096, 374, 1947, 12515, 66989, 311, 1947, 13, 10294, 23361, 3819, 25]",15,15,True,"A mild, reluctant, thumbs down.",This is art paying homage to art.,tigges,True
sst_tigges_pythia_correct_test,22,sst-19,sst-8564,1,0,Review Text: A masterpiece four years in the making. Review Sentiment:,Review Text: An awkward and indigestible movie. Review Sentiment:,'Review Text: A masterpiece four years in the making. Review Sentiment:','Review Text: An awkward and indigestible movie. Review Sentiment:',52657669657720546578743a2041206d6173746572706965636520666f757220796561727320696e20746865206d616b696e672e205265766965772053656e74696d656e743a,52657669657720546578743a20416e2061776b7761726420616e6420696e64696765737469626c65206d6f7669652e205265766965772053656e74696d656e743a,01c64d4b615930821564ef9e7e52e3d39e4cbe3c00b4ab842e8a141c843f015c,3523d006206aaca7dc6564f1cfb4e6cd8bdcb34d6574a74f71efe07b854ab0e9,"[19432, 2918, 25, 362, 58731, 3040, 1635, 304, 279, 3259, 13, 10294, 23361, 3819, 25]","[19432, 2918, 25, 1527, 28759, 323, 1257, 15153, 1238, 5700, 13, 10294, 23361, 3819, 25]",15,15,True,A masterpiece four years in the making.,An awkward and indigestible movie.,tigges,True
sst_tigges_pythia_correct_test,23,sst-8564,sst-19,0,1,Review Text: An awkward and indigestible movie. Review Sentiment:,Review Text: A masterpiece four years in the making. Review Sentiment:,'Review Text: An awkward and indigestible movie. Review Sentiment:','Review Text: A masterpiece four years in the making. Review Sentiment:',52657669657720546578743a20416e2061776b7761726420616e6420696e64696765737469626c65206d6f7669652e205265766965772053656e74696d656e743a,52657669657720546578743a2041206d6173746572706965636520666f757220796561727320696e20746865206d616b696e672e205265766965772053656e74696d656e743a,3523d006206aaca7dc6564f1cfb4e6cd8bdcb34d6574a74f71efe07b854ab0e9,01c64d4b615930821564ef9e7e52e3d39e4cbe3c00b4ab842e8a141c843f015c,"[19432, 2918, 25, 1527, 28759, 323, 1257, 15153, 1238, 5700, 13, 10294, 23361, 3819, 25]","[19432, 2918, 25, 362, 58731, 3040, 1635, 304, 279, 3259, 13, 10294, 23361, 3819, 25]",15,15,True,An awkward and indigestible movie.,A masterpiece four years in the making.,tigges,True
sst_tigges_pythia_correct_test,24,sst-265,sst-8347,1,0,Review Text: But you'll definitely want the T-shirt. Review Sentiment:,Review Text: Tom Green just gives them a bad odor. Review Sentiment:,"""Review Text: But you'll definitely want the T-shirt. Review Sentiment:""",'Review Text: Tom Green just gives them a bad odor. Review Sentiment:',52657669657720546578743a2042757420796f75276c6c20646566696e6974656c792077616e742074686520542d73686972742e205265766965772053656e74696d656e743a,52657669657720546578743a20546f6d20477265656e206a757374206769766573207468656d206120626164206f646f722e205265766965772053656e74696d656e743a,70d6bd3a29b308f212db1edc6403795af478da82b6f37c47f643c497be2b8ac5,7bb524772840fbe6b1cbaafca16b18efc421132df2e29e9c4f9f9741c54e30c8,"[19432, 2918, 25, 1988, 498, 3278, 8491, 1366, 279, 350, 33668, 13, 10294, 23361, 3819, 25]","[19432, 2918, 25, 8364, 7840, 1101, 6696, 1105, 264, 3873, 52997, 13, 10294, 23361, 3819, 25]",16,16,True,But you'll definitely want the T-shirt.,Tom Green just gives them a bad odor.,tigges,True
sst_tigges_pythia_correct_test,25,sst-8347,sst-265,0,1,Review Text: Tom Green just gives them a bad odor. Review Sentiment:,Review Text: But you'll definitely want the T-shirt. Review Sentiment:,'Review Text: Tom Green just gives them a bad odor. Review Sentiment:',"""Review Text: But you'll definitely want the T-shirt. Review Sentiment:""",52657669657720546578743a20546f6d20477265656e206a757374206769766573207468656d206120626164206f646f722e205265766965772053656e74696d656e743a,52657669657720546578743a2042757420796f75276c6c20646566696e6974656c792077616e742074686520542d73686972742e205265766965772053656e74696d656e743a,7bb524772840fbe6b1cbaafca16b18efc421132df2e29e9c4f9f9741c54e30c8,70d6bd3a29b308f212db1edc6403795af478da82b6f37c47f643c497be2b8ac5,"[19432, 2918, 25, 8364, 7840, 1101, 6696, 1105, 264, 3873, 52997, 13, 10294, 23361, 3819, 25]","[19432, 2918, 25, 1988, 498, 3278, 8491, 1366, 279, 350, 33668, 13, 10294, 23361, 3819, 25]",16,16,True,Tom Green just gives them a bad odor.,But you'll definitely want the T-shirt.,tigges,True
sst_tigges_pythia_correct_test,26,sst-213,sst-8996,1,0,"Review Text: A smart, sweet and playful romantic comedy. Review Sentiment:",Review Text: The story... is moldy and obvious. Review Sentiment:,"'Review Text: A smart, sweet and playful romantic comedy. Review Sentiment:'",'Review Text: The story... is moldy and obvious. Review Sentiment:',52657669657720546578743a204120736d6172742c20737765657420616e6420706c617966756c20726f6d616e74696320636f6d6564792e205265766965772053656e74696d656e743a,52657669657720546578743a205468652073746f72792e2e2e206973206d6f6c647920616e64206f6276696f75732e205265766965772053656e74696d656e743a,2e71c087689cb9e4debeec126f1a8ab401a3c3ed13a8258dd4a36baf1e01564e,bd2e76e14ce5e40744e5b305105eb954c783d42bfec508df93d877bf1ff3dc69,"[19432, 2918, 25, 362, 7785, 11, 10226, 323, 56069, 23467, 22358, 13, 10294, 23361, 3819, 25]","[19432, 2918, 25, 576, 3364, 1112, 374, 28461, 88, 323, 8036, 13, 10294, 23361, 3819, 25]",16,16,True,"A smart, sweet and playful romantic comedy.",The story... is moldy and obvious.,tigges,True
sst_tigges_pythia_correct_test,27,sst-8996,sst-213,0,1,Review Text: The story... is moldy and obvious. Review Sentiment:,"Review Text: A smart, sweet and playful romantic comedy. Review Sentiment:",'Review Text: The story... is moldy and obvious. Review Sentiment:',"'Review Text: A smart, sweet and playful romantic comedy. Review Sentiment:'",52657669657720546578743a205468652073746f72792e2e2e206973206d6f6c647920616e64206f6276696f75732e205265766965772053656e74696d656e743a,52657669657720546578743a204120736d6172742c20737765657420616e6420706c617966756c20726f6d616e74696320636f6d6564792e205265766965772053656e74696d656e743a,bd2e76e14ce5e40744e5b305105eb954c783d42bfec508df93d877bf1ff3dc69,2e71c087689cb9e4debeec126f1a8ab401a3c3ed13a8258dd4a36baf1e01564e,"[19432, 2918, 25, 576, 3364, 1112, 374, 28461, 88, 323, 8036, 13, 10294, 23361, 3819, 25]","[19432, 2918, 25, 362, 7785, 11, 10226, 323, 56069, 23467, 22358, 13, 10294, 23361, 3819, 25]",16,16,True,The story... is moldy and obvious.,"A smart, sweet and playful romantic comedy.",tigges,True
sst_tigges_pythia_correct_test,28,sst-8631,sst-8215,1,0,Review Text: Sensitive though not quite revelatory documentary. Review Sentiment:,Review Text: Godawful boring slug of a movie. Review Sentiment:,'Review Text: Sensitive though not quite revelatory documentary. Review Sentiment:','Review Text: Godawful boring slug of a movie. Review Sentiment:',52657669657720546578743a2053656e7369746976652074686f756768206e6f7420717569746520726576656c61746f727920646f63756d656e746172792e205265766965772053656e74696d656e743a,52657669657720546578743a20476f64617766756c20626f72696e6720736c7567206f662061206d6f7669652e205265766965772053656e74696d656e743a,7535312efea07f144dd2abc1147b22a950047798034a2b0d300ca40e0e82463e,92430e0442ac39370f98cdcef60ea380585a773dae764755188cec34e30db4e8,"[19432, 2918, 25, 328, 18723, 3498, 537, 5008, 22118, 5269, 24954, 13, 10294, 23361, 3819, 25]","[19432, 2918, 25, 4264, 672, 1262, 27759, 24470, 315, 264, 5700, 13, 10294, 23361, 3819, 25]",16,16,True,Sensitive though not quite revelatory documentary.,Godawful boring slug of a movie.,tigges,True
sst_tigges_pythia_correct_test,29,sst-8215,sst-8631,0,1,Review Text: Godawful boring slug of a movie. Review Sentiment:,Review Text: Sensitive though not quite revelatory documentary. Review Sentiment:,'Review Text: Godawful boring slug of a movie. Review Sentiment:','Review Text: Sensitive though not quite revelatory documentary. Review Sentiment:',52657669657720546578743a20476f64617766756c20626f72696e6720736c7567206f662061206d6f7669652e205265766965772053656e74696d656e743a,52657669657720546578743a2053656e7369746976652074686f756768206e6f7420717569746520726576656c61746f727920646f63756d656e746172792e205265766965772053656e74696d656e743a,92430e0442ac39370f98cdcef60ea380585a773dae764755188cec34e30db4e8,7535312efea07f144dd2abc1147b22a950047798034a2b0d300ca40e0e82463e,"[19432, 2918, 25, 4264, 672, 1262, 27759, 24470, 315, 264, 5700, 13, 10294, 23361, 3819, 25]","[19432, 2918, 25, 328, 18723, 3498, 537, 5008, 22118, 5269, 24954, 13, 10294, 23361, 3819, 25]",16,16,True,Godawful boring slug of a movie.,Sensitive though not quite revelatory documentary.,tigges,True
sst_tigges_pythia_correct_test,30,sst-7,sst-8473,1,0,Review Text: Offers that rare combination of entertainment and education. Review Sentiment:,"Review Text: Now it's a bad, embarrassing movie. Review Sentiment:",'Review Text: Offers that rare combination of entertainment and education. Review Sentiment:',"""Review Text: Now it's a bad, embarrassing movie. Review Sentiment:""",52657669657720546578743a204f66666572732074686174207261726520636f6d62696e6174696f6e206f6620656e7465727461696e6d656e7420616e6420656475636174696f6e2e205265766965772053656e74696d656e743a,52657669657720546578743a204e6f7720697427732061206261642c20656d62617272617373696e67206d6f7669652e205265766965772053656e74696d656e743a,19f4c4ed28af87cb3c9c793c8f61a49628939997bb7d8080ae8273cfb1909415,a0a27953d2cc0076d2f73c09c43743606395adfbd753c231a1d1443152e576d6,"[19432, 2918, 25, 51318, 429, 8848, 10601, 315, 16517, 323, 6731, 13, 10294, 23361, 3819, 25]","[19432, 2918, 25, 4695, 432, 594, 264, 3873, 11, 44005, 5700, 13, 10294, 23361, 3819, 25]",16,16,True,Offers that rare combination of entertainment and education.,"Now it's a bad, embarrassing movie.",tigges,True
sst_tigges_pythia_correct_test,31,sst-8473,sst-7,0,1,"Review Text: Now it's a bad, embarrassing movie. Review Sentiment:",Review Text: Offers that rare combination of entertainment and education. Review Sentiment:,"""Review Text: Now it's a bad, embarrassing movie. Review Sentiment:""",'Review Text: Offers that rare combination of entertainment and education. Review Sentiment:',52657669657720546578743a204e6f7720697427732061206261642c20656d62617272617373696e67206d6f7669652e205265766965772053656e74696d656e743a,52657669657720546578743a204f66666572732074686174207261726520636f6d62696e6174696f6e206f6620656e7465727461696e6d656e7420616e6420656475636174696f6e2e205265766965772053656e74696d656e743a,a0a27953d2cc0076d2f73c09c43743606395adfbd753c231a1d1443152e576d6,19f4c4ed28af87cb3c9c793c8f61a49628939997bb7d8080ae8273cfb1909415,"[19432, 2918, 25, 4695, 432, 594, 264, 3873, 11, 44005, 5700, 13, 10294, 23361, 3819, 25]","[19432, 2918, 25, 51318, 429, 8848, 10601, 315, 16517, 323, 6731, 13, 10294, 23361, 3819, 25]",16,16,True,"Now it's a bad, embarrassing movie.",Offers that rare combination of entertainment and education.,tigges,True
sst_tigges_pythia_correct_test,32,sst-898,sst-8592,1,0,Review Text: A worthy entry into a very difficult genre. Review Sentiment:,Review Text: High Crimes miscasts nearly every leading character. Review Sentiment:,'Review Text: A worthy entry into a very difficult genre. Review Sentiment:','Review Text: High Crimes miscasts nearly every leading character. Review Sentiment:',52657669657720546578743a204120776f7274687920656e74727920696e746f2061207665727920646966666963756c742067656e72652e205265766965772053656e74696d656e743a,52657669657720546578743a2048696768204372696d6573206d69736361737473206e6561726c79206576657279206c656164696e67206368617261637465722e205265766965772053656e74696d656e743a,d45cc7db0970822bb31d56cc45518e49a14408630001926e8c9ace6c3d589c3a,33bb67824f1efa516f76c9c58a8ee6aaaea3c1f1630aa9fa6ac738e1ef6e920f,"[19432, 2918, 25, 362, 27290, 4343, 1119, 264, 1602, 5000, 17328, 13, 10294, 23361, 3819, 25]","[19432, 2918, 25, 5124, 76908, 31125, 11757, 7009, 1449, 6388, 3668, 13, 10294, 23361, 3819, 25]",16,16,True,A worthy entry into a very difficult genre.,High Crimes miscasts nearly every leading character.,tigges,True
sst_tigges_pythia_correct_test,33,sst-8592,sst-898,0,1,Review Text: High Crimes miscasts nearly every leading character. Review Sentiment:,Review Text: A worthy entry into a very difficult genre. Review Sentiment:,'Review Text: High Crimes miscasts nearly every leading character. Review Sentiment:','Review Text: A worthy entry into a very difficult genre. Review Sentiment:',52657669657720546578743a2048696768204372696d6573206d69736361737473206e6561726c79206576657279206c656164696e67206368617261637465722e205265766965772053656e74696d656e743a,52657669657720546578743a204120776f7274687920656e74727920696e746f2061207665727920646966666963756c742067656e72652e205265766965772053656e74696d656e743a,33bb67824f1efa516f76c9c58a8ee6aaaea3c1f1630aa9fa6ac738e1ef6e920f,d45cc7db0970822bb31d56cc45518e49a14408630001926e8c9ace6c3d589c3a,"[19432, 2918, 25, 5124, 76908, 31125, 11757, 7009, 1449, 6388, 3668, 13, 10294, 23361, 3819, 25]","[19432, 2918, 25, 362, 27290, 4343, 1119, 264, 1602, 5000, 17328, 13, 10294, 23361, 3819, 25]",16,16,True,High Crimes miscasts nearly every leading character.,A worthy entry into a very difficult genre.,tigges,True
sst_tigges_pythia_correct_test,34,sst-762,sst-8712,1,0,Review Text: The movie has lots of dancing and fabulous music. Review Sentiment:,Review Text: A predictable and stereotypical little B-movie. Review Sentiment:,'Review Text: The movie has lots of dancing and fabulous music. Review Sentiment:','Review Text: A predictable and stereotypical little B-movie. Review Sentiment:',52657669657720546578743a20546865206d6f76696520686173206c6f7473206f662064616e63696e6720616e6420666162756c6f7573206d757369632e205265766965772053656e74696d656e743a,52657669657720546578743a2041207072656469637461626c6520616e642073746572656f7479706963616c206c6974746c6520422d6d6f7669652e205265766965772053656e74696d656e743a,38f44d8e067386f89356eb89959b05e343876cf2cb0e18a62d698b8e259df3b4,54569b073542b4a86f855d56105f86f05d988d16092f76de0f9dcf57a32cc991,"[19432, 2918, 25, 576, 5700, 702, 10077, 315, 27966, 323, 34531, 4627, 13, 10294, 23361, 3819, 25]","[19432, 2918, 25, 362, 44107, 323, 22646, 87067, 2632, 425, 1448, 6327, 13, 10294, 23361, 3819, 25]",17,17,True,The movie has lots of dancing and fabulous music.,A predictable and stereotypical little B-movie.,tigges,True
sst_tigges_pythia_correct_test,35,sst-8712,sst-762,0,1,Review Text: A predictable and stereotypical little B-movie. Review Sentiment:,Review Text: The movie has lots of dancing and fabulous music. Review Sentiment:,'Review Text: A predictable and stereotypical little B-movie. Review Sentiment:','Review Text: The movie has lots of dancing and fabulous music. Review Sentiment:',52657669657720546578743a2041207072656469637461626c6520616e642073746572656f7479706963616c206c6974746c6520422d6d6f7669652e205265766965772053656e74696d656e743a,52657669657720546578743a20546865206d6f76696520686173206c6f7473206f662064616e63696e6720616e6420666162756c6f7573206d757369632e205265766965772053656e74696d656e743a,54569b073542b4a86f855d56105f86f05d988d16092f76de0f9dcf57a32cc991,38f44d8e067386f89356eb89959b05e343876cf2cb0e18a62d698b8e259df3b4,"[19432, 2918, 25, 362, 44107, 323, 22646, 87067, 2632, 425, 1448, 6327, 13, 10294, 23361, 3819, 25]","[19432, 2918, 25, 576, 5700, 702, 10077, 315, 27966, 323, 34531, 4627, 13, 10294, 23361, 3819, 25]",17,17,True,A predictable and stereotypical little B-movie.,The movie has lots of dancing and fabulous music.,tigges,True
sst_tigges_pythia_correct_test,36,sst-618,sst-8164,1,0,"Review Text: As a singular character study, it's perfect. Review Sentiment:",Review Text: Much-anticipated and ultimately lackluster movie. Review Sentiment:,"""Review Text: As a singular character study, it's perfect. Review Sentiment:""",'Review Text: Much-anticipated and ultimately lackluster movie. Review Sentiment:',52657669657720546578743a20417320612073696e67756c6172206368617261637465722073747564792c206974277320706572666563742e205265766965772053656e74696d656e743a,52657669657720546578743a204d7563682d616e74696369706174656420616e6420756c74696d6174656c79206c61636b6c7573746572206d6f7669652e205265766965772053656e74696d656e743a,f44a5c7f91f7466fc745ee9274c432199805ceba12f0bfdf56f2b48dbc7540f6,376296637098b4aeccadfec1f885aac92c95e9803dd7f6ff5afb6925282392a5,"[19432, 2918, 25, 1634, 264, 33944, 3668, 3920, 11, 432, 594, 4727, 13, 10294, 23361, 3819, 25]","[19432, 2918, 25, 23309, 12, 92778, 323, 13653, 6853, 75, 4993, 5700, 13, 10294, 23361, 3819, 25]",17,17,True,"As a singular character study, it's perfect.",Much-anticipated and ultimately lackluster movie.,tigges,True
sst_tigges_pythia_correct_test,37,sst-8164,sst-618,0,1,Review Text: Much-anticipated and ultimately lackluster movie. Review Sentiment:,"Review Text: As a singular character study, it's perfect. Review Sentiment:",'Review Text: Much-anticipated and ultimately lackluster movie. Review Sentiment:',"""Review Text: As a singular character study, it's perfect. Review Sentiment:""",52657669657720546578743a204d7563682d616e74696369706174656420616e6420756c74696d6174656c79206c61636b6c7573746572206d6f7669652e205265766965772053656e74696d656e743a,52657669657720546578743a20417320612073696e67756c6172206368617261637465722073747564792c206974277320706572666563742e205265766965772053656e74696d656e743a,376296637098b4aeccadfec1f885aac92c95e9803dd7f6ff5afb6925282392a5,f44a5c7f91f7466fc745ee9274c432199805ceba12f0bfdf56f2b48dbc7540f6,"[19432, 2918, 25, 23309, 12, 92778, 323, 13653, 6853, 75, 4993, 5700, 13, 10294, 23361, 3819, 25]","[19432, 2918, 25, 1634, 264, 33944, 3668, 3920, 11, 432, 594, 4727, 13, 10294, 23361, 3819, 25]",17,17,True,Much-anticipated and ultimately lackluster movie.,"As a singular character study, it's perfect.",tigges,True
sst_tigges_pythia_correct_test,38,sst-199,sst-8465,1,0,Review Text: A cop story that understands the medium amazingly well. Review Sentiment:,Review Text: An instant candidate for worst movie of the year. Review Sentiment:,'Review Text: A cop story that understands the medium amazingly well. Review Sentiment:','Review Text: An instant candidate for worst movie of the year. Review Sentiment:',52657669657720546578743a204120636f702073746f7279207468617420756e6465727374616e647320746865206d656469756d20616d617a696e676c792077656c6c2e205265766965772053656e74696d656e743a,52657669657720546578743a20416e20696e7374616e742063616e64696461746520666f7220776f727374206d6f766965206f662074686520796561722e205265766965772053656e74696d656e743a,1cab1f1fb3fafb17956e4dfdc2066ee5178b7ab4bfe2c9e0884c66b5b8391da1,8b2d48ca085103a2112eee4654c5bc3cbe43f81882d9f0f49e1538577133ae75,"[19432, 2918, 25, 362, 6162, 3364, 429, 30769, 279, 11051, 62515, 1632, 13, 10294, 23361, 3819, 25]","[19432, 2918, 25, 1527, 9690, 9144, 369, 11785, 5700, 315, 279, 1042, 13, 10294, 23361, 3819, 25]",17,17,True,A cop story that understands the medium amazingly well.,An instant candidate for worst movie of the year.,tigges,True
sst_tigges_pythia_correct_test,39,sst-8465,sst-199,0,1,Review Text: An instant candidate for worst movie of the year. Review Sentiment:,Review Text: A cop story that understands the medium amazingly well. Review Sentiment:,'Review Text: An instant candidate for worst movie of the year. Review Sentiment:','Review Text: A cop story that understands the medium amazingly well. Review Sentiment:',52657669657720546578743a20416e20696e7374616e742063616e64696461746520666f7220776f727374206d6f766965206f662074686520796561722e205265766965772053656e74696d656e743a,52657669657720546578743a204120636f702073746f7279207468617420756e6465727374616e647320746865206d656469756d20616d617a696e676c792077656c6c2e205265766965772053656e74696d656e743a,8b2d48ca085103a2112eee4654c5bc3cbe43f81882d9f0f49e1538577133ae75,1cab1f1fb3fafb17956e4dfdc2066ee5178b7ab4bfe2c9e0884c66b5b8391da1,"[19432, 2918, 25, 1527, 9690, 9144, 369, 11785, 5700, 315, 279, 1042, 13, 10294, 23361, 3819, 25]","[19432, 2918, 25, 362, 6162, 3364, 429, 30769, 279, 11051, 62515, 1632, 13, 10294, 23361, 3819, 25]",17,17,True,An instant candidate for worst movie of the year.,A cop story that understands the medium amazingly well.,tigges,True
sst_tigges_pythia_correct_test,40,sst-1095,sst-8856,1,0,"Review Text: Chicago is, in many ways, an admirable achievement. Review Sentiment:",Review Text: The movie quickly drags on becoming boring and predictable. Review Sentiment:,"'Review Text: Chicago is, in many ways, an admirable achievement. Review Sentiment:'",'Review Text: The movie quickly drags on becoming boring and predictable. Review Sentiment:',52657669657720546578743a204368696361676f2069732c20696e206d616e7920776179732c20616e2061646d697261626c6520616368696576656d656e742e205265766965772053656e74696d656e743a,52657669657720546578743a20546865206d6f76696520717569636b6c79206472616773206f6e206265636f6d696e6720626f72696e6720616e64207072656469637461626c652e205265766965772053656e74696d656e743a,a7c3e10e6a65ff1a4468eef05aad0080a40ff689b320bebe4fae5560713b4c79,83ffee550bf0603b2ef7d28efe7fb513801ce320e7c5bfed53474466f8c4985c,"[19432, 2918, 25, 10557, 374, 11, 304, 1657, 5510, 11, 458, 84584, 25426, 13, 10294, 23361, 3819, 25]","[19432, 2918, 25, 576, 5700, 6157, 1353, 2032, 389, 10454, 27759, 323, 44107, 13, 10294, 23361, 3819, 25]",18,18,True,"Chicago is, in many ways, an admirable achievement.",The movie quickly drags on becoming boring and predictable.,tigges,True
sst_tigges_pythia_correct_test,41,sst-8856,sst-1095,0,1,Review Text: The movie quickly drags on becoming boring and predictable. Review Sentiment:,"Review Text: Chicago is, in many ways, an admirable achievement. Review Sentiment:",'Review Text: The movie quickly drags on becoming boring and predictable. Review Sentiment:',"'Review Text: Chicago is, in many ways, an admirable achievement. Review Sentiment:'",52657669657720546578743a20546865206d6f76696520717569636b6c79206472616773206f6e206265636f6d696e6720626f72696e6720616e64207072656469637461626c652e205265766965772053656e74696d656e743a,52657669657720546578743a204368696361676f2069732c20696e206d616e7920776179732c20616e2061646d697261626c6520616368696576656d656e742e205265766965772053656e74696d656e743a,83ffee550bf0603b2ef7d28efe7fb513801ce320e7c5bfed53474466f8c4985c,a7c3e10e6a65ff1a4468eef05aad0080a40ff689b320bebe4fae5560713b4c79,"[19432, 2918, 25, 576, 5700, 6157, 1353, 2032, 389, 10454, 27759, 323, 44107, 13, 10294, 23361, 3819, 25]","[19432, 2918, 25, 10557, 374, 11, 304, 1657, 5510, 11, 458, 84584, 25426, 13, 10294, 23361, 3819, 25]",18,18,True,The movie quickly drags on becoming boring and predictable.,"Chicago is, in many ways, an admirable achievement.",tigges,True
sst_tigges_pythia_correct_test,42,sst-1041,sst-8513,1,0,Review Text: Impresses you with its open-endedness and surprises. Review Sentiment:,"Review Text: A trashy, exploitative, thoroughly unpleasant experience. Review Sentiment:",'Review Text: Impresses you with its open-endedness and surprises. Review Sentiment:',"'Review Text: A trashy, exploitative, thoroughly unpleasant experience. Review Sentiment:'",52657669657720546578743a20496d7072657373657320796f75207769746820697473206f70656e2d656e6465646e65737320616e64207375727072697365732e205265766965772053656e74696d656e743a,52657669657720546578743a2041207472617368792c206578706c6f697461746976652c2074686f726f7567686c7920756e706c656173616e7420657870657269656e63652e205265766965772053656e74696d656e743a,057db93183e98816fb1bf4202913cfc8c63592929491fb28bb0c089035a0f1fd,bf9244dbc71c23edaf33a7a672d1db7234cd593c723aa44aa90f862decf73ac2,"[19432, 2918, 25, 14390, 43257, 498, 448, 1181, 1787, 83075, 2090, 323, 45440, 13, 10294, 23361, 3819, 25]","[19432, 2918, 25, 362, 22854, 88, 11, 7532, 21312, 11, 26364, 46889, 3139, 13, 10294, 23361, 3819, 25]",18,18,True,Impresses you with its open-endedness and surprises.,"A trashy, exploitative, thoroughly unpleasant experience.",tigges,True
sst_tigges_pythia_correct_test,43,sst-8513,sst-1041,0,1,"Review Text: A trashy, exploitative, thoroughly unpleasant experience. Review Sentiment:",Review Text: Impresses you with its open-endedness and surprises. Review Sentiment:,"'Review Text: A trashy, exploitative, thoroughly unpleasant experience. Review Sentiment:'",'Review Text: Impresses you with its open-endedness and surprises. Review Sentiment:',52657669657720546578743a2041207472617368792c206578706c6f697461746976652c2074686f726f7567686c7920756e706c656173616e7420657870657269656e63652e205265766965772053656e74696d656e743a,52657669657720546578743a20496d7072657373657320796f75207769746820697473206f70656e2d656e6465646e65737320616e64207375727072697365732e205265766965772053656e74696d656e743a,bf9244dbc71c23edaf33a7a672d1db7234cd593c723aa44aa90f862decf73ac2,057db93183e98816fb1bf4202913cfc8c63592929491fb28bb0c089035a0f1fd,"[19432, 2918, 25, 362, 22854, 88, 11, 7532, 21312, 11, 26364, 46889, 3139, 13, 10294, 23361, 3819, 25]","[19432, 2918, 25, 14390, 43257, 498, 448, 1181, 1787, 83075, 2090, 323, 45440, 13, 10294, 23361, 3819, 25]",18,18,True,"A trashy, exploitative, thoroughly unpleasant experience.",Impresses you with its open-endedness and surprises.,tigges,True
sst_tigges_pythia_correct_test,44,sst-242,sst-8169,1,0,Review Text: This is one of Polanski's best films. Review Sentiment:,Review Text: Neither funny nor suspenseful nor particularly well-drawn. Review Sentiment:,"""Review Text: This is one of Polanski's best films. Review Sentiment:""",'Review Text: Neither funny nor suspenseful nor particularly well-drawn. Review Sentiment:',52657669657720546578743a2054686973206973206f6e65206f6620506f6c616e736b69277320626573742066696c6d732e205265766965772053656e74696d656e743a,52657669657720546578743a204e6569746865722066756e6e79206e6f722073757370656e736566756c206e6f7220706172746963756c61726c792077656c6c2d647261776e2e205265766965772053656e74696d656e743a,c6217ffa3012801c3dcb91ca8cb63b8341a19d9bc700eca04b054fbd38187271,af0b47987496ac2f148be97a4883e7162b445eaaeb9af112a98eb04a3edbcea6,"[19432, 2918, 25, 1096, 374, 825, 315, 3651, 596, 6642, 594, 1850, 12351, 13, 10294, 23361, 3819, 25]","[19432, 2918, 25, 24233, 15173, 6329, 71830, 1262, 6329, 7945, 1632, 1737, 67568, 13, 10294, 23361, 3819, 25]",18,18,True,This is one of Polanski's best films.,Neither funny nor suspenseful nor particularly well-drawn.,tigges,True
sst_tigges_pythia_correct_test,45,sst-8169,sst-242,0,1,Review Text: Neither funny nor suspenseful nor particularly well-drawn. Review Sentiment:,Review Text: This is one of Polanski's best films. Review Sentiment:,'Review Text: Neither funny nor suspenseful nor particularly well-drawn. Review Sentiment:',"""Review Text: This is one of Polanski's best films. Review Sentiment:""",52657669657720546578743a204e6569746865722066756e6e79206e6f722073757370656e736566756c206e6f7220706172746963756c61726c792077656c6c2d647261776e2e205265766965772053656e74696d656e743a,52657669657720546578743a2054686973206973206f6e65206f6620506f6c616e736b69277320626573742066696c6d732e205265766965772053656e74696d656e743a,af0b47987496ac2f148be97a4883e7162b445eaaeb9af112a98eb04a3edbcea6,c6217ffa3012801c3dcb91ca8cb63b8341a19d9bc700eca04b054fbd38187271,"[19432, 2918, 25, 24233, 15173, 6329, 71830, 1262, 6329, 7945, 1632, 1737, 67568, 13, 10294, 23361, 3819, 25]","[19432, 2918, 25, 1096, 374, 825, 315, 3651, 596, 6642, 594, 1850, 12351, 13, 10294, 23361, 3819, 25]",18,18,True,Neither funny nor suspenseful nor particularly well-drawn.,This is one of Polanski's best films.,tigges,True
sst_tigges_pythia_correct_test,46,sst-447,sst-8288,1,0,Review Text: ... a polished and relatively sincere piece of escapism. Review Sentiment:,Review Text: Mocking them now is an exercise in pointlessness. Review Sentiment:,'Review Text: ... a polished and relatively sincere piece of escapism. Review Sentiment:','Review Text: Mocking them now is an exercise in pointlessness. Review Sentiment:',52657669657720546578743a202e2e2e206120706f6c697368656420616e642072656c61746976656c792073696e63657265207069656365206f6620657363617069736d2e205265766965772053656e74696d656e743a,52657669657720546578743a204d6f636b696e67207468656d206e6f7720697320616e20657865726369736520696e20706f696e746c6573736e6573732e205265766965772053656e74696d656e743a,ed8800a408e5178844c217eaecf1ba0f5686ccb32beb2cf9a26b5b491f1a84f9,a21e76ef40093d142a29fc640065ac9391e0763d139b85892b9b2b8111730c8e,"[19432, 2918, 25, 2503, 264, 43361, 323, 12040, 48324, 6573, 315, 88784, 2142, 13, 10294, 23361, 3819, 25]","[19432, 2918, 25, 14563, 287, 1105, 1431, 374, 458, 10158, 304, 1459, 31928, 13, 10294, 23361, 3819, 25]",18,18,True,... a polished and relatively sincere piece of escapism.,Mocking them now is an exercise in pointlessness.,tigges,True
sst_tigges_pythia_correct_test,47,sst-8288,sst-447,0,1,Review Text: Mocking them now is an exercise in pointlessness. Review Sentiment:,Review Text: ... a polished and relatively sincere piece of escapism. Review Sentiment:,'Review Text: Mocking them now is an exercise in pointlessness. Review Sentiment:','Review Text: ... a polished and relatively sincere piece of escapism. Review Sentiment:',52657669657720546578743a204d6f636b696e67207468656d206e6f7720697320616e20657865726369736520696e20706f696e746c6573736e6573732e205265766965772053656e74696d656e743a,52657669657720546578743a202e2e2e206120706f6c697368656420616e642072656c61746976656c792073696e63657265207069656365206f6620657363617069736d2e205265766965772053656e74696d656e743a,a21e76ef40093d142a29fc640065ac9391e0763d139b85892b9b2b8111730c8e,ed8800a408e5178844c217eaecf1ba0f5686ccb32beb2cf9a26b5b491f1a84f9,"[19432, 2918, 25, 14563, 287, 1105, 1431, 374, 458, 10158, 304, 1459, 31928, 13, 10294, 23361, 3819, 25]","[19432, 2918, 25, 2503, 264, 43361, 323, 12040, 48324, 6573, 315, 88784, 2142, 13, 10294, 23361, 3819, 25]",18,18,True,Mocking them now is an exercise in pointlessness.,... a polished and relatively sincere piece of escapism.,tigges,True
sst_tigges_pythia_correct_test,48,sst-874,sst-8297,1,0,Review Text: There isn't a weak or careless performance amongst them. Review Sentiment:,Review Text: Credibility sinks into a mire of sentiment. Review Sentiment:,"""Review Text: There isn't a weak or careless performance amongst them. Review Sentiment:""",'Review Text: Credibility sinks into a mire of sentiment. Review Sentiment:',52657669657720546578743a2054686572652069736e27742061207765616b206f7220636172656c65737320706572666f726d616e636520616d6f6e677374207468656d2e205265766965772053656e74696d656e743a,52657669657720546578743a20437265646962696c6974792073696e6b7320696e746f2061206d697265206f662073656e74696d656e742e205265766965772053656e74696d656e743a,4c24406c0221332f203ad1559d58efacca4c9db6010498ef16fbd32f457fbeab,7ec108f3017d1ee0a83c81fe9f8d5063210023386df8c71365b3d27e83be1579,"[19432, 2918, 25, 2619, 4436, 944, 264, 7469, 476, 83734, 5068, 23183, 1105, 13, 10294, 23361, 3819, 25]","[19432, 2918, 25, 356, 1151, 3147, 56952, 1119, 264, 296, 554, 315, 25975, 13, 10294, 23361, 3819, 25]",18,18,True,There isn't a weak or careless performance amongst them.,Credibility sinks into a mire of sentiment.,tigges,True
sst_tigges_pythia_correct_test,49,sst-8297,sst-874,0,1,Review Text: Credibility sinks into a mire of sentiment. Review Sentiment:,Review Text: There isn't a weak or careless performance amongst them. Review Sentiment:,'Review Text: Credibility sinks into a mire of sentiment. Review Sentiment:',"""Review Text: There isn't a weak or careless performance amongst them. Review Sentiment:""",52657669657720546578743a20437265646962696c6974792073696e6b7320696e746f2061206d697265206f662073656e74696d656e742e205265766965772053656e74696d656e743a,52657669657720546578743a2054686572652069736e27742061207765616b206f7220636172656c65737320706572666f726d616e636520616d6f6e677374207468656d2e205265766965772053656e74696d656e743a,7ec108f3017d1ee0a83c81fe9f8d5063210023386df8c71365b3d27e83be1579,4c24406c0221332f203ad1559d58efacca4c9db6010498ef16fbd32f457fbeab,"[19432, 2918, 25, 356, 1151, 3147, 56952, 1119, 264, 296, 554, 315, 25975, 13, 10294, 23361, 3819, 25]","[19432, 2918, 25, 2619, 4436, 944, 264, 7469, 476, 83734, 5068, 23183, 1105, 13, 10294, 23361, 3819, 25]",18,18,True,Credibility sinks into a mire of sentiment.,There isn't a weak or careless performance amongst them.,tigges,True
sst_tigges_pythia_correct_test,50,sst-27,sst-8296,1,0,"Review Text: Occasionally melodramatic, it's also extremely effective. Review Sentiment:","Review Text: When the plot kicks in, the film loses credibility. Review Sentiment:","""Review Text: Occasionally melodramatic, it's also extremely effective. Review Sentiment:""","'Review Text: When the plot kicks in, the film loses credibility. Review Sentiment:'",52657669657720546578743a204f63636173696f6e616c6c79206d656c6f6472616d617469632c206974277320616c736f2065787472656d656c79206566666563746976652e205265766965772053656e74696d656e743a,52657669657720546578743a205768656e2074686520706c6f74206b69636b7320696e2c207468652066696c6d206c6f73657320637265646962696c6974792e205265766965772053656e74696d656e743a,a7e4d7f69363206f66955cf36bac81f7316477a5b097ddd564ddbeac409ab1bc,41b64bd2ee806f599aef30db89e7c22ea6cfb1ba3f29d8e11f2583d6e06cbe83,"[19432, 2918, 25, 88326, 96274, 2396, 774, 11, 432, 594, 1083, 9016, 7373, 13, 10294, 23361, 3819, 25]","[19432, 2918, 25, 3197, 279, 7089, 36250, 304, 11, 279, 4531, 32191, 37669, 13, 10294, 23361, 3819, 25]",18,18,True,"Occasionally melodramatic, it's also extremely effective.","When the plot kicks in, the film loses credibility.",tigges,True
sst_tigges_pythia_correct_test,51,sst-8296,sst-27,0,1,"Review Text: When the plot kicks in, the film loses credibility. Review Sentiment:","Review Text: Occasionally melodramatic, it's also extremely effective. Review Sentiment:","'Review Text: When the plot kicks in, the film loses credibility. Review Sentiment:'","""Review Text: Occasionally melodramatic, it's also extremely effective. Review Sentiment:""",52657669657720546578743a205768656e2074686520706c6f74206b69636b7320696e2c207468652066696c6d206c6f73657320637265646962696c6974792e205265766965772053656e74696d656e743a,52657669657720546578743a204f63636173696f6e616c6c79206d656c6f6472616d617469632c206974277320616c736f2065787472656d656c79206566666563746976652e205265766965772053656e74696d656e743a,41b64bd2ee806f599aef30db89e7c22ea6cfb1ba3f29d8e11f2583d6e06cbe83,a7e4d7f69363206f66955cf36bac81f7316477a5b097ddd564ddbeac409ab1bc,"[19432, 2918, 25, 3197, 279, 7089, 36250, 304, 11, 279, 4531, 32191, 37669, 13, 10294, 23361, 3819, 25]","[19432, 2918, 25, 88326, 96274, 2396, 774, 11, 432, 594, 1083, 9016, 7373, 13, 10294, 23361, 3819, 25]",18,18,True,"When the plot kicks in, the film loses credibility.","Occasionally melodramatic, it's also extremely effective.",tigges,True
sst_tigges_pythia_correct_test,52,sst-829,sst-8273,1,0,Review Text: it's a worthwhile tutorial in quantum physics and slash-dash Review Sentiment:,"Review Text: Scotland, Pa. is a strangely drab romp. Review Sentiment:","""Review Text: it's a worthwhile tutorial in quantum physics and slash-dash Review Sentiment:""","'Review Text: Scotland, Pa. is a strangely drab romp. Review Sentiment:'",52657669657720546578743a2069742773206120776f7274687768696c65207475746f7269616c20696e207175616e74756d207068797369637320616e6420736c6173682d64617368205265766965772053656e74696d656e743a,52657669657720546578743a2053636f746c616e642c2050612e206973206120737472616e67656c79206472616220726f6d702e205265766965772053656e74696d656e743a,0a2466659e034383cce57eb83da368b7b172badfffedf27aea657c37f9746e3f,a94f982a655c38d7f3ddb80377c71201c15f45a5dfc5c0ce48accec178c6299c,"[19432, 2918, 25, 432, 594, 264, 47676, 21514, 304, 30128, 21321, 323, 36626, 1737, 988, 10294, 23361, 3819, 25]","[19432, 2918, 25, 19085, 11, 15681, 13, 374, 264, 69606, 1353, 370, 9882, 79, 13, 10294, 23361, 3819, 25]",19,19,True,it's a worthwhile tutorial in quantum physics and slash-dash,"Scotland, Pa. is a strangely drab romp.",tigges,True
sst_tigges_pythia_correct_test,53,sst-8273,sst-829,0,1,"Review Text: Scotland, Pa. is a strangely drab romp. Review Sentiment:",Review Text: it's a worthwhile tutorial in quantum physics and slash-dash Review Sentiment:,"'Review Text: Scotland, Pa. is a strangely drab romp. Review Sentiment:'","""Review Text: it's a worthwhile tutorial in quantum physics and slash-dash Review Sentiment:""",52657669657720546578743a2053636f746c616e642c2050612e206973206120737472616e67656c79206472616220726f6d702e205265766965772053656e74696d656e743a,52657669657720546578743a2069742773206120776f7274687768696c65207475746f7269616c20696e207175616e74756d207068797369637320616e6420736c6173682d64617368205265766965772053656e74696d656e743a,a94f982a655c38d7f3ddb80377c71201c15f45a5dfc5c0ce48accec178c6299c,0a2466659e034383cce57eb83da368b7b172badfffedf27aea657c37f9746e3f,"[19432, 2918, 25, 19085, 11, 15681, 13, 374, 264, 69606, 1353, 370, 9882, 79, 13, 10294, 23361, 3819, 25]","[19432, 2918, 25, 432, 594, 264, 47676, 21514, 304, 30128, 21321, 323, 36626, 1737, 988, 10294, 23361, 3819, 25]",19,19,True,"Scotland, Pa. is a strangely drab romp.",it's a worthwhile tutorial in quantum physics and slash-dash,tigges,True
sst_tigges_pythia_correct_test,54,sst-8744,sst-8707,1,0,"Review Text: This kind of dark comedy requires a delicate, surgical touch. Review Sentiment:",Review Text: There is not an ounce of honesty in the entire production. Review Sentiment:,"'Review Text: This kind of dark comedy requires a delicate, surgical touch. Review Sentiment:'",'Review Text: There is not an ounce of honesty in the entire production. Review Sentiment:',52657669657720546578743a2054686973206b696e64206f66206461726b20636f6d65647920726571756972657320612064656c69636174652c20737572676963616c20746f7563682e205265766965772053656e74696d656e743a,52657669657720546578743a205468657265206973206e6f7420616e206f756e6365206f6620686f6e6573747920696e2074686520656e746972652070726f64756374696f6e2e205265766965772053656e74696d656e743a,b9b63ebba881981507be69855b83be52baad92c2a36462f5450c54104344c5a2,9821be6c4eb9f3871d2bbe6be3d1812d22223552f0989778889d44384888ff97,"[19432, 2918, 25, 1096, 3093, 315, 6319, 22358, 7460, 264, 35201, 11, 33833, 5796, 13, 10294, 23361, 3819, 25]","[19432, 2918, 25, 2619, 374, 537, 458, 53708, 315, 47848, 304, 279, 4453, 5670, 13, 10294, 23361, 3819, 25]",19,19,True,"This kind of dark comedy requires a delicate, surgical touch.",There is not an ounce of honesty in the entire production.,tigges,True
sst_tigges_pythia_correct_test,55,sst-8707,sst-8744,0,1,Review Text: There is not an ounce of honesty in the entire production. Review Sentiment:,"Review Text: This kind of dark comedy requires a delicate, surgical touch. Review Sentiment:",'Review Text: There is not an ounce of honesty in the entire production. Review Sentiment:',"'Review Text: This kind of dark comedy requires a delicate, surgical touch. Review Sentiment:'",52657669657720546578743a205468657265206973206e6f7420616e206f756e6365206f6620686f6e6573747920696e2074686520656e746972652070726f64756374696f6e2e205265766965772053656e74696d656e743a,52657669657720546578743a2054686973206b696e64206f66206461726b20636f6d65647920726571756972657320612064656c69636174652c20737572676963616c20746f7563682e205265766965772053656e74696d656e743a,9821be6c4eb9f3871d2bbe6be3d1812d22223552f0989778889d44384888ff97,b9b63ebba881981507be69855b83be52baad92c2a36462f5450c54104344c5a2,"[19432, 2918, 25, 2619, 374, 537, 458, 53708, 315, 47848, 304, 279, 4453, 5670, 13, 10294, 23361, 3819, 25]","[19432, 2918, 25, 1096, 3093, 315, 6319, 22358, 7460, 264, 35201, 11, 33833, 5796, 13, 10294, 23361, 3819, 25]",19,19,True,There is not an ounce of honesty in the entire production.,"This kind of dark comedy requires a delicate, surgical touch.",tigges,True
sst_tigges_pythia_correct_test,56,sst-922,sst-8206,1,0,"Review Text: An elegant, exquisitely modulated psychological thriller. Review Sentiment:",Review Text: A didactic and dull documentary glorifying software anarchy. Review Sentiment:,"'Review Text: An elegant, exquisitely modulated psychological thriller. Review Sentiment:'",'Review Text: A didactic and dull documentary glorifying software anarchy. Review Sentiment:',52657669657720546578743a20416e20656c6567616e742c206578717569736974656c79206d6f64756c617465642070737963686f6c6f676963616c20746872696c6c65722e205265766965772053656e74696d656e743a,52657669657720546578743a204120646964616374696320616e642064756c6c20646f63756d656e7461727920676c6f72696679696e6720736f66747761726520616e61726368792e205265766965772053656e74696d656e743a,b9d8649dd449b3eec549500c6cd33c71e1ce77969fc461dc4b23b725a9388407,3ab2c073825ebe695821253c2602eb2c7ff41634cec001ecb370cb4e717c4431,"[19432, 2918, 25, 1527, 25777, 11, 505, 9202, 275, 974, 1463, 7757, 23187, 53361, 13, 10294, 23361, 3819, 25]","[19432, 2918, 25, 362, 1521, 23170, 323, 40530, 24954, 57035, 7766, 3162, 458, 15272, 13, 10294, 23361, 3819, 25]",19,19,True,"An elegant, exquisitely modulated psychological thriller.",A didactic and dull documentary glorifying software anarchy.,tigges,True
sst_tigges_pythia_correct_test,57,sst-8206,sst-922,0,1,Review Text: A didactic and dull documentary glorifying software anarchy. Review Sentiment:,"Review Text: An elegant, exquisitely modulated psychological thriller. Review Sentiment:",'Review Text: A didactic and dull documentary glorifying software anarchy. Review Sentiment:',"'Review Text: An elegant, exquisitely modulated psychological thriller. Review Sentiment:'",52657669657720546578743a204120646964616374696320616e642064756c6c20646f63756d656e7461727920676c6f72696679696e6720736f66747761726520616e61726368792e205265766965772053656e74696d656e743a,52657669657720546578743a20416e20656c6567616e742c206578717569736974656c79206d6f64756c617465642070737963686f6c6f676963616c20746872696c6c65722e205265766965772053656e74696d656e743a,3ab2c073825ebe695821253c2602eb2c7ff41634cec001ecb370cb4e717c4431,b9d8649dd449b3eec549500c6cd33c71e1ce77969fc461dc4b23b725a9388407,"[19432, 2918, 25, 362, 1521, 23170, 323, 40530, 24954, 57035, 7766, 3162, 458, 15272, 13, 10294, 23361, 3819, 25]","[19432, 2918, 25, 1527, 25777, 11, 505, 9202, 275, 974, 1463, 7757, 23187, 53361, 13, 10294, 23361, 3819, 25]",19,19,True,A didactic and dull documentary glorifying software anarchy.,"An elegant, exquisitely modulated psychological thriller.",tigges,True
sst_tigges_pythia_correct_test,58,sst-51,sst-8578,1,0,Review Text: Tender yet lacerating and darkly funny fable. Review Sentiment:,Review Text: Heavy-handed exercise in time-vaulting literary pretension. Review Sentiment:,'Review Text: Tender yet lacerating and darkly funny fable. Review Sentiment:','Review Text: Heavy-handed exercise in time-vaulting literary pretension. Review Sentiment:',52657669657720546578743a2054656e64657220796574206c616365726174696e6720616e64206461726b6c792066756e6e79206661626c652e205265766965772053656e74696d656e743a,52657669657720546578743a2048656176792d68616e64656420657865726369736520696e2074696d652d7661756c74696e67206c697465726172792070726574656e73696f6e2e205265766965772053656e74696d656e743a,19a5e0d3f35195237eafc7a53fac18a51e3495d30974da5736a85de6155c79de,312d73b862600205be6421ebe9dc3604438e6bcc4cafb1a019443fcd7d89bd29,"[19432, 2918, 25, 93867, 3602, 326, 9584, 1095, 323, 6319, 398, 15173, 282, 480, 13, 10294, 23361, 3819, 25]","[19432, 2918, 25, 28101, 36140, 10158, 304, 882, 8273, 945, 287, 31365, 4410, 2645, 13, 10294, 23361, 3819, 25]",19,19,True,Tender yet lacerating and darkly funny fable.,Heavy-handed exercise in time-vaulting literary pretension.,tigges,True
sst_tigges_pythia_correct_test,59,sst-8578,sst-51,0,1,Review Text: Heavy-handed exercise in time-vaulting literary pretension. Review Sentiment:,Review Text: Tender yet lacerating and darkly funny fable. Review Sentiment:,'Review Text: Heavy-handed exercise in time-vaulting literary pretension. Review Sentiment:','Review Text: Tender yet lacerating and darkly funny fable. Review Sentiment:',52657669657720546578743a2048656176792d68616e64656420657865726369736520696e2074696d652d7661756c74696e67206c697465726172792070726574656e73696f6e2e205265766965772053656e74696d656e743a,52657669657720546578743a2054656e64657220796574206c616365726174696e6720616e64206461726b6c792066756e6e79206661626c652e205265766965772053656e74696d656e743a,312d73b862600205be6421ebe9dc3604438e6bcc4cafb1a019443fcd7d89bd29,19a5e0d3f35195237eafc7a53fac18a51e3495d30974da5736a85de6155c79de,"[19432, 2918, 25, 28101, 36140, 10158, 304, 882, 8273, 945, 287, 31365, 4410, 2645, 13, 10294, 23361, 3819, 25]","[19432, 2918, 25, 93867, 3602, 326, 9584, 1095, 323, 6319, 398, 15173, 282, 480, 13, 10294, 23361, 3819, 25]",19,19,True,Heavy-handed exercise in time-vaulting literary pretension.,Tender yet lacerating and darkly funny fable.,tigges,True
sst_tigges_pythia_correct_test,60,sst-441,sst-8436,1,0,Review Text: The movie has an avalanche of eye-popping visual effects. Review Sentiment:,"Review Text: Even as lame horror flicks go, this is lame. Review Sentiment:",'Review Text: The movie has an avalanche of eye-popping visual effects. Review Sentiment:',"'Review Text: Even as lame horror flicks go, this is lame. Review Sentiment:'",52657669657720546578743a20546865206d6f7669652068617320616e206176616c616e636865206f66206579652d706f7070696e672076697375616c20656666656374732e205265766965772053656e74696d656e743a,52657669657720546578743a204576656e206173206c616d6520686f72726f7220666c69636b7320676f2c2074686973206973206c616d652e205265766965772053656e74696d656e743a,754c5b9fce73ddd69ee67a355974710da24b74809584daf0256f71fb05a5c209,c0e471e1a3f79bfd3dd1f637d45e727558e5aff1e8716d6ec58bd449ee454754,"[19432, 2918, 25, 576, 5700, 702, 458, 95594, 315, 7912, 2268, 7008, 9124, 6239, 13, 10294, 23361, 3819, 25]","[19432, 2918, 25, 7418, 438, 60883, 21452, 28347, 82, 728, 11, 419, 374, 60883, 13, 10294, 23361, 3819, 25]",19,19,True,The movie has an avalanche of eye-popping visual effects.,"Even as lame horror flicks go, this is lame.",tigges,True
sst_tigges_pythia_correct_test,61,sst-8436,sst-441,0,1,"Review Text: Even as lame horror flicks go, this is lame. Review Sentiment:",Review Text: The movie has an avalanche of eye-popping visual effects. Review Sentiment:,"'Review Text: Even as lame horror flicks go, this is lame. Review Sentiment:'",'Review Text: The movie has an avalanche of eye-popping visual effects. Review Sentiment:',52657669657720546578743a204576656e206173206c616d6520686f72726f7220666c69636b7320676f2c2074686973206973206c616d652e205265766965772053656e74696d656e743a,52657669657720546578743a20546865206d6f7669652068617320616e206176616c616e636865206f66206579652d706f7070696e672076697375616c20656666656374732e205265766965772053656e74696d656e743a,c0e471e1a3f79bfd3dd1f637d45e727558e5aff1e8716d6ec58bd449ee454754,754c5b9fce73ddd69ee67a355974710da24b74809584daf0256f71fb05a5c209,"[19432, 2918, 25, 7418, 438, 60883, 21452, 28347, 82, 728, 11, 419, 374, 60883, 13, 10294, 23361, 3819, 25]","[19432, 2918, 25, 576, 5700, 702, 458, 95594, 315, 7912, 2268, 7008, 9124, 6239, 13, 10294, 23361, 3819, 25]",19,19,True,"Even as lame horror flicks go, this is lame.",The movie has an avalanche of eye-popping visual effects.,tigges,True
sst_tigges_pythia_correct_test,62,sst-8644,sst-8318,1,0,Review Text: Despite some gulps the film is a fuzzy huggy. Review Sentiment:,"Review Text: Still, this thing feels flimsy and ephemeral. Review Sentiment:",'Review Text: Despite some gulps the film is a fuzzy huggy. Review Sentiment:',"'Review Text: Still, this thing feels flimsy and ephemeral. Review Sentiment:'",52657669657720546578743a204465737069746520736f6d652067756c7073207468652066696c6d20697320612066757a7a792068756767792e205265766965772053656e74696d656e743a,52657669657720546578743a205374696c6c2c2074686973207468696e67206665656c7320666c696d737920616e6420657068656d6572616c2e205265766965772053656e74696d656e743a,4a71cfd227b3acaf5ec7826704c1f783cc6d033e024f2272474c03d0fe132984,de1a9157d9c9aa1e699b5354ef44bdf6e4c5a81f94c70d70d8e81fc188a1023e,"[19432, 2918, 25, 17715, 1045, 90270, 1690, 279, 4531, 374, 264, 52733, 305, 60232, 13, 10294, 23361, 3819, 25]","[19432, 2918, 25, 16377, 11, 419, 3166, 11074, 1320, 5742, 88, 323, 82134, 3253, 13, 10294, 23361, 3819, 25]",19,19,True,Despite some gulps the film is a fuzzy huggy.,"Still, this thing feels flimsy and ephemeral.",tigges,True
sst_tigges_pythia_correct_test,63,sst-8318,sst-8644,0,1,"Review Text: Still, this thing feels flimsy and ephemeral. Review Sentiment:",Review Text: Despite some gulps the film is a fuzzy huggy. Review Sentiment:,"'Review Text: Still, this thing feels flimsy and ephemeral. Review Sentiment:'",'Review Text: Despite some gulps the film is a fuzzy huggy. Review Sentiment:',52657669657720546578743a205374696c6c2c2074686973207468696e67206665656c7320666c696d737920616e6420657068656d6572616c2e205265766965772053656e74696d656e743a,52657669657720546578743a204465737069746520736f6d652067756c7073207468652066696c6d20697320612066757a7a792068756767792e205265766965772053656e74696d656e743a,de1a9157d9c9aa1e699b5354ef44bdf6e4c5a81f94c70d70d8e81fc188a1023e,4a71cfd227b3acaf5ec7826704c1f783cc6d033e024f2272474c03d0fe132984,"[19432, 2918, 25, 16377, 11, 419, 3166, 11074, 1320, 5742, 88, 323, 82134, 3253, 13, 10294, 23361, 3819, 25]","[19432, 2918, 25, 17715, 1045, 90270, 1690, 279, 4531, 374, 264, 52733, 305, 60232, 13, 10294, 23361, 3819, 25]",19,19,True,"Still, this thing feels flimsy and ephemeral.",Despite some gulps the film is a fuzzy huggy.,tigges,True
sst_tigges_pythia_correct_test,64,sst-643,sst-8508,1,0,"Review Text: very solid, very watchable first feature for director Peter Sheridan Review Sentiment:",Review Text: Flaccid drama and exasperatingly slow journey. Review Sentiment:,"'Review Text: very solid, very watchable first feature for director Peter Sheridan Review Sentiment:'",'Review Text: Flaccid drama and exasperatingly slow journey. Review Sentiment:',52657669657720546578743a207665727920736f6c69642c207665727920776174636861626c65206669727374206665617475726520666f72206469726563746f7220506574657220536865726964616e205265766965772053656e74696d656e743a,52657669657720546578743a20466c6163636964206472616d6120616e6420657861737065726174696e676c7920736c6f77206a6f75726e65792e205265766965772053656e74696d656e743a,d6321c8b9e47fdd517e350322d7ee02b6dc27eff7a6f01c46713e286ef7520ba,2f2e3016174fc7d66f04def3cfc6ac0fc04f4ef7e5336e12cec1bf19c9c81f92,"[19432, 2918, 25, 1602, 6437, 11, 1602, 3736, 480, 1156, 4565, 369, 7538, 11044, 94123, 10294, 23361, 3819, 25]","[19432, 2918, 25, 2988, 4475, 307, 19584, 323, 505, 32261, 1095, 398, 6301, 11618, 13, 10294, 23361, 3819, 25]",19,19,True,"very solid, very watchable first feature for director Peter Sheridan",Flaccid drama and exasperatingly slow journey.,tigges,True
sst_tigges_pythia_correct_test,65,sst-8508,sst-643,0,1,Review Text: Flaccid drama and exasperatingly slow journey. Review Sentiment:,"Review Text: very solid, very watchable first feature for director Peter Sheridan Review Sentiment:",'Review Text: Flaccid drama and exasperatingly slow journey. Review Sentiment:',"'Review Text: very solid, very watchable first feature for director Peter Sheridan Review Sentiment:'",52657669657720546578743a20466c6163636964206472616d6120616e6420657861737065726174696e676c7920736c6f77206a6f75726e65792e205265766965772053656e74696d656e743a,52657669657720546578743a207665727920736f6c69642c207665727920776174636861626c65206669727374206665617475726520666f72206469726563746f7220506574657220536865726964616e205265766965772053656e74696d656e743a,2f2e3016174fc7d66f04def3cfc6ac0fc04f4ef7e5336e12cec1bf19c9c81f92,d6321c8b9e47fdd517e350322d7ee02b6dc27eff7a6f01c46713e286ef7520ba,"[19432, 2918, 25, 2988, 4475, 307, 19584, 323, 505, 32261, 1095, 398, 6301, 11618, 13, 10294, 23361, 3819, 25]","[19432, 2918, 25, 1602, 6437, 11, 1602, 3736, 480, 1156, 4565, 369, 7538, 11044, 94123, 10294, 23361, 3819, 25]",19,19,True,Flaccid drama and exasperatingly slow journey.,"very solid, very watchable first feature for director Peter Sheridan",tigges,True
sst_tigges_pythia_correct_test,66,sst-963,sst-8455,1,0,Review Text: The movie exists for its soccer action and its fine acting. Review Sentiment:,Review Text: A frustrating combination of strained humor and heavy-handed sentimentality. Review Sentiment:,'Review Text: The movie exists for its soccer action and its fine acting. Review Sentiment:','Review Text: A frustrating combination of strained humor and heavy-handed sentimentality. Review Sentiment:',52657669657720546578743a20546865206d6f7669652065786973747320666f722069747320736f6363657220616374696f6e20616e64206974732066696e6520616374696e672e205265766965772053656e74696d656e743a,52657669657720546578743a2041206672757374726174696e6720636f6d62696e6174696f6e206f662073747261696e65642068756d6f7220616e642068656176792d68616e6465642073656e74696d656e74616c6974792e205265766965772053656e74696d656e743a,3a5fa1c2a2ba86ed6c54eee5645ceec1c4a8f033724b036515084361bb5fd889,3ed727849de87b61ea81020e1a5270c1304b7b1ca47690ffa6390fc8410719e9,"[19432, 2918, 25, 576, 5700, 6724, 369, 1181, 22174, 1917, 323, 1181, 6915, 15358, 13, 10294, 23361, 3819, 25]","[19432, 2918, 25, 362, 34611, 10601, 315, 72679, 27385, 323, 8811, 36140, 25975, 2719, 13, 10294, 23361, 3819, 25]",19,19,True,The movie exists for its soccer action and its fine acting.,A frustrating combination of strained humor and heavy-handed sentimentality.,tigges,True
sst_tigges_pythia_correct_test,67,sst-8455,sst-963,0,1,Review Text: A frustrating combination of strained humor and heavy-handed sentimentality. Review Sentiment:,Review Text: The movie exists for its soccer action and its fine acting. Review Sentiment:,'Review Text: A frustrating combination of strained humor and heavy-handed sentimentality. Review Sentiment:','Review Text: The movie exists for its soccer action and its fine acting. Review Sentiment:',52657669657720546578743a2041206672757374726174696e6720636f6d62696e6174696f6e206f662073747261696e65642068756d6f7220616e642068656176792d68616e6465642073656e74696d656e74616c6974792e205265766965772053656e74696d656e743a,52657669657720546578743a20546865206d6f7669652065786973747320666f722069747320736f6363657220616374696f6e20616e64206974732066696e6520616374696e672e205265766965772053656e74696d656e743a,3ed727849de87b61ea81020e1a5270c1304b7b1ca47690ffa6390fc8410719e9,3a5fa1c2a2ba86ed6c54eee5645ceec1c4a8f033724b036515084361bb5fd889,"[19432, 2918, 25, 362, 34611, 10601, 315, 72679, 27385, 323, 8811, 36140, 25975, 2719, 13, 10294, 23361, 3819, 25]","[19432, 2918, 25, 576, 5700, 6724, 369, 1181, 22174, 1917, 323, 1181, 6915, 15358, 13, 10294, 23361, 3819, 25]",19,19,True,A frustrating combination of strained humor and heavy-handed sentimentality.,The movie exists for its soccer action and its fine acting.,tigges,True
sst_tigges_pythia_correct_test,68,sst-556,sst-8187,1,0,"Review Text: A bowel-curdling, heart-stopping recipe for terror. Review Sentiment:","Review Text: Lacks heart, depth and, most of all, purpose. Review Sentiment:","'Review Text: A bowel-curdling, heart-stopping recipe for terror. Review Sentiment:'","'Review Text: Lacks heart, depth and, most of all, purpose. Review Sentiment:'",52657669657720546578743a204120626f77656c2d637572646c696e672c2068656172742d73746f7070696e672072656369706520666f7220746572726f722e205265766965772053656e74696d656e743a,52657669657720546578743a204c61636b732068656172742c20646570746820616e642c206d6f7374206f6620616c6c2c20707572706f73652e205265766965772053656e74696d656e743a,74e102912749bf0e28e2fe41b6ffd9f1a84b24c812af786bae18aee333aa6c2c,c792aafdad43dd6ca3b9a6023d9c25c8dd5ef893e9afcffa9d1fd908ad07b885,"[19432, 2918, 25, 362, 65258, 1786, 16081, 2718, 11, 4746, 5477, 7008, 11116, 369, 8648, 13, 10294, 23361, 3819, 25]","[19432, 2918, 25, 444, 7821, 4746, 11, 7990, 323, 11, 1429, 315, 678, 11, 7428, 13, 10294, 23361, 3819, 25]",20,20,True,"A bowel-curdling, heart-stopping recipe for terror.","Lacks heart, depth and, most of all, purpose.",tigges,True
sst_tigges_pythia_correct_test,69,sst-8187,sst-556,0,1,"Review Text: Lacks heart, depth and, most of all, purpose. Review Sentiment:","Review Text: A bowel-curdling, heart-stopping recipe for terror. Review Sentiment:","'Review Text: Lacks heart, depth and, most of all, purpose. Review Sentiment:'","'Review Text: A bowel-curdling, heart-stopping recipe for terror. Review Sentiment:'",52657669657720546578743a204c61636b732068656172742c20646570746820616e642c206d6f7374206f6620616c6c2c20707572706f73652e205265766965772053656e74696d656e743a,52657669657720546578743a204120626f77656c2d637572646c696e672c2068656172742d73746f7070696e672072656369706520666f7220746572726f722e205265766965772053656e74696d656e743a,c792aafdad43dd6ca3b9a6023d9c25c8dd5ef893e9afcffa9d1fd908ad07b885,74e102912749bf0e28e2fe41b6ffd9f1a84b24c812af786bae18aee333aa6c2c,"[19432, 2918, 25, 444, 7821, 4746, 11, 7990, 323, 11, 1429, 315, 678, 11, 7428, 13, 10294, 23361, 3819, 25]","[19432, 2918, 25, 362, 65258, 1786, 16081, 2718, 11, 4746, 5477, 7008, 11116, 369, 8648, 13, 10294, 23361, 3819, 25]",20,20,True,"Lacks heart, depth and, most of all, purpose.","A bowel-curdling, heart-stopping recipe for terror.",tigges,True
sst_tigges_pythia_correct_test,70,sst-56,sst-8021,1,0,Review Text: Hugh Grant and Sandra Bullock are two such likeable actors. Review Sentiment:,Review Text: A sermonizing and lifeless paean to teenage dullards. Review Sentiment:,'Review Text: Hugh Grant and Sandra Bullock are two such likeable actors. Review Sentiment:','Review Text: A sermonizing and lifeless paean to teenage dullards. Review Sentiment:',52657669657720546578743a2048756768204772616e7420616e642053616e6472612042756c6c6f636b206172652074776f2073756368206c696b6561626c65206163746f72732e205265766965772053656e74696d656e743a,52657669657720546578743a2041207365726d6f6e697a696e6720616e64206c6966656c65737320706165616e20746f207465656e6167652064756c6c617264732e205265766965772053656e74696d656e743a,a5ef20f0d296c516f681dc155c47a19e9d6397892fe0b3ca66e9ca4b9bdd3ecc,6ab559e6107d1675536ad05f54b45bac444e55dc0dd3c89ca0df6e574fe530e6,"[19432, 2918, 25, 29106, 23736, 323, 55686, 13497, 1023, 525, 1378, 1741, 1075, 480, 19571, 13, 10294, 23361, 3819, 25]","[19432, 2918, 25, 362, 75382, 4849, 323, 2272, 1717, 7106, 5307, 311, 33168, 40530, 2347, 13, 10294, 23361, 3819, 25]",20,20,True,Hugh Grant and Sandra Bullock are two such likeable actors.,A sermonizing and lifeless paean to teenage dullards.,tigges,True
sst_tigges_pythia_correct_test,71,sst-8021,sst-56,0,1,Review Text: A sermonizing and lifeless paean to teenage dullards. Review Sentiment:,Review Text: Hugh Grant and Sandra Bullock are two such likeable actors. Review Sentiment:,'Review Text: A sermonizing and lifeless paean to teenage dullards. Review Sentiment:','Review Text: Hugh Grant and Sandra Bullock are two such likeable actors. Review Sentiment:',52657669657720546578743a2041207365726d6f6e697a696e6720616e64206c6966656c65737320706165616e20746f207465656e6167652064756c6c617264732e205265766965772053656e74696d656e743a,52657669657720546578743a2048756768204772616e7420616e642053616e6472612042756c6c6f636b206172652074776f2073756368206c696b6561626c65206163746f72732e205265766965772053656e74696d656e743a,6ab559e6107d1675536ad05f54b45bac444e55dc0dd3c89ca0df6e574fe530e6,a5ef20f0d296c516f681dc155c47a19e9d6397892fe0b3ca66e9ca4b9bdd3ecc,"[19432, 2918, 25, 362, 75382, 4849, 323, 2272, 1717, 7106, 5307, 311, 33168, 40530, 2347, 13, 10294, 23361, 3819, 25]","[19432, 2918, 25, 29106, 23736, 323, 55686, 13497, 1023, 525, 1378, 1741, 1075, 480, 19571, 13, 10294, 23361, 3819, 25]",20,20,True,A sermonizing and lifeless paean to teenage dullards.,Hugh Grant and Sandra Bullock are two such likeable actors.,tigges,True
sst_tigges_pythia_correct_test,72,sst-8794,sst-8402,1,0,Review Text: Must-see viewing for anyone involved in the high-tech industry. Review Sentiment:,"Review Text: A turgid little history lesson, humourless and dull. Review Sentiment:",'Review Text: Must-see viewing for anyone involved in the high-tech industry. Review Sentiment:',"'Review Text: A turgid little history lesson, humourless and dull. Review Sentiment:'",52657669657720546578743a204d7573742d7365652076696577696e6720666f7220616e796f6e6520696e766f6c76656420696e2074686520686967682d7465636820696e6475737472792e205265766965772053656e74696d656e743a,52657669657720546578743a204120747572676964206c6974746c6520686973746f7279206c6573736f6e2c2068756d6f75726c65737320616e642064756c6c2e205265766965772053656e74696d656e743a,98563f30b5014ab2457e9c47c62c882fc49d250b7c6a62a17eb4e341bd2a9a98,25b71fbb857b0022ed76a114734091cb53f7c676aad825bd270c303889348f52,"[19432, 2918, 25, 15465, 12, 4060, 20102, 369, 5489, 6398, 304, 279, 1550, 41257, 4958, 13, 10294, 23361, 3819, 25]","[19432, 2918, 25, 362, 259, 5556, 307, 2632, 3840, 17755, 11, 57369, 1717, 323, 40530, 13, 10294, 23361, 3819, 25]",20,20,True,Must-see viewing for anyone involved in the high-tech industry.,"A turgid little history lesson, humourless and dull.",tigges,True
sst_tigges_pythia_correct_test,73,sst-8402,sst-8794,0,1,"Review Text: A turgid little history lesson, humourless and dull. Review Sentiment:",Review Text: Must-see viewing for anyone involved in the high-tech industry. Review Sentiment:,"'Review Text: A turgid little history lesson, humourless and dull. Review Sentiment:'",'Review Text: Must-see viewing for anyone involved in the high-tech industry. Review Sentiment:',52657669657720546578743a204120747572676964206c6974746c6520686973746f7279206c6573736f6e2c2068756d6f75726c65737320616e642064756c6c2e205265766965772053656e74696d656e743a,52657669657720546578743a204d7573742d7365652076696577696e6720666f7220616e796f6e6520696e766f6c76656420696e2074686520686967682d7465636820696e6475737472792e205265766965772053656e74696d656e743a,25b71fbb857b0022ed76a114734091cb53f7c676aad825bd270c303889348f52,98563f30b5014ab2457e9c47c62c882fc49d250b7c6a62a17eb4e341bd2a9a98,"[19432, 2918, 25, 362, 259, 5556, 307, 2632, 3840, 17755, 11, 57369, 1717, 323, 40530, 13, 10294, 23361, 3819, 25]","[19432, 2918, 25, 15465, 12, 4060, 20102, 369, 5489, 6398, 304, 279, 1550, 41257, 4958, 13, 10294, 23361, 3819, 25]",20,20,True,"A turgid little history lesson, humourless and dull.",Must-see viewing for anyone involved in the high-tech industry.,tigges,True
sst_tigges_pythia_correct_test,74,sst-377,sst-8558,1,0,Review Text: An unbelievably fun film just a leading man away from perfection. Review Sentiment:,Review Text: Denzel Washington's efforts are sunk by all the sanctimony. Review Sentiment:,'Review Text: An unbelievably fun film just a leading man away from perfection. Review Sentiment:',"""Review Text: Denzel Washington's efforts are sunk by all the sanctimony. Review Sentiment:""",52657669657720546578743a20416e20756e62656c69657661626c792066756e2066696c6d206a7573742061206c656164696e67206d616e20617761792066726f6d2070657266656374696f6e2e205265766965772053656e74696d656e743a,52657669657720546578743a2044656e7a656c2057617368696e67746f6e2773206566666f727473206172652073756e6b20627920616c6c207468652073616e6374696d6f6e792e205265766965772053656e74696d656e743a,2e3921d88b1db8ebf3abeb7c44cae4ac3f27a9db28a29c030b2cdc86fc2745e7,d34c72bbd44136031fc2512d29fe31032cf0fdaf0163001c24966ffeb9534a5a,"[19432, 2918, 25, 1527, 38937, 88134, 2464, 4531, 1101, 264, 6388, 883, 3123, 504, 38043, 13, 10294, 23361, 3819, 25]","[19432, 2918, 25, 9774, 27393, 6515, 594, 8869, 525, 67165, 553, 678, 279, 34489, 64456, 13, 10294, 23361, 3819, 25]",20,20,True,An unbelievably fun film just a leading man away from perfection.,Denzel Washington's efforts are sunk by all the sanctimony.,tigges,True
sst_tigges_pythia_correct_test,75,sst-8558,sst-377,0,1,Review Text: Denzel Washington's efforts are sunk by all the sanctimony. Review Sentiment:,Review Text: An unbelievably fun film just a leading man away from perfection. Review Sentiment:,"""Review Text: Denzel Washington's efforts are sunk by all the sanctimony. Review Sentiment:""",'Review Text: An unbelievably fun film just a leading man away from perfection. Review Sentiment:',52657669657720546578743a2044656e7a656c2057617368696e67746f6e2773206566666f727473206172652073756e6b20627920616c6c207468652073616e6374696d6f6e792e205265766965772053656e74696d656e743a,52657669657720546578743a20416e20756e62656c69657661626c792066756e2066696c6d206a7573742061206c656164696e67206d616e20617761792066726f6d2070657266656374696f6e2e205265766965772053656e74696d656e743a,d34c72bbd44136031fc2512d29fe31032cf0fdaf0163001c24966ffeb9534a5a,2e3921d88b1db8ebf3abeb7c44cae4ac3f27a9db28a29c030b2cdc86fc2745e7,"[19432, 2918, 25, 9774, 27393, 6515, 594, 8869, 525, 67165, 553, 678, 279, 34489, 64456, 13, 10294, 23361, 3819, 25]","[19432, 2918, 25, 1527, 38937, 88134, 2464, 4531, 1101, 264, 6388, 883, 3123, 504, 38043, 13, 10294, 23361, 3819, 25]",20,20,True,Denzel Washington's efforts are sunk by all the sanctimony.,An unbelievably fun film just a leading man away from perfection.,tigges,True
sst_tigges_pythia_correct_test,76,sst-900,sst-8643,1,0,Review Text: Eight Crazy Nights is a showcase for Sandler's many talents. Review Sentiment:,Review Text: The story bogs down in a mess of purposeless violence. Review Sentiment:,"""Review Text: Eight Crazy Nights is a showcase for Sandler's many talents. Review Sentiment:""",'Review Text: The story bogs down in a mess of purposeless violence. Review Sentiment:',52657669657720546578743a204569676874204372617a79204e696768747320697320612073686f776361736520666f722053616e646c65722773206d616e792074616c656e74732e205265766965772053656e74696d656e743a,52657669657720546578743a205468652073746f727920626f677320646f776e20696e2061206d657373206f6620707572706f73656c6573732076696f6c656e63652e205265766965772053656e74696d656e743a,e642373fc3810f64e9380e2756afa0d09c7418c1e04039dfeed338461e2e1774,a21f5e80932bd549288f7de442d5a8222445b9166cde0722a36f27e00b5e1662,"[19432, 2918, 25, 35844, 50263, 63543, 374, 264, 34783, 369, 328, 5252, 594, 1657, 33932, 13, 10294, 23361, 3819, 25]","[19432, 2918, 25, 576, 3364, 293, 26307, 1495, 304, 264, 9435, 315, 7428, 1717, 9170, 13, 10294, 23361, 3819, 25]",20,20,True,Eight Crazy Nights is a showcase for Sandler's many talents.,The story bogs down in a mess of purposeless violence.,tigges,True
sst_tigges_pythia_correct_test,77,sst-8643,sst-900,0,1,Review Text: The story bogs down in a mess of purposeless violence. Review Sentiment:,Review Text: Eight Crazy Nights is a showcase for Sandler's many talents. Review Sentiment:,'Review Text: The story bogs down in a mess of purposeless violence. Review Sentiment:',"""Review Text: Eight Crazy Nights is a showcase for Sandler's many talents. Review Sentiment:""",52657669657720546578743a205468652073746f727920626f677320646f776e20696e2061206d657373206f6620707572706f73656c6573732076696f6c656e63652e205265766965772053656e74696d656e743a,52657669657720546578743a204569676874204372617a79204e696768747320697320612073686f776361736520666f722053616e646c65722773206d616e792074616c656e74732e205265766965772053656e74696d656e743a,a21f5e80932bd549288f7de442d5a8222445b9166cde0722a36f27e00b5e1662,e642373fc3810f64e9380e2756afa0d09c7418c1e04039dfeed338461e2e1774,"[19432, 2918, 25, 576, 3364, 293, 26307, 1495, 304, 264, 9435, 315, 7428, 1717, 9170, 13, 10294, 23361, 3819, 25]","[19432, 2918, 25, 35844, 50263, 63543, 374, 264, 34783, 369, 328, 5252, 594, 1657, 33932, 13, 10294, 23361, 3819, 25]",20,20,True,The story bogs down in a mess of purposeless violence.,Eight Crazy Nights is a showcase for Sandler's many talents.,tigges,True
sst_tigges_pythia_correct_test,78,sst-918,sst-9025,1,0,Review Text: Noyce's film is contemplative and mournfully reflective. Review Sentiment:,Review Text: An uneven film dealing with too many problems to be taken seriously. Review Sentiment:,"""Review Text: Noyce's film is contemplative and mournfully reflective. Review Sentiment:""",'Review Text: An uneven film dealing with too many problems to be taken seriously. Review Sentiment:',52657669657720546578743a204e6f79636527732066696c6d20697320636f6e74656d706c617469766520616e64206d6f75726e66756c6c79207265666c6563746976652e205265766965772053656e74696d656e743a,52657669657720546578743a20416e20756e6576656e2066696c6d206465616c696e67207769746820746f6f206d616e792070726f626c656d7320746f2062652074616b656e20736572696f75736c792e205265766965772053656e74696d656e743a,f0d9871b5cca742c684aa44841fc1a68142d645b18414e1a0dfcad5c59391342,24c52d1494c3201ee5a6c8c641358feb1cb92fc2829f253d45509c979c7de5c0,"[19432, 2918, 25, 451, 2253, 346, 594, 4531, 374, 38371, 1388, 323, 59134, 3641, 51728, 13, 10294, 23361, 3819, 25]","[19432, 2918, 25, 1527, 60337, 4531, 14550, 448, 2238, 1657, 5322, 311, 387, 4429, 13919, 13, 10294, 23361, 3819, 25]",20,20,True,Noyce's film is contemplative and mournfully reflective.,An uneven film dealing with too many problems to be taken seriously.,tigges,True
sst_tigges_pythia_correct_test,79,sst-9025,sst-918,0,1,Review Text: An uneven film dealing with too many problems to be taken seriously. Review Sentiment:,Review Text: Noyce's film is contemplative and mournfully reflective. Review Sentiment:,'Review Text: An uneven film dealing with too many problems to be taken seriously. Review Sentiment:',"""Review Text: Noyce's film is contemplative and mournfully reflective. Review Sentiment:""",52657669657720546578743a20416e20756e6576656e2066696c6d206465616c696e67207769746820746f6f206d616e792070726f626c656d7320746f2062652074616b656e20736572696f75736c792e205265766965772053656e74696d656e743a,52657669657720546578743a204e6f79636527732066696c6d20697320636f6e74656d706c617469766520616e64206d6f75726e66756c6c79207265666c6563746976652e205265766965772053656e74696d656e743a,24c52d1494c3201ee5a6c8c641358feb1cb92fc2829f253d45509c979c7de5c0,f0d9871b5cca742c684aa44841fc1a68142d645b18414e1a0dfcad5c59391342,"[19432, 2918, 25, 1527, 60337, 4531, 14550, 448, 2238, 1657, 5322, 311, 387, 4429, 13919, 13, 10294, 23361, 3819, 25]","[19432, 2918, 25, 451, 2253, 346, 594, 4531, 374, 38371, 1388, 323, 59134, 3641, 51728, 13, 10294, 23361, 3819, 25]",20,20,True,An uneven film dealing with too many problems to be taken seriously.,Noyce's film is contemplative and mournfully reflective.,tigges,True
sst_tigges_pythia_correct_test,80,sst-8430,sst-8396,1,0,Review Text: All prints of this film should be sent to and buried on Pluto. Review Sentiment:,Review Text: All this turns out to be neither funny nor provocative - only dull. Review Sentiment:,'Review Text: All prints of this film should be sent to and buried on Pluto. Review Sentiment:','Review Text: All this turns out to be neither funny nor provocative - only dull. Review Sentiment:',52657669657720546578743a20416c6c207072696e7473206f6620746869732066696c6d2073686f756c642062652073656e7420746f20616e6420627572696564206f6e20506c75746f2e205265766965772053656e74696d656e743a,52657669657720546578743a20416c6c2074686973207475726e73206f757420746f206265206e6569746865722066756e6e79206e6f722070726f766f636174697665202d206f6e6c792064756c6c2e205265766965772053656e74696d656e743a,c0fffd9338362d6ee1e12bef2b5c1ff195ebaf8e3303ad88451ae77b4fd6fcad,c968186cf30dbc4d892b154224c3ac0788e775e93fee5fbb965f17d73e6ea5df,"[19432, 2918, 25, 2009, 23473, 315, 419, 4531, 1265, 387, 3208, 311, 323, 26918, 389, 77581, 13, 10294, 23361, 3819, 25]","[19432, 2918, 25, 2009, 419, 10577, 700, 311, 387, 13866, 15173, 6329, 65898, 481, 1172, 40530, 13, 10294, 23361, 3819, 25]",21,21,True,All prints of this film should be sent to and buried on Pluto.,All this turns out to be neither funny nor provocative - only dull.,tigges,True
sst_tigges_pythia_correct_test,81,sst-8396,sst-8430,0,1,Review Text: All this turns out to be neither funny nor provocative - only dull. Review Sentiment:,Review Text: All prints of this film should be sent to and buried on Pluto. Review Sentiment:,'Review Text: All this turns out to be neither funny nor provocative - only dull. Review Sentiment:','Review Text: All prints of this film should be sent to and buried on Pluto. Review Sentiment:',52657669657720546578743a20416c6c2074686973207475726e73206f757420746f206265206e6569746865722066756e6e79206e6f722070726f766f636174697665202d206f6e6c792064756c6c2e205265766965772053656e74696d656e743a,52657669657720546578743a20416c6c207072696e7473206f6620746869732066696c6d2073686f756c642062652073656e7420746f20616e6420627572696564206f6e20506c75746f2e205265766965772053656e74696d656e743a,c968186cf30dbc4d892b154224c3ac0788e775e93fee5fbb965f17d73e6ea5df,c0fffd9338362d6ee1e12bef2b5c1ff195ebaf8e3303ad88451ae77b4fd6fcad,"[19432, 2918, 25, 2009, 419, 10577, 700, 311, 387, 13866, 15173, 6329, 65898, 481, 1172, 40530, 13, 10294, 23361, 3819, 25]","[19432, 2918, 25, 2009, 23473, 315, 419, 4531, 1265, 387, 3208, 311, 323, 26918, 389, 77581, 13, 10294, 23361, 3819, 25]",21,21,True,All this turns out to be neither funny nor provocative - only dull.,All prints of this film should be sent to and buried on Pluto.,tigges,True
sst_tigges_pythia_correct_test,82,sst-813,sst-7999,1,0,Review Text: A worthy tribute to a great humanitarian and her vibrant ` co-stars.' Review Sentiment:,Review Text: Arguably the year's silliest and most incoherent movie. Review Sentiment:,"""Review Text: A worthy tribute to a great humanitarian and her vibrant ` co-stars.' Review Sentiment:""","""Review Text: Arguably the year's silliest and most incoherent movie. Review Sentiment:""",52657669657720546578743a204120776f72746879207472696275746520746f20612067726561742068756d616e6974617269616e20616e64206865722076696272616e74206020636f2d73746172732e27205265766965772053656e74696d656e743a,52657669657720546578743a204172677561626c7920746865207965617227732073696c6c6965737420616e64206d6f737420696e636f686572656e74206d6f7669652e205265766965772053656e74696d656e743a,6a64b239ebd57c61ddfb28d38dd99973cf7d1e12dcdfccaa860d0862330de00f,dca02da41a3f11f3e101716d31e79e3baccea4ca32881e66d5ddc5d14153e52d,"[19432, 2918, 25, 362, 27290, 34391, 311, 264, 2244, 37648, 323, 1059, 32976, 1565, 1062, 96906, 3159, 10294, 23361, 3819, 25]","[19432, 2918, 25, 7638, 31664, 279, 1042, 594, 84267, 13438, 323, 1429, 304, 1015, 37538, 5700, 13, 10294, 23361, 3819, 25]",21,21,True,A worthy tribute to a great humanitarian and her vibrant ` co-stars.',Arguably the year's silliest and most incoherent movie.,tigges,True
sst_tigges_pythia_correct_test,83,sst-7999,sst-813,0,1,Review Text: Arguably the year's silliest and most incoherent movie. Review Sentiment:,Review Text: A worthy tribute to a great humanitarian and her vibrant ` co-stars.' Review Sentiment:,"""Review Text: Arguably the year's silliest and most incoherent movie. Review Sentiment:""","""Review Text: A worthy tribute to a great humanitarian and her vibrant ` co-stars.' Review Sentiment:""",52657669657720546578743a204172677561626c7920746865207965617227732073696c6c6965737420616e64206d6f737420696e636f686572656e74206d6f7669652e205265766965772053656e74696d656e743a,52657669657720546578743a204120776f72746879207472696275746520746f20612067726561742068756d616e6974617269616e20616e64206865722076696272616e74206020636f2d73746172732e27205265766965772053656e74696d656e743a,dca02da41a3f11f3e101716d31e79e3baccea4ca32881e66d5ddc5d14153e52d,6a64b239ebd57c61ddfb28d38dd99973cf7d1e12dcdfccaa860d0862330de00f,"[19432, 2918, 25, 7638, 31664, 279, 1042, 594, 84267, 13438, 323, 1429, 304, 1015, 37538, 5700, 13, 10294, 23361, 3819, 25]","[19432, 2918, 25, 362, 27290, 34391, 311, 264, 2244, 37648, 323, 1059, 32976, 1565, 1062, 96906, 3159, 10294, 23361, 3819, 25]",21,21,True,Arguably the year's silliest and most incoherent movie.,A worthy tribute to a great humanitarian and her vibrant ` co-stars.',tigges,True
sst_tigges_pythia_correct_test,84,sst-311,sst-8279,1,0,"Review Text: Somewhat blurred, but Kinnear's performance is razor sharp. Review Sentiment:",Review Text: ... the sum of the parts equals largely a confused mediocrity. Review Sentiment:,"""Review Text: Somewhat blurred, but Kinnear's performance is razor sharp. Review Sentiment:""",'Review Text: ... the sum of the parts equals largely a confused mediocrity. Review Sentiment:',52657669657720546578743a20536f6d657768617420626c75727265642c20627574204b696e6e656172277320706572666f726d616e63652069732072617a6f722073686172702e205265766965772053656e74696d656e743a,52657669657720546578743a202e2e2e207468652073756d206f662074686520706172747320657175616c73206c617267656c79206120636f6e6675736564206d6564696f63726974792e205265766965772053656e74696d656e743a,0cf0941845dd81ea3dc8dfea0774bd15da77555fadd047f8ad2286aafde15808,0922bbba817f77a724aac2efe9fd6467902c046c5cab4da4a3c23a59e3581e86,"[19432, 2918, 25, 17564, 80475, 72400, 11, 714, 730, 6130, 682, 594, 5068, 374, 59130, 17232, 13, 10294, 23361, 3819, 25]","[19432, 2918, 25, 2503, 279, 2629, 315, 279, 5479, 16819, 13771, 264, 21815, 24127, 4215, 487, 13, 10294, 23361, 3819, 25]",21,21,True,"Somewhat blurred, but Kinnear's performance is razor sharp.",... the sum of the parts equals largely a confused mediocrity.,tigges,True
sst_tigges_pythia_correct_test,85,sst-8279,sst-311,0,1,Review Text: ... the sum of the parts equals largely a confused mediocrity. Review Sentiment:,"Review Text: Somewhat blurred, but Kinnear's performance is razor sharp. Review Sentiment:",'Review Text: ... the sum of the parts equals largely a confused mediocrity. Review Sentiment:',"""Review Text: Somewhat blurred, but Kinnear's performance is razor sharp. Review Sentiment:""",52657669657720546578743a202e2e2e207468652073756d206f662074686520706172747320657175616c73206c617267656c79206120636f6e6675736564206d6564696f63726974792e205265766965772053656e74696d656e743a,52657669657720546578743a20536f6d657768617420626c75727265642c20627574204b696e6e656172277320706572666f726d616e63652069732072617a6f722073686172702e205265766965772053656e74696d656e743a,0922bbba817f77a724aac2efe9fd6467902c046c5cab4da4a3c23a59e3581e86,0cf0941845dd81ea3dc8dfea0774bd15da77555fadd047f8ad2286aafde15808,"[19432, 2918, 25, 2503, 279, 2629, 315, 279, 5479, 16819, 13771, 264, 21815, 24127, 4215, 487, 13, 10294, 23361, 3819, 25]","[19432, 2918, 25, 17564, 80475, 72400, 11, 714, 730, 6130, 682, 594, 5068, 374, 59130, 17232, 13, 10294, 23361, 3819, 25]",21,21,True,... the sum of the parts equals largely a confused mediocrity.,"Somewhat blurred, but Kinnear's performance is razor sharp.",tigges,True
sst_tigges_pythia_correct_test,86,sst-8834,sst-8443,1,0,Review Text: Everything that's worthwhile about Collision Course can already be seen on television. Review Sentiment:,Review Text: Too clunky and too busy ribbing itself to be truly entertaining. Review Sentiment:,"""Review Text: Everything that's worthwhile about Collision Course can already be seen on television. Review Sentiment:""",'Review Text: Too clunky and too busy ribbing itself to be truly entertaining. Review Sentiment:',52657669657720546578743a2045766572797468696e672074686174277320776f7274687768696c652061626f757420436f6c6c6973696f6e20436f757273652063616e20616c7265616479206265207365656e206f6e2074656c65766973696f6e2e205265766965772053656e74696d656e743a,52657669657720546578743a20546f6f20636c756e6b7920616e6420746f6f20627573792072696262696e6720697473656c6620746f206265207472756c7920656e7465727461696e696e672e205265766965772053656e74696d656e743a,08a968d7b793da5234c9a9e3b076b1d14f2d436b38d1935377e90519ef5edd8e,0c739a0c1672bf68fc20dbe8a09f199b4e97e34360cfc371746d2b5a2d58bcb3,"[19432, 2918, 25, 20094, 429, 594, 47676, 911, 51548, 16615, 646, 2669, 387, 3884, 389, 12425, 13, 10294, 23361, 3819, 25]","[19432, 2918, 25, 24599, 1185, 69205, 323, 2238, 13028, 20131, 7132, 5086, 311, 387, 9428, 29211, 13, 10294, 23361, 3819, 25]",21,21,True,Everything that's worthwhile about Collision Course can already be seen on television.,Too clunky and too busy ribbing itself to be truly entertaining.,tigges,True
sst_tigges_pythia_correct_test,87,sst-8443,sst-8834,0,1,Review Text: Too clunky and too busy ribbing itself to be truly entertaining. Review Sentiment:,Review Text: Everything that's worthwhile about Collision Course can already be seen on television. Review Sentiment:,'Review Text: Too clunky and too busy ribbing itself to be truly entertaining. Review Sentiment:',"""Review Text: Everything that's worthwhile about Collision Course can already be seen on television. Review Sentiment:""",52657669657720546578743a20546f6f20636c756e6b7920616e6420746f6f20627573792072696262696e6720697473656c6620746f206265207472756c7920656e7465727461696e696e672e205265766965772053656e74696d656e743a,52657669657720546578743a2045766572797468696e672074686174277320776f7274687768696c652061626f757420436f6c6c6973696f6e20436f757273652063616e20616c7265616479206265207365656e206f6e2074656c65766973696f6e2e205265766965772053656e74696d656e743a,0c739a0c1672bf68fc20dbe8a09f199b4e97e34360cfc371746d2b5a2d58bcb3,08a968d7b793da5234c9a9e3b076b1d14f2d436b38d1935377e90519ef5edd8e,"[19432, 2918, 25, 24599, 1185, 69205, 323, 2238, 13028, 20131, 7132, 5086, 311, 387, 9428, 29211, 13, 10294, 23361, 3819, 25]","[19432, 2918, 25, 20094, 429, 594, 47676, 911, 51548, 16615, 646, 2669, 387, 3884, 389, 12425, 13, 10294, 23361, 3819, 25]",21,21,True,Too clunky and too busy ribbing itself to be truly entertaining.,Everything that's worthwhile about Collision Course can already be seen on television.,tigges,True
sst_tigges_pythia_correct_test,88,sst-423,sst-8379,1,0,Review Text: A film of precious increments artfully camouflaged as everyday activities. Review Sentiment:,Review Text: The plot grinds on with yawn-provoking dullness. Review Sentiment:,'Review Text: A film of precious increments artfully camouflaged as everyday activities. Review Sentiment:','Review Text: The plot grinds on with yawn-provoking dullness. Review Sentiment:',52657669657720546578743a20412066696c6d206f662070726563696f757320696e6372656d656e74732061727466756c6c792063616d6f75666c6167656420617320657665727964617920616374697669746965732e205265766965772053656e74696d656e743a,52657669657720546578743a2054686520706c6f74206772696e6473206f6e2077697468207961776e2d70726f766f6b696e672064756c6c6e6573732e205265766965772053656e74696d656e743a,b78569fec678bb11a37bd4c8c2f0f594ba6a167d803ebba118be1019406404b7,0bcb5023c07c30630621f9e1f601b639de4c8f19b18c38b0cf006993036b1e2f,"[19432, 2918, 25, 362, 4531, 315, 26400, 61600, 1947, 3641, 6592, 61740, 3279, 438, 17778, 7488, 13, 10294, 23361, 3819, 25]","[19432, 2918, 25, 576, 7089, 1081, 8673, 389, 448, 379, 6379, 9838, 85, 10746, 40530, 2090, 13, 10294, 23361, 3819, 25]",21,21,True,A film of precious increments artfully camouflaged as everyday activities.,The plot grinds on with yawn-provoking dullness.,tigges,True
sst_tigges_pythia_correct_test,89,sst-8379,sst-423,0,1,Review Text: The plot grinds on with yawn-provoking dullness. Review Sentiment:,Review Text: A film of precious increments artfully camouflaged as everyday activities. Review Sentiment:,'Review Text: The plot grinds on with yawn-provoking dullness. Review Sentiment:','Review Text: A film of precious increments artfully camouflaged as everyday activities. Review Sentiment:',52657669657720546578743a2054686520706c6f74206772696e6473206f6e2077697468207961776e2d70726f766f6b696e672064756c6c6e6573732e205265766965772053656e74696d656e743a,52657669657720546578743a20412066696c6d206f662070726563696f757320696e6372656d656e74732061727466756c6c792063616d6f75666c6167656420617320657665727964617920616374697669746965732e205265766965772053656e74696d656e743a,0bcb5023c07c30630621f9e1f601b639de4c8f19b18c38b0cf006993036b1e2f,b78569fec678bb11a37bd4c8c2f0f594ba6a167d803ebba118be1019406404b7,"[19432, 2918, 25, 576, 7089, 1081, 8673, 389, 448, 379, 6379, 9838, 85, 10746, 40530, 2090, 13, 10294, 23361, 3819, 25]","[19432, 2918, 25, 362, 4531, 315, 26400, 61600, 1947, 3641, 6592, 61740, 3279, 438, 17778, 7488, 13, 10294, 23361, 3819, 25]",21,21,True,The plot grinds on with yawn-provoking dullness.,A film of precious increments artfully camouflaged as everyday activities.,tigges,True
sst_tigges_pythia_correct_test,90,sst-635,sst-497,1,0,"Review Text: An impossible romance, but we root for the patronized Iranian lad. Review Sentiment:",Review Text: Her film is unrelentingly claustrophobic and unpleasant. Review Sentiment:,"'Review Text: An impossible romance, but we root for the patronized Iranian lad. Review Sentiment:'",'Review Text: Her film is unrelentingly claustrophobic and unpleasant. Review Sentiment:',52657669657720546578743a20416e20696d706f737369626c6520726f6d616e63652c2062757420776520726f6f7420666f722074686520706174726f6e697a6564204972616e69616e206c61642e205265766965772053656e74696d656e743a,52657669657720546578743a204865722066696c6d20697320756e72656c656e74696e676c7920636c61757374726f70686f62696320616e6420756e706c656173616e742e205265766965772053656e74696d656e743a,8c38e88fc8efd6e070c18ee315bbde57eca4eb169b5415301e28f1f72e04c847,ae12bb180f6718ab45e8a7a75d3eb5e134b63c343e40a85bf08c44486a53c804,"[19432, 2918, 25, 1527, 11997, 29263, 11, 714, 582, 3704, 369, 279, 35280, 1506, 27401, 57625, 13, 10294, 23361, 3819, 25]","[19432, 2918, 25, 6252, 4531, 374, 650, 3748, 306, 11307, 86704, 590, 21990, 30806, 323, 46889, 13, 10294, 23361, 3819, 25]",21,21,True,"An impossible romance, but we root for the patronized Iranian lad.",Her film is unrelentingly claustrophobic and unpleasant.,tigges,True
sst_tigges_pythia_correct_test,91,sst-497,sst-635,0,1,Review Text: Her film is unrelentingly claustrophobic and unpleasant. Review Sentiment:,"Review Text: An impossible romance, but we root for the patronized Iranian lad. Review Sentiment:",'Review Text: Her film is unrelentingly claustrophobic and unpleasant. Review Sentiment:',"'Review Text: An impossible romance, but we root for the patronized Iranian lad. Review Sentiment:'",52657669657720546578743a204865722066696c6d20697320756e72656c656e74696e676c7920636c61757374726f70686f62696320616e6420756e706c656173616e742e205265766965772053656e74696d656e743a,52657669657720546578743a20416e20696d706f737369626c6520726f6d616e63652c2062757420776520726f6f7420666f722074686520706174726f6e697a6564204972616e69616e206c61642e205265766965772053656e74696d656e743a,ae12bb180f6718ab45e8a7a75d3eb5e134b63c343e40a85bf08c44486a53c804,8c38e88fc8efd6e070c18ee315bbde57eca4eb169b5415301e28f1f72e04c847,"[19432, 2918, 25, 6252, 4531, 374, 650, 3748, 306, 11307, 86704, 590, 21990, 30806, 323, 46889, 13, 10294, 23361, 3819, 25]","[19432, 2918, 25, 1527, 11997, 29263, 11, 714, 582, 3704, 369, 279, 35280, 1506, 27401, 57625, 13, 10294, 23361, 3819, 25]",21,21,True,Her film is unrelentingly claustrophobic and unpleasant.,"An impossible romance, but we root for the patronized Iranian lad.",tigges,True
sst_tigges_pythia_correct_test,92,sst-499,sst-8534,1,0,Review Text: The result is mesmerizing--filled with menace and squalor. Review Sentiment:,Review Text: The movie's biggest offense is its complete and utter lack of tension. Review Sentiment:,'Review Text: The result is mesmerizing--filled with menace and squalor. Review Sentiment:',"""Review Text: The movie's biggest offense is its complete and utter lack of tension. Review Sentiment:""",52657669657720546578743a2054686520726573756c74206973206d65736d6572697a696e672d2d66696c6c65642077697468206d656e61636520616e6420737175616c6f722e205265766965772053656e74696d656e743a,52657669657720546578743a20546865206d6f76696527732062696767657374206f6666656e73652069732069747320636f6d706c65746520616e64207574746572206c61636b206f662074656e73696f6e2e205265766965772053656e74696d656e743a,0d3e0b66a916b4655926c3af5aac6deff503bf9200ec51c212f8a096d52d5b62,f7da8167517db5b26952818b51f8ed76d74fb83e4116ea7ebb85a4dd11b1c1f7,"[19432, 2918, 25, 576, 1102, 374, 83361, 4849, 313, 27511, 448, 80595, 323, 274, 1751, 269, 13, 10294, 23361, 3819, 25]","[19432, 2918, 25, 576, 5700, 594, 8538, 16775, 374, 1181, 4583, 323, 21532, 6853, 315, 23504, 13, 10294, 23361, 3819, 25]",21,21,True,The result is mesmerizing--filled with menace and squalor.,The movie's biggest offense is its complete and utter lack of tension.,tigges,True
sst_tigges_pythia_correct_test,93,sst-8534,sst-499,0,1,Review Text: The movie's biggest offense is its complete and utter lack of tension. Review Sentiment:,Review Text: The result is mesmerizing--filled with menace and squalor. Review Sentiment:,"""Review Text: The movie's biggest offense is its complete and utter lack of tension. Review Sentiment:""",'Review Text: The result is mesmerizing--filled with menace and squalor. Review Sentiment:',52657669657720546578743a20546865206d6f76696527732062696767657374206f6666656e73652069732069747320636f6d706c65746520616e64207574746572206c61636b206f662074656e73696f6e2e205265766965772053656e74696d656e743a,52657669657720546578743a2054686520726573756c74206973206d65736d6572697a696e672d2d66696c6c65642077697468206d656e61636520616e6420737175616c6f722e205265766965772053656e74696d656e743a,f7da8167517db5b26952818b51f8ed76d74fb83e4116ea7ebb85a4dd11b1c1f7,0d3e0b66a916b4655926c3af5aac6deff503bf9200ec51c212f8a096d52d5b62,"[19432, 2918, 25, 576, 5700, 594, 8538, 16775, 374, 1181, 4583, 323, 21532, 6853, 315, 23504, 13, 10294, 23361, 3819, 25]","[19432, 2918, 25, 576, 1102, 374, 83361, 4849, 313, 27511, 448, 80595, 323, 274, 1751, 269, 13, 10294, 23361, 3819, 25]",21,21,True,The movie's biggest offense is its complete and utter lack of tension.,The result is mesmerizing--filled with menace and squalor.,tigges,True
sst_tigges_pythia_correct_test,94,sst-707,sst-7986,1,0,"Review Text: Awkward but sincere and, ultimately, it wins you over. Review Sentiment:",Review Text: Credibility levels are low and character development a non-starter. Review Sentiment:,"'Review Text: Awkward but sincere and, ultimately, it wins you over. Review Sentiment:'",'Review Text: Credibility levels are low and character development a non-starter. Review Sentiment:',52657669657720546578743a2041776b77617264206275742073696e6365726520616e642c20756c74696d6174656c792c2069742077696e7320796f75206f7665722e205265766965772053656e74696d656e743a,52657669657720546578743a20437265646962696c697479206c6576656c7320617265206c6f7720616e642063686172616374657220646576656c6f706d656e742061206e6f6e2d737461727465722e205265766965772053656e74696d656e743a,eb8022debe94b692be227e4fe07158c65938e65f99c7a7e6be582827a74f7e74,7d46dd0baa67d84f9f05a6b04a69afa300afb515b575f34a9330217730a089df,"[19432, 2918, 25, 17889, 74, 1606, 714, 48324, 323, 11, 13653, 11, 432, 14816, 498, 916, 13, 10294, 23361, 3819, 25]","[19432, 2918, 25, 356, 1151, 3147, 5866, 525, 3347, 323, 3668, 4401, 264, 2477, 5477, 5295, 13, 10294, 23361, 3819, 25]",21,21,True,"Awkward but sincere and, ultimately, it wins you over.",Credibility levels are low and character development a non-starter.,tigges,True
sst_tigges_pythia_correct_test,95,sst-7986,sst-707,0,1,Review Text: Credibility levels are low and character development a non-starter. Review Sentiment:,"Review Text: Awkward but sincere and, ultimately, it wins you over. Review Sentiment:",'Review Text: Credibility levels are low and character development a non-starter. Review Sentiment:',"'Review Text: Awkward but sincere and, ultimately, it wins you over. Review Sentiment:'",52657669657720546578743a20437265646962696c697479206c6576656c7320617265206c6f7720616e642063686172616374657220646576656c6f706d656e742061206e6f6e2d737461727465722e205265766965772053656e74696d656e743a,52657669657720546578743a2041776b77617264206275742073696e6365726520616e642c20756c74696d6174656c792c2069742077696e7320796f75206f7665722e205265766965772053656e74696d656e743a,7d46dd0baa67d84f9f05a6b04a69afa300afb515b575f34a9330217730a089df,eb8022debe94b692be227e4fe07158c65938e65f99c7a7e6be582827a74f7e74,"[19432, 2918, 25, 356, 1151, 3147, 5866, 525, 3347, 323, 3668, 4401, 264, 2477, 5477, 5295, 13, 10294, 23361, 3819, 25]","[19432, 2918, 25, 17889, 74, 1606, 714, 48324, 323, 11, 13653, 11, 432, 14816, 498, 916, 13, 10294, 23361, 3819, 25]",21,21,True,Credibility levels are low and character development a non-starter.,"Awkward but sincere and, ultimately, it wins you over.",tigges,True
sst_tigges_pythia_correct_test,96,sst-270,sst-8761,1,0,"Review Text: A thoughtful, moving piece that faces difficult issues with honesty and beauty. Review Sentiment:",Review Text: A painfully leaden film destined for pre-dawn cable television slots. Review Sentiment:,"'Review Text: A thoughtful, moving piece that faces difficult issues with honesty and beauty. Review Sentiment:'",'Review Text: A painfully leaden film destined for pre-dawn cable television slots. Review Sentiment:',52657669657720546578743a20412074686f7567687466756c2c206d6f76696e67207069656365207468617420666163657320646966666963756c7420697373756573207769746820686f6e6573747920616e64206265617574792e205265766965772053656e74696d656e743a,52657669657720546578743a2041207061696e66756c6c79206c656164656e2066696c6d2064657374696e656420666f72207072652d6461776e206361626c652074656c65766973696f6e20736c6f74732e205265766965772053656e74696d656e743a,0949954545463ccac8a41ce333e2877bc1cde06f4eabfe1e960ea1477515c187,873694889dace9e9f556b7f42c98844ee4fbeba0ba8fd1c28cb62df75005aef6,"[19432, 2918, 25, 362, 42666, 11, 7218, 6573, 429, 12300, 5000, 4714, 448, 47848, 323, 13143, 13, 10294, 23361, 3819, 25]","[19432, 2918, 25, 362, 75599, 2990, 268, 4531, 50587, 369, 855, 1737, 6379, 14652, 12425, 15711, 13, 10294, 23361, 3819, 25]",21,21,True,"A thoughtful, moving piece that faces difficult issues with honesty and beauty.",A painfully leaden film destined for pre-dawn cable television slots.,tigges,True
sst_tigges_pythia_correct_test,97,sst-8761,sst-270,0,1,Review Text: A painfully leaden film destined for pre-dawn cable television slots. Review Sentiment:,"Review Text: A thoughtful, moving piece that faces difficult issues with honesty and beauty. Review Sentiment:",'Review Text: A painfully leaden film destined for pre-dawn cable television slots. Review Sentiment:',"'Review Text: A thoughtful, moving piece that faces difficult issues with honesty and beauty. Review Sentiment:'",52657669657720546578743a2041207061696e66756c6c79206c656164656e2066696c6d2064657374696e656420666f72207072652d6461776e206361626c652074656c65766973696f6e20736c6f74732e205265766965772053656e74696d656e743a,52657669657720546578743a20412074686f7567687466756c2c206d6f76696e67207069656365207468617420666163657320646966666963756c7420697373756573207769746820686f6e6573747920616e64206265617574792e205265766965772053656e74696d656e743a,873694889dace9e9f556b7f42c98844ee4fbeba0ba8fd1c28cb62df75005aef6,0949954545463ccac8a41ce333e2877bc1cde06f4eabfe1e960ea1477515c187,"[19432, 2918, 25, 362, 75599, 2990, 268, 4531, 50587, 369, 855, 1737, 6379, 14652, 12425, 15711, 13, 10294, 23361, 3819, 25]","[19432, 2918, 25, 362, 42666, 11, 7218, 6573, 429, 12300, 5000, 4714, 448, 47848, 323, 13143, 13, 10294, 23361, 3819, 25]",21,21,True,A painfully leaden film destined for pre-dawn cable television slots.,"A thoughtful, moving piece that faces difficult issues with honesty and beauty.",tigges,True
sst_tigges_pythia_correct_test,98,sst-225,sst-7960,1,0,Review Text: At its best early on as it plays the culture clashes between the brothers. Review Sentiment:,Review Text: Imagine a really bad community theater production of West Side Story without the songs. Review Sentiment:,'Review Text: At its best early on as it plays the culture clashes between the brothers. Review Sentiment:','Review Text: Imagine a really bad community theater production of West Side Story without the songs. Review Sentiment:',52657669657720546578743a204174206974732062657374206561726c79206f6e20617320697420706c617973207468652063756c7475726520636c6173686573206265747765656e207468652062726f74686572732e205265766965772053656e74696d656e743a,52657669657720546578743a20496d6167696e652061207265616c6c792062616420636f6d6d756e69747920746865617465722070726f64756374696f6e206f66205765737420536964652053746f727920776974686f75742074686520736f6e67732e205265766965772053656e74696d656e743a,2527e85a97256bbe262e848b7a39f15d07e5bc8680d2b8ce30a17931be022637,598cb3931cc8f81c87ac9c5cd5a98c40ea2326cbe5eb25b1767c25f0a292c664,"[19432, 2918, 25, 2411, 1181, 1850, 4124, 389, 438, 432, 11088, 279, 7674, 51510, 1948, 279, 20208, 13, 10294, 23361, 3819, 25]","[19432, 2918, 25, 37791, 264, 2167, 3873, 3942, 26705, 5670, 315, 4312, 16659, 15106, 2041, 279, 11674, 13, 10294, 23361, 3819, 25]",22,22,True,At its best early on as it plays the culture clashes between the brothers.,Imagine a really bad community theater production of West Side Story without the songs.,tigges,True
sst_tigges_pythia_correct_test,99,sst-7960,sst-225,0,1,Review Text: Imagine a really bad community theater production of West Side Story without the songs. Review Sentiment:,Review Text: At its best early on as it plays the culture clashes between the brothers. Review Sentiment:,'Review Text: Imagine a really bad community theater production of West Side Story without the songs. Review Sentiment:','Review Text: At its best early on as it plays the culture clashes between the brothers. Review Sentiment:',52657669657720546578743a20496d6167696e652061207265616c6c792062616420636f6d6d756e69747920746865617465722070726f64756374696f6e206f66205765737420536964652053746f727920776974686f75742074686520736f6e67732e205265766965772053656e74696d656e743a,52657669657720546578743a204174206974732062657374206561726c79206f6e20617320697420706c617973207468652063756c7475726520636c6173686573206265747765656e207468652062726f74686572732e205265766965772053656e74696d656e743a,598cb3931cc8f81c87ac9c5cd5a98c40ea2326cbe5eb25b1767c25f0a292c664,2527e85a97256bbe262e848b7a39f15d07e5bc8680d2b8ce30a17931be022637,"[19432, 2918, 25, 37791, 264, 2167, 3873, 3942, 26705, 5670, 315, 4312, 16659, 15106, 2041, 279, 11674, 13, 10294, 23361, 3819, 25]","[19432, 2918, 25, 2411, 1181, 1850, 4124, 389, 438, 432, 11088, 279, 7674, 51510, 1948, 279, 20208, 13, 10294, 23361, 3819, 25]",22,22,True,Imagine a really bad community theater production of West Side Story without the songs.,At its best early on as it plays the culture clashes between the brothers.,tigges,True
sst_tigges_pythia_correct_test,100,sst-12,sst-9000,1,0,"Review Text: This is a film well worth seeing, talking and singing heads and all. Review Sentiment:","Review Text: Even if Britney Spears is really cute, her movie is really bad. Review Sentiment:","'Review Text: This is a film well worth seeing, talking and singing heads and all. Review Sentiment:'","'Review Text: Even if Britney Spears is really cute, her movie is really bad. Review Sentiment:'",52657669657720546578743a205468697320697320612066696c6d2077656c6c20776f72746820736565696e672c2074616c6b696e6720616e642073696e67696e6720686561647320616e6420616c6c2e205265766965772053656e74696d656e743a,52657669657720546578743a204576656e20696620427269746e657920537065617273206973207265616c6c7920637574652c20686572206d6f766965206973207265616c6c79206261642e205265766965772053656e74696d656e743a,bf4d0e4281e09be1ed776363cbe9f051ff6e3da6c2aea0e0f8189f2096caa644,e0ea73d35cf94ff12b8d11a1a9ff1e6f68134f024fac293f7a507f72cd88187d,"[19432, 2918, 25, 1096, 374, 264, 4531, 1632, 5802, 9120, 11, 7404, 323, 25083, 14629, 323, 678, 13, 10294, 23361, 3819, 25]","[19432, 2918, 25, 7418, 421, 5450, 3437, 93955, 374, 2167, 18838, 11, 1059, 5700, 374, 2167, 3873, 13, 10294, 23361, 3819, 25]",22,22,True,"This is a film well worth seeing, talking and singing heads and all.","Even if Britney Spears is really cute, her movie is really bad.",tigges,True
sst_tigges_pythia_correct_test,101,sst-9000,sst-12,0,1,"Review Text: Even if Britney Spears is really cute, her movie is really bad. Review Sentiment:","Review Text: This is a film well worth seeing, talking and singing heads and all. Review Sentiment:","'Review Text: Even if Britney Spears is really cute, her movie is really bad. Review Sentiment:'","'Review Text: This is a film well worth seeing, talking and singing heads and all. Review Sentiment:'",52657669657720546578743a204576656e20696620427269746e657920537065617273206973207265616c6c7920637574652c20686572206d6f766965206973207265616c6c79206261642e205265766965772053656e74696d656e743a,52657669657720546578743a205468697320697320612066696c6d2077656c6c20776f72746820736565696e672c2074616c6b696e6720616e642073696e67696e6720686561647320616e6420616c6c2e205265766965772053656e74696d656e743a,e0ea73d35cf94ff12b8d11a1a9ff1e6f68134f024fac293f7a507f72cd88187d,bf4d0e4281e09be1ed776363cbe9f051ff6e3da6c2aea0e0f8189f2096caa644,"[19432, 2918, 25, 7418, 421, 5450, 3437, 93955, 374, 2167, 18838, 11, 1059, 5700, 374, 2167, 3873, 13, 10294, 23361, 3819, 25]","[19432, 2918, 25, 1096, 374, 264, 4531, 1632, 5802, 9120, 11, 7404, 323, 25083, 14629, 323, 678, 13, 10294, 23361, 3819, 25]",22,22,True,"Even if Britney Spears is really cute, her movie is really bad.","This is a film well worth seeing, talking and singing heads and all.",tigges,True
sst_tigges_pythia_correct_test,102,sst-8781,sst-8904,1,0,"Review Text: ''Men in Black II,'' has all the earmarks of a sequel. Review Sentiment:",Review Text: But what saves lives on the freeway does not necessarily make for persuasive viewing. Review Sentiment:,"""Review Text: ''Men in Black II,'' has all the earmarks of a sequel. Review Sentiment:""",'Review Text: But what saves lives on the freeway does not necessarily make for persuasive viewing. Review Sentiment:',52657669657720546578743a2027274d656e20696e20426c61636b2049492c27272068617320616c6c20746865206561726d61726b73206f6620612073657175656c2e205265766965772053656e74696d656e743a,52657669657720546578743a204275742077686174207361766573206c69766573206f6e20746865206672656577617920646f6573206e6f74206e65636573736172696c79206d616b6520666f7220706572737561736976652076696577696e672e205265766965772053656e74696d656e743a,5c303b32cadcad0f59479368f8fc8bde7052506ee95181126c602a13b6be6781,dc5dffcb79cf8308d80968206de5bdfacf995470455b897c3feb33091bd873e2,"[19432, 2918, 25, 3355, 28719, 304, 5235, 7946, 40510, 702, 678, 279, 95108, 7193, 315, 264, 34761, 13, 10294, 23361, 3819, 25]","[19432, 2918, 25, 1988, 1128, 25935, 6305, 389, 279, 83574, 1558, 537, 14312, 1281, 369, 65243, 20102, 13, 10294, 23361, 3819, 25]",22,22,True,"''Men in Black II,'' has all the earmarks of a sequel.",But what saves lives on the freeway does not necessarily make for persuasive viewing.,tigges,True
sst_tigges_pythia_correct_test,103,sst-8904,sst-8781,0,1,Review Text: But what saves lives on the freeway does not necessarily make for persuasive viewing. Review Sentiment:,"Review Text: ''Men in Black II,'' has all the earmarks of a sequel. Review Sentiment:",'Review Text: But what saves lives on the freeway does not necessarily make for persuasive viewing. Review Sentiment:',"""Review Text: ''Men in Black II,'' has all the earmarks of a sequel. Review Sentiment:""",52657669657720546578743a204275742077686174207361766573206c69766573206f6e20746865206672656577617920646f6573206e6f74206e65636573736172696c79206d616b6520666f7220706572737561736976652076696577696e672e205265766965772053656e74696d656e743a,52657669657720546578743a2027274d656e20696e20426c61636b2049492c27272068617320616c6c20746865206561726d61726b73206f6620612073657175656c2e205265766965772053656e74696d656e743a,dc5dffcb79cf8308d80968206de5bdfacf995470455b897c3feb33091bd873e2,5c303b32cadcad0f59479368f8fc8bde7052506ee95181126c602a13b6be6781,"[19432, 2918, 25, 1988, 1128, 25935, 6305, 389, 279, 83574, 1558, 537, 14312, 1281, 369, 65243, 20102, 13, 10294, 23361, 3819, 25]","[19432, 2918, 25, 3355, 28719, 304, 5235, 7946, 40510, 702, 678, 279, 95108, 7193, 315, 264, 34761, 13, 10294, 23361, 3819, 25]",22,22,True,But what saves lives on the freeway does not necessarily make for persuasive viewing.,"''Men in Black II,'' has all the earmarks of a sequel.",tigges,True
sst_tigges_pythia_correct_test,104,sst-258,sst-1031,1,0,"Review Text: His characters are engaging, intimate and the dialogue is realistic and greatly moving. Review Sentiment:",Review Text: There has been much puzzlement among critics about what the election symbolizes. Review Sentiment:,"'Review Text: His characters are engaging, intimate and the dialogue is realistic and greatly moving. Review Sentiment:'",'Review Text: There has been much puzzlement among critics about what the election symbolizes. Review Sentiment:',52657669657720546578743a2048697320636861726163746572732061726520656e676167696e672c20696e74696d61746520616e6420746865206469616c6f677565206973207265616c697374696320616e642067726561746c79206d6f76696e672e205265766965772053656e74696d656e743a,52657669657720546578743a20546865726520686173206265656e206d7563682070757a7a6c656d656e7420616d6f6e6720637269746963732061626f757420776861742074686520656c656374696f6e2073796d626f6c697a65732e205265766965772053656e74696d656e743a,09785cbb068d86b8862db5cfdc9c86d1ed05b492673ceff3f3a6232c7b2c90a0,794618cfb1fffa8e0b56e63cd979990007f39110bc0b693830b97a5907ae6599,"[19432, 2918, 25, 5301, 5766, 525, 22570, 11, 31387, 323, 279, 21276, 374, 25489, 323, 18875, 7218, 13, 10294, 23361, 3819, 25]","[19432, 2918, 25, 2619, 702, 1012, 1753, 31754, 986, 4221, 22698, 911, 1128, 279, 6223, 7735, 4756, 13, 10294, 23361, 3819, 25]",22,22,True,"His characters are engaging, intimate and the dialogue is realistic and greatly moving.",There has been much puzzlement among critics about what the election symbolizes.,tigges,True
sst_tigges_pythia_correct_test,105,sst-1031,sst-258,0,1,Review Text: There has been much puzzlement among critics about what the election symbolizes. Review Sentiment:,"Review Text: His characters are engaging, intimate and the dialogue is realistic and greatly moving. Review Sentiment:",'Review Text: There has been much puzzlement among critics about what the election symbolizes. Review Sentiment:',"'Review Text: His characters are engaging, intimate and the dialogue is realistic and greatly moving. Review Sentiment:'",52657669657720546578743a20546865726520686173206265656e206d7563682070757a7a6c656d656e7420616d6f6e6720637269746963732061626f757420776861742074686520656c656374696f6e2073796d626f6c697a65732e205265766965772053656e74696d656e743a,52657669657720546578743a2048697320636861726163746572732061726520656e676167696e672c20696e74696d61746520616e6420746865206469616c6f677565206973207265616c697374696320616e642067726561746c79206d6f76696e672e205265766965772053656e74696d656e743a,794618cfb1fffa8e0b56e63cd979990007f39110bc0b693830b97a5907ae6599,09785cbb068d86b8862db5cfdc9c86d1ed05b492673ceff3f3a6232c7b2c90a0,"[19432, 2918, 25, 2619, 702, 1012, 1753, 31754, 986, 4221, 22698, 911, 1128, 279, 6223, 7735, 4756, 13, 10294, 23361, 3819, 25]","[19432, 2918, 25, 5301, 5766, 525, 22570, 11, 31387, 323, 279, 21276, 374, 25489, 323, 18875, 7218, 13, 10294, 23361, 3819, 25]",22,22,True,There has been much puzzlement among critics about what the election symbolizes.,"His characters are engaging, intimate and the dialogue is realistic and greatly moving.",tigges,True
sst_tigges_pythia_correct_test,106,sst-588,sst-8691,1,0,Review Text: Tuck Everlasting achieves a delicate balance of romantic innocence and philosophical depth. Review Sentiment:,"Review Text: An ungainly, comedy-deficient, B-movie rush job... Review Sentiment:",'Review Text: Tuck Everlasting achieves a delicate balance of romantic innocence and philosophical depth. Review Sentiment:',"'Review Text: An ungainly, comedy-deficient, B-movie rush job... Review Sentiment:'",52657669657720546578743a205475636b20457665726c617374696e6720616368696576657320612064656c69636174652062616c616e6365206f6620726f6d616e74696320696e6e6f63656e636520616e64207068696c6f736f70686963616c2064657074682e205265766965772053656e74696d656e743a,52657669657720546578743a20416e20756e6761696e6c792c20636f6d6564792d646566696369656e742c20422d6d6f7669652072757368206a6f622e2e2e205265766965772053656e74696d656e743a,9ecfa28458fb399067d0308cf7432acc2072f87d59fa739502225fa501d5b940,6a28c4f2ef264d7e86b32987b16788aca628c0690eabffeadd8d7283697ca7ff,"[19432, 2918, 25, 350, 1942, 17892, 69429, 82591, 264, 35201, 8172, 315, 23467, 56211, 323, 40803, 7990, 13, 10294, 23361, 3819, 25]","[19432, 2918, 25, 1527, 50490, 466, 398, 11, 22358, 28799, 5385, 11, 425, 1448, 6327, 12973, 2618, 1112, 10294, 23361, 3819, 25]",22,22,True,Tuck Everlasting achieves a delicate balance of romantic innocence and philosophical depth.,"An ungainly, comedy-deficient, B-movie rush job...",tigges,True
sst_tigges_pythia_correct_test,107,sst-8691,sst-588,0,1,"Review Text: An ungainly, comedy-deficient, B-movie rush job... Review Sentiment:",Review Text: Tuck Everlasting achieves a delicate balance of romantic innocence and philosophical depth. Review Sentiment:,"'Review Text: An ungainly, comedy-deficient, B-movie rush job... Review Sentiment:'",'Review Text: Tuck Everlasting achieves a delicate balance of romantic innocence and philosophical depth. Review Sentiment:',52657669657720546578743a20416e20756e6761696e6c792c20636f6d6564792d646566696369656e742c20422d6d6f7669652072757368206a6f622e2e2e205265766965772053656e74696d656e743a,52657669657720546578743a205475636b20457665726c617374696e6720616368696576657320612064656c69636174652062616c616e6365206f6620726f6d616e74696320696e6e6f63656e636520616e64207068696c6f736f70686963616c2064657074682e205265766965772053656e74696d656e743a,6a28c4f2ef264d7e86b32987b16788aca628c0690eabffeadd8d7283697ca7ff,9ecfa28458fb399067d0308cf7432acc2072f87d59fa739502225fa501d5b940,"[19432, 2918, 25, 1527, 50490, 466, 398, 11, 22358, 28799, 5385, 11, 425, 1448, 6327, 12973, 2618, 1112, 10294, 23361, 3819, 25]","[19432, 2918, 25, 350, 1942, 17892, 69429, 82591, 264, 35201, 8172, 315, 23467, 56211, 323, 40803, 7990, 13, 10294, 23361, 3819, 25]",22,22,True,"An ungainly, comedy-deficient, B-movie rush job...",Tuck Everlasting achieves a delicate balance of romantic innocence and philosophical depth.,tigges,True
sst_tigges_pythia_correct_test,108,sst-248,sst-8488,1,0,Review Text: Lead provocatuers Testud and Parmentier give superlative performances Review Sentiment:,"Review Text: But as a movie, it's a humorless, disjointed mess. Review Sentiment:",'Review Text: Lead provocatuers Testud and Parmentier give superlative performances Review Sentiment:',"""Review Text: But as a movie, it's a humorless, disjointed mess. Review Sentiment:""",52657669657720546578743a204c6561642070726f766f636174756572732054657374756420616e64205061726d656e7469657220676976652073757065726c617469766520706572666f726d616e636573205265766965772053656e74696d656e743a,52657669657720546578743a204275742061732061206d6f7669652c206974277320612068756d6f726c6573732c206469736a6f696e746564206d6573732e205265766965772053656e74696d656e743a,78c79104bf28e5de44f8640b50431d33320add2d4b3ae417d9eb3405f9295725,288a4bef0746cdee308ac47bc96d325fad490c0c80413e4ef16e10848e2692f6,"[19432, 2918, 25, 29882, 41402, 35309, 388, 3393, 661, 323, 4270, 478, 1268, 2968, 2256, 75, 1388, 23675, 10294, 23361, 3819, 25]","[19432, 2918, 25, 1988, 438, 264, 5700, 11, 432, 594, 264, 27385, 1717, 11, 84784, 291, 9435, 13, 10294, 23361, 3819, 25]",22,22,True,Lead provocatuers Testud and Parmentier give superlative performances,"But as a movie, it's a humorless, disjointed mess.",tigges,True
sst_tigges_pythia_correct_test,109,sst-8488,sst-248,0,1,"Review Text: But as a movie, it's a humorless, disjointed mess. Review Sentiment:",Review Text: Lead provocatuers Testud and Parmentier give superlative performances Review Sentiment:,"""Review Text: But as a movie, it's a humorless, disjointed mess. Review Sentiment:""",'Review Text: Lead provocatuers Testud and Parmentier give superlative performances Review Sentiment:',52657669657720546578743a204275742061732061206d6f7669652c206974277320612068756d6f726c6573732c206469736a6f696e746564206d6573732e205265766965772053656e74696d656e743a,52657669657720546578743a204c6561642070726f766f636174756572732054657374756420616e64205061726d656e7469657220676976652073757065726c617469766520706572666f726d616e636573205265766965772053656e74696d656e743a,288a4bef0746cdee308ac47bc96d325fad490c0c80413e4ef16e10848e2692f6,78c79104bf28e5de44f8640b50431d33320add2d4b3ae417d9eb3405f9295725,"[19432, 2918, 25, 1988, 438, 264, 5700, 11, 432, 594, 264, 27385, 1717, 11, 84784, 291, 9435, 13, 10294, 23361, 3819, 25]","[19432, 2918, 25, 29882, 41402, 35309, 388, 3393, 661, 323, 4270, 478, 1268, 2968, 2256, 75, 1388, 23675, 10294, 23361, 3819, 25]",22,22,True,"But as a movie, it's a humorless, disjointed mess.",Lead provocatuers Testud and Parmentier give superlative performances,tigges,True
sst_tigges_pythia_correct_test,110,sst-911,sst-8618,1,0,Review Text: The spark of special anime magic here is unmistakable and hard to resist. Review Sentiment:,"Review Text: Needless to say, the dramatics that follow are utter hooey. Review Sentiment:",'Review Text: The spark of special anime magic here is unmistakable and hard to resist. Review Sentiment:',"'Review Text: Needless to say, the dramatics that follow are utter hooey. Review Sentiment:'",52657669657720546578743a2054686520737061726b206f66207370656369616c20616e696d65206d61676963206865726520697320756e6d697374616b61626c6520616e64206861726420746f207265736973742e205265766965772053656e74696d656e743a,52657669657720546578743a204e6565646c65737320746f207361792c20746865206472616d6174696373207468617420666f6c6c6f772061726520757474657220686f6f65792e205265766965772053656e74696d656e743a,8cd7b09f072b79a7a828c38392ce826faa683a10832f9521b3d5f10a341f02ff,88869c3afd5cc565846f9d328fc647a29b35a5587fcd42ad41d0719d614ee3b2,"[19432, 2918, 25, 576, 15186, 315, 3281, 22809, 10963, 1588, 374, 95107, 480, 323, 2588, 311, 22106, 13, 10294, 23361, 3819, 25]","[19432, 2918, 25, 82283, 311, 1977, 11, 279, 21771, 82, 429, 1795, 525, 21532, 305, 2624, 1195, 13, 10294, 23361, 3819, 25]",22,22,True,The spark of special anime magic here is unmistakable and hard to resist.,"Needless to say, the dramatics that follow are utter hooey.",tigges,True
sst_tigges_pythia_correct_test,111,sst-8618,sst-911,0,1,"Review Text: Needless to say, the dramatics that follow are utter hooey. Review Sentiment:",Review Text: The spark of special anime magic here is unmistakable and hard to resist. Review Sentiment:,"'Review Text: Needless to say, the dramatics that follow are utter hooey. Review Sentiment:'",'Review Text: The spark of special anime magic here is unmistakable and hard to resist. Review Sentiment:',52657669657720546578743a204e6565646c65737320746f207361792c20746865206472616d6174696373207468617420666f6c6c6f772061726520757474657220686f6f65792e205265766965772053656e74696d656e743a,52657669657720546578743a2054686520737061726b206f66207370656369616c20616e696d65206d61676963206865726520697320756e6d697374616b61626c6520616e64206861726420746f207265736973742e205265766965772053656e74696d656e743a,88869c3afd5cc565846f9d328fc647a29b35a5587fcd42ad41d0719d614ee3b2,8cd7b09f072b79a7a828c38392ce826faa683a10832f9521b3d5f10a341f02ff,"[19432, 2918, 25, 82283, 311, 1977, 11, 279, 21771, 82, 429, 1795, 525, 21532, 305, 2624, 1195, 13, 10294, 23361, 3819, 25]","[19432, 2918, 25, 576, 15186, 315, 3281, 22809, 10963, 1588, 374, 95107, 480, 323, 2588, 311, 22106, 13, 10294, 23361, 3819, 25]",22,22,True,"Needless to say, the dramatics that follow are utter hooey.",The spark of special anime magic here is unmistakable and hard to resist.,tigges,True
sst_tigges_pythia_correct_test,112,sst-113,sst-8262,1,0,Review Text: A romantic comedy that operates by the rules of its own self-contained universe. Review Sentiment:,"Review Text: A boring, formulaic mix of serial killers and stalk'n' slash. Review Sentiment:",'Review Text: A romantic comedy that operates by the rules of its own self-contained universe. Review Sentiment:',"""Review Text: A boring, formulaic mix of serial killers and stalk'n' slash. Review Sentiment:""",52657669657720546578743a204120726f6d616e74696320636f6d6564792074686174206f70657261746573206279207468652072756c6573206f6620697473206f776e2073656c662d636f6e7461696e656420756e6976657273652e205265766965772053656e74696d656e743a,52657669657720546578743a204120626f72696e672c20666f726d756c616963206d6978206f662073657269616c206b696c6c65727320616e64207374616c6b276e2720736c6173682e205265766965772053656e74696d656e743a,e58e140f130774d0ebd34e851a71254986c9ac206dcdc21a0b5738d0e38f5250,565881eb05f288f33172b6cb4dfc1fc0ae5c013704ecf7e442da0f37f039cb8f,"[19432, 2918, 25, 362, 23467, 22358, 429, 26057, 553, 279, 5601, 315, 1181, 1828, 656, 95224, 15494, 13, 10294, 23361, 3819, 25]","[19432, 2918, 25, 362, 27759, 11, 14806, 292, 6514, 315, 6146, 60035, 323, 54872, 43786, 6, 36626, 13, 10294, 23361, 3819, 25]",22,22,True,A romantic comedy that operates by the rules of its own self-contained universe.,"A boring, formulaic mix of serial killers and stalk'n' slash.",tigges,True
sst_tigges_pythia_correct_test,113,sst-8262,sst-113,0,1,"Review Text: A boring, formulaic mix of serial killers and stalk'n' slash. Review Sentiment:",Review Text: A romantic comedy that operates by the rules of its own self-contained universe. Review Sentiment:,"""Review Text: A boring, formulaic mix of serial killers and stalk'n' slash. Review Sentiment:""",'Review Text: A romantic comedy that operates by the rules of its own self-contained universe. Review Sentiment:',52657669657720546578743a204120626f72696e672c20666f726d756c616963206d6978206f662073657269616c206b696c6c65727320616e64207374616c6b276e2720736c6173682e205265766965772053656e74696d656e743a,52657669657720546578743a204120726f6d616e74696320636f6d6564792074686174206f70657261746573206279207468652072756c6573206f6620697473206f776e2073656c662d636f6e7461696e656420756e6976657273652e205265766965772053656e74696d656e743a,565881eb05f288f33172b6cb4dfc1fc0ae5c013704ecf7e442da0f37f039cb8f,e58e140f130774d0ebd34e851a71254986c9ac206dcdc21a0b5738d0e38f5250,"[19432, 2918, 25, 362, 27759, 11, 14806, 292, 6514, 315, 6146, 60035, 323, 54872, 43786, 6, 36626, 13, 10294, 23361, 3819, 25]","[19432, 2918, 25, 362, 23467, 22358, 429, 26057, 553, 279, 5601, 315, 1181, 1828, 656, 95224, 15494, 13, 10294, 23361, 3819, 25]",22,22,True,"A boring, formulaic mix of serial killers and stalk'n' slash.",A romantic comedy that operates by the rules of its own self-contained universe.,tigges,True
sst_tigges_pythia_correct_test,114,sst-1116,sst-8218,1,0,Review Text: Flawed but worthy look at life in U.S. relocation camps. Review Sentiment:,"Review Text: ... an unimaginative, nasty, glibly cynical piece of work. Review Sentiment:",'Review Text: Flawed but worthy look at life in U.S. relocation camps. Review Sentiment:',"'Review Text: ... an unimaginative, nasty, glibly cynical piece of work. Review Sentiment:'",52657669657720546578743a20466c617765642062757420776f72746879206c6f6f6b206174206c69666520696e20552e532e2072656c6f636174696f6e2063616d70732e205265766965772053656e74696d656e743a,52657669657720546578743a202e2e2e20616e20756e696d6167696e61746976652c206e617374792c20676c69626c792063796e6963616c207069656365206f6620776f726b2e205265766965772053656e74696d656e743a,95d2aea6042ea361c356c7f3eec7ec61a09c74ebb22c3118722e2d9df6d91fb0,c4f802a5f56cc5fe6d80dceb36958c1eff5904be4745927321246e856430e088,"[19432, 2918, 25, 2988, 672, 291, 714, 27290, 1401, 518, 2272, 304, 547, 808, 13, 59895, 28035, 13, 10294, 23361, 3819, 25]","[19432, 2918, 25, 2503, 458, 86112, 1388, 11, 34407, 11, 342, 2740, 398, 69679, 6573, 315, 975, 13, 10294, 23361, 3819, 25]",22,22,True,Flawed but worthy look at life in U.S. relocation camps.,"... an unimaginative, nasty, glibly cynical piece of work.",tigges,True
sst_tigges_pythia_correct_test,115,sst-8218,sst-1116,0,1,"Review Text: ... an unimaginative, nasty, glibly cynical piece of work. Review Sentiment:",Review Text: Flawed but worthy look at life in U.S. relocation camps. Review Sentiment:,"'Review Text: ... an unimaginative, nasty, glibly cynical piece of work. Review Sentiment:'",'Review Text: Flawed but worthy look at life in U.S. relocation camps. Review Sentiment:',52657669657720546578743a202e2e2e20616e20756e696d6167696e61746976652c206e617374792c20676c69626c792063796e6963616c207069656365206f6620776f726b2e205265766965772053656e74696d656e743a,52657669657720546578743a20466c617765642062757420776f72746879206c6f6f6b206174206c69666520696e20552e532e2072656c6f636174696f6e2063616d70732e205265766965772053656e74696d656e743a,c4f802a5f56cc5fe6d80dceb36958c1eff5904be4745927321246e856430e088,95d2aea6042ea361c356c7f3eec7ec61a09c74ebb22c3118722e2d9df6d91fb0,"[19432, 2918, 25, 2503, 458, 86112, 1388, 11, 34407, 11, 342, 2740, 398, 69679, 6573, 315, 975, 13, 10294, 23361, 3819, 25]","[19432, 2918, 25, 2988, 672, 291, 714, 27290, 1401, 518, 2272, 304, 547, 808, 13, 59895, 28035, 13, 10294, 23361, 3819, 25]",22,22,True,"... an unimaginative, nasty, glibly cynical piece of work.",Flawed but worthy look at life in U.S. relocation camps.,tigges,True
sst_tigges_pythia_correct_test,116,sst-610,sst-8624,1,0,Review Text: A historical epic with the courage of its convictions about both scope and detail. Review Sentiment:,Review Text: But the characters tend to be cliches whose lives are never fully explored. Review Sentiment:,'Review Text: A historical epic with the courage of its convictions about both scope and detail. Review Sentiment:','Review Text: But the characters tend to be cliches whose lives are never fully explored. Review Sentiment:',52657669657720546578743a204120686973746f726963616c206570696320776974682074686520636f7572616765206f662069747320636f6e76696374696f6e732061626f757420626f74682073636f706520616e642064657461696c2e205265766965772053656e74696d656e743a,52657669657720546578743a204275742074686520636861726163746572732074656e6420746f20626520636c69636865732077686f7365206c6976657320617265206e657665722066756c6c79206578706c6f7265642e205265766965772053656e74696d656e743a,821d60e6635d037a8e4cc0c2c3f475db2649e3f29a3a408fce8e92c68b596880,a4c5f886de2b587dc2a8dbb2af1f1489314c17c6e4697ce71e12a0cd03bde724,"[19432, 2918, 25, 362, 13656, 24679, 448, 279, 24744, 315, 1181, 46915, 911, 2176, 6891, 323, 7716, 13, 10294, 23361, 3819, 25]","[19432, 2918, 25, 1988, 279, 5766, 8376, 311, 387, 62592, 288, 6693, 6305, 525, 2581, 7225, 35031, 13, 10294, 23361, 3819, 25]",22,22,True,A historical epic with the courage of its convictions about both scope and detail.,But the characters tend to be cliches whose lives are never fully explored.,tigges,True
sst_tigges_pythia_correct_test,117,sst-8624,sst-610,0,1,Review Text: But the characters tend to be cliches whose lives are never fully explored. Review Sentiment:,Review Text: A historical epic with the courage of its convictions about both scope and detail. Review Sentiment:,'Review Text: But the characters tend to be cliches whose lives are never fully explored. Review Sentiment:','Review Text: A historical epic with the courage of its convictions about both scope and detail. Review Sentiment:',52657669657720546578743a204275742074686520636861726163746572732074656e6420746f20626520636c69636865732077686f7365206c6976657320617265206e657665722066756c6c79206578706c6f7265642e205265766965772053656e74696d656e743a,52657669657720546578743a204120686973746f726963616c206570696320776974682074686520636f7572616765206f662069747320636f6e76696374696f6e732061626f757420626f74682073636f706520616e642064657461696c2e205265766965772053656e74696d656e743a,a4c5f886de2b587dc2a8dbb2af1f1489314c17c6e4697ce71e12a0cd03bde724,821d60e6635d037a8e4cc0c2c3f475db2649e3f29a3a408fce8e92c68b596880,"[19432, 2918, 25, 1988, 279, 5766, 8376, 311, 387, 62592, 288, 6693, 6305, 525, 2581, 7225, 35031, 13, 10294, 23361, 3819, 25]","[19432, 2918, 25, 362, 13656, 24679, 448, 279, 24744, 315, 1181, 46915, 911, 2176, 6891, 323, 7716, 13, 10294, 23361, 3819, 25]",22,22,True,But the characters tend to be cliches whose lives are never fully explored.,A historical epic with the courage of its convictions about both scope and detail.,tigges,True
sst_tigges_pythia_correct_test,118,sst-530,sst-8512,1,0,Review Text: Few films this year have been as resolute in their emotional nakedness. Review Sentiment:,"Review Text: All the characters are stereotypes, and their interaction is numbingly predictable. Review Sentiment:",'Review Text: Few films this year have been as resolute in their emotional nakedness. Review Sentiment:',"'Review Text: All the characters are stereotypes, and their interaction is numbingly predictable. Review Sentiment:'",52657669657720546578743a204665772066696c6d73207468697320796561722068617665206265656e206173207265736f6c75746520696e20746865697220656d6f74696f6e616c206e616b65646e6573732e205265766965772053656e74696d656e743a,52657669657720546578743a20416c6c207468652063686172616374657273206172652073746572656f74797065732c20616e6420746865697220696e746572616374696f6e206973206e756d62696e676c79207072656469637461626c652e205265766965772053656e74696d656e743a,0dd7480c84b6162fd597abc51aae74f1406efc96f66841c1b01e78c28b7cf375,d1db69e049ac0713102342cb64fd81a542bdb84cf3787242b8620ccdbe9fa9eb,"[19432, 2918, 25, 42915, 12351, 419, 1042, 614, 1012, 438, 592, 6268, 304, 862, 14269, 19020, 2090, 13, 10294, 23361, 3819, 25]","[19432, 2918, 25, 2009, 279, 5766, 525, 53068, 11, 323, 862, 16230, 374, 1629, 7132, 398, 44107, 13, 10294, 23361, 3819, 25]",22,22,True,Few films this year have been as resolute in their emotional nakedness.,"All the characters are stereotypes, and their interaction is numbingly predictable.",tigges,True
sst_tigges_pythia_correct_test,119,sst-8512,sst-530,0,1,"Review Text: All the characters are stereotypes, and their interaction is numbingly predictable. Review Sentiment:",Review Text: Few films this year have been as resolute in their emotional nakedness. Review Sentiment:,"'Review Text: All the characters are stereotypes, and their interaction is numbingly predictable. Review Sentiment:'",'Review Text: Few films this year have been as resolute in their emotional nakedness. Review Sentiment:',52657669657720546578743a20416c6c207468652063686172616374657273206172652073746572656f74797065732c20616e6420746865697220696e746572616374696f6e206973206e756d62696e676c79207072656469637461626c652e205265766965772053656e74696d656e743a,52657669657720546578743a204665772066696c6d73207468697320796561722068617665206265656e206173207265736f6c75746520696e20746865697220656d6f74696f6e616c206e616b65646e6573732e205265766965772053656e74696d656e743a,d1db69e049ac0713102342cb64fd81a542bdb84cf3787242b8620ccdbe9fa9eb,0dd7480c84b6162fd597abc51aae74f1406efc96f66841c1b01e78c28b7cf375,"[19432, 2918, 25, 2009, 279, 5766, 525, 53068, 11, 323, 862, 16230, 374, 1629, 7132, 398, 44107, 13, 10294, 23361, 3819, 25]","[19432, 2918, 25, 42915, 12351, 419, 1042, 614, 1012, 438, 592, 6268, 304, 862, 14269, 19020, 2090, 13, 10294, 23361, 3819, 25]",22,22,True,"All the characters are stereotypes, and their interaction is numbingly predictable.",Few films this year have been as resolute in their emotional nakedness.,tigges,True
sst_tigges_pythia_correct_test,120,sst-1091,sst-8538,1,0,"Review Text: Human Resources was a good, straightforward tale, but Time Out is better. Review Sentiment:",Review Text: This formulaic chiller will do little to boost Stallone's career. Review Sentiment:,"'Review Text: Human Resources was a good, straightforward tale, but Time Out is better. Review Sentiment:'","""Review Text: This formulaic chiller will do little to boost Stallone's career. Review Sentiment:""",52657669657720546578743a2048756d616e205265736f757263657320776173206120676f6f642c207374726169676874666f72776172642074616c652c206275742054696d65204f7574206973206265747465722e205265766965772053656e74696d656e743a,52657669657720546578743a205468697320666f726d756c616963206368696c6c65722077696c6c20646f206c6974746c6520746f20626f6f7374205374616c6c6f6e652773206361726565722e205265766965772053656e74696d656e743a,50128c13927997a9234a66b17762f461702ab39dd55e67acb61465fb977063e8,97418e08b420ce6d82398d07b1330fc8744021f6177c95b9ffeee1b574949d00,"[19432, 2918, 25, 11097, 16209, 572, 264, 1661, 11, 30339, 23281, 11, 714, 4120, 4371, 374, 2664, 13, 10294, 23361, 3819, 25]","[19432, 2918, 25, 1096, 14806, 292, 521, 15252, 686, 653, 2632, 311, 7760, 71870, 603, 594, 6931, 13, 10294, 23361, 3819, 25]",22,22,True,"Human Resources was a good, straightforward tale, but Time Out is better.",This formulaic chiller will do little to boost Stallone's career.,tigges,True
sst_tigges_pythia_correct_test,121,sst-8538,sst-1091,0,1,Review Text: This formulaic chiller will do little to boost Stallone's career. Review Sentiment:,"Review Text: Human Resources was a good, straightforward tale, but Time Out is better. Review Sentiment:","""Review Text: This formulaic chiller will do little to boost Stallone's career. Review Sentiment:""","'Review Text: Human Resources was a good, straightforward tale, but Time Out is better. Review Sentiment:'",52657669657720546578743a205468697320666f726d756c616963206368696c6c65722077696c6c20646f206c6974746c6520746f20626f6f7374205374616c6c6f6e652773206361726565722e205265766965772053656e74696d656e743a,52657669657720546578743a2048756d616e205265736f757263657320776173206120676f6f642c207374726169676874666f72776172642074616c652c206275742054696d65204f7574206973206265747465722e205265766965772053656e74696d656e743a,97418e08b420ce6d82398d07b1330fc8744021f6177c95b9ffeee1b574949d00,50128c13927997a9234a66b17762f461702ab39dd55e67acb61465fb977063e8,"[19432, 2918, 25, 1096, 14806, 292, 521, 15252, 686, 653, 2632, 311, 7760, 71870, 603, 594, 6931, 13, 10294, 23361, 3819, 25]","[19432, 2918, 25, 11097, 16209, 572, 264, 1661, 11, 30339, 23281, 11, 714, 4120, 4371, 374, 2664, 13, 10294, 23361, 3819, 25]",22,22,True,This formulaic chiller will do little to boost Stallone's career.,"Human Resources was a good, straightforward tale, but Time Out is better.",tigges,True
sst_tigges_pythia_correct_test,122,sst-809,sst-8808,1,0,Review Text: A marvellous journey from childhood idealism to adolescent self-absorption. Review Sentiment:,Review Text: fear dot com is so rambling and disconnected it never builds any suspense. Review Sentiment:,'Review Text: A marvellous journey from childhood idealism to adolescent self-absorption. Review Sentiment:','Review Text: fear dot com is so rambling and disconnected it never builds any suspense. Review Sentiment:',52657669657720546578743a2041206d617276656c6c6f7573206a6f75726e65792066726f6d206368696c64686f6f6420696465616c69736d20746f2061646f6c657363656e742073656c662d6162736f727074696f6e2e205265766965772053656e74696d656e743a,52657669657720546578743a206665617220646f7420636f6d20697320736f2072616d626c696e6720616e6420646973636f6e6e6563746564206974206e65766572206275696c647320616e792073757370656e73652e205265766965772053656e74696d656e743a,2f8562a8333fb64ef54c80775fdcd6560b08945fd7f02d9a867804222e623875,9abd63caca6e092e655f01e35e7ce05b625d0e9ddf32503302e06565d72982ef,"[19432, 2918, 25, 362, 3594, 72212, 782, 11618, 504, 19990, 10507, 2142, 311, 34988, 656, 96410, 65081, 13, 10294, 23361, 3819, 25]","[19432, 2918, 25, 8679, 12756, 469, 374, 773, 17823, 9695, 323, 39086, 432, 2581, 22111, 894, 71830, 13, 10294, 23361, 3819, 25]",22,22,True,A marvellous journey from childhood idealism to adolescent self-absorption.,fear dot com is so rambling and disconnected it never builds any suspense.,tigges,True
sst_tigges_pythia_correct_test,123,sst-8808,sst-809,0,1,Review Text: fear dot com is so rambling and disconnected it never builds any suspense. Review Sentiment:,Review Text: A marvellous journey from childhood idealism to adolescent self-absorption. Review Sentiment:,'Review Text: fear dot com is so rambling and disconnected it never builds any suspense. Review Sentiment:','Review Text: A marvellous journey from childhood idealism to adolescent self-absorption. Review Sentiment:',52657669657720546578743a206665617220646f7420636f6d20697320736f2072616d626c696e6720616e6420646973636f6e6e6563746564206974206e65766572206275696c647320616e792073757370656e73652e205265766965772053656e74696d656e743a,52657669657720546578743a2041206d617276656c6c6f7573206a6f75726e65792066726f6d206368696c64686f6f6420696465616c69736d20746f2061646f6c657363656e742073656c662d6162736f727074696f6e2e205265766965772053656e74696d656e743a,9abd63caca6e092e655f01e35e7ce05b625d0e9ddf32503302e06565d72982ef,2f8562a8333fb64ef54c80775fdcd6560b08945fd7f02d9a867804222e623875,"[19432, 2918, 25, 8679, 12756, 469, 374, 773, 17823, 9695, 323, 39086, 432, 2581, 22111, 894, 71830, 13, 10294, 23361, 3819, 25]","[19432, 2918, 25, 362, 3594, 72212, 782, 11618, 504, 19990, 10507, 2142, 311, 34988, 656, 96410, 65081, 13, 10294, 23361, 3819, 25]",22,22,True,fear dot com is so rambling and disconnected it never builds any suspense.,A marvellous journey from childhood idealism to adolescent self-absorption.,tigges,True
sst_tigges_pythia_correct_test,124,sst-786,sst-9032,1,0,"Review Text: The comic performances are all spot on, especially Lee Ross's turn as Ken. Review Sentiment:","Review Text: I found it slow, drab, and bordering on melodramatic. Review Sentiment:","""Review Text: The comic performances are all spot on, especially Lee Ross's turn as Ken. Review Sentiment:""","'Review Text: I found it slow, drab, and bordering on melodramatic. Review Sentiment:'",52657669657720546578743a2054686520636f6d696320706572666f726d616e6365732061726520616c6c2073706f74206f6e2c20657370656369616c6c79204c656520526f73732773207475726e206173204b656e2e205265766965772053656e74696d656e743a,52657669657720546578743a204920666f756e6420697420736c6f772c20647261622c20616e6420626f72646572696e67206f6e206d656c6f6472616d617469632e205265766965772053656e74696d656e743a,79e86785729ecd1a444c6abfec490e5549db79929fe540f7266818d2c5b503d7,8bbba5735618c266041a7a54959bb516eee4b69a460f3a2e075e48151cbc64e3,"[19432, 2918, 25, 576, 19724, 23675, 525, 678, 7702, 389, 11, 5310, 12066, 20482, 594, 2484, 438, 14259, 13, 10294, 23361, 3819, 25]","[19432, 2918, 25, 358, 1730, 432, 6301, 11, 1353, 370, 11, 323, 3886, 287, 389, 96274, 2396, 774, 13, 10294, 23361, 3819, 25]",23,23,True,"The comic performances are all spot on, especially Lee Ross's turn as Ken.","I found it slow, drab, and bordering on melodramatic.",tigges,True
sst_tigges_pythia_correct_test,125,sst-9032,sst-786,0,1,"Review Text: I found it slow, drab, and bordering on melodramatic. Review Sentiment:","Review Text: The comic performances are all spot on, especially Lee Ross's turn as Ken. Review Sentiment:","'Review Text: I found it slow, drab, and bordering on melodramatic. Review Sentiment:'","""Review Text: The comic performances are all spot on, especially Lee Ross's turn as Ken. Review Sentiment:""",52657669657720546578743a204920666f756e6420697420736c6f772c20647261622c20616e6420626f72646572696e67206f6e206d656c6f6472616d617469632e205265766965772053656e74696d656e743a,52657669657720546578743a2054686520636f6d696320706572666f726d616e6365732061726520616c6c2073706f74206f6e2c20657370656369616c6c79204c656520526f73732773207475726e206173204b656e2e205265766965772053656e74696d656e743a,8bbba5735618c266041a7a54959bb516eee4b69a460f3a2e075e48151cbc64e3,79e86785729ecd1a444c6abfec490e5549db79929fe540f7266818d2c5b503d7,"[19432, 2918, 25, 358, 1730, 432, 6301, 11, 1353, 370, 11, 323, 3886, 287, 389, 96274, 2396, 774, 13, 10294, 23361, 3819, 25]","[19432, 2918, 25, 576, 19724, 23675, 525, 678, 7702, 389, 11, 5310, 12066, 20482, 594, 2484, 438, 14259, 13, 10294, 23361, 3819, 25]",23,23,True,"I found it slow, drab, and bordering on melodramatic.","The comic performances are all spot on, especially Lee Ross's turn as Ken.",tigges,True
sst_tigges_pythia_correct_test,126,sst-1068,sst-8688,1,0,"Review Text: Superior genre storytelling, which gets under our skin simply by crossing the nuclear line. Review Sentiment:","Review Text: The angst-ridden, affluent slacker characters are more grating than engaging. Review Sentiment:","'Review Text: Superior genre storytelling, which gets under our skin simply by crossing the nuclear line. Review Sentiment:'","'Review Text: The angst-ridden, affluent slacker characters are more grating than engaging. Review Sentiment:'",52657669657720546578743a205375706572696f722067656e72652073746f727974656c6c696e672c207768696368206765747320756e646572206f757220736b696e2073696d706c792062792063726f7373696e6720746865206e75636c656172206c696e652e205265766965772053656e74696d656e743a,52657669657720546578743a2054686520616e6773742d72696464656e2c206166666c75656e7420736c61636b6572206368617261637465727320617265206d6f72652067726174696e67207468616e20656e676167696e672e205265766965772053656e74696d656e743a,e0a4b1850bd36997420915c2353dc94bb08e9e3bb3804103374b76061775b816,831ee19da738837e176ad90c237d808ef1150c45032ccce29edf9c91202ddf95,"[19432, 2918, 25, 40941, 17328, 47829, 11, 892, 5221, 1212, 1039, 6787, 4936, 553, 26638, 279, 11249, 1555, 13, 10294, 23361, 3819, 25]","[19432, 2918, 25, 576, 90319, 3795, 2854, 11, 80779, 1739, 9683, 5766, 525, 803, 1081, 1095, 1091, 22570, 13, 10294, 23361, 3819, 25]",23,23,True,"Superior genre storytelling, which gets under our skin simply by crossing the nuclear line.","The angst-ridden, affluent slacker characters are more grating than engaging.",tigges,True
sst_tigges_pythia_correct_test,127,sst-8688,sst-1068,0,1,"Review Text: The angst-ridden, affluent slacker characters are more grating than engaging. Review Sentiment:","Review Text: Superior genre storytelling, which gets under our skin simply by crossing the nuclear line. Review Sentiment:","'Review Text: The angst-ridden, affluent slacker characters are more grating than engaging. Review Sentiment:'","'Review Text: Superior genre storytelling, which gets under our skin simply by crossing the nuclear line. Review Sentiment:'",52657669657720546578743a2054686520616e6773742d72696464656e2c206166666c75656e7420736c61636b6572206368617261637465727320617265206d6f72652067726174696e67207468616e20656e676167696e672e205265766965772053656e74696d656e743a,52657669657720546578743a205375706572696f722067656e72652073746f727974656c6c696e672c207768696368206765747320756e646572206f757220736b696e2073696d706c792062792063726f7373696e6720746865206e75636c656172206c696e652e205265766965772053656e74696d656e743a,831ee19da738837e176ad90c237d808ef1150c45032ccce29edf9c91202ddf95,e0a4b1850bd36997420915c2353dc94bb08e9e3bb3804103374b76061775b816,"[19432, 2918, 25, 576, 90319, 3795, 2854, 11, 80779, 1739, 9683, 5766, 525, 803, 1081, 1095, 1091, 22570, 13, 10294, 23361, 3819, 25]","[19432, 2918, 25, 40941, 17328, 47829, 11, 892, 5221, 1212, 1039, 6787, 4936, 553, 26638, 279, 11249, 1555, 13, 10294, 23361, 3819, 25]",23,23,True,"The angst-ridden, affluent slacker characters are more grating than engaging.","Superior genre storytelling, which gets under our skin simply by crossing the nuclear line.",tigges,True
sst_tigges_pythia_correct_test,128,sst-976,sst-8428,1,0,Review Text: Occasionally amateurishly made but a winsome cast and nice dialogue keeps it going. Review Sentiment:,"Review Text: Philip K. Dick must be turning in his grave, along with my stomach. Review Sentiment:",'Review Text: Occasionally amateurishly made but a winsome cast and nice dialogue keeps it going. Review Sentiment:',"'Review Text: Philip K. Dick must be turning in his grave, along with my stomach. Review Sentiment:'",52657669657720546578743a204f63636173696f6e616c6c7920616d61746575726973686c79206d6164652062757420612077696e736f6d65206361737420616e64206e696365206469616c6f677565206b6565707320697420676f696e672e205265766965772053656e74696d656e743a,52657669657720546578743a205068696c6970204b2e204469636b206d757374206265207475726e696e6720696e206869732067726176652c20616c6f6e672077697468206d792073746f6d6163682e205265766965772053656e74696d656e743a,2c22c6dbdebe991cc1f7b0dec57d171cba5ffef83a18bbf3fbdb6650ce93a7f2,15a1c31088d8a4d36d17a395cbfc2e438cf64eb80274188a8e07e1b3e2b4e2fe,"[19432, 2918, 25, 88326, 18566, 64823, 1865, 714, 264, 14816, 635, 6311, 323, 6419, 21276, 13598, 432, 2087, 13, 10294, 23361, 3819, 25]","[19432, 2918, 25, 25179, 730, 13, 22557, 1969, 387, 13054, 304, 806, 24190, 11, 3156, 448, 847, 22350, 13, 10294, 23361, 3819, 25]",23,23,True,Occasionally amateurishly made but a winsome cast and nice dialogue keeps it going.,"Philip K. Dick must be turning in his grave, along with my stomach.",tigges,True
sst_tigges_pythia_correct_test,129,sst-8428,sst-976,0,1,"Review Text: Philip K. Dick must be turning in his grave, along with my stomach. Review Sentiment:",Review Text: Occasionally amateurishly made but a winsome cast and nice dialogue keeps it going. Review Sentiment:,"'Review Text: Philip K. Dick must be turning in his grave, along with my stomach. Review Sentiment:'",'Review Text: Occasionally amateurishly made but a winsome cast and nice dialogue keeps it going. Review Sentiment:',52657669657720546578743a205068696c6970204b2e204469636b206d757374206265207475726e696e6720696e206869732067726176652c20616c6f6e672077697468206d792073746f6d6163682e205265766965772053656e74696d656e743a,52657669657720546578743a204f63636173696f6e616c6c7920616d61746575726973686c79206d6164652062757420612077696e736f6d65206361737420616e64206e696365206469616c6f677565206b6565707320697420676f696e672e205265766965772053656e74696d656e743a,15a1c31088d8a4d36d17a395cbfc2e438cf64eb80274188a8e07e1b3e2b4e2fe,2c22c6dbdebe991cc1f7b0dec57d171cba5ffef83a18bbf3fbdb6650ce93a7f2,"[19432, 2918, 25, 25179, 730, 13, 22557, 1969, 387, 13054, 304, 806, 24190, 11, 3156, 448, 847, 22350, 13, 10294, 23361, 3819, 25]","[19432, 2918, 25, 88326, 18566, 64823, 1865, 714, 264, 14816, 635, 6311, 323, 6419, 21276, 13598, 432, 2087, 13, 10294, 23361, 3819, 25]",23,23,True,"Philip K. Dick must be turning in his grave, along with my stomach.",Occasionally amateurishly made but a winsome cast and nice dialogue keeps it going.,tigges,True
sst_tigges_pythia_correct_test,130,sst-101,sst-8548,1,0,"Review Text: If nothing else, this movie introduces a promising, unusual kind of psychological horror. Review Sentiment:",Review Text: The title's lameness should clue you in on how bad the movie is. Review Sentiment:,"'Review Text: If nothing else, this movie introduces a promising, unusual kind of psychological horror. Review Sentiment:'","""Review Text: The title's lameness should clue you in on how bad the movie is. Review Sentiment:""",52657669657720546578743a204966206e6f7468696e6720656c73652c2074686973206d6f76696520696e74726f647563657320612070726f6d6973696e672c20756e757375616c206b696e64206f662070737963686f6c6f676963616c20686f72726f722e205265766965772053656e74696d656e743a,52657669657720546578743a20546865207469746c652773206c616d656e6573732073686f756c6420636c756520796f7520696e206f6e20686f772062616420746865206d6f7669652069732e205265766965772053656e74696d656e743a,ee7d5f1d6a542ce3df9154c89b7873b6a2612bbf9cd1b85570fe6127b74cf14c,526ec731060c455b4e9031f7f32a1fbf6215f4afef5e11a68cb91a1c11c9ae7e,"[19432, 2918, 25, 1416, 4302, 770, 11, 419, 5700, 38919, 264, 25383, 11, 18511, 3093, 315, 23187, 21452, 13, 10294, 23361, 3819, 25]","[19432, 2918, 25, 576, 2265, 594, 31603, 23709, 1265, 29989, 498, 304, 389, 1246, 3873, 279, 5700, 374, 13, 10294, 23361, 3819, 25]",23,23,True,"If nothing else, this movie introduces a promising, unusual kind of psychological horror.",The title's lameness should clue you in on how bad the movie is.,tigges,True
sst_tigges_pythia_correct_test,131,sst-8548,sst-101,0,1,Review Text: The title's lameness should clue you in on how bad the movie is. Review Sentiment:,"Review Text: If nothing else, this movie introduces a promising, unusual kind of psychological horror. Review Sentiment:","""Review Text: The title's lameness should clue you in on how bad the movie is. Review Sentiment:""","'Review Text: If nothing else, this movie introduces a promising, unusual kind of psychological horror. Review Sentiment:'",52657669657720546578743a20546865207469746c652773206c616d656e6573732073686f756c6420636c756520796f7520696e206f6e20686f772062616420746865206d6f7669652069732e205265766965772053656e74696d656e743a,52657669657720546578743a204966206e6f7468696e6720656c73652c2074686973206d6f76696520696e74726f647563657320612070726f6d6973696e672c20756e757375616c206b696e64206f662070737963686f6c6f676963616c20686f72726f722e205265766965772053656e74696d656e743a,526ec731060c455b4e9031f7f32a1fbf6215f4afef5e11a68cb91a1c11c9ae7e,ee7d5f1d6a542ce3df9154c89b7873b6a2612bbf9cd1b85570fe6127b74cf14c,"[19432, 2918, 25, 576, 2265, 594, 31603, 23709, 1265, 29989, 498, 304, 389, 1246, 3873, 279, 5700, 374, 13, 10294, 23361, 3819, 25]","[19432, 2918, 25, 1416, 4302, 770, 11, 419, 5700, 38919, 264, 25383, 11, 18511, 3093, 315, 23187, 21452, 13, 10294, 23361, 3819, 25]",23,23,True,The title's lameness should clue you in on how bad the movie is.,"If nothing else, this movie introduces a promising, unusual kind of psychological horror.",tigges,True
sst_tigges_pythia_correct_test,132,sst-351,sst-8251,1,0,Review Text: Will grab your children by the imagination and amaze them and amuse them. Review Sentiment:,"Review Text: Never engaging, utterly predictable and completely void of anything remotely interesting or suspenseful. Review Sentiment:",'Review Text: Will grab your children by the imagination and amaze them and amuse them. Review Sentiment:',"'Review Text: Never engaging, utterly predictable and completely void of anything remotely interesting or suspenseful. Review Sentiment:'",52657669657720546578743a2057696c6c206772616220796f7572206368696c6472656e2062792074686520696d6167696e6174696f6e20616e6420616d617a65207468656d20616e6420616d757365207468656d2e205265766965772053656e74696d656e743a,52657669657720546578743a204e6576657220656e676167696e672c2075747465726c79207072656469637461626c6520616e6420636f6d706c6574656c7920766f6964206f6620616e797468696e672072656d6f74656c7920696e746572657374696e67206f722073757370656e736566756c2e205265766965772053656e74696d656e743a,58a2f801ce69bf5426fb188b151f64a3b05d95c1c0eb53c357b0e735dc4415fd,97db5e854e6610b711bee6fdc180bc1c3e001d4bc152f6470223be7f8d8b2d5a,"[19432, 2918, 25, 4841, 11633, 697, 2841, 553, 279, 27799, 323, 1079, 9832, 1105, 323, 1079, 810, 1105, 13, 10294, 23361, 3819, 25]","[19432, 2918, 25, 14695, 22570, 11, 37531, 44107, 323, 6587, 737, 315, 4113, 38429, 7040, 476, 71830, 1262, 13, 10294, 23361, 3819, 25]",23,23,True,Will grab your children by the imagination and amaze them and amuse them.,"Never engaging, utterly predictable and completely void of anything remotely interesting or suspenseful.",tigges,True
sst_tigges_pythia_correct_test,133,sst-8251,sst-351,0,1,"Review Text: Never engaging, utterly predictable and completely void of anything remotely interesting or suspenseful. Review Sentiment:",Review Text: Will grab your children by the imagination and amaze them and amuse them. Review Sentiment:,"'Review Text: Never engaging, utterly predictable and completely void of anything remotely interesting or suspenseful. Review Sentiment:'",'Review Text: Will grab your children by the imagination and amaze them and amuse them. Review Sentiment:',52657669657720546578743a204e6576657220656e676167696e672c2075747465726c79207072656469637461626c6520616e6420636f6d706c6574656c7920766f6964206f6620616e797468696e672072656d6f74656c7920696e746572657374696e67206f722073757370656e736566756c2e205265766965772053656e74696d656e743a,52657669657720546578743a2057696c6c206772616220796f7572206368696c6472656e2062792074686520696d6167696e6174696f6e20616e6420616d617a65207468656d20616e6420616d757365207468656d2e205265766965772053656e74696d656e743a,97db5e854e6610b711bee6fdc180bc1c3e001d4bc152f6470223be7f8d8b2d5a,58a2f801ce69bf5426fb188b151f64a3b05d95c1c0eb53c357b0e735dc4415fd,"[19432, 2918, 25, 14695, 22570, 11, 37531, 44107, 323, 6587, 737, 315, 4113, 38429, 7040, 476, 71830, 1262, 13, 10294, 23361, 3819, 25]","[19432, 2918, 25, 4841, 11633, 697, 2841, 553, 279, 27799, 323, 1079, 9832, 1105, 323, 1079, 810, 1105, 13, 10294, 23361, 3819, 25]",23,23,True,"Never engaging, utterly predictable and completely void of anything remotely interesting or suspenseful.",Will grab your children by the imagination and amaze them and amuse them.,tigges,True
sst_tigges_pythia_correct_test,134,sst-730,sst-8757,1,0,"Review Text: The film hinges on its performances, and both leads are up to the task. Review Sentiment:","Review Text: Dreary, highly annoying... ` Some Body' will appeal to No One. Review Sentiment:","'Review Text: The film hinges on its performances, and both leads are up to the task. Review Sentiment:'","""Review Text: Dreary, highly annoying... ` Some Body' will appeal to No One. Review Sentiment:""",52657669657720546578743a205468652066696c6d2068696e676573206f6e2069747320706572666f726d616e6365732c20616e6420626f7468206c656164732061726520757020746f20746865207461736b2e205265766965772053656e74696d656e743a,52657669657720546578743a204472656172792c20686967686c7920616e6e6f79696e672e2e2e206020536f6d6520426f6479272077696c6c2061707065616c20746f204e6f204f6e652e205265766965772053656e74696d656e743a,bf2276cde5da31ee027992b9b10308efc28339a0b4e84d823d93365f7f183f9a,6fea21eecd7fcf41b43276fec15466c98680be9499f4e222c336b6db1e10d7e8,"[19432, 2918, 25, 576, 4531, 79834, 389, 1181, 23675, 11, 323, 2176, 11508, 525, 705, 311, 279, 3383, 13, 10294, 23361, 3819, 25]","[19432, 2918, 25, 65010, 658, 11, 7548, 29831, 1112, 1565, 4329, 13958, 6, 686, 14303, 311, 2308, 3776, 13, 10294, 23361, 3819, 25]",23,23,True,"The film hinges on its performances, and both leads are up to the task.","Dreary, highly annoying... ` Some Body' will appeal to No One.",tigges,True
sst_tigges_pythia_correct_test,135,sst-8757,sst-730,0,1,"Review Text: Dreary, highly annoying... ` Some Body' will appeal to No One. Review Sentiment:","Review Text: The film hinges on its performances, and both leads are up to the task. Review Sentiment:","""Review Text: Dreary, highly annoying... ` Some Body' will appeal to No One. Review Sentiment:""","'Review Text: The film hinges on its performances, and both leads are up to the task. Review Sentiment:'",52657669657720546578743a204472656172792c20686967686c7920616e6e6f79696e672e2e2e206020536f6d6520426f6479272077696c6c2061707065616c20746f204e6f204f6e652e205265766965772053656e74696d656e743a,52657669657720546578743a205468652066696c6d2068696e676573206f6e2069747320706572666f726d616e6365732c20616e6420626f7468206c656164732061726520757020746f20746865207461736b2e205265766965772053656e74696d656e743a,6fea21eecd7fcf41b43276fec15466c98680be9499f4e222c336b6db1e10d7e8,bf2276cde5da31ee027992b9b10308efc28339a0b4e84d823d93365f7f183f9a,"[19432, 2918, 25, 65010, 658, 11, 7548, 29831, 1112, 1565, 4329, 13958, 6, 686, 14303, 311, 2308, 3776, 13, 10294, 23361, 3819, 25]","[19432, 2918, 25, 576, 4531, 79834, 389, 1181, 23675, 11, 323, 2176, 11508, 525, 705, 311, 279, 3383, 13, 10294, 23361, 3819, 25]",23,23,True,"Dreary, highly annoying... ` Some Body' will appeal to No One.","The film hinges on its performances, and both leads are up to the task.",tigges,True
sst_tigges_pythia_correct_test,136,sst-144,sst-9064,1,0,"Review Text: Merely as a technical, logistical feat, Russian Ark marks a cinematic milestone. Review Sentiment:",Review Text: The Master Of Disaster - it's a piece of dreck disguised as comedy. Review Sentiment:,"'Review Text: Merely as a technical, logistical feat, Russian Ark marks a cinematic milestone. Review Sentiment:'","""Review Text: The Master Of Disaster - it's a piece of dreck disguised as comedy. Review Sentiment:""",52657669657720546578743a204d6572656c79206173206120746563686e6963616c2c206c6f676973746963616c20666561742c205275737369616e2041726b206d61726b7320612063696e656d61746963206d696c6573746f6e652e205265766965772053656e74696d656e743a,52657669657720546578743a20546865204d6173746572204f66204469736173746572202d20697427732061207069656365206f6620647265636b2064697367756973656420617320636f6d6564792e205265766965772053656e74696d656e743a,ffef6f2d6b35f9a1e846828ac2eefa7ff2159b79170eae6171e9e376e86d4f9e,220caa7136a519d740f6eea8feff815f86d22ebdac4107f7c9d30b66c526f8c8,"[19432, 2918, 25, 8755, 974, 438, 264, 10916, 11, 95868, 12347, 11, 8522, 22017, 15423, 264, 64665, 42191, 13, 10294, 23361, 3819, 25]","[19432, 2918, 25, 576, 10824, 4940, 72278, 481, 432, 594, 264, 6573, 315, 294, 24638, 78087, 438, 22358, 13, 10294, 23361, 3819, 25]",23,23,True,"Merely as a technical, logistical feat, Russian Ark marks a cinematic milestone.",The Master Of Disaster - it's a piece of dreck disguised as comedy.,tigges,True
sst_tigges_pythia_correct_test,137,sst-9064,sst-144,0,1,Review Text: The Master Of Disaster - it's a piece of dreck disguised as comedy. Review Sentiment:,"Review Text: Merely as a technical, logistical feat, Russian Ark marks a cinematic milestone. Review Sentiment:","""Review Text: The Master Of Disaster - it's a piece of dreck disguised as comedy. Review Sentiment:""","'Review Text: Merely as a technical, logistical feat, Russian Ark marks a cinematic milestone. Review Sentiment:'",52657669657720546578743a20546865204d6173746572204f66204469736173746572202d20697427732061207069656365206f6620647265636b2064697367756973656420617320636f6d6564792e205265766965772053656e74696d656e743a,52657669657720546578743a204d6572656c79206173206120746563686e6963616c2c206c6f676973746963616c20666561742c205275737369616e2041726b206d61726b7320612063696e656d61746963206d696c6573746f6e652e205265766965772053656e74696d656e743a,220caa7136a519d740f6eea8feff815f86d22ebdac4107f7c9d30b66c526f8c8,ffef6f2d6b35f9a1e846828ac2eefa7ff2159b79170eae6171e9e376e86d4f9e,"[19432, 2918, 25, 576, 10824, 4940, 72278, 481, 432, 594, 264, 6573, 315, 294, 24638, 78087, 438, 22358, 13, 10294, 23361, 3819, 25]","[19432, 2918, 25, 8755, 974, 438, 264, 10916, 11, 95868, 12347, 11, 8522, 22017, 15423, 264, 64665, 42191, 13, 10294, 23361, 3819, 25]",23,23,True,The Master Of Disaster - it's a piece of dreck disguised as comedy.,"Merely as a technical, logistical feat, Russian Ark marks a cinematic milestone.",tigges,True
sst_tigges_pythia_correct_test,138,sst-875,sst-8671,1,0,"Review Text: Smart science fiction for grown-ups, with only a few false steps along the way. Review Sentiment:",Review Text: I was perplexed to watch it unfold with an astonishing lack of passion or uniqueness. Review Sentiment:,"'Review Text: Smart science fiction for grown-ups, with only a few false steps along the way. Review Sentiment:'",'Review Text: I was perplexed to watch it unfold with an astonishing lack of passion or uniqueness. Review Sentiment:',52657669657720546578743a20536d61727420736369656e63652066696374696f6e20666f722067726f776e2d7570732c2077697468206f6e6c792061206665772066616c736520737465707320616c6f6e6720746865207761792e205265766965772053656e74696d656e743a,52657669657720546578743a20492077617320706572706c6578656420746f20776174636820697420756e666f6c64207769746820616e206173746f6e697368696e67206c61636b206f662070617373696f6e206f7220756e697175656e6573732e205265766965772053656e74696d656e743a,93f58a14665efed9e8ca61d654e88684397b3a59d0e08a9f1f977c47a347394d,1a662efb28d3a312bc855014c6ec93c5e14c5fed114549b803b4c3ebf316e971,"[19432, 2918, 25, 15770, 8038, 16989, 369, 14700, 26761, 11, 448, 1172, 264, 2421, 895, 7354, 3156, 279, 1616, 13, 10294, 23361, 3819, 25]","[19432, 2918, 25, 358, 572, 73152, 291, 311, 3736, 432, 27472, 448, 458, 48913, 6853, 315, 11677, 476, 59057, 13, 10294, 23361, 3819, 25]",24,24,True,"Smart science fiction for grown-ups, with only a few false steps along the way.",I was perplexed to watch it unfold with an astonishing lack of passion or uniqueness.,tigges,True
sst_tigges_pythia_correct_test,139,sst-8671,sst-875,0,1,Review Text: I was perplexed to watch it unfold with an astonishing lack of passion or uniqueness. Review Sentiment:,"Review Text: Smart science fiction for grown-ups, with only a few false steps along the way. Review Sentiment:",'Review Text: I was perplexed to watch it unfold with an astonishing lack of passion or uniqueness. Review Sentiment:',"'Review Text: Smart science fiction for grown-ups, with only a few false steps along the way. Review Sentiment:'",52657669657720546578743a20492077617320706572706c6578656420746f20776174636820697420756e666f6c64207769746820616e206173746f6e697368696e67206c61636b206f662070617373696f6e206f7220756e697175656e6573732e205265766965772053656e74696d656e743a,52657669657720546578743a20536d61727420736369656e63652066696374696f6e20666f722067726f776e2d7570732c2077697468206f6e6c792061206665772066616c736520737465707320616c6f6e6720746865207761792e205265766965772053656e74696d656e743a,1a662efb28d3a312bc855014c6ec93c5e14c5fed114549b803b4c3ebf316e971,93f58a14665efed9e8ca61d654e88684397b3a59d0e08a9f1f977c47a347394d,"[19432, 2918, 25, 358, 572, 73152, 291, 311, 3736, 432, 27472, 448, 458, 48913, 6853, 315, 11677, 476, 59057, 13, 10294, 23361, 3819, 25]","[19432, 2918, 25, 15770, 8038, 16989, 369, 14700, 26761, 11, 448, 1172, 264, 2421, 895, 7354, 3156, 279, 1616, 13, 10294, 23361, 3819, 25]",24,24,True,I was perplexed to watch it unfold with an astonishing lack of passion or uniqueness.,"Smart science fiction for grown-ups, with only a few false steps along the way.",tigges,True
sst_tigges_pythia_correct_test,140,sst-490,sst-8730,1,0,Review Text: Two generations within one family test boundaries in this intelligent and restrained coming-of-age drama. Review Sentiment:,Review Text: would seem to have a lock on the title of ugliest movie of the year. Review Sentiment:,'Review Text: Two generations within one family test boundaries in this intelligent and restrained coming-of-age drama. Review Sentiment:','Review Text: would seem to have a lock on the title of ugliest movie of the year. Review Sentiment:',52657669657720546578743a2054776f2067656e65726174696f6e732077697468696e206f6e652066616d696c79207465737420626f756e64617269657320696e207468697320696e74656c6c6967656e7420616e6420726573747261696e656420636f6d696e672d6f662d616765206472616d612e205265766965772053656e74696d656e743a,52657669657720546578743a20776f756c64207365656d20746f20686176652061206c6f636b206f6e20746865207469746c65206f662075676c69657374206d6f766965206f662074686520796561722e205265766965772053656e74696d656e743a,cb5ed05aaf6bc80fcaab104883ccbf70d5cddae32e0f4b1905cf6960e6841a23,e6026a17c26d7e844d7e7269fbf7af1e2ef183963384fb736408b91062c920d7,"[19432, 2918, 25, 9043, 21787, 2878, 825, 2997, 1273, 22711, 304, 419, 24514, 323, 76200, 5001, 8668, 42941, 19584, 13, 10294, 23361, 3819, 25]","[19432, 2918, 25, 1035, 2803, 311, 614, 264, 5296, 389, 279, 2265, 315, 67656, 23138, 5700, 315, 279, 1042, 13, 10294, 23361, 3819, 25]",24,24,True,Two generations within one family test boundaries in this intelligent and restrained coming-of-age drama.,would seem to have a lock on the title of ugliest movie of the year.,tigges,True
sst_tigges_pythia_correct_test,141,sst-8730,sst-490,0,1,Review Text: would seem to have a lock on the title of ugliest movie of the year. Review Sentiment:,Review Text: Two generations within one family test boundaries in this intelligent and restrained coming-of-age drama. Review Sentiment:,'Review Text: would seem to have a lock on the title of ugliest movie of the year. Review Sentiment:','Review Text: Two generations within one family test boundaries in this intelligent and restrained coming-of-age drama. Review Sentiment:',52657669657720546578743a20776f756c64207365656d20746f20686176652061206c6f636b206f6e20746865207469746c65206f662075676c69657374206d6f766965206f662074686520796561722e205265766965772053656e74696d656e743a,52657669657720546578743a2054776f2067656e65726174696f6e732077697468696e206f6e652066616d696c79207465737420626f756e64617269657320696e207468697320696e74656c6c6967656e7420616e6420726573747261696e656420636f6d696e672d6f662d616765206472616d612e205265766965772053656e74696d656e743a,e6026a17c26d7e844d7e7269fbf7af1e2ef183963384fb736408b91062c920d7,cb5ed05aaf6bc80fcaab104883ccbf70d5cddae32e0f4b1905cf6960e6841a23,"[19432, 2918, 25, 1035, 2803, 311, 614, 264, 5296, 389, 279, 2265, 315, 67656, 23138, 5700, 315, 279, 1042, 13, 10294, 23361, 3819, 25]","[19432, 2918, 25, 9043, 21787, 2878, 825, 2997, 1273, 22711, 304, 419, 24514, 323, 76200, 5001, 8668, 42941, 19584, 13, 10294, 23361, 3819, 25]",24,24,True,would seem to have a lock on the title of ugliest movie of the year.,Two generations within one family test boundaries in this intelligent and restrained coming-of-age drama.,tigges,True
sst_tigges_pythia_correct_test,142,sst-841,sst-8767,1,0,"Review Text: A slick, well-oiled machine, exquisitely polished and upholstered. Review Sentiment:","Review Text: All ends well, sort of, but the frenzied comic moments never click. Review Sentiment:","'Review Text: A slick, well-oiled machine, exquisitely polished and upholstered. Review Sentiment:'","'Review Text: All ends well, sort of, but the frenzied comic moments never click. Review Sentiment:'",52657669657720546578743a204120736c69636b2c2077656c6c2d6f696c6564206d616368696e652c206578717569736974656c7920706f6c697368656420616e64207570686f6c7374657265642e205265766965772053656e74696d656e743a,52657669657720546578743a20416c6c20656e64732077656c6c2c20736f7274206f662c2062757420746865206672656e7a69656420636f6d6963206d6f6d656e7473206e6576657220636c69636b2e205265766965772053656e74696d656e743a,1a5afe54e62240c8ce853bf3c80e77b25b22420a175716a9b36f2b3779db7fda,fa6690355ef64783bbcab4e3ff9ac3dda19668d4b93f2d60ebba6e307ed9ae9d,"[19432, 2918, 25, 362, 49638, 11, 1632, 16022, 2181, 5662, 11, 505, 9202, 275, 974, 43361, 323, 69204, 82880, 13, 10294, 23361, 3819, 25]","[19432, 2918, 25, 2009, 10335, 1632, 11, 3378, 315, 11, 714, 279, 46834, 89, 1122, 19724, 13943, 2581, 4205, 13, 10294, 23361, 3819, 25]",24,24,True,"A slick, well-oiled machine, exquisitely polished and upholstered.","All ends well, sort of, but the frenzied comic moments never click.",tigges,True
sst_tigges_pythia_correct_test,143,sst-8767,sst-841,0,1,"Review Text: All ends well, sort of, but the frenzied comic moments never click. Review Sentiment:","Review Text: A slick, well-oiled machine, exquisitely polished and upholstered. Review Sentiment:","'Review Text: All ends well, sort of, but the frenzied comic moments never click. Review Sentiment:'","'Review Text: A slick, well-oiled machine, exquisitely polished and upholstered. Review Sentiment:'",52657669657720546578743a20416c6c20656e64732077656c6c2c20736f7274206f662c2062757420746865206672656e7a69656420636f6d6963206d6f6d656e7473206e6576657220636c69636b2e205265766965772053656e74696d656e743a,52657669657720546578743a204120736c69636b2c2077656c6c2d6f696c6564206d616368696e652c206578717569736974656c7920706f6c697368656420616e64207570686f6c7374657265642e205265766965772053656e74696d656e743a,fa6690355ef64783bbcab4e3ff9ac3dda19668d4b93f2d60ebba6e307ed9ae9d,1a5afe54e62240c8ce853bf3c80e77b25b22420a175716a9b36f2b3779db7fda,"[19432, 2918, 25, 2009, 10335, 1632, 11, 3378, 315, 11, 714, 279, 46834, 89, 1122, 19724, 13943, 2581, 4205, 13, 10294, 23361, 3819, 25]","[19432, 2918, 25, 362, 49638, 11, 1632, 16022, 2181, 5662, 11, 505, 9202, 275, 974, 43361, 323, 69204, 82880, 13, 10294, 23361, 3819, 25]",24,24,True,"All ends well, sort of, but the frenzied comic moments never click.","A slick, well-oiled machine, exquisitely polished and upholstered.",tigges,True
sst_tigges_pythia_correct_test,144,sst-434,sst-8204,1,0,"Review Text: It represents better-than-average movie-making that doesn't demand a dumb, distracted audience. Review Sentiment:","Review Text: Taken individually or collectively, the stories never add up to as much as they promise. Review Sentiment:","""Review Text: It represents better-than-average movie-making that doesn't demand a dumb, distracted audience. Review Sentiment:""","'Review Text: Taken individually or collectively, the stories never add up to as much as they promise. Review Sentiment:'",52657669657720546578743a20497420726570726573656e7473206265747465722d7468616e2d61766572616765206d6f7669652d6d616b696e67207468617420646f65736e27742064656d616e6420612064756d622c20646973747261637465642061756469656e63652e205265766965772053656e74696d656e743a,52657669657720546578743a2054616b656e20696e646976696475616c6c79206f7220636f6c6c6563746976656c792c207468652073746f72696573206e657665722061646420757020746f206173206d75636820617320746865792070726f6d6973652e205265766965772053656e74696d656e743a,bca101c41b1c05ce57b83150af01b6cb1af5ecaf7f59c41d800a48b02e1585b2,807687b300a0f5882fe1d32b756402fe02f4bd7ecc3adc7ccdc206d4fd916c41,"[19432, 2918, 25, 1084, 10868, 2664, 47654, 77426, 5700, 27746, 429, 3171, 944, 7479, 264, 29255, 11, 48704, 10650, 13, 10294, 23361, 3819, 25]","[19432, 2918, 25, 55974, 31299, 476, 44825, 11, 279, 7343, 2581, 912, 705, 311, 438, 1753, 438, 807, 11222, 13, 10294, 23361, 3819, 25]",24,24,True,"It represents better-than-average movie-making that doesn't demand a dumb, distracted audience.","Taken individually or collectively, the stories never add up to as much as they promise.",tigges,True
sst_tigges_pythia_correct_test,145,sst-8204,sst-434,0,1,"Review Text: Taken individually or collectively, the stories never add up to as much as they promise. Review Sentiment:","Review Text: It represents better-than-average movie-making that doesn't demand a dumb, distracted audience. Review Sentiment:","'Review Text: Taken individually or collectively, the stories never add up to as much as they promise. Review Sentiment:'","""Review Text: It represents better-than-average movie-making that doesn't demand a dumb, distracted audience. Review Sentiment:""",52657669657720546578743a2054616b656e20696e646976696475616c6c79206f7220636f6c6c6563746976656c792c207468652073746f72696573206e657665722061646420757020746f206173206d75636820617320746865792070726f6d6973652e205265766965772053656e74696d656e743a,52657669657720546578743a20497420726570726573656e7473206265747465722d7468616e2d61766572616765206d6f7669652d6d616b696e67207468617420646f65736e27742064656d616e6420612064756d622c20646973747261637465642061756469656e63652e205265766965772053656e74696d656e743a,807687b300a0f5882fe1d32b756402fe02f4bd7ecc3adc7ccdc206d4fd916c41,bca101c41b1c05ce57b83150af01b6cb1af5ecaf7f59c41d800a48b02e1585b2,"[19432, 2918, 25, 55974, 31299, 476, 44825, 11, 279, 7343, 2581, 912, 705, 311, 438, 1753, 438, 807, 11222, 13, 10294, 23361, 3819, 25]","[19432, 2918, 25, 1084, 10868, 2664, 47654, 77426, 5700, 27746, 429, 3171, 944, 7479, 264, 29255, 11, 48704, 10650, 13, 10294, 23361, 3819, 25]",24,24,True,"Taken individually or collectively, the stories never add up to as much as they promise.","It represents better-than-average movie-making that doesn't demand a dumb, distracted audience.",tigges,True
sst_tigges_pythia_correct_test,146,sst-860,sst-9066,1,0,"Review Text: You have to pay attention to follow all the stories, but they're each interesting. Review Sentiment:","Review Text: The stupidest, most insulting movie of 2002's first quarter. Review Sentiment:","""Review Text: You have to pay attention to follow all the stories, but they're each interesting. Review Sentiment:""","""Review Text: The stupidest, most insulting movie of 2002's first quarter. Review Sentiment:""",52657669657720546578743a20596f75206861766520746f2070617920617474656e74696f6e20746f20666f6c6c6f7720616c6c207468652073746f726965732c206275742074686579277265206561636820696e746572657374696e672e205265766965772053656e74696d656e743a,52657669657720546578743a20546865207374757069646573742c206d6f737420696e73756c74696e67206d6f766965206f662032303032277320666972737420717561727465722e205265766965772053656e74696d656e743a,aa2e77ebecaa0e83ac2dad561e0611e4471ce5c608fddcbfb4b2245dc89fb1ab,35496d9b49a7439105a7d213e631957e6e2b4f4a74de6c0bb3429323788a1402,"[19432, 2918, 25, 1446, 614, 311, 2291, 6529, 311, 1795, 678, 279, 7343, 11, 714, 807, 2299, 1817, 7040, 13, 10294, 23361, 3819, 25]","[19432, 2918, 25, 576, 18253, 477, 11, 1429, 67092, 5700, 315, 220, 17, 15, 15, 17, 594, 1156, 8338, 13, 10294, 23361, 3819, 25]",24,24,True,"You have to pay attention to follow all the stories, but they're each interesting.","The stupidest, most insulting movie of 2002's first quarter.",tigges,True
sst_tigges_pythia_correct_test,147,sst-9066,sst-860,0,1,"Review Text: The stupidest, most insulting movie of 2002's first quarter. Review Sentiment:","Review Text: You have to pay attention to follow all the stories, but they're each interesting. Review Sentiment:","""Review Text: The stupidest, most insulting movie of 2002's first quarter. Review Sentiment:""","""Review Text: You have to pay attention to follow all the stories, but they're each interesting. Review Sentiment:""",52657669657720546578743a20546865207374757069646573742c206d6f737420696e73756c74696e67206d6f766965206f662032303032277320666972737420717561727465722e205265766965772053656e74696d656e743a,52657669657720546578743a20596f75206861766520746f2070617920617474656e74696f6e20746f20666f6c6c6f7720616c6c207468652073746f726965732c206275742074686579277265206561636820696e746572657374696e672e205265766965772053656e74696d656e743a,35496d9b49a7439105a7d213e631957e6e2b4f4a74de6c0bb3429323788a1402,aa2e77ebecaa0e83ac2dad561e0611e4471ce5c608fddcbfb4b2245dc89fb1ab,"[19432, 2918, 25, 576, 18253, 477, 11, 1429, 67092, 5700, 315, 220, 17, 15, 15, 17, 594, 1156, 8338, 13, 10294, 23361, 3819, 25]","[19432, 2918, 25, 1446, 614, 311, 2291, 6529, 311, 1795, 678, 279, 7343, 11, 714, 807, 2299, 1817, 7040, 13, 10294, 23361, 3819, 25]",24,24,True,"The stupidest, most insulting movie of 2002's first quarter.","You have to pay attention to follow all the stories, but they're each interesting.",tigges,True
sst_tigges_pythia_correct_test,148,sst-227,sst-8425,1,0,Review Text: A thoughtful look at a painful incident that made headlines in 1995. Review Sentiment:,"Review Text: Bartleby is a one-joke movie, and a bad joke at that. Review Sentiment:",'Review Text: A thoughtful look at a painful incident that made headlines in 1995. Review Sentiment:',"'Review Text: Bartleby is a one-joke movie, and a bad joke at that. Review Sentiment:'",52657669657720546578743a20412074686f7567687466756c206c6f6f6b2061742061207061696e66756c20696e636964656e742074686174206d61646520686561646c696e657320696e20313939352e205265766965772053656e74696d656e743a,52657669657720546578743a20426172746c6562792069732061206f6e652d6a6f6b65206d6f7669652c20616e64206120626164206a6f6b6520617420746861742e205265766965772053656e74696d656e743a,26e9049274583926d6d1ca0cff357165045cb927c376151b96b0102a03f25893,be5c5b799af8f9f70d43637b0ae917e20fe03e83173f5a405cad59dc9546c55b,"[19432, 2918, 25, 362, 42666, 1401, 518, 264, 25118, 10455, 429, 1865, 30086, 304, 220, 16, 24, 24, 20, 13, 10294, 23361, 3819, 25]","[19432, 2918, 25, 28527, 273, 1694, 374, 264, 825, 13333, 4740, 5700, 11, 323, 264, 3873, 21646, 518, 429, 13, 10294, 23361, 3819, 25]",24,24,True,A thoughtful look at a painful incident that made headlines in 1995.,"Bartleby is a one-joke movie, and a bad joke at that.",tigges,True
sst_tigges_pythia_correct_test,149,sst-8425,sst-227,0,1,"Review Text: Bartleby is a one-joke movie, and a bad joke at that. Review Sentiment:",Review Text: A thoughtful look at a painful incident that made headlines in 1995. Review Sentiment:,"'Review Text: Bartleby is a one-joke movie, and a bad joke at that. Review Sentiment:'",'Review Text: A thoughtful look at a painful incident that made headlines in 1995. Review Sentiment:',52657669657720546578743a20426172746c6562792069732061206f6e652d6a6f6b65206d6f7669652c20616e64206120626164206a6f6b6520617420746861742e205265766965772053656e74696d656e743a,52657669657720546578743a20412074686f7567687466756c206c6f6f6b2061742061207061696e66756c20696e636964656e742074686174206d61646520686561646c696e657320696e20313939352e205265766965772053656e74696d656e743a,be5c5b799af8f9f70d43637b0ae917e20fe03e83173f5a405cad59dc9546c55b,26e9049274583926d6d1ca0cff357165045cb927c376151b96b0102a03f25893,"[19432, 2918, 25, 28527, 273, 1694, 374, 264, 825, 13333, 4740, 5700, 11, 323, 264, 3873, 21646, 518, 429, 13, 10294, 23361, 3819, 25]","[19432, 2918, 25, 362, 42666, 1401, 518, 264, 25118, 10455, 429, 1865, 30086, 304, 220, 16, 24, 24, 20, 13, 10294, 23361, 3819, 25]",24,24,True,"Bartleby is a one-joke movie, and a bad joke at that.",A thoughtful look at a painful incident that made headlines in 1995.,tigges,True
sst_tigges_pythia_correct_test,150,sst-593,sst-8582,1,0,Review Text: An uneven but intriguing drama that is part homage and part remake of the Italian masterpiece. Review Sentiment:,Review Text: The movie succumbs to being nothing more than a formulaic chase in the dark. Review Sentiment:,'Review Text: An uneven but intriguing drama that is part homage and part remake of the Italian masterpiece. Review Sentiment:','Review Text: The movie succumbs to being nothing more than a formulaic chase in the dark. Review Sentiment:',52657669657720546578743a20416e20756e6576656e2062757420696e7472696775696e67206472616d612074686174206973207061727420686f6d61676520616e6420706172742072656d616b65206f6620746865204974616c69616e206d617374657270696563652e205265766965772053656e74696d656e743a,52657669657720546578743a20546865206d6f7669652073756363756d627320746f206265696e67206e6f7468696e67206d6f7265207468616e206120666f726d756c61696320636861736520696e20746865206461726b2e205265766965772053656e74696d656e743a,27a1eb7f36ceeda82618f0157c62461b02af2f19e28715b3dc16d9f45323c08e,7d78c7f9158dec8522d473919dbc8c670816c7b756e92bdb84cee7e274bb80a2,"[19432, 2918, 25, 1527, 60337, 714, 40665, 19584, 429, 374, 949, 66989, 323, 949, 58055, 315, 279, 14811, 58731, 13, 10294, 23361, 3819, 25]","[19432, 2918, 25, 576, 5700, 20038, 15775, 311, 1660, 4302, 803, 1091, 264, 14806, 292, 32486, 304, 279, 6319, 13, 10294, 23361, 3819, 25]",24,24,True,An uneven but intriguing drama that is part homage and part remake of the Italian masterpiece.,The movie succumbs to being nothing more than a formulaic chase in the dark.,tigges,True
sst_tigges_pythia_correct_test,151,sst-8582,sst-593,0,1,Review Text: The movie succumbs to being nothing more than a formulaic chase in the dark. Review Sentiment:,Review Text: An uneven but intriguing drama that is part homage and part remake of the Italian masterpiece. Review Sentiment:,'Review Text: The movie succumbs to being nothing more than a formulaic chase in the dark. Review Sentiment:','Review Text: An uneven but intriguing drama that is part homage and part remake of the Italian masterpiece. Review Sentiment:',52657669657720546578743a20546865206d6f7669652073756363756d627320746f206265696e67206e6f7468696e67206d6f7265207468616e206120666f726d756c61696320636861736520696e20746865206461726b2e205265766965772053656e74696d656e743a,52657669657720546578743a20416e20756e6576656e2062757420696e7472696775696e67206472616d612074686174206973207061727420686f6d61676520616e6420706172742072656d616b65206f6620746865204974616c69616e206d617374657270696563652e205265766965772053656e74696d656e743a,7d78c7f9158dec8522d473919dbc8c670816c7b756e92bdb84cee7e274bb80a2,27a1eb7f36ceeda82618f0157c62461b02af2f19e28715b3dc16d9f45323c08e,"[19432, 2918, 25, 576, 5700, 20038, 15775, 311, 1660, 4302, 803, 1091, 264, 14806, 292, 32486, 304, 279, 6319, 13, 10294, 23361, 3819, 25]","[19432, 2918, 25, 1527, 60337, 714, 40665, 19584, 429, 374, 949, 66989, 323, 949, 58055, 315, 279, 14811, 58731, 13, 10294, 23361, 3819, 25]",24,24,True,The movie succumbs to being nothing more than a formulaic chase in the dark.,An uneven but intriguing drama that is part homage and part remake of the Italian masterpiece.,tigges,True
sst_tigges_pythia_correct_test,152,sst-1086,sst-9041,1,0,"Review Text: One of the most haunting, viciously honest coming-of-age films in recent memory. Review Sentiment:","Review Text: A grim, flat and boring werewolf movie that refuses to develop an energy level. Review Sentiment:","'Review Text: One of the most haunting, viciously honest coming-of-age films in recent memory. Review Sentiment:'","'Review Text: A grim, flat and boring werewolf movie that refuses to develop an energy level. Review Sentiment:'",52657669657720546578743a204f6e65206f6620746865206d6f7374206861756e74696e672c20766963696f75736c7920686f6e65737420636f6d696e672d6f662d6167652066696c6d7320696e20726563656e74206d656d6f72792e205265766965772053656e74696d656e743a,52657669657720546578743a2041206772696d2c20666c617420616e6420626f72696e672077657265776f6c66206d6f7669652074686174207265667573657320746f20646576656c6f7020616e20656e65726779206c6576656c2e205265766965772053656e74696d656e743a,d8a4dbaf445efc258bbde4c0f20ed642fcdc0bcf06e4094fab6c04ae9cab7928,9f0c015960ffa3a545482233515be9e19ae0ebeebd402d4c39899a9a0744245b,"[19432, 2918, 25, 3776, 315, 279, 1429, 76654, 11, 42410, 398, 10745, 5001, 8668, 42941, 12351, 304, 3213, 4938, 13, 10294, 23361, 3819, 25]","[19432, 2918, 25, 362, 43417, 11, 10063, 323, 27759, 7060, 76699, 5700, 429, 40616, 311, 2225, 458, 4802, 2188, 13, 10294, 23361, 3819, 25]",24,24,True,"One of the most haunting, viciously honest coming-of-age films in recent memory.","A grim, flat and boring werewolf movie that refuses to develop an energy level.",tigges,True
sst_tigges_pythia_correct_test,153,sst-9041,sst-1086,0,1,"Review Text: A grim, flat and boring werewolf movie that refuses to develop an energy level. Review Sentiment:","Review Text: One of the most haunting, viciously honest coming-of-age films in recent memory. Review Sentiment:","'Review Text: A grim, flat and boring werewolf movie that refuses to develop an energy level. Review Sentiment:'","'Review Text: One of the most haunting, viciously honest coming-of-age films in recent memory. Review Sentiment:'",52657669657720546578743a2041206772696d2c20666c617420616e6420626f72696e672077657265776f6c66206d6f7669652074686174207265667573657320746f20646576656c6f7020616e20656e65726779206c6576656c2e205265766965772053656e74696d656e743a,52657669657720546578743a204f6e65206f6620746865206d6f7374206861756e74696e672c20766963696f75736c7920686f6e65737420636f6d696e672d6f662d6167652066696c6d7320696e20726563656e74206d656d6f72792e205265766965772053656e74696d656e743a,9f0c015960ffa3a545482233515be9e19ae0ebeebd402d4c39899a9a0744245b,d8a4dbaf445efc258bbde4c0f20ed642fcdc0bcf06e4094fab6c04ae9cab7928,"[19432, 2918, 25, 362, 43417, 11, 10063, 323, 27759, 7060, 76699, 5700, 429, 40616, 311, 2225, 458, 4802, 2188, 13, 10294, 23361, 3819, 25]","[19432, 2918, 25, 3776, 315, 279, 1429, 76654, 11, 42410, 398, 10745, 5001, 8668, 42941, 12351, 304, 3213, 4938, 13, 10294, 23361, 3819, 25]",24,24,True,"A grim, flat and boring werewolf movie that refuses to develop an energy level.","One of the most haunting, viciously honest coming-of-age films in recent memory.",tigges,True
sst_tigges_pythia_correct_test,154,sst-750,sst-8410,1,0,Review Text: It's the kind of pigeonhole-resisting romp that Hollywood too rarely provides. Review Sentiment:,Review Text: The ill-conceived modern-day ending falls flat where it should deliver a moral punch. Review Sentiment:,"""Review Text: It's the kind of pigeonhole-resisting romp that Hollywood too rarely provides. Review Sentiment:""",'Review Text: The ill-conceived modern-day ending falls flat where it should deliver a moral punch. Review Sentiment:',52657669657720546578743a204974277320746865206b696e64206f6620706967656f6e686f6c652d726573697374696e6720726f6d70207468617420486f6c6c79776f6f6420746f6f20726172656c792070726f76696465732e205265766965772053656e74696d656e743a,52657669657720546578743a2054686520696c6c2d636f6e636569766564206d6f6465726e2d64617920656e64696e672066616c6c7320666c61742077686572652069742073686f756c642064656c697665722061206d6f72616c2070756e63682e205265766965772053656e74696d656e743a,d2d98ecfa84d3c21a23827e852bd60aa6a8de5a9c2e8b48d6726dcee6af5beba,7c82bd10b70a0e77d3db559a0aedcc358c96c7dc65453b6204c40117288a734d,"[19432, 2918, 25, 1084, 594, 279, 3093, 315, 92544, 30420, 11588, 11083, 9882, 79, 429, 17236, 2238, 18521, 5707, 13, 10294, 23361, 3819, 25]","[19432, 2918, 25, 576, 5862, 14859, 8771, 6481, 11228, 13391, 17066, 10063, 1380, 432, 1265, 6359, 264, 15659, 20380, 13, 10294, 23361, 3819, 25]",24,24,True,It's the kind of pigeonhole-resisting romp that Hollywood too rarely provides.,The ill-conceived modern-day ending falls flat where it should deliver a moral punch.,tigges,True
sst_tigges_pythia_correct_test,155,sst-8410,sst-750,0,1,Review Text: The ill-conceived modern-day ending falls flat where it should deliver a moral punch. Review Sentiment:,Review Text: It's the kind of pigeonhole-resisting romp that Hollywood too rarely provides. Review Sentiment:,'Review Text: The ill-conceived modern-day ending falls flat where it should deliver a moral punch. Review Sentiment:',"""Review Text: It's the kind of pigeonhole-resisting romp that Hollywood too rarely provides. Review Sentiment:""",52657669657720546578743a2054686520696c6c2d636f6e636569766564206d6f6465726e2d64617920656e64696e672066616c6c7320666c61742077686572652069742073686f756c642064656c697665722061206d6f72616c2070756e63682e205265766965772053656e74696d656e743a,52657669657720546578743a204974277320746865206b696e64206f6620706967656f6e686f6c652d726573697374696e6720726f6d70207468617420486f6c6c79776f6f6420746f6f20726172656c792070726f76696465732e205265766965772053656e74696d656e743a,7c82bd10b70a0e77d3db559a0aedcc358c96c7dc65453b6204c40117288a734d,d2d98ecfa84d3c21a23827e852bd60aa6a8de5a9c2e8b48d6726dcee6af5beba,"[19432, 2918, 25, 576, 5862, 14859, 8771, 6481, 11228, 13391, 17066, 10063, 1380, 432, 1265, 6359, 264, 15659, 20380, 13, 10294, 23361, 3819, 25]","[19432, 2918, 25, 1084, 594, 279, 3093, 315, 92544, 30420, 11588, 11083, 9882, 79, 429, 17236, 2238, 18521, 5707, 13, 10294, 23361, 3819, 25]",24,24,True,The ill-conceived modern-day ending falls flat where it should deliver a moral punch.,It's the kind of pigeonhole-resisting romp that Hollywood too rarely provides.,tigges,True
sst_tigges_pythia_correct_test,156,sst-338,sst-8006,1,0,"Review Text: He just wants them to be part of the action, the wallpaper of his chosen reality. Review Sentiment:",Review Text: The film is a travesty of the genre and even as spoof takes itself too seriously. Review Sentiment:,"'Review Text: He just wants them to be part of the action, the wallpaper of his chosen reality. Review Sentiment:'",'Review Text: The film is a travesty of the genre and even as spoof takes itself too seriously. Review Sentiment:',52657669657720546578743a204865206a7573742077616e7473207468656d20746f2062652070617274206f662074686520616374696f6e2c207468652077616c6c7061706572206f66206869732063686f73656e207265616c6974792e205265766965772053656e74696d656e743a,52657669657720546578743a205468652066696c6d2069732061207472617665737479206f66207468652067656e726520616e64206576656e2061732073706f6f662074616b657320697473656c6620746f6f20736572696f75736c792e205265766965772053656e74696d656e743a,00ba89fe39ad08b977294f3ed090b4c96c1c1a5fddfe4b5a4f500da736dafdd1,4bd9d25a419613f12c2a41af1ca7b20297968de910780297ee299952c7cfb3c7,"[19432, 2918, 25, 1260, 1101, 6801, 1105, 311, 387, 949, 315, 279, 1917, 11, 279, 43586, 315, 806, 11882, 8729, 13, 10294, 23361, 3819, 25]","[19432, 2918, 25, 576, 4531, 374, 264, 10137, 40239, 315, 279, 17328, 323, 1496, 438, 87890, 4990, 5086, 2238, 13919, 13, 10294, 23361, 3819, 25]",25,25,True,"He just wants them to be part of the action, the wallpaper of his chosen reality.",The film is a travesty of the genre and even as spoof takes itself too seriously.,tigges,True
sst_tigges_pythia_correct_test,157,sst-8006,sst-338,0,1,Review Text: The film is a travesty of the genre and even as spoof takes itself too seriously. Review Sentiment:,"Review Text: He just wants them to be part of the action, the wallpaper of his chosen reality. Review Sentiment:",'Review Text: The film is a travesty of the genre and even as spoof takes itself too seriously. Review Sentiment:',"'Review Text: He just wants them to be part of the action, the wallpaper of his chosen reality. Review Sentiment:'",52657669657720546578743a205468652066696c6d2069732061207472617665737479206f66207468652067656e726520616e64206576656e2061732073706f6f662074616b657320697473656c6620746f6f20736572696f75736c792e205265766965772053656e74696d656e743a,52657669657720546578743a204865206a7573742077616e7473207468656d20746f2062652070617274206f662074686520616374696f6e2c207468652077616c6c7061706572206f66206869732063686f73656e207265616c6974792e205265766965772053656e74696d656e743a,4bd9d25a419613f12c2a41af1ca7b20297968de910780297ee299952c7cfb3c7,00ba89fe39ad08b977294f3ed090b4c96c1c1a5fddfe4b5a4f500da736dafdd1,"[19432, 2918, 25, 576, 4531, 374, 264, 10137, 40239, 315, 279, 17328, 323, 1496, 438, 87890, 4990, 5086, 2238, 13919, 13, 10294, 23361, 3819, 25]","[19432, 2918, 25, 1260, 1101, 6801, 1105, 311, 387, 949, 315, 279, 1917, 11, 279, 43586, 315, 806, 11882, 8729, 13, 10294, 23361, 3819, 25]",25,25,True,The film is a travesty of the genre and even as spoof takes itself too seriously.,"He just wants them to be part of the action, the wallpaper of his chosen reality.",tigges,True
sst_tigges_pythia_correct_test,158,sst-956,sst-8071,1,0,"Review Text: It is a kickass, dense sci-fi action thriller hybrid that delivers and then some. Review Sentiment:",Review Text: A cumbersome and cliche-ridden movie greased with every emotional device known to man. Review Sentiment:,"'Review Text: It is a kickass, dense sci-fi action thriller hybrid that delivers and then some. Review Sentiment:'",'Review Text: A cumbersome and cliche-ridden movie greased with every emotional device known to man. Review Sentiment:',52657669657720546578743a2049742069732061206b69636b6173732c2064656e7365207363692d666920616374696f6e20746872696c6c65722068796272696420746861742064656c697665727320616e64207468656e20736f6d652e205265766965772053656e74696d656e743a,52657669657720546578743a20412063756d626572736f6d6520616e6420636c696368652d72696464656e206d6f7669652067726561736564207769746820657665727920656d6f74696f6e616c20646576696365206b6e6f776e20746f206d616e2e205265766965772053656e74696d656e743a,64bf7530317fcbc605bf07f3932d7cc7c1674ba66d90203fde0959f785b07e2a,d77c7d90ef1c2464b15ddb03305ab923c7d74f42e5bc6b9f4985c357f28aee3e,"[19432, 2918, 25, 1084, 374, 264, 10323, 395, 11, 27950, 37974, 36631, 1917, 53361, 24989, 429, 27321, 323, 1221, 1045, 13, 10294, 23361, 3819, 25]","[19432, 2918, 25, 362, 95090, 323, 272, 20005, 3795, 2854, 5700, 2816, 1475, 448, 1449, 14269, 3671, 3881, 311, 883, 13, 10294, 23361, 3819, 25]",25,25,True,"It is a kickass, dense sci-fi action thriller hybrid that delivers and then some.",A cumbersome and cliche-ridden movie greased with every emotional device known to man.,tigges,True
sst_tigges_pythia_correct_test,159,sst-8071,sst-956,0,1,Review Text: A cumbersome and cliche-ridden movie greased with every emotional device known to man. Review Sentiment:,"Review Text: It is a kickass, dense sci-fi action thriller hybrid that delivers and then some. Review Sentiment:",'Review Text: A cumbersome and cliche-ridden movie greased with every emotional device known to man. Review Sentiment:',"'Review Text: It is a kickass, dense sci-fi action thriller hybrid that delivers and then some. Review Sentiment:'",52657669657720546578743a20412063756d626572736f6d6520616e6420636c696368652d72696464656e206d6f7669652067726561736564207769746820657665727920656d6f74696f6e616c20646576696365206b6e6f776e20746f206d616e2e205265766965772053656e74696d656e743a,52657669657720546578743a2049742069732061206b69636b6173732c2064656e7365207363692d666920616374696f6e20746872696c6c65722068796272696420746861742064656c697665727320616e64207468656e20736f6d652e205265766965772053656e74696d656e743a,d77c7d90ef1c2464b15ddb03305ab923c7d74f42e5bc6b9f4985c357f28aee3e,64bf7530317fcbc605bf07f3932d7cc7c1674ba66d90203fde0959f785b07e2a,"[19432, 2918, 25, 362, 95090, 323, 272, 20005, 3795, 2854, 5700, 2816, 1475, 448, 1449, 14269, 3671, 3881, 311, 883, 13, 10294, 23361, 3819, 25]","[19432, 2918, 25, 1084, 374, 264, 10323, 395, 11, 27950, 37974, 36631, 1917, 53361, 24989, 429, 27321, 323, 1221, 1045, 13, 10294, 23361, 3819, 25]",25,25,True,A cumbersome and cliche-ridden movie greased with every emotional device known to man.,"It is a kickass, dense sci-fi action thriller hybrid that delivers and then some.",tigges,True
sst_tigges_pythia_correct_test,160,sst-954,sst-8119,1,0,"Review Text: The actors are so terrific at conveying their young angst, we do indeed feel for them. Review Sentiment:",Review Text: ... fifty minutes of tedious adolescent melodramatics followed by thirty-five minutes of inflated nonsense. Review Sentiment:,"'Review Text: The actors are so terrific at conveying their young angst, we do indeed feel for them. Review Sentiment:'",'Review Text: ... fifty minutes of tedious adolescent melodramatics followed by thirty-five minutes of inflated nonsense. Review Sentiment:',52657669657720546578743a20546865206163746f72732061726520736f20746572726966696320617420636f6e766579696e6720746865697220796f756e6720616e6773742c20776520646f20696e64656564206665656c20666f72207468656d2e205265766965772053656e74696d656e743a,52657669657720546578743a202e2e2e206669667479206d696e75746573206f6620746564696f75732061646f6c657363656e74206d656c6f6472616d617469637320666f6c6c6f776564206279207468697274792d66697665206d696e75746573206f6620696e666c61746564206e6f6e73656e73652e205265766965772053656e74696d656e743a,0e8c16e91d654e2703b87fd049002bd9ad0cbdac0ec0b814dc921b075fb73909,497b9c11b9d637db8407d697b7c7b0ebd0ce31eaca634b831dc065246a29bfda,"[19432, 2918, 25, 576, 19571, 525, 773, 42560, 518, 93065, 862, 3908, 90319, 11, 582, 653, 12824, 2666, 369, 1105, 13, 10294, 23361, 3819, 25]","[19432, 2918, 25, 2503, 32417, 4420, 315, 65738, 34988, 96274, 2396, 28370, 8110, 553, 26127, 35299, 4420, 315, 69854, 40802, 13, 10294, 23361, 3819, 25]",25,25,True,"The actors are so terrific at conveying their young angst, we do indeed feel for them.",... fifty minutes of tedious adolescent melodramatics followed by thirty-five minutes of inflated nonsense.,tigges,True
sst_tigges_pythia_correct_test,161,sst-8119,sst-954,0,1,Review Text: ... fifty minutes of tedious adolescent melodramatics followed by thirty-five minutes of inflated nonsense. Review Sentiment:,"Review Text: The actors are so terrific at conveying their young angst, we do indeed feel for them. Review Sentiment:",'Review Text: ... fifty minutes of tedious adolescent melodramatics followed by thirty-five minutes of inflated nonsense. Review Sentiment:',"'Review Text: The actors are so terrific at conveying their young angst, we do indeed feel for them. Review Sentiment:'",52657669657720546578743a202e2e2e206669667479206d696e75746573206f6620746564696f75732061646f6c657363656e74206d656c6f6472616d617469637320666f6c6c6f776564206279207468697274792d66697665206d696e75746573206f6620696e666c61746564206e6f6e73656e73652e205265766965772053656e74696d656e743a,52657669657720546578743a20546865206163746f72732061726520736f20746572726966696320617420636f6e766579696e6720746865697220796f756e6720616e6773742c20776520646f20696e64656564206665656c20666f72207468656d2e205265766965772053656e74696d656e743a,497b9c11b9d637db8407d697b7c7b0ebd0ce31eaca634b831dc065246a29bfda,0e8c16e91d654e2703b87fd049002bd9ad0cbdac0ec0b814dc921b075fb73909,"[19432, 2918, 25, 2503, 32417, 4420, 315, 65738, 34988, 96274, 2396, 28370, 8110, 553, 26127, 35299, 4420, 315, 69854, 40802, 13, 10294, 23361, 3819, 25]","[19432, 2918, 25, 576, 19571, 525, 773, 42560, 518, 93065, 862, 3908, 90319, 11, 582, 653, 12824, 2666, 369, 1105, 13, 10294, 23361, 3819, 25]",25,25,True,... fifty minutes of tedious adolescent melodramatics followed by thirty-five minutes of inflated nonsense.,"The actors are so terrific at conveying their young angst, we do indeed feel for them.",tigges,True
sst_tigges_pythia_correct_test,162,sst-46,sst-9033,1,0,Review Text: Fuller would surely have called this gutsy and at times exhilarating movie a great yarn. Review Sentiment:,"Review Text: A lousy movie that's not merely unwatchable, but also unlistenable. Review Sentiment:",'Review Text: Fuller would surely have called this gutsy and at times exhilarating movie a great yarn. Review Sentiment:',"""Review Text: A lousy movie that's not merely unwatchable, but also unlistenable. Review Sentiment:""",52657669657720546578743a2046756c6c657220776f756c6420737572656c7920686176652063616c6c6564207468697320677574737920616e642061742074696d657320657868696c61726174696e67206d6f7669652061206772656174207961726e2e205265766965772053656e74696d656e743a,52657669657720546578743a2041206c6f757379206d6f76696520746861742773206e6f74206d6572656c7920756e776174636861626c652c2062757420616c736f20756e6c697374656e61626c652e205265766965772053656e74696d656e743a,854bfaff95e8a2777dfb529de6ff2f1acef576f2abf1fbad81f2ee4a10b7a20c,a8fb971fb5bccc044e8083c2515249cb11d44dc0b01ecfa2244264ce2228b62f,"[19432, 2918, 25, 70469, 1035, 21502, 614, 2598, 419, 64873, 88, 323, 518, 3039, 90726, 1095, 5700, 264, 2244, 38247, 13, 10294, 23361, 3819, 25]","[19432, 2918, 25, 362, 326, 93523, 5700, 429, 594, 537, 16234, 650, 14321, 480, 11, 714, 1083, 650, 1607, 12552, 13, 10294, 23361, 3819, 25]",25,25,True,Fuller would surely have called this gutsy and at times exhilarating movie a great yarn.,"A lousy movie that's not merely unwatchable, but also unlistenable.",tigges,True
sst_tigges_pythia_correct_test,163,sst-9033,sst-46,0,1,"Review Text: A lousy movie that's not merely unwatchable, but also unlistenable. Review Sentiment:",Review Text: Fuller would surely have called this gutsy and at times exhilarating movie a great yarn. Review Sentiment:,"""Review Text: A lousy movie that's not merely unwatchable, but also unlistenable. Review Sentiment:""",'Review Text: Fuller would surely have called this gutsy and at times exhilarating movie a great yarn. Review Sentiment:',52657669657720546578743a2041206c6f757379206d6f76696520746861742773206e6f74206d6572656c7920756e776174636861626c652c2062757420616c736f20756e6c697374656e61626c652e205265766965772053656e74696d656e743a,52657669657720546578743a2046756c6c657220776f756c6420737572656c7920686176652063616c6c6564207468697320677574737920616e642061742074696d657320657868696c61726174696e67206d6f7669652061206772656174207961726e2e205265766965772053656e74696d656e743a,a8fb971fb5bccc044e8083c2515249cb11d44dc0b01ecfa2244264ce2228b62f,854bfaff95e8a2777dfb529de6ff2f1acef576f2abf1fbad81f2ee4a10b7a20c,"[19432, 2918, 25, 362, 326, 93523, 5700, 429, 594, 537, 16234, 650, 14321, 480, 11, 714, 1083, 650, 1607, 12552, 13, 10294, 23361, 3819, 25]","[19432, 2918, 25, 70469, 1035, 21502, 614, 2598, 419, 64873, 88, 323, 518, 3039, 90726, 1095, 5700, 264, 2244, 38247, 13, 10294, 23361, 3819, 25]",25,25,True,"A lousy movie that's not merely unwatchable, but also unlistenable.",Fuller would surely have called this gutsy and at times exhilarating movie a great yarn.,tigges,True
sst_tigges_pythia_correct_test,164,sst-828,sst-8186,1,0,"Review Text: A highly intriguing thriller, coupled with some ingenious plot devices and some lavishly built settings.. Review Sentiment:",Review Text: ... too gory to be a comedy and too silly to be an effective horror film. Review Sentiment:,"'Review Text: A highly intriguing thriller, coupled with some ingenious plot devices and some lavishly built settings.. Review Sentiment:'",'Review Text: ... too gory to be a comedy and too silly to be an effective horror film. Review Sentiment:',52657669657720546578743a204120686967686c7920696e7472696775696e6720746872696c6c65722c20636f75706c6564207769746820736f6d6520696e67656e696f757320706c6f74206465766963657320616e6420736f6d65206c61766973686c79206275696c742073657474696e67732e2e205265766965772053656e74696d656e743a,52657669657720546578743a202e2e2e20746f6f20676f727920746f206265206120636f6d65647920616e6420746f6f2073696c6c7920746f20626520616e2065666665637469766520686f72726f722066696c6d2e205265766965772053656e74696d656e743a,8dcecc7af23ccfa495ef514e2f08aae4f89a605c57bfc2d6ae2f7b703d2e00ee,ef4b424a7a0f906ec915b4cce9c8ac4ba77bcd8b0ad2c14b8fa2ce0a28a66ff2,"[19432, 2918, 25, 362, 7548, 40665, 53361, 11, 33256, 448, 1045, 96699, 7089, 7611, 323, 1045, 29483, 64823, 5798, 5003, 496, 10294, 23361, 3819, 25]","[19432, 2918, 25, 2503, 2238, 342, 679, 311, 387, 264, 22358, 323, 2238, 29471, 311, 387, 458, 7373, 21452, 4531, 13, 10294, 23361, 3819, 25]",25,25,True,"A highly intriguing thriller, coupled with some ingenious plot devices and some lavishly built settings..",... too gory to be a comedy and too silly to be an effective horror film.,tigges,True
sst_tigges_pythia_correct_test,165,sst-8186,sst-828,0,1,Review Text: ... too gory to be a comedy and too silly to be an effective horror film. Review Sentiment:,"Review Text: A highly intriguing thriller, coupled with some ingenious plot devices and some lavishly built settings.. Review Sentiment:",'Review Text: ... too gory to be a comedy and too silly to be an effective horror film. Review Sentiment:',"'Review Text: A highly intriguing thriller, coupled with some ingenious plot devices and some lavishly built settings.. Review Sentiment:'",52657669657720546578743a202e2e2e20746f6f20676f727920746f206265206120636f6d65647920616e6420746f6f2073696c6c7920746f20626520616e2065666665637469766520686f72726f722066696c6d2e205265766965772053656e74696d656e743a,52657669657720546578743a204120686967686c7920696e7472696775696e6720746872696c6c65722c20636f75706c6564207769746820736f6d6520696e67656e696f757320706c6f74206465766963657320616e6420736f6d65206c61766973686c79206275696c742073657474696e67732e2e205265766965772053656e74696d656e743a,ef4b424a7a0f906ec915b4cce9c8ac4ba77bcd8b0ad2c14b8fa2ce0a28a66ff2,8dcecc7af23ccfa495ef514e2f08aae4f89a605c57bfc2d6ae2f7b703d2e00ee,"[19432, 2918, 25, 2503, 2238, 342, 679, 311, 387, 264, 22358, 323, 2238, 29471, 311, 387, 458, 7373, 21452, 4531, 13, 10294, 23361, 3819, 25]","[19432, 2918, 25, 362, 7548, 40665, 53361, 11, 33256, 448, 1045, 96699, 7089, 7611, 323, 1045, 29483, 64823, 5798, 5003, 496, 10294, 23361, 3819, 25]",25,25,True,... too gory to be a comedy and too silly to be an effective horror film.,"A highly intriguing thriller, coupled with some ingenious plot devices and some lavishly built settings..",tigges,True
sst_tigges_pythia_correct_test,166,sst-660,sst-9059,1,0,"Review Text: An intimate, good-humored ethnic comedy like numerous others but cuts deeper than expected. Review Sentiment:",Review Text: The sequel has turned completely and irrevocably bizarre to the point of utter nonsense. Review Sentiment:,"'Review Text: An intimate, good-humored ethnic comedy like numerous others but cuts deeper than expected. Review Sentiment:'",'Review Text: The sequel has turned completely and irrevocably bizarre to the point of utter nonsense. Review Sentiment:',52657669657720546578743a20416e20696e74696d6174652c20676f6f642d68756d6f726564206574686e696320636f6d656479206c696b65206e756d65726f7573206f746865727320627574206375747320646565706572207468616e2065787065637465642e205265766965772053656e74696d656e743a,52657669657720546578743a205468652073657175656c20686173207475726e656420636f6d706c6574656c7920616e642069727265766f6361626c792062697a6172726520746f2074686520706f696e74206f66207574746572206e6f6e73656e73652e205265766965772053656e74696d656e743a,27ac8ed8025df9d46247779be4409db5398576b58f884ba295ea808aa79dfec4,b001638130f2dfdc2fe13a379c81e5655eb793edfc7a3976260a5072deb0ae81,"[19432, 2918, 25, 1527, 31387, 11, 1661, 2832, 372, 3018, 21551, 22358, 1075, 12114, 3800, 714, 15104, 19117, 1091, 3601, 13, 10294, 23361, 3819, 25]","[19432, 2918, 25, 576, 34761, 702, 6519, 6587, 323, 6216, 7282, 509, 2845, 32188, 311, 279, 1459, 315, 21532, 40802, 13, 10294, 23361, 3819, 25]",25,25,True,"An intimate, good-humored ethnic comedy like numerous others but cuts deeper than expected.",The sequel has turned completely and irrevocably bizarre to the point of utter nonsense.,tigges,True
sst_tigges_pythia_correct_test,167,sst-9059,sst-660,0,1,Review Text: The sequel has turned completely and irrevocably bizarre to the point of utter nonsense. Review Sentiment:,"Review Text: An intimate, good-humored ethnic comedy like numerous others but cuts deeper than expected. Review Sentiment:",'Review Text: The sequel has turned completely and irrevocably bizarre to the point of utter nonsense. Review Sentiment:',"'Review Text: An intimate, good-humored ethnic comedy like numerous others but cuts deeper than expected. Review Sentiment:'",52657669657720546578743a205468652073657175656c20686173207475726e656420636f6d706c6574656c7920616e642069727265766f6361626c792062697a6172726520746f2074686520706f696e74206f66207574746572206e6f6e73656e73652e205265766965772053656e74696d656e743a,52657669657720546578743a20416e20696e74696d6174652c20676f6f642d68756d6f726564206574686e696320636f6d656479206c696b65206e756d65726f7573206f746865727320627574206375747320646565706572207468616e2065787065637465642e205265766965772053656e74696d656e743a,b001638130f2dfdc2fe13a379c81e5655eb793edfc7a3976260a5072deb0ae81,27ac8ed8025df9d46247779be4409db5398576b58f884ba295ea808aa79dfec4,"[19432, 2918, 25, 576, 34761, 702, 6519, 6587, 323, 6216, 7282, 509, 2845, 32188, 311, 279, 1459, 315, 21532, 40802, 13, 10294, 23361, 3819, 25]","[19432, 2918, 25, 1527, 31387, 11, 1661, 2832, 372, 3018, 21551, 22358, 1075, 12114, 3800, 714, 15104, 19117, 1091, 3601, 13, 10294, 23361, 3819, 25]",25,25,True,The sequel has turned completely and irrevocably bizarre to the point of utter nonsense.,"An intimate, good-humored ethnic comedy like numerous others but cuts deeper than expected.",tigges,True
sst_tigges_pythia_correct_test,168,sst-1013,sst-8000,1,0,"Review Text: While surprisingly sincere, this average little story is adorned with some awesome action photography and surfing. Review Sentiment:","Review Text: Anyway, for one reason or another, Crush turns into a dire drama partway through. Review Sentiment:","'Review Text: While surprisingly sincere, this average little story is adorned with some awesome action photography and surfing. Review Sentiment:'","'Review Text: Anyway, for one reason or another, Crush turns into a dire drama partway through. Review Sentiment:'",52657669657720546578743a205768696c652073757270726973696e676c792073696e636572652c20746869732061766572616765206c6974746c652073746f72792069732061646f726e6564207769746820736f6d6520617765736f6d6520616374696f6e2070686f746f67726170687920616e642073757266696e672e205265766965772053656e74696d656e743a,52657669657720546578743a20416e797761792c20666f72206f6e6520726561736f6e206f7220616e6f746865722c204372757368207475726e7320696e746f20612064697265206472616d612070617274776179207468726f7567682e205265766965772053656e74696d656e743a,80fcb708fc3ceae0232e937743885f4f539b68bbb5eea201f2840c867fd6d42e,65c9c80965074d88356d23a6a8d88fd9300023095fa1355b2922011ef545dcd1,"[19432, 2918, 25, 5976, 28292, 48324, 11, 419, 5461, 2632, 3364, 374, 83173, 448, 1045, 12456, 1917, 23751, 323, 57740, 13, 10294, 23361, 3819, 25]","[19432, 2918, 25, 41569, 11, 369, 825, 2874, 476, 2441, 11, 12048, 10577, 1119, 264, 13207, 19584, 949, 3117, 1526, 13, 10294, 23361, 3819, 25]",25,25,True,"While surprisingly sincere, this average little story is adorned with some awesome action photography and surfing.","Anyway, for one reason or another, Crush turns into a dire drama partway through.",tigges,True
sst_tigges_pythia_correct_test,169,sst-8000,sst-1013,0,1,"Review Text: Anyway, for one reason or another, Crush turns into a dire drama partway through. Review Sentiment:","Review Text: While surprisingly sincere, this average little story is adorned with some awesome action photography and surfing. Review Sentiment:","'Review Text: Anyway, for one reason or another, Crush turns into a dire drama partway through. Review Sentiment:'","'Review Text: While surprisingly sincere, this average little story is adorned with some awesome action photography and surfing. Review Sentiment:'",52657669657720546578743a20416e797761792c20666f72206f6e6520726561736f6e206f7220616e6f746865722c204372757368207475726e7320696e746f20612064697265206472616d612070617274776179207468726f7567682e205265766965772053656e74696d656e743a,52657669657720546578743a205768696c652073757270726973696e676c792073696e636572652c20746869732061766572616765206c6974746c652073746f72792069732061646f726e6564207769746820736f6d6520617765736f6d6520616374696f6e2070686f746f67726170687920616e642073757266696e672e205265766965772053656e74696d656e743a,65c9c80965074d88356d23a6a8d88fd9300023095fa1355b2922011ef545dcd1,80fcb708fc3ceae0232e937743885f4f539b68bbb5eea201f2840c867fd6d42e,"[19432, 2918, 25, 41569, 11, 369, 825, 2874, 476, 2441, 11, 12048, 10577, 1119, 264, 13207, 19584, 949, 3117, 1526, 13, 10294, 23361, 3819, 25]","[19432, 2918, 25, 5976, 28292, 48324, 11, 419, 5461, 2632, 3364, 374, 83173, 448, 1045, 12456, 1917, 23751, 323, 57740, 13, 10294, 23361, 3819, 25]",25,25,True,"Anyway, for one reason or another, Crush turns into a dire drama partway through.","While surprisingly sincere, this average little story is adorned with some awesome action photography and surfing.",tigges,True
sst_tigges_pythia_correct_test,170,sst-66,sst-9068,1,0,Review Text: This is the best American movie about troubled teens since 1998's Whatever. Review Sentiment:,Review Text: A film so tedious that it is impossible to care whether that boast is true or not. Review Sentiment:,"""Review Text: This is the best American movie about troubled teens since 1998's Whatever. Review Sentiment:""",'Review Text: A film so tedious that it is impossible to care whether that boast is true or not. Review Sentiment:',52657669657720546578743a205468697320697320746865206265737420416d65726963616e206d6f7669652061626f75742074726f75626c6564207465656e732073696e6365203139393827732057686174657665722e205265766965772053656e74696d656e743a,52657669657720546578743a20412066696c6d20736f20746564696f7573207468617420697420697320696d706f737369626c6520746f20636172652077686574686572207468617420626f6173742069732074727565206f72206e6f742e205265766965772053656e74696d656e743a,f7a5283642b701ff3f133f5c815589eb235fb876ab2b59879a3c5fa806b7d5da,291e946f81dda66f5276051a87c6788f13ccc31ca0293d1641393b79d47ac15e,"[19432, 2918, 25, 1096, 374, 279, 1850, 3693, 5700, 911, 41032, 26202, 2474, 220, 16, 24, 24, 23, 594, 32639, 13, 10294, 23361, 3819, 25]","[19432, 2918, 25, 362, 4531, 773, 65738, 429, 432, 374, 11997, 311, 2453, 3425, 429, 58127, 374, 830, 476, 537, 13, 10294, 23361, 3819, 25]",25,25,True,This is the best American movie about troubled teens since 1998's Whatever.,A film so tedious that it is impossible to care whether that boast is true or not.,tigges,True
sst_tigges_pythia_correct_test,171,sst-9068,sst-66,0,1,Review Text: A film so tedious that it is impossible to care whether that boast is true or not. Review Sentiment:,Review Text: This is the best American movie about troubled teens since 1998's Whatever. Review Sentiment:,'Review Text: A film so tedious that it is impossible to care whether that boast is true or not. Review Sentiment:',"""Review Text: This is the best American movie about troubled teens since 1998's Whatever. Review Sentiment:""",52657669657720546578743a20412066696c6d20736f20746564696f7573207468617420697420697320696d706f737369626c6520746f20636172652077686574686572207468617420626f6173742069732074727565206f72206e6f742e205265766965772053656e74696d656e743a,52657669657720546578743a205468697320697320746865206265737420416d65726963616e206d6f7669652061626f75742074726f75626c6564207465656e732073696e6365203139393827732057686174657665722e205265766965772053656e74696d656e743a,291e946f81dda66f5276051a87c6788f13ccc31ca0293d1641393b79d47ac15e,f7a5283642b701ff3f133f5c815589eb235fb876ab2b59879a3c5fa806b7d5da,"[19432, 2918, 25, 362, 4531, 773, 65738, 429, 432, 374, 11997, 311, 2453, 3425, 429, 58127, 374, 830, 476, 537, 13, 10294, 23361, 3819, 25]","[19432, 2918, 25, 1096, 374, 279, 1850, 3693, 5700, 911, 41032, 26202, 2474, 220, 16, 24, 24, 23, 594, 32639, 13, 10294, 23361, 3819, 25]",25,25,True,A film so tedious that it is impossible to care whether that boast is true or not.,This is the best American movie about troubled teens since 1998's Whatever.,tigges,True
sst_tigges_pythia_correct_test,172,sst-1077,sst-8816,1,0,"Review Text: Full of profound, real-life moments that anyone can relate to, it deserves a wide audience. Review Sentiment:","Review Text: A graceless, witless attempt at mating Some Like It Hot with the WWII espionage thriller. Review Sentiment:","'Review Text: Full of profound, real-life moments that anyone can relate to, it deserves a wide audience. Review Sentiment:'","'Review Text: A graceless, witless attempt at mating Some Like It Hot with the WWII espionage thriller. Review Sentiment:'",52657669657720546578743a2046756c6c206f662070726f666f756e642c207265616c2d6c696665206d6f6d656e7473207468617420616e796f6e652063616e2072656c61746520746f2c206974206465736572766573206120776964652061756469656e63652e205265766965772053656e74696d656e743a,52657669657720546578743a20412067726163656c6573732c207769746c65737320617474656d7074206174206d6174696e6720536f6d65204c696b6520497420486f74207769746820746865205757494920657370696f6e61676520746872696c6c65722e205265766965772053656e74696d656e743a,1c0e7c57e17ab49c76d0d5b88beaa8f26f5e9ab967f57b77effdebd3206ae1ff,544fff80fc1baec03d91d72f2c03993ed896a89ade35579090d473f633a5d123,"[19432, 2918, 25, 8627, 315, 27155, 11, 1931, 25843, 13943, 429, 5489, 646, 28143, 311, 11, 432, 29575, 264, 6884, 10650, 13, 10294, 23361, 3819, 25]","[19432, 2918, 25, 362, 20839, 1717, 11, 37367, 1717, 4774, 518, 72119, 4329, 8909, 1084, 8007, 448, 279, 60030, 77639, 53361, 13, 10294, 23361, 3819, 25]",26,26,True,"Full of profound, real-life moments that anyone can relate to, it deserves a wide audience.","A graceless, witless attempt at mating Some Like It Hot with the WWII espionage thriller.",tigges,True
sst_tigges_pythia_correct_test,173,sst-8816,sst-1077,0,1,"Review Text: A graceless, witless attempt at mating Some Like It Hot with the WWII espionage thriller. Review Sentiment:","Review Text: Full of profound, real-life moments that anyone can relate to, it deserves a wide audience. Review Sentiment:","'Review Text: A graceless, witless attempt at mating Some Like It Hot with the WWII espionage thriller. Review Sentiment:'","'Review Text: Full of profound, real-life moments that anyone can relate to, it deserves a wide audience. Review Sentiment:'",52657669657720546578743a20412067726163656c6573732c207769746c65737320617474656d7074206174206d6174696e6720536f6d65204c696b6520497420486f74207769746820746865205757494920657370696f6e61676520746872696c6c65722e205265766965772053656e74696d656e743a,52657669657720546578743a2046756c6c206f662070726f666f756e642c207265616c2d6c696665206d6f6d656e7473207468617420616e796f6e652063616e2072656c61746520746f2c206974206465736572766573206120776964652061756469656e63652e205265766965772053656e74696d656e743a,544fff80fc1baec03d91d72f2c03993ed896a89ade35579090d473f633a5d123,1c0e7c57e17ab49c76d0d5b88beaa8f26f5e9ab967f57b77effdebd3206ae1ff,"[19432, 2918, 25, 362, 20839, 1717, 11, 37367, 1717, 4774, 518, 72119, 4329, 8909, 1084, 8007, 448, 279, 60030, 77639, 53361, 13, 10294, 23361, 3819, 25]","[19432, 2918, 25, 8627, 315, 27155, 11, 1931, 25843, 13943, 429, 5489, 646, 28143, 311, 11, 432, 29575, 264, 6884, 10650, 13, 10294, 23361, 3819, 25]",26,26,True,"A graceless, witless attempt at mating Some Like It Hot with the WWII espionage thriller.","Full of profound, real-life moments that anyone can relate to, it deserves a wide audience.",tigges,True
sst_tigges_pythia_correct_test,174,sst-677,sst-8733,1,0,Review Text: Ford deserves to be remembered at Oscar time for crafting this wonderful portrait of a conflicted soldier. Review Sentiment:,Review Text: What The Four Feathers lacks is genuine sweep or feeling or even a character worth caring about. Review Sentiment:,'Review Text: Ford deserves to be remembered at Oscar time for crafting this wonderful portrait of a conflicted soldier. Review Sentiment:','Review Text: What The Four Feathers lacks is genuine sweep or feeling or even a character worth caring about. Review Sentiment:',52657669657720546578743a20466f726420646573657276657320746f2062652072656d656d6265726564206174204f736361722074696d6520666f72206372616674696e67207468697320776f6e64657266756c20706f727472616974206f66206120636f6e666c696374656420736f6c646965722e205265766965772053656e74696d656e743a,52657669657720546578743a20576861742054686520466f7572204665617468657273206c61636b732069732067656e75696e65207377656570206f72206665656c696e67206f72206576656e20612063686172616374657220776f72746820636172696e672061626f75742e205265766965772053656e74696d656e743a,5c7b3e06b11e561151d3c0a6f060c3dfc38b3f3b3d73b381dac0d7469ef44e1a,bb7e0f38a358af5b74389f1cd7240b419b30ce53a09a1e9fd603bc1a0c06c96d,"[19432, 2918, 25, 14010, 29575, 311, 387, 26471, 518, 30697, 882, 369, 44067, 419, 11117, 33033, 315, 264, 9159, 6565, 26110, 13, 10294, 23361, 3819, 25]","[19432, 2918, 25, 3555, 576, 13322, 3841, 19030, 36756, 374, 22011, 23146, 476, 8266, 476, 1496, 264, 3668, 5802, 29498, 911, 13, 10294, 23361, 3819, 25]",26,26,True,Ford deserves to be remembered at Oscar time for crafting this wonderful portrait of a conflicted soldier.,What The Four Feathers lacks is genuine sweep or feeling or even a character worth caring about.,tigges,True
sst_tigges_pythia_correct_test,175,sst-8733,sst-677,0,1,Review Text: What The Four Feathers lacks is genuine sweep or feeling or even a character worth caring about. Review Sentiment:,Review Text: Ford deserves to be remembered at Oscar time for crafting this wonderful portrait of a conflicted soldier. Review Sentiment:,'Review Text: What The Four Feathers lacks is genuine sweep or feeling or even a character worth caring about. Review Sentiment:','Review Text: Ford deserves to be remembered at Oscar time for crafting this wonderful portrait of a conflicted soldier. Review Sentiment:',52657669657720546578743a20576861742054686520466f7572204665617468657273206c61636b732069732067656e75696e65207377656570206f72206665656c696e67206f72206576656e20612063686172616374657220776f72746820636172696e672061626f75742e205265766965772053656e74696d656e743a,52657669657720546578743a20466f726420646573657276657320746f2062652072656d656d6265726564206174204f736361722074696d6520666f72206372616674696e67207468697320776f6e64657266756c20706f727472616974206f66206120636f6e666c696374656420736f6c646965722e205265766965772053656e74696d656e743a,bb7e0f38a358af5b74389f1cd7240b419b30ce53a09a1e9fd603bc1a0c06c96d,5c7b3e06b11e561151d3c0a6f060c3dfc38b3f3b3d73b381dac0d7469ef44e1a,"[19432, 2918, 25, 3555, 576, 13322, 3841, 19030, 36756, 374, 22011, 23146, 476, 8266, 476, 1496, 264, 3668, 5802, 29498, 911, 13, 10294, 23361, 3819, 25]","[19432, 2918, 25, 14010, 29575, 311, 387, 26471, 518, 30697, 882, 369, 44067, 419, 11117, 33033, 315, 264, 9159, 6565, 26110, 13, 10294, 23361, 3819, 25]",26,26,True,What The Four Feathers lacks is genuine sweep or feeling or even a character worth caring about.,Ford deserves to be remembered at Oscar time for crafting this wonderful portrait of a conflicted soldier.,tigges,True
sst_tigges_pythia_correct_test,176,sst-771,sst-8510,1,0,Review Text: ... one of the most ingenious and entertaining thrillers I've seen in quite a long time. Review Sentiment:,"Review Text: Suffers from rambling, repetitive dialogue and the visual drabness endemic to digital video. Review Sentiment:","""Review Text: ... one of the most ingenious and entertaining thrillers I've seen in quite a long time. Review Sentiment:""","'Review Text: Suffers from rambling, repetitive dialogue and the visual drabness endemic to digital video. Review Sentiment:'",52657669657720546578743a202e2e2e206f6e65206f6620746865206d6f737420696e67656e696f757320616e6420656e7465727461696e696e6720746872696c6c6572732049277665207365656e20696e2071756974652061206c6f6e672074696d652e205265766965772053656e74696d656e743a,52657669657720546578743a20537566666572732066726f6d2072616d626c696e672c2072657065746974697665206469616c6f67756520616e64207468652076697375616c20647261626e65737320656e64656d696320746f206469676974616c20766964656f2e205265766965772053656e74696d656e743a,d47bca77f1aa9b84a5385a0c5d35ea132c70129a33757ed1422dba88b09ce0f4,be014ea1f56795468df6e0d5c839ab546c20c83a37ee5f692e6d0ca2ef416000,"[19432, 2918, 25, 2503, 825, 315, 279, 1429, 96699, 323, 29211, 53804, 388, 358, 3003, 3884, 304, 5008, 264, 1293, 882, 13, 10294, 23361, 3819, 25]","[19432, 2918, 25, 328, 20342, 504, 17823, 9695, 11, 58077, 21276, 323, 279, 9124, 1353, 370, 2090, 94913, 311, 7377, 2766, 13, 10294, 23361, 3819, 25]",26,26,True,... one of the most ingenious and entertaining thrillers I've seen in quite a long time.,"Suffers from rambling, repetitive dialogue and the visual drabness endemic to digital video.",tigges,True
sst_tigges_pythia_correct_test,177,sst-8510,sst-771,0,1,"Review Text: Suffers from rambling, repetitive dialogue and the visual drabness endemic to digital video. Review Sentiment:",Review Text: ... one of the most ingenious and entertaining thrillers I've seen in quite a long time. Review Sentiment:,"'Review Text: Suffers from rambling, repetitive dialogue and the visual drabness endemic to digital video. Review Sentiment:'","""Review Text: ... one of the most ingenious and entertaining thrillers I've seen in quite a long time. Review Sentiment:""",52657669657720546578743a20537566666572732066726f6d2072616d626c696e672c2072657065746974697665206469616c6f67756520616e64207468652076697375616c20647261626e65737320656e64656d696320746f206469676974616c20766964656f2e205265766965772053656e74696d656e743a,52657669657720546578743a202e2e2e206f6e65206f6620746865206d6f737420696e67656e696f757320616e6420656e7465727461696e696e6720746872696c6c6572732049277665207365656e20696e2071756974652061206c6f6e672074696d652e205265766965772053656e74696d656e743a,be014ea1f56795468df6e0d5c839ab546c20c83a37ee5f692e6d0ca2ef416000,d47bca77f1aa9b84a5385a0c5d35ea132c70129a33757ed1422dba88b09ce0f4,"[19432, 2918, 25, 328, 20342, 504, 17823, 9695, 11, 58077, 21276, 323, 279, 9124, 1353, 370, 2090, 94913, 311, 7377, 2766, 13, 10294, 23361, 3819, 25]","[19432, 2918, 25, 2503, 825, 315, 279, 1429, 96699, 323, 29211, 53804, 388, 358, 3003, 3884, 304, 5008, 264, 1293, 882, 13, 10294, 23361, 3819, 25]",26,26,True,"Suffers from rambling, repetitive dialogue and the visual drabness endemic to digital video.",... one of the most ingenious and entertaining thrillers I've seen in quite a long time.,tigges,True
sst_tigges_pythia_correct_test,178,sst-198,sst-8555,1,0,"Review Text: But watching Huppert, a great actress tearing into a landmark role, is riveting. Review Sentiment:",Review Text: Feels like the grittiest movie that was ever made for the Lifetime cable television network. Review Sentiment:,"'Review Text: But watching Huppert, a great actress tearing into a landmark role, is riveting. Review Sentiment:'",'Review Text: Feels like the grittiest movie that was ever made for the Lifetime cable television network. Review Sentiment:',52657669657720546578743a20427574207761746368696e6720487570706572742c206120677265617420616374726573732074656172696e6720696e746f2061206c616e646d61726b20726f6c652c206973207269766574696e672e205265766965772053656e74696d656e743a,52657669657720546578743a204665656c73206c696b652074686520677269747469657374206d6f7669652074686174207761732065766572206d61646520666f7220746865204c69666574696d65206361626c652074656c65766973696f6e206e6574776f726b2e205265766965772053656e74696d656e743a,d34a92d803dd15cc05e8c4d4eb2ef99325189d7a56f6d627ddd30971b7462e80,2b29d462f53eda713baeae0434c33fff6aa3b23ba202d069f09e48d0a008c370,"[19432, 2918, 25, 1988, 10099, 472, 31832, 529, 11, 264, 2244, 23654, 55736, 1119, 264, 37250, 3476, 11, 374, 43129, 11619, 13, 10294, 23361, 3819, 25]","[19432, 2918, 25, 3841, 2010, 1075, 279, 40918, 10251, 477, 5700, 429, 572, 3512, 1865, 369, 279, 64352, 14652, 12425, 3922, 13, 10294, 23361, 3819, 25]",26,26,True,"But watching Huppert, a great actress tearing into a landmark role, is riveting.",Feels like the grittiest movie that was ever made for the Lifetime cable television network.,tigges,True
sst_tigges_pythia_correct_test,179,sst-8555,sst-198,0,1,Review Text: Feels like the grittiest movie that was ever made for the Lifetime cable television network. Review Sentiment:,"Review Text: But watching Huppert, a great actress tearing into a landmark role, is riveting. Review Sentiment:",'Review Text: Feels like the grittiest movie that was ever made for the Lifetime cable television network. Review Sentiment:',"'Review Text: But watching Huppert, a great actress tearing into a landmark role, is riveting. Review Sentiment:'",52657669657720546578743a204665656c73206c696b652074686520677269747469657374206d6f7669652074686174207761732065766572206d61646520666f7220746865204c69666574696d65206361626c652074656c65766973696f6e206e6574776f726b2e205265766965772053656e74696d656e743a,52657669657720546578743a20427574207761746368696e6720487570706572742c206120677265617420616374726573732074656172696e6720696e746f2061206c616e646d61726b20726f6c652c206973207269766574696e672e205265766965772053656e74696d656e743a,2b29d462f53eda713baeae0434c33fff6aa3b23ba202d069f09e48d0a008c370,d34a92d803dd15cc05e8c4d4eb2ef99325189d7a56f6d627ddd30971b7462e80,"[19432, 2918, 25, 3841, 2010, 1075, 279, 40918, 10251, 477, 5700, 429, 572, 3512, 1865, 369, 279, 64352, 14652, 12425, 3922, 13, 10294, 23361, 3819, 25]","[19432, 2918, 25, 1988, 10099, 472, 31832, 529, 11, 264, 2244, 23654, 55736, 1119, 264, 37250, 3476, 11, 374, 43129, 11619, 13, 10294, 23361, 3819, 25]",26,26,True,Feels like the grittiest movie that was ever made for the Lifetime cable television network.,"But watching Huppert, a great actress tearing into a landmark role, is riveting.",tigges,True
sst_tigges_pythia_correct_test,180,sst-8640,sst-8583,1,0,Review Text: A fairly by-the-books blend of action and romance with sprinklings of intentional and unintentional comedy. Review Sentiment:,"Review Text: Plays as hollow catharsis, with lots of tears but very little in the way of insights. Review Sentiment:",'Review Text: A fairly by-the-books blend of action and romance with sprinklings of intentional and unintentional comedy. Review Sentiment:',"'Review Text: Plays as hollow catharsis, with lots of tears but very little in the way of insights. Review Sentiment:'",52657669657720546578743a204120666169726c792062792d7468652d626f6f6b7320626c656e64206f6620616374696f6e20616e6420726f6d616e6365207769746820737072696e6b6c696e6773206f6620696e74656e74696f6e616c20616e6420756e696e74656e74696f6e616c20636f6d6564792e205265766965772053656e74696d656e743a,52657669657720546578743a20506c61797320617320686f6c6c6f77206361746861727369732c2077697468206c6f7473206f66207465617273206275742076657279206c6974746c6520696e2074686520776179206f6620696e7369676874732e205265766965772053656e74696d656e743a,8ecdc30d5a3695a87403e458069cc7876b21af653d297191edae4f7d128980af,44d04089edc03a9fd95ce66391eab775fb6ac73f60c4219ac08d0027fd38da71,"[19432, 2918, 25, 362, 14138, 553, 10603, 83091, 20334, 315, 1917, 323, 29263, 448, 50698, 18812, 315, 46864, 323, 69476, 278, 22358, 13, 10294, 23361, 3819, 25]","[19432, 2918, 25, 76165, 438, 41802, 30647, 1561, 285, 11, 448, 10077, 315, 23139, 714, 1602, 2632, 304, 279, 1616, 315, 25709, 13, 10294, 23361, 3819, 25]",27,27,True,A fairly by-the-books blend of action and romance with sprinklings of intentional and unintentional comedy.,"Plays as hollow catharsis, with lots of tears but very little in the way of insights.",tigges,True
sst_tigges_pythia_correct_test,181,sst-8583,sst-8640,0,1,"Review Text: Plays as hollow catharsis, with lots of tears but very little in the way of insights. Review Sentiment:",Review Text: A fairly by-the-books blend of action and romance with sprinklings of intentional and unintentional comedy. Review Sentiment:,"'Review Text: Plays as hollow catharsis, with lots of tears but very little in the way of insights. Review Sentiment:'",'Review Text: A fairly by-the-books blend of action and romance with sprinklings of intentional and unintentional comedy. Review Sentiment:',52657669657720546578743a20506c61797320617320686f6c6c6f77206361746861727369732c2077697468206c6f7473206f66207465617273206275742076657279206c6974746c6520696e2074686520776179206f6620696e7369676874732e205265766965772053656e74696d656e743a,52657669657720546578743a204120666169726c792062792d7468652d626f6f6b7320626c656e64206f6620616374696f6e20616e6420726f6d616e6365207769746820737072696e6b6c696e6773206f6620696e74656e74696f6e616c20616e6420756e696e74656e74696f6e616c20636f6d6564792e205265766965772053656e74696d656e743a,44d04089edc03a9fd95ce66391eab775fb6ac73f60c4219ac08d0027fd38da71,8ecdc30d5a3695a87403e458069cc7876b21af653d297191edae4f7d128980af,"[19432, 2918, 25, 76165, 438, 41802, 30647, 1561, 285, 11, 448, 10077, 315, 23139, 714, 1602, 2632, 304, 279, 1616, 315, 25709, 13, 10294, 23361, 3819, 25]","[19432, 2918, 25, 362, 14138, 553, 10603, 83091, 20334, 315, 1917, 323, 29263, 448, 50698, 18812, 315, 46864, 323, 69476, 278, 22358, 13, 10294, 23361, 3819, 25]",27,27,True,"Plays as hollow catharsis, with lots of tears but very little in the way of insights.",A fairly by-the-books blend of action and romance with sprinklings of intentional and unintentional comedy.,tigges,True
sst_tigges_pythia_correct_test,182,sst-933,sst-8302,1,0,Review Text: A refreshingly honest and ultimately touching tale of the sort of people usually ignored in contemporary American film. Review Sentiment:,"Review Text: So stupid, so ill-conceived, so badly drawn, it created whole new levels of ugly. Review Sentiment:",'Review Text: A refreshingly honest and ultimately touching tale of the sort of people usually ignored in contemporary American film. Review Sentiment:',"'Review Text: So stupid, so ill-conceived, so badly drawn, it created whole new levels of ugly. Review Sentiment:'",52657669657720546578743a20412072656672657368696e676c7920686f6e65737420616e6420756c74696d6174656c7920746f756368696e672074616c65206f662074686520736f7274206f662070656f706c6520757375616c6c792069676e6f72656420696e20636f6e74656d706f7261727920416d65726963616e2066696c6d2e205265766965772053656e74696d656e743a,52657669657720546578743a20536f207374757069642c20736f20696c6c2d636f6e6365697665642c20736f206261646c7920647261776e2c20697420637265617465642077686f6c65206e6577206c6576656c73206f662075676c792e205265766965772053656e74696d656e743a,b1536b62159ecbae1c6f2da2f6b4e20b2752f412a5c85e8f9ccd76087f1f71c5,77080390357a40a538ad438d8f2dfe452af2b2a873a327c72db1eebcfc6df023,"[19432, 2918, 25, 362, 10408, 11307, 10745, 323, 13653, 30587, 23281, 315, 279, 3378, 315, 1251, 5990, 12036, 304, 18706, 3693, 4531, 13, 10294, 23361, 3819, 25]","[19432, 2918, 25, 2055, 18253, 11, 773, 5862, 14859, 8771, 11, 773, 24569, 14764, 11, 432, 3465, 4361, 501, 5866, 315, 27261, 13, 10294, 23361, 3819, 25]",27,27,True,A refreshingly honest and ultimately touching tale of the sort of people usually ignored in contemporary American film.,"So stupid, so ill-conceived, so badly drawn, it created whole new levels of ugly.",tigges,True
sst_tigges_pythia_correct_test,183,sst-8302,sst-933,0,1,"Review Text: So stupid, so ill-conceived, so badly drawn, it created whole new levels of ugly. Review Sentiment:",Review Text: A refreshingly honest and ultimately touching tale of the sort of people usually ignored in contemporary American film. Review Sentiment:,"'Review Text: So stupid, so ill-conceived, so badly drawn, it created whole new levels of ugly. Review Sentiment:'",'Review Text: A refreshingly honest and ultimately touching tale of the sort of people usually ignored in contemporary American film. Review Sentiment:',52657669657720546578743a20536f207374757069642c20736f20696c6c2d636f6e6365697665642c20736f206261646c7920647261776e2c20697420637265617465642077686f6c65206e6577206c6576656c73206f662075676c792e205265766965772053656e74696d656e743a,52657669657720546578743a20412072656672657368696e676c7920686f6e65737420616e6420756c74696d6174656c7920746f756368696e672074616c65206f662074686520736f7274206f662070656f706c6520757375616c6c792069676e6f72656420696e20636f6e74656d706f7261727920416d65726963616e2066696c6d2e205265766965772053656e74696d656e743a,77080390357a40a538ad438d8f2dfe452af2b2a873a327c72db1eebcfc6df023,b1536b62159ecbae1c6f2da2f6b4e20b2752f412a5c85e8f9ccd76087f1f71c5,"[19432, 2918, 25, 2055, 18253, 11, 773, 5862, 14859, 8771, 11, 773, 24569, 14764, 11, 432, 3465, 4361, 501, 5866, 315, 27261, 13, 10294, 23361, 3819, 25]","[19432, 2918, 25, 362, 10408, 11307, 10745, 323, 13653, 30587, 23281, 315, 279, 3378, 315, 1251, 5990, 12036, 304, 18706, 3693, 4531, 13, 10294, 23361, 3819, 25]",27,27,True,"So stupid, so ill-conceived, so badly drawn, it created whole new levels of ugly.",A refreshingly honest and ultimately touching tale of the sort of people usually ignored in contemporary American film.,tigges,True
sst_tigges_pythia_correct_test,184,sst-691,sst-8718,1,0,"Review Text: On its own cinematic terms, it successfully showcases the passions of both the director and novelist Byatt. Review Sentiment:","Review Text: Undone by its overly complicated and derivative screenplay, the glacier-paced direction and the stereotypical characters. Review Sentiment:","'Review Text: On its own cinematic terms, it successfully showcases the passions of both the director and novelist Byatt. Review Sentiment:'","'Review Text: Undone by its overly complicated and derivative screenplay, the glacier-paced direction and the stereotypical characters. Review Sentiment:'",52657669657720546578743a204f6e20697473206f776e2063696e656d61746963207465726d732c206974207375636365737366756c6c792073686f776361736573207468652070617373696f6e73206f6620626f746820746865206469726563746f7220616e64206e6f76656c6973742042796174742e205265766965772053656e74696d656e743a,52657669657720546578743a20556e646f6e6520627920697473206f7665726c7920636f6d706c69636174656420616e6420646572697661746976652073637265656e706c61792c2074686520676c61636965722d706163656420646972656374696f6e20616e64207468652073746572656f7479706963616c20636861726163746572732e205265766965772053656e74696d656e743a,bb8b786fc246db02840b328de6f1f196daf1f227ff7e642c4735eb3d995abd8b,2b316a045756b9cdfc0b85eb776ab7ed033ebff252bf4aa066ff20465a5d6732,"[19432, 2918, 25, 1913, 1181, 1828, 64665, 3793, 11, 432, 7790, 70749, 279, 57624, 315, 2176, 279, 7538, 323, 80647, 3216, 1587, 13, 10294, 23361, 3819, 25]","[19432, 2918, 25, 16887, 603, 553, 1181, 38432, 16965, 323, 31805, 84775, 11, 279, 93767, 64219, 5106, 323, 279, 22646, 87067, 5766, 13, 10294, 23361, 3819, 25]",27,27,True,"On its own cinematic terms, it successfully showcases the passions of both the director and novelist Byatt.","Undone by its overly complicated and derivative screenplay, the glacier-paced direction and the stereotypical characters.",tigges,True
sst_tigges_pythia_correct_test,185,sst-8718,sst-691,0,1,"Review Text: Undone by its overly complicated and derivative screenplay, the glacier-paced direction and the stereotypical characters. Review Sentiment:","Review Text: On its own cinematic terms, it successfully showcases the passions of both the director and novelist Byatt. Review Sentiment:","'Review Text: Undone by its overly complicated and derivative screenplay, the glacier-paced direction and the stereotypical characters. Review Sentiment:'","'Review Text: On its own cinematic terms, it successfully showcases the passions of both the director and novelist Byatt. Review Sentiment:'",52657669657720546578743a20556e646f6e6520627920697473206f7665726c7920636f6d706c69636174656420616e6420646572697661746976652073637265656e706c61792c2074686520676c61636965722d706163656420646972656374696f6e20616e64207468652073746572656f7479706963616c20636861726163746572732e205265766965772053656e74696d656e743a,52657669657720546578743a204f6e20697473206f776e2063696e656d61746963207465726d732c206974207375636365737366756c6c792073686f776361736573207468652070617373696f6e73206f6620626f746820746865206469726563746f7220616e64206e6f76656c6973742042796174742e205265766965772053656e74696d656e743a,2b316a045756b9cdfc0b85eb776ab7ed033ebff252bf4aa066ff20465a5d6732,bb8b786fc246db02840b328de6f1f196daf1f227ff7e642c4735eb3d995abd8b,"[19432, 2918, 25, 16887, 603, 553, 1181, 38432, 16965, 323, 31805, 84775, 11, 279, 93767, 64219, 5106, 323, 279, 22646, 87067, 5766, 13, 10294, 23361, 3819, 25]","[19432, 2918, 25, 1913, 1181, 1828, 64665, 3793, 11, 432, 7790, 70749, 279, 57624, 315, 2176, 279, 7538, 323, 80647, 3216, 1587, 13, 10294, 23361, 3819, 25]",27,27,True,"Undone by its overly complicated and derivative screenplay, the glacier-paced direction and the stereotypical characters.","On its own cinematic terms, it successfully showcases the passions of both the director and novelist Byatt.",tigges,True
sst_tigges_pythia_correct_test,186,sst-470,sst-7932,1,0,"Review Text: The story feels more like a serious read, filled with heavy doses of always enticing Sayles dialogue. Review Sentiment:","Review Text: Most of the supporting characters in Eastwood films are weak, as are most of the subplots. Review Sentiment:","'Review Text: The story feels more like a serious read, filled with heavy doses of always enticing Sayles dialogue. Review Sentiment:'","'Review Text: Most of the supporting characters in Eastwood films are weak, as are most of the subplots. Review Sentiment:'",52657669657720546578743a205468652073746f7279206665656c73206d6f7265206c696b65206120736572696f757320726561642c2066696c6c6564207769746820686561767920646f736573206f6620616c7761797320656e746963696e67205361796c6573206469616c6f6775652e205265766965772053656e74696d656e743a,52657669657720546578743a204d6f7374206f662074686520737570706f7274696e67206368617261637465727320696e2045617374776f6f642066696c6d7320617265207765616b2c20617320617265206d6f7374206f662074686520737562706c6f74732e205265766965772053656e74696d656e743a,02e4ce7184c7e6b6c7bc319adbd4996211b3441663dcc4cc9809952e3855080c,252e1ff4eb4c2669eae50f51cfdd2e614d671ffa0ec53328411b34cdc754a84a,"[19432, 2918, 25, 576, 3364, 11074, 803, 1075, 264, 6001, 1349, 11, 10199, 448, 8811, 34030, 315, 2677, 87507, 24917, 642, 21276, 13, 10294, 23361, 3819, 25]","[19432, 2918, 25, 7496, 315, 279, 12613, 5766, 304, 6326, 6660, 12351, 525, 7469, 11, 438, 525, 1429, 315, 279, 1186, 32797, 13, 10294, 23361, 3819, 25]",27,27,True,"The story feels more like a serious read, filled with heavy doses of always enticing Sayles dialogue.","Most of the supporting characters in Eastwood films are weak, as are most of the subplots.",tigges,True
sst_tigges_pythia_correct_test,187,sst-7932,sst-470,0,1,"Review Text: Most of the supporting characters in Eastwood films are weak, as are most of the subplots. Review Sentiment:","Review Text: The story feels more like a serious read, filled with heavy doses of always enticing Sayles dialogue. Review Sentiment:","'Review Text: Most of the supporting characters in Eastwood films are weak, as are most of the subplots. Review Sentiment:'","'Review Text: The story feels more like a serious read, filled with heavy doses of always enticing Sayles dialogue. Review Sentiment:'",52657669657720546578743a204d6f7374206f662074686520737570706f7274696e67206368617261637465727320696e2045617374776f6f642066696c6d7320617265207765616b2c20617320617265206d6f7374206f662074686520737562706c6f74732e205265766965772053656e74696d656e743a,52657669657720546578743a205468652073746f7279206665656c73206d6f7265206c696b65206120736572696f757320726561642c2066696c6c6564207769746820686561767920646f736573206f6620616c7761797320656e746963696e67205361796c6573206469616c6f6775652e205265766965772053656e74696d656e743a,252e1ff4eb4c2669eae50f51cfdd2e614d671ffa0ec53328411b34cdc754a84a,02e4ce7184c7e6b6c7bc319adbd4996211b3441663dcc4cc9809952e3855080c,"[19432, 2918, 25, 7496, 315, 279, 12613, 5766, 304, 6326, 6660, 12351, 525, 7469, 11, 438, 525, 1429, 315, 279, 1186, 32797, 13, 10294, 23361, 3819, 25]","[19432, 2918, 25, 576, 3364, 11074, 803, 1075, 264, 6001, 1349, 11, 10199, 448, 8811, 34030, 315, 2677, 87507, 24917, 642, 21276, 13, 10294, 23361, 3819, 25]",27,27,True,"Most of the supporting characters in Eastwood films are weak, as are most of the subplots.","The story feels more like a serious read, filled with heavy doses of always enticing Sayles dialogue.",tigges,True
sst_tigges_pythia_correct_test,188,sst-95,sst-8924,1,0,Review Text: A sports movie with action that's exciting on the field and a story you care about off it. Review Sentiment:,Review Text: It's disappointing when filmmakers throw a few big-name actors and cameos at a hokey script. Review Sentiment:,"""Review Text: A sports movie with action that's exciting on the field and a story you care about off it. Review Sentiment:""","""Review Text: It's disappointing when filmmakers throw a few big-name actors and cameos at a hokey script. Review Sentiment:""",52657669657720546578743a20412073706f727473206d6f766965207769746820616374696f6e20746861742773206578636974696e67206f6e20746865206669656c6420616e6420612073746f727920796f7520636172652061626f7574206f66662069742e205265766965772053656e74696d656e743a,52657669657720546578743a2049742773206469736170706f696e74696e67207768656e2066696c6d6d616b657273207468726f77206120666577206269672d6e616d65206163746f727320616e642063616d656f73206174206120686f6b6579207363726970742e205265766965772053656e74696d656e743a,5ac370fd0e540b008baff636bf76b12a3f3adc02c563475d112951863540855e,ca5d274dfecd8f5686860ef9117b7d740780ef4f855c52f5605d606874854a7e,"[19432, 2918, 25, 362, 9833, 5700, 448, 1917, 429, 594, 13245, 389, 279, 2070, 323, 264, 3364, 498, 2453, 911, 1007, 432, 13, 10294, 23361, 3819, 25]","[19432, 2918, 25, 1084, 594, 38123, 979, 62103, 2510, 264, 2421, 2409, 11494, 19571, 323, 3697, 436, 518, 264, 11386, 792, 5316, 13, 10294, 23361, 3819, 25]",27,27,True,A sports movie with action that's exciting on the field and a story you care about off it.,It's disappointing when filmmakers throw a few big-name actors and cameos at a hokey script.,tigges,True
sst_tigges_pythia_correct_test,189,sst-8924,sst-95,0,1,Review Text: It's disappointing when filmmakers throw a few big-name actors and cameos at a hokey script. Review Sentiment:,Review Text: A sports movie with action that's exciting on the field and a story you care about off it. Review Sentiment:,"""Review Text: It's disappointing when filmmakers throw a few big-name actors and cameos at a hokey script. Review Sentiment:""","""Review Text: A sports movie with action that's exciting on the field and a story you care about off it. Review Sentiment:""",52657669657720546578743a2049742773206469736170706f696e74696e67207768656e2066696c6d6d616b657273207468726f77206120666577206269672d6e616d65206163746f727320616e642063616d656f73206174206120686f6b6579207363726970742e205265766965772053656e74696d656e743a,52657669657720546578743a20412073706f727473206d6f766965207769746820616374696f6e20746861742773206578636974696e67206f6e20746865206669656c6420616e6420612073746f727920796f7520636172652061626f7574206f66662069742e205265766965772053656e74696d656e743a,ca5d274dfecd8f5686860ef9117b7d740780ef4f855c52f5605d606874854a7e,5ac370fd0e540b008baff636bf76b12a3f3adc02c563475d112951863540855e,"[19432, 2918, 25, 1084, 594, 38123, 979, 62103, 2510, 264, 2421, 2409, 11494, 19571, 323, 3697, 436, 518, 264, 11386, 792, 5316, 13, 10294, 23361, 3819, 25]","[19432, 2918, 25, 362, 9833, 5700, 448, 1917, 429, 594, 13245, 389, 279, 2070, 323, 264, 3364, 498, 2453, 911, 1007, 432, 13, 10294, 23361, 3819, 25]",27,27,True,It's disappointing when filmmakers throw a few big-name actors and cameos at a hokey script.,A sports movie with action that's exciting on the field and a story you care about off it.,tigges,True
sst_tigges_pythia_correct_test,190,sst-8495,sst-8633,1,0,"Review Text: Had the film boasted a clearer, more memorable, the creepiness would have gotten under the skin. Review Sentiment:","Review Text: ... perhaps the heaviest, most joyless movie ever made about giant dragons taking over the world. Review Sentiment:","'Review Text: Had the film boasted a clearer, more memorable, the creepiness would have gotten under the skin. Review Sentiment:'","'Review Text: ... perhaps the heaviest, most joyless movie ever made about giant dragons taking over the world. Review Sentiment:'",52657669657720546578743a20486164207468652066696c6d20626f6173746564206120636c65617265722c206d6f7265206d656d6f7261626c652c20746865206372656570696e65737320776f756c64206861766520676f7474656e20756e6465722074686520736b696e2e205265766965772053656e74696d656e743a,52657669657720546578743a202e2e2e2070657268617073207468652068656176696573742c206d6f7374206a6f796c657373206d6f7669652065766572206d6164652061626f7574206769616e7420647261676f6e732074616b696e67206f7665722074686520776f726c642e205265766965772053656e74696d656e743a,e652fcd3166a06924d96bd295f99ca5d1c59d4c67ef480b6b3ea38f24cda508d,9c21d4cb4ef5e8f91b8525e2cf076c79327db1164d647a0a7812c7c2dbd990da,"[19432, 2918, 25, 23864, 279, 4531, 83212, 264, 48379, 11, 803, 32496, 11, 279, 27083, 1880, 1035, 614, 17019, 1212, 279, 6787, 13, 10294, 23361, 3819, 25]","[19432, 2918, 25, 2503, 8365, 279, 566, 98362, 11, 1429, 15888, 1717, 5700, 3512, 1865, 911, 14538, 50436, 4633, 916, 279, 1879, 13, 10294, 23361, 3819, 25]",27,27,True,"Had the film boasted a clearer, more memorable, the creepiness would have gotten under the skin.","... perhaps the heaviest, most joyless movie ever made about giant dragons taking over the world.",tigges,True
sst_tigges_pythia_correct_test,191,sst-8633,sst-8495,0,1,"Review Text: ... perhaps the heaviest, most joyless movie ever made about giant dragons taking over the world. Review Sentiment:","Review Text: Had the film boasted a clearer, more memorable, the creepiness would have gotten under the skin. Review Sentiment:","'Review Text: ... perhaps the heaviest, most joyless movie ever made about giant dragons taking over the world. Review Sentiment:'","'Review Text: Had the film boasted a clearer, more memorable, the creepiness would have gotten under the skin. Review Sentiment:'",52657669657720546578743a202e2e2e2070657268617073207468652068656176696573742c206d6f7374206a6f796c657373206d6f7669652065766572206d6164652061626f7574206769616e7420647261676f6e732074616b696e67206f7665722074686520776f726c642e205265766965772053656e74696d656e743a,52657669657720546578743a20486164207468652066696c6d20626f6173746564206120636c65617265722c206d6f7265206d656d6f7261626c652c20746865206372656570696e65737320776f756c64206861766520676f7474656e20756e6465722074686520736b696e2e205265766965772053656e74696d656e743a,9c21d4cb4ef5e8f91b8525e2cf076c79327db1164d647a0a7812c7c2dbd990da,e652fcd3166a06924d96bd295f99ca5d1c59d4c67ef480b6b3ea38f24cda508d,"[19432, 2918, 25, 2503, 8365, 279, 566, 98362, 11, 1429, 15888, 1717, 5700, 3512, 1865, 911, 14538, 50436, 4633, 916, 279, 1879, 13, 10294, 23361, 3819, 25]","[19432, 2918, 25, 23864, 279, 4531, 83212, 264, 48379, 11, 803, 32496, 11, 279, 27083, 1880, 1035, 614, 17019, 1212, 279, 6787, 13, 10294, 23361, 3819, 25]",27,27,True,"... perhaps the heaviest, most joyless movie ever made about giant dragons taking over the world.","Had the film boasted a clearer, more memorable, the creepiness would have gotten under the skin.",tigges,True
sst_tigges_pythia_correct_test,192,sst-534,sst-8156,1,0,"Review Text: As shaky as the plot is, Kaufman's script is still memorable for some great one-liners. Review Sentiment:",Review Text: Obstacles are too easily overcome and there isn't much in the way of character development in the script. Review Sentiment:,"""Review Text: As shaky as the plot is, Kaufman's script is still memorable for some great one-liners. Review Sentiment:""","""Review Text: Obstacles are too easily overcome and there isn't much in the way of character development in the script. Review Sentiment:""",52657669657720546578743a204173207368616b792061732074686520706c6f742069732c204b6175666d616e277320736372697074206973207374696c6c206d656d6f7261626c6520666f7220736f6d65206772656174206f6e652d6c696e6572732e205265766965772053656e74696d656e743a,52657669657720546578743a204f62737461636c65732061726520746f6f20656173696c79206f766572636f6d6520616e642074686572652069736e2774206d75636820696e2074686520776179206f662063686172616374657220646576656c6f706d656e7420696e20746865207363726970742e205265766965772053656e74696d656e743a,1c2d7c807c77f3316b95a45a692c5db74620fb8924776e8fa545ff0f379823b9,6797b0c76b13a6f1f4f2c06c492673fe83bc29fad135465da8ddc6bd575e8096,"[19432, 2918, 25, 1634, 83413, 438, 279, 7089, 374, 11, 58154, 1515, 594, 5316, 374, 2058, 32496, 369, 1045, 2244, 825, 2852, 39699, 13, 10294, 23361, 3819, 25]","[19432, 2918, 25, 4657, 73979, 525, 2238, 6707, 22279, 323, 1052, 4436, 944, 1753, 304, 279, 1616, 315, 3668, 4401, 304, 279, 5316, 13, 10294, 23361, 3819, 25]",28,28,True,"As shaky as the plot is, Kaufman's script is still memorable for some great one-liners.",Obstacles are too easily overcome and there isn't much in the way of character development in the script.,tigges,True
sst_tigges_pythia_correct_test,193,sst-8156,sst-534,0,1,Review Text: Obstacles are too easily overcome and there isn't much in the way of character development in the script. Review Sentiment:,"Review Text: As shaky as the plot is, Kaufman's script is still memorable for some great one-liners. Review Sentiment:","""Review Text: Obstacles are too easily overcome and there isn't much in the way of character development in the script. Review Sentiment:""","""Review Text: As shaky as the plot is, Kaufman's script is still memorable for some great one-liners. Review Sentiment:""",52657669657720546578743a204f62737461636c65732061726520746f6f20656173696c79206f766572636f6d6520616e642074686572652069736e2774206d75636820696e2074686520776179206f662063686172616374657220646576656c6f706d656e7420696e20746865207363726970742e205265766965772053656e74696d656e743a,52657669657720546578743a204173207368616b792061732074686520706c6f742069732c204b6175666d616e277320736372697074206973207374696c6c206d656d6f7261626c6520666f7220736f6d65206772656174206f6e652d6c696e6572732e205265766965772053656e74696d656e743a,6797b0c76b13a6f1f4f2c06c492673fe83bc29fad135465da8ddc6bd575e8096,1c2d7c807c77f3316b95a45a692c5db74620fb8924776e8fa545ff0f379823b9,"[19432, 2918, 25, 4657, 73979, 525, 2238, 6707, 22279, 323, 1052, 4436, 944, 1753, 304, 279, 1616, 315, 3668, 4401, 304, 279, 5316, 13, 10294, 23361, 3819, 25]","[19432, 2918, 25, 1634, 83413, 438, 279, 7089, 374, 11, 58154, 1515, 594, 5316, 374, 2058, 32496, 369, 1045, 2244, 825, 2852, 39699, 13, 10294, 23361, 3819, 25]",28,28,True,Obstacles are too easily overcome and there isn't much in the way of character development in the script.,"As shaky as the plot is, Kaufman's script is still memorable for some great one-liners.",tigges,True
sst_tigges_pythia_correct_test,194,sst-853,sst-8739,1,0,"Review Text: It turns out to be a cut above the norm, thanks to some clever writing and sprightly acting. Review Sentiment:","Review Text: ... just a big mess of a movie, full of images and events, but no tension or surprise. Review Sentiment:","'Review Text: It turns out to be a cut above the norm, thanks to some clever writing and sprightly acting. Review Sentiment:'","'Review Text: ... just a big mess of a movie, full of images and events, but no tension or surprise. Review Sentiment:'",52657669657720546578743a204974207475726e73206f757420746f2062652061206375742061626f766520746865206e6f726d2c207468616e6b7320746f20736f6d6520636c657665722077726974696e6720616e6420737072696768746c7920616374696e672e205265766965772053656e74696d656e743a,52657669657720546578743a202e2e2e206a757374206120626967206d657373206f662061206d6f7669652c2066756c6c206f6620696d6167657320616e64206576656e74732c20627574206e6f2074656e73696f6e206f722073757270726973652e205265766965772053656e74696d656e743a,104de92b82d8c1780f14151008c77a0ccbbe2567e6d425239bd61d38dc9cf457,e8a8081b5b5171560730a2cd32ac671b3f105d751206468f2acd87f9e657d965,"[19432, 2918, 25, 1084, 10577, 700, 311, 387, 264, 3931, 3403, 279, 7465, 11, 9339, 311, 1045, 27699, 4378, 323, 8151, 71948, 15358, 13, 10294, 23361, 3819, 25]","[19432, 2918, 25, 2503, 1101, 264, 2409, 9435, 315, 264, 5700, 11, 2480, 315, 5335, 323, 4357, 11, 714, 902, 23504, 476, 12761, 13, 10294, 23361, 3819, 25]",28,28,True,"It turns out to be a cut above the norm, thanks to some clever writing and sprightly acting.","... just a big mess of a movie, full of images and events, but no tension or surprise.",tigges,True
sst_tigges_pythia_correct_test,195,sst-8739,sst-853,0,1,"Review Text: ... just a big mess of a movie, full of images and events, but no tension or surprise. Review Sentiment:","Review Text: It turns out to be a cut above the norm, thanks to some clever writing and sprightly acting. Review Sentiment:","'Review Text: ... just a big mess of a movie, full of images and events, but no tension or surprise. Review Sentiment:'","'Review Text: It turns out to be a cut above the norm, thanks to some clever writing and sprightly acting. Review Sentiment:'",52657669657720546578743a202e2e2e206a757374206120626967206d657373206f662061206d6f7669652c2066756c6c206f6620696d6167657320616e64206576656e74732c20627574206e6f2074656e73696f6e206f722073757270726973652e205265766965772053656e74696d656e743a,52657669657720546578743a204974207475726e73206f757420746f2062652061206375742061626f766520746865206e6f726d2c207468616e6b7320746f20736f6d6520636c657665722077726974696e6720616e6420737072696768746c7920616374696e672e205265766965772053656e74696d656e743a,e8a8081b5b5171560730a2cd32ac671b3f105d751206468f2acd87f9e657d965,104de92b82d8c1780f14151008c77a0ccbbe2567e6d425239bd61d38dc9cf457,"[19432, 2918, 25, 2503, 1101, 264, 2409, 9435, 315, 264, 5700, 11, 2480, 315, 5335, 323, 4357, 11, 714, 902, 23504, 476, 12761, 13, 10294, 23361, 3819, 25]","[19432, 2918, 25, 1084, 10577, 700, 311, 387, 264, 3931, 3403, 279, 7465, 11, 9339, 311, 1045, 27699, 4378, 323, 8151, 71948, 15358, 13, 10294, 23361, 3819, 25]",28,28,True,"... just a big mess of a movie, full of images and events, but no tension or surprise.","It turns out to be a cut above the norm, thanks to some clever writing and sprightly acting.",tigges,True
sst_tigges_pythia_correct_test,196,sst-334,sst-9049,1,0,"Review Text: But it's emotionally engrossing, too, thanks to strong, credible performances from the whole cast. Review Sentiment:","Review Text: Like a documentary version of Fight Club, shorn of social insight, intellectual pretension and cinematic interest. Review Sentiment:","""Review Text: But it's emotionally engrossing, too, thanks to strong, credible performances from the whole cast. Review Sentiment:""","'Review Text: Like a documentary version of Fight Club, shorn of social insight, intellectual pretension and cinematic interest. Review Sentiment:'",52657669657720546578743a20427574206974277320656d6f74696f6e616c6c7920656e67726f7373696e672c20746f6f2c207468616e6b7320746f207374726f6e672c206372656469626c6520706572666f726d616e6365732066726f6d207468652077686f6c6520636173742e205265766965772053656e74696d656e743a,52657669657720546578743a204c696b65206120646f63756d656e746172792076657273696f6e206f6620466967687420436c75622c2073686f726e206f6620736f6369616c20696e73696768742c20696e74656c6c65637475616c2070726574656e73696f6e20616e642063696e656d6174696320696e7465726573742e205265766965772053656e74696d656e743a,b3366227684c4aed196f38d20b43bc591948c5d168f5ead12586b157b47224bf,e629e5d681d652c5086a059c16cf516e4e082d2b87c0d26d1da682527a86ec83,"[19432, 2918, 25, 1988, 432, 594, 37583, 2922, 2128, 287, 11, 2238, 11, 9339, 311, 3746, 11, 41910, 23675, 504, 279, 4361, 6311, 13, 10294, 23361, 3819, 25]","[19432, 2918, 25, 8909, 264, 24954, 2319, 315, 18629, 10140, 11, 557, 1512, 315, 3590, 20017, 11, 19634, 4410, 2645, 323, 64665, 2734, 13, 10294, 23361, 3819, 25]",28,28,True,"But it's emotionally engrossing, too, thanks to strong, credible performances from the whole cast.","Like a documentary version of Fight Club, shorn of social insight, intellectual pretension and cinematic interest.",tigges,True
sst_tigges_pythia_correct_test,197,sst-9049,sst-334,0,1,"Review Text: Like a documentary version of Fight Club, shorn of social insight, intellectual pretension and cinematic interest. Review Sentiment:","Review Text: But it's emotionally engrossing, too, thanks to strong, credible performances from the whole cast. Review Sentiment:","'Review Text: Like a documentary version of Fight Club, shorn of social insight, intellectual pretension and cinematic interest. Review Sentiment:'","""Review Text: But it's emotionally engrossing, too, thanks to strong, credible performances from the whole cast. Review Sentiment:""",52657669657720546578743a204c696b65206120646f63756d656e746172792076657273696f6e206f6620466967687420436c75622c2073686f726e206f6620736f6369616c20696e73696768742c20696e74656c6c65637475616c2070726574656e73696f6e20616e642063696e656d6174696320696e7465726573742e205265766965772053656e74696d656e743a,52657669657720546578743a20427574206974277320656d6f74696f6e616c6c7920656e67726f7373696e672c20746f6f2c207468616e6b7320746f207374726f6e672c206372656469626c6520706572666f726d616e6365732066726f6d207468652077686f6c6520636173742e205265766965772053656e74696d656e743a,e629e5d681d652c5086a059c16cf516e4e082d2b87c0d26d1da682527a86ec83,b3366227684c4aed196f38d20b43bc591948c5d168f5ead12586b157b47224bf,"[19432, 2918, 25, 8909, 264, 24954, 2319, 315, 18629, 10140, 11, 557, 1512, 315, 3590, 20017, 11, 19634, 4410, 2645, 323, 64665, 2734, 13, 10294, 23361, 3819, 25]","[19432, 2918, 25, 1988, 432, 594, 37583, 2922, 2128, 287, 11, 2238, 11, 9339, 311, 3746, 11, 41910, 23675, 504, 279, 4361, 6311, 13, 10294, 23361, 3819, 25]",28,28,True,"Like a documentary version of Fight Club, shorn of social insight, intellectual pretension and cinematic interest.","But it's emotionally engrossing, too, thanks to strong, credible performances from the whole cast.",tigges,True
sst_tigges_pythia_correct_test,198,sst-8044,sst-8917,1,0,Review Text: For Benigni it wasn't Shakespeare whom he wanted to define his career with but Pinocchio. Review Sentiment:,"Review Text: It may be an easy swipe to take, but this Barbershop just doesn't make the cut. Review Sentiment:","""Review Text: For Benigni it wasn't Shakespeare whom he wanted to define his career with but Pinocchio. Review Sentiment:""","""Review Text: It may be an easy swipe to take, but this Barbershop just doesn't make the cut. Review Sentiment:""",52657669657720546578743a20466f722042656e69676e69206974207761736e2774205368616b657370656172652077686f6d2068652077616e74656420746f20646566696e6520686973206361726565722077697468206275742050696e6f636368696f2e205265766965772053656e74696d656e743a,52657669657720546578743a204974206d617920626520616e206561737920737769706520746f2074616b652c2062757420746869732042617262657273686f70206a75737420646f65736e2774206d616b6520746865206375742e205265766965772053656e74696d656e743a,a45b1311002d7090b11eb180ce5a2dffcffbbb2964a978a59adeb4936ed8de1e,98671896f965147634f64b029ac4a82ecb9067c2dd82fc7f6eacfa35c6c249a8,"[19432, 2918, 25, 1752, 7355, 622, 72, 432, 5710, 944, 41382, 8711, 566, 4829, 311, 6979, 806, 6931, 448, 714, 17471, 509, 52401, 13, 10294, 23361, 3819, 25]","[19432, 2918, 25, 1084, 1231, 387, 458, 4135, 38520, 311, 1896, 11, 714, 419, 4716, 1902, 25115, 1101, 3171, 944, 1281, 279, 3931, 13, 10294, 23361, 3819, 25]",28,28,True,For Benigni it wasn't Shakespeare whom he wanted to define his career with but Pinocchio.,"It may be an easy swipe to take, but this Barbershop just doesn't make the cut.",tigges,True
sst_tigges_pythia_correct_test,199,sst-8917,sst-8044,0,1,"Review Text: It may be an easy swipe to take, but this Barbershop just doesn't make the cut. Review Sentiment:",Review Text: For Benigni it wasn't Shakespeare whom he wanted to define his career with but Pinocchio. Review Sentiment:,"""Review Text: It may be an easy swipe to take, but this Barbershop just doesn't make the cut. Review Sentiment:""","""Review Text: For Benigni it wasn't Shakespeare whom he wanted to define his career with but Pinocchio. Review Sentiment:""",52657669657720546578743a204974206d617920626520616e206561737920737769706520746f2074616b652c2062757420746869732042617262657273686f70206a75737420646f65736e2774206d616b6520746865206375742e205265766965772053656e74696d656e743a,52657669657720546578743a20466f722042656e69676e69206974207761736e2774205368616b657370656172652077686f6d2068652077616e74656420746f20646566696e6520686973206361726565722077697468206275742050696e6f636368696f2e205265766965772053656e74696d656e743a,98671896f965147634f64b029ac4a82ecb9067c2dd82fc7f6eacfa35c6c249a8,a45b1311002d7090b11eb180ce5a2dffcffbbb2964a978a59adeb4936ed8de1e,"[19432, 2918, 25, 1084, 1231, 387, 458, 4135, 38520, 311, 1896, 11, 714, 419, 4716, 1902, 25115, 1101, 3171, 944, 1281, 279, 3931, 13, 10294, 23361, 3819, 25]","[19432, 2918, 25, 1752, 7355, 622, 72, 432, 5710, 944, 41382, 8711, 566, 4829, 311, 6979, 806, 6931, 448, 714, 17471, 509, 52401, 13, 10294, 23361, 3819, 25]",28,28,True,"It may be an easy swipe to take, but this Barbershop just doesn't make the cut.",For Benigni it wasn't Shakespeare whom he wanted to define his career with but Pinocchio.,tigges,True
sst_tigges_pythia_correct_test,200,sst-218,sst-8380,1,0,Review Text: It is interesting and fun to see Goodall and her chimpanzees on the bigger-than-life screen. Review Sentiment:,Review Text: It's never a good sign when a film's star spends the entirety of the film in a coma. Review Sentiment:,'Review Text: It is interesting and fun to see Goodall and her chimpanzees on the bigger-than-life screen. Review Sentiment:',"""Review Text: It's never a good sign when a film's star spends the entirety of the film in a coma. Review Sentiment:""",52657669657720546578743a20497420697320696e746572657374696e6720616e642066756e20746f2073656520476f6f64616c6c20616e6420686572206368696d70616e7a656573206f6e20746865206269676765722d7468616e2d6c6966652073637265656e2e205265766965772053656e74696d656e743a,52657669657720546578743a2049742773206e65766572206120676f6f64207369676e207768656e20612066696c6d27732073746172207370656e64732074686520656e746972657479206f66207468652066696c6d20696e206120636f6d612e205265766965772053656e74696d656e743a,8cf16527a9195611c112aca0650505aa1dc215390cf60881bd755b9ed6991a1d,2115f5e99181c9c832c4f733e669170e167e8f207f87e70d031b8acf12c97c8a,"[19432, 2918, 25, 1084, 374, 7040, 323, 2464, 311, 1490, 7684, 541, 323, 1059, 98325, 2986, 288, 389, 279, 11243, 47654, 25843, 4171, 13, 10294, 23361, 3819, 25]","[19432, 2918, 25, 1084, 594, 2581, 264, 1661, 1841, 979, 264, 4531, 594, 6774, 37102, 279, 47917, 315, 279, 4531, 304, 264, 69298, 13, 10294, 23361, 3819, 25]",28,28,True,It is interesting and fun to see Goodall and her chimpanzees on the bigger-than-life screen.,It's never a good sign when a film's star spends the entirety of the film in a coma.,tigges,True
sst_tigges_pythia_correct_test,201,sst-8380,sst-218,0,1,Review Text: It's never a good sign when a film's star spends the entirety of the film in a coma. Review Sentiment:,Review Text: It is interesting and fun to see Goodall and her chimpanzees on the bigger-than-life screen. Review Sentiment:,"""Review Text: It's never a good sign when a film's star spends the entirety of the film in a coma. Review Sentiment:""",'Review Text: It is interesting and fun to see Goodall and her chimpanzees on the bigger-than-life screen. Review Sentiment:',52657669657720546578743a2049742773206e65766572206120676f6f64207369676e207768656e20612066696c6d27732073746172207370656e64732074686520656e746972657479206f66207468652066696c6d20696e206120636f6d612e205265766965772053656e74696d656e743a,52657669657720546578743a20497420697320696e746572657374696e6720616e642066756e20746f2073656520476f6f64616c6c20616e6420686572206368696d70616e7a656573206f6e20746865206269676765722d7468616e2d6c6966652073637265656e2e205265766965772053656e74696d656e743a,2115f5e99181c9c832c4f733e669170e167e8f207f87e70d031b8acf12c97c8a,8cf16527a9195611c112aca0650505aa1dc215390cf60881bd755b9ed6991a1d,"[19432, 2918, 25, 1084, 594, 2581, 264, 1661, 1841, 979, 264, 4531, 594, 6774, 37102, 279, 47917, 315, 279, 4531, 304, 264, 69298, 13, 10294, 23361, 3819, 25]","[19432, 2918, 25, 1084, 374, 7040, 323, 2464, 311, 1490, 7684, 541, 323, 1059, 98325, 2986, 288, 389, 279, 11243, 47654, 25843, 4171, 13, 10294, 23361, 3819, 25]",28,28,True,It's never a good sign when a film's star spends the entirety of the film in a coma.,It is interesting and fun to see Goodall and her chimpanzees on the bigger-than-life screen.,tigges,True
sst_tigges_pythia_correct_test,202,sst-714,sst-8793,1,0,"Review Text: While Undercover Brother is definitely one for the masses, it's also full of sharp, smart satire. Review Sentiment:","Review Text: The smug, oily demeanor that Donovan adopts throughout the stupidly named Pipe Dream is just repulsive. Review Sentiment:","""Review Text: While Undercover Brother is definitely one for the masses, it's also full of sharp, smart satire. Review Sentiment:""","'Review Text: The smug, oily demeanor that Donovan adopts throughout the stupidly named Pipe Dream is just repulsive. Review Sentiment:'",52657669657720546578743a205768696c6520556e646572636f7665722042726f7468657220697320646566696e6974656c79206f6e6520666f7220746865206d61737365732c206974277320616c736f2066756c6c206f662073686172702c20736d617274207361746972652e205265766965772053656e74696d656e743a,52657669657720546578743a2054686520736d75672c206f696c792064656d65616e6f72207468617420446f6e6f76616e2061646f707473207468726f7567686f757420746865207374757069646c79206e616d6564205069706520447265616d206973206a75737420726570756c736976652e205265766965772053656e74696d656e743a,c1db81111827d8daed41f2dcd85c4a7ef03a89b070269c688fe328b4dce21d35,334f503614bfe0f63cb2287b16e3865e33124d8a16d1e0ab7f76d746e781e241,"[19432, 2918, 25, 5976, 9449, 3688, 26348, 374, 8491, 825, 369, 279, 31638, 11, 432, 594, 1083, 2480, 315, 17232, 11, 7785, 81395, 13, 10294, 23361, 3819, 25]","[19432, 2918, 25, 576, 1525, 768, 11, 77471, 93015, 429, 70700, 85957, 6814, 279, 18253, 398, 6941, 27805, 17829, 374, 1101, 2064, 57821, 13, 10294, 23361, 3819, 25]",28,28,True,"While Undercover Brother is definitely one for the masses, it's also full of sharp, smart satire.","The smug, oily demeanor that Donovan adopts throughout the stupidly named Pipe Dream is just repulsive.",tigges,True
sst_tigges_pythia_correct_test,203,sst-8793,sst-714,0,1,"Review Text: The smug, oily demeanor that Donovan adopts throughout the stupidly named Pipe Dream is just repulsive. Review Sentiment:","Review Text: While Undercover Brother is definitely one for the masses, it's also full of sharp, smart satire. Review Sentiment:","'Review Text: The smug, oily demeanor that Donovan adopts throughout the stupidly named Pipe Dream is just repulsive. Review Sentiment:'","""Review Text: While Undercover Brother is definitely one for the masses, it's also full of sharp, smart satire. Review Sentiment:""",52657669657720546578743a2054686520736d75672c206f696c792064656d65616e6f72207468617420446f6e6f76616e2061646f707473207468726f7567686f757420746865207374757069646c79206e616d6564205069706520447265616d206973206a75737420726570756c736976652e205265766965772053656e74696d656e743a,52657669657720546578743a205768696c6520556e646572636f7665722042726f7468657220697320646566696e6974656c79206f6e6520666f7220746865206d61737365732c206974277320616c736f2066756c6c206f662073686172702c20736d617274207361746972652e205265766965772053656e74696d656e743a,334f503614bfe0f63cb2287b16e3865e33124d8a16d1e0ab7f76d746e781e241,c1db81111827d8daed41f2dcd85c4a7ef03a89b070269c688fe328b4dce21d35,"[19432, 2918, 25, 576, 1525, 768, 11, 77471, 93015, 429, 70700, 85957, 6814, 279, 18253, 398, 6941, 27805, 17829, 374, 1101, 2064, 57821, 13, 10294, 23361, 3819, 25]","[19432, 2918, 25, 5976, 9449, 3688, 26348, 374, 8491, 825, 369, 279, 31638, 11, 432, 594, 1083, 2480, 315, 17232, 11, 7785, 81395, 13, 10294, 23361, 3819, 25]",28,28,True,"The smug, oily demeanor that Donovan adopts throughout the stupidly named Pipe Dream is just repulsive.","While Undercover Brother is definitely one for the masses, it's also full of sharp, smart satire.",tigges,True
sst_tigges_pythia_correct_test,204,sst-987,sst-8037,1,0,Review Text: There was time on that second round to see the subtleties of Ramsay's portrait of grief. Review Sentiment:,"Review Text: This miserable excuse of a movie runs on empty, believing Flatbush machismo will get it through. Review Sentiment:","""Review Text: There was time on that second round to see the subtleties of Ramsay's portrait of grief. Review Sentiment:""","'Review Text: This miserable excuse of a movie runs on empty, believing Flatbush machismo will get it through. Review Sentiment:'",52657669657720546578743a205468657265207761732074696d65206f6e2074686174207365636f6e6420726f756e6420746f207365652074686520737562746c6574696573206f662052616d736179277320706f727472616974206f662067726965662e205265766965772053656e74696d656e743a,52657669657720546578743a2054686973206d6973657261626c6520657863757365206f662061206d6f7669652072756e73206f6e20656d7074792c2062656c696576696e6720466c617462757368206d61636869736d6f2077696c6c20676574206974207468726f7567682e205265766965772053656e74696d656e743a,3e14bb5b34784785b46769f768bfc865e911f6449d6b528945fe27302b34cf1d,a31213c331097968671c07ed37ca835bcc82c0836783b10dfae50b13d83ad04b,"[19432, 2918, 25, 2619, 572, 882, 389, 429, 2086, 4778, 311, 1490, 279, 41029, 1149, 550, 315, 37503, 352, 594, 33033, 315, 37284, 13, 10294, 23361, 3819, 25]","[19432, 2918, 25, 1096, 49639, 27291, 315, 264, 5700, 8473, 389, 4287, 11, 33990, 23577, 65, 1116, 7845, 17001, 686, 633, 432, 1526, 13, 10294, 23361, 3819, 25]",28,28,True,There was time on that second round to see the subtleties of Ramsay's portrait of grief.,"This miserable excuse of a movie runs on empty, believing Flatbush machismo will get it through.",tigges,True
sst_tigges_pythia_correct_test,205,sst-8037,sst-987,0,1,"Review Text: This miserable excuse of a movie runs on empty, believing Flatbush machismo will get it through. Review Sentiment:",Review Text: There was time on that second round to see the subtleties of Ramsay's portrait of grief. Review Sentiment:,"'Review Text: This miserable excuse of a movie runs on empty, believing Flatbush machismo will get it through. Review Sentiment:'","""Review Text: There was time on that second round to see the subtleties of Ramsay's portrait of grief. Review Sentiment:""",52657669657720546578743a2054686973206d6973657261626c6520657863757365206f662061206d6f7669652072756e73206f6e20656d7074792c2062656c696576696e6720466c617462757368206d61636869736d6f2077696c6c20676574206974207468726f7567682e205265766965772053656e74696d656e743a,52657669657720546578743a205468657265207761732074696d65206f6e2074686174207365636f6e6420726f756e6420746f207365652074686520737562746c6574696573206f662052616d736179277320706f727472616974206f662067726965662e205265766965772053656e74696d656e743a,a31213c331097968671c07ed37ca835bcc82c0836783b10dfae50b13d83ad04b,3e14bb5b34784785b46769f768bfc865e911f6449d6b528945fe27302b34cf1d,"[19432, 2918, 25, 1096, 49639, 27291, 315, 264, 5700, 8473, 389, 4287, 11, 33990, 23577, 65, 1116, 7845, 17001, 686, 633, 432, 1526, 13, 10294, 23361, 3819, 25]","[19432, 2918, 25, 2619, 572, 882, 389, 429, 2086, 4778, 311, 1490, 279, 41029, 1149, 550, 315, 37503, 352, 594, 33033, 315, 37284, 13, 10294, 23361, 3819, 25]",28,28,True,"This miserable excuse of a movie runs on empty, believing Flatbush machismo will get it through.",There was time on that second round to see the subtleties of Ramsay's portrait of grief.,tigges,True
sst_tigges_pythia_correct_test,206,sst-20,sst-8776,1,0,"Review Text: The movie's ripe, enrapturing beauty will tempt those willing to probe its inscrutable mysteries. Review Sentiment:","Review Text: This may be the dumbest, sketchiest movie on record about an aspiring writer's coming-of-age. Review Sentiment:","""Review Text: The movie's ripe, enrapturing beauty will tempt those willing to probe its inscrutable mysteries. Review Sentiment:""","""Review Text: This may be the dumbest, sketchiest movie on record about an aspiring writer's coming-of-age. Review Sentiment:""",52657669657720546578743a20546865206d6f766965277320726970652c20656e726170747572696e67206265617574792077696c6c2074656d70742074686f73652077696c6c696e6720746f2070726f62652069747320696e736372757461626c65206d79737465726965732e205265766965772053656e74696d656e743a,52657669657720546578743a2054686973206d6179206265207468652064756d626573742c20736b6574636869657374206d6f766965206f6e207265636f72642061626f757420616e206173706972696e6720777269746572277320636f6d696e672d6f662d6167652e205265766965772053656e74696d656e743a,757d7cd55088fbcbd2cc2d20ee6b5a8009692a7f4ad83af5b3c1924794529eb7,e4c6b396511fd49bc5d48bbf991fe311979da803b4465e5480ab1110d7c7e886,"[19432, 2918, 25, 576, 5700, 594, 56696, 11, 80552, 2689, 1677, 13143, 686, 24983, 1846, 9831, 311, 21730, 1181, 1640, 5082, 5922, 56600, 13, 10294, 23361, 3819, 25]","[19432, 2918, 25, 1096, 1231, 387, 279, 29255, 477, 11, 25529, 13438, 5700, 389, 3255, 911, 458, 59113, 6916, 594, 5001, 8668, 42941, 13, 10294, 23361, 3819, 25]",28,28,True,"The movie's ripe, enrapturing beauty will tempt those willing to probe its inscrutable mysteries.","This may be the dumbest, sketchiest movie on record about an aspiring writer's coming-of-age.",tigges,True
sst_tigges_pythia_correct_test,207,sst-8776,sst-20,0,1,"Review Text: This may be the dumbest, sketchiest movie on record about an aspiring writer's coming-of-age. Review Sentiment:","Review Text: The movie's ripe, enrapturing beauty will tempt those willing to probe its inscrutable mysteries. Review Sentiment:","""Review Text: This may be the dumbest, sketchiest movie on record about an aspiring writer's coming-of-age. Review Sentiment:""","""Review Text: The movie's ripe, enrapturing beauty will tempt those willing to probe its inscrutable mysteries. Review Sentiment:""",52657669657720546578743a2054686973206d6179206265207468652064756d626573742c20736b6574636869657374206d6f766965206f6e207265636f72642061626f757420616e206173706972696e6720777269746572277320636f6d696e672d6f662d6167652e205265766965772053656e74696d656e743a,52657669657720546578743a20546865206d6f766965277320726970652c20656e726170747572696e67206265617574792077696c6c2074656d70742074686f73652077696c6c696e6720746f2070726f62652069747320696e736372757461626c65206d79737465726965732e205265766965772053656e74696d656e743a,e4c6b396511fd49bc5d48bbf991fe311979da803b4465e5480ab1110d7c7e886,757d7cd55088fbcbd2cc2d20ee6b5a8009692a7f4ad83af5b3c1924794529eb7,"[19432, 2918, 25, 1096, 1231, 387, 279, 29255, 477, 11, 25529, 13438, 5700, 389, 3255, 911, 458, 59113, 6916, 594, 5001, 8668, 42941, 13, 10294, 23361, 3819, 25]","[19432, 2918, 25, 576, 5700, 594, 56696, 11, 80552, 2689, 1677, 13143, 686, 24983, 1846, 9831, 311, 21730, 1181, 1640, 5082, 5922, 56600, 13, 10294, 23361, 3819, 25]",28,28,True,"This may be the dumbest, sketchiest movie on record about an aspiring writer's coming-of-age.","The movie's ripe, enrapturing beauty will tempt those willing to probe its inscrutable mysteries.",tigges,True
sst_tigges_pythia_correct_test,208,sst-787,sst-8881,1,0,Review Text: a compelling journey... and ''His Best Friend Remembers'' is up there with the finest of specials. Review Sentiment:,Review Text: What could and should have been biting and droll is instead a tepid waste of time and talent. Review Sentiment:,"""Review Text: a compelling journey... and ''His Best Friend Remembers'' is up there with the finest of specials. Review Sentiment:""",'Review Text: What could and should have been biting and droll is instead a tepid waste of time and talent. Review Sentiment:',52657669657720546578743a206120636f6d70656c6c696e67206a6f75726e65792e2e2e20616e64202727486973204265737420467269656e642052656d656d6265727327272069732075702074686572652077697468207468652066696e657374206f66207370656369616c732e205265766965772053656e74696d656e743a,52657669657720546578743a205768617420636f756c6420616e642073686f756c642068617665206265656e20626974696e6720616e642064726f6c6c20697320696e73746561642061207465706964207761737465206f662074696d6520616e642074616c656e742e205265766965772053656e74696d656e743a,7b76c1bdb9369c7f7dbb0a314a6017efaab6108a314c4764a51343cffb877f85,ceeb817bf8ac510ea4b9e62d883cb7a5dea5eeaa6e82c27063a4adae4dc49e5a,"[19432, 2918, 25, 264, 28622, 11618, 1112, 323, 3355, 15986, 7107, 11587, 4926, 7062, 4605, 374, 705, 1052, 448, 279, 27707, 315, 59774, 13, 10294, 23361, 3819, 25]","[19432, 2918, 25, 3555, 1410, 323, 1265, 614, 1012, 67096, 323, 294, 1100, 374, 4518, 264, 55052, 307, 12291, 315, 882, 323, 10772, 13, 10294, 23361, 3819, 25]",28,28,True,a compelling journey... and ''His Best Friend Remembers'' is up there with the finest of specials.,What could and should have been biting and droll is instead a tepid waste of time and talent.,tigges,True
sst_tigges_pythia_correct_test,209,sst-8881,sst-787,0,1,Review Text: What could and should have been biting and droll is instead a tepid waste of time and talent. Review Sentiment:,Review Text: a compelling journey... and ''His Best Friend Remembers'' is up there with the finest of specials. Review Sentiment:,'Review Text: What could and should have been biting and droll is instead a tepid waste of time and talent. Review Sentiment:',"""Review Text: a compelling journey... and ''His Best Friend Remembers'' is up there with the finest of specials. Review Sentiment:""",52657669657720546578743a205768617420636f756c6420616e642073686f756c642068617665206265656e20626974696e6720616e642064726f6c6c20697320696e73746561642061207465706964207761737465206f662074696d6520616e642074616c656e742e205265766965772053656e74696d656e743a,52657669657720546578743a206120636f6d70656c6c696e67206a6f75726e65792e2e2e20616e64202727486973204265737420467269656e642052656d656d6265727327272069732075702074686572652077697468207468652066696e657374206f66207370656369616c732e205265766965772053656e74696d656e743a,ceeb817bf8ac510ea4b9e62d883cb7a5dea5eeaa6e82c27063a4adae4dc49e5a,7b76c1bdb9369c7f7dbb0a314a6017efaab6108a314c4764a51343cffb877f85,"[19432, 2918, 25, 3555, 1410, 323, 1265, 614, 1012, 67096, 323, 294, 1100, 374, 4518, 264, 55052, 307, 12291, 315, 882, 323, 10772, 13, 10294, 23361, 3819, 25]","[19432, 2918, 25, 264, 28622, 11618, 1112, 323, 3355, 15986, 7107, 11587, 4926, 7062, 4605, 374, 705, 1052, 448, 279, 27707, 315, 59774, 13, 10294, 23361, 3819, 25]",28,28,True,What could and should have been biting and droll is instead a tepid waste of time and talent.,a compelling journey... and ''His Best Friend Remembers'' is up there with the finest of specials.,tigges,True
sst_tigges_pythia_correct_test,210,sst-1071,sst-463,1,0,"Review Text: Subversive, meditative, clinical and poetic, The Piano Teacher is a daring work of genius. Review Sentiment:","Review Text: Unfortunately, they're sandwiched in between the most impossibly dry account of Kahlo's life imaginable. Review Sentiment:","'Review Text: Subversive, meditative, clinical and poetic, The Piano Teacher is a daring work of genius. Review Sentiment:'","""Review Text: Unfortunately, they're sandwiched in between the most impossibly dry account of Kahlo's life imaginable. Review Sentiment:""",52657669657720546578743a20537562766572736976652c206d6564697461746976652c20636c696e6963616c20616e6420706f657469632c20546865205069616e6f2054656163686572206973206120646172696e6720776f726b206f662067656e6975732e205265766965772053656e74696d656e743a,52657669657720546578743a20556e666f7274756e6174656c792c20746865792772652073616e6477696368656420696e206265747765656e20746865206d6f737420696d706f737369626c7920647279206163636f756e74206f66204b61686c6f2773206c69666520696d6167696e61626c652e205265766965772053656e74696d656e743a,2fc8936187128f2d243c181668ca70e5b8037df299b8d27791c76587c9cce25f,0b29d4024b6a73f6246fe757070bb584d94386ac3adbdbbc4e499970bd0975a8,"[19432, 2918, 25, 3719, 3004, 533, 11, 1774, 21312, 11, 14490, 323, 75434, 11, 576, 55391, 29069, 374, 264, 58672, 975, 315, 34101, 13, 10294, 23361, 3819, 25]","[19432, 2918, 25, 18656, 11, 807, 2299, 27874, 291, 304, 1948, 279, 1429, 732, 53128, 9058, 2692, 315, 84007, 385, 594, 2272, 89167, 13, 10294, 23361, 3819, 25]",28,28,True,"Subversive, meditative, clinical and poetic, The Piano Teacher is a daring work of genius.","Unfortunately, they're sandwiched in between the most impossibly dry account of Kahlo's life imaginable.",tigges,True
sst_tigges_pythia_correct_test,211,sst-463,sst-1071,0,1,"Review Text: Unfortunately, they're sandwiched in between the most impossibly dry account of Kahlo's life imaginable. Review Sentiment:","Review Text: Subversive, meditative, clinical and poetic, The Piano Teacher is a daring work of genius. Review Sentiment:","""Review Text: Unfortunately, they're sandwiched in between the most impossibly dry account of Kahlo's life imaginable. Review Sentiment:""","'Review Text: Subversive, meditative, clinical and poetic, The Piano Teacher is a daring work of genius. Review Sentiment:'",52657669657720546578743a20556e666f7274756e6174656c792c20746865792772652073616e6477696368656420696e206265747765656e20746865206d6f737420696d706f737369626c7920647279206163636f756e74206f66204b61686c6f2773206c69666520696d6167696e61626c652e205265766965772053656e74696d656e743a,52657669657720546578743a20537562766572736976652c206d6564697461746976652c20636c696e6963616c20616e6420706f657469632c20546865205069616e6f2054656163686572206973206120646172696e6720776f726b206f662067656e6975732e205265766965772053656e74696d656e743a,0b29d4024b6a73f6246fe757070bb584d94386ac3adbdbbc4e499970bd0975a8,2fc8936187128f2d243c181668ca70e5b8037df299b8d27791c76587c9cce25f,"[19432, 2918, 25, 18656, 11, 807, 2299, 27874, 291, 304, 1948, 279, 1429, 732, 53128, 9058, 2692, 315, 84007, 385, 594, 2272, 89167, 13, 10294, 23361, 3819, 25]","[19432, 2918, 25, 3719, 3004, 533, 11, 1774, 21312, 11, 14490, 323, 75434, 11, 576, 55391, 29069, 374, 264, 58672, 975, 315, 34101, 13, 10294, 23361, 3819, 25]",28,28,True,"Unfortunately, they're sandwiched in between the most impossibly dry account of Kahlo's life imaginable.","Subversive, meditative, clinical and poetic, The Piano Teacher is a daring work of genius.",tigges,True
sst_tigges_pythia_correct_test,212,sst-877,sst-7995,1,0,Review Text: Often moving and explores the discomfort inherent in the contacts between the American ` hosts' and their ` guests.' Review Sentiment:,"Review Text: This is a throwaway, junk-food movie whose rap soundtrack was better tended to than the film itself. Review Sentiment:","""Review Text: Often moving and explores the discomfort inherent in the contacts between the American ` hosts' and their ` guests.' Review Sentiment:""","'Review Text: This is a throwaway, junk-food movie whose rap soundtrack was better tended to than the film itself. Review Sentiment:'",52657669657720546578743a204f6674656e206d6f76696e6720616e64206578706c6f7265732074686520646973636f6d666f727420696e686572656e7420696e2074686520636f6e7461637473206265747765656e2074686520416d65726963616e206020686f7374732720616e642074686569722060206775657374732e27205265766965772053656e74696d656e743a,52657669657720546578743a20546869732069732061207468726f77617761792c206a756e6b2d666f6f64206d6f7669652077686f73652072617020736f756e64747261636b20776173206265747465722074656e64656420746f207468616e207468652066696c6d20697473656c662e205265766965772053656e74696d656e743a,42ba8a9df94df2c3604776e83fc8070d5dccb9c8f3962279db751ae5b07b19a9,96a5cb87fe05b1860374a22b28b67d6efdda786b1150592d954af59ec368b79c,"[19432, 2918, 25, 34916, 7218, 323, 40324, 279, 43676, 36988, 304, 279, 18508, 1948, 279, 3693, 1565, 18432, 6, 323, 862, 1565, 14709, 3159, 10294, 23361, 3819, 25]","[19432, 2918, 25, 1096, 374, 264, 2510, 13757, 11, 29674, 63467, 5700, 6693, 7327, 44899, 572, 2664, 48790, 311, 1091, 279, 4531, 5086, 13, 10294, 23361, 3819, 25]",28,28,True,Often moving and explores the discomfort inherent in the contacts between the American ` hosts' and their ` guests.',"This is a throwaway, junk-food movie whose rap soundtrack was better tended to than the film itself.",tigges,True
sst_tigges_pythia_correct_test,213,sst-7995,sst-877,0,1,"Review Text: This is a throwaway, junk-food movie whose rap soundtrack was better tended to than the film itself. Review Sentiment:",Review Text: Often moving and explores the discomfort inherent in the contacts between the American ` hosts' and their ` guests.' Review Sentiment:,"'Review Text: This is a throwaway, junk-food movie whose rap soundtrack was better tended to than the film itself. Review Sentiment:'","""Review Text: Often moving and explores the discomfort inherent in the contacts between the American ` hosts' and their ` guests.' Review Sentiment:""",52657669657720546578743a20546869732069732061207468726f77617761792c206a756e6b2d666f6f64206d6f7669652077686f73652072617020736f756e64747261636b20776173206265747465722074656e64656420746f207468616e207468652066696c6d20697473656c662e205265766965772053656e74696d656e743a,52657669657720546578743a204f6674656e206d6f76696e6720616e64206578706c6f7265732074686520646973636f6d666f727420696e686572656e7420696e2074686520636f6e7461637473206265747765656e2074686520416d65726963616e206020686f7374732720616e642074686569722060206775657374732e27205265766965772053656e74696d656e743a,96a5cb87fe05b1860374a22b28b67d6efdda786b1150592d954af59ec368b79c,42ba8a9df94df2c3604776e83fc8070d5dccb9c8f3962279db751ae5b07b19a9,"[19432, 2918, 25, 1096, 374, 264, 2510, 13757, 11, 29674, 63467, 5700, 6693, 7327, 44899, 572, 2664, 48790, 311, 1091, 279, 4531, 5086, 13, 10294, 23361, 3819, 25]","[19432, 2918, 25, 34916, 7218, 323, 40324, 279, 43676, 36988, 304, 279, 18508, 1948, 279, 3693, 1565, 18432, 6, 323, 862, 1565, 14709, 3159, 10294, 23361, 3819, 25]",28,28,True,"This is a throwaway, junk-food movie whose rap soundtrack was better tended to than the film itself.",Often moving and explores the discomfort inherent in the contacts between the American ` hosts' and their ` guests.',tigges,True
sst_tigges_pythia_correct_test,214,sst-1046,sst-8906,1,0,"Review Text: Biggie and Tupac is so single-mindedly daring, it puts far more polished documentaries to shame. Review Sentiment:",Review Text: What could have been a neat little story about believing in yourself is swamped by heavy-handed melodrama. Review Sentiment:,"'Review Text: Biggie and Tupac is so single-mindedly daring, it puts far more polished documentaries to shame. Review Sentiment:'",'Review Text: What could have been a neat little story about believing in yourself is swamped by heavy-handed melodrama. Review Sentiment:',52657669657720546578743a2042696767696520616e6420547570616320697320736f2073696e676c652d6d696e6465646c7920646172696e672c206974207075747320666172206d6f726520706f6c697368656420646f63756d656e74617269657320746f207368616d652e205265766965772053656e74696d656e743a,52657669657720546578743a205768617420636f756c642068617665206265656e2061206e656174206c6974746c652073746f72792061626f75742062656c696576696e6720696e20796f757273656c66206973207377616d7065642062792068656176792d68616e646564206d656c6f6472616d612e205265766965772053656e74696d656e743a,135c68ec820019e24dc2bd7d1e518722217164c53ca06771dafd19d3652eb495,84d4da57ad32e70459352da5c8d06108a59fdceb7a8ea209c3ebe7e020d63938,"[19432, 2918, 25, 6164, 21512, 323, 96097, 580, 374, 773, 3175, 33323, 398, 58672, 11, 432, 9521, 3041, 803, 43361, 87366, 311, 20973, 13, 10294, 23361, 3819, 25]","[19432, 2918, 25, 3555, 1410, 614, 1012, 264, 28485, 2632, 3364, 911, 33990, 304, 6133, 374, 2021, 32198, 553, 8811, 36140, 96274, 30373, 13, 10294, 23361, 3819, 25]",28,28,True,"Biggie and Tupac is so single-mindedly daring, it puts far more polished documentaries to shame.",What could have been a neat little story about believing in yourself is swamped by heavy-handed melodrama.,tigges,True
sst_tigges_pythia_correct_test,215,sst-8906,sst-1046,0,1,Review Text: What could have been a neat little story about believing in yourself is swamped by heavy-handed melodrama. Review Sentiment:,"Review Text: Biggie and Tupac is so single-mindedly daring, it puts far more polished documentaries to shame. Review Sentiment:",'Review Text: What could have been a neat little story about believing in yourself is swamped by heavy-handed melodrama. Review Sentiment:',"'Review Text: Biggie and Tupac is so single-mindedly daring, it puts far more polished documentaries to shame. Review Sentiment:'",52657669657720546578743a205768617420636f756c642068617665206265656e2061206e656174206c6974746c652073746f72792061626f75742062656c696576696e6720696e20796f757273656c66206973207377616d7065642062792068656176792d68616e646564206d656c6f6472616d612e205265766965772053656e74696d656e743a,52657669657720546578743a2042696767696520616e6420547570616320697320736f2073696e676c652d6d696e6465646c7920646172696e672c206974207075747320666172206d6f726520706f6c697368656420646f63756d656e74617269657320746f207368616d652e205265766965772053656e74696d656e743a,84d4da57ad32e70459352da5c8d06108a59fdceb7a8ea209c3ebe7e020d63938,135c68ec820019e24dc2bd7d1e518722217164c53ca06771dafd19d3652eb495,"[19432, 2918, 25, 3555, 1410, 614, 1012, 264, 28485, 2632, 3364, 911, 33990, 304, 6133, 374, 2021, 32198, 553, 8811, 36140, 96274, 30373, 13, 10294, 23361, 3819, 25]","[19432, 2918, 25, 6164, 21512, 323, 96097, 580, 374, 773, 3175, 33323, 398, 58672, 11, 432, 9521, 3041, 803, 43361, 87366, 311, 20973, 13, 10294, 23361, 3819, 25]",28,28,True,What could have been a neat little story about believing in yourself is swamped by heavy-handed melodrama.,"Biggie and Tupac is so single-mindedly daring, it puts far more polished documentaries to shame.",tigges,True
sst_tigges_pythia_correct_test,216,sst-491,sst-8429,1,0,"Review Text: it sounds sick and twisted, but the miracle of Shainberg's film is that it truly is romance Review Sentiment:",Review Text: Despite the premise of a good story... it wastes all its star power on cliched or meaningless roles. Review Sentiment:,"""Review Text: it sounds sick and twisted, but the miracle of Shainberg's film is that it truly is romance Review Sentiment:""",'Review Text: Despite the premise of a good story... it wastes all its star power on cliched or meaningless roles. Review Sentiment:',52657669657720546578743a20697420736f756e6473207369636b20616e6420747769737465642c2062757420746865206d697261636c65206f6620536861696e6265726727732066696c6d2069732074686174206974207472756c7920697320726f6d616e6365205265766965772053656e74696d656e743a,52657669657720546578743a204465737069746520746865207072656d697365206f66206120676f6f642073746f72792e2e2e2069742077617374657320616c6c20697473207374617220706f776572206f6e20636c6963686564206f72206d65616e696e676c65737320726f6c65732e205265766965772053656e74696d656e743a,a8f46a750c0e674c4559e61c4256a160765d661303e96110a217696533b54a18,b9a6e47accac40ed30b3dfbf8f0413d48e4b32c79895eac2bfd14a7a44ba045d,"[19432, 2918, 25, 432, 10362, 14036, 323, 37717, 11, 714, 279, 44025, 315, 1417, 466, 7725, 594, 4531, 374, 429, 432, 9428, 374, 29263, 10294, 23361, 3819, 25]","[19432, 2918, 25, 17715, 279, 40202, 315, 264, 1661, 3364, 1112, 432, 81220, 678, 1181, 6774, 2355, 389, 62592, 291, 476, 55926, 12783, 13, 10294, 23361, 3819, 25]",28,28,True,"it sounds sick and twisted, but the miracle of Shainberg's film is that it truly is romance",Despite the premise of a good story... it wastes all its star power on cliched or meaningless roles.,tigges,True
sst_tigges_pythia_correct_test,217,sst-8429,sst-491,0,1,Review Text: Despite the premise of a good story... it wastes all its star power on cliched or meaningless roles. Review Sentiment:,"Review Text: it sounds sick and twisted, but the miracle of Shainberg's film is that it truly is romance Review Sentiment:",'Review Text: Despite the premise of a good story... it wastes all its star power on cliched or meaningless roles. Review Sentiment:',"""Review Text: it sounds sick and twisted, but the miracle of Shainberg's film is that it truly is romance Review Sentiment:""",52657669657720546578743a204465737069746520746865207072656d697365206f66206120676f6f642073746f72792e2e2e2069742077617374657320616c6c20697473207374617220706f776572206f6e20636c6963686564206f72206d65616e696e676c65737320726f6c65732e205265766965772053656e74696d656e743a,52657669657720546578743a20697420736f756e6473207369636b20616e6420747769737465642c2062757420746865206d697261636c65206f6620536861696e6265726727732066696c6d2069732074686174206974207472756c7920697320726f6d616e6365205265766965772053656e74696d656e743a,b9a6e47accac40ed30b3dfbf8f0413d48e4b32c79895eac2bfd14a7a44ba045d,a8f46a750c0e674c4559e61c4256a160765d661303e96110a217696533b54a18,"[19432, 2918, 25, 17715, 279, 40202, 315, 264, 1661, 3364, 1112, 432, 81220, 678, 1181, 6774, 2355, 389, 62592, 291, 476, 55926, 12783, 13, 10294, 23361, 3819, 25]","[19432, 2918, 25, 432, 10362, 14036, 323, 37717, 11, 714, 279, 44025, 315, 1417, 466, 7725, 594, 4531, 374, 429, 432, 9428, 374, 29263, 10294, 23361, 3819, 25]",28,28,True,Despite the premise of a good story... it wastes all its star power on cliched or meaningless roles.,"it sounds sick and twisted, but the miracle of Shainberg's film is that it truly is romance",tigges,True
sst_tigges_pythia_correct_test,218,sst-617,sst-8937,1,0,Review Text: A moody horror\/thriller elevated by deft staging and the director's well-known narrative gamesmanship. Review Sentiment:,"Review Text: It's too long, too repetitive, and takes way too many years to resolve to be a total winner. Review Sentiment:","""Review Text: A moody horror\\/thriller elevated by deft staging and the director's well-known narrative gamesmanship. Review Sentiment:""","""Review Text: It's too long, too repetitive, and takes way too many years to resolve to be a total winner. Review Sentiment:""",52657669657720546578743a2041206d6f6f647920686f72726f725c2f746872696c6c657220656c65766174656420627920646566742073746167696e6720616e6420746865206469726563746f7227732077656c6c2d6b6e6f776e206e61727261746976652067616d65736d616e736869702e205265766965772053656e74696d656e743a,52657669657720546578743a204974277320746f6f206c6f6e672c20746f6f20726570657469746976652c20616e642074616b65732077617920746f6f206d616e7920796561727320746f207265736f6c766520746f206265206120746f74616c2077696e6e65722e205265766965772053656e74696d656e743a,a30b6807693a0715ef98aa7de18371ba2f40b222366ca3ec574748b294136b2b,0f30e13f6fa3104edff12759937f0e4002c43cdf693090e6e63e0dfd0cc68f87,"[19432, 2918, 25, 362, 4544, 1076, 21452, 4739, 60024, 15252, 31289, 553, 707, 83, 47762, 323, 279, 7538, 594, 1632, 21309, 19221, 3868, 57732, 13, 10294, 23361, 3819, 25]","[19432, 2918, 25, 1084, 594, 2238, 1293, 11, 2238, 58077, 11, 323, 4990, 1616, 2238, 1657, 1635, 311, 8830, 311, 387, 264, 2790, 13632, 13, 10294, 23361, 3819, 25]",29,29,True,A moody horror\/thriller elevated by deft staging and the director's well-known narrative gamesmanship.,"It's too long, too repetitive, and takes way too many years to resolve to be a total winner.",tigges,True
sst_tigges_pythia_correct_test,219,sst-8937,sst-617,0,1,"Review Text: It's too long, too repetitive, and takes way too many years to resolve to be a total winner. Review Sentiment:",Review Text: A moody horror\/thriller elevated by deft staging and the director's well-known narrative gamesmanship. Review Sentiment:,"""Review Text: It's too long, too repetitive, and takes way too many years to resolve to be a total winner. Review Sentiment:""","""Review Text: A moody horror\\/thriller elevated by deft staging and the director's well-known narrative gamesmanship. Review Sentiment:""",52657669657720546578743a204974277320746f6f206c6f6e672c20746f6f20726570657469746976652c20616e642074616b65732077617920746f6f206d616e7920796561727320746f207265736f6c766520746f206265206120746f74616c2077696e6e65722e205265766965772053656e74696d656e743a,52657669657720546578743a2041206d6f6f647920686f72726f725c2f746872696c6c657220656c65766174656420627920646566742073746167696e6720616e6420746865206469726563746f7227732077656c6c2d6b6e6f776e206e61727261746976652067616d65736d616e736869702e205265766965772053656e74696d656e743a,0f30e13f6fa3104edff12759937f0e4002c43cdf693090e6e63e0dfd0cc68f87,a30b6807693a0715ef98aa7de18371ba2f40b222366ca3ec574748b294136b2b,"[19432, 2918, 25, 1084, 594, 2238, 1293, 11, 2238, 58077, 11, 323, 4990, 1616, 2238, 1657, 1635, 311, 8830, 311, 387, 264, 2790, 13632, 13, 10294, 23361, 3819, 25]","[19432, 2918, 25, 362, 4544, 1076, 21452, 4739, 60024, 15252, 31289, 553, 707, 83, 47762, 323, 279, 7538, 594, 1632, 21309, 19221, 3868, 57732, 13, 10294, 23361, 3819, 25]",29,29,True,"It's too long, too repetitive, and takes way too many years to resolve to be a total winner.",A moody horror\/thriller elevated by deft staging and the director's well-known narrative gamesmanship.,tigges,True
sst_tigges_pythia_correct_test,220,sst-286,sst-9017,1,0,"Review Text: An impressive debut for first-time writer-director Mark Romanek, especially considering his background is in music video. Review Sentiment:",Review Text: Not sweet enough to liven up its predictable story and will leave even fans of hip-hop sorely disappointed. Review Sentiment:,"'Review Text: An impressive debut for first-time writer-director Mark Romanek, especially considering his background is in music video. Review Sentiment:'",'Review Text: Not sweet enough to liven up its predictable story and will leave even fans of hip-hop sorely disappointed. Review Sentiment:',52657669657720546578743a20416e20696d707265737369766520646562757420666f722066697273742d74696d65207772697465722d6469726563746f72204d61726b20526f6d616e656b2c20657370656369616c6c7920636f6e7369646572696e6720686973206261636b67726f756e6420697320696e206d7573696320766964656f2e205265766965772053656e74696d656e743a,52657669657720546578743a204e6f7420737765657420656e6f75676820746f206c6976656e20757020697473207072656469637461626c652073746f727920616e642077696c6c206c65617665206576656e2066616e73206f66206869702d686f7020736f72656c79206469736170706f696e7465642e205265766965772053656e74696d656e743a,5ad4bd27f6287356c16244cefe5a9b6d175e161a8ac91dbee284b1e54f43c924,ef9c80b99d4266b7cfec8f0cbf98c51e1e0a367220f1c5c77d2b2db0957c726e,"[19432, 2918, 25, 1527, 15978, 17306, 369, 1156, 7246, 6916, 43524, 269, 4389, 12751, 1225, 11, 5310, 12831, 806, 4004, 374, 304, 4627, 2766, 13, 10294, 23361, 3819, 25]","[19432, 2918, 25, 2806, 10226, 3322, 311, 326, 2071, 705, 1181, 44107, 3364, 323, 686, 5274, 1496, 7211, 315, 18143, 48719, 35266, 398, 24402, 13, 10294, 23361, 3819, 25]",29,29,True,"An impressive debut for first-time writer-director Mark Romanek, especially considering his background is in music video.",Not sweet enough to liven up its predictable story and will leave even fans of hip-hop sorely disappointed.,tigges,True
sst_tigges_pythia_correct_test,221,sst-9017,sst-286,0,1,Review Text: Not sweet enough to liven up its predictable story and will leave even fans of hip-hop sorely disappointed. Review Sentiment:,"Review Text: An impressive debut for first-time writer-director Mark Romanek, especially considering his background is in music video. Review Sentiment:",'Review Text: Not sweet enough to liven up its predictable story and will leave even fans of hip-hop sorely disappointed. Review Sentiment:',"'Review Text: An impressive debut for first-time writer-director Mark Romanek, especially considering his background is in music video. Review Sentiment:'",52657669657720546578743a204e6f7420737765657420656e6f75676820746f206c6976656e20757020697473207072656469637461626c652073746f727920616e642077696c6c206c65617665206576656e2066616e73206f66206869702d686f7020736f72656c79206469736170706f696e7465642e205265766965772053656e74696d656e743a,52657669657720546578743a20416e20696d707265737369766520646562757420666f722066697273742d74696d65207772697465722d6469726563746f72204d61726b20526f6d616e656b2c20657370656369616c6c7920636f6e7369646572696e6720686973206261636b67726f756e6420697320696e206d7573696320766964656f2e205265766965772053656e74696d656e743a,ef9c80b99d4266b7cfec8f0cbf98c51e1e0a367220f1c5c77d2b2db0957c726e,5ad4bd27f6287356c16244cefe5a9b6d175e161a8ac91dbee284b1e54f43c924,"[19432, 2918, 25, 2806, 10226, 3322, 311, 326, 2071, 705, 1181, 44107, 3364, 323, 686, 5274, 1496, 7211, 315, 18143, 48719, 35266, 398, 24402, 13, 10294, 23361, 3819, 25]","[19432, 2918, 25, 1527, 15978, 17306, 369, 1156, 7246, 6916, 43524, 269, 4389, 12751, 1225, 11, 5310, 12831, 806, 4004, 374, 304, 4627, 2766, 13, 10294, 23361, 3819, 25]",29,29,True,Not sweet enough to liven up its predictable story and will leave even fans of hip-hop sorely disappointed.,"An impressive debut for first-time writer-director Mark Romanek, especially considering his background is in music video.",tigges,True
sst_tigges_pythia_correct_test,222,sst-276,sst-8882,1,0,Review Text: It ultimately stands forth as an important chronicle of the abuses of one of Latin America's most oppressive regimes. Review Sentiment:,"Review Text: What will, most likely, turn out to be the most repellent movie of 2002. Review Sentiment:","""Review Text: It ultimately stands forth as an important chronicle of the abuses of one of Latin America's most oppressive regimes. Review Sentiment:""","'Review Text: What will, most likely, turn out to be the most repellent movie of 2002. Review Sentiment:'",52657669657720546578743a20497420756c74696d6174656c79207374616e647320666f72746820617320616e20696d706f7274616e74206368726f6e69636c65206f662074686520616275736573206f66206f6e65206f66204c6174696e20416d65726963612773206d6f7374206f70707265737369766520726567696d65732e205265766965772053656e74696d656e743a,52657669657720546578743a20576861742077696c6c2c206d6f7374206c696b656c792c207475726e206f757420746f20626520746865206d6f737420726570656c6c656e74206d6f766965206f6620323030322e205265766965772053656e74696d656e743a,fc69b58a15036f243f8e911704a8fdc3bcac8065893b91bfc9db8317118f90eb,423fa6526c05055c1d333c6e79932dd9f913930f05d3908b6dc9559b28fb9bce,"[19432, 2918, 25, 1084, 13653, 13352, 13241, 438, 458, 2989, 25986, 2002, 315, 279, 49062, 315, 825, 315, 19458, 5159, 594, 1429, 77512, 60811, 13, 10294, 23361, 3819, 25]","[19432, 2918, 25, 3555, 686, 11, 1429, 4363, 11, 2484, 700, 311, 387, 279, 1429, 87774, 306, 5700, 315, 220, 17, 15, 15, 17, 13, 10294, 23361, 3819, 25]",29,29,True,It ultimately stands forth as an important chronicle of the abuses of one of Latin America's most oppressive regimes.,"What will, most likely, turn out to be the most repellent movie of 2002.",tigges,True
sst_tigges_pythia_correct_test,223,sst-8882,sst-276,0,1,"Review Text: What will, most likely, turn out to be the most repellent movie of 2002. Review Sentiment:",Review Text: It ultimately stands forth as an important chronicle of the abuses of one of Latin America's most oppressive regimes. Review Sentiment:,"'Review Text: What will, most likely, turn out to be the most repellent movie of 2002. Review Sentiment:'","""Review Text: It ultimately stands forth as an important chronicle of the abuses of one of Latin America's most oppressive regimes. Review Sentiment:""",52657669657720546578743a20576861742077696c6c2c206d6f7374206c696b656c792c207475726e206f757420746f20626520746865206d6f737420726570656c6c656e74206d6f766965206f6620323030322e205265766965772053656e74696d656e743a,52657669657720546578743a20497420756c74696d6174656c79207374616e647320666f72746820617320616e20696d706f7274616e74206368726f6e69636c65206f662074686520616275736573206f66206f6e65206f66204c6174696e20416d65726963612773206d6f7374206f70707265737369766520726567696d65732e205265766965772053656e74696d656e743a,423fa6526c05055c1d333c6e79932dd9f913930f05d3908b6dc9559b28fb9bce,fc69b58a15036f243f8e911704a8fdc3bcac8065893b91bfc9db8317118f90eb,"[19432, 2918, 25, 3555, 686, 11, 1429, 4363, 11, 2484, 700, 311, 387, 279, 1429, 87774, 306, 5700, 315, 220, 17, 15, 15, 17, 13, 10294, 23361, 3819, 25]","[19432, 2918, 25, 1084, 13653, 13352, 13241, 438, 458, 2989, 25986, 2002, 315, 279, 49062, 315, 825, 315, 19458, 5159, 594, 1429, 77512, 60811, 13, 10294, 23361, 3819, 25]",29,29,True,"What will, most likely, turn out to be the most repellent movie of 2002.",It ultimately stands forth as an important chronicle of the abuses of one of Latin America's most oppressive regimes.,tigges,True
sst_tigges_pythia_correct_test,224,sst-323,sst-8925,1,0,"Review Text: Even with all those rough edges safely sanded down, the American Insomnia is still pretty darned good. Review Sentiment:","Review Text: I Spy is an embarrassment, a monotonous, disjointed jumble of borrowed plot points and situations. Review Sentiment:","'Review Text: Even with all those rough edges safely sanded down, the American Insomnia is still pretty darned good. Review Sentiment:'","'Review Text: I Spy is an embarrassment, a monotonous, disjointed jumble of borrowed plot points and situations. Review Sentiment:'",52657669657720546578743a204576656e207769746820616c6c2074686f736520726f75676820656467657320736166656c792073616e64656420646f776e2c2074686520416d65726963616e20496e736f6d6e6961206973207374696c6c20707265747479206461726e656420676f6f642e205265766965772053656e74696d656e743a,52657669657720546578743a20492053707920697320616e20656d626172726173736d656e742c2061206d6f6e6f746f6e6f75732c206469736a6f696e746564206a756d626c65206f6620626f72726f77656420706c6f7420706f696e747320616e6420736974756174696f6e732e205265766965772053656e74696d656e743a,a0876894eb76a66e4208fedd8be62c51c191b1fa87c4bd0a2dcb18722f6a8bf1,6c662870240433906d909f720441ba3895c88d0b5e0d14b25445ff6614d59c30,"[19432, 2918, 25, 7418, 448, 678, 1846, 11165, 12822, 21000, 274, 6465, 1495, 11, 279, 3693, 9726, 49305, 374, 2058, 5020, 73677, 291, 1661, 13, 10294, 23361, 3819, 25]","[19432, 2918, 25, 358, 46314, 374, 458, 58930, 11, 264, 1615, 25849, 782, 11, 84784, 291, 502, 22733, 315, 45564, 7089, 3501, 323, 14740, 13, 10294, 23361, 3819, 25]",29,29,True,"Even with all those rough edges safely sanded down, the American Insomnia is still pretty darned good.","I Spy is an embarrassment, a monotonous, disjointed jumble of borrowed plot points and situations.",tigges,True
sst_tigges_pythia_correct_test,225,sst-8925,sst-323,0,1,"Review Text: I Spy is an embarrassment, a monotonous, disjointed jumble of borrowed plot points and situations. Review Sentiment:","Review Text: Even with all those rough edges safely sanded down, the American Insomnia is still pretty darned good. Review Sentiment:","'Review Text: I Spy is an embarrassment, a monotonous, disjointed jumble of borrowed plot points and situations. Review Sentiment:'","'Review Text: Even with all those rough edges safely sanded down, the American Insomnia is still pretty darned good. Review Sentiment:'",52657669657720546578743a20492053707920697320616e20656d626172726173736d656e742c2061206d6f6e6f746f6e6f75732c206469736a6f696e746564206a756d626c65206f6620626f72726f77656420706c6f7420706f696e747320616e6420736974756174696f6e732e205265766965772053656e74696d656e743a,52657669657720546578743a204576656e207769746820616c6c2074686f736520726f75676820656467657320736166656c792073616e64656420646f776e2c2074686520416d65726963616e20496e736f6d6e6961206973207374696c6c20707265747479206461726e656420676f6f642e205265766965772053656e74696d656e743a,6c662870240433906d909f720441ba3895c88d0b5e0d14b25445ff6614d59c30,a0876894eb76a66e4208fedd8be62c51c191b1fa87c4bd0a2dcb18722f6a8bf1,"[19432, 2918, 25, 358, 46314, 374, 458, 58930, 11, 264, 1615, 25849, 782, 11, 84784, 291, 502, 22733, 315, 45564, 7089, 3501, 323, 14740, 13, 10294, 23361, 3819, 25]","[19432, 2918, 25, 7418, 448, 678, 1846, 11165, 12822, 21000, 274, 6465, 1495, 11, 279, 3693, 9726, 49305, 374, 2058, 5020, 73677, 291, 1661, 13, 10294, 23361, 3819, 25]",29,29,True,"I Spy is an embarrassment, a monotonous, disjointed jumble of borrowed plot points and situations.","Even with all those rough edges safely sanded down, the American Insomnia is still pretty darned good.",tigges,True
sst_tigges_pythia_correct_test,226,sst-624,sst-8213,1,0,"Review Text: ''The Emperor's New Clothes'' begins with a simple plan... Well, at least that's the plan. Review Sentiment:","Review Text: Began life as a computer game, then morphed into a movie--a bad one, of course. Review Sentiment:","""Review Text: ''The Emperor's New Clothes'' begins with a simple plan... Well, at least that's the plan. Review Sentiment:""","'Review Text: Began life as a computer game, then morphed into a movie--a bad one, of course. Review Sentiment:'",52657669657720546578743a20272754686520456d7065726f722773204e657720436c6f74686573272720626567696e73207769746820612073696d706c6520706c616e2e2e2e2057656c6c2c206174206c65617374207468617427732074686520706c616e2e205265766965772053656e74696d656e743a,52657669657720546578743a20426567616e206c696665206173206120636f6d70757465722067616d652c207468656e206d6f727068656420696e746f2061206d6f7669652d2d6120626164206f6e652c206f6620636f757273652e205265766965772053656e74696d656e743a,43a2d4fde7358f70cf84d3a90c48ad3e0b6abf56220fccdde59c0944707e8930,8044e69bad0004a2cf7e7693bc4b8ca0f7f170d1af8f7cd086a666038daedff2,"[19432, 2918, 25, 3355, 785, 34314, 594, 1532, 76524, 4605, 12033, 448, 264, 4285, 3119, 1112, 8325, 11, 518, 3245, 429, 594, 279, 3119, 13, 10294, 23361, 3819, 25]","[19432, 2918, 25, 425, 15756, 2272, 438, 264, 6366, 1809, 11, 1221, 26351, 291, 1119, 264, 5700, 313, 64, 3873, 825, 11, 315, 3308, 13, 10294, 23361, 3819, 25]",29,29,True,"''The Emperor's New Clothes'' begins with a simple plan... Well, at least that's the plan.","Began life as a computer game, then morphed into a movie--a bad one, of course.",tigges,True
sst_tigges_pythia_correct_test,227,sst-8213,sst-624,0,1,"Review Text: Began life as a computer game, then morphed into a movie--a bad one, of course. Review Sentiment:","Review Text: ''The Emperor's New Clothes'' begins with a simple plan... Well, at least that's the plan. Review Sentiment:","'Review Text: Began life as a computer game, then morphed into a movie--a bad one, of course. Review Sentiment:'","""Review Text: ''The Emperor's New Clothes'' begins with a simple plan... Well, at least that's the plan. Review Sentiment:""",52657669657720546578743a20426567616e206c696665206173206120636f6d70757465722067616d652c207468656e206d6f727068656420696e746f2061206d6f7669652d2d6120626164206f6e652c206f6620636f757273652e205265766965772053656e74696d656e743a,52657669657720546578743a20272754686520456d7065726f722773204e657720436c6f74686573272720626567696e73207769746820612073696d706c6520706c616e2e2e2e2057656c6c2c206174206c65617374207468617427732074686520706c616e2e205265766965772053656e74696d656e743a,8044e69bad0004a2cf7e7693bc4b8ca0f7f170d1af8f7cd086a666038daedff2,43a2d4fde7358f70cf84d3a90c48ad3e0b6abf56220fccdde59c0944707e8930,"[19432, 2918, 25, 425, 15756, 2272, 438, 264, 6366, 1809, 11, 1221, 26351, 291, 1119, 264, 5700, 313, 64, 3873, 825, 11, 315, 3308, 13, 10294, 23361, 3819, 25]","[19432, 2918, 25, 3355, 785, 34314, 594, 1532, 76524, 4605, 12033, 448, 264, 4285, 3119, 1112, 8325, 11, 518, 3245, 429, 594, 279, 3119, 13, 10294, 23361, 3819, 25]",29,29,True,"Began life as a computer game, then morphed into a movie--a bad one, of course.","''The Emperor's New Clothes'' begins with a simple plan... Well, at least that's the plan.",tigges,True
sst_tigges_pythia_correct_test,228,sst-454,sst-8645,1,0,"Review Text: Call me a wimp, but I cried, not once, but three times in this animated sweet film. Review Sentiment:",Review Text: McKay deflates his piece of puffery with a sour cliche and heavy doses of mean-spiritedness Review Sentiment:,"'Review Text: Call me a wimp, but I cried, not once, but three times in this animated sweet film. Review Sentiment:'",'Review Text: McKay deflates his piece of puffery with a sour cliche and heavy doses of mean-spiritedness Review Sentiment:',52657669657720546578743a2043616c6c206d6520612077696d702c2062757420492063726965642c206e6f74206f6e63652c206275742074687265652074696d657320696e207468697320616e696d617465642073776565742066696c6d2e205265766965772053656e74696d656e743a,52657669657720546578743a204d634b6179206465666c6174657320686973207069656365206f6620707566666572792077697468206120736f757220636c6963686520616e6420686561767920646f736573206f66206d65616e2d73706972697465646e657373205265766965772053656e74696d656e743a,10c54c666f5b9c86b5501581509a1cb822b0117f302afb611ddb11042ed239c2,3ac82c95182536cb4a9243c2a6eadf3570fee07ae697d6593332586a907d2aff,"[19432, 2918, 25, 7143, 752, 264, 289, 6664, 11, 714, 358, 38069, 11, 537, 3055, 11, 714, 2326, 3039, 304, 419, 11371, 10226, 4531, 13, 10294, 23361, 3819, 25]","[19432, 2918, 25, 89870, 707, 48246, 806, 6573, 315, 62072, 722, 448, 264, 20282, 272, 20005, 323, 8811, 34030, 315, 3076, 1331, 5565, 1608, 2090, 10294, 23361, 3819, 25]",29,29,True,"Call me a wimp, but I cried, not once, but three times in this animated sweet film.",McKay deflates his piece of puffery with a sour cliche and heavy doses of mean-spiritedness,tigges,True
sst_tigges_pythia_correct_test,229,sst-8645,sst-454,0,1,Review Text: McKay deflates his piece of puffery with a sour cliche and heavy doses of mean-spiritedness Review Sentiment:,"Review Text: Call me a wimp, but I cried, not once, but three times in this animated sweet film. Review Sentiment:",'Review Text: McKay deflates his piece of puffery with a sour cliche and heavy doses of mean-spiritedness Review Sentiment:',"'Review Text: Call me a wimp, but I cried, not once, but three times in this animated sweet film. Review Sentiment:'",52657669657720546578743a204d634b6179206465666c6174657320686973207069656365206f6620707566666572792077697468206120736f757220636c6963686520616e6420686561767920646f736573206f66206d65616e2d73706972697465646e657373205265766965772053656e74696d656e743a,52657669657720546578743a2043616c6c206d6520612077696d702c2062757420492063726965642c206e6f74206f6e63652c206275742074687265652074696d657320696e207468697320616e696d617465642073776565742066696c6d2e205265766965772053656e74696d656e743a,3ac82c95182536cb4a9243c2a6eadf3570fee07ae697d6593332586a907d2aff,10c54c666f5b9c86b5501581509a1cb822b0117f302afb611ddb11042ed239c2,"[19432, 2918, 25, 89870, 707, 48246, 806, 6573, 315, 62072, 722, 448, 264, 20282, 272, 20005, 323, 8811, 34030, 315, 3076, 1331, 5565, 1608, 2090, 10294, 23361, 3819, 25]","[19432, 2918, 25, 7143, 752, 264, 289, 6664, 11, 714, 358, 38069, 11, 537, 3055, 11, 714, 2326, 3039, 304, 419, 11371, 10226, 4531, 13, 10294, 23361, 3819, 25]",29,29,True,McKay deflates his piece of puffery with a sour cliche and heavy doses of mean-spiritedness,"Call me a wimp, but I cried, not once, but three times in this animated sweet film.",tigges,True
sst_tigges_pythia_correct_test,230,sst-337,sst-8950,1,0,Review Text: Spielberg is the rare director who does not want to invite viewers to gawk at or applaud his special effects. Review Sentiment:,Review Text: Murder By Numbers is like a couple of mediocre TV-movie - of-the-week films clumsily stuck together. Review Sentiment:,'Review Text: Spielberg is the rare director who does not want to invite viewers to gawk at or applaud his special effects. Review Sentiment:','Review Text: Murder By Numbers is like a couple of mediocre TV-movie - of-the-week films clumsily stuck together. Review Sentiment:',52657669657720546578743a20537069656c62657267206973207468652072617265206469726563746f722077686f20646f6573206e6f742077616e7420746f20696e76697465207669657765727320746f206761776b206174206f72206170706c61756420686973207370656369616c20656666656374732e205265766965772053656e74696d656e743a,52657669657720546578743a204d7572646572204279204e756d62657273206973206c696b65206120636f75706c65206f66206d6564696f6372652054562d6d6f766965202d206f662d7468652d7765656b2066696c6d7320636c756d73696c7920737475636b20746f6765746865722e205265766965772053656e74696d656e743a,7c433f7dffaab964407e64e4f20ed61c27ede69efa8f5f017656d0b5ea457656,f256bbaa214f885d9452c5d126dde2e8593d545ca896cef60a487e1bc0ee6d6d,"[19432, 2918, 25, 93616, 374, 279, 8848, 7538, 879, 1558, 537, 1366, 311, 21399, 21762, 311, 342, 23397, 518, 476, 51390, 806, 3281, 6239, 13, 10294, 23361, 3819, 25]","[19432, 2918, 25, 51383, 3216, 34713, 374, 1075, 264, 5625, 315, 67380, 5883, 1448, 6327, 481, 315, 10603, 29509, 12351, 76957, 1541, 15700, 3786, 13, 10294, 23361, 3819, 25]",29,29,True,Spielberg is the rare director who does not want to invite viewers to gawk at or applaud his special effects.,Murder By Numbers is like a couple of mediocre TV-movie - of-the-week films clumsily stuck together.,tigges,True
sst_tigges_pythia_correct_test,231,sst-8950,sst-337,0,1,Review Text: Murder By Numbers is like a couple of mediocre TV-movie - of-the-week films clumsily stuck together. Review Sentiment:,Review Text: Spielberg is the rare director who does not want to invite viewers to gawk at or applaud his special effects. Review Sentiment:,'Review Text: Murder By Numbers is like a couple of mediocre TV-movie - of-the-week films clumsily stuck together. Review Sentiment:','Review Text: Spielberg is the rare director who does not want to invite viewers to gawk at or applaud his special effects. Review Sentiment:',52657669657720546578743a204d7572646572204279204e756d62657273206973206c696b65206120636f75706c65206f66206d6564696f6372652054562d6d6f766965202d206f662d7468652d7765656b2066696c6d7320636c756d73696c7920737475636b20746f6765746865722e205265766965772053656e74696d656e743a,52657669657720546578743a20537069656c62657267206973207468652072617265206469726563746f722077686f20646f6573206e6f742077616e7420746f20696e76697465207669657765727320746f206761776b206174206f72206170706c61756420686973207370656369616c20656666656374732e205265766965772053656e74696d656e743a,f256bbaa214f885d9452c5d126dde2e8593d545ca896cef60a487e1bc0ee6d6d,7c433f7dffaab964407e64e4f20ed61c27ede69efa8f5f017656d0b5ea457656,"[19432, 2918, 25, 51383, 3216, 34713, 374, 1075, 264, 5625, 315, 67380, 5883, 1448, 6327, 481, 315, 10603, 29509, 12351, 76957, 1541, 15700, 3786, 13, 10294, 23361, 3819, 25]","[19432, 2918, 25, 93616, 374, 279, 8848, 7538, 879, 1558, 537, 1366, 311, 21399, 21762, 311, 342, 23397, 518, 476, 51390, 806, 3281, 6239, 13, 10294, 23361, 3819, 25]",29,29,True,Murder By Numbers is like a couple of mediocre TV-movie - of-the-week films clumsily stuck together.,Spielberg is the rare director who does not want to invite viewers to gawk at or applaud his special effects.,tigges,True
sst_tigges_pythia_correct_test,232,sst-521,sst-8796,1,0,"Review Text: Rarely do films come along that are as intelligent, exuberant, and moving as Monsoon Wedding. Review Sentiment:","Review Text: Despite its good nature and some genuinely funny moments, Super Troopers suffers from a bad case of arrested development. Review Sentiment:","'Review Text: Rarely do films come along that are as intelligent, exuberant, and moving as Monsoon Wedding. Review Sentiment:'","'Review Text: Despite its good nature and some genuinely funny moments, Super Troopers suffers from a bad case of arrested development. Review Sentiment:'",52657669657720546578743a20526172656c7920646f2066696c6d7320636f6d6520616c6f6e6720746861742061726520617320696e74656c6c6967656e742c20657875626572616e742c20616e64206d6f76696e67206173204d6f6e736f6f6e2057656464696e672e205265766965772053656e74696d656e743a,52657669657720546578743a20446573706974652069747320676f6f64206e617475726520616e6420736f6d652067656e75696e656c792066756e6e79206d6f6d656e74732c2053757065722054726f6f7065727320737566666572732066726f6d2061206261642063617365206f6620617272657374656420646576656c6f706d656e742e205265766965772053656e74696d656e743a,51d42c0e82d2c6bdb377f96265874cad88b57f95452b4aafabc4099ad81d1198,fa85dba63615185341a74ada48a73aa3b40750552ad3457974a204441c9c91f9,"[19432, 2918, 25, 34959, 398, 653, 12351, 2525, 3156, 429, 525, 438, 24514, 11, 505, 29870, 517, 11, 323, 7218, 438, 3128, 66056, 30817, 13, 10294, 23361, 3819, 25]","[19432, 2918, 25, 17715, 1181, 1661, 6993, 323, 1045, 35197, 15173, 13943, 11, 7297, 19321, 51087, 46421, 504, 264, 3873, 1142, 315, 12517, 4401, 13, 10294, 23361, 3819, 25]",29,29,True,"Rarely do films come along that are as intelligent, exuberant, and moving as Monsoon Wedding.","Despite its good nature and some genuinely funny moments, Super Troopers suffers from a bad case of arrested development.",tigges,True
sst_tigges_pythia_correct_test,233,sst-8796,sst-521,0,1,"Review Text: Despite its good nature and some genuinely funny moments, Super Troopers suffers from a bad case of arrested development. Review Sentiment:","Review Text: Rarely do films come along that are as intelligent, exuberant, and moving as Monsoon Wedding. Review Sentiment:","'Review Text: Despite its good nature and some genuinely funny moments, Super Troopers suffers from a bad case of arrested development. Review Sentiment:'","'Review Text: Rarely do films come along that are as intelligent, exuberant, and moving as Monsoon Wedding. Review Sentiment:'",52657669657720546578743a20446573706974652069747320676f6f64206e617475726520616e6420736f6d652067656e75696e656c792066756e6e79206d6f6d656e74732c2053757065722054726f6f7065727320737566666572732066726f6d2061206261642063617365206f6620617272657374656420646576656c6f706d656e742e205265766965772053656e74696d656e743a,52657669657720546578743a20526172656c7920646f2066696c6d7320636f6d6520616c6f6e6720746861742061726520617320696e74656c6c6967656e742c20657875626572616e742c20616e64206d6f76696e67206173204d6f6e736f6f6e2057656464696e672e205265766965772053656e74696d656e743a,fa85dba63615185341a74ada48a73aa3b40750552ad3457974a204441c9c91f9,51d42c0e82d2c6bdb377f96265874cad88b57f95452b4aafabc4099ad81d1198,"[19432, 2918, 25, 17715, 1181, 1661, 6993, 323, 1045, 35197, 15173, 13943, 11, 7297, 19321, 51087, 46421, 504, 264, 3873, 1142, 315, 12517, 4401, 13, 10294, 23361, 3819, 25]","[19432, 2918, 25, 34959, 398, 653, 12351, 2525, 3156, 429, 525, 438, 24514, 11, 505, 29870, 517, 11, 323, 7218, 438, 3128, 66056, 30817, 13, 10294, 23361, 3819, 25]",29,29,True,"Despite its good nature and some genuinely funny moments, Super Troopers suffers from a bad case of arrested development.","Rarely do films come along that are as intelligent, exuberant, and moving as Monsoon Wedding.",tigges,True
sst_tigges_pythia_correct_test,234,sst-39,sst-8630,1,0,"Review Text: Ms. Fulford-Wierzbicki is almost spooky in her sulky, calculating Lolita turn. Review Sentiment:","Review Text: Intended to be a comedy about relationships, this wretched work falls flat in just about every conceivable area. Review Sentiment:","'Review Text: Ms. Fulford-Wierzbicki is almost spooky in her sulky, calculating Lolita turn. Review Sentiment:'","'Review Text: Intended to be a comedy about relationships, this wretched work falls flat in just about every conceivable area. Review Sentiment:'",52657669657720546578743a204d732e2046756c666f72642d576965727a6269636b6920697320616c6d6f73742073706f6f6b7920696e206865722073756c6b792c2063616c63756c6174696e67204c6f6c697461207475726e2e205265766965772053656e74696d656e743a,52657669657720546578743a20496e74656e64656420746f206265206120636f6d6564792061626f75742072656c6174696f6e73686970732c207468697320777265746368656420776f726b2066616c6c7320666c617420696e206a7573742061626f757420657665727920636f6e6365697661626c6520617265612e205265766965772053656e74696d656e743a,f90779c042c69067950c67064cc356d1c64e1cd25ffaeb2ba376c65017d1ac1a,03dadf231c68a597e8029d0b8013334b0c8cc1fba87edd877c5fbe83421cc0ef,"[19432, 2918, 25, 16064, 13, 47450, 8187, 13002, 1268, 25329, 865, 72, 374, 4558, 97076, 304, 1059, 25774, 7891, 11, 37614, 79137, 6255, 2484, 13, 10294, 23361, 3819, 25]","[19432, 2918, 25, 1333, 2883, 311, 387, 264, 22358, 911, 11871, 11, 419, 289, 61737, 975, 17066, 10063, 304, 1101, 911, 1449, 94783, 3082, 13, 10294, 23361, 3819, 25]",29,29,True,"Ms. Fulford-Wierzbicki is almost spooky in her sulky, calculating Lolita turn.","Intended to be a comedy about relationships, this wretched work falls flat in just about every conceivable area.",tigges,True
sst_tigges_pythia_correct_test,235,sst-8630,sst-39,0,1,"Review Text: Intended to be a comedy about relationships, this wretched work falls flat in just about every conceivable area. Review Sentiment:","Review Text: Ms. Fulford-Wierzbicki is almost spooky in her sulky, calculating Lolita turn. Review Sentiment:","'Review Text: Intended to be a comedy about relationships, this wretched work falls flat in just about every conceivable area. Review Sentiment:'","'Review Text: Ms. Fulford-Wierzbicki is almost spooky in her sulky, calculating Lolita turn. Review Sentiment:'",52657669657720546578743a20496e74656e64656420746f206265206120636f6d6564792061626f75742072656c6174696f6e73686970732c207468697320777265746368656420776f726b2066616c6c7320666c617420696e206a7573742061626f757420657665727920636f6e6365697661626c6520617265612e205265766965772053656e74696d656e743a,52657669657720546578743a204d732e2046756c666f72642d576965727a6269636b6920697320616c6d6f73742073706f6f6b7920696e206865722073756c6b792c2063616c63756c6174696e67204c6f6c697461207475726e2e205265766965772053656e74696d656e743a,03dadf231c68a597e8029d0b8013334b0c8cc1fba87edd877c5fbe83421cc0ef,f90779c042c69067950c67064cc356d1c64e1cd25ffaeb2ba376c65017d1ac1a,"[19432, 2918, 25, 1333, 2883, 311, 387, 264, 22358, 911, 11871, 11, 419, 289, 61737, 975, 17066, 10063, 304, 1101, 911, 1449, 94783, 3082, 13, 10294, 23361, 3819, 25]","[19432, 2918, 25, 16064, 13, 47450, 8187, 13002, 1268, 25329, 865, 72, 374, 4558, 97076, 304, 1059, 25774, 7891, 11, 37614, 79137, 6255, 2484, 13, 10294, 23361, 3819, 25]",29,29,True,"Intended to be a comedy about relationships, this wretched work falls flat in just about every conceivable area.","Ms. Fulford-Wierzbicki is almost spooky in her sulky, calculating Lolita turn.",tigges,True
sst_tigges_pythia_correct_test,236,sst-8988,sst-8008,1,0,"Review Text: This is a good movie in spurts, but when it doesn't work, it's at important times. Review Sentiment:",Review Text: The Piano Teacher is the sort of movie that discourages American audiences from ever wanting to see another foreign film. Review Sentiment:,"""Review Text: This is a good movie in spurts, but when it doesn't work, it's at important times. Review Sentiment:""",'Review Text: The Piano Teacher is the sort of movie that discourages American audiences from ever wanting to see another foreign film. Review Sentiment:',52657669657720546578743a2054686973206973206120676f6f64206d6f76696520696e207370757274732c20627574207768656e20697420646f65736e277420776f726b2c206974277320617420696d706f7274616e742074696d65732e205265766965772053656e74696d656e743a,52657669657720546578743a20546865205069616e6f20546561636865722069732074686520736f7274206f66206d6f766965207468617420646973636f75726167657320416d65726963616e2061756469656e6365732066726f6d20657665722077616e74696e6720746f2073656520616e6f7468657220666f726569676e2066696c6d2e205265766965772053656e74696d656e743a,ccd3c6e0bc43311e04ff6bc0e2856a8a1db1559763d558afbb517d0be045aa36,00d7a20017ecc529dfaf3352977f2a7d3e609780b2b8fb190dccbb44aefa62af,"[19432, 2918, 25, 1096, 374, 264, 1661, 5700, 304, 59031, 2576, 11, 714, 979, 432, 3171, 944, 975, 11, 432, 594, 518, 2989, 3039, 13, 10294, 23361, 3819, 25]","[19432, 2918, 25, 576, 55391, 29069, 374, 279, 3378, 315, 5700, 429, 33193, 1134, 3693, 29894, 504, 3512, 19211, 311, 1490, 2441, 7214, 4531, 13, 10294, 23361, 3819, 25]",29,29,True,"This is a good movie in spurts, but when it doesn't work, it's at important times.",The Piano Teacher is the sort of movie that discourages American audiences from ever wanting to see another foreign film.,tigges,True
sst_tigges_pythia_correct_test,237,sst-8008,sst-8988,0,1,Review Text: The Piano Teacher is the sort of movie that discourages American audiences from ever wanting to see another foreign film. Review Sentiment:,"Review Text: This is a good movie in spurts, but when it doesn't work, it's at important times. Review Sentiment:",'Review Text: The Piano Teacher is the sort of movie that discourages American audiences from ever wanting to see another foreign film. Review Sentiment:',"""Review Text: This is a good movie in spurts, but when it doesn't work, it's at important times. Review Sentiment:""",52657669657720546578743a20546865205069616e6f20546561636865722069732074686520736f7274206f66206d6f766965207468617420646973636f75726167657320416d65726963616e2061756469656e6365732066726f6d20657665722077616e74696e6720746f2073656520616e6f7468657220666f726569676e2066696c6d2e205265766965772053656e74696d656e743a,52657669657720546578743a2054686973206973206120676f6f64206d6f76696520696e207370757274732c20627574207768656e20697420646f65736e277420776f726b2c206974277320617420696d706f7274616e742074696d65732e205265766965772053656e74696d656e743a,00d7a20017ecc529dfaf3352977f2a7d3e609780b2b8fb190dccbb44aefa62af,ccd3c6e0bc43311e04ff6bc0e2856a8a1db1559763d558afbb517d0be045aa36,"[19432, 2918, 25, 576, 55391, 29069, 374, 279, 3378, 315, 5700, 429, 33193, 1134, 3693, 29894, 504, 3512, 19211, 311, 1490, 2441, 7214, 4531, 13, 10294, 23361, 3819, 25]","[19432, 2918, 25, 1096, 374, 264, 1661, 5700, 304, 59031, 2576, 11, 714, 979, 432, 3171, 944, 975, 11, 432, 594, 518, 2989, 3039, 13, 10294, 23361, 3819, 25]",29,29,True,The Piano Teacher is the sort of movie that discourages American audiences from ever wanting to see another foreign film.,"This is a good movie in spurts, but when it doesn't work, it's at important times.",tigges,True
sst_tigges_pythia_correct_test,238,sst-152,sst-8561,1,0,Review Text: The film overcomes the regular minefield of coming-of-age cliches with potent doses of honesty and sensitivity. Review Sentiment:,"Review Text: Rambles on in a disjointed, substandard fashion from one poorly executed action sequence to the next. Review Sentiment:",'Review Text: The film overcomes the regular minefield of coming-of-age cliches with potent doses of honesty and sensitivity. Review Sentiment:',"'Review Text: Rambles on in a disjointed, substandard fashion from one poorly executed action sequence to the next. Review Sentiment:'",52657669657720546578743a205468652066696c6d206f766572636f6d65732074686520726567756c6172206d696e656669656c64206f6620636f6d696e672d6f662d61676520636c6963686573207769746820706f74656e7420646f736573206f6620686f6e6573747920616e642073656e73697469766974792e205265766965772053656e74696d656e743a,52657669657720546578743a2052616d626c6573206f6e20696e2061206469736a6f696e7465642c207375627374616e646172642066617368696f6e2066726f6d206f6e6520706f6f726c7920657865637574656420616374696f6e2073657175656e636520746f20746865206e6578742e205265766965772053656e74696d656e743a,2f31259a85c5d805cd0c7affa89001a95ae89ba6b2eb82582fe6e7267763d466,839b053e7d7b76374a89982603ff027eb866c0629600e5a0f2ab7d81c005bd8e,"[19432, 2918, 25, 576, 4531, 916, 6579, 279, 5792, 10485, 2566, 315, 5001, 8668, 42941, 62592, 288, 448, 35775, 34030, 315, 47848, 323, 26443, 13, 10294, 23361, 3819, 25]","[19432, 2918, 25, 431, 2969, 642, 389, 304, 264, 84784, 291, 11, 1186, 20270, 11153, 504, 825, 30455, 15695, 1917, 8500, 311, 279, 1790, 13, 10294, 23361, 3819, 25]",29,29,True,The film overcomes the regular minefield of coming-of-age cliches with potent doses of honesty and sensitivity.,"Rambles on in a disjointed, substandard fashion from one poorly executed action sequence to the next.",tigges,True
sst_tigges_pythia_correct_test,239,sst-8561,sst-152,0,1,"Review Text: Rambles on in a disjointed, substandard fashion from one poorly executed action sequence to the next. Review Sentiment:",Review Text: The film overcomes the regular minefield of coming-of-age cliches with potent doses of honesty and sensitivity. Review Sentiment:,"'Review Text: Rambles on in a disjointed, substandard fashion from one poorly executed action sequence to the next. Review Sentiment:'",'Review Text: The film overcomes the regular minefield of coming-of-age cliches with potent doses of honesty and sensitivity. Review Sentiment:',52657669657720546578743a2052616d626c6573206f6e20696e2061206469736a6f696e7465642c207375627374616e646172642066617368696f6e2066726f6d206f6e6520706f6f726c7920657865637574656420616374696f6e2073657175656e636520746f20746865206e6578742e205265766965772053656e74696d656e743a,52657669657720546578743a205468652066696c6d206f766572636f6d65732074686520726567756c6172206d696e656669656c64206f6620636f6d696e672d6f662d61676520636c6963686573207769746820706f74656e7420646f736573206f6620686f6e6573747920616e642073656e73697469766974792e205265766965772053656e74696d656e743a,839b053e7d7b76374a89982603ff027eb866c0629600e5a0f2ab7d81c005bd8e,2f31259a85c5d805cd0c7affa89001a95ae89ba6b2eb82582fe6e7267763d466,"[19432, 2918, 25, 431, 2969, 642, 389, 304, 264, 84784, 291, 11, 1186, 20270, 11153, 504, 825, 30455, 15695, 1917, 8500, 311, 279, 1790, 13, 10294, 23361, 3819, 25]","[19432, 2918, 25, 576, 4531, 916, 6579, 279, 5792, 10485, 2566, 315, 5001, 8668, 42941, 62592, 288, 448, 35775, 34030, 315, 47848, 323, 26443, 13, 10294, 23361, 3819, 25]",29,29,True,"Rambles on in a disjointed, substandard fashion from one poorly executed action sequence to the next.",The film overcomes the regular minefield of coming-of-age cliches with potent doses of honesty and sensitivity.,tigges,True
sst_tigges_pythia_correct_test,240,sst-1059,sst-8790,1,0,"Review Text: This is cool, slick stuff, ready to quench the thirst of an audience that misses the summer blockbusters. Review Sentiment:","Review Text: A free-for-all of half-baked thoughts, clumsily used visual tricks and self-indulgent actor moments. Review Sentiment:","'Review Text: This is cool, slick stuff, ready to quench the thirst of an audience that misses the summer blockbusters. Review Sentiment:'","'Review Text: A free-for-all of half-baked thoughts, clumsily used visual tricks and self-indulgent actor moments. Review Sentiment:'",52657669657720546578743a205468697320697320636f6f6c2c20736c69636b2073747566662c20726561647920746f207175656e63682074686520746869727374206f6620616e2061756469656e63652074686174206d6973736573207468652073756d6d657220626c6f636b627573746572732e205265766965772053656e74696d656e743a,52657669657720546578743a204120667265652d666f722d616c6c206f662068616c662d62616b65642074686f75676874732c20636c756d73696c7920757365642076697375616c20747269636b7320616e642073656c662d696e64756c67656e74206163746f72206d6f6d656e74732e205265766965772053656e74696d656e743a,827667cc30ff956949fc2f0152f25696babce7956a35c18c27e99be253267311,0442a05fff4b9a25e7dc4afc6b72d083f3d5580947d9d84906a1d60a472b700f,"[19432, 2918, 25, 1096, 374, 7010, 11, 49638, 6259, 11, 5527, 311, 922, 19762, 279, 49590, 315, 458, 10650, 429, 42294, 279, 7324, 2504, 75518, 13, 10294, 23361, 3819, 25]","[19432, 2918, 25, 362, 1910, 15193, 22346, 315, 4279, 1455, 7741, 11303, 11, 76957, 1541, 1483, 9124, 28762, 323, 656, 17776, 360, 15772, 12089, 13943, 13, 10294, 23361, 3819, 25]",30,30,True,"This is cool, slick stuff, ready to quench the thirst of an audience that misses the summer blockbusters.","A free-for-all of half-baked thoughts, clumsily used visual tricks and self-indulgent actor moments.",tigges,True
sst_tigges_pythia_correct_test,241,sst-8790,sst-1059,0,1,"Review Text: A free-for-all of half-baked thoughts, clumsily used visual tricks and self-indulgent actor moments. Review Sentiment:","Review Text: This is cool, slick stuff, ready to quench the thirst of an audience that misses the summer blockbusters. Review Sentiment:","'Review Text: A free-for-all of half-baked thoughts, clumsily used visual tricks and self-indulgent actor moments. Review Sentiment:'","'Review Text: This is cool, slick stuff, ready to quench the thirst of an audience that misses the summer blockbusters. Review Sentiment:'",52657669657720546578743a204120667265652d666f722d616c6c206f662068616c662d62616b65642074686f75676874732c20636c756d73696c7920757365642076697375616c20747269636b7320616e642073656c662d696e64756c67656e74206163746f72206d6f6d656e74732e205265766965772053656e74696d656e743a,52657669657720546578743a205468697320697320636f6f6c2c20736c69636b2073747566662c20726561647920746f207175656e63682074686520746869727374206f6620616e2061756469656e63652074686174206d6973736573207468652073756d6d657220626c6f636b627573746572732e205265766965772053656e74696d656e743a,0442a05fff4b9a25e7dc4afc6b72d083f3d5580947d9d84906a1d60a472b700f,827667cc30ff956949fc2f0152f25696babce7956a35c18c27e99be253267311,"[19432, 2918, 25, 362, 1910, 15193, 22346, 315, 4279, 1455, 7741, 11303, 11, 76957, 1541, 1483, 9124, 28762, 323, 656, 17776, 360, 15772, 12089, 13943, 13, 10294, 23361, 3819, 25]","[19432, 2918, 25, 1096, 374, 7010, 11, 49638, 6259, 11, 5527, 311, 922, 19762, 279, 49590, 315, 458, 10650, 429, 42294, 279, 7324, 2504, 75518, 13, 10294, 23361, 3819, 25]",30,30,True,"A free-for-all of half-baked thoughts, clumsily used visual tricks and self-indulgent actor moments.","This is cool, slick stuff, ready to quench the thirst of an audience that misses the summer blockbusters.",tigges,True
sst_tigges_pythia_correct_test,242,sst-752,sst-44,1,0,"Review Text: You can feel the heat that ignites this gripping tale, and the humor and humanity that root it in feeling. Review Sentiment:",Review Text: The story loses its bite in a last-minute happy ending that's even less plausible than the rest of the picture. Review Sentiment:,"'Review Text: You can feel the heat that ignites this gripping tale, and the humor and humanity that root it in feeling. Review Sentiment:'","""Review Text: The story loses its bite in a last-minute happy ending that's even less plausible than the rest of the picture. Review Sentiment:""",52657669657720546578743a20596f752063616e206665656c20746865206865617420746861742069676e697465732074686973206772697070696e672074616c652c20616e64207468652068756d6f7220616e642068756d616e697479207468617420726f6f7420697420696e206665656c696e672e205265766965772053656e74696d656e743a,52657669657720546578743a205468652073746f7279206c6f73657320697473206269746520696e2061206c6173742d6d696e75746520686170707920656e64696e6720746861742773206576656e206c65737320706c61757369626c65207468616e207468652072657374206f662074686520706963747572652e205265766965772053656e74696d656e743a,b460fa13b5b78d440146156f2b3a1beb4d93e7223fb12422841f0c369fd54462,ec7cf9e66f776506bf275bba27c8c3d2afaa6541092bc4031da281b84584c1be,"[19432, 2918, 25, 1446, 646, 2666, 279, 8628, 429, 5222, 3611, 419, 80191, 23281, 11, 323, 279, 27385, 323, 21941, 429, 3704, 432, 304, 8266, 13, 10294, 23361, 3819, 25]","[19432, 2918, 25, 576, 3364, 32191, 1181, 22721, 304, 264, 1537, 23498, 6247, 13391, 429, 594, 1496, 2686, 49334, 1091, 279, 2732, 315, 279, 6802, 13, 10294, 23361, 3819, 25]",30,30,True,"You can feel the heat that ignites this gripping tale, and the humor and humanity that root it in feeling.",The story loses its bite in a last-minute happy ending that's even less plausible than the rest of the picture.,tigges,True
sst_tigges_pythia_correct_test,243,sst-44,sst-752,0,1,Review Text: The story loses its bite in a last-minute happy ending that's even less plausible than the rest of the picture. Review Sentiment:,"Review Text: You can feel the heat that ignites this gripping tale, and the humor and humanity that root it in feeling. Review Sentiment:","""Review Text: The story loses its bite in a last-minute happy ending that's even less plausible than the rest of the picture. Review Sentiment:""","'Review Text: You can feel the heat that ignites this gripping tale, and the humor and humanity that root it in feeling. Review Sentiment:'",52657669657720546578743a205468652073746f7279206c6f73657320697473206269746520696e2061206c6173742d6d696e75746520686170707920656e64696e6720746861742773206576656e206c65737320706c61757369626c65207468616e207468652072657374206f662074686520706963747572652e205265766965772053656e74696d656e743a,52657669657720546578743a20596f752063616e206665656c20746865206865617420746861742069676e697465732074686973206772697070696e672074616c652c20616e64207468652068756d6f7220616e642068756d616e697479207468617420726f6f7420697420696e206665656c696e672e205265766965772053656e74696d656e743a,ec7cf9e66f776506bf275bba27c8c3d2afaa6541092bc4031da281b84584c1be,b460fa13b5b78d440146156f2b3a1beb4d93e7223fb12422841f0c369fd54462,"[19432, 2918, 25, 576, 3364, 32191, 1181, 22721, 304, 264, 1537, 23498, 6247, 13391, 429, 594, 1496, 2686, 49334, 1091, 279, 2732, 315, 279, 6802, 13, 10294, 23361, 3819, 25]","[19432, 2918, 25, 1446, 646, 2666, 279, 8628, 429, 5222, 3611, 419, 80191, 23281, 11, 323, 279, 27385, 323, 21941, 429, 3704, 432, 304, 8266, 13, 10294, 23361, 3819, 25]",30,30,True,The story loses its bite in a last-minute happy ending that's even less plausible than the rest of the picture.,"You can feel the heat that ignites this gripping tale, and the humor and humanity that root it in feeling.",tigges,True
sst_tigges_pythia_correct_test,244,sst-466,sst-8826,1,0,Review Text: There are just enough twists in the tale to make it far more satisfying than almost any horror film in recent memory. Review Sentiment:,"Review Text: The Irwins emerge unscathed, but the fictional footage is unconvincing and criminally badly acted. Review Sentiment:",'Review Text: There are just enough twists in the tale to make it far more satisfying than almost any horror film in recent memory. Review Sentiment:',"'Review Text: The Irwins emerge unscathed, but the fictional footage is unconvincing and criminally badly acted. Review Sentiment:'",52657669657720546578743a20546865726520617265206a75737420656e6f7567682074776973747320696e207468652074616c6520746f206d616b6520697420666172206d6f72652073617469736679696e67207468616e20616c6d6f737420616e7920686f72726f722066696c6d20696e20726563656e74206d656d6f72792e205265766965772053656e74696d656e743a,52657669657720546578743a2054686520497277696e7320656d6572676520756e736361746865642c20627574207468652066696374696f6e616c20666f6f7461676520697320756e636f6e76696e63696e6720616e64206372696d696e616c6c79206261646c792061637465642e205265766965772053656e74696d656e743a,cca2778b2f0008984c8fc474b3897cfd8fad20009ade7e1ef71ffd2198780689,8911529d2bd6d3d92dc05b28b91c39e8a8daf9fdc051b504fdc85933e85a2848,"[19432, 2918, 25, 2619, 525, 1101, 3322, 61890, 304, 279, 23281, 311, 1281, 432, 3041, 803, 36054, 1091, 4558, 894, 21452, 4531, 304, 3213, 4938, 13, 10294, 23361, 3819, 25]","[19432, 2918, 25, 576, 11960, 86052, 32944, 650, 2388, 69637, 11, 714, 279, 43582, 21852, 374, 650, 12027, 2840, 287, 323, 84932, 37645, 24569, 30432, 13, 10294, 23361, 3819, 25]",30,30,True,There are just enough twists in the tale to make it far more satisfying than almost any horror film in recent memory.,"The Irwins emerge unscathed, but the fictional footage is unconvincing and criminally badly acted.",tigges,True
sst_tigges_pythia_correct_test,245,sst-8826,sst-466,0,1,"Review Text: The Irwins emerge unscathed, but the fictional footage is unconvincing and criminally badly acted. Review Sentiment:",Review Text: There are just enough twists in the tale to make it far more satisfying than almost any horror film in recent memory. Review Sentiment:,"'Review Text: The Irwins emerge unscathed, but the fictional footage is unconvincing and criminally badly acted. Review Sentiment:'",'Review Text: There are just enough twists in the tale to make it far more satisfying than almost any horror film in recent memory. Review Sentiment:',52657669657720546578743a2054686520497277696e7320656d6572676520756e736361746865642c20627574207468652066696374696f6e616c20666f6f7461676520697320756e636f6e76696e63696e6720616e64206372696d696e616c6c79206261646c792061637465642e205265766965772053656e74696d656e743a,52657669657720546578743a20546865726520617265206a75737420656e6f7567682074776973747320696e207468652074616c6520746f206d616b6520697420666172206d6f72652073617469736679696e67207468616e20616c6d6f737420616e7920686f72726f722066696c6d20696e20726563656e74206d656d6f72792e205265766965772053656e74696d656e743a,8911529d2bd6d3d92dc05b28b91c39e8a8daf9fdc051b504fdc85933e85a2848,cca2778b2f0008984c8fc474b3897cfd8fad20009ade7e1ef71ffd2198780689,"[19432, 2918, 25, 576, 11960, 86052, 32944, 650, 2388, 69637, 11, 714, 279, 43582, 21852, 374, 650, 12027, 2840, 287, 323, 84932, 37645, 24569, 30432, 13, 10294, 23361, 3819, 25]","[19432, 2918, 25, 2619, 525, 1101, 3322, 61890, 304, 279, 23281, 311, 1281, 432, 3041, 803, 36054, 1091, 4558, 894, 21452, 4531, 304, 3213, 4938, 13, 10294, 23361, 3819, 25]",30,30,True,"The Irwins emerge unscathed, but the fictional footage is unconvincing and criminally badly acted.",There are just enough twists in the tale to make it far more satisfying than almost any horror film in recent memory.,tigges,True
sst_tigges_pythia_correct_test,246,sst-460,sst-8604,1,0,"Review Text: If the message seems more facile than the earlier films, the images have such a terrible beauty you may not care. Review Sentiment:","Review Text: Sadly, Hewitt's forte is leaning forward while wearing low-cut gowns, not making snappy comebacks. Review Sentiment:","'Review Text: If the message seems more facile than the earlier films, the images have such a terrible beauty you may not care. Review Sentiment:'","""Review Text: Sadly, Hewitt's forte is leaning forward while wearing low-cut gowns, not making snappy comebacks. Review Sentiment:""",52657669657720546578743a20496620746865206d657373616765207365656d73206d6f726520666163696c65207468616e20746865206561726c6965722066696c6d732c2074686520696d61676573206861766520737563682061207465727269626c652062656175747920796f75206d6179206e6f7420636172652e205265766965772053656e74696d656e743a,52657669657720546578743a205361646c792c20486577697474277320666f727465206973206c65616e696e6720666f7277617264207768696c652077656172696e67206c6f772d63757420676f776e732c206e6f74206d616b696e6720736e6170707920636f6d656261636b732e205265766965772053656e74696d656e743a,c43396d33b7d16c222e9bd2ccbbe74bc47dba0f52db9509403c81a48bf688e7a,6097acb7429601a71340943b1f67625efbc990403e5e2f03eb838eccf2e51786,"[19432, 2918, 25, 1416, 279, 1943, 4977, 803, 50694, 1091, 279, 6788, 12351, 11, 279, 5335, 614, 1741, 264, 17478, 13143, 498, 1231, 537, 2453, 13, 10294, 23361, 3819, 25]","[19432, 2918, 25, 56143, 11, 59250, 1442, 594, 63958, 374, 48348, 4637, 1393, 12233, 3347, 42221, 342, 42356, 11, 537, 3259, 4131, 11144, 2525, 24113, 13, 10294, 23361, 3819, 25]",30,30,True,"If the message seems more facile than the earlier films, the images have such a terrible beauty you may not care.","Sadly, Hewitt's forte is leaning forward while wearing low-cut gowns, not making snappy comebacks.",tigges,True
sst_tigges_pythia_correct_test,247,sst-8604,sst-460,0,1,"Review Text: Sadly, Hewitt's forte is leaning forward while wearing low-cut gowns, not making snappy comebacks. Review Sentiment:","Review Text: If the message seems more facile than the earlier films, the images have such a terrible beauty you may not care. Review Sentiment:","""Review Text: Sadly, Hewitt's forte is leaning forward while wearing low-cut gowns, not making snappy comebacks. Review Sentiment:""","'Review Text: If the message seems more facile than the earlier films, the images have such a terrible beauty you may not care. Review Sentiment:'",52657669657720546578743a205361646c792c20486577697474277320666f727465206973206c65616e696e6720666f7277617264207768696c652077656172696e67206c6f772d63757420676f776e732c206e6f74206d616b696e6720736e6170707920636f6d656261636b732e205265766965772053656e74696d656e743a,52657669657720546578743a20496620746865206d657373616765207365656d73206d6f726520666163696c65207468616e20746865206561726c6965722066696c6d732c2074686520696d61676573206861766520737563682061207465727269626c652062656175747920796f75206d6179206e6f7420636172652e205265766965772053656e74696d656e743a,6097acb7429601a71340943b1f67625efbc990403e5e2f03eb838eccf2e51786,c43396d33b7d16c222e9bd2ccbbe74bc47dba0f52db9509403c81a48bf688e7a,"[19432, 2918, 25, 56143, 11, 59250, 1442, 594, 63958, 374, 48348, 4637, 1393, 12233, 3347, 42221, 342, 42356, 11, 537, 3259, 4131, 11144, 2525, 24113, 13, 10294, 23361, 3819, 25]","[19432, 2918, 25, 1416, 279, 1943, 4977, 803, 50694, 1091, 279, 6788, 12351, 11, 279, 5335, 614, 1741, 264, 17478, 13143, 498, 1231, 537, 2453, 13, 10294, 23361, 3819, 25]",30,30,True,"Sadly, Hewitt's forte is leaning forward while wearing low-cut gowns, not making snappy comebacks.","If the message seems more facile than the earlier films, the images have such a terrible beauty you may not care.",tigges,True
sst_tigges_pythia_correct_test,248,sst-321,sst-8918,1,0,Review Text: It's one of the saddest films I have ever seen that still manages to be uplifting but not overly sentimental. Review Sentiment:,"Review Text: The Weight of Water uses water as a metaphor for subconscious desire, but this leaky script barely stays afloat. Review Sentiment:","""Review Text: It's one of the saddest films I have ever seen that still manages to be uplifting but not overly sentimental. Review Sentiment:""","'Review Text: The Weight of Water uses water as a metaphor for subconscious desire, but this leaky script barely stays afloat. Review Sentiment:'",52657669657720546578743a2049742773206f6e65206f662074686520736164646573742066696c6d73204920686176652065766572207365656e2074686174207374696c6c206d616e6167657320746f2062652075706c696674696e6720627574206e6f74206f7665726c792073656e74696d656e74616c2e205265766965772053656e74696d656e743a,52657669657720546578743a2054686520576569676874206f6620576174657220757365732077617465722061732061206d65746170686f7220666f7220737562636f6e7363696f7573206465736972652c206275742074686973206c65616b792073637269707420626172656c792073746179732061666c6f61742e205265766965772053656e74696d656e743a,282072441b4b3ec88c6553fbfd82e506921f05778f08099391a4281889886594,3e6cd361c13b59089acfa022350d79d060d06de9ce72ecc3376ccc529807037f,"[19432, 2918, 25, 1084, 594, 825, 315, 279, 12421, 4979, 12351, 358, 614, 3512, 3884, 429, 2058, 28872, 311, 387, 94509, 714, 537, 38432, 91938, 13, 10294, 23361, 3819, 25]","[19432, 2918, 25, 576, 16516, 315, 9959, 5711, 3015, 438, 264, 45350, 369, 83851, 12591, 11, 714, 419, 23352, 88, 5316, 19460, 26558, 264, 3649, 13, 10294, 23361, 3819, 25]",30,30,True,It's one of the saddest films I have ever seen that still manages to be uplifting but not overly sentimental.,"The Weight of Water uses water as a metaphor for subconscious desire, but this leaky script barely stays afloat.",tigges,True
sst_tigges_pythia_correct_test,249,sst-8918,sst-321,0,1,"Review Text: The Weight of Water uses water as a metaphor for subconscious desire, but this leaky script barely stays afloat. Review Sentiment:",Review Text: It's one of the saddest films I have ever seen that still manages to be uplifting but not overly sentimental. Review Sentiment:,"'Review Text: The Weight of Water uses water as a metaphor for subconscious desire, but this leaky script barely stays afloat. Review Sentiment:'","""Review Text: It's one of the saddest films I have ever seen that still manages to be uplifting but not overly sentimental. Review Sentiment:""",52657669657720546578743a2054686520576569676874206f6620576174657220757365732077617465722061732061206d65746170686f7220666f7220737562636f6e7363696f7573206465736972652c206275742074686973206c65616b792073637269707420626172656c792073746179732061666c6f61742e205265766965772053656e74696d656e743a,52657669657720546578743a2049742773206f6e65206f662074686520736164646573742066696c6d73204920686176652065766572207365656e2074686174207374696c6c206d616e6167657320746f2062652075706c696674696e6720627574206e6f74206f7665726c792073656e74696d656e74616c2e205265766965772053656e74696d656e743a,3e6cd361c13b59089acfa022350d79d060d06de9ce72ecc3376ccc529807037f,282072441b4b3ec88c6553fbfd82e506921f05778f08099391a4281889886594,"[19432, 2918, 25, 576, 16516, 315, 9959, 5711, 3015, 438, 264, 45350, 369, 83851, 12591, 11, 714, 419, 23352, 88, 5316, 19460, 26558, 264, 3649, 13, 10294, 23361, 3819, 25]","[19432, 2918, 25, 1084, 594, 825, 315, 279, 12421, 4979, 12351, 358, 614, 3512, 3884, 429, 2058, 28872, 311, 387, 94509, 714, 537, 38432, 91938, 13, 10294, 23361, 3819, 25]",30,30,True,"The Weight of Water uses water as a metaphor for subconscious desire, but this leaky script barely stays afloat.",It's one of the saddest films I have ever seen that still manages to be uplifting but not overly sentimental.,tigges,True
sst_tigges_pythia_correct_test,250,sst-397,sst-8689,1,0,"Review Text: By the end of No Such Thing the audience, like Beatrice, has a watchful affection for the monster. Review Sentiment:","Review Text: A soggy, shapeless mess... just a dumb excuse for a waterlogged equivalent of a haunted-house movie. Review Sentiment:","'Review Text: By the end of No Such Thing the audience, like Beatrice, has a watchful affection for the monster. Review Sentiment:'","'Review Text: A soggy, shapeless mess... just a dumb excuse for a waterlogged equivalent of a haunted-house movie. Review Sentiment:'",52657669657720546578743a2042792074686520656e64206f66204e6f2053756368205468696e67207468652061756469656e63652c206c696b652042656174726963652c20686173206120776174636866756c20616666656374696f6e20666f7220746865206d6f6e737465722e205265766965772053656e74696d656e743a,52657669657720546578743a204120736f6767792c2073686170656c657373206d6573732e2e2e206a75737420612064756d622065786375736520666f7220612077617465726c6f67676564206571756976616c656e74206f662061206861756e7465642d686f757365206d6f7669652e205265766965772053656e74696d656e743a,857aeb9fec492c6ca6ec165bfcf2a584451d178b0228d3feeefe137fd009e00b,71dadd84622ef78b9b66404dcd7bdef3c2cdacaa6707cb449b09171121f8a270,"[19432, 2918, 25, 3216, 279, 835, 315, 2308, 15132, 37200, 279, 10650, 11, 1075, 26796, 23120, 11, 702, 264, 3736, 1262, 36705, 369, 279, 17651, 13, 10294, 23361, 3819, 25]","[19432, 2918, 25, 362, 44842, 4577, 11, 6083, 1717, 9435, 1112, 1101, 264, 29255, 27291, 369, 264, 3015, 24867, 13578, 315, 264, 56675, 35902, 5700, 13, 10294, 23361, 3819, 25]",30,30,True,"By the end of No Such Thing the audience, like Beatrice, has a watchful affection for the monster.","A soggy, shapeless mess... just a dumb excuse for a waterlogged equivalent of a haunted-house movie.",tigges,True
sst_tigges_pythia_correct_test,251,sst-8689,sst-397,0,1,"Review Text: A soggy, shapeless mess... just a dumb excuse for a waterlogged equivalent of a haunted-house movie. Review Sentiment:","Review Text: By the end of No Such Thing the audience, like Beatrice, has a watchful affection for the monster. Review Sentiment:","'Review Text: A soggy, shapeless mess... just a dumb excuse for a waterlogged equivalent of a haunted-house movie. Review Sentiment:'","'Review Text: By the end of No Such Thing the audience, like Beatrice, has a watchful affection for the monster. Review Sentiment:'",52657669657720546578743a204120736f6767792c2073686170656c657373206d6573732e2e2e206a75737420612064756d622065786375736520666f7220612077617465726c6f67676564206571756976616c656e74206f662061206861756e7465642d686f757365206d6f7669652e205265766965772053656e74696d656e743a,52657669657720546578743a2042792074686520656e64206f66204e6f2053756368205468696e67207468652061756469656e63652c206c696b652042656174726963652c20686173206120776174636866756c20616666656374696f6e20666f7220746865206d6f6e737465722e205265766965772053656e74696d656e743a,71dadd84622ef78b9b66404dcd7bdef3c2cdacaa6707cb449b09171121f8a270,857aeb9fec492c6ca6ec165bfcf2a584451d178b0228d3feeefe137fd009e00b,"[19432, 2918, 25, 362, 44842, 4577, 11, 6083, 1717, 9435, 1112, 1101, 264, 29255, 27291, 369, 264, 3015, 24867, 13578, 315, 264, 56675, 35902, 5700, 13, 10294, 23361, 3819, 25]","[19432, 2918, 25, 3216, 279, 835, 315, 2308, 15132, 37200, 279, 10650, 11, 1075, 26796, 23120, 11, 702, 264, 3736, 1262, 36705, 369, 279, 17651, 13, 10294, 23361, 3819, 25]",30,30,True,"A soggy, shapeless mess... just a dumb excuse for a waterlogged equivalent of a haunted-house movie.","By the end of No Such Thing the audience, like Beatrice, has a watchful affection for the monster.",tigges,True
sst_tigges_pythia_correct_test,252,sst-1075,sst-8232,1,0,"Review Text: It further declares its director, Zhang Yang of Shower, as a boldly experimental, contemporary stylist with a bright future. Review Sentiment:","Review Text: A soggy, cliche-bound epic-horror yarn that ends up being even dumber than its title. Review Sentiment:","'Review Text: It further declares its director, Zhang Yang of Shower, as a boldly experimental, contemporary stylist with a bright future. Review Sentiment:'","'Review Text: A soggy, cliche-bound epic-horror yarn that ends up being even dumber than its title. Review Sentiment:'",52657669657720546578743a2049742066757274686572206465636c6172657320697473206469726563746f722c205a68616e672059616e67206f662053686f7765722c206173206120626f6c646c79206578706572696d656e74616c2c20636f6e74656d706f72617279207374796c6973742077697468206120627269676874206675747572652e205265766965772053656e74696d656e743a,52657669657720546578743a204120736f6767792c20636c696368652d626f756e6420657069632d686f72726f72207961726e207468617420656e6473207570206265696e67206576656e2064756d626572207468616e20697473207469746c652e205265766965772053656e74696d656e743a,b679162c309e24152a69ac98ce9d5bf7e54b5fb512a56d25c6c77a8be42ecc60,28c1776684b02403fe764d1eebc5c37b5479f9046027cf32cf17aff65a2c1d57,"[19432, 2918, 25, 1084, 4623, 49788, 1181, 7538, 11, 36020, 24474, 315, 47371, 11, 438, 264, 94929, 22000, 11, 18706, 66373, 448, 264, 9906, 3853, 13, 10294, 23361, 3819, 25]","[19432, 2918, 25, 362, 44842, 4577, 11, 272, 20005, 49862, 24679, 2832, 269, 7632, 38247, 429, 10335, 705, 1660, 1496, 294, 890, 1091, 1181, 2265, 13, 10294, 23361, 3819, 25]",30,30,True,"It further declares its director, Zhang Yang of Shower, as a boldly experimental, contemporary stylist with a bright future.","A soggy, cliche-bound epic-horror yarn that ends up being even dumber than its title.",tigges,True
sst_tigges_pythia_correct_test,253,sst-8232,sst-1075,0,1,"Review Text: A soggy, cliche-bound epic-horror yarn that ends up being even dumber than its title. Review Sentiment:","Review Text: It further declares its director, Zhang Yang of Shower, as a boldly experimental, contemporary stylist with a bright future. Review Sentiment:","'Review Text: A soggy, cliche-bound epic-horror yarn that ends up being even dumber than its title. Review Sentiment:'","'Review Text: It further declares its director, Zhang Yang of Shower, as a boldly experimental, contemporary stylist with a bright future. Review Sentiment:'",52657669657720546578743a204120736f6767792c20636c696368652d626f756e6420657069632d686f72726f72207961726e207468617420656e6473207570206265696e67206576656e2064756d626572207468616e20697473207469746c652e205265766965772053656e74696d656e743a,52657669657720546578743a2049742066757274686572206465636c6172657320697473206469726563746f722c205a68616e672059616e67206f662053686f7765722c206173206120626f6c646c79206578706572696d656e74616c2c20636f6e74656d706f72617279207374796c6973742077697468206120627269676874206675747572652e205265766965772053656e74696d656e743a,28c1776684b02403fe764d1eebc5c37b5479f9046027cf32cf17aff65a2c1d57,b679162c309e24152a69ac98ce9d5bf7e54b5fb512a56d25c6c77a8be42ecc60,"[19432, 2918, 25, 362, 44842, 4577, 11, 272, 20005, 49862, 24679, 2832, 269, 7632, 38247, 429, 10335, 705, 1660, 1496, 294, 890, 1091, 1181, 2265, 13, 10294, 23361, 3819, 25]","[19432, 2918, 25, 1084, 4623, 49788, 1181, 7538, 11, 36020, 24474, 315, 47371, 11, 438, 264, 94929, 22000, 11, 18706, 66373, 448, 264, 9906, 3853, 13, 10294, 23361, 3819, 25]",30,30,True,"A soggy, cliche-bound epic-horror yarn that ends up being even dumber than its title.","It further declares its director, Zhang Yang of Shower, as a boldly experimental, contemporary stylist with a bright future.",tigges,True
sst_tigges_pythia_correct_test,254,sst-38,sst-8878,1,0,"Review Text: Cantet perfectly captures the hotel lobbies, two-lane highways, and roadside cafes that permeate Vincent's days Review Sentiment:","Review Text: For a film about two mismatched buddies, Crystal and De Niro share little screen time and even less chemistry. Review Sentiment:","""Review Text: Cantet perfectly captures the hotel lobbies, two-lane highways, and roadside cafes that permeate Vincent's days Review Sentiment:""","'Review Text: For a film about two mismatched buddies, Crystal and De Niro share little screen time and even less chemistry. Review Sentiment:'",52657669657720546578743a2043616e74657420706572666563746c792063617074757265732074686520686f74656c206c6f62626965732c2074776f2d6c616e652068696768776179732c20616e6420726f6164736964652063616665732074686174207065726d656174652056696e63656e7427732064617973205265766965772053656e74696d656e743a,52657669657720546578743a20466f7220612066696c6d2061626f75742074776f206d69736d61746368656420627564646965732c204372797374616c20616e64204465204e69726f207368617265206c6974746c652073637265656e2074696d6520616e64206576656e206c657373206368656d69737472792e205265766965772053656e74696d656e743a,62fd0b2cc48052169c7d271d6f2501a060af4afe1342d3a87d0635820e82036f,b335d69c822c6a72bc1e17fce6e555333e798b90c627682569cf1322a5c1b7d4,"[19432, 2918, 25, 41831, 295, 13942, 40155, 279, 9500, 326, 40312, 11, 1378, 2852, 2145, 59295, 11, 323, 79643, 73571, 429, 54324, 349, 34307, 594, 2849, 10294, 23361, 3819, 25]","[19432, 2918, 25, 1752, 264, 4531, 911, 1378, 35301, 291, 60350, 11, 27916, 323, 1581, 451, 8698, 4332, 2632, 4171, 882, 323, 1496, 2686, 29803, 13, 10294, 23361, 3819, 25]",30,30,True,"Cantet perfectly captures the hotel lobbies, two-lane highways, and roadside cafes that permeate Vincent's days","For a film about two mismatched buddies, Crystal and De Niro share little screen time and even less chemistry.",tigges,True
sst_tigges_pythia_correct_test,255,sst-8878,sst-38,0,1,"Review Text: For a film about two mismatched buddies, Crystal and De Niro share little screen time and even less chemistry. Review Sentiment:","Review Text: Cantet perfectly captures the hotel lobbies, two-lane highways, and roadside cafes that permeate Vincent's days Review Sentiment:","'Review Text: For a film about two mismatched buddies, Crystal and De Niro share little screen time and even less chemistry. Review Sentiment:'","""Review Text: Cantet perfectly captures the hotel lobbies, two-lane highways, and roadside cafes that permeate Vincent's days Review Sentiment:""",52657669657720546578743a20466f7220612066696c6d2061626f75742074776f206d69736d61746368656420627564646965732c204372797374616c20616e64204465204e69726f207368617265206c6974746c652073637265656e2074696d6520616e64206576656e206c657373206368656d69737472792e205265766965772053656e74696d656e743a,52657669657720546578743a2043616e74657420706572666563746c792063617074757265732074686520686f74656c206c6f62626965732c2074776f2d6c616e652068696768776179732c20616e6420726f6164736964652063616665732074686174207065726d656174652056696e63656e7427732064617973205265766965772053656e74696d656e743a,b335d69c822c6a72bc1e17fce6e555333e798b90c627682569cf1322a5c1b7d4,62fd0b2cc48052169c7d271d6f2501a060af4afe1342d3a87d0635820e82036f,"[19432, 2918, 25, 1752, 264, 4531, 911, 1378, 35301, 291, 60350, 11, 27916, 323, 1581, 451, 8698, 4332, 2632, 4171, 882, 323, 1496, 2686, 29803, 13, 10294, 23361, 3819, 25]","[19432, 2918, 25, 41831, 295, 13942, 40155, 279, 9500, 326, 40312, 11, 1378, 2852, 2145, 59295, 11, 323, 79643, 73571, 429, 54324, 349, 34307, 594, 2849, 10294, 23361, 3819, 25]",30,30,True,"For a film about two mismatched buddies, Crystal and De Niro share little screen time and even less chemistry.","Cantet perfectly captures the hotel lobbies, two-lane highways, and roadside cafes that permeate Vincent's days",tigges,True
sst_tigges_pythia_correct_test,256,sst-122,sst-8821,1,0,"Review Text: In scope, ambition and accomplishment, Children of the Century... takes Kurys' career to a whole new level. Review Sentiment:",Review Text: National Lampoon's Van Wilder could be the worst thing to come out of National Lampoon since Class Reunion Review Sentiment:,"""Review Text: In scope, ambition and accomplishment, Children of the Century... takes Kurys' career to a whole new level. Review Sentiment:""","""Review Text: National Lampoon's Van Wilder could be the worst thing to come out of National Lampoon since Class Reunion Review Sentiment:""",52657669657720546578743a20496e2073636f70652c20616d626974696f6e20616e64206163636f6d706c6973686d656e742c204368696c6472656e206f66207468652043656e747572792e2e2e2074616b6573204b75727973272063617265657220746f20612077686f6c65206e6577206c6576656c2e205265766965772053656e74696d656e743a,52657669657720546578743a204e6174696f6e616c204c616d706f6f6e27732056616e2057696c64657220636f756c642062652074686520776f727374207468696e6720746f20636f6d65206f7574206f66204e6174696f6e616c204c616d706f6f6e2073696e636520436c617373205265756e696f6e205265766965772053656e74696d656e743a,ac10a915badb90d9a852a3e3d71da978cce167d256edcc4c7c90c40b2eb7d672,c581fc57c017497dfe1bc755b25f911924a1e696d09497f6cc11ee9e998ab9ad,"[19432, 2918, 25, 758, 6891, 11, 44615, 323, 60138, 11, 15044, 315, 279, 27101, 1112, 4990, 31275, 1047, 6, 6931, 311, 264, 4361, 501, 2188, 13, 10294, 23361, 3819, 25]","[19432, 2918, 25, 5055, 41177, 9009, 594, 12710, 13630, 261, 1410, 387, 279, 11785, 3166, 311, 2525, 700, 315, 5055, 41177, 9009, 2474, 3228, 1032, 16192, 10294, 23361, 3819, 25]",30,30,True,"In scope, ambition and accomplishment, Children of the Century... takes Kurys' career to a whole new level.",National Lampoon's Van Wilder could be the worst thing to come out of National Lampoon since Class Reunion,tigges,True
sst_tigges_pythia_correct_test,257,sst-8821,sst-122,0,1,Review Text: National Lampoon's Van Wilder could be the worst thing to come out of National Lampoon since Class Reunion Review Sentiment:,"Review Text: In scope, ambition and accomplishment, Children of the Century... takes Kurys' career to a whole new level. Review Sentiment:","""Review Text: National Lampoon's Van Wilder could be the worst thing to come out of National Lampoon since Class Reunion Review Sentiment:""","""Review Text: In scope, ambition and accomplishment, Children of the Century... takes Kurys' career to a whole new level. Review Sentiment:""",52657669657720546578743a204e6174696f6e616c204c616d706f6f6e27732056616e2057696c64657220636f756c642062652074686520776f727374207468696e6720746f20636f6d65206f7574206f66204e6174696f6e616c204c616d706f6f6e2073696e636520436c617373205265756e696f6e205265766965772053656e74696d656e743a,52657669657720546578743a20496e2073636f70652c20616d626974696f6e20616e64206163636f6d706c6973686d656e742c204368696c6472656e206f66207468652043656e747572792e2e2e2074616b6573204b75727973272063617265657220746f20612077686f6c65206e6577206c6576656c2e205265766965772053656e74696d656e743a,c581fc57c017497dfe1bc755b25f911924a1e696d09497f6cc11ee9e998ab9ad,ac10a915badb90d9a852a3e3d71da978cce167d256edcc4c7c90c40b2eb7d672,"[19432, 2918, 25, 5055, 41177, 9009, 594, 12710, 13630, 261, 1410, 387, 279, 11785, 3166, 311, 2525, 700, 315, 5055, 41177, 9009, 2474, 3228, 1032, 16192, 10294, 23361, 3819, 25]","[19432, 2918, 25, 758, 6891, 11, 44615, 323, 60138, 11, 15044, 315, 279, 27101, 1112, 4990, 31275, 1047, 6, 6931, 311, 264, 4361, 501, 2188, 13, 10294, 23361, 3819, 25]",30,30,True,National Lampoon's Van Wilder could be the worst thing to come out of National Lampoon since Class Reunion,"In scope, ambition and accomplishment, Children of the Century... takes Kurys' career to a whole new level.",tigges,True
sst_tigges_pythia_correct_test,258,sst-789,sst-8681,1,0,"Review Text: The Hours makes you examine your own life in much the same way its characters do, and the experience is profound. Review Sentiment:","Review Text: It's badly acted, blandly directed, and could have been scripted by someone who just graduated from elementary school. Review Sentiment:","'Review Text: The Hours makes you examine your own life in much the same way its characters do, and the experience is profound. Review Sentiment:'","""Review Text: It's badly acted, blandly directed, and could have been scripted by someone who just graduated from elementary school. Review Sentiment:""",52657669657720546578743a2054686520486f757273206d616b657320796f75206578616d696e6520796f7572206f776e206c69666520696e206d756368207468652073616d652077617920697473206368617261637465727320646f2c20616e642074686520657870657269656e63652069732070726f666f756e642e205265766965772053656e74696d656e743a,52657669657720546578743a2049742773206261646c792061637465642c20626c616e646c792064697265637465642c20616e6420636f756c642068617665206265656e20736372697074656420627920736f6d656f6e652077686f206a757374206772616475617465642066726f6d20656c656d656e74617279207363686f6f6c2e205265766965772053656e74696d656e743a,d537a1a9742daf8a3828894be614fb27bc09a9c70ea4d43f6dec15d57414eff3,d9aa3044431f22f53d8e809e45f1f2196ec96b5fbda2bc6f7117075b1b8f9386,"[19432, 2918, 25, 576, 29092, 3643, 498, 20961, 697, 1828, 2272, 304, 1753, 279, 1852, 1616, 1181, 5766, 653, 11, 323, 279, 3139, 374, 27155, 13, 10294, 23361, 3819, 25]","[19432, 2918, 25, 1084, 594, 24569, 30432, 11, 49431, 398, 15540, 11, 323, 1410, 614, 1012, 85025, 553, 4325, 879, 1101, 32009, 504, 35156, 2906, 13, 10294, 23361, 3819, 25]",30,30,True,"The Hours makes you examine your own life in much the same way its characters do, and the experience is profound.","It's badly acted, blandly directed, and could have been scripted by someone who just graduated from elementary school.",tigges,True
sst_tigges_pythia_correct_test,259,sst-8681,sst-789,0,1,"Review Text: It's badly acted, blandly directed, and could have been scripted by someone who just graduated from elementary school. Review Sentiment:","Review Text: The Hours makes you examine your own life in much the same way its characters do, and the experience is profound. Review Sentiment:","""Review Text: It's badly acted, blandly directed, and could have been scripted by someone who just graduated from elementary school. Review Sentiment:""","'Review Text: The Hours makes you examine your own life in much the same way its characters do, and the experience is profound. Review Sentiment:'",52657669657720546578743a2049742773206261646c792061637465642c20626c616e646c792064697265637465642c20616e6420636f756c642068617665206265656e20736372697074656420627920736f6d656f6e652077686f206a757374206772616475617465642066726f6d20656c656d656e74617279207363686f6f6c2e205265766965772053656e74696d656e743a,52657669657720546578743a2054686520486f757273206d616b657320796f75206578616d696e6520796f7572206f776e206c69666520696e206d756368207468652073616d652077617920697473206368617261637465727320646f2c20616e642074686520657870657269656e63652069732070726f666f756e642e205265766965772053656e74696d656e743a,d9aa3044431f22f53d8e809e45f1f2196ec96b5fbda2bc6f7117075b1b8f9386,d537a1a9742daf8a3828894be614fb27bc09a9c70ea4d43f6dec15d57414eff3,"[19432, 2918, 25, 1084, 594, 24569, 30432, 11, 49431, 398, 15540, 11, 323, 1410, 614, 1012, 85025, 553, 4325, 879, 1101, 32009, 504, 35156, 2906, 13, 10294, 23361, 3819, 25]","[19432, 2918, 25, 576, 29092, 3643, 498, 20961, 697, 1828, 2272, 304, 1753, 279, 1852, 1616, 1181, 5766, 653, 11, 323, 279, 3139, 374, 27155, 13, 10294, 23361, 3819, 25]",30,30,True,"It's badly acted, blandly directed, and could have been scripted by someone who just graduated from elementary school.","The Hours makes you examine your own life in much the same way its characters do, and the experience is profound.",tigges,True
sst_tigges_pythia_correct_test,260,sst-1045,sst-8254,1,0,"Review Text: Cedar takes a very open-minded approach to this sensitive material, showing impressive control, both visually and in the writing. Review Sentiment:","Review Text: Why he was given free reign over this project--he wrote, directed, starred and produced--is beyond me. Review Sentiment:","'Review Text: Cedar takes a very open-minded approach to this sensitive material, showing impressive control, both visually and in the writing. Review Sentiment:'","'Review Text: Why he was given free reign over this project--he wrote, directed, starred and produced--is beyond me. Review Sentiment:'",52657669657720546578743a2043656461722074616b657320612076657279206f70656e2d6d696e64656420617070726f61636820746f20746869732073656e736974697665206d6174657269616c2c2073686f77696e6720696d707265737369766520636f6e74726f6c2c20626f74682076697375616c6c7920616e6420696e207468652077726974696e672e205265766965772053656e74696d656e743a,52657669657720546578743a205768792068652077617320676976656e206672656520726569676e206f76657220746869732070726f6a6563742d2d68652077726f74652c2064697265637465642c207374617272656420616e642070726f64756365642d2d6973206265796f6e64206d652e205265766965772053656e74696d656e743a,9e2e17d2fbed6ba57ae028296339607591c46ef1716785884accf9194b590391,bccefa23630041cd3705ec1e854c5461c9841470bb530c5619394bb9ccf75987,"[19432, 2918, 25, 56648, 4990, 264, 1602, 1787, 33323, 5486, 311, 419, 16216, 3684, 11, 9027, 15978, 2524, 11, 2176, 42295, 323, 304, 279, 4378, 13, 10294, 23361, 3819, 25]","[19432, 2918, 25, 8429, 566, 572, 2661, 1910, 30302, 916, 419, 2390, 313, 383, 6139, 11, 15540, 11, 58235, 323, 8947, 313, 285, 7797, 752, 13, 10294, 23361, 3819, 25]",30,30,True,"Cedar takes a very open-minded approach to this sensitive material, showing impressive control, both visually and in the writing.","Why he was given free reign over this project--he wrote, directed, starred and produced--is beyond me.",tigges,True
sst_tigges_pythia_correct_test,261,sst-8254,sst-1045,0,1,"Review Text: Why he was given free reign over this project--he wrote, directed, starred and produced--is beyond me. Review Sentiment:","Review Text: Cedar takes a very open-minded approach to this sensitive material, showing impressive control, both visually and in the writing. Review Sentiment:","'Review Text: Why he was given free reign over this project--he wrote, directed, starred and produced--is beyond me. Review Sentiment:'","'Review Text: Cedar takes a very open-minded approach to this sensitive material, showing impressive control, both visually and in the writing. Review Sentiment:'",52657669657720546578743a205768792068652077617320676976656e206672656520726569676e206f76657220746869732070726f6a6563742d2d68652077726f74652c2064697265637465642c207374617272656420616e642070726f64756365642d2d6973206265796f6e64206d652e205265766965772053656e74696d656e743a,52657669657720546578743a2043656461722074616b657320612076657279206f70656e2d6d696e64656420617070726f61636820746f20746869732073656e736974697665206d6174657269616c2c2073686f77696e6720696d707265737369766520636f6e74726f6c2c20626f74682076697375616c6c7920616e6420696e207468652077726974696e672e205265766965772053656e74696d656e743a,bccefa23630041cd3705ec1e854c5461c9841470bb530c5619394bb9ccf75987,9e2e17d2fbed6ba57ae028296339607591c46ef1716785884accf9194b590391,"[19432, 2918, 25, 8429, 566, 572, 2661, 1910, 30302, 916, 419, 2390, 313, 383, 6139, 11, 15540, 11, 58235, 323, 8947, 313, 285, 7797, 752, 13, 10294, 23361, 3819, 25]","[19432, 2918, 25, 56648, 4990, 264, 1602, 1787, 33323, 5486, 311, 419, 16216, 3684, 11, 9027, 15978, 2524, 11, 2176, 42295, 323, 304, 279, 4378, 13, 10294, 23361, 3819, 25]",30,30,True,"Why he was given free reign over this project--he wrote, directed, starred and produced--is beyond me.","Cedar takes a very open-minded approach to this sensitive material, showing impressive control, both visually and in the writing.",tigges,True
sst_tigges_pythia_correct_test,262,sst-572,sst-9006,1,0,Review Text: Effectively feeds our senses with the chilling sights and sounds from within the camp to create a completely numbing experience. Review Sentiment:,"Review Text: An overblown clunker full of bad jokes, howling cliches and by-the-numbers action sequences. Review Sentiment:",'Review Text: Effectively feeds our senses with the chilling sights and sounds from within the camp to create a completely numbing experience. Review Sentiment:',"'Review Text: An overblown clunker full of bad jokes, howling cliches and by-the-numbers action sequences. Review Sentiment:'",52657669657720546578743a204566666563746976656c79206665656473206f75722073656e736573207769746820746865206368696c6c696e672073696768747320616e6420736f756e64732066726f6d2077697468696e207468652063616d7020746f20637265617465206120636f6d706c6574656c79206e756d62696e6720657870657269656e63652e205265766965772053656e74696d656e743a,52657669657720546578743a20416e206f766572626c6f776e20636c756e6b65722066756c6c206f6620626164206a6f6b65732c20686f776c696e6720636c696368657320616e642062792d7468652d6e756d6265727320616374696f6e2073657175656e6365732e205265766965772053656e74696d656e743a,8d5f02ae7d32dea7832ceab51f481c41f2db89ccb50712046f0eb8b58515085a,b283af64fa1a2789616ec605895a3bf5215e5f9210918a753a9f5c087be5c71c,"[19432, 2918, 25, 13449, 3132, 34396, 1039, 37107, 448, 279, 61624, 41166, 323, 10362, 504, 2878, 279, 3113, 311, 1855, 264, 6587, 1629, 7132, 3139, 13, 10294, 23361, 3819, 25]","[19432, 2918, 25, 1527, 916, 2024, 779, 1185, 79929, 2480, 315, 3873, 31420, 11, 1246, 2718, 62592, 288, 323, 553, 10603, 31194, 1902, 1917, 23700, 13, 10294, 23361, 3819, 25]",30,30,True,Effectively feeds our senses with the chilling sights and sounds from within the camp to create a completely numbing experience.,"An overblown clunker full of bad jokes, howling cliches and by-the-numbers action sequences.",tigges,True
sst_tigges_pythia_correct_test,263,sst-9006,sst-572,0,1,"Review Text: An overblown clunker full of bad jokes, howling cliches and by-the-numbers action sequences. Review Sentiment:",Review Text: Effectively feeds our senses with the chilling sights and sounds from within the camp to create a completely numbing experience. Review Sentiment:,"'Review Text: An overblown clunker full of bad jokes, howling cliches and by-the-numbers action sequences. Review Sentiment:'",'Review Text: Effectively feeds our senses with the chilling sights and sounds from within the camp to create a completely numbing experience. Review Sentiment:',52657669657720546578743a20416e206f766572626c6f776e20636c756e6b65722066756c6c206f6620626164206a6f6b65732c20686f776c696e6720636c696368657320616e642062792d7468652d6e756d6265727320616374696f6e2073657175656e6365732e205265766965772053656e74696d656e743a,52657669657720546578743a204566666563746976656c79206665656473206f75722073656e736573207769746820746865206368696c6c696e672073696768747320616e6420736f756e64732066726f6d2077697468696e207468652063616d7020746f20637265617465206120636f6d706c6574656c79206e756d62696e6720657870657269656e63652e205265766965772053656e74696d656e743a,b283af64fa1a2789616ec605895a3bf5215e5f9210918a753a9f5c087be5c71c,8d5f02ae7d32dea7832ceab51f481c41f2db89ccb50712046f0eb8b58515085a,"[19432, 2918, 25, 1527, 916, 2024, 779, 1185, 79929, 2480, 315, 3873, 31420, 11, 1246, 2718, 62592, 288, 323, 553, 10603, 31194, 1902, 1917, 23700, 13, 10294, 23361, 3819, 25]","[19432, 2918, 25, 13449, 3132, 34396, 1039, 37107, 448, 279, 61624, 41166, 323, 10362, 504, 2878, 279, 3113, 311, 1855, 264, 6587, 1629, 7132, 3139, 13, 10294, 23361, 3819, 25]",30,30,True,"An overblown clunker full of bad jokes, howling cliches and by-the-numbers action sequences.",Effectively feeds our senses with the chilling sights and sounds from within the camp to create a completely numbing experience.,tigges,True
sst_tigges_pythia_correct_test,264,sst-437,sst-8244,1,0,Review Text: The talents of the actors helps ''Moonlight Mile'' rise above its heart-on-its-sleeve writing. Review Sentiment:,"Review Text: A hideous, confusing spectacle, one that may well put the nail in the coffin of any future Rice adaptations. Review Sentiment:","""Review Text: The talents of the actors helps ''Moonlight Mile'' rise above its heart-on-its-sleeve writing. Review Sentiment:""","'Review Text: A hideous, confusing spectacle, one that may well put the nail in the coffin of any future Rice adaptations. Review Sentiment:'",52657669657720546578743a205468652074616c656e7473206f6620746865206163746f72732068656c70732027274d6f6f6e6c69676874204d696c65272720726973652061626f7665206974732068656172742d6f6e2d6974732d736c656576652077726974696e672e205265766965772053656e74696d656e743a,52657669657720546578743a204120686964656f75732c20636f6e667573696e6720737065637461636c652c206f6e652074686174206d61792077656c6c2070757420746865206e61696c20696e2074686520636f6666696e206f6620616e792066757475726520526963652061646170746174696f6e732e205265766965772053656e74696d656e743a,92ce33012a19c08f0a8dac1c438149a030366ec88f03a02fc4ebd0af1568ad86,60da8d7fff32a7c7c1133a3223e0cf00624479360bf4713c7d62b52cd7f1a22d,"[19432, 2918, 25, 576, 33932, 315, 279, 19571, 8609, 3355, 76019, 4145, 38597, 4605, 10000, 3403, 1181, 4746, 10326, 12, 1199, 1331, 8501, 586, 4378, 13, 10294, 23361, 3819, 25]","[19432, 2918, 25, 362, 10265, 782, 11, 30615, 56791, 11, 825, 429, 1231, 1632, 2182, 279, 30995, 304, 279, 77666, 315, 894, 3853, 29516, 76665, 13, 10294, 23361, 3819, 25]",30,30,True,The talents of the actors helps ''Moonlight Mile'' rise above its heart-on-its-sleeve writing.,"A hideous, confusing spectacle, one that may well put the nail in the coffin of any future Rice adaptations.",tigges,True
sst_tigges_pythia_correct_test,265,sst-8244,sst-437,0,1,"Review Text: A hideous, confusing spectacle, one that may well put the nail in the coffin of any future Rice adaptations. Review Sentiment:",Review Text: The talents of the actors helps ''Moonlight Mile'' rise above its heart-on-its-sleeve writing. Review Sentiment:,"'Review Text: A hideous, confusing spectacle, one that may well put the nail in the coffin of any future Rice adaptations. Review Sentiment:'","""Review Text: The talents of the actors helps ''Moonlight Mile'' rise above its heart-on-its-sleeve writing. Review Sentiment:""",52657669657720546578743a204120686964656f75732c20636f6e667573696e6720737065637461636c652c206f6e652074686174206d61792077656c6c2070757420746865206e61696c20696e2074686520636f6666696e206f6620616e792066757475726520526963652061646170746174696f6e732e205265766965772053656e74696d656e743a,52657669657720546578743a205468652074616c656e7473206f6620746865206163746f72732068656c70732027274d6f6f6e6c69676874204d696c65272720726973652061626f7665206974732068656172742d6f6e2d6974732d736c656576652077726974696e672e205265766965772053656e74696d656e743a,60da8d7fff32a7c7c1133a3223e0cf00624479360bf4713c7d62b52cd7f1a22d,92ce33012a19c08f0a8dac1c438149a030366ec88f03a02fc4ebd0af1568ad86,"[19432, 2918, 25, 362, 10265, 782, 11, 30615, 56791, 11, 825, 429, 1231, 1632, 2182, 279, 30995, 304, 279, 77666, 315, 894, 3853, 29516, 76665, 13, 10294, 23361, 3819, 25]","[19432, 2918, 25, 576, 33932, 315, 279, 19571, 8609, 3355, 76019, 4145, 38597, 4605, 10000, 3403, 1181, 4746, 10326, 12, 1199, 1331, 8501, 586, 4378, 13, 10294, 23361, 3819, 25]",30,30,True,"A hideous, confusing spectacle, one that may well put the nail in the coffin of any future Rice adaptations.",The talents of the actors helps ''Moonlight Mile'' rise above its heart-on-its-sleeve writing.,tigges,True
sst_tigges_pythia_correct_test,266,sst-421,sst-8845,1,0,"Review Text: despite the long running time, the pace never feels slack--there's no scene that screams ''bathroom break!'' Review Sentiment:","Review Text: A great ending doesn't make up for a weak movie, and Crazy as Hell doesn't even have a great ending. Review Sentiment:","""Review Text: despite the long running time, the pace never feels slack--there's no scene that screams ''bathroom break!'' Review Sentiment:""","""Review Text: A great ending doesn't make up for a weak movie, and Crazy as Hell doesn't even have a great ending. Review Sentiment:""",52657669657720546578743a206465737069746520746865206c6f6e672072756e6e696e672074696d652c207468652070616365206e65766572206665656c7320736c61636b2d2d74686572652773206e6f207363656e6520746861742073637265616d7320272762617468726f6f6d20627265616b212727205265766965772053656e74696d656e743a,52657669657720546578743a204120677265617420656e64696e6720646f65736e2774206d616b6520757020666f722061207765616b206d6f7669652c20616e64204372617a792061732048656c6c20646f65736e2774206576656e2068617665206120677265617420656e64696e672e205265766965772053656e74696d656e743a,3848dd49cf86750ab4d39bd3afb254f4a11429ca332b6ef9e00b2b09e7026a66,9f6e9c2a51c4c14091e32e46505dfe5b2772c4c6fad4af6a40628b0217cdb7bd,"[19432, 2918, 25, 8818, 279, 1293, 4303, 882, 11, 279, 17857, 2581, 11074, 45619, 313, 18532, 594, 902, 6109, 429, 60008, 3355, 65, 77832, 1438, 0, 4605, 10294, 23361, 3819, 25]","[19432, 2918, 25, 362, 2244, 13391, 3171, 944, 1281, 705, 369, 264, 7469, 5700, 11, 323, 50263, 438, 23887, 3171, 944, 1496, 614, 264, 2244, 13391, 13, 10294, 23361, 3819, 25]",31,31,True,"despite the long running time, the pace never feels slack--there's no scene that screams ''bathroom break!''","A great ending doesn't make up for a weak movie, and Crazy as Hell doesn't even have a great ending.",tigges,True
sst_tigges_pythia_correct_test,267,sst-8845,sst-421,0,1,"Review Text: A great ending doesn't make up for a weak movie, and Crazy as Hell doesn't even have a great ending. Review Sentiment:","Review Text: despite the long running time, the pace never feels slack--there's no scene that screams ''bathroom break!'' Review Sentiment:","""Review Text: A great ending doesn't make up for a weak movie, and Crazy as Hell doesn't even have a great ending. Review Sentiment:""","""Review Text: despite the long running time, the pace never feels slack--there's no scene that screams ''bathroom break!'' Review Sentiment:""",52657669657720546578743a204120677265617420656e64696e6720646f65736e2774206d616b6520757020666f722061207765616b206d6f7669652c20616e64204372617a792061732048656c6c20646f65736e2774206576656e2068617665206120677265617420656e64696e672e205265766965772053656e74696d656e743a,52657669657720546578743a206465737069746520746865206c6f6e672072756e6e696e672074696d652c207468652070616365206e65766572206665656c7320736c61636b2d2d74686572652773206e6f207363656e6520746861742073637265616d7320272762617468726f6f6d20627265616b212727205265766965772053656e74696d656e743a,9f6e9c2a51c4c14091e32e46505dfe5b2772c4c6fad4af6a40628b0217cdb7bd,3848dd49cf86750ab4d39bd3afb254f4a11429ca332b6ef9e00b2b09e7026a66,"[19432, 2918, 25, 362, 2244, 13391, 3171, 944, 1281, 705, 369, 264, 7469, 5700, 11, 323, 50263, 438, 23887, 3171, 944, 1496, 614, 264, 2244, 13391, 13, 10294, 23361, 3819, 25]","[19432, 2918, 25, 8818, 279, 1293, 4303, 882, 11, 279, 17857, 2581, 11074, 45619, 313, 18532, 594, 902, 6109, 429, 60008, 3355, 65, 77832, 1438, 0, 4605, 10294, 23361, 3819, 25]",31,31,True,"A great ending doesn't make up for a weak movie, and Crazy as Hell doesn't even have a great ending.","despite the long running time, the pace never feels slack--there's no scene that screams ''bathroom break!''",tigges,True
sst_tigges_pythia_correct_test,268,sst-867,sst-8451,1,0,Review Text: Westfeldt and Juergensen exude a chemistry and comfort level that's both saucy and endearing. Review Sentiment:,Review Text: A dreary rip-off of Goodfellas that serves as a muddled and offensive cautionary tale for Hispanic Americans. Review Sentiment:,"""Review Text: Westfeldt and Juergensen exude a chemistry and comfort level that's both saucy and endearing. Review Sentiment:""",'Review Text: A dreary rip-off of Goodfellas that serves as a muddled and offensive cautionary tale for Hispanic Americans. Review Sentiment:',52657669657720546578743a205765737466656c647420616e64204a75657267656e73656e2065787564652061206368656d697374727920616e6420636f6d666f7274206c6576656c2074686174277320626f746820736175637920616e6420656e64656172696e672e205265766965772053656e74696d656e743a,52657669657720546578743a204120647265617279207269702d6f6666206f6620476f6f6466656c6c61732074686174207365727665732061732061206d7564646c656420616e64206f6666656e736976652063617574696f6e6172792074616c6520666f722048697370616e696320416d65726963616e732e205265766965772053656e74696d656e743a,14ef19f24c2e3db4dcd2d8741f977abaeac110bf7ea4ccc1e88043881cc0ea3a,ebd3df425d643cd53445021509487a024effbe5c12a345cdd4caabeddd236d74,"[19432, 2918, 25, 4312, 30102, 83, 323, 21671, 2375, 34017, 505, 793, 264, 29803, 323, 6838, 2188, 429, 594, 2176, 822, 1754, 88, 323, 835, 13678, 13, 10294, 23361, 3819, 25]","[19432, 2918, 25, 362, 32101, 658, 23288, 12462, 315, 7684, 66543, 300, 429, 17045, 438, 264, 296, 84101, 323, 15183, 27830, 658, 23281, 369, 40885, 8877, 13, 10294, 23361, 3819, 25]",31,31,True,Westfeldt and Juergensen exude a chemistry and comfort level that's both saucy and endearing.,A dreary rip-off of Goodfellas that serves as a muddled and offensive cautionary tale for Hispanic Americans.,tigges,True
sst_tigges_pythia_correct_test,269,sst-8451,sst-867,0,1,Review Text: A dreary rip-off of Goodfellas that serves as a muddled and offensive cautionary tale for Hispanic Americans. Review Sentiment:,Review Text: Westfeldt and Juergensen exude a chemistry and comfort level that's both saucy and endearing. Review Sentiment:,'Review Text: A dreary rip-off of Goodfellas that serves as a muddled and offensive cautionary tale for Hispanic Americans. Review Sentiment:',"""Review Text: Westfeldt and Juergensen exude a chemistry and comfort level that's both saucy and endearing. Review Sentiment:""",52657669657720546578743a204120647265617279207269702d6f6666206f6620476f6f6466656c6c61732074686174207365727665732061732061206d7564646c656420616e64206f6666656e736976652063617574696f6e6172792074616c6520666f722048697370616e696320416d65726963616e732e205265766965772053656e74696d656e743a,52657669657720546578743a205765737466656c647420616e64204a75657267656e73656e2065787564652061206368656d697374727920616e6420636f6d666f7274206c6576656c2074686174277320626f746820736175637920616e6420656e64656172696e672e205265766965772053656e74696d656e743a,ebd3df425d643cd53445021509487a024effbe5c12a345cdd4caabeddd236d74,14ef19f24c2e3db4dcd2d8741f977abaeac110bf7ea4ccc1e88043881cc0ea3a,"[19432, 2918, 25, 362, 32101, 658, 23288, 12462, 315, 7684, 66543, 300, 429, 17045, 438, 264, 296, 84101, 323, 15183, 27830, 658, 23281, 369, 40885, 8877, 13, 10294, 23361, 3819, 25]","[19432, 2918, 25, 4312, 30102, 83, 323, 21671, 2375, 34017, 505, 793, 264, 29803, 323, 6838, 2188, 429, 594, 2176, 822, 1754, 88, 323, 835, 13678, 13, 10294, 23361, 3819, 25]",31,31,True,A dreary rip-off of Goodfellas that serves as a muddled and offensive cautionary tale for Hispanic Americans.,Westfeldt and Juergensen exude a chemistry and comfort level that's both saucy and endearing.,tigges,True
sst_tigges_pythia_correct_test,270,sst-910,sst-8129,1,0,"Review Text: This is the kind of movie that used to be right at home at the Saturday matinee, and it still is. Review Sentiment:",Review Text: No reason for anyone to invest their hard-earned bucks into a movie which obviously didn't invest much into itself either. Review Sentiment:,"'Review Text: This is the kind of movie that used to be right at home at the Saturday matinee, and it still is. Review Sentiment:'","""Review Text: No reason for anyone to invest their hard-earned bucks into a movie which obviously didn't invest much into itself either. Review Sentiment:""",52657669657720546578743a205468697320697320746865206b696e64206f66206d6f7669652074686174207573656420746f20626520726967687420617420686f6d6520617420746865205361747572646179206d6174696e65652c20616e64206974207374696c6c2069732e205265766965772053656e74696d656e743a,52657669657720546578743a204e6f20726561736f6e20666f7220616e796f6e6520746f20696e7665737420746865697220686172642d6561726e6564206275636b7320696e746f2061206d6f766965207768696368206f6276696f75736c79206469646e277420696e76657374206d75636820696e746f20697473656c66206569746865722e205265766965772053656e74696d656e743a,f9d40a5cfb98a6675ff7def6833dc8de8ca16d89808086586e9574cc0c7834ab,b508b3694c3b9895a0050d871dab928ce3f666a48243ffe1f2b265242be69dfc,"[19432, 2918, 25, 1096, 374, 279, 3093, 315, 5700, 429, 1483, 311, 387, 1290, 518, 2114, 518, 279, 7728, 5517, 84799, 11, 323, 432, 2058, 374, 13, 10294, 23361, 3819, 25]","[19432, 2918, 25, 2308, 2874, 369, 5489, 311, 2725, 862, 2588, 12, 57600, 47334, 1119, 264, 5700, 892, 13900, 3207, 944, 2725, 1753, 1119, 5086, 2987, 13, 10294, 23361, 3819, 25]",31,31,True,"This is the kind of movie that used to be right at home at the Saturday matinee, and it still is.",No reason for anyone to invest their hard-earned bucks into a movie which obviously didn't invest much into itself either.,tigges,True
sst_tigges_pythia_correct_test,271,sst-8129,sst-910,0,1,Review Text: No reason for anyone to invest their hard-earned bucks into a movie which obviously didn't invest much into itself either. Review Sentiment:,"Review Text: This is the kind of movie that used to be right at home at the Saturday matinee, and it still is. Review Sentiment:","""Review Text: No reason for anyone to invest their hard-earned bucks into a movie which obviously didn't invest much into itself either. Review Sentiment:""","'Review Text: This is the kind of movie that used to be right at home at the Saturday matinee, and it still is. Review Sentiment:'",52657669657720546578743a204e6f20726561736f6e20666f7220616e796f6e6520746f20696e7665737420746865697220686172642d6561726e6564206275636b7320696e746f2061206d6f766965207768696368206f6276696f75736c79206469646e277420696e76657374206d75636820696e746f20697473656c66206569746865722e205265766965772053656e74696d656e743a,52657669657720546578743a205468697320697320746865206b696e64206f66206d6f7669652074686174207573656420746f20626520726967687420617420686f6d6520617420746865205361747572646179206d6174696e65652c20616e64206974207374696c6c2069732e205265766965772053656e74696d656e743a,b508b3694c3b9895a0050d871dab928ce3f666a48243ffe1f2b265242be69dfc,f9d40a5cfb98a6675ff7def6833dc8de8ca16d89808086586e9574cc0c7834ab,"[19432, 2918, 25, 2308, 2874, 369, 5489, 311, 2725, 862, 2588, 12, 57600, 47334, 1119, 264, 5700, 892, 13900, 3207, 944, 2725, 1753, 1119, 5086, 2987, 13, 10294, 23361, 3819, 25]","[19432, 2918, 25, 1096, 374, 279, 3093, 315, 5700, 429, 1483, 311, 387, 1290, 518, 2114, 518, 279, 7728, 5517, 84799, 11, 323, 432, 2058, 374, 13, 10294, 23361, 3819, 25]",31,31,True,No reason for anyone to invest their hard-earned bucks into a movie which obviously didn't invest much into itself either.,"This is the kind of movie that used to be right at home at the Saturday matinee, and it still is.",tigges,True
sst_tigges_pythia_correct_test,272,sst-942,sst-7926,1,0,Review Text: Sits uneasily as a horror picture... but finds surprising depth in its look at the binds of a small family. Review Sentiment:,Review Text: This charmless nonsense ensues amid clanging film references that make Jay and Silent Bob's Excellent Adventure seem understated. Review Sentiment:,'Review Text: Sits uneasily as a horror picture... but finds surprising depth in its look at the binds of a small family. Review Sentiment:',"""Review Text: This charmless nonsense ensues amid clanging film references that make Jay and Silent Bob's Excellent Adventure seem understated. Review Sentiment:""",52657669657720546578743a205369747320756e656173696c79206173206120686f72726f7220706963747572652e2e2e206275742066696e64732073757270726973696e6720646570746820696e20697473206c6f6f6b206174207468652062696e6473206f66206120736d616c6c2066616d696c792e205265766965772053656e74696d656e743a,52657669657720546578743a205468697320636861726d6c657373206e6f6e73656e736520656e7375657320616d696420636c616e67696e672066696c6d207265666572656e6365732074686174206d616b65204a617920616e642053696c656e7420426f62277320457863656c6c656e7420416476656e74757265207365656d20756e6465727374617465642e205265766965772053656e74696d656e743a,caf9d3bfa83b8191d0fb171ae4215d843d5d2c24fe18cb5344991b812ced234f,e33edd9c583e092b4f0e985755189747adb186b4af6137cb32a97f7f99b5a55d,"[19432, 2918, 25, 328, 1199, 6185, 37267, 438, 264, 21452, 6802, 1112, 714, 13719, 14861, 7990, 304, 1181, 1401, 518, 279, 57485, 315, 264, 2613, 2997, 13, 10294, 23361, 3819, 25]","[19432, 2918, 25, 1096, 31253, 1717, 40802, 4572, 1137, 22617, 1185, 8595, 4531, 15057, 429, 1281, 18919, 323, 59455, 14261, 594, 36766, 32012, 2803, 14316, 657, 13, 10294, 23361, 3819, 25]",31,31,True,Sits uneasily as a horror picture... but finds surprising depth in its look at the binds of a small family.,This charmless nonsense ensues amid clanging film references that make Jay and Silent Bob's Excellent Adventure seem understated.,tigges,True
sst_tigges_pythia_correct_test,273,sst-7926,sst-942,0,1,Review Text: This charmless nonsense ensues amid clanging film references that make Jay and Silent Bob's Excellent Adventure seem understated. Review Sentiment:,Review Text: Sits uneasily as a horror picture... but finds surprising depth in its look at the binds of a small family. Review Sentiment:,"""Review Text: This charmless nonsense ensues amid clanging film references that make Jay and Silent Bob's Excellent Adventure seem understated. Review Sentiment:""",'Review Text: Sits uneasily as a horror picture... but finds surprising depth in its look at the binds of a small family. Review Sentiment:',52657669657720546578743a205468697320636861726d6c657373206e6f6e73656e736520656e7375657320616d696420636c616e67696e672066696c6d207265666572656e6365732074686174206d616b65204a617920616e642053696c656e7420426f62277320457863656c6c656e7420416476656e74757265207365656d20756e6465727374617465642e205265766965772053656e74696d656e743a,52657669657720546578743a205369747320756e656173696c79206173206120686f72726f7220706963747572652e2e2e206275742066696e64732073757270726973696e6720646570746820696e20697473206c6f6f6b206174207468652062696e6473206f66206120736d616c6c2066616d696c792e205265766965772053656e74696d656e743a,e33edd9c583e092b4f0e985755189747adb186b4af6137cb32a97f7f99b5a55d,caf9d3bfa83b8191d0fb171ae4215d843d5d2c24fe18cb5344991b812ced234f,"[19432, 2918, 25, 1096, 31253, 1717, 40802, 4572, 1137, 22617, 1185, 8595, 4531, 15057, 429, 1281, 18919, 323, 59455, 14261, 594, 36766, 32012, 2803, 14316, 657, 13, 10294, 23361, 3819, 25]","[19432, 2918, 25, 328, 1199, 6185, 37267, 438, 264, 21452, 6802, 1112, 714, 13719, 14861, 7990, 304, 1181, 1401, 518, 279, 57485, 315, 264, 2613, 2997, 13, 10294, 23361, 3819, 25]",31,31,True,This charmless nonsense ensues amid clanging film references that make Jay and Silent Bob's Excellent Adventure seem understated.,Sits uneasily as a horror picture... but finds surprising depth in its look at the binds of a small family.,tigges,True
sst_tigges_pythia_correct_test,274,sst-7908,sst-8721,1,0,Review Text: It should be mentioned that the set design and interiors of the haunted vessel are more than effectively creepy and moodily lit. Review Sentiment:,"Review Text: The cold and dreary weather is a perfect metaphor for the movie itself, which contains few laughs and not much drama. Review Sentiment:",'Review Text: It should be mentioned that the set design and interiors of the haunted vessel are more than effectively creepy and moodily lit. Review Sentiment:',"'Review Text: The cold and dreary weather is a perfect metaphor for the movie itself, which contains few laughs and not much drama. Review Sentiment:'",52657669657720546578743a2049742073686f756c64206265206d656e74696f6e6564207468617420746865207365742064657369676e20616e6420696e746572696f7273206f6620746865206861756e7465642076657373656c20617265206d6f7265207468616e206566666563746976656c792063726565707920616e64206d6f6f64696c79206c69742e205265766965772053656e74696d656e743a,52657669657720546578743a2054686520636f6c6420616e6420647265617279207765617468657220697320612070657266656374206d65746170686f7220666f7220746865206d6f76696520697473656c662c20776869636820636f6e7461696e7320666577206c617567687320616e64206e6f74206d756368206472616d612e205265766965772053656e74696d656e743a,f3c4aa114b77fde9ab9b49a48f96e02c3d92ed294a1eb73e8aaf4e0cf2746ccd,72659648e4e13489ee7bde0f2f408bf011463319b42e4e4b61d02a0055ccf83e,"[19432, 2918, 25, 1084, 1265, 387, 9733, 429, 279, 738, 2884, 323, 73464, 315, 279, 56675, 26182, 525, 803, 1091, 13444, 50840, 323, 19671, 1541, 13020, 13, 10294, 23361, 3819, 25]","[19432, 2918, 25, 576, 9255, 323, 32101, 658, 9104, 374, 264, 4727, 45350, 369, 279, 5700, 5086, 11, 892, 5610, 2421, 48236, 323, 537, 1753, 19584, 13, 10294, 23361, 3819, 25]",31,31,True,It should be mentioned that the set design and interiors of the haunted vessel are more than effectively creepy and moodily lit.,"The cold and dreary weather is a perfect metaphor for the movie itself, which contains few laughs and not much drama.",tigges,True
sst_tigges_pythia_correct_test,275,sst-8721,sst-7908,0,1,"Review Text: The cold and dreary weather is a perfect metaphor for the movie itself, which contains few laughs and not much drama. Review Sentiment:",Review Text: It should be mentioned that the set design and interiors of the haunted vessel are more than effectively creepy and moodily lit. Review Sentiment:,"'Review Text: The cold and dreary weather is a perfect metaphor for the movie itself, which contains few laughs and not much drama. Review Sentiment:'",'Review Text: It should be mentioned that the set design and interiors of the haunted vessel are more than effectively creepy and moodily lit. Review Sentiment:',52657669657720546578743a2054686520636f6c6420616e6420647265617279207765617468657220697320612070657266656374206d65746170686f7220666f7220746865206d6f76696520697473656c662c20776869636820636f6e7461696e7320666577206c617567687320616e64206e6f74206d756368206472616d612e205265766965772053656e74696d656e743a,52657669657720546578743a2049742073686f756c64206265206d656e74696f6e6564207468617420746865207365742064657369676e20616e6420696e746572696f7273206f6620746865206861756e7465642076657373656c20617265206d6f7265207468616e206566666563746976656c792063726565707920616e64206d6f6f64696c79206c69742e205265766965772053656e74696d656e743a,72659648e4e13489ee7bde0f2f408bf011463319b42e4e4b61d02a0055ccf83e,f3c4aa114b77fde9ab9b49a48f96e02c3d92ed294a1eb73e8aaf4e0cf2746ccd,"[19432, 2918, 25, 576, 9255, 323, 32101, 658, 9104, 374, 264, 4727, 45350, 369, 279, 5700, 5086, 11, 892, 5610, 2421, 48236, 323, 537, 1753, 19584, 13, 10294, 23361, 3819, 25]","[19432, 2918, 25, 1084, 1265, 387, 9733, 429, 279, 738, 2884, 323, 73464, 315, 279, 56675, 26182, 525, 803, 1091, 13444, 50840, 323, 19671, 1541, 13020, 13, 10294, 23361, 3819, 25]",31,31,True,"The cold and dreary weather is a perfect metaphor for the movie itself, which contains few laughs and not much drama.",It should be mentioned that the set design and interiors of the haunted vessel are more than effectively creepy and moodily lit.,tigges,True
sst_tigges_pythia_correct_test,276,sst-1027,sst-30,1,0,Review Text: A tale of horror and revenge that is nearly perfect in its relentless descent to the depths of one man's tortured soul. Review Sentiment:,"Review Text: However, it lacks grandeur and that epic quality often associated with Stevenson's tale as well as with earlier Disney efforts. Review Sentiment:","""Review Text: A tale of horror and revenge that is nearly perfect in its relentless descent to the depths of one man's tortured soul. Review Sentiment:""","""Review Text: However, it lacks grandeur and that epic quality often associated with Stevenson's tale as well as with earlier Disney efforts. Review Sentiment:""",52657669657720546578743a20412074616c65206f6620686f72726f7220616e6420726576656e67652074686174206973206e6561726c79207065726665637420696e206974732072656c656e746c6573732064657363656e7420746f2074686520646570746873206f66206f6e65206d616e277320746f72747572656420736f756c2e205265766965772053656e74696d656e743a,52657669657720546578743a20486f77657665722c206974206c61636b73206772616e6465757220616e6420746861742065706963207175616c697479206f6674656e206173736f63696174656420776974682053746576656e736f6e27732074616c652061732077656c6c2061732077697468206561726c696572204469736e6579206566666f7274732e205265766965772053656e74696d656e743a,b92ba68130dee1a3b30d7e21df87cf2b5d795d7d7a91f08c4bb1497639126457,e4cf6af10bd29bf01a977ef651ff9e1434526181ad88a253ec666790646ccd05,"[19432, 2918, 25, 362, 23281, 315, 21452, 323, 36069, 429, 374, 7009, 4727, 304, 1181, 59035, 36952, 311, 279, 42857, 315, 825, 883, 594, 55934, 13527, 13, 10294, 23361, 3819, 25]","[19432, 2918, 25, 4354, 11, 432, 36756, 6662, 12559, 323, 429, 24679, 4271, 3545, 5815, 448, 81948, 594, 23281, 438, 1632, 438, 448, 6788, 16390, 8869, 13, 10294, 23361, 3819, 25]",31,31,True,A tale of horror and revenge that is nearly perfect in its relentless descent to the depths of one man's tortured soul.,"However, it lacks grandeur and that epic quality often associated with Stevenson's tale as well as with earlier Disney efforts.",tigges,True
sst_tigges_pythia_correct_test,277,sst-30,sst-1027,0,1,"Review Text: However, it lacks grandeur and that epic quality often associated with Stevenson's tale as well as with earlier Disney efforts. Review Sentiment:",Review Text: A tale of horror and revenge that is nearly perfect in its relentless descent to the depths of one man's tortured soul. Review Sentiment:,"""Review Text: However, it lacks grandeur and that epic quality often associated with Stevenson's tale as well as with earlier Disney efforts. Review Sentiment:""","""Review Text: A tale of horror and revenge that is nearly perfect in its relentless descent to the depths of one man's tortured soul. Review Sentiment:""",52657669657720546578743a20486f77657665722c206974206c61636b73206772616e6465757220616e6420746861742065706963207175616c697479206f6674656e206173736f63696174656420776974682053746576656e736f6e27732074616c652061732077656c6c2061732077697468206561726c696572204469736e6579206566666f7274732e205265766965772053656e74696d656e743a,52657669657720546578743a20412074616c65206f6620686f72726f7220616e6420726576656e67652074686174206973206e6561726c79207065726665637420696e206974732072656c656e746c6573732064657363656e7420746f2074686520646570746873206f66206f6e65206d616e277320746f72747572656420736f756c2e205265766965772053656e74696d656e743a,e4cf6af10bd29bf01a977ef651ff9e1434526181ad88a253ec666790646ccd05,b92ba68130dee1a3b30d7e21df87cf2b5d795d7d7a91f08c4bb1497639126457,"[19432, 2918, 25, 4354, 11, 432, 36756, 6662, 12559, 323, 429, 24679, 4271, 3545, 5815, 448, 81948, 594, 23281, 438, 1632, 438, 448, 6788, 16390, 8869, 13, 10294, 23361, 3819, 25]","[19432, 2918, 25, 362, 23281, 315, 21452, 323, 36069, 429, 374, 7009, 4727, 304, 1181, 59035, 36952, 311, 279, 42857, 315, 825, 883, 594, 55934, 13527, 13, 10294, 23361, 3819, 25]",31,31,True,"However, it lacks grandeur and that epic quality often associated with Stevenson's tale as well as with earlier Disney efforts.",A tale of horror and revenge that is nearly perfect in its relentless descent to the depths of one man's tortured soul.,tigges,True
sst_tigges_pythia_correct_test,278,sst-925,sst-9073,1,0,Review Text: It's a beautifully accomplished lyrical meditation on a bunch of despondent and vulnerable characters living in the renown Chelsea Hotel... Review Sentiment:,"Review Text: A film made with as little wit, interest, and professionalism as artistically possible for a slummy Hollywood caper flick. Review Sentiment:","""Review Text: It's a beautifully accomplished lyrical meditation on a bunch of despondent and vulnerable characters living in the renown Chelsea Hotel... Review Sentiment:""","'Review Text: A film made with as little wit, interest, and professionalism as artistically possible for a slummy Hollywood caper flick. Review Sentiment:'",52657669657720546578743a204974277320612062656175746966756c6c79206163636f6d706c6973686564206c79726963616c206d656469746174696f6e206f6e20612062756e6368206f6620646573706f6e64656e7420616e642076756c6e657261626c652063686172616374657273206c6976696e6720696e207468652072656e6f776e204368656c73656120486f74656c2e2e2e205265766965772053656e74696d656e743a,52657669657720546578743a20412066696c6d206d6164652077697468206173206c6974746c65207769742c20696e7465726573742c20616e642070726f66657373696f6e616c69736d206173206172746973746963616c6c7920706f737369626c6520666f72206120736c756d6d7920486f6c6c79776f6f6420636170657220666c69636b2e205265766965772053656e74696d656e743a,fa894f996c46786399a19187238b4b2ff132adc753f33782a99e2c2c88b85921,50416827ac3c84569d1c9ae7b8d4dc5c8f655280ea1744179944cc4c34ef7e81,"[19432, 2918, 25, 1084, 594, 264, 31619, 26237, 85237, 938, 32762, 389, 264, 15493, 315, 939, 3511, 306, 323, 19563, 5766, 5382, 304, 279, 33717, 26518, 14552, 1112, 10294, 23361, 3819, 25]","[19432, 2918, 25, 362, 4531, 1865, 448, 438, 2632, 37367, 11, 2734, 11, 323, 65329, 438, 10049, 2673, 3204, 369, 264, 1739, 8574, 17236, 2062, 261, 28347, 13, 10294, 23361, 3819, 25]",32,32,True,It's a beautifully accomplished lyrical meditation on a bunch of despondent and vulnerable characters living in the renown Chelsea Hotel...,"A film made with as little wit, interest, and professionalism as artistically possible for a slummy Hollywood caper flick.",tigges,True
sst_tigges_pythia_correct_test,279,sst-9073,sst-925,0,1,"Review Text: A film made with as little wit, interest, and professionalism as artistically possible for a slummy Hollywood caper flick. Review Sentiment:",Review Text: It's a beautifully accomplished lyrical meditation on a bunch of despondent and vulnerable characters living in the renown Chelsea Hotel... Review Sentiment:,"'Review Text: A film made with as little wit, interest, and professionalism as artistically possible for a slummy Hollywood caper flick. Review Sentiment:'","""Review Text: It's a beautifully accomplished lyrical meditation on a bunch of despondent and vulnerable characters living in the renown Chelsea Hotel... Review Sentiment:""",52657669657720546578743a20412066696c6d206d6164652077697468206173206c6974746c65207769742c20696e7465726573742c20616e642070726f66657373696f6e616c69736d206173206172746973746963616c6c7920706f737369626c6520666f72206120736c756d6d7920486f6c6c79776f6f6420636170657220666c69636b2e205265766965772053656e74696d656e743a,52657669657720546578743a204974277320612062656175746966756c6c79206163636f6d706c6973686564206c79726963616c206d656469746174696f6e206f6e20612062756e6368206f6620646573706f6e64656e7420616e642076756c6e657261626c652063686172616374657273206c6976696e6720696e207468652072656e6f776e204368656c73656120486f74656c2e2e2e205265766965772053656e74696d656e743a,50416827ac3c84569d1c9ae7b8d4dc5c8f655280ea1744179944cc4c34ef7e81,fa894f996c46786399a19187238b4b2ff132adc753f33782a99e2c2c88b85921,"[19432, 2918, 25, 362, 4531, 1865, 448, 438, 2632, 37367, 11, 2734, 11, 323, 65329, 438, 10049, 2673, 3204, 369, 264, 1739, 8574, 17236, 2062, 261, 28347, 13, 10294, 23361, 3819, 25]","[19432, 2918, 25, 1084, 594, 264, 31619, 26237, 85237, 938, 32762, 389, 264, 15493, 315, 939, 3511, 306, 323, 19563, 5766, 5382, 304, 279, 33717, 26518, 14552, 1112, 10294, 23361, 3819, 25]",32,32,True,"A film made with as little wit, interest, and professionalism as artistically possible for a slummy Hollywood caper flick.",It's a beautifully accomplished lyrical meditation on a bunch of despondent and vulnerable characters living in the renown Chelsea Hotel...,tigges,True
sst_tigges_pythia_correct_test,280,sst-508,sst-8847,1,0,"Review Text: The film is exhilarating to watch because Sandler, liberated from the constraints of formula, reveals unexpected depths as an actor. Review Sentiment:","Review Text: Its over-reliance on genre conventions, character types and formulaic conflict resolutions crushes all the goodwill it otherwise develops. Review Sentiment:","'Review Text: The film is exhilarating to watch because Sandler, liberated from the constraints of formula, reveals unexpected depths as an actor. Review Sentiment:'","'Review Text: Its over-reliance on genre conventions, character types and formulaic conflict resolutions crushes all the goodwill it otherwise develops. Review Sentiment:'",52657669657720546578743a205468652066696c6d20697320657868696c61726174696e6720746f20776174636820626563617573652053616e646c65722c206c69626572617465642066726f6d2074686520636f6e73747261696e7473206f6620666f726d756c612c2072657665616c7320756e65787065637465642064657074687320617320616e206163746f722e205265766965772053656e74696d656e743a,52657669657720546578743a20497473206f7665722d72656c69616e6365206f6e2067656e726520636f6e76656e74696f6e732c2063686172616374657220747970657320616e6420666f726d756c61696320636f6e666c696374207265736f6c7574696f6e73206372757368657320616c6c2074686520676f6f6477696c6c206974206f746865727769736520646576656c6f70732e205265766965772053656e74696d656e743a,46a94629ceb75bb99de1454b7537600e692a9ec47b0a054cc9474aaa188dc56d,60e4d0113310346c90e608ed4c3fbf97f4937058e4b8b71d0c99f02a6e59058f,"[19432, 2918, 25, 576, 4531, 374, 90726, 1095, 311, 3736, 1576, 328, 5252, 11, 84755, 504, 279, 16982, 315, 14806, 11, 20992, 16500, 42857, 438, 458, 12089, 13, 10294, 23361, 3819, 25]","[19432, 2918, 25, 11445, 916, 5504, 742, 681, 389, 17328, 44493, 11, 3668, 4494, 323, 14806, 292, 12055, 42495, 5030, 288, 678, 279, 81646, 432, 5937, 38571, 13, 10294, 23361, 3819, 25]",32,32,True,"The film is exhilarating to watch because Sandler, liberated from the constraints of formula, reveals unexpected depths as an actor.","Its over-reliance on genre conventions, character types and formulaic conflict resolutions crushes all the goodwill it otherwise develops.",tigges,True
sst_tigges_pythia_correct_test,281,sst-8847,sst-508,0,1,"Review Text: Its over-reliance on genre conventions, character types and formulaic conflict resolutions crushes all the goodwill it otherwise develops. Review Sentiment:","Review Text: The film is exhilarating to watch because Sandler, liberated from the constraints of formula, reveals unexpected depths as an actor. Review Sentiment:","'Review Text: Its over-reliance on genre conventions, character types and formulaic conflict resolutions crushes all the goodwill it otherwise develops. Review Sentiment:'","'Review Text: The film is exhilarating to watch because Sandler, liberated from the constraints of formula, reveals unexpected depths as an actor. Review Sentiment:'",52657669657720546578743a20497473206f7665722d72656c69616e6365206f6e2067656e726520636f6e76656e74696f6e732c2063686172616374657220747970657320616e6420666f726d756c61696320636f6e666c696374207265736f6c7574696f6e73206372757368657320616c6c2074686520676f6f6477696c6c206974206f746865727769736520646576656c6f70732e205265766965772053656e74696d656e743a,52657669657720546578743a205468652066696c6d20697320657868696c61726174696e6720746f20776174636820626563617573652053616e646c65722c206c69626572617465642066726f6d2074686520636f6e73747261696e7473206f6620666f726d756c612c2072657665616c7320756e65787065637465642064657074687320617320616e206163746f722e205265766965772053656e74696d656e743a,60e4d0113310346c90e608ed4c3fbf97f4937058e4b8b71d0c99f02a6e59058f,46a94629ceb75bb99de1454b7537600e692a9ec47b0a054cc9474aaa188dc56d,"[19432, 2918, 25, 11445, 916, 5504, 742, 681, 389, 17328, 44493, 11, 3668, 4494, 323, 14806, 292, 12055, 42495, 5030, 288, 678, 279, 81646, 432, 5937, 38571, 13, 10294, 23361, 3819, 25]","[19432, 2918, 25, 576, 4531, 374, 90726, 1095, 311, 3736, 1576, 328, 5252, 11, 84755, 504, 279, 16982, 315, 14806, 11, 20992, 16500, 42857, 438, 458, 12089, 13, 10294, 23361, 3819, 25]",32,32,True,"Its over-reliance on genre conventions, character types and formulaic conflict resolutions crushes all the goodwill it otherwise develops.","The film is exhilarating to watch because Sandler, liberated from the constraints of formula, reveals unexpected depths as an actor.",tigges,True
sst_tigges_pythia_correct_test,282,sst-8487,sst-8431,1,0,"Review Text: Taken purely as an exercise in style, this oppressively gloomy techno-horror clambake is impossible to ignore. Review Sentiment:","Review Text: Not only does the movie fail to make us part of its reality, it fails the most basic relevancy test as well. Review Sentiment:","'Review Text: Taken purely as an exercise in style, this oppressively gloomy techno-horror clambake is impossible to ignore. Review Sentiment:'","'Review Text: Not only does the movie fail to make us part of its reality, it fails the most basic relevancy test as well. Review Sentiment:'",52657669657720546578743a2054616b656e20707572656c7920617320616e20657865726369736520696e207374796c652c2074686973206f7070726573736976656c7920676c6f6f6d7920746563686e6f2d686f72726f7220636c616d62616b6520697320696d706f737369626c6520746f2069676e6f72652e205265766965772053656e74696d656e743a,52657669657720546578743a204e6f74206f6e6c7920646f657320746865206d6f766965206661696c20746f206d616b652075732070617274206f6620697473207265616c6974792c206974206661696c7320746865206d6f73742062617369632072656c6576616e637920746573742061732077656c6c2e205265766965772053656e74696d656e743a,f78eacd8b58c4a52155723103a844d3545c48d0677ecad923c73bdf4cc4a0e38,71e8da194f517351d82362f570e97049d1a10bfaafb175fa5bad256ae47dc3fa,"[19432, 2918, 25, 55974, 31127, 438, 458, 10158, 304, 1707, 11, 419, 89738, 3132, 13701, 5533, 88899, 2832, 269, 7632, 1185, 2969, 726, 374, 11997, 311, 10034, 13, 10294, 23361, 3819, 25]","[19432, 2918, 25, 2806, 1172, 1558, 279, 5700, 3690, 311, 1281, 601, 949, 315, 1181, 8729, 11, 432, 14525, 279, 1429, 6770, 78315, 6572, 1273, 438, 1632, 13, 10294, 23361, 3819, 25]",32,32,True,"Taken purely as an exercise in style, this oppressively gloomy techno-horror clambake is impossible to ignore.","Not only does the movie fail to make us part of its reality, it fails the most basic relevancy test as well.",tigges,True
sst_tigges_pythia_correct_test,283,sst-8431,sst-8487,0,1,"Review Text: Not only does the movie fail to make us part of its reality, it fails the most basic relevancy test as well. Review Sentiment:","Review Text: Taken purely as an exercise in style, this oppressively gloomy techno-horror clambake is impossible to ignore. Review Sentiment:","'Review Text: Not only does the movie fail to make us part of its reality, it fails the most basic relevancy test as well. Review Sentiment:'","'Review Text: Taken purely as an exercise in style, this oppressively gloomy techno-horror clambake is impossible to ignore. Review Sentiment:'",52657669657720546578743a204e6f74206f6e6c7920646f657320746865206d6f766965206661696c20746f206d616b652075732070617274206f6620697473207265616c6974792c206974206661696c7320746865206d6f73742062617369632072656c6576616e637920746573742061732077656c6c2e205265766965772053656e74696d656e743a,52657669657720546578743a2054616b656e20707572656c7920617320616e20657865726369736520696e207374796c652c2074686973206f7070726573736976656c7920676c6f6f6d7920746563686e6f2d686f72726f7220636c616d62616b6520697320696d706f737369626c6520746f2069676e6f72652e205265766965772053656e74696d656e743a,71e8da194f517351d82362f570e97049d1a10bfaafb175fa5bad256ae47dc3fa,f78eacd8b58c4a52155723103a844d3545c48d0677ecad923c73bdf4cc4a0e38,"[19432, 2918, 25, 2806, 1172, 1558, 279, 5700, 3690, 311, 1281, 601, 949, 315, 1181, 8729, 11, 432, 14525, 279, 1429, 6770, 78315, 6572, 1273, 438, 1632, 13, 10294, 23361, 3819, 25]","[19432, 2918, 25, 55974, 31127, 438, 458, 10158, 304, 1707, 11, 419, 89738, 3132, 13701, 5533, 88899, 2832, 269, 7632, 1185, 2969, 726, 374, 11997, 311, 10034, 13, 10294, 23361, 3819, 25]",32,32,True,"Not only does the movie fail to make us part of its reality, it fails the most basic relevancy test as well.","Taken purely as an exercise in style, this oppressively gloomy techno-horror clambake is impossible to ignore.",tigges,True
sst_tigges_pythia_correct_test,284,sst-418,sst-8892,1,0,"Review Text: A very witty take on change, risk and romance, and the film uses humour to make its points about acceptance and growth. Review Sentiment:","Review Text: Lacking gravitas, MacDowell is a placeholder for grief, and ergo this sloppy drama is an empty vessel. Review Sentiment:","'Review Text: A very witty take on change, risk and romance, and the film uses humour to make its points about acceptance and growth. Review Sentiment:'","'Review Text: Lacking gravitas, MacDowell is a placeholder for grief, and ergo this sloppy drama is an empty vessel. Review Sentiment:'",52657669657720546578743a204120766572792077697474792074616b65206f6e206368616e67652c207269736b20616e6420726f6d616e63652c20616e64207468652066696c6d20757365732068756d6f757220746f206d616b652069747320706f696e74732061626f757420616363657074616e636520616e642067726f7774682e205265766965772053656e74696d656e743a,52657669657720546578743a204c61636b696e672067726176697461732c204d6163446f77656c6c206973206120706c616365686f6c64657220666f722067726965662c20616e64206572676f207468697320736c6f707079206472616d6120697320616e20656d7074792076657373656c2e205265766965772053656e74696d656e743a,d3605c055bddcaf0749039c9fd788267adb66b34ceb10eaa9b9b65260b246343,d4b3a7e29ffe8d24c85ce9365987003cef36491a34c38a293c66fc7fd04f1d7f,"[19432, 2918, 25, 362, 1602, 82633, 1896, 389, 2297, 11, 5214, 323, 29263, 11, 323, 279, 4531, 5711, 57369, 311, 1281, 1181, 3501, 911, 25505, 323, 6513, 13, 10294, 23361, 3819, 25]","[19432, 2918, 25, 444, 8985, 27959, 21226, 11, 7401, 35, 79499, 374, 264, 5878, 369, 37284, 11, 323, 35276, 78, 419, 73982, 19584, 374, 458, 4287, 26182, 13, 10294, 23361, 3819, 25]",32,32,True,"A very witty take on change, risk and romance, and the film uses humour to make its points about acceptance and growth.","Lacking gravitas, MacDowell is a placeholder for grief, and ergo this sloppy drama is an empty vessel.",tigges,True
sst_tigges_pythia_correct_test,285,sst-8892,sst-418,0,1,"Review Text: Lacking gravitas, MacDowell is a placeholder for grief, and ergo this sloppy drama is an empty vessel. Review Sentiment:","Review Text: A very witty take on change, risk and romance, and the film uses humour to make its points about acceptance and growth. Review Sentiment:","'Review Text: Lacking gravitas, MacDowell is a placeholder for grief, and ergo this sloppy drama is an empty vessel. Review Sentiment:'","'Review Text: A very witty take on change, risk and romance, and the film uses humour to make its points about acceptance and growth. Review Sentiment:'",52657669657720546578743a204c61636b696e672067726176697461732c204d6163446f77656c6c206973206120706c616365686f6c64657220666f722067726965662c20616e64206572676f207468697320736c6f707079206472616d6120697320616e20656d7074792076657373656c2e205265766965772053656e74696d656e743a,52657669657720546578743a204120766572792077697474792074616b65206f6e206368616e67652c207269736b20616e6420726f6d616e63652c20616e64207468652066696c6d20757365732068756d6f757220746f206d616b652069747320706f696e74732061626f757420616363657074616e636520616e642067726f7774682e205265766965772053656e74696d656e743a,d4b3a7e29ffe8d24c85ce9365987003cef36491a34c38a293c66fc7fd04f1d7f,d3605c055bddcaf0749039c9fd788267adb66b34ceb10eaa9b9b65260b246343,"[19432, 2918, 25, 444, 8985, 27959, 21226, 11, 7401, 35, 79499, 374, 264, 5878, 369, 37284, 11, 323, 35276, 78, 419, 73982, 19584, 374, 458, 4287, 26182, 13, 10294, 23361, 3819, 25]","[19432, 2918, 25, 362, 1602, 82633, 1896, 389, 2297, 11, 5214, 323, 29263, 11, 323, 279, 4531, 5711, 57369, 311, 1281, 1181, 3501, 911, 25505, 323, 6513, 13, 10294, 23361, 3819, 25]",32,32,True,"Lacking gravitas, MacDowell is a placeholder for grief, and ergo this sloppy drama is an empty vessel.","A very witty take on change, risk and romance, and the film uses humour to make its points about acceptance and growth.",tigges,True
sst_tigges_pythia_correct_test,286,sst-1078,sst-8249,1,0,"Review Text: A movie that will touch the hearts of both children and adults, as well as bring audiences to the edge of their seats. Review Sentiment:","Review Text: Every bit as bogus as most Disney live action family movies are--no real plot, no real conflict, no real point. Review Sentiment:","'Review Text: A movie that will touch the hearts of both children and adults, as well as bring audiences to the edge of their seats. Review Sentiment:'","'Review Text: Every bit as bogus as most Disney live action family movies are--no real plot, no real conflict, no real point. Review Sentiment:'",52657669657720546578743a2041206d6f76696520746861742077696c6c20746f7563682074686520686561727473206f6620626f7468206368696c6472656e20616e64206164756c74732c2061732077656c6c206173206272696e672061756469656e63657320746f207468652065646765206f662074686569722073656174732e205265766965772053656e74696d656e743a,52657669657720546578743a2045766572792062697420617320626f677573206173206d6f7374204469736e6579206c69766520616374696f6e2066616d696c79206d6f76696573206172652d2d6e6f207265616c20706c6f742c206e6f207265616c20636f6e666c6963742c206e6f207265616c20706f696e742e205265766965772053656e74696d656e743a,73c813795221d1dfc2b6d803885bfb9487eee487bd38bcacc1fc018bfb85d409,0ac14f9289f1762b3b7c4f0fe69ed47645b1de4f01fc3687712cf523a4b81841,"[19432, 2918, 25, 362, 5700, 429, 686, 5796, 279, 22662, 315, 2176, 2841, 323, 12598, 11, 438, 1632, 438, 4446, 29894, 311, 279, 6821, 315, 862, 16312, 13, 10294, 23361, 3819, 25]","[19432, 2918, 25, 7209, 2699, 438, 59920, 438, 1429, 16390, 3887, 1917, 2997, 9508, 525, 313, 2152, 1931, 7089, 11, 902, 1931, 12055, 11, 902, 1931, 1459, 13, 10294, 23361, 3819, 25]",32,32,True,"A movie that will touch the hearts of both children and adults, as well as bring audiences to the edge of their seats.","Every bit as bogus as most Disney live action family movies are--no real plot, no real conflict, no real point.",tigges,True
sst_tigges_pythia_correct_test,287,sst-8249,sst-1078,0,1,"Review Text: Every bit as bogus as most Disney live action family movies are--no real plot, no real conflict, no real point. Review Sentiment:","Review Text: A movie that will touch the hearts of both children and adults, as well as bring audiences to the edge of their seats. Review Sentiment:","'Review Text: Every bit as bogus as most Disney live action family movies are--no real plot, no real conflict, no real point. Review Sentiment:'","'Review Text: A movie that will touch the hearts of both children and adults, as well as bring audiences to the edge of their seats. Review Sentiment:'",52657669657720546578743a2045766572792062697420617320626f677573206173206d6f7374204469736e6579206c69766520616374696f6e2066616d696c79206d6f76696573206172652d2d6e6f207265616c20706c6f742c206e6f207265616c20636f6e666c6963742c206e6f207265616c20706f696e742e205265766965772053656e74696d656e743a,52657669657720546578743a2041206d6f76696520746861742077696c6c20746f7563682074686520686561727473206f6620626f7468206368696c6472656e20616e64206164756c74732c2061732077656c6c206173206272696e672061756469656e63657320746f207468652065646765206f662074686569722073656174732e205265766965772053656e74696d656e743a,0ac14f9289f1762b3b7c4f0fe69ed47645b1de4f01fc3687712cf523a4b81841,73c813795221d1dfc2b6d803885bfb9487eee487bd38bcacc1fc018bfb85d409,"[19432, 2918, 25, 7209, 2699, 438, 59920, 438, 1429, 16390, 3887, 1917, 2997, 9508, 525, 313, 2152, 1931, 7089, 11, 902, 1931, 12055, 11, 902, 1931, 1459, 13, 10294, 23361, 3819, 25]","[19432, 2918, 25, 362, 5700, 429, 686, 5796, 279, 22662, 315, 2176, 2841, 323, 12598, 11, 438, 1632, 438, 4446, 29894, 311, 279, 6821, 315, 862, 16312, 13, 10294, 23361, 3819, 25]",32,32,True,"Every bit as bogus as most Disney live action family movies are--no real plot, no real conflict, no real point.","A movie that will touch the hearts of both children and adults, as well as bring audiences to the edge of their seats.",tigges,True
sst_tigges_pythia_correct_test,288,sst-176,sst-8769,1,0,Review Text: Stephen Earnhart's homespun documentary Mule Skinner Blues has nothing but love for its posse of trailer park denizens. Review Sentiment:,Review Text: Formula 51 is so trite that even Yu's high-energy action stylings can't break through the stupor. Review Sentiment:,"""Review Text: Stephen Earnhart's homespun documentary Mule Skinner Blues has nothing but love for its posse of trailer park denizens. Review Sentiment:""","""Review Text: Formula 51 is so trite that even Yu's high-energy action stylings can't break through the stupor. Review Sentiment:""",52657669657720546578743a205374657068656e204561726e68617274277320686f6d657370756e20646f63756d656e74617279204d756c6520536b696e6e657220426c75657320686173206e6f7468696e6720627574206c6f766520666f722069747320706f737365206f6620747261696c6572207061726b2064656e697a656e732e205265766965772053656e74696d656e743a,52657669657720546578743a20466f726d756c6120353120697320736f2074726974652074686174206576656e205975277320686967682d656e6572677920616374696f6e207374796c696e67732063616e277420627265616b207468726f7567682074686520737475706f722e205265766965772053656e74696d656e743a,8abd40ff650f7e91abef8d38794d6dd6387f177ed0a1e658136639fba6988bda,75b7c2ce45302f38e76d2f215c2596942ab6e88f07af89c50d206aa55fe47844,"[19432, 2918, 25, 18095, 47693, 46389, 594, 10415, 64907, 24954, 386, 1111, 97042, 32325, 702, 4302, 714, 2948, 369, 1181, 1133, 325, 315, 19253, 6118, 3371, 28960, 13, 10294, 23361, 3819, 25]","[19432, 2918, 25, 30822, 220, 20, 16, 374, 773, 489, 632, 429, 1496, 27273, 594, 1550, 64387, 1917, 48204, 819, 646, 944, 1438, 1526, 279, 90032, 269, 13, 10294, 23361, 3819, 25]",32,32,True,Stephen Earnhart's homespun documentary Mule Skinner Blues has nothing but love for its posse of trailer park denizens.,Formula 51 is so trite that even Yu's high-energy action stylings can't break through the stupor.,tigges,True
sst_tigges_pythia_correct_test,289,sst-8769,sst-176,0,1,Review Text: Formula 51 is so trite that even Yu's high-energy action stylings can't break through the stupor. Review Sentiment:,Review Text: Stephen Earnhart's homespun documentary Mule Skinner Blues has nothing but love for its posse of trailer park denizens. Review Sentiment:,"""Review Text: Formula 51 is so trite that even Yu's high-energy action stylings can't break through the stupor. Review Sentiment:""","""Review Text: Stephen Earnhart's homespun documentary Mule Skinner Blues has nothing but love for its posse of trailer park denizens. Review Sentiment:""",52657669657720546578743a20466f726d756c6120353120697320736f2074726974652074686174206576656e205975277320686967682d656e6572677920616374696f6e207374796c696e67732063616e277420627265616b207468726f7567682074686520737475706f722e205265766965772053656e74696d656e743a,52657669657720546578743a205374657068656e204561726e68617274277320686f6d657370756e20646f63756d656e74617279204d756c6520536b696e6e657220426c75657320686173206e6f7468696e6720627574206c6f766520666f722069747320706f737365206f6620747261696c6572207061726b2064656e697a656e732e205265766965772053656e74696d656e743a,75b7c2ce45302f38e76d2f215c2596942ab6e88f07af89c50d206aa55fe47844,8abd40ff650f7e91abef8d38794d6dd6387f177ed0a1e658136639fba6988bda,"[19432, 2918, 25, 30822, 220, 20, 16, 374, 773, 489, 632, 429, 1496, 27273, 594, 1550, 64387, 1917, 48204, 819, 646, 944, 1438, 1526, 279, 90032, 269, 13, 10294, 23361, 3819, 25]","[19432, 2918, 25, 18095, 47693, 46389, 594, 10415, 64907, 24954, 386, 1111, 97042, 32325, 702, 4302, 714, 2948, 369, 1181, 1133, 325, 315, 19253, 6118, 3371, 28960, 13, 10294, 23361, 3819, 25]",32,32,True,Formula 51 is so trite that even Yu's high-energy action stylings can't break through the stupor.,Stephen Earnhart's homespun documentary Mule Skinner Blues has nothing but love for its posse of trailer park denizens.,tigges,True
sst_tigges_pythia_correct_test,290,sst-969,sst-8121,1,0,"Review Text: Finds a way to tell a simple story, perhaps the simplest story of all, in a way that seems compelling and even original. Review Sentiment:","Review Text: It's often faintly amusing, but the problems of the characters never become important to us, and the story never takes hold. Review Sentiment:","'Review Text: Finds a way to tell a simple story, perhaps the simplest story of all, in a way that seems compelling and even original. Review Sentiment:'","""Review Text: It's often faintly amusing, but the problems of the characters never become important to us, and the story never takes hold. Review Sentiment:""",52657669657720546578743a2046696e647320612077617920746f2074656c6c20612073696d706c652073746f72792c2070657268617073207468652073696d706c6573742073746f7279206f6620616c6c2c20696e2061207761792074686174207365656d7320636f6d70656c6c696e6720616e64206576656e206f726967696e616c2e205265766965772053656e74696d656e743a,52657669657720546578743a2049742773206f6674656e206661696e746c7920616d7573696e672c20627574207468652070726f626c656d73206f66207468652063686172616374657273206e65766572206265636f6d6520696d706f7274616e7420746f2075732c20616e64207468652073746f7279206e657665722074616b657320686f6c642e205265766965772053656e74696d656e743a,a65656423590e7f6948ce29feaabc37640a04e03165d9a85b6bffb150dbdfc44,625d29cdbda39594dabda80522701b5e7389dd89ec7c938ad4a92f57f7f4bd2c,"[19432, 2918, 25, 50630, 264, 1616, 311, 3291, 264, 4285, 3364, 11, 8365, 279, 44548, 3364, 315, 678, 11, 304, 264, 1616, 429, 4977, 28622, 323, 1496, 4024, 13, 10294, 23361, 3819, 25]","[19432, 2918, 25, 1084, 594, 3545, 37578, 398, 59886, 11, 714, 279, 5322, 315, 279, 5766, 2581, 3635, 2989, 311, 601, 11, 323, 279, 3364, 2581, 4990, 3331, 13, 10294, 23361, 3819, 25]",33,33,True,"Finds a way to tell a simple story, perhaps the simplest story of all, in a way that seems compelling and even original.","It's often faintly amusing, but the problems of the characters never become important to us, and the story never takes hold.",tigges,True
sst_tigges_pythia_correct_test,291,sst-8121,sst-969,0,1,"Review Text: It's often faintly amusing, but the problems of the characters never become important to us, and the story never takes hold. Review Sentiment:","Review Text: Finds a way to tell a simple story, perhaps the simplest story of all, in a way that seems compelling and even original. Review Sentiment:","""Review Text: It's often faintly amusing, but the problems of the characters never become important to us, and the story never takes hold. Review Sentiment:""","'Review Text: Finds a way to tell a simple story, perhaps the simplest story of all, in a way that seems compelling and even original. Review Sentiment:'",52657669657720546578743a2049742773206f6674656e206661696e746c7920616d7573696e672c20627574207468652070726f626c656d73206f66207468652063686172616374657273206e65766572206265636f6d6520696d706f7274616e7420746f2075732c20616e64207468652073746f7279206e657665722074616b657320686f6c642e205265766965772053656e74696d656e743a,52657669657720546578743a2046696e647320612077617920746f2074656c6c20612073696d706c652073746f72792c2070657268617073207468652073696d706c6573742073746f7279206f6620616c6c2c20696e2061207761792074686174207365656d7320636f6d70656c6c696e6720616e64206576656e206f726967696e616c2e205265766965772053656e74696d656e743a,625d29cdbda39594dabda80522701b5e7389dd89ec7c938ad4a92f57f7f4bd2c,a65656423590e7f6948ce29feaabc37640a04e03165d9a85b6bffb150dbdfc44,"[19432, 2918, 25, 1084, 594, 3545, 37578, 398, 59886, 11, 714, 279, 5322, 315, 279, 5766, 2581, 3635, 2989, 311, 601, 11, 323, 279, 3364, 2581, 4990, 3331, 13, 10294, 23361, 3819, 25]","[19432, 2918, 25, 50630, 264, 1616, 311, 3291, 264, 4285, 3364, 11, 8365, 279, 44548, 3364, 315, 678, 11, 304, 264, 1616, 429, 4977, 28622, 323, 1496, 4024, 13, 10294, 23361, 3819, 25]",33,33,True,"It's often faintly amusing, but the problems of the characters never become important to us, and the story never takes hold.","Finds a way to tell a simple story, perhaps the simplest story of all, in a way that seems compelling and even original.",tigges,True
sst_tigges_pythia_correct_test,292,sst-509,sst-7955,1,0,"Review Text: A distant, even sterile, yet compulsively watchable look at the sordid life of Hogan's Heroes star Bob Crane. Review Sentiment:",Review Text: Culkin exudes none of the charm or charisma that might keep a more general audience even vaguely interested in his bratty character. Review Sentiment:,"""Review Text: A distant, even sterile, yet compulsively watchable look at the sordid life of Hogan's Heroes star Bob Crane. Review Sentiment:""",'Review Text: Culkin exudes none of the charm or charisma that might keep a more general audience even vaguely interested in his bratty character. Review Sentiment:',52657669657720546578743a20412064697374616e742c206576656e2073746572696c652c2079657420636f6d70756c736976656c7920776174636861626c65206c6f6f6b2061742074686520736f72646964206c696665206f6620486f67616e2773204865726f6573207374617220426f62204372616e652e205265766965772053656e74696d656e743a,52657669657720546578743a2043756c6b696e20657875646573206e6f6e65206f662074686520636861726d206f72206368617269736d612074686174206d69676874206b6565702061206d6f72652067656e6572616c2061756469656e6365206576656e2076616775656c7920696e746572657374656420696e2068697320627261747479206368617261637465722e205265766965772053656e74696d656e743a,31668995b219ee3b2f239990d333b2754c2f5ad3338a27e383afa3cdbd118e37,202bfedcb531baff0b19330385e38bc43ccfda13a27f6f5fade8a521c10fa206,"[19432, 2918, 25, 362, 28727, 11, 1496, 81643, 11, 3602, 47106, 3132, 3736, 480, 1401, 518, 279, 274, 539, 307, 2272, 315, 57271, 594, 36999, 6774, 14261, 72899, 13, 10294, 23361, 3819, 25]","[19432, 2918, 25, 31694, 7989, 505, 28146, 6857, 315, 279, 31253, 476, 98649, 429, 2578, 2506, 264, 803, 4586, 10650, 1496, 71959, 8014, 304, 806, 1411, 22908, 3668, 13, 10294, 23361, 3819, 25]",33,33,True,"A distant, even sterile, yet compulsively watchable look at the sordid life of Hogan's Heroes star Bob Crane.",Culkin exudes none of the charm or charisma that might keep a more general audience even vaguely interested in his bratty character.,tigges,True
sst_tigges_pythia_correct_test,293,sst-7955,sst-509,0,1,Review Text: Culkin exudes none of the charm or charisma that might keep a more general audience even vaguely interested in his bratty character. Review Sentiment:,"Review Text: A distant, even sterile, yet compulsively watchable look at the sordid life of Hogan's Heroes star Bob Crane. Review Sentiment:",'Review Text: Culkin exudes none of the charm or charisma that might keep a more general audience even vaguely interested in his bratty character. Review Sentiment:',"""Review Text: A distant, even sterile, yet compulsively watchable look at the sordid life of Hogan's Heroes star Bob Crane. Review Sentiment:""",52657669657720546578743a2043756c6b696e20657875646573206e6f6e65206f662074686520636861726d206f72206368617269736d612074686174206d69676874206b6565702061206d6f72652067656e6572616c2061756469656e6365206576656e2076616775656c7920696e746572657374656420696e2068697320627261747479206368617261637465722e205265766965772053656e74696d656e743a,52657669657720546578743a20412064697374616e742c206576656e2073746572696c652c2079657420636f6d70756c736976656c7920776174636861626c65206c6f6f6b2061742074686520736f72646964206c696665206f6620486f67616e2773204865726f6573207374617220426f62204372616e652e205265766965772053656e74696d656e743a,202bfedcb531baff0b19330385e38bc43ccfda13a27f6f5fade8a521c10fa206,31668995b219ee3b2f239990d333b2754c2f5ad3338a27e383afa3cdbd118e37,"[19432, 2918, 25, 31694, 7989, 505, 28146, 6857, 315, 279, 31253, 476, 98649, 429, 2578, 2506, 264, 803, 4586, 10650, 1496, 71959, 8014, 304, 806, 1411, 22908, 3668, 13, 10294, 23361, 3819, 25]","[19432, 2918, 25, 362, 28727, 11, 1496, 81643, 11, 3602, 47106, 3132, 3736, 480, 1401, 518, 279, 274, 539, 307, 2272, 315, 57271, 594, 36999, 6774, 14261, 72899, 13, 10294, 23361, 3819, 25]",33,33,True,Culkin exudes none of the charm or charisma that might keep a more general audience even vaguely interested in his bratty character.,"A distant, even sterile, yet compulsively watchable look at the sordid life of Hogan's Heroes star Bob Crane.",tigges,True
sst_tigges_pythia_correct_test,294,sst-145,sst-1073,1,0,"Review Text: -LRB- Schweiger is -RRB- talented and terribly charismatic, qualities essential to both movie stars and social anarchists. Review Sentiment:",Review Text: Its gross-out gags and colorful set pieces... are of course stultifyingly contrived and too stylized by half. Review Sentiment:,"'Review Text: -LRB- Schweiger is -RRB- talented and terribly charismatic, qualities essential to both movie stars and social anarchists. Review Sentiment:'",'Review Text: Its gross-out gags and colorful set pieces... are of course stultifyingly contrived and too stylized by half. Review Sentiment:',52657669657720546578743a202d4c52422d20536368776569676572206973202d5252422d2074616c656e74656420616e64207465727269626c79206368617269736d617469632c207175616c697469657320657373656e7469616c20746f20626f7468206d6f76696520737461727320616e6420736f6369616c20616e61726368697374732e205265766965772053656e74696d656e743a,52657669657720546578743a204974732067726f73732d6f7574206761677320616e6420636f6c6f7266756c20736574207069656365732e2e2e20617265206f6620636f75727365207374756c74696679696e676c7920636f6e74726976656420616e6420746f6f207374796c697a65642062792068616c662e205265766965772053656e74696d656e743a,0986f647650ea11550071586e2a0e1cf26f809e06dfef8c1a96d315c39475f07,09befb61e6099b92367dd06c69c3edeeb50b99441696de44937e2a3463c11c91,"[19432, 2918, 25, 481, 20117, 33, 12, 55734, 7272, 374, 481, 8106, 33, 12, 23074, 323, 49036, 78223, 11, 28500, 7565, 311, 2176, 5700, 9759, 323, 3590, 92034, 13, 10294, 23361, 3819, 25]","[19432, 2918, 25, 11445, 19952, 9794, 342, 2032, 323, 33866, 738, 9666, 1112, 525, 315, 3308, 357, 494, 7766, 398, 6027, 2221, 323, 2238, 48204, 1506, 553, 4279, 13, 10294, 23361, 3819, 25]",33,33,True,"-LRB- Schweiger is -RRB- talented and terribly charismatic, qualities essential to both movie stars and social anarchists.",Its gross-out gags and colorful set pieces... are of course stultifyingly contrived and too stylized by half.,tigges,True
sst_tigges_pythia_correct_test,295,sst-1073,sst-145,0,1,Review Text: Its gross-out gags and colorful set pieces... are of course stultifyingly contrived and too stylized by half. Review Sentiment:,"Review Text: -LRB- Schweiger is -RRB- talented and terribly charismatic, qualities essential to both movie stars and social anarchists. Review Sentiment:",'Review Text: Its gross-out gags and colorful set pieces... are of course stultifyingly contrived and too stylized by half. Review Sentiment:',"'Review Text: -LRB- Schweiger is -RRB- talented and terribly charismatic, qualities essential to both movie stars and social anarchists. Review Sentiment:'",52657669657720546578743a204974732067726f73732d6f7574206761677320616e6420636f6c6f7266756c20736574207069656365732e2e2e20617265206f6620636f75727365207374756c74696679696e676c7920636f6e74726976656420616e6420746f6f207374796c697a65642062792068616c662e205265766965772053656e74696d656e743a,52657669657720546578743a202d4c52422d20536368776569676572206973202d5252422d2074616c656e74656420616e64207465727269626c79206368617269736d617469632c207175616c697469657320657373656e7469616c20746f20626f7468206d6f76696520737461727320616e6420736f6369616c20616e61726368697374732e205265766965772053656e74696d656e743a,09befb61e6099b92367dd06c69c3edeeb50b99441696de44937e2a3463c11c91,0986f647650ea11550071586e2a0e1cf26f809e06dfef8c1a96d315c39475f07,"[19432, 2918, 25, 11445, 19952, 9794, 342, 2032, 323, 33866, 738, 9666, 1112, 525, 315, 3308, 357, 494, 7766, 398, 6027, 2221, 323, 2238, 48204, 1506, 553, 4279, 13, 10294, 23361, 3819, 25]","[19432, 2918, 25, 481, 20117, 33, 12, 55734, 7272, 374, 481, 8106, 33, 12, 23074, 323, 49036, 78223, 11, 28500, 7565, 311, 2176, 5700, 9759, 323, 3590, 92034, 13, 10294, 23361, 3819, 25]",33,33,True,Its gross-out gags and colorful set pieces... are of course stultifyingly contrived and too stylized by half.,"-LRB- Schweiger is -RRB- talented and terribly charismatic, qualities essential to both movie stars and social anarchists.",tigges,True
sst_tigges_pythia_correct_test,296,sst-8820,sst-8543,1,0,"Review Text: To enjoy this movie's sharp dialogue and delightful performance by Jolie and Burns, you have to gloss over the no sense ending. Review Sentiment:",Review Text: The plot is so predictable and sentimental that viewers are likely to lose interest before Sandrine and her goats walk off into the sunset. Review Sentiment:,"""Review Text: To enjoy this movie's sharp dialogue and delightful performance by Jolie and Burns, you have to gloss over the no sense ending. Review Sentiment:""",'Review Text: The plot is so predictable and sentimental that viewers are likely to lose interest before Sandrine and her goats walk off into the sunset. Review Sentiment:',52657669657720546578743a20546f20656e6a6f792074686973206d6f7669652773207368617270206469616c6f67756520616e642064656c6967687466756c20706572666f726d616e6365206279204a6f6c696520616e64204275726e732c20796f75206861766520746f20676c6f7373206f76657220746865206e6f2073656e736520656e64696e672e205265766965772053656e74696d656e743a,52657669657720546578743a2054686520706c6f7420697320736f207072656469637461626c6520616e642073656e74696d656e74616c2074686174207669657765727320617265206c696b656c7920746f206c6f736520696e746572657374206265666f72652053616e6472696e6520616e642068657220676f6174732077616c6b206f666620696e746f207468652073756e7365742e205265766965772053656e74696d656e743a,215e940bfb1dfde60a545507d873fea88ecf3695e3161c6ae4770652a62ab3eb,f5053318dd64447b61935780839f2306ae2dc68f1f862d04d816a633f97de3c0,"[19432, 2918, 25, 2014, 4669, 419, 5700, 594, 17232, 21276, 323, 49089, 5068, 553, 619, 61017, 323, 49916, 11, 498, 614, 311, 35351, 916, 279, 902, 5530, 13391, 13, 10294, 23361, 3819, 25]","[19432, 2918, 25, 576, 7089, 374, 773, 44107, 323, 91938, 429, 21762, 525, 4363, 311, 9052, 2734, 1573, 8677, 39001, 323, 1059, 70832, 4227, 1007, 1119, 279, 42984, 13, 10294, 23361, 3819, 25]",33,33,True,"To enjoy this movie's sharp dialogue and delightful performance by Jolie and Burns, you have to gloss over the no sense ending.",The plot is so predictable and sentimental that viewers are likely to lose interest before Sandrine and her goats walk off into the sunset.,tigges,True
sst_tigges_pythia_correct_test,297,sst-8543,sst-8820,0,1,Review Text: The plot is so predictable and sentimental that viewers are likely to lose interest before Sandrine and her goats walk off into the sunset. Review Sentiment:,"Review Text: To enjoy this movie's sharp dialogue and delightful performance by Jolie and Burns, you have to gloss over the no sense ending. Review Sentiment:",'Review Text: The plot is so predictable and sentimental that viewers are likely to lose interest before Sandrine and her goats walk off into the sunset. Review Sentiment:',"""Review Text: To enjoy this movie's sharp dialogue and delightful performance by Jolie and Burns, you have to gloss over the no sense ending. Review Sentiment:""",52657669657720546578743a2054686520706c6f7420697320736f207072656469637461626c6520616e642073656e74696d656e74616c2074686174207669657765727320617265206c696b656c7920746f206c6f736520696e746572657374206265666f72652053616e6472696e6520616e642068657220676f6174732077616c6b206f666620696e746f207468652073756e7365742e205265766965772053656e74696d656e743a,52657669657720546578743a20546f20656e6a6f792074686973206d6f7669652773207368617270206469616c6f67756520616e642064656c6967687466756c20706572666f726d616e6365206279204a6f6c696520616e64204275726e732c20796f75206861766520746f20676c6f7373206f76657220746865206e6f2073656e736520656e64696e672e205265766965772053656e74696d656e743a,f5053318dd64447b61935780839f2306ae2dc68f1f862d04d816a633f97de3c0,215e940bfb1dfde60a545507d873fea88ecf3695e3161c6ae4770652a62ab3eb,"[19432, 2918, 25, 576, 7089, 374, 773, 44107, 323, 91938, 429, 21762, 525, 4363, 311, 9052, 2734, 1573, 8677, 39001, 323, 1059, 70832, 4227, 1007, 1119, 279, 42984, 13, 10294, 23361, 3819, 25]","[19432, 2918, 25, 2014, 4669, 419, 5700, 594, 17232, 21276, 323, 49089, 5068, 553, 619, 61017, 323, 49916, 11, 498, 614, 311, 35351, 916, 279, 902, 5530, 13391, 13, 10294, 23361, 3819, 25]",33,33,True,The plot is so predictable and sentimental that viewers are likely to lose interest before Sandrine and her goats walk off into the sunset.,"To enjoy this movie's sharp dialogue and delightful performance by Jolie and Burns, you have to gloss over the no sense ending.",tigges,True
sst_tigges_pythia_correct_test,298,sst-943,sst-7937,1,0,"Review Text: Windtalkers blows this way and that, but there's no mistaking the filmmaker in the tall grass, true to himself. Review Sentiment:",Review Text: To say Analyze That is De Niro's best film since Meet the Parents sums up the sad state of his recent career. Review Sentiment:,"""Review Text: Windtalkers blows this way and that, but there's no mistaking the filmmaker in the tall grass, true to himself. Review Sentiment:""","""Review Text: To say Analyze That is De Niro's best film since Meet the Parents sums up the sad state of his recent career. Review Sentiment:""",52657669657720546578743a2057696e6474616c6b65727320626c6f777320746869732077617920616e6420746861742c206275742074686572652773206e6f206d697374616b696e67207468652066696c6d6d616b657220696e207468652074616c6c2067726173732c207472756520746f2068696d73656c662e205265766965772053656e74696d656e743a,52657669657720546578743a20546f2073617920416e616c797a652054686174206973204465204e69726f277320626573742066696c6d2073696e6365204d6565742074686520506172656e74732073756d732075702074686520736164207374617465206f662068697320726563656e74206361726565722e205265766965772053656e74696d656e743a,2be82b810d7866d016e600c6d43f4dcbe1f788ecf98b84dff8f1d08ad059ef42,d7dab65060072cab1ce7f4ed1a359b29418a2f734bb3ae92c8d73f910a857e93,"[19432, 2918, 25, 22087, 35241, 388, 45203, 419, 1616, 323, 429, 11, 714, 1052, 594, 902, 8600, 1765, 279, 56237, 304, 279, 16217, 16359, 11, 830, 311, 5561, 13, 10294, 23361, 3819, 25]","[19432, 2918, 25, 2014, 1977, 37427, 2986, 2938, 374, 1581, 451, 8698, 594, 1850, 4531, 2474, 25826, 279, 42926, 36398, 705, 279, 12421, 1584, 315, 806, 3213, 6931, 13, 10294, 23361, 3819, 25]",33,33,True,"Windtalkers blows this way and that, but there's no mistaking the filmmaker in the tall grass, true to himself.",To say Analyze That is De Niro's best film since Meet the Parents sums up the sad state of his recent career.,tigges,True
sst_tigges_pythia_correct_test,299,sst-7937,sst-943,0,1,Review Text: To say Analyze That is De Niro's best film since Meet the Parents sums up the sad state of his recent career. Review Sentiment:,"Review Text: Windtalkers blows this way and that, but there's no mistaking the filmmaker in the tall grass, true to himself. Review Sentiment:","""Review Text: To say Analyze That is De Niro's best film since Meet the Parents sums up the sad state of his recent career. Review Sentiment:""","""Review Text: Windtalkers blows this way and that, but there's no mistaking the filmmaker in the tall grass, true to himself. Review Sentiment:""",52657669657720546578743a20546f2073617920416e616c797a652054686174206973204465204e69726f277320626573742066696c6d2073696e6365204d6565742074686520506172656e74732073756d732075702074686520736164207374617465206f662068697320726563656e74206361726565722e205265766965772053656e74696d656e743a,52657669657720546578743a2057696e6474616c6b65727320626c6f777320746869732077617920616e6420746861742c206275742074686572652773206e6f206d697374616b696e67207468652066696c6d6d616b657220696e207468652074616c6c2067726173732c207472756520746f2068696d73656c662e205265766965772053656e74696d656e743a,d7dab65060072cab1ce7f4ed1a359b29418a2f734bb3ae92c8d73f910a857e93,2be82b810d7866d016e600c6d43f4dcbe1f788ecf98b84dff8f1d08ad059ef42,"[19432, 2918, 25, 2014, 1977, 37427, 2986, 2938, 374, 1581, 451, 8698, 594, 1850, 4531, 2474, 25826, 279, 42926, 36398, 705, 279, 12421, 1584, 315, 806, 3213, 6931, 13, 10294, 23361, 3819, 25]","[19432, 2918, 25, 22087, 35241, 388, 45203, 419, 1616, 323, 429, 11, 714, 1052, 594, 902, 8600, 1765, 279, 56237, 304, 279, 16217, 16359, 11, 830, 311, 5561, 13, 10294, 23361, 3819, 25]",33,33,True,To say Analyze That is De Niro's best film since Meet the Parents sums up the sad state of his recent career.,"Windtalkers blows this way and that, but there's no mistaking the filmmaker in the tall grass, true to himself.",tigges,True
sst_tigges_pythia_correct_test,300,sst-589,sst-8854,1,0,"Review Text: A gentle blend of present day testimonials, surviving footage of Burstein and his family performing, historical archives, and telling stills. Review Sentiment:",Review Text: The cast is so low-wattage that none of the characters comes off as big... and the setting remains indistinct. Review Sentiment:,"'Review Text: A gentle blend of present day testimonials, surviving footage of Burstein and his family performing, historical archives, and telling stills. Review Sentiment:'",'Review Text: The cast is so low-wattage that none of the characters comes off as big... and the setting remains indistinct. Review Sentiment:',52657669657720546578743a20412067656e746c6520626c656e64206f662070726573656e74206461792074657374696d6f6e69616c732c20737572766976696e6720666f6f74616765206f6620427572737465696e20616e64206869732066616d696c7920706572666f726d696e672c20686973746f726963616c2061726368697665732c20616e642074656c6c696e67207374696c6c732e205265766965772053656e74696d656e743a,52657669657720546578743a20546865206361737420697320736f206c6f772d776174746167652074686174206e6f6e65206f6620746865206368617261637465727320636f6d6573206f6666206173206269672e2e2e20616e64207468652073657474696e672072656d61696e7320696e64697374696e63742e205265766965772053656e74696d656e743a,2dad6cdee9a887fe2a935e3bd0e818fa2077ed86312caf339eec317b3d3e2472,1af389de2587545fe7b5ec063ce01d7d03b529406eb6f2c227518efd178ee033,"[19432, 2918, 25, 362, 21700, 20334, 315, 3042, 1899, 83510, 11, 39646, 21852, 315, 12369, 12429, 323, 806, 2997, 16380, 11, 13656, 38004, 11, 323, 11629, 2058, 82, 13, 10294, 23361, 3819, 25]","[19432, 2918, 25, 576, 6311, 374, 773, 3347, 2630, 1587, 424, 429, 6857, 315, 279, 5766, 4041, 1007, 438, 2409, 1112, 323, 279, 6243, 8458, 1257, 380, 7800, 13, 10294, 23361, 3819, 25]",33,33,True,"A gentle blend of present day testimonials, surviving footage of Burstein and his family performing, historical archives, and telling stills.",The cast is so low-wattage that none of the characters comes off as big... and the setting remains indistinct.,tigges,True
sst_tigges_pythia_correct_test,301,sst-8854,sst-589,0,1,Review Text: The cast is so low-wattage that none of the characters comes off as big... and the setting remains indistinct. Review Sentiment:,"Review Text: A gentle blend of present day testimonials, surviving footage of Burstein and his family performing, historical archives, and telling stills. Review Sentiment:",'Review Text: The cast is so low-wattage that none of the characters comes off as big... and the setting remains indistinct. Review Sentiment:',"'Review Text: A gentle blend of present day testimonials, surviving footage of Burstein and his family performing, historical archives, and telling stills. Review Sentiment:'",52657669657720546578743a20546865206361737420697320736f206c6f772d776174746167652074686174206e6f6e65206f6620746865206368617261637465727320636f6d6573206f6666206173206269672e2e2e20616e64207468652073657474696e672072656d61696e7320696e64697374696e63742e205265766965772053656e74696d656e743a,52657669657720546578743a20412067656e746c6520626c656e64206f662070726573656e74206461792074657374696d6f6e69616c732c20737572766976696e6720666f6f74616765206f6620427572737465696e20616e64206869732066616d696c7920706572666f726d696e672c20686973746f726963616c2061726368697665732c20616e642074656c6c696e67207374696c6c732e205265766965772053656e74696d656e743a,1af389de2587545fe7b5ec063ce01d7d03b529406eb6f2c227518efd178ee033,2dad6cdee9a887fe2a935e3bd0e818fa2077ed86312caf339eec317b3d3e2472,"[19432, 2918, 25, 576, 6311, 374, 773, 3347, 2630, 1587, 424, 429, 6857, 315, 279, 5766, 4041, 1007, 438, 2409, 1112, 323, 279, 6243, 8458, 1257, 380, 7800, 13, 10294, 23361, 3819, 25]","[19432, 2918, 25, 362, 21700, 20334, 315, 3042, 1899, 83510, 11, 39646, 21852, 315, 12369, 12429, 323, 806, 2997, 16380, 11, 13656, 38004, 11, 323, 11629, 2058, 82, 13, 10294, 23361, 3819, 25]",33,33,True,The cast is so low-wattage that none of the characters comes off as big... and the setting remains indistinct.,"A gentle blend of present day testimonials, surviving footage of Burstein and his family performing, historical archives, and telling stills.",tigges,True
sst_tigges_pythia_correct_test,302,sst-606,sst-9020,1,0,"Review Text: A journey through memory, a celebration of living, and a sobering rumination on fatality, classism, and ignorance. Review Sentiment:","Review Text: The pacing is glacial, the screenplay is stiff as a board, and things heat up only in the movie's final scenes. Review Sentiment:","'Review Text: A journey through memory, a celebration of living, and a sobering rumination on fatality, classism, and ignorance. Review Sentiment:'","""Review Text: The pacing is glacial, the screenplay is stiff as a board, and things heat up only in the movie's final scenes. Review Sentiment:""",52657669657720546578743a2041206a6f75726e6579207468726f756768206d656d6f72792c20612063656c6562726174696f6e206f66206c6976696e672c20616e64206120736f626572696e672072756d696e6174696f6e206f6e20666174616c6974792c20636c61737369736d2c20616e642069676e6f72616e63652e205265766965772053656e74696d656e743a,52657669657720546578743a2054686520706163696e6720697320676c616369616c2c207468652073637265656e706c6179206973207374696666206173206120626f6172642c20616e64207468696e67732068656174207570206f6e6c7920696e20746865206d6f76696527732066696e616c207363656e65732e205265766965772053656e74696d656e743a,afafe87a80aff30cc7b59e02d89d4b394f07d216c3fa43ad6785a8473639cef8,975c5830632805613f9fac20b53d2fb1f31a8874bed473b746b5ebaa646c79da,"[19432, 2918, 25, 362, 11618, 1526, 4938, 11, 264, 24916, 315, 5382, 11, 323, 264, 49405, 287, 13995, 2554, 389, 8664, 2719, 11, 536, 2142, 11, 323, 40560, 13, 10294, 23361, 3819, 25]","[19432, 2918, 25, 576, 82140, 374, 2770, 32111, 11, 279, 84775, 374, 30061, 438, 264, 4479, 11, 323, 2513, 8628, 705, 1172, 304, 279, 5700, 594, 1590, 16065, 13, 10294, 23361, 3819, 25]",33,33,True,"A journey through memory, a celebration of living, and a sobering rumination on fatality, classism, and ignorance.","The pacing is glacial, the screenplay is stiff as a board, and things heat up only in the movie's final scenes.",tigges,True
sst_tigges_pythia_correct_test,303,sst-9020,sst-606,0,1,"Review Text: The pacing is glacial, the screenplay is stiff as a board, and things heat up only in the movie's final scenes. Review Sentiment:","Review Text: A journey through memory, a celebration of living, and a sobering rumination on fatality, classism, and ignorance. Review Sentiment:","""Review Text: The pacing is glacial, the screenplay is stiff as a board, and things heat up only in the movie's final scenes. Review Sentiment:""","'Review Text: A journey through memory, a celebration of living, and a sobering rumination on fatality, classism, and ignorance. Review Sentiment:'",52657669657720546578743a2054686520706163696e6720697320676c616369616c2c207468652073637265656e706c6179206973207374696666206173206120626f6172642c20616e64207468696e67732068656174207570206f6e6c7920696e20746865206d6f76696527732066696e616c207363656e65732e205265766965772053656e74696d656e743a,52657669657720546578743a2041206a6f75726e6579207468726f756768206d656d6f72792c20612063656c6562726174696f6e206f66206c6976696e672c20616e64206120736f626572696e672072756d696e6174696f6e206f6e20666174616c6974792c20636c61737369736d2c20616e642069676e6f72616e63652e205265766965772053656e74696d656e743a,975c5830632805613f9fac20b53d2fb1f31a8874bed473b746b5ebaa646c79da,afafe87a80aff30cc7b59e02d89d4b394f07d216c3fa43ad6785a8473639cef8,"[19432, 2918, 25, 576, 82140, 374, 2770, 32111, 11, 279, 84775, 374, 30061, 438, 264, 4479, 11, 323, 2513, 8628, 705, 1172, 304, 279, 5700, 594, 1590, 16065, 13, 10294, 23361, 3819, 25]","[19432, 2918, 25, 362, 11618, 1526, 4938, 11, 264, 24916, 315, 5382, 11, 323, 264, 49405, 287, 13995, 2554, 389, 8664, 2719, 11, 536, 2142, 11, 323, 40560, 13, 10294, 23361, 3819, 25]",33,33,True,"The pacing is glacial, the screenplay is stiff as a board, and things heat up only in the movie's final scenes.","A journey through memory, a celebration of living, and a sobering rumination on fatality, classism, and ignorance.",tigges,True
sst_tigges_pythia_correct_test,304,sst-453,sst-8375,1,0,"Review Text: Still pretentious and filled with subtext, but entertaining enough at ` face value' to recommend to anyone looking for something different. Review Sentiment:","Review Text: Everyone connected to this movie seems to be part of an insider clique, which tends to breed formulaic films rather than fresh ones. Review Sentiment:","""Review Text: Still pretentious and filled with subtext, but entertaining enough at ` face value' to recommend to anyone looking for something different. Review Sentiment:""","'Review Text: Everyone connected to this movie seems to be part of an insider clique, which tends to breed formulaic films rather than fresh ones. Review Sentiment:'",52657669657720546578743a205374696c6c2070726574656e74696f757320616e642066696c6c6564207769746820737562746578742c2062757420656e7465727461696e696e6720656e6f756768206174206020666163652076616c75652720746f207265636f6d6d656e6420746f20616e796f6e65206c6f6f6b696e6720666f7220736f6d657468696e6720646966666572656e742e205265766965772053656e74696d656e743a,52657669657720546578743a2045766572796f6e6520636f6e6e656374656420746f2074686973206d6f766965207365656d7320746f2062652070617274206f6620616e20696e736964657220636c697175652c2077686963682074656e647320746f20627265656420666f726d756c6169632066696c6d7320726174686572207468616e206672657368206f6e65732e205265766965772053656e74696d656e743a,1f9bacbf357e3aa73e972886106f574f2c715fe9a7970e5bdc308d35cb92f646,83c93936ab92e65a29095c79dbe60bc7a2676ea70803a3aa73abe64222f1fc6a,"[19432, 2918, 25, 16377, 4410, 97881, 323, 10199, 448, 1186, 1318, 11, 714, 29211, 3322, 518, 1565, 3579, 897, 6, 311, 6934, 311, 5489, 3330, 369, 2494, 2155, 13, 10294, 23361, 3819, 25]","[19432, 2918, 25, 21455, 8433, 311, 419, 5700, 4977, 311, 387, 949, 315, 458, 54365, 80379, 11, 892, 27236, 311, 27775, 14806, 292, 12351, 4751, 1091, 7722, 6174, 13, 10294, 23361, 3819, 25]",33,33,True,"Still pretentious and filled with subtext, but entertaining enough at ` face value' to recommend to anyone looking for something different.","Everyone connected to this movie seems to be part of an insider clique, which tends to breed formulaic films rather than fresh ones.",tigges,True
sst_tigges_pythia_correct_test,305,sst-8375,sst-453,0,1,"Review Text: Everyone connected to this movie seems to be part of an insider clique, which tends to breed formulaic films rather than fresh ones. Review Sentiment:","Review Text: Still pretentious and filled with subtext, but entertaining enough at ` face value' to recommend to anyone looking for something different. Review Sentiment:","'Review Text: Everyone connected to this movie seems to be part of an insider clique, which tends to breed formulaic films rather than fresh ones. Review Sentiment:'","""Review Text: Still pretentious and filled with subtext, but entertaining enough at ` face value' to recommend to anyone looking for something different. Review Sentiment:""",52657669657720546578743a2045766572796f6e6520636f6e6e656374656420746f2074686973206d6f766965207365656d7320746f2062652070617274206f6620616e20696e736964657220636c697175652c2077686963682074656e647320746f20627265656420666f726d756c6169632066696c6d7320726174686572207468616e206672657368206f6e65732e205265766965772053656e74696d656e743a,52657669657720546578743a205374696c6c2070726574656e74696f757320616e642066696c6c6564207769746820737562746578742c2062757420656e7465727461696e696e6720656e6f756768206174206020666163652076616c75652720746f207265636f6d6d656e6420746f20616e796f6e65206c6f6f6b696e6720666f7220736f6d657468696e6720646966666572656e742e205265766965772053656e74696d656e743a,83c93936ab92e65a29095c79dbe60bc7a2676ea70803a3aa73abe64222f1fc6a,1f9bacbf357e3aa73e972886106f574f2c715fe9a7970e5bdc308d35cb92f646,"[19432, 2918, 25, 21455, 8433, 311, 419, 5700, 4977, 311, 387, 949, 315, 458, 54365, 80379, 11, 892, 27236, 311, 27775, 14806, 292, 12351, 4751, 1091, 7722, 6174, 13, 10294, 23361, 3819, 25]","[19432, 2918, 25, 16377, 4410, 97881, 323, 10199, 448, 1186, 1318, 11, 714, 29211, 3322, 518, 1565, 3579, 897, 6, 311, 6934, 311, 5489, 3330, 369, 2494, 2155, 13, 10294, 23361, 3819, 25]",33,33,True,"Everyone connected to this movie seems to be part of an insider clique, which tends to breed formulaic films rather than fresh ones.","Still pretentious and filled with subtext, but entertaining enough at ` face value' to recommend to anyone looking for something different.",tigges,True
sst_tigges_pythia_correct_test,306,sst-8063,sst-8700,1,0,Review Text: We've already seen the prequel to The Silence of the Lambs and Hannibal--and it was better the first time. Review Sentiment:,"Review Text: Never quite transcends jokester status... and the punchline doesn't live up to Barry's dead-eyed, perfectly chilled delivery. Review Sentiment:","""Review Text: We've already seen the prequel to The Silence of the Lambs and Hannibal--and it was better the first time. Review Sentiment:""","""Review Text: Never quite transcends jokester status... and the punchline doesn't live up to Barry's dead-eyed, perfectly chilled delivery. Review Sentiment:""",52657669657720546578743a20576527766520616c7265616479207365656e20746865207072657175656c20746f205468652053696c656e6365206f6620746865204c616d627320616e642048616e6e6962616c2d2d616e642069742077617320626574746572207468652066697273742074696d652e205265766965772053656e74696d656e743a,52657669657720546578743a204e65766572207175697465207472616e7363656e6473206a6f6b6573746572207374617475732e2e2e20616e64207468652070756e63686c696e6520646f65736e2774206c69766520757020746f204261727279277320646561642d657965642c20706572666563746c79206368696c6c65642064656c69766572792e205265766965772053656e74696d656e743a,f5d11e2ca9b1b7b2f0d384b8c44d839e64860227ab9b2f7cab646ac374a78ba5,1fcb2942267436737665b65ef4802e3e962e3cf055bc4a1d133dc679c91f4a8f,"[19432, 2918, 25, 1205, 3003, 2669, 3884, 279, 855, 41914, 311, 576, 68088, 315, 279, 32694, 1279, 323, 27729, 50529, 313, 437, 432, 572, 2664, 279, 1156, 882, 13, 10294, 23361, 3819, 25]","[19432, 2918, 25, 14695, 5008, 41490, 1412, 21646, 3667, 2639, 1112, 323, 279, 20380, 1056, 3171, 944, 3887, 705, 311, 30758, 594, 5593, 52513, 11, 13942, 83942, 9691, 13, 10294, 23361, 3819, 25]",33,33,True,We've already seen the prequel to The Silence of the Lambs and Hannibal--and it was better the first time.,"Never quite transcends jokester status... and the punchline doesn't live up to Barry's dead-eyed, perfectly chilled delivery.",tigges,True
sst_tigges_pythia_correct_test,307,sst-8700,sst-8063,0,1,"Review Text: Never quite transcends jokester status... and the punchline doesn't live up to Barry's dead-eyed, perfectly chilled delivery. Review Sentiment:",Review Text: We've already seen the prequel to The Silence of the Lambs and Hannibal--and it was better the first time. Review Sentiment:,"""Review Text: Never quite transcends jokester status... and the punchline doesn't live up to Barry's dead-eyed, perfectly chilled delivery. Review Sentiment:""","""Review Text: We've already seen the prequel to The Silence of the Lambs and Hannibal--and it was better the first time. Review Sentiment:""",52657669657720546578743a204e65766572207175697465207472616e7363656e6473206a6f6b6573746572207374617475732e2e2e20616e64207468652070756e63686c696e6520646f65736e2774206c69766520757020746f204261727279277320646561642d657965642c20706572666563746c79206368696c6c65642064656c69766572792e205265766965772053656e74696d656e743a,52657669657720546578743a20576527766520616c7265616479207365656e20746865207072657175656c20746f205468652053696c656e6365206f6620746865204c616d627320616e642048616e6e6962616c2d2d616e642069742077617320626574746572207468652066697273742074696d652e205265766965772053656e74696d656e743a,1fcb2942267436737665b65ef4802e3e962e3cf055bc4a1d133dc679c91f4a8f,f5d11e2ca9b1b7b2f0d384b8c44d839e64860227ab9b2f7cab646ac374a78ba5,"[19432, 2918, 25, 14695, 5008, 41490, 1412, 21646, 3667, 2639, 1112, 323, 279, 20380, 1056, 3171, 944, 3887, 705, 311, 30758, 594, 5593, 52513, 11, 13942, 83942, 9691, 13, 10294, 23361, 3819, 25]","[19432, 2918, 25, 1205, 3003, 2669, 3884, 279, 855, 41914, 311, 576, 68088, 315, 279, 32694, 1279, 323, 27729, 50529, 313, 437, 432, 572, 2664, 279, 1156, 882, 13, 10294, 23361, 3819, 25]",33,33,True,"Never quite transcends jokester status... and the punchline doesn't live up to Barry's dead-eyed, perfectly chilled delivery.",We've already seen the prequel to The Silence of the Lambs and Hannibal--and it was better the first time.,tigges,True
sst_tigges_pythia_correct_test,308,sst-139,sst-9070,1,0,Review Text: A classy item by a legend who may have nothing left to prove but still has the chops and drive to show how its done. Review Sentiment:,"Review Text: Bad Company leaves a bad taste, not only because of its bad-luck timing, but also the staleness of its script. Review Sentiment:",'Review Text: A classy item by a legend who may have nothing left to prove but still has the chops and drive to show how its done. Review Sentiment:',"'Review Text: Bad Company leaves a bad taste, not only because of its bad-luck timing, but also the staleness of its script. Review Sentiment:'",52657669657720546578743a204120636c61737379206974656d2062792061206c6567656e642077686f206d61792068617665206e6f7468696e67206c65667420746f2070726f766520627574207374696c6c20686173207468652063686f707320616e6420647269766520746f2073686f7720686f772069747320646f6e652e205265766965772053656e74696d656e743a,52657669657720546578743a2042616420436f6d70616e79206c65617665732061206261642074617374652c206e6f74206f6e6c792062656361757365206f6620697473206261642d6c75636b2074696d696e672c2062757420616c736f20746865207374616c656e657373206f6620697473207363726970742e205265766965772053656e74696d656e743a,45e8c034328e88baacfe99ed837f4223a58fac9f5e4b891bc06df447dfccf8f7,4443339706dc74666049fc81a994e7f4ed1089baa8c241bbbcc6999cf3436b86,"[19432, 2918, 25, 362, 70258, 1509, 553, 264, 13016, 879, 1231, 614, 4302, 2115, 311, 12118, 714, 2058, 702, 279, 90078, 323, 6541, 311, 1473, 1246, 1181, 2814, 13, 10294, 23361, 3819, 25]","[19432, 2918, 25, 11461, 8188, 10901, 264, 3873, 12656, 11, 537, 1172, 1576, 315, 1181, 3873, 2852, 1942, 18405, 11, 714, 1083, 279, 79476, 23709, 315, 1181, 5316, 13, 10294, 23361, 3819, 25]",33,33,True,A classy item by a legend who may have nothing left to prove but still has the chops and drive to show how its done.,"Bad Company leaves a bad taste, not only because of its bad-luck timing, but also the staleness of its script.",tigges,True
sst_tigges_pythia_correct_test,309,sst-9070,sst-139,0,1,"Review Text: Bad Company leaves a bad taste, not only because of its bad-luck timing, but also the staleness of its script. Review Sentiment:",Review Text: A classy item by a legend who may have nothing left to prove but still has the chops and drive to show how its done. Review Sentiment:,"'Review Text: Bad Company leaves a bad taste, not only because of its bad-luck timing, but also the staleness of its script. Review Sentiment:'",'Review Text: A classy item by a legend who may have nothing left to prove but still has the chops and drive to show how its done. Review Sentiment:',52657669657720546578743a2042616420436f6d70616e79206c65617665732061206261642074617374652c206e6f74206f6e6c792062656361757365206f6620697473206261642d6c75636b2074696d696e672c2062757420616c736f20746865207374616c656e657373206f6620697473207363726970742e205265766965772053656e74696d656e743a,52657669657720546578743a204120636c61737379206974656d2062792061206c6567656e642077686f206d61792068617665206e6f7468696e67206c65667420746f2070726f766520627574207374696c6c20686173207468652063686f707320616e6420647269766520746f2073686f7720686f772069747320646f6e652e205265766965772053656e74696d656e743a,4443339706dc74666049fc81a994e7f4ed1089baa8c241bbbcc6999cf3436b86,45e8c034328e88baacfe99ed837f4223a58fac9f5e4b891bc06df447dfccf8f7,"[19432, 2918, 25, 11461, 8188, 10901, 264, 3873, 12656, 11, 537, 1172, 1576, 315, 1181, 3873, 2852, 1942, 18405, 11, 714, 1083, 279, 79476, 23709, 315, 1181, 5316, 13, 10294, 23361, 3819, 25]","[19432, 2918, 25, 362, 70258, 1509, 553, 264, 13016, 879, 1231, 614, 4302, 2115, 311, 12118, 714, 2058, 702, 279, 90078, 323, 6541, 311, 1473, 1246, 1181, 2814, 13, 10294, 23361, 3819, 25]",33,33,True,"Bad Company leaves a bad taste, not only because of its bad-luck timing, but also the staleness of its script.",A classy item by a legend who may have nothing left to prove but still has the chops and drive to show how its done.,tigges,True
sst_tigges_pythia_correct_test,310,sst-1081,sst-8227,1,0,Review Text: An extraordinary Swedish film about the soul adventure of marriage--the kind of intimate and character-driven film that Bille August does best. Review Sentiment:,Review Text: Mark me down as a non-believer in werewolf films that are not serious and rely on stupidity as a substitute for humor. Review Sentiment:,'Review Text: An extraordinary Swedish film about the soul adventure of marriage--the kind of intimate and character-driven film that Bille August does best. Review Sentiment:','Review Text: Mark me down as a non-believer in werewolf films that are not serious and rely on stupidity as a substitute for humor. Review Sentiment:',52657669657720546578743a20416e2065787472616f7264696e61727920537765646973682066696c6d2061626f75742074686520736f756c20616476656e74757265206f66206d617272696167652d2d746865206b696e64206f6620696e74696d61746520616e64206368617261637465722d64726976656e2066696c6d20746861742042696c6c652041756775737420646f657320626573742e205265766965772053656e74696d656e743a,52657669657720546578743a204d61726b206d6520646f776e2061732061206e6f6e2d62656c696576657220696e2077657265776f6c662066696c6d73207468617420617265206e6f7420736572696f757320616e642072656c79206f6e207374757069646974792061732061207375627374697475746520666f722068756d6f722e205265766965772053656e74696d656e743a,c4c98fd263663d2d5912f491668ad9a94791480008262cae344aba5512b662d2,638a550b36398eec505b936ef5b150f53deec95be67dca8e495553b3dd893716,"[19432, 2918, 25, 1527, 23742, 30109, 4531, 911, 279, 13527, 17943, 315, 10866, 313, 1782, 3093, 315, 31387, 323, 3668, 31405, 4531, 429, 425, 4517, 6156, 1558, 1850, 13, 10294, 23361, 3819, 25]","[19432, 2918, 25, 4389, 752, 1495, 438, 264, 2477, 90205, 81021, 304, 7060, 76699, 12351, 429, 525, 537, 6001, 323, 17188, 389, 87537, 438, 264, 27679, 369, 27385, 13, 10294, 23361, 3819, 25]",33,33,True,An extraordinary Swedish film about the soul adventure of marriage--the kind of intimate and character-driven film that Bille August does best.,Mark me down as a non-believer in werewolf films that are not serious and rely on stupidity as a substitute for humor.,tigges,True
sst_tigges_pythia_correct_test,311,sst-8227,sst-1081,0,1,Review Text: Mark me down as a non-believer in werewolf films that are not serious and rely on stupidity as a substitute for humor. Review Sentiment:,Review Text: An extraordinary Swedish film about the soul adventure of marriage--the kind of intimate and character-driven film that Bille August does best. Review Sentiment:,'Review Text: Mark me down as a non-believer in werewolf films that are not serious and rely on stupidity as a substitute for humor. Review Sentiment:','Review Text: An extraordinary Swedish film about the soul adventure of marriage--the kind of intimate and character-driven film that Bille August does best. Review Sentiment:',52657669657720546578743a204d61726b206d6520646f776e2061732061206e6f6e2d62656c696576657220696e2077657265776f6c662066696c6d73207468617420617265206e6f7420736572696f757320616e642072656c79206f6e207374757069646974792061732061207375627374697475746520666f722068756d6f722e205265766965772053656e74696d656e743a,52657669657720546578743a20416e2065787472616f7264696e61727920537765646973682066696c6d2061626f75742074686520736f756c20616476656e74757265206f66206d617272696167652d2d746865206b696e64206f6620696e74696d61746520616e64206368617261637465722d64726976656e2066696c6d20746861742042696c6c652041756775737420646f657320626573742e205265766965772053656e74696d656e743a,638a550b36398eec505b936ef5b150f53deec95be67dca8e495553b3dd893716,c4c98fd263663d2d5912f491668ad9a94791480008262cae344aba5512b662d2,"[19432, 2918, 25, 4389, 752, 1495, 438, 264, 2477, 90205, 81021, 304, 7060, 76699, 12351, 429, 525, 537, 6001, 323, 17188, 389, 87537, 438, 264, 27679, 369, 27385, 13, 10294, 23361, 3819, 25]","[19432, 2918, 25, 1527, 23742, 30109, 4531, 911, 279, 13527, 17943, 315, 10866, 313, 1782, 3093, 315, 31387, 323, 3668, 31405, 4531, 429, 425, 4517, 6156, 1558, 1850, 13, 10294, 23361, 3819, 25]",33,33,True,Mark me down as a non-believer in werewolf films that are not serious and rely on stupidity as a substitute for humor.,An extraordinary Swedish film about the soul adventure of marriage--the kind of intimate and character-driven film that Bille August does best.,tigges,True
sst_tigges_pythia_correct_test,312,sst-125,sst-7962,1,0,"Review Text: s personal revelations regarding what the shop means in the big picture, iconic characters gambol fluidly through the story, with charming results. Review Sentiment:","Review Text: A one-trick pony whose few T&A bits still can't save itself from being unoriginal, unfunny and unrecommendable. Review Sentiment:","'Review Text: s personal revelations regarding what the shop means in the big picture, iconic characters gambol fluidly through the story, with charming results. Review Sentiment:'","""Review Text: A one-trick pony whose few T&A bits still can't save itself from being unoriginal, unfunny and unrecommendable. Review Sentiment:""",52657669657720546578743a207320706572736f6e616c20726576656c6174696f6e7320726567617264696e672077686174207468652073686f70206d65616e7320696e207468652062696720706963747572652c2069636f6e696320636861726163746572732067616d626f6c20666c7569646c79207468726f756768207468652073746f72792c207769746820636861726d696e6720726573756c74732e205265766965772053656e74696d656e743a,52657669657720546578743a2041206f6e652d747269636b20706f6e792077686f736520666577205426412062697473207374696c6c2063616e2774207361766520697473656c662066726f6d206265696e6720756e6f726967696e616c2c20756e66756e6e7920616e6420756e7265636f6d6d656e6461626c652e205265766965772053656e74696d656e743a,0e59959680b95cac13204db76e1d1765fa5d47d22f91c15ead4f72c60238bc7e,95c770effb5d8fbac234d2eed21e11baf507fe99a1fb027d2b90a53a3d577d84,"[19432, 2918, 25, 274, 4345, 49808, 8826, 1128, 279, 8061, 3363, 304, 279, 2409, 6802, 11, 26277, 5766, 74934, 337, 15590, 398, 1526, 279, 3364, 11, 448, 34409, 3059, 13, 10294, 23361, 3819, 25]","[19432, 2918, 25, 362, 825, 10188, 865, 52636, 6693, 2421, 350, 35021, 9472, 2058, 646, 944, 3581, 5086, 504, 1660, 650, 9889, 11, 9474, 27297, 323, 37123, 30528, 480, 13, 10294, 23361, 3819, 25]",34,34,True,"s personal revelations regarding what the shop means in the big picture, iconic characters gambol fluidly through the story, with charming results.","A one-trick pony whose few T&A bits still can't save itself from being unoriginal, unfunny and unrecommendable.",tigges,True
sst_tigges_pythia_correct_test,313,sst-7962,sst-125,0,1,"Review Text: A one-trick pony whose few T&A bits still can't save itself from being unoriginal, unfunny and unrecommendable. Review Sentiment:","Review Text: s personal revelations regarding what the shop means in the big picture, iconic characters gambol fluidly through the story, with charming results. Review Sentiment:","""Review Text: A one-trick pony whose few T&A bits still can't save itself from being unoriginal, unfunny and unrecommendable. Review Sentiment:""","'Review Text: s personal revelations regarding what the shop means in the big picture, iconic characters gambol fluidly through the story, with charming results. Review Sentiment:'",52657669657720546578743a2041206f6e652d747269636b20706f6e792077686f736520666577205426412062697473207374696c6c2063616e2774207361766520697473656c662066726f6d206265696e6720756e6f726967696e616c2c20756e66756e6e7920616e6420756e7265636f6d6d656e6461626c652e205265766965772053656e74696d656e743a,52657669657720546578743a207320706572736f6e616c20726576656c6174696f6e7320726567617264696e672077686174207468652073686f70206d65616e7320696e207468652062696720706963747572652c2069636f6e696320636861726163746572732067616d626f6c20666c7569646c79207468726f756768207468652073746f72792c207769746820636861726d696e6720726573756c74732e205265766965772053656e74696d656e743a,95c770effb5d8fbac234d2eed21e11baf507fe99a1fb027d2b90a53a3d577d84,0e59959680b95cac13204db76e1d1765fa5d47d22f91c15ead4f72c60238bc7e,"[19432, 2918, 25, 362, 825, 10188, 865, 52636, 6693, 2421, 350, 35021, 9472, 2058, 646, 944, 3581, 5086, 504, 1660, 650, 9889, 11, 9474, 27297, 323, 37123, 30528, 480, 13, 10294, 23361, 3819, 25]","[19432, 2918, 25, 274, 4345, 49808, 8826, 1128, 279, 8061, 3363, 304, 279, 2409, 6802, 11, 26277, 5766, 74934, 337, 15590, 398, 1526, 279, 3364, 11, 448, 34409, 3059, 13, 10294, 23361, 3819, 25]",34,34,True,"A one-trick pony whose few T&A bits still can't save itself from being unoriginal, unfunny and unrecommendable.","s personal revelations regarding what the shop means in the big picture, iconic characters gambol fluidly through the story, with charming results.",tigges,True
sst_tigges_pythia_correct_test,314,sst-1064,sst-8612,1,0,"Review Text: But if it is indeed a duty of art to reflect life, than Leigh has created a masterful piece of artistry right here. Review Sentiment:","Review Text: The makers have forsaken the entertaining elements of the original and, instead, rehash old jokes and leave any life at the doorstep. Review Sentiment:","'Review Text: But if it is indeed a duty of art to reflect life, than Leigh has created a masterful piece of artistry right here. Review Sentiment:'","'Review Text: The makers have forsaken the entertaining elements of the original and, instead, rehash old jokes and leave any life at the doorstep. Review Sentiment:'",52657669657720546578743a2042757420696620697420697320696e6465656420612064757479206f662061727420746f207265666c656374206c6966652c207468616e204c656967682068617320637265617465642061206d617374657266756c207069656365206f6620617274697374727920726967687420686572652e205265766965772053656e74696d656e743a,52657669657720546578743a20546865206d616b657273206861766520666f7273616b656e2074686520656e7465727461696e696e6720656c656d656e7473206f6620746865206f726967696e616c20616e642c20696e73746561642c20726568617368206f6c64206a6f6b657320616e64206c6561766520616e79206c6966652061742074686520646f6f72737465702e205265766965772053656e74696d656e743a,33de8cf6aaac559d1756b35d1be63c14bade9e6d68ed306390dcffe634802df2,b4df1d23b9b267516dd98ec3560e2acca2612c80aef9e5a8dac4b24e205862d2,"[19432, 2918, 25, 1988, 421, 432, 374, 12824, 264, 14189, 315, 1947, 311, 8708, 2272, 11, 1091, 73022, 702, 3465, 264, 7341, 1262, 6573, 315, 1947, 4944, 1290, 1588, 13, 10294, 23361, 3819, 25]","[19432, 2918, 25, 576, 28314, 614, 74651, 3366, 279, 29211, 5424, 315, 279, 4024, 323, 11, 4518, 11, 312, 8296, 2310, 31420, 323, 5274, 894, 2272, 518, 279, 75877, 13, 10294, 23361, 3819, 25]",34,34,True,"But if it is indeed a duty of art to reflect life, than Leigh has created a masterful piece of artistry right here.","The makers have forsaken the entertaining elements of the original and, instead, rehash old jokes and leave any life at the doorstep.",tigges,True
sst_tigges_pythia_correct_test,315,sst-8612,sst-1064,0,1,"Review Text: The makers have forsaken the entertaining elements of the original and, instead, rehash old jokes and leave any life at the doorstep. Review Sentiment:","Review Text: But if it is indeed a duty of art to reflect life, than Leigh has created a masterful piece of artistry right here. Review Sentiment:","'Review Text: The makers have forsaken the entertaining elements of the original and, instead, rehash old jokes and leave any life at the doorstep. Review Sentiment:'","'Review Text: But if it is indeed a duty of art to reflect life, than Leigh has created a masterful piece of artistry right here. Review Sentiment:'",52657669657720546578743a20546865206d616b657273206861766520666f7273616b656e2074686520656e7465727461696e696e6720656c656d656e7473206f6620746865206f726967696e616c20616e642c20696e73746561642c20726568617368206f6c64206a6f6b657320616e64206c6561766520616e79206c6966652061742074686520646f6f72737465702e205265766965772053656e74696d656e743a,52657669657720546578743a2042757420696620697420697320696e6465656420612064757479206f662061727420746f207265666c656374206c6966652c207468616e204c656967682068617320637265617465642061206d617374657266756c207069656365206f6620617274697374727920726967687420686572652e205265766965772053656e74696d656e743a,b4df1d23b9b267516dd98ec3560e2acca2612c80aef9e5a8dac4b24e205862d2,33de8cf6aaac559d1756b35d1be63c14bade9e6d68ed306390dcffe634802df2,"[19432, 2918, 25, 576, 28314, 614, 74651, 3366, 279, 29211, 5424, 315, 279, 4024, 323, 11, 4518, 11, 312, 8296, 2310, 31420, 323, 5274, 894, 2272, 518, 279, 75877, 13, 10294, 23361, 3819, 25]","[19432, 2918, 25, 1988, 421, 432, 374, 12824, 264, 14189, 315, 1947, 311, 8708, 2272, 11, 1091, 73022, 702, 3465, 264, 7341, 1262, 6573, 315, 1947, 4944, 1290, 1588, 13, 10294, 23361, 3819, 25]",34,34,True,"The makers have forsaken the entertaining elements of the original and, instead, rehash old jokes and leave any life at the doorstep.","But if it is indeed a duty of art to reflect life, than Leigh has created a masterful piece of artistry right here.",tigges,True
sst_tigges_pythia_correct_test,316,sst-99,sst-8398,1,0,"Review Text: Like the film's almost anthropologically detailed realization of early -'80s suburbia, it's significant without being overstated. Review Sentiment:",Review Text: This idea has lost its originality... and neither star appears very excited at rehashing what was basically a one-joke picture. Review Sentiment:,"""Review Text: Like the film's almost anthropologically detailed realization of early -'80s suburbia, it's significant without being overstated. Review Sentiment:""",'Review Text: This idea has lost its originality... and neither star appears very excited at rehashing what was basically a one-joke picture. Review Sentiment:',52657669657720546578743a204c696b65207468652066696c6d277320616c6d6f737420616e7468726f706f6c6f676963616c6c792064657461696c6564207265616c697a6174696f6e206f66206561726c79202d273830732073756275726269612c2069742773207369676e69666963616e7420776974686f7574206265696e67206f7665727374617465642e205265766965772053656e74696d656e743a,52657669657720546578743a2054686973206964656120686173206c6f737420697473206f726967696e616c6974792e2e2e20616e64206e656974686572207374617220617070656172732076657279206578636974656420617420726568617368696e67207768617420776173206261736963616c6c792061206f6e652d6a6f6b6520706963747572652e205265766965772053656e74696d656e743a,3caf6633774a942b40ed85fff8db5ca86b2d59da13dff9619ec1393094c44a29,483fe9e4461cc2c6fee939053d0ed7cd7fb5351cb52b8056343507442e0c010a,"[19432, 2918, 25, 8909, 279, 4531, 594, 4558, 40316, 29350, 11682, 48703, 315, 4124, 481, 6, 23, 15, 82, 51165, 685, 11, 432, 594, 5089, 2041, 1660, 82409, 657, 13, 10294, 23361, 3819, 25]","[19432, 2918, 25, 1096, 4522, 702, 5558, 1181, 4024, 487, 1112, 323, 13866, 6774, 7952, 1602, 12035, 518, 312, 8296, 287, 1128, 572, 13221, 264, 825, 13333, 4740, 6802, 13, 10294, 23361, 3819, 25]",34,34,True,"Like the film's almost anthropologically detailed realization of early -'80s suburbia, it's significant without being overstated.",This idea has lost its originality... and neither star appears very excited at rehashing what was basically a one-joke picture.,tigges,True
sst_tigges_pythia_correct_test,317,sst-8398,sst-99,0,1,Review Text: This idea has lost its originality... and neither star appears very excited at rehashing what was basically a one-joke picture. Review Sentiment:,"Review Text: Like the film's almost anthropologically detailed realization of early -'80s suburbia, it's significant without being overstated. Review Sentiment:",'Review Text: This idea has lost its originality... and neither star appears very excited at rehashing what was basically a one-joke picture. Review Sentiment:',"""Review Text: Like the film's almost anthropologically detailed realization of early -'80s suburbia, it's significant without being overstated. Review Sentiment:""",52657669657720546578743a2054686973206964656120686173206c6f737420697473206f726967696e616c6974792e2e2e20616e64206e656974686572207374617220617070656172732076657279206578636974656420617420726568617368696e67207768617420776173206261736963616c6c792061206f6e652d6a6f6b6520706963747572652e205265766965772053656e74696d656e743a,52657669657720546578743a204c696b65207468652066696c6d277320616c6d6f737420616e7468726f706f6c6f676963616c6c792064657461696c6564207265616c697a6174696f6e206f66206561726c79202d273830732073756275726269612c2069742773207369676e69666963616e7420776974686f7574206265696e67206f7665727374617465642e205265766965772053656e74696d656e743a,483fe9e4461cc2c6fee939053d0ed7cd7fb5351cb52b8056343507442e0c010a,3caf6633774a942b40ed85fff8db5ca86b2d59da13dff9619ec1393094c44a29,"[19432, 2918, 25, 1096, 4522, 702, 5558, 1181, 4024, 487, 1112, 323, 13866, 6774, 7952, 1602, 12035, 518, 312, 8296, 287, 1128, 572, 13221, 264, 825, 13333, 4740, 6802, 13, 10294, 23361, 3819, 25]","[19432, 2918, 25, 8909, 279, 4531, 594, 4558, 40316, 29350, 11682, 48703, 315, 4124, 481, 6, 23, 15, 82, 51165, 685, 11, 432, 594, 5089, 2041, 1660, 82409, 657, 13, 10294, 23361, 3819, 25]",34,34,True,This idea has lost its originality... and neither star appears very excited at rehashing what was basically a one-joke picture.,"Like the film's almost anthropologically detailed realization of early -'80s suburbia, it's significant without being overstated.",tigges,True
sst_tigges_pythia_correct_test,318,sst-8278,sst-7949,1,0,Review Text: The cartoon is about as true to the spirit of the Festival of Lights as Mr. Deeds was to that of Frank Capra. Review Sentiment:,"Review Text: Uncertain in tone... a garbled exercise in sexual politics, a junior varsity Short Cuts by way of Very Bad Things. Review Sentiment:",'Review Text: The cartoon is about as true to the spirit of the Festival of Lights as Mr. Deeds was to that of Frank Capra. Review Sentiment:',"'Review Text: Uncertain in tone... a garbled exercise in sexual politics, a junior varsity Short Cuts by way of Very Bad Things. Review Sentiment:'",52657669657720546578743a2054686520636172746f6f6e2069732061626f7574206173207472756520746f2074686520737069726974206f662074686520466573746976616c206f66204c6967687473206173204d722e2044656564732077617320746f2074686174206f66204672616e6b2043617072612e205265766965772053656e74696d656e743a,52657669657720546578743a20556e6365727461696e20696e20746f6e652e2e2e206120676172626c656420657865726369736520696e2073657875616c20706f6c69746963732c2061206a756e696f7220766172736974792053686f7274204375747320627920776179206f66205665727920426164205468696e67732e205265766965772053656e74696d656e743a,59c6aa9428c145a286704b13736eec62eb9e1a02420ed567d85948002e88971f,0325e0fa3f4393709f0650aa69023acb03142de305f0d94bc2e21e035b17ee6f,"[19432, 2918, 25, 576, 30349, 374, 911, 438, 830, 311, 279, 8913, 315, 279, 17322, 315, 34170, 438, 4392, 13, 1581, 6767, 572, 311, 429, 315, 9270, 8012, 956, 13, 10294, 23361, 3819, 25]","[19432, 2918, 25, 28779, 7615, 304, 16232, 1112, 264, 7364, 37659, 10158, 304, 7244, 11500, 11, 264, 26052, 19942, 487, 10698, 356, 6128, 553, 1616, 315, 15308, 11461, 20093, 13, 10294, 23361, 3819, 25]",34,34,True,The cartoon is about as true to the spirit of the Festival of Lights as Mr. Deeds was to that of Frank Capra.,"Uncertain in tone... a garbled exercise in sexual politics, a junior varsity Short Cuts by way of Very Bad Things.",tigges,True
sst_tigges_pythia_correct_test,319,sst-7949,sst-8278,0,1,"Review Text: Uncertain in tone... a garbled exercise in sexual politics, a junior varsity Short Cuts by way of Very Bad Things. Review Sentiment:",Review Text: The cartoon is about as true to the spirit of the Festival of Lights as Mr. Deeds was to that of Frank Capra. Review Sentiment:,"'Review Text: Uncertain in tone... a garbled exercise in sexual politics, a junior varsity Short Cuts by way of Very Bad Things. Review Sentiment:'",'Review Text: The cartoon is about as true to the spirit of the Festival of Lights as Mr. Deeds was to that of Frank Capra. Review Sentiment:',52657669657720546578743a20556e6365727461696e20696e20746f6e652e2e2e206120676172626c656420657865726369736520696e2073657875616c20706f6c69746963732c2061206a756e696f7220766172736974792053686f7274204375747320627920776179206f66205665727920426164205468696e67732e205265766965772053656e74696d656e743a,52657669657720546578743a2054686520636172746f6f6e2069732061626f7574206173207472756520746f2074686520737069726974206f662074686520466573746976616c206f66204c6967687473206173204d722e2044656564732077617320746f2074686174206f66204672616e6b2043617072612e205265766965772053656e74696d656e743a,0325e0fa3f4393709f0650aa69023acb03142de305f0d94bc2e21e035b17ee6f,59c6aa9428c145a286704b13736eec62eb9e1a02420ed567d85948002e88971f,"[19432, 2918, 25, 28779, 7615, 304, 16232, 1112, 264, 7364, 37659, 10158, 304, 7244, 11500, 11, 264, 26052, 19942, 487, 10698, 356, 6128, 553, 1616, 315, 15308, 11461, 20093, 13, 10294, 23361, 3819, 25]","[19432, 2918, 25, 576, 30349, 374, 911, 438, 830, 311, 279, 8913, 315, 279, 17322, 315, 34170, 438, 4392, 13, 1581, 6767, 572, 311, 429, 315, 9270, 8012, 956, 13, 10294, 23361, 3819, 25]",34,34,True,"Uncertain in tone... a garbled exercise in sexual politics, a junior varsity Short Cuts by way of Very Bad Things.",The cartoon is about as true to the spirit of the Festival of Lights as Mr. Deeds was to that of Frank Capra.,tigges,True
sst_tigges_pythia_correct_test,320,sst-6,sst-8481,1,0,Review Text: The film provides some great insight into the neurotic mindset of all comics--even those who have reached the absolute top of the game. Review Sentiment:,"Review Text: When a film is created SOLELY because it's a marketable product, soulless and ugly movies like this are the result. Review Sentiment:",'Review Text: The film provides some great insight into the neurotic mindset of all comics--even those who have reached the absolute top of the game. Review Sentiment:',"""Review Text: When a film is created SOLELY because it's a marketable product, soulless and ugly movies like this are the result. Review Sentiment:""",52657669657720546578743a205468652066696c6d2070726f766964657320736f6d6520677265617420696e736967687420696e746f20746865206e6575726f746963206d696e64736574206f6620616c6c20636f6d6963732d2d6576656e2074686f73652077686f2068617665207265616368656420746865206162736f6c75746520746f70206f66207468652067616d652e205265766965772053656e74696d656e743a,52657669657720546578743a205768656e20612066696c6d206973206372656174656420534f4c454c59206265636175736520697427732061206d61726b657461626c652070726f647563742c20736f756c6c65737320616e642075676c79206d6f76696573206c696b652074686973206172652074686520726573756c742e205265766965772053656e74696d656e743a,002ba9e22ca996a44d5d1c2e8d584f4c1456454c70371d9518967e82e6be3f9d,0982386154759e684c3b4db9a4a187780cf51d5139e52eaddcaba3e0afdf2753,"[19432, 2918, 25, 576, 4531, 5707, 1045, 2244, 20017, 1119, 279, 17773, 28050, 39443, 315, 678, 28059, 313, 16788, 1846, 879, 614, 8643, 279, 10740, 1909, 315, 279, 1809, 13, 10294, 23361, 3819, 25]","[19432, 2918, 25, 3197, 264, 4531, 374, 3465, 5627, 867, 8932, 1576, 432, 594, 264, 3081, 480, 1985, 11, 13527, 1717, 323, 27261, 9508, 1075, 419, 525, 279, 1102, 13, 10294, 23361, 3819, 25]",34,34,True,The film provides some great insight into the neurotic mindset of all comics--even those who have reached the absolute top of the game.,"When a film is created SOLELY because it's a marketable product, soulless and ugly movies like this are the result.",tigges,True
sst_tigges_pythia_correct_test,321,sst-8481,sst-6,0,1,"Review Text: When a film is created SOLELY because it's a marketable product, soulless and ugly movies like this are the result. Review Sentiment:",Review Text: The film provides some great insight into the neurotic mindset of all comics--even those who have reached the absolute top of the game. Review Sentiment:,"""Review Text: When a film is created SOLELY because it's a marketable product, soulless and ugly movies like this are the result. Review Sentiment:""",'Review Text: The film provides some great insight into the neurotic mindset of all comics--even those who have reached the absolute top of the game. Review Sentiment:',52657669657720546578743a205768656e20612066696c6d206973206372656174656420534f4c454c59206265636175736520697427732061206d61726b657461626c652070726f647563742c20736f756c6c65737320616e642075676c79206d6f76696573206c696b652074686973206172652074686520726573756c742e205265766965772053656e74696d656e743a,52657669657720546578743a205468652066696c6d2070726f766964657320736f6d6520677265617420696e736967687420696e746f20746865206e6575726f746963206d696e64736574206f6620616c6c20636f6d6963732d2d6576656e2074686f73652077686f2068617665207265616368656420746865206162736f6c75746520746f70206f66207468652067616d652e205265766965772053656e74696d656e743a,0982386154759e684c3b4db9a4a187780cf51d5139e52eaddcaba3e0afdf2753,002ba9e22ca996a44d5d1c2e8d584f4c1456454c70371d9518967e82e6be3f9d,"[19432, 2918, 25, 3197, 264, 4531, 374, 3465, 5627, 867, 8932, 1576, 432, 594, 264, 3081, 480, 1985, 11, 13527, 1717, 323, 27261, 9508, 1075, 419, 525, 279, 1102, 13, 10294, 23361, 3819, 25]","[19432, 2918, 25, 576, 4531, 5707, 1045, 2244, 20017, 1119, 279, 17773, 28050, 39443, 315, 678, 28059, 313, 16788, 1846, 879, 614, 8643, 279, 10740, 1909, 315, 279, 1809, 13, 10294, 23361, 3819, 25]",34,34,True,"When a film is created SOLELY because it's a marketable product, soulless and ugly movies like this are the result.",The film provides some great insight into the neurotic mindset of all comics--even those who have reached the absolute top of the game.,tigges,True
sst_tigges_pythia_correct_test,322,sst-452,sst-8945,1,0,"Review Text: Long after you leave Justine, you'll be wondering what will happen to her and wishing her the best--whatever that might mean. Review Sentiment:","Review Text: Unfortunately, as a writer, Mr. Montias isn't nearly as good to his crew as he is as a director or actor. Review Sentiment:","""Review Text: Long after you leave Justine, you'll be wondering what will happen to her and wishing her the best--whatever that might mean. Review Sentiment:""","""Review Text: Unfortunately, as a writer, Mr. Montias isn't nearly as good to his crew as he is as a director or actor. Review Sentiment:""",52657669657720546578743a204c6f6e6720616674657220796f75206c65617665204a757374696e652c20796f75276c6c20626520776f6e646572696e6720776861742077696c6c2068617070656e20746f2068657220616e642077697368696e67206865722074686520626573742d2d77686174657665722074686174206d69676874206d65616e2e205265766965772053656e74696d656e743a,52657669657720546578743a20556e666f7274756e6174656c792c2061732061207772697465722c204d722e204d6f6e746961732069736e2774206e6561726c7920617320676f6f6420746f2068697320637265772061732068652069732061732061206469726563746f72206f72206163746f722e205265766965772053656e74696d656e743a,1132eea635836a24fa5dc37b23863442a122347e222cb5225492d746efcf2845,4e934a529f90db2fac32833b553a8d8399af7bd3943c7b17c0fb5e0cadcdb48f,"[19432, 2918, 25, 5724, 1283, 498, 5274, 4599, 482, 11, 498, 3278, 387, 20293, 1128, 686, 3537, 311, 1059, 323, 45127, 1059, 279, 1850, 313, 68286, 429, 2578, 3076, 13, 10294, 23361, 3819, 25]","[19432, 2918, 25, 18656, 11, 438, 264, 6916, 11, 4392, 13, 9795, 3473, 4436, 944, 7009, 438, 1661, 311, 806, 13627, 438, 566, 374, 438, 264, 7538, 476, 12089, 13, 10294, 23361, 3819, 25]",34,34,True,"Long after you leave Justine, you'll be wondering what will happen to her and wishing her the best--whatever that might mean.","Unfortunately, as a writer, Mr. Montias isn't nearly as good to his crew as he is as a director or actor.",tigges,True
sst_tigges_pythia_correct_test,323,sst-8945,sst-452,0,1,"Review Text: Unfortunately, as a writer, Mr. Montias isn't nearly as good to his crew as he is as a director or actor. Review Sentiment:","Review Text: Long after you leave Justine, you'll be wondering what will happen to her and wishing her the best--whatever that might mean. Review Sentiment:","""Review Text: Unfortunately, as a writer, Mr. Montias isn't nearly as good to his crew as he is as a director or actor. Review Sentiment:""","""Review Text: Long after you leave Justine, you'll be wondering what will happen to her and wishing her the best--whatever that might mean. Review Sentiment:""",52657669657720546578743a20556e666f7274756e6174656c792c2061732061207772697465722c204d722e204d6f6e746961732069736e2774206e6561726c7920617320676f6f6420746f2068697320637265772061732068652069732061732061206469726563746f72206f72206163746f722e205265766965772053656e74696d656e743a,52657669657720546578743a204c6f6e6720616674657220796f75206c65617665204a757374696e652c20796f75276c6c20626520776f6e646572696e6720776861742077696c6c2068617070656e20746f2068657220616e642077697368696e67206865722074686520626573742d2d77686174657665722074686174206d69676874206d65616e2e205265766965772053656e74696d656e743a,4e934a529f90db2fac32833b553a8d8399af7bd3943c7b17c0fb5e0cadcdb48f,1132eea635836a24fa5dc37b23863442a122347e222cb5225492d746efcf2845,"[19432, 2918, 25, 18656, 11, 438, 264, 6916, 11, 4392, 13, 9795, 3473, 4436, 944, 7009, 438, 1661, 311, 806, 13627, 438, 566, 374, 438, 264, 7538, 476, 12089, 13, 10294, 23361, 3819, 25]","[19432, 2918, 25, 5724, 1283, 498, 5274, 4599, 482, 11, 498, 3278, 387, 20293, 1128, 686, 3537, 311, 1059, 323, 45127, 1059, 279, 1850, 313, 68286, 429, 2578, 3076, 13, 10294, 23361, 3819, 25]",34,34,True,"Unfortunately, as a writer, Mr. Montias isn't nearly as good to his crew as he is as a director or actor.","Long after you leave Justine, you'll be wondering what will happen to her and wishing her the best--whatever that might mean.",tigges,True
sst_tigges_pythia_correct_test,324,sst-104,sst-756,1,0,Review Text: Writer-director Burger imaginatively fans the embers of a dormant national grief and curiosity that has calcified into chronic cynicism and fear. Review Sentiment:,"Review Text: If you're not into the Pokemon franchise, this fourth animated movie in four years won't convert you--or even keep your eyes open. Review Sentiment:",'Review Text: Writer-director Burger imaginatively fans the embers of a dormant national grief and curiosity that has calcified into chronic cynicism and fear. Review Sentiment:',"""Review Text: If you're not into the Pokemon franchise, this fourth animated movie in four years won't convert you--or even keep your eyes open. Review Sentiment:""",52657669657720546578743a205772697465722d6469726563746f722042757267657220696d6167696e61746976656c792066616e732074686520656d62657273206f66206120646f726d616e74206e6174696f6e616c20677269656620616e6420637572696f736974792074686174206861732063616c63696669656420696e746f206368726f6e69632063796e696369736d20616e6420666561722e205265766965772053656e74696d656e743a,52657669657720546578743a20496620796f75277265206e6f7420696e746f2074686520506f6b656d6f6e206672616e63686973652c207468697320666f7572746820616e696d61746564206d6f76696520696e20666f757220796561727320776f6e277420636f6e7665727420796f752d2d6f72206576656e206b65657020796f75722065796573206f70656e2e205265766965772053656e74696d656e743a,73902e6970ee0cf289667bd69946573163552270a65e89df56835338a3fbed12,e0922c6137e5d09835dd9b5fbb4f69579a3a8b3ca230c9a287da5bb87a1ea61e,"[19432, 2918, 25, 29404, 43524, 269, 51771, 42206, 7887, 7211, 279, 976, 1902, 315, 264, 88360, 5313, 37284, 323, 40228, 429, 702, 10035, 1870, 1119, 20601, 47264, 41814, 323, 8679, 13, 10294, 23361, 3819, 25]","[19432, 2918, 25, 1416, 498, 2299, 537, 1119, 279, 27731, 19024, 11, 419, 11737, 11371, 5700, 304, 3040, 1635, 2765, 944, 5508, 498, 313, 269, 1496, 2506, 697, 6414, 1787, 13, 10294, 23361, 3819, 25]",35,35,True,Writer-director Burger imaginatively fans the embers of a dormant national grief and curiosity that has calcified into chronic cynicism and fear.,"If you're not into the Pokemon franchise, this fourth animated movie in four years won't convert you--or even keep your eyes open.",tigges,True
sst_tigges_pythia_correct_test,325,sst-756,sst-104,0,1,"Review Text: If you're not into the Pokemon franchise, this fourth animated movie in four years won't convert you--or even keep your eyes open. Review Sentiment:",Review Text: Writer-director Burger imaginatively fans the embers of a dormant national grief and curiosity that has calcified into chronic cynicism and fear. Review Sentiment:,"""Review Text: If you're not into the Pokemon franchise, this fourth animated movie in four years won't convert you--or even keep your eyes open. Review Sentiment:""",'Review Text: Writer-director Burger imaginatively fans the embers of a dormant national grief and curiosity that has calcified into chronic cynicism and fear. Review Sentiment:',52657669657720546578743a20496620796f75277265206e6f7420696e746f2074686520506f6b656d6f6e206672616e63686973652c207468697320666f7572746820616e696d61746564206d6f76696520696e20666f757220796561727320776f6e277420636f6e7665727420796f752d2d6f72206576656e206b65657020796f75722065796573206f70656e2e205265766965772053656e74696d656e743a,52657669657720546578743a205772697465722d6469726563746f722042757267657220696d6167696e61746976656c792066616e732074686520656d62657273206f66206120646f726d616e74206e6174696f6e616c20677269656620616e6420637572696f736974792074686174206861732063616c63696669656420696e746f206368726f6e69632063796e696369736d20616e6420666561722e205265766965772053656e74696d656e743a,e0922c6137e5d09835dd9b5fbb4f69579a3a8b3ca230c9a287da5bb87a1ea61e,73902e6970ee0cf289667bd69946573163552270a65e89df56835338a3fbed12,"[19432, 2918, 25, 1416, 498, 2299, 537, 1119, 279, 27731, 19024, 11, 419, 11737, 11371, 5700, 304, 3040, 1635, 2765, 944, 5508, 498, 313, 269, 1496, 2506, 697, 6414, 1787, 13, 10294, 23361, 3819, 25]","[19432, 2918, 25, 29404, 43524, 269, 51771, 42206, 7887, 7211, 279, 976, 1902, 315, 264, 88360, 5313, 37284, 323, 40228, 429, 702, 10035, 1870, 1119, 20601, 47264, 41814, 323, 8679, 13, 10294, 23361, 3819, 25]",35,35,True,"If you're not into the Pokemon franchise, this fourth animated movie in four years won't convert you--or even keep your eyes open.",Writer-director Burger imaginatively fans the embers of a dormant national grief and curiosity that has calcified into chronic cynicism and fear.,tigges,True
sst_tigges_pythia_correct_test,326,sst-79,sst-8540,1,0,"Review Text: The appearance of Treebeard and Gollum's expanded role will either have you loving what you're seeing, or rolling your eyes. Review Sentiment:","Review Text: Though Avary has done his best to make something out of Ellis' nothing novel, in the end, his Rules is barely worth following. Review Sentiment:","""Review Text: The appearance of Treebeard and Gollum's expanded role will either have you loving what you're seeing, or rolling your eyes. Review Sentiment:""","""Review Text: Though Avary has done his best to make something out of Ellis' nothing novel, in the end, his Rules is barely worth following. Review Sentiment:""",52657669657720546578743a2054686520617070656172616e6365206f662054726565626561726420616e6420476f6c6c756d277320657870616e64656420726f6c652077696c6c20656974686572206861766520796f75206c6f76696e67207768617420796f7527726520736565696e672c206f7220726f6c6c696e6720796f757220657965732e205265766965772053656e74696d656e743a,52657669657720546578743a2054686f7567682041766172792068617320646f6e6520686973206265737420746f206d616b6520736f6d657468696e67206f7574206f6620456c6c697327206e6f7468696e67206e6f76656c2c20696e2074686520656e642c206869732052756c657320697320626172656c7920776f72746820666f6c6c6f77696e672e205265766965772053656e74696d656e743a,ba06176ee84da041aa03bfbef6b709846e77fbd0e30a43a07f333e2905960f27,3c50f944e7c2b9e89415302f685c6b4c92768b549a2f67c4eea437f9844fd184,"[19432, 2918, 25, 576, 11094, 315, 8942, 1371, 567, 323, 479, 965, 372, 594, 17183, 3476, 686, 2987, 614, 498, 21258, 1128, 498, 2299, 9120, 11, 476, 20097, 697, 6414, 13, 10294, 23361, 3819, 25]","[19432, 2918, 25, 17594, 7519, 658, 702, 2814, 806, 1850, 311, 1281, 2494, 700, 315, 43607, 6, 4302, 11514, 11, 304, 279, 835, 11, 806, 22847, 374, 19460, 5802, 2701, 13, 10294, 23361, 3819, 25]",35,35,True,"The appearance of Treebeard and Gollum's expanded role will either have you loving what you're seeing, or rolling your eyes.","Though Avary has done his best to make something out of Ellis' nothing novel, in the end, his Rules is barely worth following.",tigges,True
sst_tigges_pythia_correct_test,327,sst-8540,sst-79,0,1,"Review Text: Though Avary has done his best to make something out of Ellis' nothing novel, in the end, his Rules is barely worth following. Review Sentiment:","Review Text: The appearance of Treebeard and Gollum's expanded role will either have you loving what you're seeing, or rolling your eyes. Review Sentiment:","""Review Text: Though Avary has done his best to make something out of Ellis' nothing novel, in the end, his Rules is barely worth following. Review Sentiment:""","""Review Text: The appearance of Treebeard and Gollum's expanded role will either have you loving what you're seeing, or rolling your eyes. Review Sentiment:""",52657669657720546578743a2054686f7567682041766172792068617320646f6e6520686973206265737420746f206d616b6520736f6d657468696e67206f7574206f6620456c6c697327206e6f7468696e67206e6f76656c2c20696e2074686520656e642c206869732052756c657320697320626172656c7920776f72746820666f6c6c6f77696e672e205265766965772053656e74696d656e743a,52657669657720546578743a2054686520617070656172616e6365206f662054726565626561726420616e6420476f6c6c756d277320657870616e64656420726f6c652077696c6c20656974686572206861766520796f75206c6f76696e67207768617420796f7527726520736565696e672c206f7220726f6c6c696e6720796f757220657965732e205265766965772053656e74696d656e743a,3c50f944e7c2b9e89415302f685c6b4c92768b549a2f67c4eea437f9844fd184,ba06176ee84da041aa03bfbef6b709846e77fbd0e30a43a07f333e2905960f27,"[19432, 2918, 25, 17594, 7519, 658, 702, 2814, 806, 1850, 311, 1281, 2494, 700, 315, 43607, 6, 4302, 11514, 11, 304, 279, 835, 11, 806, 22847, 374, 19460, 5802, 2701, 13, 10294, 23361, 3819, 25]","[19432, 2918, 25, 576, 11094, 315, 8942, 1371, 567, 323, 479, 965, 372, 594, 17183, 3476, 686, 2987, 614, 498, 21258, 1128, 498, 2299, 9120, 11, 476, 20097, 697, 6414, 13, 10294, 23361, 3819, 25]",35,35,True,"Though Avary has done his best to make something out of Ellis' nothing novel, in the end, his Rules is barely worth following.","The appearance of Treebeard and Gollum's expanded role will either have you loving what you're seeing, or rolling your eyes.",tigges,True
sst_tigges_pythia_correct_test,328,sst-1094,sst-8131,1,0,"Review Text: To the film's credit, the acting is fresh and unselfconscious, and Munch is a marvel of reality versus sappy sentiment. Review Sentiment:","Review Text: A boring, wincingly cute and nauseatingly politically correct cartoon guaranteed to drive anyone much over age 4 screaming from the theater. Review Sentiment:","""Review Text: To the film's credit, the acting is fresh and unselfconscious, and Munch is a marvel of reality versus sappy sentiment. Review Sentiment:""","'Review Text: A boring, wincingly cute and nauseatingly politically correct cartoon guaranteed to drive anyone much over age 4 screaming from the theater. Review Sentiment:'",52657669657720546578743a20546f207468652066696c6d2773206372656469742c2074686520616374696e6720697320667265736820616e6420756e73656c66636f6e7363696f75732c20616e64204d756e63682069732061206d617276656c206f66207265616c697479207665727375732073617070792073656e74696d656e742e205265766965772053656e74696d656e743a,52657669657720546578743a204120626f72696e672c2077696e63696e676c79206375746520616e64206e617573656174696e676c7920706f6c69746963616c6c7920636f727265637420636172746f6f6e2067756172616e7465656420746f20647269766520616e796f6e65206d756368206f7665722061676520342073637265616d696e672066726f6d2074686520746865617465722e205265766965772053656e74696d656e743a,920795d64b4b326793a63d89524ec0ab375ef25acab3b025ac559c284047baf2,3995c9e2c9ab07634814897ffa63647d7cc6733f17f9f830e5f64eb831fe9587,"[19432, 2918, 25, 2014, 279, 4531, 594, 6668, 11, 279, 15358, 374, 7722, 323, 650, 721, 63489, 11, 323, 386, 3185, 374, 264, 44782, 315, 8729, 19041, 274, 11144, 25975, 13, 10294, 23361, 3819, 25]","[19432, 2918, 25, 362, 27759, 11, 289, 2840, 11307, 18838, 323, 48294, 1095, 398, 30105, 4396, 30349, 19323, 311, 6541, 5489, 1753, 916, 4231, 220, 19, 34001, 504, 279, 26705, 13, 10294, 23361, 3819, 25]",35,35,True,"To the film's credit, the acting is fresh and unselfconscious, and Munch is a marvel of reality versus sappy sentiment.","A boring, wincingly cute and nauseatingly politically correct cartoon guaranteed to drive anyone much over age 4 screaming from the theater.",tigges,True
sst_tigges_pythia_correct_test,329,sst-8131,sst-1094,0,1,"Review Text: A boring, wincingly cute and nauseatingly politically correct cartoon guaranteed to drive anyone much over age 4 screaming from the theater. Review Sentiment:","Review Text: To the film's credit, the acting is fresh and unselfconscious, and Munch is a marvel of reality versus sappy sentiment. Review Sentiment:","'Review Text: A boring, wincingly cute and nauseatingly politically correct cartoon guaranteed to drive anyone much over age 4 screaming from the theater. Review Sentiment:'","""Review Text: To the film's credit, the acting is fresh and unselfconscious, and Munch is a marvel of reality versus sappy sentiment. Review Sentiment:""",52657669657720546578743a204120626f72696e672c2077696e63696e676c79206375746520616e64206e617573656174696e676c7920706f6c69746963616c6c7920636f727265637420636172746f6f6e2067756172616e7465656420746f20647269766520616e796f6e65206d756368206f7665722061676520342073637265616d696e672066726f6d2074686520746865617465722e205265766965772053656e74696d656e743a,52657669657720546578743a20546f207468652066696c6d2773206372656469742c2074686520616374696e6720697320667265736820616e6420756e73656c66636f6e7363696f75732c20616e64204d756e63682069732061206d617276656c206f66207265616c697479207665727375732073617070792073656e74696d656e742e205265766965772053656e74696d656e743a,3995c9e2c9ab07634814897ffa63647d7cc6733f17f9f830e5f64eb831fe9587,920795d64b4b326793a63d89524ec0ab375ef25acab3b025ac559c284047baf2,"[19432, 2918, 25, 362, 27759, 11, 289, 2840, 11307, 18838, 323, 48294, 1095, 398, 30105, 4396, 30349, 19323, 311, 6541, 5489, 1753, 916, 4231, 220, 19, 34001, 504, 279, 26705, 13, 10294, 23361, 3819, 25]","[19432, 2918, 25, 2014, 279, 4531, 594, 6668, 11, 279, 15358, 374, 7722, 323, 650, 721, 63489, 11, 323, 386, 3185, 374, 264, 44782, 315, 8729, 19041, 274, 11144, 25975, 13, 10294, 23361, 3819, 25]",35,35,True,"A boring, wincingly cute and nauseatingly politically correct cartoon guaranteed to drive anyone much over age 4 screaming from the theater.","To the film's credit, the acting is fresh and unselfconscious, and Munch is a marvel of reality versus sappy sentiment.",tigges,True
sst_tigges_pythia_correct_test,330,sst-358,sst-8693,1,0,"Review Text: This is such a high-energy movie where the drumming and the marching are so excellent, who cares if the story's a little weak. Review Sentiment:","Review Text: An unsatisfying hybrid of Blair Witch and typical stalk-and-slash fare, where the most conservative protagonist is always the last one living. Review Sentiment:","""Review Text: This is such a high-energy movie where the drumming and the marching are so excellent, who cares if the story's a little weak. Review Sentiment:""","'Review Text: An unsatisfying hybrid of Blair Witch and typical stalk-and-slash fare, where the most conservative protagonist is always the last one living. Review Sentiment:'",52657669657720546578743a20546869732069732073756368206120686967682d656e65726779206d6f76696520776865726520746865206472756d6d696e6720616e6420746865206d61726368696e672061726520736f20657863656c6c656e742c2077686f206361726573206966207468652073746f727927732061206c6974746c65207765616b2e205265766965772053656e74696d656e743a,52657669657720546578743a20416e20756e73617469736679696e6720687962726964206f6620426c61697220576974636820616e64207479706963616c207374616c6b2d616e642d736c61736820666172652c20776865726520746865206d6f737420636f6e7365727661746976652070726f7461676f6e69737420697320616c7761797320746865206c617374206f6e65206c6976696e672e205265766965772053656e74696d656e743a,d6e056147fea9de31383086c45770b33c6cbce9aefd523575cdbf8e65e334f36,5f9a6ba9cbcfe6d8a9c3ff38645e95bc2bb51f32d0bca9fa418c5145853ec95b,"[19432, 2918, 25, 1096, 374, 1741, 264, 1550, 64387, 5700, 1380, 279, 23196, 5311, 323, 279, 61098, 525, 773, 9073, 11, 879, 33572, 421, 279, 3364, 594, 264, 2632, 7469, 13, 10294, 23361, 3819, 25]","[19432, 2918, 25, 1527, 6975, 7478, 7024, 24989, 315, 41869, 38350, 323, 14260, 54872, 9777, 1331, 24686, 20425, 11, 1380, 279, 1429, 15332, 45584, 374, 2677, 279, 1537, 825, 5382, 13, 10294, 23361, 3819, 25]",35,35,True,"This is such a high-energy movie where the drumming and the marching are so excellent, who cares if the story's a little weak.","An unsatisfying hybrid of Blair Witch and typical stalk-and-slash fare, where the most conservative protagonist is always the last one living.",tigges,True
sst_tigges_pythia_correct_test,331,sst-8693,sst-358,0,1,"Review Text: An unsatisfying hybrid of Blair Witch and typical stalk-and-slash fare, where the most conservative protagonist is always the last one living. Review Sentiment:","Review Text: This is such a high-energy movie where the drumming and the marching are so excellent, who cares if the story's a little weak. Review Sentiment:","'Review Text: An unsatisfying hybrid of Blair Witch and typical stalk-and-slash fare, where the most conservative protagonist is always the last one living. Review Sentiment:'","""Review Text: This is such a high-energy movie where the drumming and the marching are so excellent, who cares if the story's a little weak. Review Sentiment:""",52657669657720546578743a20416e20756e73617469736679696e6720687962726964206f6620426c61697220576974636820616e64207479706963616c207374616c6b2d616e642d736c61736820666172652c20776865726520746865206d6f737420636f6e7365727661746976652070726f7461676f6e69737420697320616c7761797320746865206c617374206f6e65206c6976696e672e205265766965772053656e74696d656e743a,52657669657720546578743a20546869732069732073756368206120686967682d656e65726779206d6f76696520776865726520746865206472756d6d696e6720616e6420746865206d61726368696e672061726520736f20657863656c6c656e742c2077686f206361726573206966207468652073746f727927732061206c6974746c65207765616b2e205265766965772053656e74696d656e743a,5f9a6ba9cbcfe6d8a9c3ff38645e95bc2bb51f32d0bca9fa418c5145853ec95b,d6e056147fea9de31383086c45770b33c6cbce9aefd523575cdbf8e65e334f36,"[19432, 2918, 25, 1527, 6975, 7478, 7024, 24989, 315, 41869, 38350, 323, 14260, 54872, 9777, 1331, 24686, 20425, 11, 1380, 279, 1429, 15332, 45584, 374, 2677, 279, 1537, 825, 5382, 13, 10294, 23361, 3819, 25]","[19432, 2918, 25, 1096, 374, 1741, 264, 1550, 64387, 5700, 1380, 279, 23196, 5311, 323, 279, 61098, 525, 773, 9073, 11, 879, 33572, 421, 279, 3364, 594, 264, 2632, 7469, 13, 10294, 23361, 3819, 25]",35,35,True,"An unsatisfying hybrid of Blair Witch and typical stalk-and-slash fare, where the most conservative protagonist is always the last one living.","This is such a high-energy movie where the drumming and the marching are so excellent, who cares if the story's a little weak.",tigges,True
sst_tigges_pythia_correct_test,332,sst-167,sst-8016,1,0,"Review Text: It's an old story, but a lively script, sharp acting and partially animated interludes make Just a Kiss seem minty fresh. Review Sentiment:","Review Text: Some, like Ballistic, arrive stillborn... looking like the beaten, well-worn video box cover of seven years into the future. Review Sentiment:","""Review Text: It's an old story, but a lively script, sharp acting and partially animated interludes make Just a Kiss seem minty fresh. Review Sentiment:""","'Review Text: Some, like Ballistic, arrive stillborn... looking like the beaten, well-worn video box cover of seven years into the future. Review Sentiment:'",52657669657720546578743a204974277320616e206f6c642073746f72792c206275742061206c6976656c79207363726970742c20736861727020616374696e6720616e64207061727469616c6c7920616e696d6174656420696e7465726c75646573206d616b65204a7573742061204b697373207365656d206d696e74792066726573682e205265766965772053656e74696d656e743a,52657669657720546578743a20536f6d652c206c696b652042616c6c69737469632c20617272697665207374696c6c626f726e2e2e2e206c6f6f6b696e67206c696b65207468652062656174656e2c2077656c6c2d776f726e20766964656f20626f7820636f766572206f6620736576656e20796561727320696e746f20746865206675747572652e205265766965772053656e74696d656e743a,5ddeefada17865745f4e1293b04fb775171037278e48e974b8118ac4d7db707f,aea7a21847b00b7748156559309309703c1e1772fc868578e0705be74aa4b470,"[19432, 2918, 25, 1084, 594, 458, 2310, 3364, 11, 714, 264, 48177, 5316, 11, 17232, 15358, 323, 25244, 11371, 946, 75, 28146, 1281, 4599, 264, 43630, 2803, 28337, 88, 7722, 13, 10294, 23361, 3819, 25]","[19432, 2918, 25, 4329, 11, 1075, 12836, 4532, 11, 17331, 2058, 15998, 1112, 3330, 1075, 279, 30294, 11, 1632, 2630, 1512, 2766, 3745, 3421, 315, 8094, 1635, 1119, 279, 3853, 13, 10294, 23361, 3819, 25]",35,35,True,"It's an old story, but a lively script, sharp acting and partially animated interludes make Just a Kiss seem minty fresh.","Some, like Ballistic, arrive stillborn... looking like the beaten, well-worn video box cover of seven years into the future.",tigges,True
sst_tigges_pythia_correct_test,333,sst-8016,sst-167,0,1,"Review Text: Some, like Ballistic, arrive stillborn... looking like the beaten, well-worn video box cover of seven years into the future. Review Sentiment:","Review Text: It's an old story, but a lively script, sharp acting and partially animated interludes make Just a Kiss seem minty fresh. Review Sentiment:","'Review Text: Some, like Ballistic, arrive stillborn... looking like the beaten, well-worn video box cover of seven years into the future. Review Sentiment:'","""Review Text: It's an old story, but a lively script, sharp acting and partially animated interludes make Just a Kiss seem minty fresh. Review Sentiment:""",52657669657720546578743a20536f6d652c206c696b652042616c6c69737469632c20617272697665207374696c6c626f726e2e2e2e206c6f6f6b696e67206c696b65207468652062656174656e2c2077656c6c2d776f726e20766964656f20626f7820636f766572206f6620736576656e20796561727320696e746f20746865206675747572652e205265766965772053656e74696d656e743a,52657669657720546578743a204974277320616e206f6c642073746f72792c206275742061206c6976656c79207363726970742c20736861727020616374696e6720616e64207061727469616c6c7920616e696d6174656420696e7465726c75646573206d616b65204a7573742061204b697373207365656d206d696e74792066726573682e205265766965772053656e74696d656e743a,aea7a21847b00b7748156559309309703c1e1772fc868578e0705be74aa4b470,5ddeefada17865745f4e1293b04fb775171037278e48e974b8118ac4d7db707f,"[19432, 2918, 25, 4329, 11, 1075, 12836, 4532, 11, 17331, 2058, 15998, 1112, 3330, 1075, 279, 30294, 11, 1632, 2630, 1512, 2766, 3745, 3421, 315, 8094, 1635, 1119, 279, 3853, 13, 10294, 23361, 3819, 25]","[19432, 2918, 25, 1084, 594, 458, 2310, 3364, 11, 714, 264, 48177, 5316, 11, 17232, 15358, 323, 25244, 11371, 946, 75, 28146, 1281, 4599, 264, 43630, 2803, 28337, 88, 7722, 13, 10294, 23361, 3819, 25]",35,35,True,"Some, like Ballistic, arrive stillborn... looking like the beaten, well-worn video box cover of seven years into the future.","It's an old story, but a lively script, sharp acting and partially animated interludes make Just a Kiss seem minty fresh.",tigges,True
sst_tigges_pythia_correct_test,334,sst-458,sst-8993,1,0,"Review Text: A splendid entertainment, young in spirit but accomplished in all aspects with the fullness of spirit and sense of ease that comes only with experience. Review Sentiment:",Review Text: All these developments and challenges facing Santa weigh down the plot so heavily that they drain all the film of its energy and needlessly strain credibility. Review Sentiment:,"'Review Text: A splendid entertainment, young in spirit but accomplished in all aspects with the fullness of spirit and sense of ease that comes only with experience. Review Sentiment:'",'Review Text: All these developments and challenges facing Santa weigh down the plot so heavily that they drain all the film of its energy and needlessly strain credibility. Review Sentiment:',52657669657720546578743a20412073706c656e64696420656e7465727461696e6d656e742c20796f756e6720696e2073706972697420627574206163636f6d706c697368656420696e20616c6c20617370656374732077697468207468652066756c6c6e657373206f662073706972697420616e642073656e7365206f662065617365207468617420636f6d6573206f6e6c79207769746820657870657269656e63652e205265766965772053656e74696d656e743a,52657669657720546578743a20416c6c20746865736520646576656c6f706d656e747320616e64206368616c6c656e67657320666163696e672053616e746120776569676820646f776e2074686520706c6f7420736f2068656176696c792074686174207468657920647261696e20616c6c207468652066696c6d206f662069747320656e6572677920616e64206e6565646c6573736c792073747261696e20637265646962696c6974792e205265766965772053656e74696d656e743a,982470e9462744edeefd820a7de541068504fa32bd42f3d4808484f75ee59fa6,9e6b803fa8deab7994040a0530ab77f4d90f1124c18e1513faf8feff15855a30,"[19432, 2918, 25, 362, 69860, 16517, 11, 3908, 304, 8913, 714, 26237, 304, 678, 13566, 448, 279, 2480, 2090, 315, 8913, 323, 5530, 315, 14219, 429, 4041, 1172, 448, 3139, 13, 10294, 23361, 3819, 25]","[19432, 2918, 25, 2009, 1493, 24961, 323, 11513, 12880, 15993, 17529, 1495, 279, 7089, 773, 16916, 429, 807, 23727, 678, 279, 4531, 315, 1181, 4802, 323, 1184, 15740, 25716, 37669, 13, 10294, 23361, 3819, 25]",35,35,True,"A splendid entertainment, young in spirit but accomplished in all aspects with the fullness of spirit and sense of ease that comes only with experience.",All these developments and challenges facing Santa weigh down the plot so heavily that they drain all the film of its energy and needlessly strain credibility.,tigges,True
sst_tigges_pythia_correct_test,335,sst-8993,sst-458,0,1,Review Text: All these developments and challenges facing Santa weigh down the plot so heavily that they drain all the film of its energy and needlessly strain credibility. Review Sentiment:,"Review Text: A splendid entertainment, young in spirit but accomplished in all aspects with the fullness of spirit and sense of ease that comes only with experience. Review Sentiment:",'Review Text: All these developments and challenges facing Santa weigh down the plot so heavily that they drain all the film of its energy and needlessly strain credibility. Review Sentiment:',"'Review Text: A splendid entertainment, young in spirit but accomplished in all aspects with the fullness of spirit and sense of ease that comes only with experience. Review Sentiment:'",52657669657720546578743a20416c6c20746865736520646576656c6f706d656e747320616e64206368616c6c656e67657320666163696e672053616e746120776569676820646f776e2074686520706c6f7420736f2068656176696c792074686174207468657920647261696e20616c6c207468652066696c6d206f662069747320656e6572677920616e64206e6565646c6573736c792073747261696e20637265646962696c6974792e205265766965772053656e74696d656e743a,52657669657720546578743a20412073706c656e64696420656e7465727461696e6d656e742c20796f756e6720696e2073706972697420627574206163636f6d706c697368656420696e20616c6c20617370656374732077697468207468652066756c6c6e657373206f662073706972697420616e642073656e7365206f662065617365207468617420636f6d6573206f6e6c79207769746820657870657269656e63652e205265766965772053656e74696d656e743a,9e6b803fa8deab7994040a0530ab77f4d90f1124c18e1513faf8feff15855a30,982470e9462744edeefd820a7de541068504fa32bd42f3d4808484f75ee59fa6,"[19432, 2918, 25, 2009, 1493, 24961, 323, 11513, 12880, 15993, 17529, 1495, 279, 7089, 773, 16916, 429, 807, 23727, 678, 279, 4531, 315, 1181, 4802, 323, 1184, 15740, 25716, 37669, 13, 10294, 23361, 3819, 25]","[19432, 2918, 25, 362, 69860, 16517, 11, 3908, 304, 8913, 714, 26237, 304, 678, 13566, 448, 279, 2480, 2090, 315, 8913, 323, 5530, 315, 14219, 429, 4041, 1172, 448, 3139, 13, 10294, 23361, 3819, 25]",35,35,True,All these developments and challenges facing Santa weigh down the plot so heavily that they drain all the film of its energy and needlessly strain credibility.,"A splendid entertainment, young in spirit but accomplished in all aspects with the fullness of spirit and sense of ease that comes only with experience.",tigges,True
sst_tigges_pythia_correct_test,336,sst-1018,sst-8371,1,0,"Review Text: A perverse little truffle, dainty psychological terror on the outside with a creamy filling of familial jealousy and unrepentant domestic psychopathy. Review Sentiment:","Review Text: These spiders can outrun a motorcycle and wrap a person in a sticky cocoon in seconds, but they fall short of being interesting or entertaining. Review Sentiment:","'Review Text: A perverse little truffle, dainty psychological terror on the outside with a creamy filling of familial jealousy and unrepentant domestic psychopathy. Review Sentiment:'","'Review Text: These spiders can outrun a motorcycle and wrap a person in a sticky cocoon in seconds, but they fall short of being interesting or entertaining. Review Sentiment:'",52657669657720546578743a2041207065727665727365206c6974746c652074727566666c652c206461696e74792070737963686f6c6f676963616c20746572726f72206f6e20746865206f7574736964652077697468206120637265616d792066696c6c696e67206f662066616d696c69616c206a65616c6f75737920616e6420756e726570656e74616e7420646f6d65737469632070737963686f70617468792e205265766965772053656e74696d656e743a,52657669657720546578743a20546865736520737069646572732063616e206f757472756e2061206d6f746f726379636c6520616e642077726170206120706572736f6e20696e206120737469636b7920636f636f6f6e20696e207365636f6e64732c2062757420746865792066616c6c2073686f7274206f66206265696e6720696e746572657374696e67206f7220656e7465727461696e696e672e205265766965772053656e74696d656e743a,49c8f0dd3c5999feb4180053c0ae366bdd1f03bc99e2934114a3fc3a229b11b7,325164600c2d1c7af9958a32443c2d9f0611c5f9cc4f55712249e7914210cfcd,"[19432, 2918, 25, 362, 94804, 2632, 489, 13208, 11, 294, 18271, 23187, 8648, 389, 279, 4889, 448, 264, 46885, 21274, 315, 97204, 79722, 323, 650, 9995, 306, 517, 12728, 8671, 52942, 13, 10294, 23361, 3819, 25]","[19432, 2918, 25, 4220, 62136, 646, 17852, 359, 264, 34304, 323, 15061, 264, 1697, 304, 264, 27402, 21690, 9009, 304, 6486, 11, 714, 807, 4399, 2805, 315, 1660, 7040, 476, 29211, 13, 10294, 23361, 3819, 25]",36,36,True,"A perverse little truffle, dainty psychological terror on the outside with a creamy filling of familial jealousy and unrepentant domestic psychopathy.","These spiders can outrun a motorcycle and wrap a person in a sticky cocoon in seconds, but they fall short of being interesting or entertaining.",tigges,True
sst_tigges_pythia_correct_test,337,sst-8371,sst-1018,0,1,"Review Text: These spiders can outrun a motorcycle and wrap a person in a sticky cocoon in seconds, but they fall short of being interesting or entertaining. Review Sentiment:","Review Text: A perverse little truffle, dainty psychological terror on the outside with a creamy filling of familial jealousy and unrepentant domestic psychopathy. Review Sentiment:","'Review Text: These spiders can outrun a motorcycle and wrap a person in a sticky cocoon in seconds, but they fall short of being interesting or entertaining. Review Sentiment:'","'Review Text: A perverse little truffle, dainty psychological terror on the outside with a creamy filling of familial jealousy and unrepentant domestic psychopathy. Review Sentiment:'",52657669657720546578743a20546865736520737069646572732063616e206f757472756e2061206d6f746f726379636c6520616e642077726170206120706572736f6e20696e206120737469636b7920636f636f6f6e20696e207365636f6e64732c2062757420746865792066616c6c2073686f7274206f66206265696e6720696e746572657374696e67206f7220656e7465727461696e696e672e205265766965772053656e74696d656e743a,52657669657720546578743a2041207065727665727365206c6974746c652074727566666c652c206461696e74792070737963686f6c6f676963616c20746572726f72206f6e20746865206f7574736964652077697468206120637265616d792066696c6c696e67206f662066616d696c69616c206a65616c6f75737920616e6420756e726570656e74616e7420646f6d65737469632070737963686f70617468792e205265766965772053656e74696d656e743a,325164600c2d1c7af9958a32443c2d9f0611c5f9cc4f55712249e7914210cfcd,49c8f0dd3c5999feb4180053c0ae366bdd1f03bc99e2934114a3fc3a229b11b7,"[19432, 2918, 25, 4220, 62136, 646, 17852, 359, 264, 34304, 323, 15061, 264, 1697, 304, 264, 27402, 21690, 9009, 304, 6486, 11, 714, 807, 4399, 2805, 315, 1660, 7040, 476, 29211, 13, 10294, 23361, 3819, 25]","[19432, 2918, 25, 362, 94804, 2632, 489, 13208, 11, 294, 18271, 23187, 8648, 389, 279, 4889, 448, 264, 46885, 21274, 315, 97204, 79722, 323, 650, 9995, 306, 517, 12728, 8671, 52942, 13, 10294, 23361, 3819, 25]",36,36,True,"These spiders can outrun a motorcycle and wrap a person in a sticky cocoon in seconds, but they fall short of being interesting or entertaining.","A perverse little truffle, dainty psychological terror on the outside with a creamy filling of familial jealousy and unrepentant domestic psychopathy.",tigges,True
sst_tigges_pythia_correct_test,338,sst-57,sst-8852,1,0,"Review Text: Sandra Nettelbeck beautifully orchestrates the transformation of the chilly, neurotic, and self-absorbed Martha as her heart begins to open. Review Sentiment:","Review Text: As it abruptly crosscuts among the five friends, it fails to lend the characters' individual stories enough dramatic resonance to make us care about them. Review Sentiment:","'Review Text: Sandra Nettelbeck beautifully orchestrates the transformation of the chilly, neurotic, and self-absorbed Martha as her heart begins to open. Review Sentiment:'","""Review Text: As it abruptly crosscuts among the five friends, it fails to lend the characters' individual stories enough dramatic resonance to make us care about them. Review Sentiment:""",52657669657720546578743a2053616e647261204e657474656c6265636b2062656175746966756c6c79206f726368657374726174657320746865207472616e73666f726d6174696f6e206f6620746865206368696c6c792c206e6575726f7469632c20616e642073656c662d6162736f72626564204d61727468612061732068657220686561727420626567696e7320746f206f70656e2e205265766965772053656e74696d656e743a,52657669657720546578743a204173206974206162727570746c792063726f73736375747320616d6f6e6720746865206669766520667269656e64732c206974206661696c7320746f206c656e642074686520636861726163746572732720696e646976696475616c2073746f7269657320656e6f756768206472616d61746963207265736f6e616e636520746f206d616b6520757320636172652061626f7574207468656d2e205265766965772053656e74696d656e743a,1fc3df307e193b5a8b62f01b6ab532b1ec86721cd045d3a45a65488d246ce0e7,365ac5b5f53ffba957d3281245488412327acd126f35f099db27b0f83468c15e,"[19432, 2918, 25, 55686, 451, 84793, 54077, 31619, 65128, 973, 279, 17991, 315, 279, 80875, 11, 17773, 28050, 11, 323, 656, 96410, 269, 2721, 50870, 438, 1059, 4746, 12033, 311, 1787, 13, 10294, 23361, 3819, 25]","[19432, 2918, 25, 1634, 432, 59745, 5312, 22497, 4221, 279, 4236, 4780, 11, 432, 14525, 311, 38480, 279, 5766, 6, 3842, 7343, 3322, 21771, 56981, 311, 1281, 601, 2453, 911, 1105, 13, 10294, 23361, 3819, 25]",36,36,True,"Sandra Nettelbeck beautifully orchestrates the transformation of the chilly, neurotic, and self-absorbed Martha as her heart begins to open.","As it abruptly crosscuts among the five friends, it fails to lend the characters' individual stories enough dramatic resonance to make us care about them.",tigges,True
sst_tigges_pythia_correct_test,339,sst-8852,sst-57,0,1,"Review Text: As it abruptly crosscuts among the five friends, it fails to lend the characters' individual stories enough dramatic resonance to make us care about them. Review Sentiment:","Review Text: Sandra Nettelbeck beautifully orchestrates the transformation of the chilly, neurotic, and self-absorbed Martha as her heart begins to open. Review Sentiment:","""Review Text: As it abruptly crosscuts among the five friends, it fails to lend the characters' individual stories enough dramatic resonance to make us care about them. Review Sentiment:""","'Review Text: Sandra Nettelbeck beautifully orchestrates the transformation of the chilly, neurotic, and self-absorbed Martha as her heart begins to open. Review Sentiment:'",52657669657720546578743a204173206974206162727570746c792063726f73736375747320616d6f6e6720746865206669766520667269656e64732c206974206661696c7320746f206c656e642074686520636861726163746572732720696e646976696475616c2073746f7269657320656e6f756768206472616d61746963207265736f6e616e636520746f206d616b6520757320636172652061626f7574207468656d2e205265766965772053656e74696d656e743a,52657669657720546578743a2053616e647261204e657474656c6265636b2062656175746966756c6c79206f726368657374726174657320746865207472616e73666f726d6174696f6e206f6620746865206368696c6c792c206e6575726f7469632c20616e642073656c662d6162736f72626564204d61727468612061732068657220686561727420626567696e7320746f206f70656e2e205265766965772053656e74696d656e743a,365ac5b5f53ffba957d3281245488412327acd126f35f099db27b0f83468c15e,1fc3df307e193b5a8b62f01b6ab532b1ec86721cd045d3a45a65488d246ce0e7,"[19432, 2918, 25, 1634, 432, 59745, 5312, 22497, 4221, 279, 4236, 4780, 11, 432, 14525, 311, 38480, 279, 5766, 6, 3842, 7343, 3322, 21771, 56981, 311, 1281, 601, 2453, 911, 1105, 13, 10294, 23361, 3819, 25]","[19432, 2918, 25, 55686, 451, 84793, 54077, 31619, 65128, 973, 279, 17991, 315, 279, 80875, 11, 17773, 28050, 11, 323, 656, 96410, 269, 2721, 50870, 438, 1059, 4746, 12033, 311, 1787, 13, 10294, 23361, 3819, 25]",36,36,True,"As it abruptly crosscuts among the five friends, it fails to lend the characters' individual stories enough dramatic resonance to make us care about them.","Sandra Nettelbeck beautifully orchestrates the transformation of the chilly, neurotic, and self-absorbed Martha as her heart begins to open.",tigges,True
sst_tigges_pythia_correct_test,340,sst-353,sst-9027,1,0,"Review Text: Those who would follow Haneke on his creepy explorations... are rewarded by brutal, committed performances from Huppert and Magimel. Review Sentiment:",Review Text: An atonal estrogen opera that demonizes feminism while gifting the most sympathetic male of the piece with a nice vomit bath at his wedding. Review Sentiment:,"'Review Text: Those who would follow Haneke on his creepy explorations... are rewarded by brutal, committed performances from Huppert and Magimel. Review Sentiment:'",'Review Text: An atonal estrogen opera that demonizes feminism while gifting the most sympathetic male of the piece with a nice vomit bath at his wedding. Review Sentiment:',52657669657720546578743a2054686f73652077686f20776f756c6420666f6c6c6f772048616e656b65206f6e2068697320637265657079206578706c6f726174696f6e732e2e2e206172652072657761726465642062792062727574616c2c20636f6d6d697474656420706572666f726d616e6365732066726f6d204875707065727420616e64204d6167696d656c2e205265766965772053656e74696d656e743a,52657669657720546578743a20416e2061746f6e616c20657374726f67656e206f7065726120746861742064656d6f6e697a65732066656d696e69736d207768696c652067696674696e6720746865206d6f73742073796d7061746865746963206d616c65206f662074686520706965636520776974682061206e69636520766f6d69742062617468206174206869732077656464696e672e205265766965772053656e74696d656e743a,62c8889b5ce1ffac8818ae90956ff5bea543931360004bbceafa041b79b8e730,fdd376d9c2e74133d2d8a09600adf156ef8b7bffc815e1d24bfcc672e0e9055e,"[19432, 2918, 25, 12969, 879, 1035, 1795, 472, 2145, 440, 389, 806, 50840, 47439, 804, 1112, 525, 43837, 553, 27760, 11, 11163, 23675, 504, 472, 31832, 529, 323, 6879, 318, 301, 13, 10294, 23361, 3819, 25]","[19432, 2918, 25, 1527, 518, 24202, 69080, 42416, 429, 6952, 4756, 52010, 1393, 342, 17680, 279, 1429, 52364, 8593, 315, 279, 6573, 448, 264, 6419, 21982, 275, 8885, 518, 806, 13008, 13, 10294, 23361, 3819, 25]",36,36,True,"Those who would follow Haneke on his creepy explorations... are rewarded by brutal, committed performances from Huppert and Magimel.",An atonal estrogen opera that demonizes feminism while gifting the most sympathetic male of the piece with a nice vomit bath at his wedding.,tigges,True
sst_tigges_pythia_correct_test,341,sst-9027,sst-353,0,1,Review Text: An atonal estrogen opera that demonizes feminism while gifting the most sympathetic male of the piece with a nice vomit bath at his wedding. Review Sentiment:,"Review Text: Those who would follow Haneke on his creepy explorations... are rewarded by brutal, committed performances from Huppert and Magimel. Review Sentiment:",'Review Text: An atonal estrogen opera that demonizes feminism while gifting the most sympathetic male of the piece with a nice vomit bath at his wedding. Review Sentiment:',"'Review Text: Those who would follow Haneke on his creepy explorations... are rewarded by brutal, committed performances from Huppert and Magimel. Review Sentiment:'",52657669657720546578743a20416e2061746f6e616c20657374726f67656e206f7065726120746861742064656d6f6e697a65732066656d696e69736d207768696c652067696674696e6720746865206d6f73742073796d7061746865746963206d616c65206f662074686520706965636520776974682061206e69636520766f6d69742062617468206174206869732077656464696e672e205265766965772053656e74696d656e743a,52657669657720546578743a2054686f73652077686f20776f756c6420666f6c6c6f772048616e656b65206f6e2068697320637265657079206578706c6f726174696f6e732e2e2e206172652072657761726465642062792062727574616c2c20636f6d6d697474656420706572666f726d616e6365732066726f6d204875707065727420616e64204d6167696d656c2e205265766965772053656e74696d656e743a,fdd376d9c2e74133d2d8a09600adf156ef8b7bffc815e1d24bfcc672e0e9055e,62c8889b5ce1ffac8818ae90956ff5bea543931360004bbceafa041b79b8e730,"[19432, 2918, 25, 1527, 518, 24202, 69080, 42416, 429, 6952, 4756, 52010, 1393, 342, 17680, 279, 1429, 52364, 8593, 315, 279, 6573, 448, 264, 6419, 21982, 275, 8885, 518, 806, 13008, 13, 10294, 23361, 3819, 25]","[19432, 2918, 25, 12969, 879, 1035, 1795, 472, 2145, 440, 389, 806, 50840, 47439, 804, 1112, 525, 43837, 553, 27760, 11, 11163, 23675, 504, 472, 31832, 529, 323, 6879, 318, 301, 13, 10294, 23361, 3819, 25]",36,36,True,An atonal estrogen opera that demonizes feminism while gifting the most sympathetic male of the piece with a nice vomit bath at his wedding.,"Those who would follow Haneke on his creepy explorations... are rewarded by brutal, committed performances from Huppert and Magimel.",tigges,True
sst_tigges_pythia_correct_test,342,sst-684,sst-8855,1,0,Review Text: This is a happy throwback to the time when cartoons were cinema's most idiosyncratic form instead of one of its most predictable. Review Sentiment:,Review Text: Consider the title's clunk-on-the-head that suggests the overtime someone put in to come up with an irritatingly unimaginative retread concept. Review Sentiment:,"""Review Text: This is a happy throwback to the time when cartoons were cinema's most idiosyncratic form instead of one of its most predictable. Review Sentiment:""","""Review Text: Consider the title's clunk-on-the-head that suggests the overtime someone put in to come up with an irritatingly unimaginative retread concept. Review Sentiment:""",52657669657720546578743a20546869732069732061206861707079207468726f776261636b20746f207468652074696d65207768656e20636172746f6f6e7320776572652063696e656d612773206d6f7374206964696f73796e63726174696320666f726d20696e7374656164206f66206f6e65206f6620697473206d6f7374207072656469637461626c652e205265766965772053656e74696d656e743a,52657669657720546578743a20436f6e736964657220746865207469746c65277320636c756e6b2d6f6e2d7468652d68656164207468617420737567676573747320746865206f76657274696d6520736f6d656f6e652070757420696e20746f20636f6d65207570207769746820616e2069727269746174696e676c7920756e696d6167696e6174697665207265747265616420636f6e636570742e205265766965772053656e74696d656e743a,c38f6982a6782ae770e4c95152a1b380f7dc44cd96d4a3d645a27a48fc721b23,8977486159a9e0773574e714d90b6c8d3a5c4e3a7aaf8d8a215ba819a245e33d,"[19432, 2918, 25, 1096, 374, 264, 6247, 2510, 1419, 311, 279, 882, 979, 62023, 1033, 33192, 594, 1429, 877, 3530, 1721, 81, 774, 1352, 4518, 315, 825, 315, 1181, 1429, 44107, 13, 10294, 23361, 3819, 25]","[19432, 2918, 25, 21144, 279, 2265, 594, 1185, 3122, 10326, 10603, 26390, 429, 13230, 279, 38499, 4325, 2182, 304, 311, 2525, 705, 448, 458, 83977, 398, 86112, 1388, 2112, 878, 7286, 13, 10294, 23361, 3819, 25]",36,36,True,This is a happy throwback to the time when cartoons were cinema's most idiosyncratic form instead of one of its most predictable.,Consider the title's clunk-on-the-head that suggests the overtime someone put in to come up with an irritatingly unimaginative retread concept.,tigges,True
sst_tigges_pythia_correct_test,343,sst-8855,sst-684,0,1,Review Text: Consider the title's clunk-on-the-head that suggests the overtime someone put in to come up with an irritatingly unimaginative retread concept. Review Sentiment:,Review Text: This is a happy throwback to the time when cartoons were cinema's most idiosyncratic form instead of one of its most predictable. Review Sentiment:,"""Review Text: Consider the title's clunk-on-the-head that suggests the overtime someone put in to come up with an irritatingly unimaginative retread concept. Review Sentiment:""","""Review Text: This is a happy throwback to the time when cartoons were cinema's most idiosyncratic form instead of one of its most predictable. Review Sentiment:""",52657669657720546578743a20436f6e736964657220746865207469746c65277320636c756e6b2d6f6e2d7468652d68656164207468617420737567676573747320746865206f76657274696d6520736f6d656f6e652070757420696e20746f20636f6d65207570207769746820616e2069727269746174696e676c7920756e696d6167696e6174697665207265747265616420636f6e636570742e205265766965772053656e74696d656e743a,52657669657720546578743a20546869732069732061206861707079207468726f776261636b20746f207468652074696d65207768656e20636172746f6f6e7320776572652063696e656d612773206d6f7374206964696f73796e63726174696320666f726d20696e7374656164206f66206f6e65206f6620697473206d6f7374207072656469637461626c652e205265766965772053656e74696d656e743a,8977486159a9e0773574e714d90b6c8d3a5c4e3a7aaf8d8a215ba819a245e33d,c38f6982a6782ae770e4c95152a1b380f7dc44cd96d4a3d645a27a48fc721b23,"[19432, 2918, 25, 21144, 279, 2265, 594, 1185, 3122, 10326, 10603, 26390, 429, 13230, 279, 38499, 4325, 2182, 304, 311, 2525, 705, 448, 458, 83977, 398, 86112, 1388, 2112, 878, 7286, 13, 10294, 23361, 3819, 25]","[19432, 2918, 25, 1096, 374, 264, 6247, 2510, 1419, 311, 279, 882, 979, 62023, 1033, 33192, 594, 1429, 877, 3530, 1721, 81, 774, 1352, 4518, 315, 825, 315, 1181, 1429, 44107, 13, 10294, 23361, 3819, 25]",36,36,True,Consider the title's clunk-on-the-head that suggests the overtime someone put in to come up with an irritatingly unimaginative retread concept.,This is a happy throwback to the time when cartoons were cinema's most idiosyncratic form instead of one of its most predictable.,tigges,True
sst_tigges_pythia_correct_test,344,sst-87,sst-7945,1,0,"Review Text: Painful to watch, but viewers willing to take a chance will be rewarded with two of the year's most accomplished and riveting film performances. Review Sentiment:","Review Text: The editing is chaotic, the photography grainy and badly focused, the writing unintentionally hilarious, the direction unfocused, the performances as wooden. Review Sentiment:","""Review Text: Painful to watch, but viewers willing to take a chance will be rewarded with two of the year's most accomplished and riveting film performances. Review Sentiment:""","'Review Text: The editing is chaotic, the photography grainy and badly focused, the writing unintentionally hilarious, the direction unfocused, the performances as wooden. Review Sentiment:'",52657669657720546578743a205061696e66756c20746f2077617463682c2062757420766965776572732077696c6c696e6720746f2074616b652061206368616e63652077696c6c20626520726577617264656420776974682074776f206f662074686520796561722773206d6f7374206163636f6d706c697368656420616e64207269766574696e672066696c6d20706572666f726d616e6365732e205265766965772053656e74696d656e743a,52657669657720546578743a205468652065646974696e67206973206368616f7469632c207468652070686f746f67726170687920677261696e7920616e64206261646c7920666f63757365642c207468652077726974696e6720756e696e74656e74696f6e616c6c792068696c6172696f75732c2074686520646972656374696f6e20756e666f63757365642c2074686520706572666f726d616e63657320617320776f6f64656e2e205265766965772053656e74696d656e743a,033c393a276b4427f852f1104080d2228378d001197dd13879352297b8081a87,e0cfe64064f83bf0b6a718538356106171d830157cc2a8ccdc1ce8182d179090,"[19432, 2918, 25, 34467, 1262, 311, 3736, 11, 714, 21762, 9831, 311, 1896, 264, 6012, 686, 387, 43837, 448, 1378, 315, 279, 1042, 594, 1429, 26237, 323, 43129, 11619, 4531, 23675, 13, 10294, 23361, 3819, 25]","[19432, 2918, 25, 576, 15664, 374, 51987, 11, 279, 23751, 23925, 88, 323, 24569, 10735, 11, 279, 4378, 69476, 745, 40267, 11, 279, 5106, 9474, 20387, 11, 279, 23675, 438, 22360, 13, 10294, 23361, 3819, 25]",36,36,True,"Painful to watch, but viewers willing to take a chance will be rewarded with two of the year's most accomplished and riveting film performances.","The editing is chaotic, the photography grainy and badly focused, the writing unintentionally hilarious, the direction unfocused, the performances as wooden.",tigges,True
sst_tigges_pythia_correct_test,345,sst-7945,sst-87,0,1,"Review Text: The editing is chaotic, the photography grainy and badly focused, the writing unintentionally hilarious, the direction unfocused, the performances as wooden. Review Sentiment:","Review Text: Painful to watch, but viewers willing to take a chance will be rewarded with two of the year's most accomplished and riveting film performances. Review Sentiment:","'Review Text: The editing is chaotic, the photography grainy and badly focused, the writing unintentionally hilarious, the direction unfocused, the performances as wooden. Review Sentiment:'","""Review Text: Painful to watch, but viewers willing to take a chance will be rewarded with two of the year's most accomplished and riveting film performances. Review Sentiment:""",52657669657720546578743a205468652065646974696e67206973206368616f7469632c207468652070686f746f67726170687920677261696e7920616e64206261646c7920666f63757365642c207468652077726974696e6720756e696e74656e74696f6e616c6c792068696c6172696f75732c2074686520646972656374696f6e20756e666f63757365642c2074686520706572666f726d616e63657320617320776f6f64656e2e205265766965772053656e74696d656e743a,52657669657720546578743a205061696e66756c20746f2077617463682c2062757420766965776572732077696c6c696e6720746f2074616b652061206368616e63652077696c6c20626520726577617264656420776974682074776f206f662074686520796561722773206d6f7374206163636f6d706c697368656420616e64207269766574696e672066696c6d20706572666f726d616e6365732e205265766965772053656e74696d656e743a,e0cfe64064f83bf0b6a718538356106171d830157cc2a8ccdc1ce8182d179090,033c393a276b4427f852f1104080d2228378d001197dd13879352297b8081a87,"[19432, 2918, 25, 576, 15664, 374, 51987, 11, 279, 23751, 23925, 88, 323, 24569, 10735, 11, 279, 4378, 69476, 745, 40267, 11, 279, 5106, 9474, 20387, 11, 279, 23675, 438, 22360, 13, 10294, 23361, 3819, 25]","[19432, 2918, 25, 34467, 1262, 311, 3736, 11, 714, 21762, 9831, 311, 1896, 264, 6012, 686, 387, 43837, 448, 1378, 315, 279, 1042, 594, 1429, 26237, 323, 43129, 11619, 4531, 23675, 13, 10294, 23361, 3819, 25]",36,36,True,"The editing is chaotic, the photography grainy and badly focused, the writing unintentionally hilarious, the direction unfocused, the performances as wooden.","Painful to watch, but viewers willing to take a chance will be rewarded with two of the year's most accomplished and riveting film performances.",tigges,True
sst_tigges_pythia_correct_test,346,sst-663,sst-8928,1,0,"Review Text: As blunt as it is in depicting child abuse, El Bola is a movie steeped in an ambiguity that lends its conflicts a symbolic resonance. Review Sentiment:","Review Text: Afraid to pitch into farce, yet only half-hearted in its spy mechanics, All the Queen's Men is finally just one long drag. Review Sentiment:","'Review Text: As blunt as it is in depicting child abuse, El Bola is a movie steeped in an ambiguity that lends its conflicts a symbolic resonance. Review Sentiment:'","""Review Text: Afraid to pitch into farce, yet only half-hearted in its spy mechanics, All the Queen's Men is finally just one long drag. Review Sentiment:""",52657669657720546578743a20417320626c756e7420617320697420697320696e20646570696374696e67206368696c642061627573652c20456c20426f6c612069732061206d6f766965207374656570656420696e20616e20616d626967756974792074686174206c656e64732069747320636f6e666c6963747320612073796d626f6c6963207265736f6e616e63652e205265766965772053656e74696d656e743a,52657669657720546578743a2041667261696420746f20706974636820696e746f2066617263652c20796574206f6e6c792068616c662d6865617274656420696e2069747320737079206d656368616e6963732c20416c6c2074686520517565656e2773204d656e2069732066696e616c6c79206a757374206f6e65206c6f6e6720647261672e205265766965772053656e74696d656e743a,0a49149804c1a16ee4a01e2d7daf5049c65e2e90bebce81c7d85d8057bb0c9bc,c3f0081f949d6497efe477ec6be6fe585e5178d1a6182da68f3431e4a3c36a02,"[19432, 2918, 25, 1634, 48670, 438, 432, 374, 304, 59694, 1682, 11480, 11, 3984, 425, 7924, 374, 264, 5700, 31266, 291, 304, 458, 71768, 429, 77918, 1181, 25800, 264, 35296, 56981, 13, 10294, 23361, 3819, 25]","[19432, 2918, 25, 12907, 13831, 311, 9649, 1119, 3041, 346, 11, 3602, 1172, 4279, 69295, 304, 1181, 21236, 29026, 11, 2009, 279, 16259, 594, 11012, 374, 5499, 1101, 825, 1293, 10921, 13, 10294, 23361, 3819, 25]",36,36,True,"As blunt as it is in depicting child abuse, El Bola is a movie steeped in an ambiguity that lends its conflicts a symbolic resonance.","Afraid to pitch into farce, yet only half-hearted in its spy mechanics, All the Queen's Men is finally just one long drag.",tigges,True
sst_tigges_pythia_correct_test,347,sst-8928,sst-663,0,1,"Review Text: Afraid to pitch into farce, yet only half-hearted in its spy mechanics, All the Queen's Men is finally just one long drag. Review Sentiment:","Review Text: As blunt as it is in depicting child abuse, El Bola is a movie steeped in an ambiguity that lends its conflicts a symbolic resonance. Review Sentiment:","""Review Text: Afraid to pitch into farce, yet only half-hearted in its spy mechanics, All the Queen's Men is finally just one long drag. Review Sentiment:""","'Review Text: As blunt as it is in depicting child abuse, El Bola is a movie steeped in an ambiguity that lends its conflicts a symbolic resonance. Review Sentiment:'",52657669657720546578743a2041667261696420746f20706974636820696e746f2066617263652c20796574206f6e6c792068616c662d6865617274656420696e2069747320737079206d656368616e6963732c20416c6c2074686520517565656e2773204d656e2069732066696e616c6c79206a757374206f6e65206c6f6e6720647261672e205265766965772053656e74696d656e743a,52657669657720546578743a20417320626c756e7420617320697420697320696e20646570696374696e67206368696c642061627573652c20456c20426f6c612069732061206d6f766965207374656570656420696e20616e20616d626967756974792074686174206c656e64732069747320636f6e666c6963747320612073796d626f6c6963207265736f6e616e63652e205265766965772053656e74696d656e743a,c3f0081f949d6497efe477ec6be6fe585e5178d1a6182da68f3431e4a3c36a02,0a49149804c1a16ee4a01e2d7daf5049c65e2e90bebce81c7d85d8057bb0c9bc,"[19432, 2918, 25, 12907, 13831, 311, 9649, 1119, 3041, 346, 11, 3602, 1172, 4279, 69295, 304, 1181, 21236, 29026, 11, 2009, 279, 16259, 594, 11012, 374, 5499, 1101, 825, 1293, 10921, 13, 10294, 23361, 3819, 25]","[19432, 2918, 25, 1634, 48670, 438, 432, 374, 304, 59694, 1682, 11480, 11, 3984, 425, 7924, 374, 264, 5700, 31266, 291, 304, 458, 71768, 429, 77918, 1181, 25800, 264, 35296, 56981, 13, 10294, 23361, 3819, 25]",36,36,True,"Afraid to pitch into farce, yet only half-hearted in its spy mechanics, All the Queen's Men is finally just one long drag.","As blunt as it is in depicting child abuse, El Bola is a movie steeped in an ambiguity that lends its conflicts a symbolic resonance.",tigges,True
sst_tigges_pythia_correct_test,348,sst-1069,sst-8875,1,0,"Review Text: By taking Entertainment Tonight subject matter and giving it humor and poignancy, Auto Focus becomes both gut-bustingly funny and crushingly depressing. Review Sentiment:","Review Text: Not ` terrible filmmaking' bad, but more like,' I once had a nightmare like this, and it's now coming true' bad. Review Sentiment:","'Review Text: By taking Entertainment Tonight subject matter and giving it humor and poignancy, Auto Focus becomes both gut-bustingly funny and crushingly depressing. Review Sentiment:'","""Review Text: Not ` terrible filmmaking' bad, but more like,' I once had a nightmare like this, and it's now coming true' bad. Review Sentiment:""",52657669657720546578743a2042792074616b696e6720456e7465727461696e6d656e7420546f6e69676874207375626a656374206d617474657220616e6420676976696e672069742068756d6f7220616e6420706f69676e616e63792c204175746f20466f637573206265636f6d657320626f7468206775742d62757374696e676c792066756e6e7920616e64206372757368696e676c792064657072657373696e672e205265766965772053656e74696d656e743a,52657669657720546578743a204e6f742060207465727269626c652066696c6d6d616b696e6727206261642c20627574206d6f7265206c696b652c272049206f6e6365206861642061206e696768746d617265206c696b6520746869732c20616e642069742773206e6f7720636f6d696e67207472756527206261642e205265766965772053656e74696d656e743a,a776a689113882bbcf8085c28b5cd86759c65f617819a26523f596465120bdd7,17d762c7dcb33f0e681fff437d3e302b71ef635d67259fdc97a8055b13262f21,"[19432, 2918, 25, 3216, 4633, 22518, 54214, 3832, 4925, 323, 7086, 432, 27385, 323, 3193, 622, 6572, 11, 8979, 25806, 9044, 2176, 17859, 1455, 590, 11307, 15173, 323, 5030, 11307, 70710, 13, 10294, 23361, 3819, 25]","[19432, 2918, 25, 2806, 1565, 17478, 33526, 1765, 6, 3873, 11, 714, 803, 1075, 2894, 358, 3055, 1030, 264, 37811, 1075, 419, 11, 323, 432, 594, 1431, 5001, 830, 6, 3873, 13, 10294, 23361, 3819, 25]",36,36,True,"By taking Entertainment Tonight subject matter and giving it humor and poignancy, Auto Focus becomes both gut-bustingly funny and crushingly depressing.","Not ` terrible filmmaking' bad, but more like,' I once had a nightmare like this, and it's now coming true' bad.",tigges,True
sst_tigges_pythia_correct_test,349,sst-8875,sst-1069,0,1,"Review Text: Not ` terrible filmmaking' bad, but more like,' I once had a nightmare like this, and it's now coming true' bad. Review Sentiment:","Review Text: By taking Entertainment Tonight subject matter and giving it humor and poignancy, Auto Focus becomes both gut-bustingly funny and crushingly depressing. Review Sentiment:","""Review Text: Not ` terrible filmmaking' bad, but more like,' I once had a nightmare like this, and it's now coming true' bad. Review Sentiment:""","'Review Text: By taking Entertainment Tonight subject matter and giving it humor and poignancy, Auto Focus becomes both gut-bustingly funny and crushingly depressing. Review Sentiment:'",52657669657720546578743a204e6f742060207465727269626c652066696c6d6d616b696e6727206261642c20627574206d6f7265206c696b652c272049206f6e6365206861642061206e696768746d617265206c696b6520746869732c20616e642069742773206e6f7720636f6d696e67207472756527206261642e205265766965772053656e74696d656e743a,52657669657720546578743a2042792074616b696e6720456e7465727461696e6d656e7420546f6e69676874207375626a656374206d617474657220616e6420676976696e672069742068756d6f7220616e6420706f69676e616e63792c204175746f20466f637573206265636f6d657320626f7468206775742d62757374696e676c792066756e6e7920616e64206372757368696e676c792064657072657373696e672e205265766965772053656e74696d656e743a,17d762c7dcb33f0e681fff437d3e302b71ef635d67259fdc97a8055b13262f21,a776a689113882bbcf8085c28b5cd86759c65f617819a26523f596465120bdd7,"[19432, 2918, 25, 2806, 1565, 17478, 33526, 1765, 6, 3873, 11, 714, 803, 1075, 2894, 358, 3055, 1030, 264, 37811, 1075, 419, 11, 323, 432, 594, 1431, 5001, 830, 6, 3873, 13, 10294, 23361, 3819, 25]","[19432, 2918, 25, 3216, 4633, 22518, 54214, 3832, 4925, 323, 7086, 432, 27385, 323, 3193, 622, 6572, 11, 8979, 25806, 9044, 2176, 17859, 1455, 590, 11307, 15173, 323, 5030, 11307, 70710, 13, 10294, 23361, 3819, 25]",36,36,True,"Not ` terrible filmmaking' bad, but more like,' I once had a nightmare like this, and it's now coming true' bad.","By taking Entertainment Tonight subject matter and giving it humor and poignancy, Auto Focus becomes both gut-bustingly funny and crushingly depressing.",tigges,True
sst_tigges_pythia_correct_test,350,sst-548,sst-8520,1,0,"Review Text: If it tried to do anything more, it would fail and perhaps explode, but at this level of manic whimsy, it is just about right. Review Sentiment:","Review Text: The performances are so leaden, Michael Rymer's direction is so bloodless and the dialogue is so corny that the audience laughs out loud. Review Sentiment:","'Review Text: If it tried to do anything more, it would fail and perhaps explode, but at this level of manic whimsy, it is just about right. Review Sentiment:'","""Review Text: The performances are so leaden, Michael Rymer's direction is so bloodless and the dialogue is so corny that the audience laughs out loud. Review Sentiment:""",52657669657720546578743a20496620697420747269656420746f20646f20616e797468696e67206d6f72652c20697420776f756c64206661696c20616e642070657268617073206578706c6f64652c206275742061742074686973206c6576656c206f66206d616e6963207768696d73792c206974206973206a7573742061626f75742072696768742e205265766965772053656e74696d656e743a,52657669657720546578743a2054686520706572666f726d616e6365732061726520736f206c656164656e2c204d69636861656c2052796d6572277320646972656374696f6e20697320736f20626c6f6f646c65737320616e6420746865206469616c6f67756520697320736f20636f726e792074686174207468652061756469656e6365206c6175676873206f7574206c6f75642e205265766965772053656e74696d656e743a,3728b80948ac08126f0da21aee32fb4cc60dfc3ef47e5774ad9992248ea59602,05124159c3564bea6f9de9926e943b7692d04fa5905d2041bf0b14a07958f62d,"[19432, 2918, 25, 1416, 432, 6679, 311, 653, 4113, 803, 11, 432, 1035, 3690, 323, 8365, 15758, 11, 714, 518, 419, 2188, 315, 69122, 69105, 88, 11, 432, 374, 1101, 911, 1290, 13, 10294, 23361, 3819, 25]","[19432, 2918, 25, 576, 23675, 525, 773, 2990, 268, 11, 7937, 25691, 1174, 594, 5106, 374, 773, 6543, 1717, 323, 279, 21276, 374, 773, 13776, 88, 429, 279, 10650, 48236, 700, 17361, 13, 10294, 23361, 3819, 25]",37,37,True,"If it tried to do anything more, it would fail and perhaps explode, but at this level of manic whimsy, it is just about right.","The performances are so leaden, Michael Rymer's direction is so bloodless and the dialogue is so corny that the audience laughs out loud.",tigges,True
sst_tigges_pythia_correct_test,351,sst-8520,sst-548,0,1,"Review Text: The performances are so leaden, Michael Rymer's direction is so bloodless and the dialogue is so corny that the audience laughs out loud. Review Sentiment:","Review Text: If it tried to do anything more, it would fail and perhaps explode, but at this level of manic whimsy, it is just about right. Review Sentiment:","""Review Text: The performances are so leaden, Michael Rymer's direction is so bloodless and the dialogue is so corny that the audience laughs out loud. Review Sentiment:""","'Review Text: If it tried to do anything more, it would fail and perhaps explode, but at this level of manic whimsy, it is just about right. Review Sentiment:'",52657669657720546578743a2054686520706572666f726d616e6365732061726520736f206c656164656e2c204d69636861656c2052796d6572277320646972656374696f6e20697320736f20626c6f6f646c65737320616e6420746865206469616c6f67756520697320736f20636f726e792074686174207468652061756469656e6365206c6175676873206f7574206c6f75642e205265766965772053656e74696d656e743a,52657669657720546578743a20496620697420747269656420746f20646f20616e797468696e67206d6f72652c20697420776f756c64206661696c20616e642070657268617073206578706c6f64652c206275742061742074686973206c6576656c206f66206d616e6963207768696d73792c206974206973206a7573742061626f75742072696768742e205265766965772053656e74696d656e743a,05124159c3564bea6f9de9926e943b7692d04fa5905d2041bf0b14a07958f62d,3728b80948ac08126f0da21aee32fb4cc60dfc3ef47e5774ad9992248ea59602,"[19432, 2918, 25, 576, 23675, 525, 773, 2990, 268, 11, 7937, 25691, 1174, 594, 5106, 374, 773, 6543, 1717, 323, 279, 21276, 374, 773, 13776, 88, 429, 279, 10650, 48236, 700, 17361, 13, 10294, 23361, 3819, 25]","[19432, 2918, 25, 1416, 432, 6679, 311, 653, 4113, 803, 11, 432, 1035, 3690, 323, 8365, 15758, 11, 714, 518, 419, 2188, 315, 69122, 69105, 88, 11, 432, 374, 1101, 911, 1290, 13, 10294, 23361, 3819, 25]",37,37,True,"The performances are so leaden, Michael Rymer's direction is so bloodless and the dialogue is so corny that the audience laughs out loud.","If it tried to do anything more, it would fail and perhaps explode, but at this level of manic whimsy, it is just about right.",tigges,True
sst_tigges_pythia_correct_test,352,sst-595,sst-8051,1,0,"Review Text: Having never been a huge fan of Dickens' 800-page novel, it surprised me how much pleasure I had watching McGrath's version. Review Sentiment:","Review Text: Helmer DeVito... attempts to do too many things in this story about ethics, payola, vice, murder, kids' TV and revenge. Review Sentiment:","""Review Text: Having never been a huge fan of Dickens' 800-page novel, it surprised me how much pleasure I had watching McGrath's version. Review Sentiment:""","""Review Text: Helmer DeVito... attempts to do too many things in this story about ethics, payola, vice, murder, kids' TV and revenge. Review Sentiment:""",52657669657720546578743a20486176696e67206e65766572206265656e206120687567652066616e206f66204469636b656e7327203830302d70616765206e6f76656c2c20697420737572707269736564206d6520686f77206d75636820706c656173757265204920686164207761746368696e67204d63477261746827732076657273696f6e2e205265766965772053656e74696d656e743a,52657669657720546578743a2048656c6d65722044655669746f2e2e2e20617474656d70747320746f20646f20746f6f206d616e79207468696e677320696e20746869732073746f72792061626f7574206574686963732c207061796f6c612c20766963652c206d75726465722c206b6964732720545620616e6420726576656e67652e205265766965772053656e74696d656e743a,ca9bcb6092667a7daac92fa462073f9206c7d103b6783ff69a37ffc7cae3e466,bb2ca5fa6be0924c9b16c89c415acbe41f11eafbc3c62d837148f7a135fbe3ec,"[19432, 2918, 25, 20035, 2581, 1012, 264, 6765, 8405, 315, 92899, 6, 220, 23, 15, 15, 15112, 11514, 11, 432, 14453, 752, 1246, 1753, 16656, 358, 1030, 10099, 87750, 587, 594, 2319, 13, 10294, 23361, 3819, 25]","[19432, 2918, 25, 15806, 1174, 72596, 6357, 1112, 13553, 311, 653, 2238, 1657, 2513, 304, 419, 3364, 911, 30908, 11, 2291, 7924, 11, 16774, 11, 9901, 11, 6837, 6, 5883, 323, 36069, 13, 10294, 23361, 3819, 25]",37,37,True,"Having never been a huge fan of Dickens' 800-page novel, it surprised me how much pleasure I had watching McGrath's version.","Helmer DeVito... attempts to do too many things in this story about ethics, payola, vice, murder, kids' TV and revenge.",tigges,True
sst_tigges_pythia_correct_test,353,sst-8051,sst-595,0,1,"Review Text: Helmer DeVito... attempts to do too many things in this story about ethics, payola, vice, murder, kids' TV and revenge. Review Sentiment:","Review Text: Having never been a huge fan of Dickens' 800-page novel, it surprised me how much pleasure I had watching McGrath's version. Review Sentiment:","""Review Text: Helmer DeVito... attempts to do too many things in this story about ethics, payola, vice, murder, kids' TV and revenge. Review Sentiment:""","""Review Text: Having never been a huge fan of Dickens' 800-page novel, it surprised me how much pleasure I had watching McGrath's version. Review Sentiment:""",52657669657720546578743a2048656c6d65722044655669746f2e2e2e20617474656d70747320746f20646f20746f6f206d616e79207468696e677320696e20746869732073746f72792061626f7574206574686963732c207061796f6c612c20766963652c206d75726465722c206b6964732720545620616e6420726576656e67652e205265766965772053656e74696d656e743a,52657669657720546578743a20486176696e67206e65766572206265656e206120687567652066616e206f66204469636b656e7327203830302d70616765206e6f76656c2c20697420737572707269736564206d6520686f77206d75636820706c656173757265204920686164207761746368696e67204d63477261746827732076657273696f6e2e205265766965772053656e74696d656e743a,bb2ca5fa6be0924c9b16c89c415acbe41f11eafbc3c62d837148f7a135fbe3ec,ca9bcb6092667a7daac92fa462073f9206c7d103b6783ff69a37ffc7cae3e466,"[19432, 2918, 25, 15806, 1174, 72596, 6357, 1112, 13553, 311, 653, 2238, 1657, 2513, 304, 419, 3364, 911, 30908, 11, 2291, 7924, 11, 16774, 11, 9901, 11, 6837, 6, 5883, 323, 36069, 13, 10294, 23361, 3819, 25]","[19432, 2918, 25, 20035, 2581, 1012, 264, 6765, 8405, 315, 92899, 6, 220, 23, 15, 15, 15112, 11514, 11, 432, 14453, 752, 1246, 1753, 16656, 358, 1030, 10099, 87750, 587, 594, 2319, 13, 10294, 23361, 3819, 25]",37,37,True,"Helmer DeVito... attempts to do too many things in this story about ethics, payola, vice, murder, kids' TV and revenge.","Having never been a huge fan of Dickens' 800-page novel, it surprised me how much pleasure I had watching McGrath's version.",tigges,True
sst_tigges_pythia_correct_test,354,sst-1010,sst-8029,1,0,"Review Text: The heightened symmetry of this new\/old Cinema Paradiso makes the film a fuller experience, like an old friend haunted by the exigencies of time. Review Sentiment:","Review Text: The character is too forced and overwritten to be funny or believable much of the time, and Clayburgh doesn't always improve the over-the-top mix. Review Sentiment:","'Review Text: The heightened symmetry of this new\\/old Cinema Paradiso makes the film a fuller experience, like an old friend haunted by the exigencies of time. Review Sentiment:'","""Review Text: The character is too forced and overwritten to be funny or believable much of the time, and Clayburgh doesn't always improve the over-the-top mix. Review Sentiment:""",52657669657720546578743a2054686520686569676874656e65642073796d6d65747279206f662074686973206e65775c2f6f6c642043696e656d6120506172616469736f206d616b6573207468652066696c6d20612066756c6c657220657870657269656e63652c206c696b6520616e206f6c6420667269656e64206861756e746564206279207468652065786967656e63696573206f662074696d652e205265766965772053656e74696d656e743a,52657669657720546578743a205468652063686172616374657220697320746f6f20666f7263656420616e64206f7665727772697474656e20746f2062652066756e6e79206f722062656c69657661626c65206d756368206f66207468652074696d652c20616e6420436c6179627572676820646f65736e277420616c7761797320696d70726f766520746865206f7665722d7468652d746f70206d69782e205265766965772053656e74696d656e743a,537130ca78ac3e7e277aaccd6516d687c83055ea765215b8e3e617c4726d368e,679ee81b181025f355c147c64c3658653e4e53b86d6f74ad11ea23bb0758c7d1,"[19432, 2918, 25, 576, 59387, 45120, 315, 419, 501, 4739, 813, 48218, 39272, 15420, 3643, 279, 4531, 264, 86918, 3139, 11, 1075, 458, 2310, 4238, 56675, 553, 279, 73672, 5946, 315, 882, 13, 10294, 23361, 3819, 25]","[19432, 2918, 25, 576, 3668, 374, 2238, 9575, 323, 59173, 311, 387, 15173, 476, 91395, 1753, 315, 279, 882, 11, 323, 31401, 17816, 3171, 944, 2677, 7269, 279, 916, 10603, 8175, 6514, 13, 10294, 23361, 3819, 25]",37,37,True,"The heightened symmetry of this new\/old Cinema Paradiso makes the film a fuller experience, like an old friend haunted by the exigencies of time.","The character is too forced and overwritten to be funny or believable much of the time, and Clayburgh doesn't always improve the over-the-top mix.",tigges,True
sst_tigges_pythia_correct_test,355,sst-8029,sst-1010,0,1,"Review Text: The character is too forced and overwritten to be funny or believable much of the time, and Clayburgh doesn't always improve the over-the-top mix. Review Sentiment:","Review Text: The heightened symmetry of this new\/old Cinema Paradiso makes the film a fuller experience, like an old friend haunted by the exigencies of time. Review Sentiment:","""Review Text: The character is too forced and overwritten to be funny or believable much of the time, and Clayburgh doesn't always improve the over-the-top mix. Review Sentiment:""","'Review Text: The heightened symmetry of this new\\/old Cinema Paradiso makes the film a fuller experience, like an old friend haunted by the exigencies of time. Review Sentiment:'",52657669657720546578743a205468652063686172616374657220697320746f6f20666f7263656420616e64206f7665727772697474656e20746f2062652066756e6e79206f722062656c69657661626c65206d756368206f66207468652074696d652c20616e6420436c6179627572676820646f65736e277420616c7761797320696d70726f766520746865206f7665722d7468652d746f70206d69782e205265766965772053656e74696d656e743a,52657669657720546578743a2054686520686569676874656e65642073796d6d65747279206f662074686973206e65775c2f6f6c642043696e656d6120506172616469736f206d616b6573207468652066696c6d20612066756c6c657220657870657269656e63652c206c696b6520616e206f6c6420667269656e64206861756e746564206279207468652065786967656e63696573206f662074696d652e205265766965772053656e74696d656e743a,679ee81b181025f355c147c64c3658653e4e53b86d6f74ad11ea23bb0758c7d1,537130ca78ac3e7e277aaccd6516d687c83055ea765215b8e3e617c4726d368e,"[19432, 2918, 25, 576, 3668, 374, 2238, 9575, 323, 59173, 311, 387, 15173, 476, 91395, 1753, 315, 279, 882, 11, 323, 31401, 17816, 3171, 944, 2677, 7269, 279, 916, 10603, 8175, 6514, 13, 10294, 23361, 3819, 25]","[19432, 2918, 25, 576, 59387, 45120, 315, 419, 501, 4739, 813, 48218, 39272, 15420, 3643, 279, 4531, 264, 86918, 3139, 11, 1075, 458, 2310, 4238, 56675, 553, 279, 73672, 5946, 315, 882, 13, 10294, 23361, 3819, 25]",37,37,True,"The character is too forced and overwritten to be funny or believable much of the time, and Clayburgh doesn't always improve the over-the-top mix.","The heightened symmetry of this new\/old Cinema Paradiso makes the film a fuller experience, like an old friend haunted by the exigencies of time.",tigges,True
sst_tigges_pythia_correct_test,356,sst-183,sst-8896,1,0,Review Text: Makmalbaf follows a resolutely realistic path in this uncompromising insight into the harsh existence of the Kurdish refugees of Iran's borderlands. Review Sentiment:,"Review Text: A shambles of a movie--visually unattractive, unbearably loud and utterly silly... its hilarity is completely unintentional. Review Sentiment:","""Review Text: Makmalbaf follows a resolutely realistic path in this uncompromising insight into the harsh existence of the Kurdish refugees of Iran's borderlands. Review Sentiment:""","'Review Text: A shambles of a movie--visually unattractive, unbearably loud and utterly silly... its hilarity is completely unintentional. Review Sentiment:'",52657669657720546578743a204d616b6d616c62616620666f6c6c6f77732061207265736f6c7574656c79207265616c6973746963207061746820696e207468697320756e636f6d70726f6d6973696e6720696e736967687420696e746f20746865206861727368206578697374656e6365206f6620746865204b757264697368207265667567656573206f66204972616e277320626f726465726c616e64732e205265766965772053656e74696d656e743a,52657669657720546578743a2041207368616d626c6573206f662061206d6f7669652d2d76697375616c6c7920756e617474726163746976652c20756e6265617261626c79206c6f756420616e642075747465726c792073696c6c792e2e2e206974732068696c617269747920697320636f6d706c6574656c7920756e696e74656e74696f6e616c2e205265766965772053656e74696d656e743a,fe434a2b8d0fc3cd2d37e1e080b909916bdde2d51083a425a8563b7ee9d38daa,0d17d51ecd3f5e9b2c9773a9b6edbad5a9c6269e98b0200019cd4bc7f35e5912,"[19432, 2918, 25, 39324, 14649, 65, 2577, 11017, 264, 592, 9689, 25489, 1815, 304, 419, 65537, 441, 3791, 20017, 1119, 279, 24939, 13885, 315, 279, 41640, 21728, 315, 10259, 594, 3886, 8166, 13, 10294, 23361, 3819, 25]","[19432, 2918, 25, 362, 557, 2969, 642, 315, 264, 5700, 313, 2682, 1832, 650, 266, 69078, 11, 41544, 682, 2845, 17361, 323, 37531, 29471, 1112, 1181, 35659, 487, 374, 6587, 69476, 278, 13, 10294, 23361, 3819, 25]",37,37,True,Makmalbaf follows a resolutely realistic path in this uncompromising insight into the harsh existence of the Kurdish refugees of Iran's borderlands.,"A shambles of a movie--visually unattractive, unbearably loud and utterly silly... its hilarity is completely unintentional.",tigges,True
sst_tigges_pythia_correct_test,357,sst-8896,sst-183,0,1,"Review Text: A shambles of a movie--visually unattractive, unbearably loud and utterly silly... its hilarity is completely unintentional. Review Sentiment:",Review Text: Makmalbaf follows a resolutely realistic path in this uncompromising insight into the harsh existence of the Kurdish refugees of Iran's borderlands. Review Sentiment:,"'Review Text: A shambles of a movie--visually unattractive, unbearably loud and utterly silly... its hilarity is completely unintentional. Review Sentiment:'","""Review Text: Makmalbaf follows a resolutely realistic path in this uncompromising insight into the harsh existence of the Kurdish refugees of Iran's borderlands. Review Sentiment:""",52657669657720546578743a2041207368616d626c6573206f662061206d6f7669652d2d76697375616c6c7920756e617474726163746976652c20756e6265617261626c79206c6f756420616e642075747465726c792073696c6c792e2e2e206974732068696c617269747920697320636f6d706c6574656c7920756e696e74656e74696f6e616c2e205265766965772053656e74696d656e743a,52657669657720546578743a204d616b6d616c62616620666f6c6c6f77732061207265736f6c7574656c79207265616c6973746963207061746820696e207468697320756e636f6d70726f6d6973696e6720696e736967687420696e746f20746865206861727368206578697374656e6365206f6620746865204b757264697368207265667567656573206f66204972616e277320626f726465726c616e64732e205265766965772053656e74696d656e743a,0d17d51ecd3f5e9b2c9773a9b6edbad5a9c6269e98b0200019cd4bc7f35e5912,fe434a2b8d0fc3cd2d37e1e080b909916bdde2d51083a425a8563b7ee9d38daa,"[19432, 2918, 25, 362, 557, 2969, 642, 315, 264, 5700, 313, 2682, 1832, 650, 266, 69078, 11, 41544, 682, 2845, 17361, 323, 37531, 29471, 1112, 1181, 35659, 487, 374, 6587, 69476, 278, 13, 10294, 23361, 3819, 25]","[19432, 2918, 25, 39324, 14649, 65, 2577, 11017, 264, 592, 9689, 25489, 1815, 304, 419, 65537, 441, 3791, 20017, 1119, 279, 24939, 13885, 315, 279, 41640, 21728, 315, 10259, 594, 3886, 8166, 13, 10294, 23361, 3819, 25]",37,37,True,"A shambles of a movie--visually unattractive, unbearably loud and utterly silly... its hilarity is completely unintentional.",Makmalbaf follows a resolutely realistic path in this uncompromising insight into the harsh existence of the Kurdish refugees of Iran's borderlands.,tigges,True
sst_tigges_pythia_correct_test,358,sst-507,sst-8116,1,0,"Review Text: The pleasures of Super Troopers may be fleeting, but they'll register strongly with anybody who still retains a soft spot for precollegiate humor. Review Sentiment:","Review Text: The movie feels like it's going to be great, and it carries on feeling that way for a long time, but takeoff just never happens. Review Sentiment:","""Review Text: The pleasures of Super Troopers may be fleeting, but they'll register strongly with anybody who still retains a soft spot for precollegiate humor. Review Sentiment:""","""Review Text: The movie feels like it's going to be great, and it carries on feeling that way for a long time, but takeoff just never happens. Review Sentiment:""",52657669657720546578743a2054686520706c65617375726573206f662053757065722054726f6f70657273206d617920626520666c656574696e672c206275742074686579276c6c207265676973746572207374726f6e676c79207769746820616e79626f64792077686f207374696c6c2072657461696e73206120736f66742073706f7420666f7220707265636f6c6c6567696174652068756d6f722e205265766965772053656e74696d656e743a,52657669657720546578743a20546865206d6f766965206665656c73206c696b65206974277320676f696e6720746f2062652067726561742c20616e642069742063617272696573206f6e206665656c696e6720746861742077617920666f722061206c6f6e672074696d652c206275742074616b656f6666206a757374206e657665722068617070656e732e205265766965772053656e74696d656e743a,9bf08cbbd10ad0235ec9e2adaa6c471795170886d8ffa75bca2a82c0a09bf470,fc72e1487ddc00146c04bed44c40933fb6fd4bbd2b4f3db2f54e4f8ce18208e8,"[19432, 2918, 25, 576, 71874, 315, 7297, 19321, 51087, 1231, 387, 95335, 11, 714, 807, 3278, 4161, 16510, 448, 21061, 879, 2058, 51844, 264, 8413, 7702, 369, 855, 2074, 1937, 6493, 27385, 13, 10294, 23361, 3819, 25]","[19432, 2918, 25, 576, 5700, 11074, 1075, 432, 594, 2087, 311, 387, 2244, 11, 323, 432, 23377, 389, 8266, 429, 1616, 369, 264, 1293, 882, 11, 714, 1896, 1847, 1101, 2581, 8573, 13, 10294, 23361, 3819, 25]",37,37,True,"The pleasures of Super Troopers may be fleeting, but they'll register strongly with anybody who still retains a soft spot for precollegiate humor.","The movie feels like it's going to be great, and it carries on feeling that way for a long time, but takeoff just never happens.",tigges,True
sst_tigges_pythia_correct_test,359,sst-8116,sst-507,0,1,"Review Text: The movie feels like it's going to be great, and it carries on feeling that way for a long time, but takeoff just never happens. Review Sentiment:","Review Text: The pleasures of Super Troopers may be fleeting, but they'll register strongly with anybody who still retains a soft spot for precollegiate humor. Review Sentiment:","""Review Text: The movie feels like it's going to be great, and it carries on feeling that way for a long time, but takeoff just never happens. Review Sentiment:""","""Review Text: The pleasures of Super Troopers may be fleeting, but they'll register strongly with anybody who still retains a soft spot for precollegiate humor. Review Sentiment:""",52657669657720546578743a20546865206d6f766965206665656c73206c696b65206974277320676f696e6720746f2062652067726561742c20616e642069742063617272696573206f6e206665656c696e6720746861742077617920666f722061206c6f6e672074696d652c206275742074616b656f6666206a757374206e657665722068617070656e732e205265766965772053656e74696d656e743a,52657669657720546578743a2054686520706c65617375726573206f662053757065722054726f6f70657273206d617920626520666c656574696e672c206275742074686579276c6c207265676973746572207374726f6e676c79207769746820616e79626f64792077686f207374696c6c2072657461696e73206120736f66742073706f7420666f7220707265636f6c6c6567696174652068756d6f722e205265766965772053656e74696d656e743a,fc72e1487ddc00146c04bed44c40933fb6fd4bbd2b4f3db2f54e4f8ce18208e8,9bf08cbbd10ad0235ec9e2adaa6c471795170886d8ffa75bca2a82c0a09bf470,"[19432, 2918, 25, 576, 5700, 11074, 1075, 432, 594, 2087, 311, 387, 2244, 11, 323, 432, 23377, 389, 8266, 429, 1616, 369, 264, 1293, 882, 11, 714, 1896, 1847, 1101, 2581, 8573, 13, 10294, 23361, 3819, 25]","[19432, 2918, 25, 576, 71874, 315, 7297, 19321, 51087, 1231, 387, 95335, 11, 714, 807, 3278, 4161, 16510, 448, 21061, 879, 2058, 51844, 264, 8413, 7702, 369, 855, 2074, 1937, 6493, 27385, 13, 10294, 23361, 3819, 25]",37,37,True,"The movie feels like it's going to be great, and it carries on feeling that way for a long time, but takeoff just never happens.","The pleasures of Super Troopers may be fleeting, but they'll register strongly with anybody who still retains a soft spot for precollegiate humor.",tigges,True
sst_tigges_pythia_correct_test,360,sst-710,sst-8155,1,0,"Review Text: Sam Jones became a very lucky filmmaker the day Wilco got dropped from their record label, proving that one man's ruin may be another's fortune. Review Sentiment:","Review Text: Feels like one of those contrived, only-in - Hollywood productions where name actors deliver big performances created for the sole purpose of generating Oscar talk. Review Sentiment:","""Review Text: Sam Jones became a very lucky filmmaker the day Wilco got dropped from their record label, proving that one man's ruin may be another's fortune. Review Sentiment:""","'Review Text: Feels like one of those contrived, only-in - Hollywood productions where name actors deliver big performances created for the sole purpose of generating Oscar talk. Review Sentiment:'",52657669657720546578743a2053616d204a6f6e657320626563616d6520612076657279206c75636b792066696c6d6d616b657220746865206461792057696c636f20676f742064726f707065642066726f6d207468656972207265636f7264206c6162656c2c2070726f76696e672074686174206f6e65206d616e2773207275696e206d617920626520616e6f74686572277320666f7274756e652e205265766965772053656e74696d656e743a,52657669657720546578743a204665656c73206c696b65206f6e65206f662074686f736520636f6e7472697665642c206f6e6c792d696e202d20486f6c6c79776f6f642070726f64756374696f6e73207768657265206e616d65206163746f72732064656c697665722062696720706572666f726d616e636573206372656174656420666f722074686520736f6c6520707572706f7365206f662067656e65726174696e67204f736361722074616c6b2e205265766965772053656e74696d656e743a,e2aa2e56547ab5eb7d38e6ad77af244759f2f0c864b95b5731f1738fd62c1dba,8cbde915e053db04089dcde75027ac7dc02b47e43748f8ae80639b0f72ae255c,"[19432, 2918, 25, 8224, 11935, 6116, 264, 1602, 17605, 56237, 279, 1899, 10562, 1015, 2684, 12226, 504, 862, 3255, 2383, 11, 38758, 429, 825, 883, 594, 37239, 1231, 387, 2441, 594, 32315, 13, 10294, 23361, 3819, 25]","[19432, 2918, 25, 3841, 2010, 1075, 825, 315, 1846, 6027, 2221, 11, 1172, 3419, 481, 17236, 53148, 1380, 829, 19571, 6359, 2409, 23675, 3465, 369, 279, 13309, 7428, 315, 23163, 30697, 3061, 13, 10294, 23361, 3819, 25]",37,37,True,"Sam Jones became a very lucky filmmaker the day Wilco got dropped from their record label, proving that one man's ruin may be another's fortune.","Feels like one of those contrived, only-in - Hollywood productions where name actors deliver big performances created for the sole purpose of generating Oscar talk.",tigges,True
sst_tigges_pythia_correct_test,361,sst-8155,sst-710,0,1,"Review Text: Feels like one of those contrived, only-in - Hollywood productions where name actors deliver big performances created for the sole purpose of generating Oscar talk. Review Sentiment:","Review Text: Sam Jones became a very lucky filmmaker the day Wilco got dropped from their record label, proving that one man's ruin may be another's fortune. Review Sentiment:","'Review Text: Feels like one of those contrived, only-in - Hollywood productions where name actors deliver big performances created for the sole purpose of generating Oscar talk. Review Sentiment:'","""Review Text: Sam Jones became a very lucky filmmaker the day Wilco got dropped from their record label, proving that one man's ruin may be another's fortune. Review Sentiment:""",52657669657720546578743a204665656c73206c696b65206f6e65206f662074686f736520636f6e7472697665642c206f6e6c792d696e202d20486f6c6c79776f6f642070726f64756374696f6e73207768657265206e616d65206163746f72732064656c697665722062696720706572666f726d616e636573206372656174656420666f722074686520736f6c6520707572706f7365206f662067656e65726174696e67204f736361722074616c6b2e205265766965772053656e74696d656e743a,52657669657720546578743a2053616d204a6f6e657320626563616d6520612076657279206c75636b792066696c6d6d616b657220746865206461792057696c636f20676f742064726f707065642066726f6d207468656972207265636f7264206c6162656c2c2070726f76696e672074686174206f6e65206d616e2773207275696e206d617920626520616e6f74686572277320666f7274756e652e205265766965772053656e74696d656e743a,8cbde915e053db04089dcde75027ac7dc02b47e43748f8ae80639b0f72ae255c,e2aa2e56547ab5eb7d38e6ad77af244759f2f0c864b95b5731f1738fd62c1dba,"[19432, 2918, 25, 3841, 2010, 1075, 825, 315, 1846, 6027, 2221, 11, 1172, 3419, 481, 17236, 53148, 1380, 829, 19571, 6359, 2409, 23675, 3465, 369, 279, 13309, 7428, 315, 23163, 30697, 3061, 13, 10294, 23361, 3819, 25]","[19432, 2918, 25, 8224, 11935, 6116, 264, 1602, 17605, 56237, 279, 1899, 10562, 1015, 2684, 12226, 504, 862, 3255, 2383, 11, 38758, 429, 825, 883, 594, 37239, 1231, 387, 2441, 594, 32315, 13, 10294, 23361, 3819, 25]",37,37,True,"Feels like one of those contrived, only-in - Hollywood productions where name actors deliver big performances created for the sole purpose of generating Oscar talk.","Sam Jones became a very lucky filmmaker the day Wilco got dropped from their record label, proving that one man's ruin may be another's fortune.",tigges,True
sst_tigges_pythia_correct_test,362,sst-751,sst-8898,1,0,"Review Text: Reinforces the often forgotten fact of the world's remarkably varying human population and mindset, and its capacity to heal using creative, natural and ancient antidotes. Review Sentiment:","Review Text: But like Bruce Springsteen's gone-to-pot Asbury Park, New Jersey, this sad-sack waste of a movie is a City of ruins. Review Sentiment:","""Review Text: Reinforces the often forgotten fact of the world's remarkably varying human population and mindset, and its capacity to heal using creative, natural and ancient antidotes. Review Sentiment:""","""Review Text: But like Bruce Springsteen's gone-to-pot Asbury Park, New Jersey, this sad-sack waste of a movie is a City of ruins. Review Sentiment:""",52657669657720546578743a205265696e666f7263657320746865206f6674656e20666f72676f7474656e2066616374206f662074686520776f726c6427732072656d61726b61626c792076617279696e672068756d616e20706f70756c6174696f6e20616e64206d696e647365742c20616e642069747320636170616369747920746f206865616c207573696e672063726561746976652c206e61747572616c20616e6420616e6369656e7420616e7469646f7465732e205265766965772053656e74696d656e743a,52657669657720546578743a20427574206c696b6520427275636520537072696e67737465656e277320676f6e652d746f2d706f7420417362757279205061726b2c204e6577204a65727365792c2074686973207361642d7361636b207761737465206f662061206d6f76696520697320612043697479206f66207275696e732e205265766965772053656e74696d656e743a,aa6217b2a2d58d58804b3e8ff22a4dfe653ae7fee06736caf19e570659b550db,320a3e190b79bf9ac97c16accdc02368b066acb9f9a6e222cb63e7b8f6c3a51e,"[19432, 2918, 25, 46069, 48796, 279, 3545, 24547, 2097, 315, 279, 1879, 594, 48623, 28765, 3738, 7042, 323, 39443, 11, 323, 1181, 8654, 311, 26563, 1667, 11521, 11, 5810, 323, 13833, 89587, 6295, 13, 10294, 23361, 3819, 25]","[19432, 2918, 25, 1988, 1075, 23845, 12252, 93957, 594, 8048, 4686, 2268, 354, 1634, 19603, 5540, 11, 1532, 15849, 11, 419, 12421, 1331, 473, 12291, 315, 264, 5700, 374, 264, 4311, 315, 45662, 13, 10294, 23361, 3819, 25]",38,38,True,"Reinforces the often forgotten fact of the world's remarkably varying human population and mindset, and its capacity to heal using creative, natural and ancient antidotes.","But like Bruce Springsteen's gone-to-pot Asbury Park, New Jersey, this sad-sack waste of a movie is a City of ruins.",tigges,True
sst_tigges_pythia_correct_test,363,sst-8898,sst-751,0,1,"Review Text: But like Bruce Springsteen's gone-to-pot Asbury Park, New Jersey, this sad-sack waste of a movie is a City of ruins. Review Sentiment:","Review Text: Reinforces the often forgotten fact of the world's remarkably varying human population and mindset, and its capacity to heal using creative, natural and ancient antidotes. Review Sentiment:","""Review Text: But like Bruce Springsteen's gone-to-pot Asbury Park, New Jersey, this sad-sack waste of a movie is a City of ruins. Review Sentiment:""","""Review Text: Reinforces the often forgotten fact of the world's remarkably varying human population and mindset, and its capacity to heal using creative, natural and ancient antidotes. Review Sentiment:""",52657669657720546578743a20427574206c696b6520427275636520537072696e67737465656e277320676f6e652d746f2d706f7420417362757279205061726b2c204e6577204a65727365792c2074686973207361642d7361636b207761737465206f662061206d6f76696520697320612043697479206f66207275696e732e205265766965772053656e74696d656e743a,52657669657720546578743a205265696e666f7263657320746865206f6674656e20666f72676f7474656e2066616374206f662074686520776f726c6427732072656d61726b61626c792076617279696e672068756d616e20706f70756c6174696f6e20616e64206d696e647365742c20616e642069747320636170616369747920746f206865616c207573696e672063726561746976652c206e61747572616c20616e6420616e6369656e7420616e7469646f7465732e205265766965772053656e74696d656e743a,320a3e190b79bf9ac97c16accdc02368b066acb9f9a6e222cb63e7b8f6c3a51e,aa6217b2a2d58d58804b3e8ff22a4dfe653ae7fee06736caf19e570659b550db,"[19432, 2918, 25, 1988, 1075, 23845, 12252, 93957, 594, 8048, 4686, 2268, 354, 1634, 19603, 5540, 11, 1532, 15849, 11, 419, 12421, 1331, 473, 12291, 315, 264, 5700, 374, 264, 4311, 315, 45662, 13, 10294, 23361, 3819, 25]","[19432, 2918, 25, 46069, 48796, 279, 3545, 24547, 2097, 315, 279, 1879, 594, 48623, 28765, 3738, 7042, 323, 39443, 11, 323, 1181, 8654, 311, 26563, 1667, 11521, 11, 5810, 323, 13833, 89587, 6295, 13, 10294, 23361, 3819, 25]",38,38,True,"But like Bruce Springsteen's gone-to-pot Asbury Park, New Jersey, this sad-sack waste of a movie is a City of ruins.","Reinforces the often forgotten fact of the world's remarkably varying human population and mindset, and its capacity to heal using creative, natural and ancient antidotes.",tigges,True
sst_tigges_pythia_correct_test,364,sst-980,sst-8248,1,0,Review Text: The AM-radio soundtrack and game cast--Tierney and the inimitable Walken especially--keep this unusual comedy from choking on its own conceit. Review Sentiment:,"Review Text: Despite all the talking, by the time the bloody climax arrives we still don't feel enough of an attachment to these guys to care one way or another. Review Sentiment:",'Review Text: The AM-radio soundtrack and game cast--Tierney and the inimitable Walken especially--keep this unusual comedy from choking on its own conceit. Review Sentiment:',"""Review Text: Despite all the talking, by the time the bloody climax arrives we still don't feel enough of an attachment to these guys to care one way or another. Review Sentiment:""",52657669657720546578743a2054686520414d2d726164696f20736f756e64747261636b20616e642067616d6520636173742d2d546965726e657920616e642074686520696e696d697461626c652057616c6b656e20657370656369616c6c792d2d6b656570207468697320756e757375616c20636f6d6564792066726f6d2063686f6b696e67206f6e20697473206f776e20636f6e636569742e205265766965772053656e74696d656e743a,52657669657720546578743a204465737069746520616c6c207468652074616c6b696e672c206279207468652074696d652074686520626c6f6f647920636c696d61782061727269766573207765207374696c6c20646f6e2774206665656c20656e6f756768206f6620616e206174746163686d656e7420746f207468657365206775797320746f2063617265206f6e6520776179206f7220616e6f746865722e205265766965772053656e74696d656e743a,4cf4a231040af76e3c969a7e93f4935a2d112e16c58097052e631824c24f09eb,05441d2ed9bc24555c5d978e1ae512d50bf56e0a357ed5abdea8135e28b10d24,"[19432, 2918, 25, 576, 6769, 62693, 44899, 323, 1809, 6311, 313, 70684, 3437, 323, 279, 304, 2353, 480, 12554, 268, 5310, 313, 13096, 419, 18511, 22358, 504, 90520, 389, 1181, 1828, 19669, 275, 13, 10294, 23361, 3819, 25]","[19432, 2918, 25, 17715, 678, 279, 7404, 11, 553, 279, 882, 279, 35177, 70195, 29682, 582, 2058, 1513, 944, 2666, 3322, 315, 458, 19984, 311, 1493, 7598, 311, 2453, 825, 1616, 476, 2441, 13, 10294, 23361, 3819, 25]",38,38,True,The AM-radio soundtrack and game cast--Tierney and the inimitable Walken especially--keep this unusual comedy from choking on its own conceit.,"Despite all the talking, by the time the bloody climax arrives we still don't feel enough of an attachment to these guys to care one way or another.",tigges,True
sst_tigges_pythia_correct_test,365,sst-8248,sst-980,0,1,"Review Text: Despite all the talking, by the time the bloody climax arrives we still don't feel enough of an attachment to these guys to care one way or another. Review Sentiment:",Review Text: The AM-radio soundtrack and game cast--Tierney and the inimitable Walken especially--keep this unusual comedy from choking on its own conceit. Review Sentiment:,"""Review Text: Despite all the talking, by the time the bloody climax arrives we still don't feel enough of an attachment to these guys to care one way or another. Review Sentiment:""",'Review Text: The AM-radio soundtrack and game cast--Tierney and the inimitable Walken especially--keep this unusual comedy from choking on its own conceit. Review Sentiment:',52657669657720546578743a204465737069746520616c6c207468652074616c6b696e672c206279207468652074696d652074686520626c6f6f647920636c696d61782061727269766573207765207374696c6c20646f6e2774206665656c20656e6f756768206f6620616e206174746163686d656e7420746f207468657365206775797320746f2063617265206f6e6520776179206f7220616e6f746865722e205265766965772053656e74696d656e743a,52657669657720546578743a2054686520414d2d726164696f20736f756e64747261636b20616e642067616d6520636173742d2d546965726e657920616e642074686520696e696d697461626c652057616c6b656e20657370656369616c6c792d2d6b656570207468697320756e757375616c20636f6d6564792066726f6d2063686f6b696e67206f6e20697473206f776e20636f6e636569742e205265766965772053656e74696d656e743a,05441d2ed9bc24555c5d978e1ae512d50bf56e0a357ed5abdea8135e28b10d24,4cf4a231040af76e3c969a7e93f4935a2d112e16c58097052e631824c24f09eb,"[19432, 2918, 25, 17715, 678, 279, 7404, 11, 553, 279, 882, 279, 35177, 70195, 29682, 582, 2058, 1513, 944, 2666, 3322, 315, 458, 19984, 311, 1493, 7598, 311, 2453, 825, 1616, 476, 2441, 13, 10294, 23361, 3819, 25]","[19432, 2918, 25, 576, 6769, 62693, 44899, 323, 1809, 6311, 313, 70684, 3437, 323, 279, 304, 2353, 480, 12554, 268, 5310, 313, 13096, 419, 18511, 22358, 504, 90520, 389, 1181, 1828, 19669, 275, 13, 10294, 23361, 3819, 25]",38,38,True,"Despite all the talking, by the time the bloody climax arrives we still don't feel enough of an attachment to these guys to care one way or another.",The AM-radio soundtrack and game cast--Tierney and the inimitable Walken especially--keep this unusual comedy from choking on its own conceit.,tigges,True
sst_tigges_pythia_correct_test,366,sst-938,sst-8977,1,0,"Review Text: Funny and, at times, poignant, the film from director George Hickenlooper all takes place in Pasadena, ''a city where people still read.'' Review Sentiment:","Review Text: Reggio falls victim to relying on the very digital technology that he fervently scorns, creating a meandering, inarticulate and ultimately disappointing film. Review Sentiment:","""Review Text: Funny and, at times, poignant, the film from director George Hickenlooper all takes place in Pasadena, ''a city where people still read.'' Review Sentiment:""","'Review Text: Reggio falls victim to relying on the very digital technology that he fervently scorns, creating a meandering, inarticulate and ultimately disappointing film. Review Sentiment:'",52657669657720546578743a2046756e6e7920616e642c2061742074696d65732c20706f69676e616e742c207468652066696c6d2066726f6d206469726563746f722047656f726765204869636b656e6c6f6f70657220616c6c2074616b657320706c61636520696e205061736164656e612c2027276120636974792077686572652070656f706c65207374696c6c20726561642e2727205265766965772053656e74696d656e743a,52657669657720546578743a2052656767696f2066616c6c732076696374696d20746f2072656c79696e67206f6e207468652076657279206469676974616c20746563686e6f6c6f677920746861742068652066657276656e746c792073636f726e732c206372656174696e672061206d65616e646572696e672c20696e6172746963756c61746520616e6420756c74696d6174656c79206469736170706f696e74696e672066696c6d2e205265766965772053656e74696d656e743a,93900250e123d0ec8e49d5340051ed88c5d69b3c47827b559394ced97c3eb1fc,4db0c5254db142bbe33743928d4cb344d1b4b0a21cde0379210a44ef0bef3538,"[19432, 2918, 25, 52840, 323, 11, 518, 3039, 11, 92347, 11, 279, 4531, 504, 7538, 9857, 472, 9692, 385, 3296, 678, 4990, 1992, 304, 82450, 11, 3355, 64, 3283, 1380, 1251, 2058, 1349, 42484, 10294, 23361, 3819, 25]","[19432, 2918, 25, 3184, 45145, 17066, 11734, 311, 38561, 389, 279, 1602, 7377, 5440, 429, 566, 66375, 4402, 1136, 43029, 11, 6825, 264, 752, 60280, 11, 304, 80887, 6334, 323, 13653, 38123, 4531, 13, 10294, 23361, 3819, 25]",38,38,True,"Funny and, at times, poignant, the film from director George Hickenlooper all takes place in Pasadena, ''a city where people still read.''","Reggio falls victim to relying on the very digital technology that he fervently scorns, creating a meandering, inarticulate and ultimately disappointing film.",tigges,True
sst_tigges_pythia_correct_test,367,sst-8977,sst-938,0,1,"Review Text: Reggio falls victim to relying on the very digital technology that he fervently scorns, creating a meandering, inarticulate and ultimately disappointing film. Review Sentiment:","Review Text: Funny and, at times, poignant, the film from director George Hickenlooper all takes place in Pasadena, ''a city where people still read.'' Review Sentiment:","'Review Text: Reggio falls victim to relying on the very digital technology that he fervently scorns, creating a meandering, inarticulate and ultimately disappointing film. Review Sentiment:'","""Review Text: Funny and, at times, poignant, the film from director George Hickenlooper all takes place in Pasadena, ''a city where people still read.'' Review Sentiment:""",52657669657720546578743a2052656767696f2066616c6c732076696374696d20746f2072656c79696e67206f6e207468652076657279206469676974616c20746563686e6f6c6f677920746861742068652066657276656e746c792073636f726e732c206372656174696e672061206d65616e646572696e672c20696e6172746963756c61746520616e6420756c74696d6174656c79206469736170706f696e74696e672066696c6d2e205265766965772053656e74696d656e743a,52657669657720546578743a2046756e6e7920616e642c2061742074696d65732c20706f69676e616e742c207468652066696c6d2066726f6d206469726563746f722047656f726765204869636b656e6c6f6f70657220616c6c2074616b657320706c61636520696e205061736164656e612c2027276120636974792077686572652070656f706c65207374696c6c20726561642e2727205265766965772053656e74696d656e743a,4db0c5254db142bbe33743928d4cb344d1b4b0a21cde0379210a44ef0bef3538,93900250e123d0ec8e49d5340051ed88c5d69b3c47827b559394ced97c3eb1fc,"[19432, 2918, 25, 3184, 45145, 17066, 11734, 311, 38561, 389, 279, 1602, 7377, 5440, 429, 566, 66375, 4402, 1136, 43029, 11, 6825, 264, 752, 60280, 11, 304, 80887, 6334, 323, 13653, 38123, 4531, 13, 10294, 23361, 3819, 25]","[19432, 2918, 25, 52840, 323, 11, 518, 3039, 11, 92347, 11, 279, 4531, 504, 7538, 9857, 472, 9692, 385, 3296, 678, 4990, 1992, 304, 82450, 11, 3355, 64, 3283, 1380, 1251, 2058, 1349, 42484, 10294, 23361, 3819, 25]",38,38,True,"Reggio falls victim to relying on the very digital technology that he fervently scorns, creating a meandering, inarticulate and ultimately disappointing film.","Funny and, at times, poignant, the film from director George Hickenlooper all takes place in Pasadena, ''a city where people still read.''",tigges,True
sst_tigges_pythia_correct_test,368,sst-288,sst-8786,1,0,"Review Text: All the performances are top notch and, once you get through the accents, All or Nothing becomes an emotional, though still positive, wrench of a sit. Review Sentiment:","Review Text: A mix of velocity and idiocy, this ruinous remake lacks the brawn--and the brains--of the 1970s original. Review Sentiment:","'Review Text: All the performances are top notch and, once you get through the accents, All or Nothing becomes an emotional, though still positive, wrench of a sit. Review Sentiment:'","'Review Text: A mix of velocity and idiocy, this ruinous remake lacks the brawn--and the brains--of the 1970s original. Review Sentiment:'",52657669657720546578743a20416c6c2074686520706572666f726d616e6365732061726520746f70206e6f74636820616e642c206f6e636520796f7520676574207468726f7567682074686520616363656e74732c20416c6c206f72204e6f7468696e67206265636f6d657320616e20656d6f74696f6e616c2c2074686f756768207374696c6c20706f7369746976652c207772656e6368206f662061207369742e205265766965772053656e74696d656e743a,52657669657720546578743a2041206d6978206f662076656c6f6369747920616e64206964696f63792c2074686973207275696e6f75732072656d616b65206c61636b732074686520627261776e2d2d616e642074686520627261696e732d2d6f6620746865203139373073206f726967696e616c2e205265766965772053656e74696d656e743a,ac6f435efc27c1c64c69c058b2ec2f6b95ee14456470852188b591f0ec8bc77c,c6bdbf0ec2426aac77175b7b7b6f223e3672d442ee7024c686283027f08519e5,"[19432, 2918, 25, 2009, 279, 23675, 525, 1909, 50454, 323, 11, 3055, 498, 633, 1526, 279, 58470, 11, 2009, 476, 12064, 9044, 458, 14269, 11, 3498, 2058, 6785, 11, 59488, 315, 264, 2444, 13, 10294, 23361, 3819, 25]","[19432, 2918, 25, 362, 6514, 315, 15435, 323, 40660, 33846, 11, 419, 37239, 782, 58055, 36756, 279, 293, 67568, 313, 437, 279, 34102, 313, 1055, 279, 220, 16, 24, 22, 15, 82, 4024, 13, 10294, 23361, 3819, 25]",38,38,True,"All the performances are top notch and, once you get through the accents, All or Nothing becomes an emotional, though still positive, wrench of a sit.","A mix of velocity and idiocy, this ruinous remake lacks the brawn--and the brains--of the 1970s original.",tigges,True
sst_tigges_pythia_correct_test,369,sst-8786,sst-288,0,1,"Review Text: A mix of velocity and idiocy, this ruinous remake lacks the brawn--and the brains--of the 1970s original. Review Sentiment:","Review Text: All the performances are top notch and, once you get through the accents, All or Nothing becomes an emotional, though still positive, wrench of a sit. Review Sentiment:","'Review Text: A mix of velocity and idiocy, this ruinous remake lacks the brawn--and the brains--of the 1970s original. Review Sentiment:'","'Review Text: All the performances are top notch and, once you get through the accents, All or Nothing becomes an emotional, though still positive, wrench of a sit. Review Sentiment:'",52657669657720546578743a2041206d6978206f662076656c6f6369747920616e64206964696f63792c2074686973207275696e6f75732072656d616b65206c61636b732074686520627261776e2d2d616e642074686520627261696e732d2d6f6620746865203139373073206f726967696e616c2e205265766965772053656e74696d656e743a,52657669657720546578743a20416c6c2074686520706572666f726d616e6365732061726520746f70206e6f74636820616e642c206f6e636520796f7520676574207468726f7567682074686520616363656e74732c20416c6c206f72204e6f7468696e67206265636f6d657320616e20656d6f74696f6e616c2c2074686f756768207374696c6c20706f7369746976652c207772656e6368206f662061207369742e205265766965772053656e74696d656e743a,c6bdbf0ec2426aac77175b7b7b6f223e3672d442ee7024c686283027f08519e5,ac6f435efc27c1c64c69c058b2ec2f6b95ee14456470852188b591f0ec8bc77c,"[19432, 2918, 25, 362, 6514, 315, 15435, 323, 40660, 33846, 11, 419, 37239, 782, 58055, 36756, 279, 293, 67568, 313, 437, 279, 34102, 313, 1055, 279, 220, 16, 24, 22, 15, 82, 4024, 13, 10294, 23361, 3819, 25]","[19432, 2918, 25, 2009, 279, 23675, 525, 1909, 50454, 323, 11, 3055, 498, 633, 1526, 279, 58470, 11, 2009, 476, 12064, 9044, 458, 14269, 11, 3498, 2058, 6785, 11, 59488, 315, 264, 2444, 13, 10294, 23361, 3819, 25]",38,38,True,"A mix of velocity and idiocy, this ruinous remake lacks the brawn--and the brains--of the 1970s original.","All the performances are top notch and, once you get through the accents, All or Nothing becomes an emotional, though still positive, wrench of a sit.",tigges,True
sst_tigges_pythia_correct_test,370,sst-984,sst-8908,1,0,"Review Text: Novak manages to capture a cruelly hilarious vein of black comedy in the situation with his cast of non-actors and a gritty, no-budget approach. Review Sentiment:","Review Text: Drives for the same kind of bittersweet, conciliatory tone that Three Seasons achieved but loses its way in rhetorical excess and blatant sentimentality. Review Sentiment:","'Review Text: Novak manages to capture a cruelly hilarious vein of black comedy in the situation with his cast of non-actors and a gritty, no-budget approach. Review Sentiment:'","'Review Text: Drives for the same kind of bittersweet, conciliatory tone that Three Seasons achieved but loses its way in rhetorical excess and blatant sentimentality. Review Sentiment:'",52657669657720546578743a204e6f76616b206d616e6167657320746f2063617074757265206120637275656c6c792068696c6172696f7573207665696e206f6620626c61636b20636f6d65647920696e2074686520736974756174696f6e2077697468206869732063617374206f66206e6f6e2d6163746f727320616e642061206772697474792c206e6f2d62756467657420617070726f6163682e205265766965772053656e74696d656e743a,52657669657720546578743a2044726976657320666f72207468652073616d65206b696e64206f662062697474657273776565742c20636f6e63696c6961746f727920746f6e65207468617420546872656520536561736f6e7320616368696576656420627574206c6f736573206974732077617920696e20726865746f726963616c2065786365737320616e6420626c6174616e742073656e74696d656e74616c6974792e205265766965772053656e74696d656e743a,6b0da7f1e3564f5aa73bb33cd2115e7451697d6809fc27f5d9693e13a49528d0,2c39ad081c4c30c57ebfcfbd4883ea96bac0ef4b6026a37a03c1ca455737967e,"[19432, 2918, 25, 4620, 585, 28872, 311, 12322, 264, 27030, 398, 40267, 53244, 315, 3691, 22358, 304, 279, 6534, 448, 806, 6311, 315, 2477, 12, 21161, 323, 264, 85678, 11, 902, 94752, 5486, 13, 10294, 23361, 3819, 25]","[19432, 2918, 25, 2926, 1886, 369, 279, 1852, 3093, 315, 293, 28063, 4488, 11, 3529, 3921, 5269, 16232, 429, 14513, 67200, 16994, 714, 32191, 1181, 1616, 304, 85968, 13623, 323, 71447, 25975, 2719, 13, 10294, 23361, 3819, 25]",38,38,True,"Novak manages to capture a cruelly hilarious vein of black comedy in the situation with his cast of non-actors and a gritty, no-budget approach.","Drives for the same kind of bittersweet, conciliatory tone that Three Seasons achieved but loses its way in rhetorical excess and blatant sentimentality.",tigges,True
sst_tigges_pythia_correct_test,371,sst-8908,sst-984,0,1,"Review Text: Drives for the same kind of bittersweet, conciliatory tone that Three Seasons achieved but loses its way in rhetorical excess and blatant sentimentality. Review Sentiment:","Review Text: Novak manages to capture a cruelly hilarious vein of black comedy in the situation with his cast of non-actors and a gritty, no-budget approach. Review Sentiment:","'Review Text: Drives for the same kind of bittersweet, conciliatory tone that Three Seasons achieved but loses its way in rhetorical excess and blatant sentimentality. Review Sentiment:'","'Review Text: Novak manages to capture a cruelly hilarious vein of black comedy in the situation with his cast of non-actors and a gritty, no-budget approach. Review Sentiment:'",52657669657720546578743a2044726976657320666f72207468652073616d65206b696e64206f662062697474657273776565742c20636f6e63696c6961746f727920746f6e65207468617420546872656520536561736f6e7320616368696576656420627574206c6f736573206974732077617920696e20726865746f726963616c2065786365737320616e6420626c6174616e742073656e74696d656e74616c6974792e205265766965772053656e74696d656e743a,52657669657720546578743a204e6f76616b206d616e6167657320746f2063617074757265206120637275656c6c792068696c6172696f7573207665696e206f6620626c61636b20636f6d65647920696e2074686520736974756174696f6e2077697468206869732063617374206f66206e6f6e2d6163746f727320616e642061206772697474792c206e6f2d62756467657420617070726f6163682e205265766965772053656e74696d656e743a,2c39ad081c4c30c57ebfcfbd4883ea96bac0ef4b6026a37a03c1ca455737967e,6b0da7f1e3564f5aa73bb33cd2115e7451697d6809fc27f5d9693e13a49528d0,"[19432, 2918, 25, 2926, 1886, 369, 279, 1852, 3093, 315, 293, 28063, 4488, 11, 3529, 3921, 5269, 16232, 429, 14513, 67200, 16994, 714, 32191, 1181, 1616, 304, 85968, 13623, 323, 71447, 25975, 2719, 13, 10294, 23361, 3819, 25]","[19432, 2918, 25, 4620, 585, 28872, 311, 12322, 264, 27030, 398, 40267, 53244, 315, 3691, 22358, 304, 279, 6534, 448, 806, 6311, 315, 2477, 12, 21161, 323, 264, 85678, 11, 902, 94752, 5486, 13, 10294, 23361, 3819, 25]",38,38,True,"Drives for the same kind of bittersweet, conciliatory tone that Three Seasons achieved but loses its way in rhetorical excess and blatant sentimentality.","Novak manages to capture a cruelly hilarious vein of black comedy in the situation with his cast of non-actors and a gritty, no-budget approach.",tigges,True
sst_tigges_pythia_correct_test,372,sst-955,sst-8525,1,0,Review Text: The reason this picture works better than its predecessors is that Myers is no longer simply spoofing the mini-mod-madness of'60s spy movies. Review Sentiment:,"Review Text: The best you can say about it is it's so uninspired, it barely gives one pause when considering some of the other dreck out there right now. Review Sentiment:","""Review Text: The reason this picture works better than its predecessors is that Myers is no longer simply spoofing the mini-mod-madness of'60s spy movies. Review Sentiment:""","""Review Text: The best you can say about it is it's so uninspired, it barely gives one pause when considering some of the other dreck out there right now. Review Sentiment:""",52657669657720546578743a2054686520726561736f6e2074686973207069637475726520776f726b7320626574746572207468616e20697473207072656465636573736f72732069732074686174204d79657273206973206e6f206c6f6e6765722073696d706c792073706f6f66696e6720746865206d696e692d6d6f642d6d61646e657373206f662736307320737079206d6f766965732e205265766965772053656e74696d656e743a,52657669657720546578743a20546865206265737420796f752063616e207361792061626f7574206974206973206974277320736f20756e696e7370697265642c20697420626172656c79206769766573206f6e65207061757365207768656e20636f6e7369646572696e6720736f6d65206f6620746865206f7468657220647265636b206f7574207468657265207269676874206e6f772e205265766965772053656e74696d656e743a,ab71ce31beca4704a43725161ed8ee210e22be61f5464f0462d44729ea42e4d0,ea0730be6d7466ea22e12cfbd3f592eca55a1bc7ee27afe32eb497b1c4798b2d,"[19432, 2918, 25, 576, 2874, 419, 6802, 4278, 2664, 1091, 1181, 61440, 374, 429, 50223, 374, 902, 5021, 4936, 87890, 287, 279, 13420, 17078, 1448, 329, 2090, 315, 6, 21, 15, 82, 21236, 9508, 13, 10294, 23361, 3819, 25]","[19432, 2918, 25, 576, 1850, 498, 646, 1977, 911, 432, 374, 432, 594, 773, 65103, 11724, 11, 432, 19460, 6696, 825, 18087, 979, 12831, 1045, 315, 279, 1008, 294, 24638, 700, 1052, 1290, 1431, 13, 10294, 23361, 3819, 25]",39,39,True,The reason this picture works better than its predecessors is that Myers is no longer simply spoofing the mini-mod-madness of'60s spy movies.,"The best you can say about it is it's so uninspired, it barely gives one pause when considering some of the other dreck out there right now.",tigges,True
sst_tigges_pythia_correct_test,373,sst-8525,sst-955,0,1,"Review Text: The best you can say about it is it's so uninspired, it barely gives one pause when considering some of the other dreck out there right now. Review Sentiment:",Review Text: The reason this picture works better than its predecessors is that Myers is no longer simply spoofing the mini-mod-madness of'60s spy movies. Review Sentiment:,"""Review Text: The best you can say about it is it's so uninspired, it barely gives one pause when considering some of the other dreck out there right now. Review Sentiment:""","""Review Text: The reason this picture works better than its predecessors is that Myers is no longer simply spoofing the mini-mod-madness of'60s spy movies. Review Sentiment:""",52657669657720546578743a20546865206265737420796f752063616e207361792061626f7574206974206973206974277320736f20756e696e7370697265642c20697420626172656c79206769766573206f6e65207061757365207768656e20636f6e7369646572696e6720736f6d65206f6620746865206f7468657220647265636b206f7574207468657265207269676874206e6f772e205265766965772053656e74696d656e743a,52657669657720546578743a2054686520726561736f6e2074686973207069637475726520776f726b7320626574746572207468616e20697473207072656465636573736f72732069732074686174204d79657273206973206e6f206c6f6e6765722073696d706c792073706f6f66696e6720746865206d696e692d6d6f642d6d61646e657373206f662736307320737079206d6f766965732e205265766965772053656e74696d656e743a,ea0730be6d7466ea22e12cfbd3f592eca55a1bc7ee27afe32eb497b1c4798b2d,ab71ce31beca4704a43725161ed8ee210e22be61f5464f0462d44729ea42e4d0,"[19432, 2918, 25, 576, 1850, 498, 646, 1977, 911, 432, 374, 432, 594, 773, 65103, 11724, 11, 432, 19460, 6696, 825, 18087, 979, 12831, 1045, 315, 279, 1008, 294, 24638, 700, 1052, 1290, 1431, 13, 10294, 23361, 3819, 25]","[19432, 2918, 25, 576, 2874, 419, 6802, 4278, 2664, 1091, 1181, 61440, 374, 429, 50223, 374, 902, 5021, 4936, 87890, 287, 279, 13420, 17078, 1448, 329, 2090, 315, 6, 21, 15, 82, 21236, 9508, 13, 10294, 23361, 3819, 25]",39,39,True,"The best you can say about it is it's so uninspired, it barely gives one pause when considering some of the other dreck out there right now.",The reason this picture works better than its predecessors is that Myers is no longer simply spoofing the mini-mod-madness of'60s spy movies.,tigges,True
sst_tigges_pythia_correct_test,374,sst-825,sst-8646,1,0,Review Text: The fact that The Rookie is a nearly impeccable cinematic experience--and a wonderful all-ages triumph besides--is a miracle akin to the story the film portrays. Review Sentiment:,"Review Text: A recipe for cinematic disaster... part Quentin Tarantino, part Guy Ritchie, and part 1960s spy spoof, it's all bad. Review Sentiment:",'Review Text: The fact that The Rookie is a nearly impeccable cinematic experience--and a wonderful all-ages triumph besides--is a miracle akin to the story the film portrays. Review Sentiment:',"""Review Text: A recipe for cinematic disaster... part Quentin Tarantino, part Guy Ritchie, and part 1960s spy spoof, it's all bad. Review Sentiment:""",52657669657720546578743a20546865206661637420746861742054686520526f6f6b69652069732061206e6561726c7920696d7065636361626c652063696e656d6174696320657870657269656e63652d2d616e64206120776f6e64657266756c20616c6c2d6167657320747269756d706820626573696465732d2d69732061206d697261636c6520616b696e20746f207468652073746f7279207468652066696c6d20706f7274726179732e205265766965772053656e74696d656e743a,52657669657720546578743a20412072656369706520666f722063696e656d617469632064697361737465722e2e2e2070617274205175656e74696e20546172616e74696e6f2c20706172742047757920526974636869652c20616e642070617274203139363073207370792073706f6f662c206974277320616c6c206261642e205265766965772053656e74696d656e743a,5b17dcaaf57273bb6f4fe5cc11bb465a5a5a47e7273c96e8b83fc60c3d2a7ef6,971dbc397901bd7fdf94250cb03e79fff1d7c2817068fa1ff85354f3042bfef2,"[19432, 2918, 25, 576, 2097, 429, 576, 82125, 374, 264, 7009, 88546, 64665, 3139, 313, 437, 264, 11117, 678, 12, 1134, 37486, 27758, 313, 285, 264, 44025, 51907, 311, 279, 3364, 279, 4531, 96506, 13, 10294, 23361, 3819, 25]","[19432, 2918, 25, 362, 11116, 369, 64665, 20763, 1112, 949, 90051, 23959, 95364, 11, 949, 25273, 96882, 645, 11, 323, 949, 220, 16, 24, 21, 15, 82, 21236, 87890, 11, 432, 594, 678, 3873, 13, 10294, 23361, 3819, 25]",39,39,True,The fact that The Rookie is a nearly impeccable cinematic experience--and a wonderful all-ages triumph besides--is a miracle akin to the story the film portrays.,"A recipe for cinematic disaster... part Quentin Tarantino, part Guy Ritchie, and part 1960s spy spoof, it's all bad.",tigges,True
sst_tigges_pythia_correct_test,375,sst-8646,sst-825,0,1,"Review Text: A recipe for cinematic disaster... part Quentin Tarantino, part Guy Ritchie, and part 1960s spy spoof, it's all bad. Review Sentiment:",Review Text: The fact that The Rookie is a nearly impeccable cinematic experience--and a wonderful all-ages triumph besides--is a miracle akin to the story the film portrays. Review Sentiment:,"""Review Text: A recipe for cinematic disaster... part Quentin Tarantino, part Guy Ritchie, and part 1960s spy spoof, it's all bad. Review Sentiment:""",'Review Text: The fact that The Rookie is a nearly impeccable cinematic experience--and a wonderful all-ages triumph besides--is a miracle akin to the story the film portrays. Review Sentiment:',52657669657720546578743a20412072656369706520666f722063696e656d617469632064697361737465722e2e2e2070617274205175656e74696e20546172616e74696e6f2c20706172742047757920526974636869652c20616e642070617274203139363073207370792073706f6f662c206974277320616c6c206261642e205265766965772053656e74696d656e743a,52657669657720546578743a20546865206661637420746861742054686520526f6f6b69652069732061206e6561726c7920696d7065636361626c652063696e656d6174696320657870657269656e63652d2d616e64206120776f6e64657266756c20616c6c2d6167657320747269756d706820626573696465732d2d69732061206d697261636c6520616b696e20746f207468652073746f7279207468652066696c6d20706f7274726179732e205265766965772053656e74696d656e743a,971dbc397901bd7fdf94250cb03e79fff1d7c2817068fa1ff85354f3042bfef2,5b17dcaaf57273bb6f4fe5cc11bb465a5a5a47e7273c96e8b83fc60c3d2a7ef6,"[19432, 2918, 25, 362, 11116, 369, 64665, 20763, 1112, 949, 90051, 23959, 95364, 11, 949, 25273, 96882, 645, 11, 323, 949, 220, 16, 24, 21, 15, 82, 21236, 87890, 11, 432, 594, 678, 3873, 13, 10294, 23361, 3819, 25]","[19432, 2918, 25, 576, 2097, 429, 576, 82125, 374, 264, 7009, 88546, 64665, 3139, 313, 437, 264, 11117, 678, 12, 1134, 37486, 27758, 313, 285, 264, 44025, 51907, 311, 279, 3364, 279, 4531, 96506, 13, 10294, 23361, 3819, 25]",39,39,True,"A recipe for cinematic disaster... part Quentin Tarantino, part Guy Ritchie, and part 1960s spy spoof, it's all bad.",The fact that The Rookie is a nearly impeccable cinematic experience--and a wonderful all-ages triumph besides--is a miracle akin to the story the film portrays.,tigges,True
sst_tigges_pythia_correct_test,376,sst-163,sst-8382,1,0,"Review Text: Tim Allen is great in his role but never hogs the scenes from his fellow cast, as there are plenty of laughs and good lines for everyone in this comedy. Review Sentiment:","Review Text: It doesn't help that the director and cinematographer Stephen Kazmierski shoot on grungy video, giving the whole thing a dirty, tasteless feel. Review Sentiment:","'Review Text: Tim Allen is great in his role but never hogs the scenes from his fellow cast, as there are plenty of laughs and good lines for everyone in this comedy. Review Sentiment:'","""Review Text: It doesn't help that the director and cinematographer Stephen Kazmierski shoot on grungy video, giving the whole thing a dirty, tasteless feel. Review Sentiment:""",52657669657720546578743a2054696d20416c6c656e20697320677265617420696e2068697320726f6c6520627574206e6576657220686f677320746865207363656e65732066726f6d206869732066656c6c6f7720636173742c2061732074686572652061726520706c656e7479206f66206c617567687320616e6420676f6f64206c696e657320666f722065766572796f6e6520696e207468697320636f6d6564792e205265766965772053656e74696d656e743a,52657669657720546578743a20497420646f65736e27742068656c70207468617420746865206469726563746f7220616e642063696e656d61746f67726170686572205374657068656e204b617a6d696572736b692073686f6f74206f6e206772756e677920766964656f2c20676976696e67207468652077686f6c65207468696e6720612064697274792c2074617374656c657373206665656c2e205265766965772053656e74696d656e743a,5550ffc294c8a80799d004b00afb651edf5221ea730c800c2f874840563daf15,198d10cac328e75d2c7fab0b49ab11d0fcb8b9950a866ec50b5fee95f0e07095,"[19432, 2918, 25, 9354, 20060, 374, 2244, 304, 806, 3476, 714, 2581, 305, 26307, 279, 16065, 504, 806, 12357, 6311, 11, 438, 1052, 525, 11260, 315, 48236, 323, 1661, 5128, 369, 5019, 304, 419, 22358, 13, 10294, 23361, 3819, 25]","[19432, 2918, 25, 1084, 3171, 944, 1492, 429, 279, 7538, 323, 87022, 41506, 18095, 34974, 76, 4813, 6642, 6102, 389, 1081, 2185, 88, 2766, 11, 7086, 279, 4361, 3166, 264, 18595, 11, 12656, 1717, 2666, 13, 10294, 23361, 3819, 25]",40,40,True,"Tim Allen is great in his role but never hogs the scenes from his fellow cast, as there are plenty of laughs and good lines for everyone in this comedy.","It doesn't help that the director and cinematographer Stephen Kazmierski shoot on grungy video, giving the whole thing a dirty, tasteless feel.",tigges,True
sst_tigges_pythia_correct_test,377,sst-8382,sst-163,0,1,"Review Text: It doesn't help that the director and cinematographer Stephen Kazmierski shoot on grungy video, giving the whole thing a dirty, tasteless feel. Review Sentiment:","Review Text: Tim Allen is great in his role but never hogs the scenes from his fellow cast, as there are plenty of laughs and good lines for everyone in this comedy. Review Sentiment:","""Review Text: It doesn't help that the director and cinematographer Stephen Kazmierski shoot on grungy video, giving the whole thing a dirty, tasteless feel. Review Sentiment:""","'Review Text: Tim Allen is great in his role but never hogs the scenes from his fellow cast, as there are plenty of laughs and good lines for everyone in this comedy. Review Sentiment:'",52657669657720546578743a20497420646f65736e27742068656c70207468617420746865206469726563746f7220616e642063696e656d61746f67726170686572205374657068656e204b617a6d696572736b692073686f6f74206f6e206772756e677920766964656f2c20676976696e67207468652077686f6c65207468696e6720612064697274792c2074617374656c657373206665656c2e205265766965772053656e74696d656e743a,52657669657720546578743a2054696d20416c6c656e20697320677265617420696e2068697320726f6c6520627574206e6576657220686f677320746865207363656e65732066726f6d206869732066656c6c6f7720636173742c2061732074686572652061726520706c656e7479206f66206c617567687320616e6420676f6f64206c696e657320666f722065766572796f6e6520696e207468697320636f6d6564792e205265766965772053656e74696d656e743a,198d10cac328e75d2c7fab0b49ab11d0fcb8b9950a866ec50b5fee95f0e07095,5550ffc294c8a80799d004b00afb651edf5221ea730c800c2f874840563daf15,"[19432, 2918, 25, 1084, 3171, 944, 1492, 429, 279, 7538, 323, 87022, 41506, 18095, 34974, 76, 4813, 6642, 6102, 389, 1081, 2185, 88, 2766, 11, 7086, 279, 4361, 3166, 264, 18595, 11, 12656, 1717, 2666, 13, 10294, 23361, 3819, 25]","[19432, 2918, 25, 9354, 20060, 374, 2244, 304, 806, 3476, 714, 2581, 305, 26307, 279, 16065, 504, 806, 12357, 6311, 11, 438, 1052, 525, 11260, 315, 48236, 323, 1661, 5128, 369, 5019, 304, 419, 22358, 13, 10294, 23361, 3819, 25]",40,40,True,"It doesn't help that the director and cinematographer Stephen Kazmierski shoot on grungy video, giving the whole thing a dirty, tasteless feel.","Tim Allen is great in his role but never hogs the scenes from his fellow cast, as there are plenty of laughs and good lines for everyone in this comedy.",tigges,True
sst_tigges_pythia_correct_test,378,sst-931,sst-8662,1,0,Review Text: Dolgin and Franco fashion a fascinating portrait of a Vietnamese-born youngster who eagerly and easily assimilated as an all-American girl with a brand new name in southern Tennessee. Review Sentiment:,Review Text: Abandons all pretense of creating historical context and waltzes off into a hectic soap about the ups and downs of the heavy breathing between the two artists. Review Sentiment:,'Review Text: Dolgin and Franco fashion a fascinating portrait of a Vietnamese-born youngster who eagerly and easily assimilated as an all-American girl with a brand new name in southern Tennessee. Review Sentiment:','Review Text: Abandons all pretense of creating historical context and waltzes off into a hectic soap about the ups and downs of the heavy breathing between the two artists. Review Sentiment:',52657669657720546578743a20446f6c67696e20616e64204672616e636f2066617368696f6e20612066617363696e6174696e6720706f727472616974206f66206120566965746e616d6573652d626f726e20796f756e67737465722077686f2065616765726c7920616e6420656173696c7920617373696d696c6174656420617320616e20616c6c2d416d65726963616e206769726c20776974682061206272616e64206e6577206e616d6520696e20736f75746865726e2054656e6e65737365652e205265766965772053656e74696d656e743a,52657669657720546578743a204162616e646f6e7320616c6c2070726574656e7365206f66206372656174696e6720686973746f726963616c20636f6e7465787420616e642077616c747a6573206f666620696e746f20612068656374696320736f61702061626f7574207468652075707320616e6420646f776e73206f662074686520686561767920627265617468696e67206265747765656e207468652074776f20617274697374732e205265766965772053656e74696d656e743a,4976605500329665e235f9d644887541121ac67d43f3f1fcd00847bf3ca7dda4,0248500cbbcc8e46414e8b98f94ae36cef6b8408946c5f2b2ee9afe1e5e4435e,"[19432, 2918, 25, 24244, 8163, 323, 43843, 11153, 264, 26291, 33033, 315, 264, 48477, 39160, 82271, 879, 62373, 323, 6707, 38954, 92483, 438, 458, 678, 23264, 3743, 448, 264, 6741, 501, 829, 304, 18070, 23219, 13, 10294, 23361, 3819, 25]","[19432, 2918, 25, 3680, 437, 2382, 678, 4410, 1117, 315, 6825, 13656, 2266, 323, 289, 3145, 31793, 1007, 1119, 264, 90325, 26785, 911, 279, 32734, 323, 39191, 315, 279, 8811, 25938, 1948, 279, 1378, 13511, 13, 10294, 23361, 3819, 25]",40,40,True,Dolgin and Franco fashion a fascinating portrait of a Vietnamese-born youngster who eagerly and easily assimilated as an all-American girl with a brand new name in southern Tennessee.,Abandons all pretense of creating historical context and waltzes off into a hectic soap about the ups and downs of the heavy breathing between the two artists.,tigges,True
sst_tigges_pythia_correct_test,379,sst-8662,sst-931,0,1,Review Text: Abandons all pretense of creating historical context and waltzes off into a hectic soap about the ups and downs of the heavy breathing between the two artists. Review Sentiment:,Review Text: Dolgin and Franco fashion a fascinating portrait of a Vietnamese-born youngster who eagerly and easily assimilated as an all-American girl with a brand new name in southern Tennessee. Review Sentiment:,'Review Text: Abandons all pretense of creating historical context and waltzes off into a hectic soap about the ups and downs of the heavy breathing between the two artists. Review Sentiment:','Review Text: Dolgin and Franco fashion a fascinating portrait of a Vietnamese-born youngster who eagerly and easily assimilated as an all-American girl with a brand new name in southern Tennessee. Review Sentiment:',52657669657720546578743a204162616e646f6e7320616c6c2070726574656e7365206f66206372656174696e6720686973746f726963616c20636f6e7465787420616e642077616c747a6573206f666620696e746f20612068656374696320736f61702061626f7574207468652075707320616e6420646f776e73206f662074686520686561767920627265617468696e67206265747765656e207468652074776f20617274697374732e205265766965772053656e74696d656e743a,52657669657720546578743a20446f6c67696e20616e64204672616e636f2066617368696f6e20612066617363696e6174696e6720706f727472616974206f66206120566965746e616d6573652d626f726e20796f756e67737465722077686f2065616765726c7920616e6420656173696c7920617373696d696c6174656420617320616e20616c6c2d416d65726963616e206769726c20776974682061206272616e64206e6577206e616d6520696e20736f75746865726e2054656e6e65737365652e205265766965772053656e74696d656e743a,0248500cbbcc8e46414e8b98f94ae36cef6b8408946c5f2b2ee9afe1e5e4435e,4976605500329665e235f9d644887541121ac67d43f3f1fcd00847bf3ca7dda4,"[19432, 2918, 25, 3680, 437, 2382, 678, 4410, 1117, 315, 6825, 13656, 2266, 323, 289, 3145, 31793, 1007, 1119, 264, 90325, 26785, 911, 279, 32734, 323, 39191, 315, 279, 8811, 25938, 1948, 279, 1378, 13511, 13, 10294, 23361, 3819, 25]","[19432, 2918, 25, 24244, 8163, 323, 43843, 11153, 264, 26291, 33033, 315, 264, 48477, 39160, 82271, 879, 62373, 323, 6707, 38954, 92483, 438, 458, 678, 23264, 3743, 448, 264, 6741, 501, 829, 304, 18070, 23219, 13, 10294, 23361, 3819, 25]",40,40,True,Abandons all pretense of creating historical context and waltzes off into a hectic soap about the ups and downs of the heavy breathing between the two artists.,Dolgin and Franco fashion a fascinating portrait of a Vietnamese-born youngster who eagerly and easily assimilated as an all-American girl with a brand new name in southern Tennessee.,tigges,True
sst_tigges_pythia_correct_test,380,sst-906,sst-8987,1,0,"Review Text: A charming, quirky and leisurely paced Scottish comedy--except with an outrageous central gimmick that could have been a reject from Monty Python's Meaning of Life. Review Sentiment:","Review Text: The streets, shot by cinematographer Michael Ballhaus, may be as authentic as they are mean, but it is nearly impossible to care about what happens on them. Review Sentiment:","""Review Text: A charming, quirky and leisurely paced Scottish comedy--except with an outrageous central gimmick that could have been a reject from Monty Python's Meaning of Life. Review Sentiment:""","'Review Text: The streets, shot by cinematographer Michael Ballhaus, may be as authentic as they are mean, but it is nearly impossible to care about what happens on them. Review Sentiment:'",52657669657720546578743a204120636861726d696e672c20717569726b7920616e64206c6569737572656c792070616365642053636f747469736820636f6d6564792d2d657863657074207769746820616e206f7574726167656f75732063656e7472616c2067696d6d69636b207468617420636f756c642068617665206265656e20612072656a6563742066726f6d204d6f6e747920507974686f6e2773204d65616e696e67206f66204c6966652e205265766965772053656e74696d656e743a,52657669657720546578743a2054686520737472656574732c2073686f742062792063696e656d61746f67726170686572204d69636861656c2042616c6c686175732c206d61792062652061732061757468656e746963206173207468657920617265206d65616e2c20627574206974206973206e6561726c7920696d706f737369626c6520746f20636172652061626f757420776861742068617070656e73206f6e207468656d2e205265766965772053656e74696d656e743a,56bdbe763097b3e03da1df7deaa162022d0f42adae50b5019526934115118add,750f0eb4ad3da2311b7ed41dbc2c0d33020b5b2e1674907c071e414db0cc98c3,"[19432, 2918, 25, 362, 34409, 11, 67132, 323, 40208, 398, 77680, 26096, 22358, 313, 11683, 448, 458, 54488, 8622, 74773, 865, 429, 1410, 614, 1012, 264, 7850, 504, 9795, 88, 13027, 594, 48103, 315, 9414, 13, 10294, 23361, 3819, 25]","[19432, 2918, 25, 576, 14371, 11, 6552, 553, 87022, 41506, 7937, 12836, 31551, 11, 1231, 387, 438, 13210, 438, 807, 525, 3076, 11, 714, 432, 374, 7009, 11997, 311, 2453, 911, 1128, 8573, 389, 1105, 13, 10294, 23361, 3819, 25]",40,40,True,"A charming, quirky and leisurely paced Scottish comedy--except with an outrageous central gimmick that could have been a reject from Monty Python's Meaning of Life.","The streets, shot by cinematographer Michael Ballhaus, may be as authentic as they are mean, but it is nearly impossible to care about what happens on them.",tigges,True
sst_tigges_pythia_correct_test,381,sst-8987,sst-906,0,1,"Review Text: The streets, shot by cinematographer Michael Ballhaus, may be as authentic as they are mean, but it is nearly impossible to care about what happens on them. Review Sentiment:","Review Text: A charming, quirky and leisurely paced Scottish comedy--except with an outrageous central gimmick that could have been a reject from Monty Python's Meaning of Life. Review Sentiment:","'Review Text: The streets, shot by cinematographer Michael Ballhaus, may be as authentic as they are mean, but it is nearly impossible to care about what happens on them. Review Sentiment:'","""Review Text: A charming, quirky and leisurely paced Scottish comedy--except with an outrageous central gimmick that could have been a reject from Monty Python's Meaning of Life. Review Sentiment:""",52657669657720546578743a2054686520737472656574732c2073686f742062792063696e656d61746f67726170686572204d69636861656c2042616c6c686175732c206d61792062652061732061757468656e746963206173207468657920617265206d65616e2c20627574206974206973206e6561726c7920696d706f737369626c6520746f20636172652061626f757420776861742068617070656e73206f6e207468656d2e205265766965772053656e74696d656e743a,52657669657720546578743a204120636861726d696e672c20717569726b7920616e64206c6569737572656c792070616365642053636f747469736820636f6d6564792d2d657863657074207769746820616e206f7574726167656f75732063656e7472616c2067696d6d69636b207468617420636f756c642068617665206265656e20612072656a6563742066726f6d204d6f6e747920507974686f6e2773204d65616e696e67206f66204c6966652e205265766965772053656e74696d656e743a,750f0eb4ad3da2311b7ed41dbc2c0d33020b5b2e1674907c071e414db0cc98c3,56bdbe763097b3e03da1df7deaa162022d0f42adae50b5019526934115118add,"[19432, 2918, 25, 576, 14371, 11, 6552, 553, 87022, 41506, 7937, 12836, 31551, 11, 1231, 387, 438, 13210, 438, 807, 525, 3076, 11, 714, 432, 374, 7009, 11997, 311, 2453, 911, 1128, 8573, 389, 1105, 13, 10294, 23361, 3819, 25]","[19432, 2918, 25, 362, 34409, 11, 67132, 323, 40208, 398, 77680, 26096, 22358, 313, 11683, 448, 458, 54488, 8622, 74773, 865, 429, 1410, 614, 1012, 264, 7850, 504, 9795, 88, 13027, 594, 48103, 315, 9414, 13, 10294, 23361, 3819, 25]",40,40,True,"The streets, shot by cinematographer Michael Ballhaus, may be as authentic as they are mean, but it is nearly impossible to care about what happens on them.","A charming, quirky and leisurely paced Scottish comedy--except with an outrageous central gimmick that could have been a reject from Monty Python's Meaning of Life.",tigges,True
sst_tigges_pythia_correct_test,382,sst-951,sst-8272,1,0,"Review Text: Huppert gives Erika a persona that is so intriguing that you find yourself staring hypnotically at her, trying to understand her and wondering if she'll crack. Review Sentiment:","Review Text: It's really yet another anemic and formulaic Lethal Weapon-derived buddy-cop movie, trying to pass off its lack of imagination as hip knowingness. Review Sentiment:","""Review Text: Huppert gives Erika a persona that is so intriguing that you find yourself staring hypnotically at her, trying to understand her and wondering if she'll crack. Review Sentiment:""","""Review Text: It's really yet another anemic and formulaic Lethal Weapon-derived buddy-cop movie, trying to pass off its lack of imagination as hip knowingness. Review Sentiment:""",52657669657720546578743a2048757070657274206769766573204572696b61206120706572736f6e61207468617420697320736f20696e7472696775696e67207468617420796f752066696e6420796f757273656c662073746172696e67206879706e6f746963616c6c79206174206865722c20747279696e6720746f20756e6465727374616e642068657220616e6420776f6e646572696e6720696620736865276c6c20637261636b2e205265766965772053656e74696d656e743a,52657669657720546578743a2049742773207265616c6c792079657420616e6f7468657220616e656d696320616e6420666f726d756c616963204c657468616c20576561706f6e2d646572697665642062756464792d636f70206d6f7669652c20747279696e6720746f2070617373206f666620697473206c61636b206f6620696d6167696e6174696f6e20617320686970206b6e6f77696e676e6573732e205265766965772053656e74696d656e743a,25fbfedd8eee16cb7bd41909c3d203b1b6d47794e23108719831ce5483443ce7,e47212515f9b14525c7c3722fca5a6e0b9d7bc1b6f4ef1393f5ceaeca1d57611,"[19432, 2918, 25, 472, 31832, 529, 6696, 468, 40454, 264, 27955, 429, 374, 773, 40665, 429, 498, 1477, 6133, 36774, 75451, 2673, 518, 1059, 11, 4460, 311, 3535, 1059, 323, 20293, 421, 1340, 3278, 17486, 13, 10294, 23361, 3819, 25]","[19432, 2918, 25, 1084, 594, 2167, 3602, 2441, 458, 8111, 323, 14806, 292, 444, 769, 278, 27777, 71186, 36672, 1786, 453, 5700, 11, 4460, 311, 1494, 1007, 1181, 6853, 315, 27799, 438, 18143, 14063, 2090, 13, 10294, 23361, 3819, 25]",40,40,True,"Huppert gives Erika a persona that is so intriguing that you find yourself staring hypnotically at her, trying to understand her and wondering if she'll crack.","It's really yet another anemic and formulaic Lethal Weapon-derived buddy-cop movie, trying to pass off its lack of imagination as hip knowingness.",tigges,True
sst_tigges_pythia_correct_test,383,sst-8272,sst-951,0,1,"Review Text: It's really yet another anemic and formulaic Lethal Weapon-derived buddy-cop movie, trying to pass off its lack of imagination as hip knowingness. Review Sentiment:","Review Text: Huppert gives Erika a persona that is so intriguing that you find yourself staring hypnotically at her, trying to understand her and wondering if she'll crack. Review Sentiment:","""Review Text: It's really yet another anemic and formulaic Lethal Weapon-derived buddy-cop movie, trying to pass off its lack of imagination as hip knowingness. Review Sentiment:""","""Review Text: Huppert gives Erika a persona that is so intriguing that you find yourself staring hypnotically at her, trying to understand her and wondering if she'll crack. Review Sentiment:""",52657669657720546578743a2049742773207265616c6c792079657420616e6f7468657220616e656d696320616e6420666f726d756c616963204c657468616c20576561706f6e2d646572697665642062756464792d636f70206d6f7669652c20747279696e6720746f2070617373206f666620697473206c61636b206f6620696d6167696e6174696f6e20617320686970206b6e6f77696e676e6573732e205265766965772053656e74696d656e743a,52657669657720546578743a2048757070657274206769766573204572696b61206120706572736f6e61207468617420697320736f20696e7472696775696e67207468617420796f752066696e6420796f757273656c662073746172696e67206879706e6f746963616c6c79206174206865722c20747279696e6720746f20756e6465727374616e642068657220616e6420776f6e646572696e6720696620736865276c6c20637261636b2e205265766965772053656e74696d656e743a,e47212515f9b14525c7c3722fca5a6e0b9d7bc1b6f4ef1393f5ceaeca1d57611,25fbfedd8eee16cb7bd41909c3d203b1b6d47794e23108719831ce5483443ce7,"[19432, 2918, 25, 1084, 594, 2167, 3602, 2441, 458, 8111, 323, 14806, 292, 444, 769, 278, 27777, 71186, 36672, 1786, 453, 5700, 11, 4460, 311, 1494, 1007, 1181, 6853, 315, 27799, 438, 18143, 14063, 2090, 13, 10294, 23361, 3819, 25]","[19432, 2918, 25, 472, 31832, 529, 6696, 468, 40454, 264, 27955, 429, 374, 773, 40665, 429, 498, 1477, 6133, 36774, 75451, 2673, 518, 1059, 11, 4460, 311, 3535, 1059, 323, 20293, 421, 1340, 3278, 17486, 13, 10294, 23361, 3819, 25]",40,40,True,"It's really yet another anemic and formulaic Lethal Weapon-derived buddy-cop movie, trying to pass off its lack of imagination as hip knowingness.","Huppert gives Erika a persona that is so intriguing that you find yourself staring hypnotically at her, trying to understand her and wondering if she'll crack.",tigges,True
sst_tigges_pythia_correct_test,384,sst-746,sst-8670,1,0,Review Text: Watstein handily directs and edits around his screenplay's sappier elements... and sustains Off the Hook's buildup with remarkable assuredness for a first-timer. Review Sentiment:,Review Text: It's frustrating to see these guys--who are obviously pretty clever--waste their talent on parodies of things they probably thought were funniest when they were high. Review Sentiment:,"""Review Text: Watstein handily directs and edits around his screenplay's sappier elements... and sustains Off the Hook's buildup with remarkable assuredness for a first-timer. Review Sentiment:""","""Review Text: It's frustrating to see these guys--who are obviously pretty clever--waste their talent on parodies of things they probably thought were funniest when they were high. Review Sentiment:""",52657669657720546578743a20576174737465696e2068616e64696c79206469726563747320616e642065646974732061726f756e64206869732073637265656e706c61792773207361707069657220656c656d656e74732e2e2e20616e64207375737461696e73204f66662074686520486f6f6b2773206275696c64757020776974682072656d61726b61626c6520617373757265646e65737320666f7220612066697273742d74696d65722e205265766965772053656e74696d656e743a,52657669657720546578743a2049742773206672757374726174696e6720746f2073656520746865736520677579732d2d77686f20617265206f6276696f75736c792070726574747920636c657665722d2d77617374652074686569722074616c656e74206f6e207061726f64696573206f66207468696e677320746865792070726f6261626c792074686f7567687420776572652066756e6e69657374207768656e2074686579207765726520686967682e205265766965772053656e74696d656e743a,0ea2fef61ad216d7f0a7662120ed3abcb30312cfdc6b5873595076f92fc397fd,7ffae40c9c4affd58961ac7111e26f452cb86ca04eb7c6222d50302a1ae83a5a,"[19432, 2918, 25, 20693, 12429, 1424, 1541, 66046, 323, 50844, 2163, 806, 84775, 594, 274, 676, 1268, 5424, 1112, 323, 10235, 1735, 4114, 279, 28171, 594, 85665, 448, 22804, 27378, 2090, 369, 264, 1156, 2385, 3134, 13, 10294, 23361, 3819, 25]","[19432, 2918, 25, 1084, 594, 34611, 311, 1490, 1493, 7598, 313, 14623, 525, 13900, 5020, 27699, 313, 86, 5525, 862, 10772, 389, 1346, 10028, 315, 2513, 807, 4658, 3381, 1033, 2464, 84780, 979, 807, 1033, 1550, 13, 10294, 23361, 3819, 25]",41,41,True,Watstein handily directs and edits around his screenplay's sappier elements... and sustains Off the Hook's buildup with remarkable assuredness for a first-timer.,It's frustrating to see these guys--who are obviously pretty clever--waste their talent on parodies of things they probably thought were funniest when they were high.,tigges,True
sst_tigges_pythia_correct_test,385,sst-8670,sst-746,0,1,Review Text: It's frustrating to see these guys--who are obviously pretty clever--waste their talent on parodies of things they probably thought were funniest when they were high. Review Sentiment:,Review Text: Watstein handily directs and edits around his screenplay's sappier elements... and sustains Off the Hook's buildup with remarkable assuredness for a first-timer. Review Sentiment:,"""Review Text: It's frustrating to see these guys--who are obviously pretty clever--waste their talent on parodies of things they probably thought were funniest when they were high. Review Sentiment:""","""Review Text: Watstein handily directs and edits around his screenplay's sappier elements... and sustains Off the Hook's buildup with remarkable assuredness for a first-timer. Review Sentiment:""",52657669657720546578743a2049742773206672757374726174696e6720746f2073656520746865736520677579732d2d77686f20617265206f6276696f75736c792070726574747920636c657665722d2d77617374652074686569722074616c656e74206f6e207061726f64696573206f66207468696e677320746865792070726f6261626c792074686f7567687420776572652066756e6e69657374207768656e2074686579207765726520686967682e205265766965772053656e74696d656e743a,52657669657720546578743a20576174737465696e2068616e64696c79206469726563747320616e642065646974732061726f756e64206869732073637265656e706c61792773207361707069657220656c656d656e74732e2e2e20616e64207375737461696e73204f66662074686520486f6f6b2773206275696c64757020776974682072656d61726b61626c6520617373757265646e65737320666f7220612066697273742d74696d65722e205265766965772053656e74696d656e743a,7ffae40c9c4affd58961ac7111e26f452cb86ca04eb7c6222d50302a1ae83a5a,0ea2fef61ad216d7f0a7662120ed3abcb30312cfdc6b5873595076f92fc397fd,"[19432, 2918, 25, 1084, 594, 34611, 311, 1490, 1493, 7598, 313, 14623, 525, 13900, 5020, 27699, 313, 86, 5525, 862, 10772, 389, 1346, 10028, 315, 2513, 807, 4658, 3381, 1033, 2464, 84780, 979, 807, 1033, 1550, 13, 10294, 23361, 3819, 25]","[19432, 2918, 25, 20693, 12429, 1424, 1541, 66046, 323, 50844, 2163, 806, 84775, 594, 274, 676, 1268, 5424, 1112, 323, 10235, 1735, 4114, 279, 28171, 594, 85665, 448, 22804, 27378, 2090, 369, 264, 1156, 2385, 3134, 13, 10294, 23361, 3819, 25]",41,41,True,It's frustrating to see these guys--who are obviously pretty clever--waste their talent on parodies of things they probably thought were funniest when they were high.,Watstein handily directs and edits around his screenplay's sappier elements... and sustains Off the Hook's buildup with remarkable assuredness for a first-timer.,tigges,True
sst_tigges_pythia_correct_test,386,sst-850,sst-8179,1,0,Review Text: Hawke draws out the best from his large cast in beautifully articulated portrayals that are subtle and so expressive they can sustain the poetic flights in Burdette's dialogue. Review Sentiment:,"Review Text: Like so many other allegedly scary movies, it gets so tangled up in The Twist that it chokes the energy right out of the very audience it seeks to frighten. Review Sentiment:","""Review Text: Hawke draws out the best from his large cast in beautifully articulated portrayals that are subtle and so expressive they can sustain the poetic flights in Burdette's dialogue. Review Sentiment:""","'Review Text: Like so many other allegedly scary movies, it gets so tangled up in The Twist that it chokes the energy right out of the very audience it seeks to frighten. Review Sentiment:'",52657669657720546578743a204861776b65206472617773206f75742074686520626573742066726f6d20686973206c61726765206361737420696e2062656175746966756c6c79206172746963756c6174656420706f7274726179616c7320746861742061726520737562746c6520616e6420736f206578707265737369766520746865792063616e207375737461696e2074686520706f6574696320666c696768747320696e2042757264657474652773206469616c6f6775652e205265766965772053656e74696d656e743a,52657669657720546578743a204c696b6520736f206d616e79206f7468657220616c6c656765646c79207363617279206d6f766965732c206974206765747320736f2074616e676c656420757020696e2054686520547769737420746861742069742063686f6b65732074686520656e65726779207269676874206f7574206f662074686520766572792061756469656e6365206974207365656b7320746f20667269676874656e2e205265766965772053656e74696d656e743a,76a8ee490eabdae760658fba442ea7672936026111a9ad67ce4af8c114df966a,28d31edb572e110eb38382896f27ce8034989c3778739089b7d890e939c610b3,"[19432, 2918, 25, 12611, 440, 26643, 700, 279, 1850, 504, 806, 3460, 6311, 304, 31619, 82180, 24878, 1127, 429, 525, 26447, 323, 773, 77123, 807, 646, 13879, 279, 75434, 24908, 304, 12369, 67, 6535, 594, 21276, 13, 10294, 23361, 3819, 25]","[19432, 2918, 25, 8909, 773, 1657, 1008, 19204, 28465, 9508, 11, 432, 5221, 773, 92841, 705, 304, 576, 73374, 429, 432, 521, 7940, 279, 4802, 1290, 700, 315, 279, 1602, 10650, 432, 25654, 311, 29547, 268, 13, 10294, 23361, 3819, 25]",41,41,True,Hawke draws out the best from his large cast in beautifully articulated portrayals that are subtle and so expressive they can sustain the poetic flights in Burdette's dialogue.,"Like so many other allegedly scary movies, it gets so tangled up in The Twist that it chokes the energy right out of the very audience it seeks to frighten.",tigges,True
sst_tigges_pythia_correct_test,387,sst-8179,sst-850,0,1,"Review Text: Like so many other allegedly scary movies, it gets so tangled up in The Twist that it chokes the energy right out of the very audience it seeks to frighten. Review Sentiment:",Review Text: Hawke draws out the best from his large cast in beautifully articulated portrayals that are subtle and so expressive they can sustain the poetic flights in Burdette's dialogue. Review Sentiment:,"'Review Text: Like so many other allegedly scary movies, it gets so tangled up in The Twist that it chokes the energy right out of the very audience it seeks to frighten. Review Sentiment:'","""Review Text: Hawke draws out the best from his large cast in beautifully articulated portrayals that are subtle and so expressive they can sustain the poetic flights in Burdette's dialogue. Review Sentiment:""",52657669657720546578743a204c696b6520736f206d616e79206f7468657220616c6c656765646c79207363617279206d6f766965732c206974206765747320736f2074616e676c656420757020696e2054686520547769737420746861742069742063686f6b65732074686520656e65726779207269676874206f7574206f662074686520766572792061756469656e6365206974207365656b7320746f20667269676874656e2e205265766965772053656e74696d656e743a,52657669657720546578743a204861776b65206472617773206f75742074686520626573742066726f6d20686973206c61726765206361737420696e2062656175746966756c6c79206172746963756c6174656420706f7274726179616c7320746861742061726520737562746c6520616e6420736f206578707265737369766520746865792063616e207375737461696e2074686520706f6574696320666c696768747320696e2042757264657474652773206469616c6f6775652e205265766965772053656e74696d656e743a,28d31edb572e110eb38382896f27ce8034989c3778739089b7d890e939c610b3,76a8ee490eabdae760658fba442ea7672936026111a9ad67ce4af8c114df966a,"[19432, 2918, 25, 8909, 773, 1657, 1008, 19204, 28465, 9508, 11, 432, 5221, 773, 92841, 705, 304, 576, 73374, 429, 432, 521, 7940, 279, 4802, 1290, 700, 315, 279, 1602, 10650, 432, 25654, 311, 29547, 268, 13, 10294, 23361, 3819, 25]","[19432, 2918, 25, 12611, 440, 26643, 700, 279, 1850, 504, 806, 3460, 6311, 304, 31619, 82180, 24878, 1127, 429, 525, 26447, 323, 773, 77123, 807, 646, 13879, 279, 75434, 24908, 304, 12369, 67, 6535, 594, 21276, 13, 10294, 23361, 3819, 25]",41,41,True,"Like so many other allegedly scary movies, it gets so tangled up in The Twist that it chokes the energy right out of the very audience it seeks to frighten.",Hawke draws out the best from his large cast in beautifully articulated portrayals that are subtle and so expressive they can sustain the poetic flights in Burdette's dialogue.,tigges,True
sst_tigges_pythia_correct_test,388,sst-456,sst-8484,1,0,Review Text: An inspiring and heart-affecting film about the desperate attempts of Vietnamese refugees living in U.S. relocation camps to keep their hopes alive in 1975. Review Sentiment:,"Review Text: The more Kevin Costner rests on his pretty-boy laurels, the public is, regrettably, going to have tepid films like Dragonfly tossed at them. Review Sentiment:",'Review Text: An inspiring and heart-affecting film about the desperate attempts of Vietnamese refugees living in U.S. relocation camps to keep their hopes alive in 1975. Review Sentiment:',"'Review Text: The more Kevin Costner rests on his pretty-boy laurels, the public is, regrettably, going to have tepid films like Dragonfly tossed at them. Review Sentiment:'",52657669657720546578743a20416e20696e73706972696e6720616e642068656172742d616666656374696e672066696c6d2061626f7574207468652064657370657261746520617474656d707473206f6620566965746e616d657365207265667567656573206c6976696e6720696e20552e532e2072656c6f636174696f6e2063616d707320746f206b65657020746865697220686f70657320616c69766520696e20313937352e205265766965772053656e74696d656e743a,52657669657720546578743a20546865206d6f7265204b6576696e20436f73746e6572207265737473206f6e20686973207072657474792d626f79206c617572656c732c20746865207075626c69632069732c207265677265747461626c792c20676f696e6720746f20686176652074657069642066696c6d73206c696b6520447261676f6e666c7920746f73736564206174207468656d2e205265766965772053656e74696d656e743a,f23e56b0cd9bf44ccb8bad8b4629136011eeb6c272e76f28949647c36ff024de,2fcf7e586717c6f399b487b489bb05e8f66d130a9f5173304f741513aa9cdcf2,"[19432, 2918, 25, 1527, 33047, 323, 4746, 7409, 1705, 287, 4531, 911, 279, 27395, 13553, 315, 48477, 21728, 5382, 304, 547, 808, 13, 59895, 28035, 311, 2506, 862, 16005, 13675, 304, 220, 16, 24, 22, 20, 13, 10294, 23361, 3819, 25]","[19432, 2918, 25, 576, 803, 16364, 11194, 1194, 53231, 389, 806, 5020, 84903, 66085, 4730, 11, 279, 584, 374, 11, 1217, 17261, 2845, 11, 2087, 311, 614, 55052, 307, 12351, 1075, 16145, 21642, 50149, 518, 1105, 13, 10294, 23361, 3819, 25]",41,41,True,An inspiring and heart-affecting film about the desperate attempts of Vietnamese refugees living in U.S. relocation camps to keep their hopes alive in 1975.,"The more Kevin Costner rests on his pretty-boy laurels, the public is, regrettably, going to have tepid films like Dragonfly tossed at them.",tigges,True
sst_tigges_pythia_correct_test,389,sst-8484,sst-456,0,1,"Review Text: The more Kevin Costner rests on his pretty-boy laurels, the public is, regrettably, going to have tepid films like Dragonfly tossed at them. Review Sentiment:",Review Text: An inspiring and heart-affecting film about the desperate attempts of Vietnamese refugees living in U.S. relocation camps to keep their hopes alive in 1975. Review Sentiment:,"'Review Text: The more Kevin Costner rests on his pretty-boy laurels, the public is, regrettably, going to have tepid films like Dragonfly tossed at them. Review Sentiment:'",'Review Text: An inspiring and heart-affecting film about the desperate attempts of Vietnamese refugees living in U.S. relocation camps to keep their hopes alive in 1975. Review Sentiment:',52657669657720546578743a20546865206d6f7265204b6576696e20436f73746e6572207265737473206f6e20686973207072657474792d626f79206c617572656c732c20746865207075626c69632069732c207265677265747461626c792c20676f696e6720746f20686176652074657069642066696c6d73206c696b6520447261676f6e666c7920746f73736564206174207468656d2e205265766965772053656e74696d656e743a,52657669657720546578743a20416e20696e73706972696e6720616e642068656172742d616666656374696e672066696c6d2061626f7574207468652064657370657261746520617474656d707473206f6620566965746e616d657365207265667567656573206c6976696e6720696e20552e532e2072656c6f636174696f6e2063616d707320746f206b65657020746865697220686f70657320616c69766520696e20313937352e205265766965772053656e74696d656e743a,2fcf7e586717c6f399b487b489bb05e8f66d130a9f5173304f741513aa9cdcf2,f23e56b0cd9bf44ccb8bad8b4629136011eeb6c272e76f28949647c36ff024de,"[19432, 2918, 25, 576, 803, 16364, 11194, 1194, 53231, 389, 806, 5020, 84903, 66085, 4730, 11, 279, 584, 374, 11, 1217, 17261, 2845, 11, 2087, 311, 614, 55052, 307, 12351, 1075, 16145, 21642, 50149, 518, 1105, 13, 10294, 23361, 3819, 25]","[19432, 2918, 25, 1527, 33047, 323, 4746, 7409, 1705, 287, 4531, 911, 279, 27395, 13553, 315, 48477, 21728, 5382, 304, 547, 808, 13, 59895, 28035, 311, 2506, 862, 16005, 13675, 304, 220, 16, 24, 22, 20, 13, 10294, 23361, 3819, 25]",41,41,True,"The more Kevin Costner rests on his pretty-boy laurels, the public is, regrettably, going to have tepid films like Dragonfly tossed at them.",An inspiring and heart-affecting film about the desperate attempts of Vietnamese refugees living in U.S. relocation camps to keep their hopes alive in 1975.,tigges,True
sst_tigges_pythia_correct_test,390,sst-8138,sst-7938,1,0,"Review Text: It's also clear from the start that The Transporter is running purely on adrenaline, and once the initial high wears off, the film's shortcomings start to shine through. Review Sentiment:","Review Text: The actors don't inhabit their roles--they're trapped by them, forced to change behavior in bizarre unjustified fashion and spout dialog that consists mostly of platitudes. Review Sentiment:","""Review Text: It's also clear from the start that The Transporter is running purely on adrenaline, and once the initial high wears off, the film's shortcomings start to shine through. Review Sentiment:""","""Review Text: The actors don't inhabit their roles--they're trapped by them, forced to change behavior in bizarre unjustified fashion and spout dialog that consists mostly of platitudes. Review Sentiment:""",52657669657720546578743a204974277320616c736f20636c6561722066726f6d20746865207374617274207468617420546865205472616e73706f727465722069732072756e6e696e6720707572656c79206f6e20616472656e616c696e652c20616e64206f6e63652074686520696e697469616c2068696768207765617273206f66662c207468652066696c6d27732073686f7274636f6d696e677320737461727420746f207368696e65207468726f7567682e205265766965772053656e74696d656e743a,52657669657720546578743a20546865206163746f727320646f6e277420696e686162697420746865697220726f6c65732d2d746865792772652074726170706564206279207468656d2c20666f7263656420746f206368616e6765206265686176696f7220696e2062697a6172726520756e6a75737469666965642066617368696f6e20616e642073706f7574206469616c6f67207468617420636f6e7369737473206d6f73746c79206f6620706c61746974756465732e205265766965772053656e74696d656e743a,36a673388c193914753c088415c64958cbe14d7f82d4645fcb44c6ac28852fb2,f17b33ac3765411ecb3a9774f41bc6ce886b1b81553ff553f16888ceeb0ef033,"[19432, 2918, 25, 1084, 594, 1083, 2797, 504, 279, 1191, 429, 576, 16742, 261, 374, 4303, 31127, 389, 78392, 11, 323, 3055, 279, 2856, 1550, 37300, 1007, 11, 279, 4531, 594, 71921, 1191, 311, 32405, 1526, 13, 10294, 23361, 3819, 25]","[19432, 2918, 25, 576, 19571, 1513, 944, 32327, 862, 12783, 313, 20069, 2299, 30591, 553, 1105, 11, 9575, 311, 2297, 7709, 304, 32188, 51483, 1870, 11153, 323, 978, 411, 7254, 429, 17167, 10008, 315, 44989, 20590, 13, 10294, 23361, 3819, 25]",41,41,True,"It's also clear from the start that The Transporter is running purely on adrenaline, and once the initial high wears off, the film's shortcomings start to shine through.","The actors don't inhabit their roles--they're trapped by them, forced to change behavior in bizarre unjustified fashion and spout dialog that consists mostly of platitudes.",tigges,True
sst_tigges_pythia_correct_test,391,sst-7938,sst-8138,0,1,"Review Text: The actors don't inhabit their roles--they're trapped by them, forced to change behavior in bizarre unjustified fashion and spout dialog that consists mostly of platitudes. Review Sentiment:","Review Text: It's also clear from the start that The Transporter is running purely on adrenaline, and once the initial high wears off, the film's shortcomings start to shine through. Review Sentiment:","""Review Text: The actors don't inhabit their roles--they're trapped by them, forced to change behavior in bizarre unjustified fashion and spout dialog that consists mostly of platitudes. Review Sentiment:""","""Review Text: It's also clear from the start that The Transporter is running purely on adrenaline, and once the initial high wears off, the film's shortcomings start to shine through. Review Sentiment:""",52657669657720546578743a20546865206163746f727320646f6e277420696e686162697420746865697220726f6c65732d2d746865792772652074726170706564206279207468656d2c20666f7263656420746f206368616e6765206265686176696f7220696e2062697a6172726520756e6a75737469666965642066617368696f6e20616e642073706f7574206469616c6f67207468617420636f6e7369737473206d6f73746c79206f6620706c61746974756465732e205265766965772053656e74696d656e743a,52657669657720546578743a204974277320616c736f20636c6561722066726f6d20746865207374617274207468617420546865205472616e73706f727465722069732072756e6e696e6720707572656c79206f6e20616472656e616c696e652c20616e64206f6e63652074686520696e697469616c2068696768207765617273206f66662c207468652066696c6d27732073686f7274636f6d696e677320737461727420746f207368696e65207468726f7567682e205265766965772053656e74696d656e743a,f17b33ac3765411ecb3a9774f41bc6ce886b1b81553ff553f16888ceeb0ef033,36a673388c193914753c088415c64958cbe14d7f82d4645fcb44c6ac28852fb2,"[19432, 2918, 25, 576, 19571, 1513, 944, 32327, 862, 12783, 313, 20069, 2299, 30591, 553, 1105, 11, 9575, 311, 2297, 7709, 304, 32188, 51483, 1870, 11153, 323, 978, 411, 7254, 429, 17167, 10008, 315, 44989, 20590, 13, 10294, 23361, 3819, 25]","[19432, 2918, 25, 1084, 594, 1083, 2797, 504, 279, 1191, 429, 576, 16742, 261, 374, 4303, 31127, 389, 78392, 11, 323, 3055, 279, 2856, 1550, 37300, 1007, 11, 279, 4531, 594, 71921, 1191, 311, 32405, 1526, 13, 10294, 23361, 3819, 25]",41,41,True,"The actors don't inhabit their roles--they're trapped by them, forced to change behavior in bizarre unjustified fashion and spout dialog that consists mostly of platitudes.","It's also clear from the start that The Transporter is running purely on adrenaline, and once the initial high wears off, the film's shortcomings start to shine through.",tigges,True
sst_tigges_pythia_correct_test,392,sst-238,sst-8452,1,0,"Review Text: Mr. Parker has brilliantly updated his source and grasped its essence, composing a sorrowful and hilarious tone poem about alienated labor, or an absurdist workplace sitcom. Review Sentiment:","Review Text: The picture, scored by a perversely cheerful Marcus Miller accordion\/harmonica\/banjo abomination, is a monument to bad in all its florid variety. Review Sentiment:","'Review Text: Mr. Parker has brilliantly updated his source and grasped its essence, composing a sorrowful and hilarious tone poem about alienated labor, or an absurdist workplace sitcom. Review Sentiment:'","'Review Text: The picture, scored by a perversely cheerful Marcus Miller accordion\\/harmonica\\/banjo abomination, is a monument to bad in all its florid variety. Review Sentiment:'",52657669657720546578743a204d722e205061726b657220686173206272696c6c69616e746c7920757064617465642068697320736f7572636520616e6420677261737065642069747320657373656e63652c20636f6d706f73696e67206120736f72726f7766756c20616e642068696c6172696f757320746f6e6520706f656d2061626f757420616c69656e61746564206c61626f722c206f7220616e2061627375726469737420776f726b706c61636520736974636f6d2e205265766965772053656e74696d656e743a,52657669657720546578743a2054686520706963747572652c2073636f72656420627920612070657276657273656c7920636865657266756c204d6172637573204d696c6c6572206163636f7264696f6e5c2f6861726d6f6e6963615c2f62616e6a6f2061626f6d696e6174696f6e2c2069732061206d6f6e756d656e7420746f2062616420696e20616c6c2069747320666c6f72696420766172696574792e205265766965772053656e74696d656e743a,b1b8df90a8e60a2e3c75df2142eaf293ac42bdafcf55c41f5a379d6a2f5cd0c2,afe4642513749a609b5dfbf806bd79047108880146406759e3f12567828eaa9b,"[19432, 2918, 25, 4392, 13, 28206, 702, 78249, 6049, 806, 2530, 323, 48987, 6874, 1181, 27491, 11, 75878, 264, 57496, 1262, 323, 40267, 16232, 32794, 911, 19594, 657, 9327, 11, 476, 458, 3647, 324, 12211, 26368, 80366, 13, 10294, 23361, 3819, 25]","[19432, 2918, 25, 576, 6802, 11, 16548, 553, 264, 281, 18729, 974, 70314, 35683, 17035, 86999, 4739, 12982, 1645, 3001, 4739, 6850, 7305, 668, 80380, 11, 374, 264, 36897, 311, 3873, 304, 678, 1181, 69140, 307, 8045, 13, 10294, 23361, 3819, 25]",42,42,True,"Mr. Parker has brilliantly updated his source and grasped its essence, composing a sorrowful and hilarious tone poem about alienated labor, or an absurdist workplace sitcom.","The picture, scored by a perversely cheerful Marcus Miller accordion\/harmonica\/banjo abomination, is a monument to bad in all its florid variety.",tigges,True
sst_tigges_pythia_correct_test,393,sst-8452,sst-238,0,1,"Review Text: The picture, scored by a perversely cheerful Marcus Miller accordion\/harmonica\/banjo abomination, is a monument to bad in all its florid variety. Review Sentiment:","Review Text: Mr. Parker has brilliantly updated his source and grasped its essence, composing a sorrowful and hilarious tone poem about alienated labor, or an absurdist workplace sitcom. Review Sentiment:","'Review Text: The picture, scored by a perversely cheerful Marcus Miller accordion\\/harmonica\\/banjo abomination, is a monument to bad in all its florid variety. Review Sentiment:'","'Review Text: Mr. Parker has brilliantly updated his source and grasped its essence, composing a sorrowful and hilarious tone poem about alienated labor, or an absurdist workplace sitcom. Review Sentiment:'",52657669657720546578743a2054686520706963747572652c2073636f72656420627920612070657276657273656c7920636865657266756c204d6172637573204d696c6c6572206163636f7264696f6e5c2f6861726d6f6e6963615c2f62616e6a6f2061626f6d696e6174696f6e2c2069732061206d6f6e756d656e7420746f2062616420696e20616c6c2069747320666c6f72696420766172696574792e205265766965772053656e74696d656e743a,52657669657720546578743a204d722e205061726b657220686173206272696c6c69616e746c7920757064617465642068697320736f7572636520616e6420677261737065642069747320657373656e63652c20636f6d706f73696e67206120736f72726f7766756c20616e642068696c6172696f757320746f6e6520706f656d2061626f757420616c69656e61746564206c61626f722c206f7220616e2061627375726469737420776f726b706c61636520736974636f6d2e205265766965772053656e74696d656e743a,afe4642513749a609b5dfbf806bd79047108880146406759e3f12567828eaa9b,b1b8df90a8e60a2e3c75df2142eaf293ac42bdafcf55c41f5a379d6a2f5cd0c2,"[19432, 2918, 25, 576, 6802, 11, 16548, 553, 264, 281, 18729, 974, 70314, 35683, 17035, 86999, 4739, 12982, 1645, 3001, 4739, 6850, 7305, 668, 80380, 11, 374, 264, 36897, 311, 3873, 304, 678, 1181, 69140, 307, 8045, 13, 10294, 23361, 3819, 25]","[19432, 2918, 25, 4392, 13, 28206, 702, 78249, 6049, 806, 2530, 323, 48987, 6874, 1181, 27491, 11, 75878, 264, 57496, 1262, 323, 40267, 16232, 32794, 911, 19594, 657, 9327, 11, 476, 458, 3647, 324, 12211, 26368, 80366, 13, 10294, 23361, 3819, 25]",42,42,True,"The picture, scored by a perversely cheerful Marcus Miller accordion\/harmonica\/banjo abomination, is a monument to bad in all its florid variety.","Mr. Parker has brilliantly updated his source and grasped its essence, composing a sorrowful and hilarious tone poem about alienated labor, or an absurdist workplace sitcom.",tigges,True
sst_tigges_pythia_correct_test,394,sst-952,sst-7940,1,0,"Review Text: Despite what anyone believes about the goal of its makers, the show... represents a spectacular piece of theater, and there's no denying the talent of the creative forces behind it. Review Sentiment:","Review Text: This film was made to get laughs from the slowest person in the audience--just pure slapstick with lots of inane, inoffensive screaming and exaggerated facial expressions. Review Sentiment:","""Review Text: Despite what anyone believes about the goal of its makers, the show... represents a spectacular piece of theater, and there's no denying the talent of the creative forces behind it. Review Sentiment:""","'Review Text: This film was made to get laughs from the slowest person in the audience--just pure slapstick with lots of inane, inoffensive screaming and exaggerated facial expressions. Review Sentiment:'",52657669657720546578743a2044657370697465207768617420616e796f6e652062656c69657665732061626f75742074686520676f616c206f6620697473206d616b6572732c207468652073686f772e2e2e20726570726573656e747320612073706563746163756c6172207069656365206f6620746865617465722c20616e642074686572652773206e6f2064656e79696e67207468652074616c656e74206f662074686520637265617469766520666f7263657320626568696e642069742e205265766965772053656e74696d656e743a,52657669657720546578743a20546869732066696c6d20776173206d61646520746f20676574206c61756768732066726f6d2074686520736c6f7765737420706572736f6e20696e207468652061756469656e63652d2d6a757374207075726520736c6170737469636b2077697468206c6f7473206f6620696e616e652c20696e6f6666656e736976652073637265616d696e6720616e642065786167676572617465642066616369616c2065787072657373696f6e732e205265766965772053656e74696d656e743a,63a3e696f0eac5644d50bbd5da681a677eb3fd594cf81381abce36216675a3ac,3d5e11ae3bdbff84878df3ec90be447e8faf68c9e5b29cdcf143df8830c35f68,"[19432, 2918, 25, 17715, 1128, 5489, 13605, 911, 279, 5795, 315, 1181, 28314, 11, 279, 1473, 1112, 10868, 264, 27709, 6573, 315, 26705, 11, 323, 1052, 594, 902, 40466, 279, 10772, 315, 279, 11521, 8437, 4815, 432, 13, 10294, 23361, 3819, 25]","[19432, 2918, 25, 1096, 4531, 572, 1865, 311, 633, 48236, 504, 279, 6301, 477, 1697, 304, 279, 10650, 313, 4250, 10526, 50052, 29033, 448, 10077, 315, 304, 2145, 11, 304, 1847, 4025, 34001, 323, 61158, 27800, 23393, 13, 10294, 23361, 3819, 25]",42,42,True,"Despite what anyone believes about the goal of its makers, the show... represents a spectacular piece of theater, and there's no denying the talent of the creative forces behind it.","This film was made to get laughs from the slowest person in the audience--just pure slapstick with lots of inane, inoffensive screaming and exaggerated facial expressions.",tigges,True
sst_tigges_pythia_correct_test,395,sst-7940,sst-952,0,1,"Review Text: This film was made to get laughs from the slowest person in the audience--just pure slapstick with lots of inane, inoffensive screaming and exaggerated facial expressions. Review Sentiment:","Review Text: Despite what anyone believes about the goal of its makers, the show... represents a spectacular piece of theater, and there's no denying the talent of the creative forces behind it. Review Sentiment:","'Review Text: This film was made to get laughs from the slowest person in the audience--just pure slapstick with lots of inane, inoffensive screaming and exaggerated facial expressions. Review Sentiment:'","""Review Text: Despite what anyone believes about the goal of its makers, the show... represents a spectacular piece of theater, and there's no denying the talent of the creative forces behind it. Review Sentiment:""",52657669657720546578743a20546869732066696c6d20776173206d61646520746f20676574206c61756768732066726f6d2074686520736c6f7765737420706572736f6e20696e207468652061756469656e63652d2d6a757374207075726520736c6170737469636b2077697468206c6f7473206f6620696e616e652c20696e6f6666656e736976652073637265616d696e6720616e642065786167676572617465642066616369616c2065787072657373696f6e732e205265766965772053656e74696d656e743a,52657669657720546578743a2044657370697465207768617420616e796f6e652062656c69657665732061626f75742074686520676f616c206f6620697473206d616b6572732c207468652073686f772e2e2e20726570726573656e747320612073706563746163756c6172207069656365206f6620746865617465722c20616e642074686572652773206e6f2064656e79696e67207468652074616c656e74206f662074686520637265617469766520666f7263657320626568696e642069742e205265766965772053656e74696d656e743a,3d5e11ae3bdbff84878df3ec90be447e8faf68c9e5b29cdcf143df8830c35f68,63a3e696f0eac5644d50bbd5da681a677eb3fd594cf81381abce36216675a3ac,"[19432, 2918, 25, 1096, 4531, 572, 1865, 311, 633, 48236, 504, 279, 6301, 477, 1697, 304, 279, 10650, 313, 4250, 10526, 50052, 29033, 448, 10077, 315, 304, 2145, 11, 304, 1847, 4025, 34001, 323, 61158, 27800, 23393, 13, 10294, 23361, 3819, 25]","[19432, 2918, 25, 17715, 1128, 5489, 13605, 911, 279, 5795, 315, 1181, 28314, 11, 279, 1473, 1112, 10868, 264, 27709, 6573, 315, 26705, 11, 323, 1052, 594, 902, 40466, 279, 10772, 315, 279, 11521, 8437, 4815, 432, 13, 10294, 23361, 3819, 25]",42,42,True,"This film was made to get laughs from the slowest person in the audience--just pure slapstick with lots of inane, inoffensive screaming and exaggerated facial expressions.","Despite what anyone believes about the goal of its makers, the show... represents a spectacular piece of theater, and there's no denying the talent of the creative forces behind it.",tigges,True
sst_tigges_pythia_correct_test,396,sst-298,sst-8271,1,0,"Review Text: There are a few stabs at absurdist comedy... but mostly the humor is of the sweet, gentle and occasionally cloying kind that has become an Iranian specialty. Review Sentiment:","Review Text: Schmaltzy and unfunny, Adam Sandler's cartoon about Hanukkah is numbingly bad, Little Nicky bad, 10 Worst List bad. Review Sentiment:","'Review Text: There are a few stabs at absurdist comedy... but mostly the humor is of the sweet, gentle and occasionally cloying kind that has become an Iranian specialty. Review Sentiment:'","""Review Text: Schmaltzy and unfunny, Adam Sandler's cartoon about Hanukkah is numbingly bad, Little Nicky bad, 10 Worst List bad. Review Sentiment:""",52657669657720546578743a205468657265206172652061206665772073746162732061742061627375726469737420636f6d6564792e2e2e20627574206d6f73746c79207468652068756d6f72206973206f66207468652073776565742c2067656e746c6520616e64206f63636173696f6e616c6c7920636c6f79696e67206b696e64207468617420686173206265636f6d6520616e204972616e69616e207370656369616c74792e205265766965772053656e74696d656e743a,52657669657720546578743a205363686d616c747a7920616e6420756e66756e6e792c204164616d2053616e646c6572277320636172746f6f6e2061626f75742048616e756b6b6168206973206e756d62696e676c79206261642c204c6974746c65204e69636b79206261642c20313020576f727374204c697374206261642e205265766965772053656e74696d656e743a,5f87e4ca00fcc9b205a51ef2c6157d04a3999d6d3d9afb2bf0e7d47fcb3bf128,90fd49e7cc289d4bacbe8b41d3615d44374db154878549f8102a9e150cfc0d4c,"[19432, 2918, 25, 2619, 525, 264, 2421, 357, 3435, 518, 3647, 324, 12211, 22358, 1112, 714, 10008, 279, 27385, 374, 315, 279, 10226, 11, 21700, 323, 22930, 272, 1989, 287, 3093, 429, 702, 3635, 458, 27401, 35874, 13, 10294, 23361, 3819, 25]","[19432, 2918, 25, 5016, 76, 3145, 4246, 323, 9474, 27297, 11, 15037, 328, 5252, 594, 30349, 911, 20644, 3101, 83502, 374, 1629, 7132, 398, 3873, 11, 14671, 14991, 88, 3873, 11, 220, 16, 15, 69092, 1759, 3873, 13, 10294, 23361, 3819, 25]",42,42,True,"There are a few stabs at absurdist comedy... but mostly the humor is of the sweet, gentle and occasionally cloying kind that has become an Iranian specialty.","Schmaltzy and unfunny, Adam Sandler's cartoon about Hanukkah is numbingly bad, Little Nicky bad, 10 Worst List bad.",tigges,True
sst_tigges_pythia_correct_test,397,sst-8271,sst-298,0,1,"Review Text: Schmaltzy and unfunny, Adam Sandler's cartoon about Hanukkah is numbingly bad, Little Nicky bad, 10 Worst List bad. Review Sentiment:","Review Text: There are a few stabs at absurdist comedy... but mostly the humor is of the sweet, gentle and occasionally cloying kind that has become an Iranian specialty. Review Sentiment:","""Review Text: Schmaltzy and unfunny, Adam Sandler's cartoon about Hanukkah is numbingly bad, Little Nicky bad, 10 Worst List bad. Review Sentiment:""","'Review Text: There are a few stabs at absurdist comedy... but mostly the humor is of the sweet, gentle and occasionally cloying kind that has become an Iranian specialty. Review Sentiment:'",52657669657720546578743a205363686d616c747a7920616e6420756e66756e6e792c204164616d2053616e646c6572277320636172746f6f6e2061626f75742048616e756b6b6168206973206e756d62696e676c79206261642c204c6974746c65204e69636b79206261642c20313020576f727374204c697374206261642e205265766965772053656e74696d656e743a,52657669657720546578743a205468657265206172652061206665772073746162732061742061627375726469737420636f6d6564792e2e2e20627574206d6f73746c79207468652068756d6f72206973206f66207468652073776565742c2067656e746c6520616e64206f63636173696f6e616c6c7920636c6f79696e67206b696e64207468617420686173206265636f6d6520616e204972616e69616e207370656369616c74792e205265766965772053656e74696d656e743a,90fd49e7cc289d4bacbe8b41d3615d44374db154878549f8102a9e150cfc0d4c,5f87e4ca00fcc9b205a51ef2c6157d04a3999d6d3d9afb2bf0e7d47fcb3bf128,"[19432, 2918, 25, 5016, 76, 3145, 4246, 323, 9474, 27297, 11, 15037, 328, 5252, 594, 30349, 911, 20644, 3101, 83502, 374, 1629, 7132, 398, 3873, 11, 14671, 14991, 88, 3873, 11, 220, 16, 15, 69092, 1759, 3873, 13, 10294, 23361, 3819, 25]","[19432, 2918, 25, 2619, 525, 264, 2421, 357, 3435, 518, 3647, 324, 12211, 22358, 1112, 714, 10008, 279, 27385, 374, 315, 279, 10226, 11, 21700, 323, 22930, 272, 1989, 287, 3093, 429, 702, 3635, 458, 27401, 35874, 13, 10294, 23361, 3819, 25]",42,42,True,"Schmaltzy and unfunny, Adam Sandler's cartoon about Hanukkah is numbingly bad, Little Nicky bad, 10 Worst List bad.","There are a few stabs at absurdist comedy... but mostly the humor is of the sweet, gentle and occasionally cloying kind that has become an Iranian specialty.",tigges,True
sst_tigges_pythia_correct_test,398,sst-560,sst-8152,1,0,"Review Text: ... both hokey and super-cool, and definitely not in a hurry, so sit back, relax and have a few laughs while the little ones get a fuzzy treat.' Review Sentiment:","Review Text: The thriller side of this movie is falling flat, as the stalker doesn't do much stalking, and no cop or lawyer grasps the concept of actually investigating the case. Review Sentiment:","""Review Text: ... both hokey and super-cool, and definitely not in a hurry, so sit back, relax and have a few laughs while the little ones get a fuzzy treat.' Review Sentiment:""","""Review Text: The thriller side of this movie is falling flat, as the stalker doesn't do much stalking, and no cop or lawyer grasps the concept of actually investigating the case. Review Sentiment:""",52657669657720546578743a202e2e2e20626f746820686f6b657920616e642073757065722d636f6f6c2c20616e6420646566696e6974656c79206e6f7420696e20612068757272792c20736f20736974206261636b2c2072656c617820616e642068617665206120666577206c6175676873207768696c6520746865206c6974746c65206f6e65732067657420612066757a7a792074726561742e27205265766965772053656e74696d656e743a,52657669657720546578743a2054686520746872696c6c65722073696465206f662074686973206d6f7669652069732066616c6c696e6720666c61742c20617320746865207374616c6b657220646f65736e277420646f206d756368207374616c6b696e672c20616e64206e6f20636f70206f72206c6177796572206772617370732074686520636f6e63657074206f662061637475616c6c7920696e7665737469676174696e672074686520636173652e205265766965772053656e74696d656e743a,0464fdeb51556ee1aa8b7e15177fb91c2401f71d8d7963ea362eeb76823089f2,bd92361d160b7728be53c97fd121c71407a5dc05c4db8a7f1efda18ad0551d00,"[19432, 2918, 25, 2503, 2176, 11386, 792, 323, 2256, 22471, 337, 11, 323, 8491, 537, 304, 264, 47235, 11, 773, 2444, 1182, 11, 11967, 323, 614, 264, 2421, 48236, 1393, 279, 2632, 6174, 633, 264, 52733, 4228, 3159, 10294, 23361, 3819, 25]","[19432, 2918, 25, 576, 53361, 3108, 315, 419, 5700, 374, 15679, 10063, 11, 438, 279, 357, 36808, 3171, 944, 653, 1753, 81795, 11, 323, 902, 6162, 476, 15417, 48987, 1690, 279, 7286, 315, 3520, 23890, 279, 1142, 13, 10294, 23361, 3819, 25]",42,42,True,"... both hokey and super-cool, and definitely not in a hurry, so sit back, relax and have a few laughs while the little ones get a fuzzy treat.'","The thriller side of this movie is falling flat, as the stalker doesn't do much stalking, and no cop or lawyer grasps the concept of actually investigating the case.",tigges,True
sst_tigges_pythia_correct_test,399,sst-8152,sst-560,0,1,"Review Text: The thriller side of this movie is falling flat, as the stalker doesn't do much stalking, and no cop or lawyer grasps the concept of actually investigating the case. Review Sentiment:","Review Text: ... both hokey and super-cool, and definitely not in a hurry, so sit back, relax and have a few laughs while the little ones get a fuzzy treat.' Review Sentiment:","""Review Text: The thriller side of this movie is falling flat, as the stalker doesn't do much stalking, and no cop or lawyer grasps the concept of actually investigating the case. Review Sentiment:""","""Review Text: ... both hokey and super-cool, and definitely not in a hurry, so sit back, relax and have a few laughs while the little ones get a fuzzy treat.' Review Sentiment:""",52657669657720546578743a2054686520746872696c6c65722073696465206f662074686973206d6f7669652069732066616c6c696e6720666c61742c20617320746865207374616c6b657220646f65736e277420646f206d756368207374616c6b696e672c20616e64206e6f20636f70206f72206c6177796572206772617370732074686520636f6e63657074206f662061637475616c6c7920696e7665737469676174696e672074686520636173652e205265766965772053656e74696d656e743a,52657669657720546578743a202e2e2e20626f746820686f6b657920616e642073757065722d636f6f6c2c20616e6420646566696e6974656c79206e6f7420696e20612068757272792c20736f20736974206261636b2c2072656c617820616e642068617665206120666577206c6175676873207768696c6520746865206c6974746c65206f6e65732067657420612066757a7a792074726561742e27205265766965772053656e74696d656e743a,bd92361d160b7728be53c97fd121c71407a5dc05c4db8a7f1efda18ad0551d00,0464fdeb51556ee1aa8b7e15177fb91c2401f71d8d7963ea362eeb76823089f2,"[19432, 2918, 25, 576, 53361, 3108, 315, 419, 5700, 374, 15679, 10063, 11, 438, 279, 357, 36808, 3171, 944, 653, 1753, 81795, 11, 323, 902, 6162, 476, 15417, 48987, 1690, 279, 7286, 315, 3520, 23890, 279, 1142, 13, 10294, 23361, 3819, 25]","[19432, 2918, 25, 2503, 2176, 11386, 792, 323, 2256, 22471, 337, 11, 323, 8491, 537, 304, 264, 47235, 11, 773, 2444, 1182, 11, 11967, 323, 614, 264, 2421, 48236, 1393, 279, 2632, 6174, 633, 264, 52733, 4228, 3159, 10294, 23361, 3819, 25]",42,42,True,"The thriller side of this movie is falling flat, as the stalker doesn't do much stalking, and no cop or lawyer grasps the concept of actually investigating the case.","... both hokey and super-cool, and definitely not in a hurry, so sit back, relax and have a few laughs while the little ones get a fuzzy treat.'",tigges,True
sst_tigges_pythia_correct_test,400,sst-405,sst-8740,1,0,"Review Text: Although it bangs a very cliched drum at times, this crowd-pleaser's fresh dialogue, energetic music, and good-natured spunk are often infectious. Review Sentiment:","Review Text: As elegantly crafted as it often is, Anderson's movie is essentially a one-trick pony that, hampered by an undeveloped script, ultimately pulls up lame. Review Sentiment:","""Review Text: Although it bangs a very cliched drum at times, this crowd-pleaser's fresh dialogue, energetic music, and good-natured spunk are often infectious. Review Sentiment:""","""Review Text: As elegantly crafted as it often is, Anderson's movie is essentially a one-trick pony that, hampered by an undeveloped script, ultimately pulls up lame. Review Sentiment:""",52657669657720546578743a20416c74686f7567682069742062616e67732061207665727920636c6963686564206472756d2061742074696d65732c20746869732063726f77642d706c65617365722773206672657368206469616c6f6775652c20656e65726765746963206d757369632c20616e6420676f6f642d6e617475726564207370756e6b20617265206f6674656e20696e66656374696f75732e205265766965772053656e74696d656e743a,52657669657720546578743a20417320656c6567616e746c792063726166746564206173206974206f6674656e2069732c20416e646572736f6e2773206d6f76696520697320657373656e7469616c6c792061206f6e652d747269636b20706f6e7920746861742c2068616d706572656420627920616e20756e646576656c6f706564207363726970742c20756c74696d6174656c792070756c6c73207570206c616d652e205265766965772053656e74696d656e743a,e1db2e321c56ec5c5595dd0d398a41fb06290d33a80254705a152b559f065401,a6118c87c5ac1c7d62026d6667770a6440c87520b31e6d2265bcd853e04a7eab,"[19432, 2918, 25, 10328, 432, 25441, 82, 264, 1602, 62592, 291, 23196, 518, 3039, 11, 419, 13428, 12, 694, 12080, 594, 7722, 21276, 11, 44855, 4627, 11, 323, 1661, 5279, 1568, 67, 978, 3122, 525, 3545, 49500, 13, 10294, 23361, 3819, 25]","[19432, 2918, 25, 1634, 17720, 17548, 33458, 438, 432, 3545, 374, 11, 20642, 594, 5700, 374, 15791, 264, 825, 10188, 865, 52636, 429, 11, 13515, 42768, 553, 458, 58895, 1813, 291, 5316, 11, 13653, 33045, 705, 60883, 13, 10294, 23361, 3819, 25]",42,42,True,"Although it bangs a very cliched drum at times, this crowd-pleaser's fresh dialogue, energetic music, and good-natured spunk are often infectious.","As elegantly crafted as it often is, Anderson's movie is essentially a one-trick pony that, hampered by an undeveloped script, ultimately pulls up lame.",tigges,True
sst_tigges_pythia_correct_test,401,sst-8740,sst-405,0,1,"Review Text: As elegantly crafted as it often is, Anderson's movie is essentially a one-trick pony that, hampered by an undeveloped script, ultimately pulls up lame. Review Sentiment:","Review Text: Although it bangs a very cliched drum at times, this crowd-pleaser's fresh dialogue, energetic music, and good-natured spunk are often infectious. Review Sentiment:","""Review Text: As elegantly crafted as it often is, Anderson's movie is essentially a one-trick pony that, hampered by an undeveloped script, ultimately pulls up lame. Review Sentiment:""","""Review Text: Although it bangs a very cliched drum at times, this crowd-pleaser's fresh dialogue, energetic music, and good-natured spunk are often infectious. Review Sentiment:""",52657669657720546578743a20417320656c6567616e746c792063726166746564206173206974206f6674656e2069732c20416e646572736f6e2773206d6f76696520697320657373656e7469616c6c792061206f6e652d747269636b20706f6e7920746861742c2068616d706572656420627920616e20756e646576656c6f706564207363726970742c20756c74696d6174656c792070756c6c73207570206c616d652e205265766965772053656e74696d656e743a,52657669657720546578743a20416c74686f7567682069742062616e67732061207665727920636c6963686564206472756d2061742074696d65732c20746869732063726f77642d706c65617365722773206672657368206469616c6f6775652c20656e65726765746963206d757369632c20616e6420676f6f642d6e617475726564207370756e6b20617265206f6674656e20696e66656374696f75732e205265766965772053656e74696d656e743a,a6118c87c5ac1c7d62026d6667770a6440c87520b31e6d2265bcd853e04a7eab,e1db2e321c56ec5c5595dd0d398a41fb06290d33a80254705a152b559f065401,"[19432, 2918, 25, 1634, 17720, 17548, 33458, 438, 432, 3545, 374, 11, 20642, 594, 5700, 374, 15791, 264, 825, 10188, 865, 52636, 429, 11, 13515, 42768, 553, 458, 58895, 1813, 291, 5316, 11, 13653, 33045, 705, 60883, 13, 10294, 23361, 3819, 25]","[19432, 2918, 25, 10328, 432, 25441, 82, 264, 1602, 62592, 291, 23196, 518, 3039, 11, 419, 13428, 12, 694, 12080, 594, 7722, 21276, 11, 44855, 4627, 11, 323, 1661, 5279, 1568, 67, 978, 3122, 525, 3545, 49500, 13, 10294, 23361, 3819, 25]",42,42,True,"As elegantly crafted as it often is, Anderson's movie is essentially a one-trick pony that, hampered by an undeveloped script, ultimately pulls up lame.","Although it bangs a very cliched drum at times, this crowd-pleaser's fresh dialogue, energetic music, and good-natured spunk are often infectious.",tigges,True
sst_tigges_pythia_correct_test,402,sst-36,sst-7996,1,0,"Review Text: While it would be easy to give Crush the new title of Two Weddings and a Funeral, it's a far more thoughtful film than any slice of Hugh Grant whimsy. Review Sentiment:","Review Text: ... with the candy-like taste of it fading faster than 25-cent bubble gum, I realized this is a throwaway movie that won't stand the test of time. Review Sentiment:","""Review Text: While it would be easy to give Crush the new title of Two Weddings and a Funeral, it's a far more thoughtful film than any slice of Hugh Grant whimsy. Review Sentiment:""","""Review Text: ... with the candy-like taste of it fading faster than 25-cent bubble gum, I realized this is a throwaway movie that won't stand the test of time. Review Sentiment:""",52657669657720546578743a205768696c6520697420776f756c64206265206561737920746f206769766520437275736820746865206e6577207469746c65206f662054776f2057656464696e677320616e6420612046756e6572616c2c2069742773206120666172206d6f72652074686f7567687466756c2066696c6d207468616e20616e7920736c696365206f662048756768204772616e74207768696d73792e205265766965772053656e74696d656e743a,52657669657720546578743a202e2e2e2077697468207468652063616e64792d6c696b65207461737465206f6620697420666164696e6720666173746572207468616e2032352d63656e7420627562626c652067756d2c2049207265616c697a656420746869732069732061207468726f7761776179206d6f766965207468617420776f6e2774207374616e64207468652074657374206f662074696d652e205265766965772053656e74696d656e743a,6bfcd0b65b30d4189ddad4c6a28d7246a5a0a62d127643118bed5a825c725268,496464c4269b31a6dfea35d2105e2f8b3f07a7fb1e513ccdd7a7e600763b3fed,"[19432, 2918, 25, 5976, 432, 1035, 387, 4135, 311, 2968, 12048, 279, 501, 2265, 315, 9043, 6521, 24602, 323, 264, 58349, 11, 432, 594, 264, 3041, 803, 42666, 4531, 1091, 894, 15983, 315, 29106, 23736, 69105, 88, 13, 10294, 23361, 3819, 25]","[19432, 2918, 25, 2503, 448, 279, 31556, 12681, 12656, 315, 432, 58517, 10596, 1091, 220, 17, 20, 21217, 23611, 41265, 11, 358, 15043, 419, 374, 264, 2510, 13757, 5700, 429, 2765, 944, 2498, 279, 1273, 315, 882, 13, 10294, 23361, 3819, 25]",42,42,True,"While it would be easy to give Crush the new title of Two Weddings and a Funeral, it's a far more thoughtful film than any slice of Hugh Grant whimsy.","... with the candy-like taste of it fading faster than 25-cent bubble gum, I realized this is a throwaway movie that won't stand the test of time.",tigges,True
sst_tigges_pythia_correct_test,403,sst-7996,sst-36,0,1,"Review Text: ... with the candy-like taste of it fading faster than 25-cent bubble gum, I realized this is a throwaway movie that won't stand the test of time. Review Sentiment:","Review Text: While it would be easy to give Crush the new title of Two Weddings and a Funeral, it's a far more thoughtful film than any slice of Hugh Grant whimsy. Review Sentiment:","""Review Text: ... with the candy-like taste of it fading faster than 25-cent bubble gum, I realized this is a throwaway movie that won't stand the test of time. Review Sentiment:""","""Review Text: While it would be easy to give Crush the new title of Two Weddings and a Funeral, it's a far more thoughtful film than any slice of Hugh Grant whimsy. Review Sentiment:""",52657669657720546578743a202e2e2e2077697468207468652063616e64792d6c696b65207461737465206f6620697420666164696e6720666173746572207468616e2032352d63656e7420627562626c652067756d2c2049207265616c697a656420746869732069732061207468726f7761776179206d6f766965207468617420776f6e2774207374616e64207468652074657374206f662074696d652e205265766965772053656e74696d656e743a,52657669657720546578743a205768696c6520697420776f756c64206265206561737920746f206769766520437275736820746865206e6577207469746c65206f662054776f2057656464696e677320616e6420612046756e6572616c2c2069742773206120666172206d6f72652074686f7567687466756c2066696c6d207468616e20616e7920736c696365206f662048756768204772616e74207768696d73792e205265766965772053656e74696d656e743a,496464c4269b31a6dfea35d2105e2f8b3f07a7fb1e513ccdd7a7e600763b3fed,6bfcd0b65b30d4189ddad4c6a28d7246a5a0a62d127643118bed5a825c725268,"[19432, 2918, 25, 2503, 448, 279, 31556, 12681, 12656, 315, 432, 58517, 10596, 1091, 220, 17, 20, 21217, 23611, 41265, 11, 358, 15043, 419, 374, 264, 2510, 13757, 5700, 429, 2765, 944, 2498, 279, 1273, 315, 882, 13, 10294, 23361, 3819, 25]","[19432, 2918, 25, 5976, 432, 1035, 387, 4135, 311, 2968, 12048, 279, 501, 2265, 315, 9043, 6521, 24602, 323, 264, 58349, 11, 432, 594, 264, 3041, 803, 42666, 4531, 1091, 894, 15983, 315, 29106, 23736, 69105, 88, 13, 10294, 23361, 3819, 25]",42,42,True,"... with the candy-like taste of it fading faster than 25-cent bubble gum, I realized this is a throwaway movie that won't stand the test of time.","While it would be easy to give Crush the new title of Two Weddings and a Funeral, it's a far more thoughtful film than any slice of Hugh Grant whimsy.",tigges,True
sst_tigges_pythia_correct_test,404,sst-653,sst-8963,1,0,"Review Text: This is as powerful a set of evidence as you'll ever find of why art matters, and how it can resonate far beyond museum walls and through to the most painfully marginal lives. Review Sentiment:","Review Text: Chaotic, self-indulgent and remarkably ugly to look at, it's... like a series of pretentiously awful student films strung together into one feature-length horror. Review Sentiment:","""Review Text: This is as powerful a set of evidence as you'll ever find of why art matters, and how it can resonate far beyond museum walls and through to the most painfully marginal lives. Review Sentiment:""","""Review Text: Chaotic, self-indulgent and remarkably ugly to look at, it's... like a series of pretentiously awful student films strung together into one feature-length horror. Review Sentiment:""",52657669657720546578743a205468697320697320617320706f77657266756c206120736574206f662065766964656e636520617320796f75276c6c20657665722066696e64206f662077687920617274206d6174746572732c20616e6420686f772069742063616e207265736f6e61746520666172206265796f6e64206d757365756d2077616c6c7320616e64207468726f75676820746f20746865206d6f7374207061696e66756c6c79206d617267696e616c206c697665732e205265766965772053656e74696d656e743a,52657669657720546578743a204368616f7469632c2073656c662d696e64756c67656e7420616e642072656d61726b61626c792075676c7920746f206c6f6f6b2061742c20697427732e2e2e206c696b65206120736572696573206f662070726574656e74696f75736c7920617766756c2073747564656e742066696c6d7320737472756e6720746f67657468657220696e746f206f6e6520666561747572652d6c656e67746820686f72726f722e205265766965772053656e74696d656e743a,8ffa9c5bee32dd09a57fb18d1b4b0a3b85a0f803ba3ac0973d0ffb5f4ecda279,39fcace577461a45b3663c438564535b8b4062f419bfae2db8d6181c6b7decd0,"[19432, 2918, 25, 1096, 374, 438, 7988, 264, 738, 315, 5904, 438, 498, 3278, 3512, 1477, 315, 3170, 1947, 12850, 11, 323, 1246, 432, 646, 88886, 3041, 7797, 23971, 14285, 323, 1526, 311, 279, 1429, 75599, 31773, 6305, 13, 10294, 23361, 3819, 25]","[19432, 2918, 25, 27721, 14212, 11, 656, 17776, 360, 15772, 323, 48623, 27261, 311, 1401, 518, 11, 432, 594, 1112, 1075, 264, 4013, 315, 4410, 306, 13307, 24607, 5458, 12351, 607, 2185, 3786, 1119, 825, 4565, 29325, 21452, 13, 10294, 23361, 3819, 25]",43,43,True,"This is as powerful a set of evidence as you'll ever find of why art matters, and how it can resonate far beyond museum walls and through to the most painfully marginal lives.","Chaotic, self-indulgent and remarkably ugly to look at, it's... like a series of pretentiously awful student films strung together into one feature-length horror.",tigges,True
sst_tigges_pythia_correct_test,405,sst-8963,sst-653,0,1,"Review Text: Chaotic, self-indulgent and remarkably ugly to look at, it's... like a series of pretentiously awful student films strung together into one feature-length horror. Review Sentiment:","Review Text: This is as powerful a set of evidence as you'll ever find of why art matters, and how it can resonate far beyond museum walls and through to the most painfully marginal lives. Review Sentiment:","""Review Text: Chaotic, self-indulgent and remarkably ugly to look at, it's... like a series of pretentiously awful student films strung together into one feature-length horror. Review Sentiment:""","""Review Text: This is as powerful a set of evidence as you'll ever find of why art matters, and how it can resonate far beyond museum walls and through to the most painfully marginal lives. Review Sentiment:""",52657669657720546578743a204368616f7469632c2073656c662d696e64756c67656e7420616e642072656d61726b61626c792075676c7920746f206c6f6f6b2061742c20697427732e2e2e206c696b65206120736572696573206f662070726574656e74696f75736c7920617766756c2073747564656e742066696c6d7320737472756e6720746f67657468657220696e746f206f6e6520666561747572652d6c656e67746820686f72726f722e205265766965772053656e74696d656e743a,52657669657720546578743a205468697320697320617320706f77657266756c206120736574206f662065766964656e636520617320796f75276c6c20657665722066696e64206f662077687920617274206d6174746572732c20616e6420686f772069742063616e207265736f6e61746520666172206265796f6e64206d757365756d2077616c6c7320616e64207468726f75676820746f20746865206d6f7374207061696e66756c6c79206d617267696e616c206c697665732e205265766965772053656e74696d656e743a,39fcace577461a45b3663c438564535b8b4062f419bfae2db8d6181c6b7decd0,8ffa9c5bee32dd09a57fb18d1b4b0a3b85a0f803ba3ac0973d0ffb5f4ecda279,"[19432, 2918, 25, 27721, 14212, 11, 656, 17776, 360, 15772, 323, 48623, 27261, 311, 1401, 518, 11, 432, 594, 1112, 1075, 264, 4013, 315, 4410, 306, 13307, 24607, 5458, 12351, 607, 2185, 3786, 1119, 825, 4565, 29325, 21452, 13, 10294, 23361, 3819, 25]","[19432, 2918, 25, 1096, 374, 438, 7988, 264, 738, 315, 5904, 438, 498, 3278, 3512, 1477, 315, 3170, 1947, 12850, 11, 323, 1246, 432, 646, 88886, 3041, 7797, 23971, 14285, 323, 1526, 311, 279, 1429, 75599, 31773, 6305, 13, 10294, 23361, 3819, 25]",43,43,True,"Chaotic, self-indulgent and remarkably ugly to look at, it's... like a series of pretentiously awful student films strung together into one feature-length horror.","This is as powerful a set of evidence as you'll ever find of why art matters, and how it can resonate far beyond museum walls and through to the most painfully marginal lives.",tigges,True
sst_tigges_pythia_correct_test,406,sst-58,sst-8261,1,0,"Review Text: Behind the snow games and lovable Siberian huskies -LRB- plus one sheep dog -RRB-, the picture hosts a parka-wrapped dose of heart. Review Sentiment:",Review Text: I cry for I Spy--or I would if this latest and laziest imaginable of all vintage-TV spinoffs were capable of engendering an emotional response of any kind. Review Sentiment:,"'Review Text: Behind the snow games and lovable Siberian huskies -LRB- plus one sheep dog -RRB-, the picture hosts a parka-wrapped dose of heart. Review Sentiment:'",'Review Text: I cry for I Spy--or I would if this latest and laziest imaginable of all vintage-TV spinoffs were capable of engendering an emotional response of any kind. Review Sentiment:',52657669657720546578743a20426568696e642074686520736e6f772067616d657320616e64206c6f7661626c6520536962657269616e206875736b696573202d4c52422d20706c7573206f6e6520736865657020646f67202d5252422d2c20746865207069637475726520686f7374732061207061726b612d7772617070656420646f7365206f662068656172742e205265766965772053656e74696d656e743a,52657669657720546578743a20492063727920666f722049205370792d2d6f72204920776f756c642069662074686973206c617465737420616e64206c617a6965737420696d6167696e61626c65206f6620616c6c2076696e746167652d5456207370696e6f66667320776572652063617061626c65206f6620656e67656e646572696e6720616e20656d6f74696f6e616c20726573706f6e7365206f6620616e79206b696e642e205265766965772053656e74696d656e743a,df7fa4eae8db1d12f14fd0598863e7fc21943283fb7acd84feb443abc648eb02,d434f4973f16446aca54ceec78d52ca2697825c4224c18a6889510b487814fe2,"[19432, 2918, 25, 42374, 279, 11794, 3868, 323, 775, 23760, 67500, 1103, 9045, 74, 550, 481, 20117, 33, 12, 5519, 825, 31912, 5562, 481, 8106, 33, 36519, 279, 6802, 18432, 264, 6118, 64, 2630, 56289, 19115, 315, 4746, 13, 10294, 23361, 3819, 25]","[19432, 2918, 25, 358, 15729, 369, 358, 46314, 313, 269, 358, 1035, 421, 419, 5535, 323, 1187, 8345, 477, 89167, 315, 678, 23790, 52292, 12616, 32483, 1033, 12875, 315, 2922, 1659, 287, 458, 14269, 2033, 315, 894, 3093, 13, 10294, 23361, 3819, 25]",43,43,True,"Behind the snow games and lovable Siberian huskies -LRB- plus one sheep dog -RRB-, the picture hosts a parka-wrapped dose of heart.",I cry for I Spy--or I would if this latest and laziest imaginable of all vintage-TV spinoffs were capable of engendering an emotional response of any kind.,tigges,True
sst_tigges_pythia_correct_test,407,sst-8261,sst-58,0,1,Review Text: I cry for I Spy--or I would if this latest and laziest imaginable of all vintage-TV spinoffs were capable of engendering an emotional response of any kind. Review Sentiment:,"Review Text: Behind the snow games and lovable Siberian huskies -LRB- plus one sheep dog -RRB-, the picture hosts a parka-wrapped dose of heart. Review Sentiment:",'Review Text: I cry for I Spy--or I would if this latest and laziest imaginable of all vintage-TV spinoffs were capable of engendering an emotional response of any kind. Review Sentiment:',"'Review Text: Behind the snow games and lovable Siberian huskies -LRB- plus one sheep dog -RRB-, the picture hosts a parka-wrapped dose of heart. Review Sentiment:'",52657669657720546578743a20492063727920666f722049205370792d2d6f72204920776f756c642069662074686973206c617465737420616e64206c617a6965737420696d6167696e61626c65206f6620616c6c2076696e746167652d5456207370696e6f66667320776572652063617061626c65206f6620656e67656e646572696e6720616e20656d6f74696f6e616c20726573706f6e7365206f6620616e79206b696e642e205265766965772053656e74696d656e743a,52657669657720546578743a20426568696e642074686520736e6f772067616d657320616e64206c6f7661626c6520536962657269616e206875736b696573202d4c52422d20706c7573206f6e6520736865657020646f67202d5252422d2c20746865207069637475726520686f7374732061207061726b612d7772617070656420646f7365206f662068656172742e205265766965772053656e74696d656e743a,d434f4973f16446aca54ceec78d52ca2697825c4224c18a6889510b487814fe2,df7fa4eae8db1d12f14fd0598863e7fc21943283fb7acd84feb443abc648eb02,"[19432, 2918, 25, 358, 15729, 369, 358, 46314, 313, 269, 358, 1035, 421, 419, 5535, 323, 1187, 8345, 477, 89167, 315, 678, 23790, 52292, 12616, 32483, 1033, 12875, 315, 2922, 1659, 287, 458, 14269, 2033, 315, 894, 3093, 13, 10294, 23361, 3819, 25]","[19432, 2918, 25, 42374, 279, 11794, 3868, 323, 775, 23760, 67500, 1103, 9045, 74, 550, 481, 20117, 33, 12, 5519, 825, 31912, 5562, 481, 8106, 33, 36519, 279, 6802, 18432, 264, 6118, 64, 2630, 56289, 19115, 315, 4746, 13, 10294, 23361, 3819, 25]",43,43,True,I cry for I Spy--or I would if this latest and laziest imaginable of all vintage-TV spinoffs were capable of engendering an emotional response of any kind.,"Behind the snow games and lovable Siberian huskies -LRB- plus one sheep dog -RRB-, the picture hosts a parka-wrapped dose of heart.",tigges,True
sst_tigges_pythia_correct_test,408,sst-308,sst-8098,1,0,"Review Text: It could change America, not only because it is full of necessary discussion points, but because it is so accessible that it makes complex politics understandable to viewers looking for nothing but energetic entertainment. Review Sentiment:","Review Text: Ritchie's treatment of the class reversal is majorly ham-fisted, from the repetitive manifestos that keep getting thrown in people's faces to the fact Amber is such a joke. Review Sentiment:","'Review Text: It could change America, not only because it is full of necessary discussion points, but because it is so accessible that it makes complex politics understandable to viewers looking for nothing but energetic entertainment. Review Sentiment:'","""Review Text: Ritchie's treatment of the class reversal is majorly ham-fisted, from the repetitive manifestos that keep getting thrown in people's faces to the fact Amber is such a joke. Review Sentiment:""",52657669657720546578743a20497420636f756c64206368616e676520416d65726963612c206e6f74206f6e6c7920626563617573652069742069732066756c6c206f66206e65636573736172792064697363757373696f6e20706f696e74732c20627574206265636175736520697420697320736f2061636365737369626c652074686174206974206d616b657320636f6d706c657820706f6c697469637320756e6465727374616e6461626c6520746f2076696577657273206c6f6f6b696e6720666f72206e6f7468696e672062757420656e6572676574696320656e7465727461696e6d656e742e205265766965772053656e74696d656e743a,52657669657720546578743a205269746368696527732074726561746d656e74206f662074686520636c61737320726576657273616c206973206d616a6f726c792068616d2d6669737465642c2066726f6d207468652072657065746974697665206d616e69666573746f732074686174206b6565702067657474696e67207468726f776e20696e2070656f706c65277320666163657320746f20746865206661637420416d62657220697320737563682061206a6f6b652e205265766965772053656e74696d656e743a,63786b37c2b3a53cbd5325ff4794a883c6b16cacf1735714fe4034982e56f2a2,dd2d2f1487c9bcfd685de8d80e24ee93616165f04bd727152c62ed2369dcbbfd,"[19432, 2918, 25, 1084, 1410, 2297, 5159, 11, 537, 1172, 1576, 432, 374, 2480, 315, 5871, 10219, 3501, 11, 714, 1576, 432, 374, 773, 15614, 429, 432, 3643, 6351, 11500, 48739, 311, 21762, 3330, 369, 4302, 714, 44855, 16517, 13, 10294, 23361, 3819, 25]","[19432, 2918, 25, 96882, 645, 594, 6380, 315, 279, 536, 58114, 374, 3598, 398, 13515, 2220, 13236, 11, 504, 279, 58077, 14455, 436, 429, 2506, 3709, 14989, 304, 1251, 594, 12300, 311, 279, 2097, 46664, 374, 1741, 264, 21646, 13, 10294, 23361, 3819, 25]",44,44,True,"It could change America, not only because it is full of necessary discussion points, but because it is so accessible that it makes complex politics understandable to viewers looking for nothing but energetic entertainment.","Ritchie's treatment of the class reversal is majorly ham-fisted, from the repetitive manifestos that keep getting thrown in people's faces to the fact Amber is such a joke.",tigges,True
sst_tigges_pythia_correct_test,409,sst-8098,sst-308,0,1,"Review Text: Ritchie's treatment of the class reversal is majorly ham-fisted, from the repetitive manifestos that keep getting thrown in people's faces to the fact Amber is such a joke. Review Sentiment:","Review Text: It could change America, not only because it is full of necessary discussion points, but because it is so accessible that it makes complex politics understandable to viewers looking for nothing but energetic entertainment. Review Sentiment:","""Review Text: Ritchie's treatment of the class reversal is majorly ham-fisted, from the repetitive manifestos that keep getting thrown in people's faces to the fact Amber is such a joke. Review Sentiment:""","'Review Text: It could change America, not only because it is full of necessary discussion points, but because it is so accessible that it makes complex politics understandable to viewers looking for nothing but energetic entertainment. Review Sentiment:'",52657669657720546578743a205269746368696527732074726561746d656e74206f662074686520636c61737320726576657273616c206973206d616a6f726c792068616d2d6669737465642c2066726f6d207468652072657065746974697665206d616e69666573746f732074686174206b6565702067657474696e67207468726f776e20696e2070656f706c65277320666163657320746f20746865206661637420416d62657220697320737563682061206a6f6b652e205265766965772053656e74696d656e743a,52657669657720546578743a20497420636f756c64206368616e676520416d65726963612c206e6f74206f6e6c7920626563617573652069742069732066756c6c206f66206e65636573736172792064697363757373696f6e20706f696e74732c20627574206265636175736520697420697320736f2061636365737369626c652074686174206974206d616b657320636f6d706c657820706f6c697469637320756e6465727374616e6461626c6520746f2076696577657273206c6f6f6b696e6720666f72206e6f7468696e672062757420656e6572676574696320656e7465727461696e6d656e742e205265766965772053656e74696d656e743a,dd2d2f1487c9bcfd685de8d80e24ee93616165f04bd727152c62ed2369dcbbfd,63786b37c2b3a53cbd5325ff4794a883c6b16cacf1735714fe4034982e56f2a2,"[19432, 2918, 25, 96882, 645, 594, 6380, 315, 279, 536, 58114, 374, 3598, 398, 13515, 2220, 13236, 11, 504, 279, 58077, 14455, 436, 429, 2506, 3709, 14989, 304, 1251, 594, 12300, 311, 279, 2097, 46664, 374, 1741, 264, 21646, 13, 10294, 23361, 3819, 25]","[19432, 2918, 25, 1084, 1410, 2297, 5159, 11, 537, 1172, 1576, 432, 374, 2480, 315, 5871, 10219, 3501, 11, 714, 1576, 432, 374, 773, 15614, 429, 432, 3643, 6351, 11500, 48739, 311, 21762, 3330, 369, 4302, 714, 44855, 16517, 13, 10294, 23361, 3819, 25]",44,44,True,"Ritchie's treatment of the class reversal is majorly ham-fisted, from the repetitive manifestos that keep getting thrown in people's faces to the fact Amber is such a joke.","It could change America, not only because it is full of necessary discussion points, but because it is so accessible that it makes complex politics understandable to viewers looking for nothing but energetic entertainment.",tigges,True
sst_tigges_pythia_correct_test,410,sst-1039,sst-8491,1,0,"Review Text: Interacting eyeball-to-eyeball and toe-to-toe, Hopkins and Norton are a winning combination--but Fiennes steals ` Red Dragon' right from under their noses. Review Sentiment:","Review Text: Too stupid to be satire, too obviously hateful to be classified otherwise, Frank Novak's irritating slice of lumpen life is as reliably soul-killing as its title is nearly meaningless. Review Sentiment:","""Review Text: Interacting eyeball-to-eyeball and toe-to-toe, Hopkins and Norton are a winning combination--but Fiennes steals ` Red Dragon' right from under their noses. Review Sentiment:""","""Review Text: Too stupid to be satire, too obviously hateful to be classified otherwise, Frank Novak's irritating slice of lumpen life is as reliably soul-killing as its title is nearly meaningless. Review Sentiment:""",52657669657720546578743a20496e746572616374696e672065796562616c6c2d746f2d65796562616c6c20616e6420746f652d746f2d746f652c20486f706b696e7320616e64204e6f72746f6e2061726520612077696e6e696e6720636f6d62696e6174696f6e2d2d627574204669656e6e657320737465616c7320602052656420447261676f6e272072696768742066726f6d20756e646572207468656972206e6f7365732e205265766965772053656e74696d656e743a,52657669657720546578743a20546f6f2073747570696420746f206265207361746972652c20746f6f206f6276696f75736c79206861746566756c20746f20626520636c6173736966696564206f74686572776973652c204672616e6b204e6f76616b27732069727269746174696e6720736c696365206f66206c756d70656e206c6966652069732061732072656c6961626c7920736f756c2d6b696c6c696e6720617320697473207469746c65206973206e6561726c79206d65616e696e676c6573732e205265766965772053656e74696d656e743a,994234eccac909c73aa9a2e111fe46989c5afd89b2f6fe3d5e468be0688d6b05,fa43517ca7cfc8a2308d07ac9aee403fa8acb3193d59a085a739b7940c28dfae,"[19432, 2918, 25, 5665, 34922, 35961, 541, 4686, 12, 1195, 3065, 541, 323, 30216, 4686, 4686, 68, 11, 44216, 323, 59264, 525, 264, 10987, 10601, 313, 8088, 39871, 15209, 61466, 1565, 3731, 16145, 6, 1290, 504, 1212, 862, 96714, 13, 10294, 23361, 3819, 25]","[19432, 2918, 25, 24599, 18253, 311, 387, 81395, 11, 2238, 13900, 75715, 311, 387, 21091, 5937, 11, 9270, 4620, 585, 594, 83977, 15983, 315, 48529, 268, 2272, 374, 438, 56382, 13527, 12646, 9400, 438, 1181, 2265, 374, 7009, 55926, 13, 10294, 23361, 3819, 25]",44,44,True,"Interacting eyeball-to-eyeball and toe-to-toe, Hopkins and Norton are a winning combination--but Fiennes steals ` Red Dragon' right from under their noses.","Too stupid to be satire, too obviously hateful to be classified otherwise, Frank Novak's irritating slice of lumpen life is as reliably soul-killing as its title is nearly meaningless.",tigges,True
sst_tigges_pythia_correct_test,411,sst-8491,sst-1039,0,1,"Review Text: Too stupid to be satire, too obviously hateful to be classified otherwise, Frank Novak's irritating slice of lumpen life is as reliably soul-killing as its title is nearly meaningless. Review Sentiment:","Review Text: Interacting eyeball-to-eyeball and toe-to-toe, Hopkins and Norton are a winning combination--but Fiennes steals ` Red Dragon' right from under their noses. Review Sentiment:","""Review Text: Too stupid to be satire, too obviously hateful to be classified otherwise, Frank Novak's irritating slice of lumpen life is as reliably soul-killing as its title is nearly meaningless. Review Sentiment:""","""Review Text: Interacting eyeball-to-eyeball and toe-to-toe, Hopkins and Norton are a winning combination--but Fiennes steals ` Red Dragon' right from under their noses. Review Sentiment:""",52657669657720546578743a20546f6f2073747570696420746f206265207361746972652c20746f6f206f6276696f75736c79206861746566756c20746f20626520636c6173736966696564206f74686572776973652c204672616e6b204e6f76616b27732069727269746174696e6720736c696365206f66206c756d70656e206c6966652069732061732072656c6961626c7920736f756c2d6b696c6c696e6720617320697473207469746c65206973206e6561726c79206d65616e696e676c6573732e205265766965772053656e74696d656e743a,52657669657720546578743a20496e746572616374696e672065796562616c6c2d746f2d65796562616c6c20616e6420746f652d746f2d746f652c20486f706b696e7320616e64204e6f72746f6e2061726520612077696e6e696e6720636f6d62696e6174696f6e2d2d627574204669656e6e657320737465616c7320602052656420447261676f6e272072696768742066726f6d20756e646572207468656972206e6f7365732e205265766965772053656e74696d656e743a,fa43517ca7cfc8a2308d07ac9aee403fa8acb3193d59a085a739b7940c28dfae,994234eccac909c73aa9a2e111fe46989c5afd89b2f6fe3d5e468be0688d6b05,"[19432, 2918, 25, 24599, 18253, 311, 387, 81395, 11, 2238, 13900, 75715, 311, 387, 21091, 5937, 11, 9270, 4620, 585, 594, 83977, 15983, 315, 48529, 268, 2272, 374, 438, 56382, 13527, 12646, 9400, 438, 1181, 2265, 374, 7009, 55926, 13, 10294, 23361, 3819, 25]","[19432, 2918, 25, 5665, 34922, 35961, 541, 4686, 12, 1195, 3065, 541, 323, 30216, 4686, 4686, 68, 11, 44216, 323, 59264, 525, 264, 10987, 10601, 313, 8088, 39871, 15209, 61466, 1565, 3731, 16145, 6, 1290, 504, 1212, 862, 96714, 13, 10294, 23361, 3819, 25]",44,44,True,"Too stupid to be satire, too obviously hateful to be classified otherwise, Frank Novak's irritating slice of lumpen life is as reliably soul-killing as its title is nearly meaningless.","Interacting eyeball-to-eyeball and toe-to-toe, Hopkins and Norton are a winning combination--but Fiennes steals ` Red Dragon' right from under their noses.",tigges,True
sst_tigges_pythia_correct_test,412,sst-303,sst-8948,1,0,"Review Text: It uses an old-time formula, it's not terribly original and it's rather messy--but you just have to love the big, dumb, happy movie My Big Fat Greek Wedding. Review Sentiment:","Review Text: One of those movies where you walk out of the theater not feeling cheated exactly, but feeling pandered to, which, in the end, might be all the more infuriating. Review Sentiment:","""Review Text: It uses an old-time formula, it's not terribly original and it's rather messy--but you just have to love the big, dumb, happy movie My Big Fat Greek Wedding. Review Sentiment:""","'Review Text: One of those movies where you walk out of the theater not feeling cheated exactly, but feeling pandered to, which, in the end, might be all the more infuriating. Review Sentiment:'",52657669657720546578743a204974207573657320616e206f6c642d74696d6520666f726d756c612c2069742773206e6f74207465727269626c79206f726967696e616c20616e64206974277320726174686572206d657373792d2d62757420796f75206a757374206861766520746f206c6f766520746865206269672c2064756d622c206861707079206d6f766965204d79204269672046617420477265656b2057656464696e672e205265766965772053656e74696d656e743a,52657669657720546578743a204f6e65206f662074686f7365206d6f7669657320776865726520796f752077616c6b206f7574206f66207468652074686561746572206e6f74206665656c696e6720636865617465642065786163746c792c20627574206665656c696e672070616e646572656420746f2c2077686963682c20696e2074686520656e642c206d6967687420626520616c6c20746865206d6f726520696e667572696174696e672e205265766965772053656e74696d656e743a,acf58cfb151263deab617462e9265c169217c75e9ec95672641744580b0a6648,31ca8a27076a47f4813c016c7401f1278d9ecf1adbbd5dd3d068584d7e7f0ad1,"[19432, 2918, 25, 1084, 5711, 458, 2310, 7246, 14806, 11, 432, 594, 537, 49036, 4024, 323, 432, 594, 4751, 45846, 313, 8088, 498, 1101, 614, 311, 2948, 279, 2409, 11, 29255, 11, 6247, 5700, 3017, 6164, 25348, 17860, 30817, 13, 10294, 23361, 3819, 25]","[19432, 2918, 25, 3776, 315, 1846, 9508, 1380, 498, 4227, 700, 315, 279, 26705, 537, 8266, 77678, 6896, 11, 714, 8266, 281, 8199, 291, 311, 11, 892, 11, 304, 279, 835, 11, 2578, 387, 678, 279, 803, 84125, 1095, 13, 10294, 23361, 3819, 25]",44,44,True,"It uses an old-time formula, it's not terribly original and it's rather messy--but you just have to love the big, dumb, happy movie My Big Fat Greek Wedding.","One of those movies where you walk out of the theater not feeling cheated exactly, but feeling pandered to, which, in the end, might be all the more infuriating.",tigges,True
sst_tigges_pythia_correct_test,413,sst-8948,sst-303,0,1,"Review Text: One of those movies where you walk out of the theater not feeling cheated exactly, but feeling pandered to, which, in the end, might be all the more infuriating. Review Sentiment:","Review Text: It uses an old-time formula, it's not terribly original and it's rather messy--but you just have to love the big, dumb, happy movie My Big Fat Greek Wedding. Review Sentiment:","'Review Text: One of those movies where you walk out of the theater not feeling cheated exactly, but feeling pandered to, which, in the end, might be all the more infuriating. Review Sentiment:'","""Review Text: It uses an old-time formula, it's not terribly original and it's rather messy--but you just have to love the big, dumb, happy movie My Big Fat Greek Wedding. Review Sentiment:""",52657669657720546578743a204f6e65206f662074686f7365206d6f7669657320776865726520796f752077616c6b206f7574206f66207468652074686561746572206e6f74206665656c696e6720636865617465642065786163746c792c20627574206665656c696e672070616e646572656420746f2c2077686963682c20696e2074686520656e642c206d6967687420626520616c6c20746865206d6f726520696e667572696174696e672e205265766965772053656e74696d656e743a,52657669657720546578743a204974207573657320616e206f6c642d74696d6520666f726d756c612c2069742773206e6f74207465727269626c79206f726967696e616c20616e64206974277320726174686572206d657373792d2d62757420796f75206a757374206861766520746f206c6f766520746865206269672c2064756d622c206861707079206d6f766965204d79204269672046617420477265656b2057656464696e672e205265766965772053656e74696d656e743a,31ca8a27076a47f4813c016c7401f1278d9ecf1adbbd5dd3d068584d7e7f0ad1,acf58cfb151263deab617462e9265c169217c75e9ec95672641744580b0a6648,"[19432, 2918, 25, 3776, 315, 1846, 9508, 1380, 498, 4227, 700, 315, 279, 26705, 537, 8266, 77678, 6896, 11, 714, 8266, 281, 8199, 291, 311, 11, 892, 11, 304, 279, 835, 11, 2578, 387, 678, 279, 803, 84125, 1095, 13, 10294, 23361, 3819, 25]","[19432, 2918, 25, 1084, 5711, 458, 2310, 7246, 14806, 11, 432, 594, 537, 49036, 4024, 323, 432, 594, 4751, 45846, 313, 8088, 498, 1101, 614, 311, 2948, 279, 2409, 11, 29255, 11, 6247, 5700, 3017, 6164, 25348, 17860, 30817, 13, 10294, 23361, 3819, 25]",44,44,True,"One of those movies where you walk out of the theater not feeling cheated exactly, but feeling pandered to, which, in the end, might be all the more infuriating.","It uses an old-time formula, it's not terribly original and it's rather messy--but you just have to love the big, dumb, happy movie My Big Fat Greek Wedding.",tigges,True
sst_tigges_pythia_correct_test,414,sst-8964,sst-8997,1,0,"Review Text: Bears resemblance to, and shares the weaknesses of, too many recent action-fantasy extravaganzas in which special effects overpower cogent story-telling and visual clarity during the big action sequences. Review Sentiment:","Review Text: It's drained of life in an attempt to be sober and educational, and yet it's so devoid of realism that its lack of whistles and bells just makes it obnoxious and stiff. Review Sentiment:","'Review Text: Bears resemblance to, and shares the weaknesses of, too many recent action-fantasy extravaganzas in which special effects overpower cogent story-telling and visual clarity during the big action sequences. Review Sentiment:'","""Review Text: It's drained of life in an attempt to be sober and educational, and yet it's so devoid of realism that its lack of whistles and bells just makes it obnoxious and stiff. Review Sentiment:""",52657669657720546578743a20426561727320726573656d626c616e636520746f2c20616e642073686172657320746865207765616b6e6573736573206f662c20746f6f206d616e7920726563656e7420616374696f6e2d66616e74617379206578747261766167616e7a617320696e207768696368207370656369616c2065666665637473206f766572706f77657220636f67656e742073746f72792d74656c6c696e6720616e642076697375616c20636c617269747920647572696e67207468652062696720616374696f6e2073657175656e6365732e205265766965772053656e74696d656e743a,52657669657720546578743a204974277320647261696e6564206f66206c69666520696e20616e20617474656d707420746f20626520736f62657220616e6420656475636174696f6e616c2c20616e6420796574206974277320736f206465766f6964206f66207265616c69736d207468617420697473206c61636b206f662077686973746c657320616e642062656c6c73206a757374206d616b6573206974206f626e6f78696f757320616e642073746966662e205265766965772053656e74696d656e743a,03d316358f0c7f422a04fd8a074ab630403b0159a95111808db0058b8d86e63a,26076b7765549b4e4a37778745c6a827ac461e3f4f93d6e98be4c15843863887,"[19432, 2918, 25, 35968, 68900, 311, 11, 323, 13248, 279, 43567, 315, 11, 2238, 1657, 3213, 1917, 2220, 96937, 73064, 12070, 300, 304, 892, 3281, 6239, 97787, 61566, 306, 3364, 2385, 6293, 323, 9124, 31273, 2337, 279, 2409, 1917, 23700, 13, 10294, 23361, 3819, 25]","[19432, 2918, 25, 1084, 594, 60408, 315, 2272, 304, 458, 4774, 311, 387, 49405, 323, 16229, 11, 323, 3602, 432, 594, 773, 75839, 315, 68771, 429, 1181, 6853, 315, 420, 65943, 323, 60694, 1101, 3643, 432, 1508, 94732, 323, 30061, 13, 10294, 23361, 3819, 25]",45,45,True,"Bears resemblance to, and shares the weaknesses of, too many recent action-fantasy extravaganzas in which special effects overpower cogent story-telling and visual clarity during the big action sequences.","It's drained of life in an attempt to be sober and educational, and yet it's so devoid of realism that its lack of whistles and bells just makes it obnoxious and stiff.",tigges,True
sst_tigges_pythia_correct_test,415,sst-8997,sst-8964,0,1,"Review Text: It's drained of life in an attempt to be sober and educational, and yet it's so devoid of realism that its lack of whistles and bells just makes it obnoxious and stiff. Review Sentiment:","Review Text: Bears resemblance to, and shares the weaknesses of, too many recent action-fantasy extravaganzas in which special effects overpower cogent story-telling and visual clarity during the big action sequences. Review Sentiment:","""Review Text: It's drained of life in an attempt to be sober and educational, and yet it's so devoid of realism that its lack of whistles and bells just makes it obnoxious and stiff. Review Sentiment:""","'Review Text: Bears resemblance to, and shares the weaknesses of, too many recent action-fantasy extravaganzas in which special effects overpower cogent story-telling and visual clarity during the big action sequences. Review Sentiment:'",52657669657720546578743a204974277320647261696e6564206f66206c69666520696e20616e20617474656d707420746f20626520736f62657220616e6420656475636174696f6e616c2c20616e6420796574206974277320736f206465766f6964206f66207265616c69736d207468617420697473206c61636b206f662077686973746c657320616e642062656c6c73206a757374206d616b6573206974206f626e6f78696f757320616e642073746966662e205265766965772053656e74696d656e743a,52657669657720546578743a20426561727320726573656d626c616e636520746f2c20616e642073686172657320746865207765616b6e6573736573206f662c20746f6f206d616e7920726563656e7420616374696f6e2d66616e74617379206578747261766167616e7a617320696e207768696368207370656369616c2065666665637473206f766572706f77657220636f67656e742073746f72792d74656c6c696e6720616e642076697375616c20636c617269747920647572696e67207468652062696720616374696f6e2073657175656e6365732e205265766965772053656e74696d656e743a,26076b7765549b4e4a37778745c6a827ac461e3f4f93d6e98be4c15843863887,03d316358f0c7f422a04fd8a074ab630403b0159a95111808db0058b8d86e63a,"[19432, 2918, 25, 1084, 594, 60408, 315, 2272, 304, 458, 4774, 311, 387, 49405, 323, 16229, 11, 323, 3602, 432, 594, 773, 75839, 315, 68771, 429, 1181, 6853, 315, 420, 65943, 323, 60694, 1101, 3643, 432, 1508, 94732, 323, 30061, 13, 10294, 23361, 3819, 25]","[19432, 2918, 25, 35968, 68900, 311, 11, 323, 13248, 279, 43567, 315, 11, 2238, 1657, 3213, 1917, 2220, 96937, 73064, 12070, 300, 304, 892, 3281, 6239, 97787, 61566, 306, 3364, 2385, 6293, 323, 9124, 31273, 2337, 279, 2409, 1917, 23700, 13, 10294, 23361, 3819, 25]",45,45,True,"It's drained of life in an attempt to be sober and educational, and yet it's so devoid of realism that its lack of whistles and bells just makes it obnoxious and stiff.","Bears resemblance to, and shares the weaknesses of, too many recent action-fantasy extravaganzas in which special effects overpower cogent story-telling and visual clarity during the big action sequences.",tigges,True
sst_tigges_pythia_correct_test,416,sst-1098,sst-8593,1,0,Review Text: A cockamamie tone poem pitched precipitously between swoony lyricism and violent catastrophe... the most aggressively nerve-wracking and screamingly neurotic romantic comedy in cinema history. Review Sentiment:,"Review Text: The overall feel of the film is pretty cheesy, but there's still a real sense that the Star Trek tradition has been honored as best it can, given the embarrassing script and weak direction. Review Sentiment:",'Review Text: A cockamamie tone poem pitched precipitously between swoony lyricism and violent catastrophe... the most aggressively nerve-wracking and screamingly neurotic romantic comedy in cinema history. Review Sentiment:',"""Review Text: The overall feel of the film is pretty cheesy, but there's still a real sense that the Star Trek tradition has been honored as best it can, given the embarrassing script and weak direction. Review Sentiment:""",52657669657720546578743a204120636f636b616d616d696520746f6e6520706f656d20706974636865642070726563697069746f75736c79206265747765656e2073776f6f6e79206c7972696369736d20616e642076696f6c656e7420636174617374726f7068652e2e2e20746865206d6f737420616767726573736976656c79206e657276652d777261636b696e6720616e642073637265616d696e676c79206e6575726f74696320726f6d616e74696320636f6d65647920696e2063696e656d6120686973746f72792e205265766965772053656e74696d656e743a,52657669657720546578743a20546865206f766572616c6c206665656c206f66207468652066696c6d20697320707265747479206368656573792c206275742074686572652773207374696c6c2061207265616c2073656e73652074686174207468652053746172205472656b20747261646974696f6e20686173206265656e20686f6e6f72656420617320626573742069742063616e2c20676976656e2074686520656d62617272617373696e672073637269707420616e64207765616b20646972656374696f6e2e205265766965772053656e74696d656e743a,cc6cb7defa818fd516b7dc3dc8d5bb454e302938cd17b75c8da1671923f68d41,9caef32678411e7f403760291a88cf896af76eee0a51bd5c1427452b326fd6c9,"[19432, 2918, 25, 362, 11272, 309, 309, 645, 16232, 32794, 48998, 35741, 275, 7017, 1948, 33127, 3549, 68335, 2142, 323, 16401, 64296, 1112, 279, 1429, 48039, 30915, 2630, 81, 8985, 323, 34001, 398, 17773, 28050, 23467, 22358, 304, 33192, 3840, 13, 10294, 23361, 3819, 25]","[19432, 2918, 25, 576, 8084, 2666, 315, 279, 4531, 374, 5020, 86747, 11, 714, 1052, 594, 2058, 264, 1931, 5530, 429, 279, 7679, 30471, 13815, 702, 1012, 38277, 438, 1850, 432, 646, 11, 2661, 279, 44005, 5316, 323, 7469, 5106, 13, 10294, 23361, 3819, 25]",45,45,True,A cockamamie tone poem pitched precipitously between swoony lyricism and violent catastrophe... the most aggressively nerve-wracking and screamingly neurotic romantic comedy in cinema history.,"The overall feel of the film is pretty cheesy, but there's still a real sense that the Star Trek tradition has been honored as best it can, given the embarrassing script and weak direction.",tigges,True
sst_tigges_pythia_correct_test,417,sst-8593,sst-1098,0,1,"Review Text: The overall feel of the film is pretty cheesy, but there's still a real sense that the Star Trek tradition has been honored as best it can, given the embarrassing script and weak direction. Review Sentiment:",Review Text: A cockamamie tone poem pitched precipitously between swoony lyricism and violent catastrophe... the most aggressively nerve-wracking and screamingly neurotic romantic comedy in cinema history. Review Sentiment:,"""Review Text: The overall feel of the film is pretty cheesy, but there's still a real sense that the Star Trek tradition has been honored as best it can, given the embarrassing script and weak direction. Review Sentiment:""",'Review Text: A cockamamie tone poem pitched precipitously between swoony lyricism and violent catastrophe... the most aggressively nerve-wracking and screamingly neurotic romantic comedy in cinema history. Review Sentiment:',52657669657720546578743a20546865206f766572616c6c206665656c206f66207468652066696c6d20697320707265747479206368656573792c206275742074686572652773207374696c6c2061207265616c2073656e73652074686174207468652053746172205472656b20747261646974696f6e20686173206265656e20686f6e6f72656420617320626573742069742063616e2c20676976656e2074686520656d62617272617373696e672073637269707420616e64207765616b20646972656374696f6e2e205265766965772053656e74696d656e743a,52657669657720546578743a204120636f636b616d616d696520746f6e6520706f656d20706974636865642070726563697069746f75736c79206265747765656e2073776f6f6e79206c7972696369736d20616e642076696f6c656e7420636174617374726f7068652e2e2e20746865206d6f737420616767726573736976656c79206e657276652d777261636b696e6720616e642073637265616d696e676c79206e6575726f74696320726f6d616e74696320636f6d65647920696e2063696e656d6120686973746f72792e205265766965772053656e74696d656e743a,9caef32678411e7f403760291a88cf896af76eee0a51bd5c1427452b326fd6c9,cc6cb7defa818fd516b7dc3dc8d5bb454e302938cd17b75c8da1671923f68d41,"[19432, 2918, 25, 576, 8084, 2666, 315, 279, 4531, 374, 5020, 86747, 11, 714, 1052, 594, 2058, 264, 1931, 5530, 429, 279, 7679, 30471, 13815, 702, 1012, 38277, 438, 1850, 432, 646, 11, 2661, 279, 44005, 5316, 323, 7469, 5106, 13, 10294, 23361, 3819, 25]","[19432, 2918, 25, 362, 11272, 309, 309, 645, 16232, 32794, 48998, 35741, 275, 7017, 1948, 33127, 3549, 68335, 2142, 323, 16401, 64296, 1112, 279, 1429, 48039, 30915, 2630, 81, 8985, 323, 34001, 398, 17773, 28050, 23467, 22358, 304, 33192, 3840, 13, 10294, 23361, 3819, 25]",45,45,True,"The overall feel of the film is pretty cheesy, but there's still a real sense that the Star Trek tradition has been honored as best it can, given the embarrassing script and weak direction.",A cockamamie tone poem pitched precipitously between swoony lyricism and violent catastrophe... the most aggressively nerve-wracking and screamingly neurotic romantic comedy in cinema history.,tigges,True
sst_tigges_pythia_correct_test,418,sst-123,sst-8539,1,0,"Review Text: This may not have the dramatic gut-wrenching impact of other Holocaust films, but it's a compelling story, mainly because of the way it's told by the people who were there. Review Sentiment:","Review Text: I saw Knockaround Guys yesterday, and already the details have faded like photographs from the Spanish-American War... It's so unmemorable that it turned my ballpoint notes to invisible ink. Review Sentiment:","""Review Text: This may not have the dramatic gut-wrenching impact of other Holocaust films, but it's a compelling story, mainly because of the way it's told by the people who were there. Review Sentiment:""","""Review Text: I saw Knockaround Guys yesterday, and already the details have faded like photographs from the Spanish-American War... It's so unmemorable that it turned my ballpoint notes to invisible ink. Review Sentiment:""",52657669657720546578743a2054686973206d6179206e6f74206861766520746865206472616d61746963206775742d7772656e6368696e6720696d70616374206f66206f7468657220486f6c6f63617573742066696c6d732c206275742069742773206120636f6d70656c6c696e672073746f72792c206d61696e6c792062656361757365206f662074686520776179206974277320746f6c64206279207468652070656f706c652077686f20776572652074686572652e205265766965772053656e74696d656e743a,52657669657720546578743a204920736177204b6e6f636b61726f756e642047757973207965737465726461792c20616e6420616c7265616479207468652064657461696c732068617665206661646564206c696b652070686f746f6772617068732066726f6d20746865205370616e6973682d416d65726963616e205761722e2e2e204974277320736f20756e6d656d6f7261626c652074686174206974207475726e6564206d792062616c6c706f696e74206e6f74657320746f20696e76697369626c6520696e6b2e205265766965772053656e74696d656e743a,74fad568d1bb09766f156edbeb745d1a54d46abfd3d348dad1e0907c58f23c54,c67c7e261efcbcfacf0f9aa7f707dbbdb961a9714b71e2c8dbc34f3e18cc2e89,"[19432, 2918, 25, 1096, 1231, 537, 614, 279, 21771, 17859, 2630, 6655, 287, 5421, 315, 1008, 43098, 12351, 11, 714, 432, 594, 264, 28622, 3364, 11, 14576, 1576, 315, 279, 1616, 432, 594, 3229, 553, 279, 1251, 879, 1033, 1052, 13, 10294, 23361, 3819, 25]","[19432, 2918, 25, 358, 5485, 63794, 19454, 50200, 13671, 11, 323, 2669, 279, 3565, 614, 53334, 1075, 24248, 504, 279, 15154, 23264, 5004, 1112, 1084, 594, 773, 650, 10536, 24715, 429, 432, 6519, 847, 4935, 2768, 8388, 311, 29447, 26415, 13, 10294, 23361, 3819, 25]",45,45,True,"This may not have the dramatic gut-wrenching impact of other Holocaust films, but it's a compelling story, mainly because of the way it's told by the people who were there.","I saw Knockaround Guys yesterday, and already the details have faded like photographs from the Spanish-American War... It's so unmemorable that it turned my ballpoint notes to invisible ink.",tigges,True
sst_tigges_pythia_correct_test,419,sst-8539,sst-123,0,1,"Review Text: I saw Knockaround Guys yesterday, and already the details have faded like photographs from the Spanish-American War... It's so unmemorable that it turned my ballpoint notes to invisible ink. Review Sentiment:","Review Text: This may not have the dramatic gut-wrenching impact of other Holocaust films, but it's a compelling story, mainly because of the way it's told by the people who were there. Review Sentiment:","""Review Text: I saw Knockaround Guys yesterday, and already the details have faded like photographs from the Spanish-American War... It's so unmemorable that it turned my ballpoint notes to invisible ink. Review Sentiment:""","""Review Text: This may not have the dramatic gut-wrenching impact of other Holocaust films, but it's a compelling story, mainly because of the way it's told by the people who were there. Review Sentiment:""",52657669657720546578743a204920736177204b6e6f636b61726f756e642047757973207965737465726461792c20616e6420616c7265616479207468652064657461696c732068617665206661646564206c696b652070686f746f6772617068732066726f6d20746865205370616e6973682d416d65726963616e205761722e2e2e204974277320736f20756e6d656d6f7261626c652074686174206974207475726e6564206d792062616c6c706f696e74206e6f74657320746f20696e76697369626c6520696e6b2e205265766965772053656e74696d656e743a,52657669657720546578743a2054686973206d6179206e6f74206861766520746865206472616d61746963206775742d7772656e6368696e6720696d70616374206f66206f7468657220486f6c6f63617573742066696c6d732c206275742069742773206120636f6d70656c6c696e672073746f72792c206d61696e6c792062656361757365206f662074686520776179206974277320746f6c64206279207468652070656f706c652077686f20776572652074686572652e205265766965772053656e74696d656e743a,c67c7e261efcbcfacf0f9aa7f707dbbdb961a9714b71e2c8dbc34f3e18cc2e89,74fad568d1bb09766f156edbeb745d1a54d46abfd3d348dad1e0907c58f23c54,"[19432, 2918, 25, 358, 5485, 63794, 19454, 50200, 13671, 11, 323, 2669, 279, 3565, 614, 53334, 1075, 24248, 504, 279, 15154, 23264, 5004, 1112, 1084, 594, 773, 650, 10536, 24715, 429, 432, 6519, 847, 4935, 2768, 8388, 311, 29447, 26415, 13, 10294, 23361, 3819, 25]","[19432, 2918, 25, 1096, 1231, 537, 614, 279, 21771, 17859, 2630, 6655, 287, 5421, 315, 1008, 43098, 12351, 11, 714, 432, 594, 264, 28622, 3364, 11, 14576, 1576, 315, 279, 1616, 432, 594, 3229, 553, 279, 1251, 879, 1033, 1052, 13, 10294, 23361, 3819, 25]",45,45,True,"I saw Knockaround Guys yesterday, and already the details have faded like photographs from the Spanish-American War... It's so unmemorable that it turned my ballpoint notes to invisible ink.","This may not have the dramatic gut-wrenching impact of other Holocaust films, but it's a compelling story, mainly because of the way it's told by the people who were there.",tigges,True
sst_tigges_pythia_correct_test,420,sst-908,sst-8884,1,0,"Review Text: Its direction, its script, and Weaver's performance as a vaguely discontented woman of substance make for a mildly entertaining 77 minutes, if that's what you're in the mood for. Review Sentiment:","Review Text: A morality tale whose thought-provoking potential is hampered by a made-for-TV look, rigid performances and an asinine ` twist' that brazenly rips off The Sixth Sense. Review Sentiment:","""Review Text: Its direction, its script, and Weaver's performance as a vaguely discontented woman of substance make for a mildly entertaining 77 minutes, if that's what you're in the mood for. Review Sentiment:""","""Review Text: A morality tale whose thought-provoking potential is hampered by a made-for-TV look, rigid performances and an asinine ` twist' that brazenly rips off The Sixth Sense. Review Sentiment:""",52657669657720546578743a2049747320646972656374696f6e2c20697473207363726970742c20616e6420576561766572277320706572666f726d616e636520617320612076616775656c7920646973636f6e74656e74656420776f6d616e206f66207375627374616e6365206d616b6520666f722061206d696c646c7920656e7465727461696e696e67203737206d696e757465732c20696620746861742773207768617420796f7527726520696e20746865206d6f6f6420666f722e205265766965772053656e74696d656e743a,52657669657720546578743a2041206d6f72616c6974792074616c652077686f73652074686f756768742d70726f766f6b696e6720706f74656e7469616c2069732068616d70657265642062792061206d6164652d666f722d5456206c6f6f6b2c20726967696420706572666f726d616e63657320616e6420616e206173696e696e652060207477697374272074686174206272617a656e6c792072697073206f6666205468652053697874682053656e73652e205265766965772053656e74696d656e743a,470c44a99858d1650b8e99bd387f4ab21aa79505aade0c471ad1236be6132a85,437a9f4b96a268db4cdc78082eff1650c783078d3ce58bb9d3963ec71399e208,"[19432, 2918, 25, 11445, 5106, 11, 1181, 5316, 11, 323, 66272, 594, 5068, 438, 264, 71959, 90122, 291, 5220, 315, 19699, 1281, 369, 264, 75849, 29211, 220, 22, 22, 4420, 11, 421, 429, 594, 1128, 498, 2299, 304, 279, 19671, 369, 13, 10294, 23361, 3819, 25]","[19432, 2918, 25, 362, 44551, 23281, 6693, 3381, 9838, 85, 10746, 4650, 374, 13515, 42768, 553, 264, 1865, 15193, 52292, 1401, 11, 32856, 23675, 323, 458, 438, 82234, 1565, 26646, 6, 429, 20112, 5679, 398, 435, 3077, 1007, 576, 66977, 46229, 13, 10294, 23361, 3819, 25]",46,46,True,"Its direction, its script, and Weaver's performance as a vaguely discontented woman of substance make for a mildly entertaining 77 minutes, if that's what you're in the mood for.","A morality tale whose thought-provoking potential is hampered by a made-for-TV look, rigid performances and an asinine ` twist' that brazenly rips off The Sixth Sense.",tigges,True
sst_tigges_pythia_correct_test,421,sst-8884,sst-908,0,1,"Review Text: A morality tale whose thought-provoking potential is hampered by a made-for-TV look, rigid performances and an asinine ` twist' that brazenly rips off The Sixth Sense. Review Sentiment:","Review Text: Its direction, its script, and Weaver's performance as a vaguely discontented woman of substance make for a mildly entertaining 77 minutes, if that's what you're in the mood for. Review Sentiment:","""Review Text: A morality tale whose thought-provoking potential is hampered by a made-for-TV look, rigid performances and an asinine ` twist' that brazenly rips off The Sixth Sense. Review Sentiment:""","""Review Text: Its direction, its script, and Weaver's performance as a vaguely discontented woman of substance make for a mildly entertaining 77 minutes, if that's what you're in the mood for. Review Sentiment:""",52657669657720546578743a2041206d6f72616c6974792074616c652077686f73652074686f756768742d70726f766f6b696e6720706f74656e7469616c2069732068616d70657265642062792061206d6164652d666f722d5456206c6f6f6b2c20726967696420706572666f726d616e63657320616e6420616e206173696e696e652060207477697374272074686174206272617a656e6c792072697073206f6666205468652053697874682053656e73652e205265766965772053656e74696d656e743a,52657669657720546578743a2049747320646972656374696f6e2c20697473207363726970742c20616e6420576561766572277320706572666f726d616e636520617320612076616775656c7920646973636f6e74656e74656420776f6d616e206f66207375627374616e6365206d616b6520666f722061206d696c646c7920656e7465727461696e696e67203737206d696e757465732c20696620746861742773207768617420796f7527726520696e20746865206d6f6f6420666f722e205265766965772053656e74696d656e743a,437a9f4b96a268db4cdc78082eff1650c783078d3ce58bb9d3963ec71399e208,470c44a99858d1650b8e99bd387f4ab21aa79505aade0c471ad1236be6132a85,"[19432, 2918, 25, 362, 44551, 23281, 6693, 3381, 9838, 85, 10746, 4650, 374, 13515, 42768, 553, 264, 1865, 15193, 52292, 1401, 11, 32856, 23675, 323, 458, 438, 82234, 1565, 26646, 6, 429, 20112, 5679, 398, 435, 3077, 1007, 576, 66977, 46229, 13, 10294, 23361, 3819, 25]","[19432, 2918, 25, 11445, 5106, 11, 1181, 5316, 11, 323, 66272, 594, 5068, 438, 264, 71959, 90122, 291, 5220, 315, 19699, 1281, 369, 264, 75849, 29211, 220, 22, 22, 4420, 11, 421, 429, 594, 1128, 498, 2299, 304, 279, 19671, 369, 13, 10294, 23361, 3819, 25]",46,46,True,"A morality tale whose thought-provoking potential is hampered by a made-for-TV look, rigid performances and an asinine ` twist' that brazenly rips off The Sixth Sense.","Its direction, its script, and Weaver's performance as a vaguely discontented woman of substance make for a mildly entertaining 77 minutes, if that's what you're in the mood for.",tigges,True
sst_tigges_pythia_correct_test,422,sst-292,sst-8182,1,0,"Review Text: Parker holds true to Wilde's own vision of a pure comedy with absolutely no meaning, and no desire to be anything but a polished, sophisticated entertainment that is in love with its own cleverness. Review Sentiment:","Review Text: There is not a character in the movie with a shred of plausibility, not an event that is believable, not a confrontation that is not staged, not a moment that is not false. Review Sentiment:","""Review Text: Parker holds true to Wilde's own vision of a pure comedy with absolutely no meaning, and no desire to be anything but a polished, sophisticated entertainment that is in love with its own cleverness. Review Sentiment:""","'Review Text: There is not a character in the movie with a shred of plausibility, not an event that is believable, not a confrontation that is not staged, not a moment that is not false. Review Sentiment:'",52657669657720546578743a205061726b657220686f6c6473207472756520746f2057696c64652773206f776e20766973696f6e206f662061207075726520636f6d6564792077697468206162736f6c7574656c79206e6f206d65616e696e672c20616e64206e6f2064657369726520746f20626520616e797468696e6720627574206120706f6c69736865642c20736f706869737469636174656420656e7465727461696e6d656e74207468617420697320696e206c6f7665207769746820697473206f776e20636c657665726e6573732e205265766965772053656e74696d656e743a,52657669657720546578743a205468657265206973206e6f7420612063686172616374657220696e20746865206d6f76696520776974682061207368726564206f6620706c6175736962696c6974792c206e6f7420616e206576656e7420746861742069732062656c69657661626c652c206e6f74206120636f6e66726f6e746174696f6e2074686174206973206e6f74207374616765642c206e6f742061206d6f6d656e742074686174206973206e6f742066616c73652e205265766965772053656e74696d656e743a,28084cdbff2fdb80a475c1b5baf14f89cb93a573b8c3b44998f94b6485e62955,f41d11c11dba91105e0035bf17375105e4c819bce128c90266fb02452700ff38,"[19432, 2918, 25, 28206, 9982, 830, 311, 88923, 594, 1828, 11129, 315, 264, 10526, 22358, 448, 10875, 902, 7290, 11, 323, 902, 12591, 311, 387, 4113, 714, 264, 43361, 11, 26779, 16517, 429, 374, 304, 2948, 448, 1181, 1828, 27699, 2090, 13, 10294, 23361, 3819, 25]","[19432, 2918, 25, 2619, 374, 537, 264, 3668, 304, 279, 5700, 448, 264, 97762, 315, 625, 11855, 3147, 11, 537, 458, 1538, 429, 374, 91395, 11, 537, 264, 47753, 429, 374, 537, 50057, 11, 537, 264, 4445, 429, 374, 537, 895, 13, 10294, 23361, 3819, 25]",46,46,True,"Parker holds true to Wilde's own vision of a pure comedy with absolutely no meaning, and no desire to be anything but a polished, sophisticated entertainment that is in love with its own cleverness.","There is not a character in the movie with a shred of plausibility, not an event that is believable, not a confrontation that is not staged, not a moment that is not false.",tigges,True
sst_tigges_pythia_correct_test,423,sst-8182,sst-292,0,1,"Review Text: There is not a character in the movie with a shred of plausibility, not an event that is believable, not a confrontation that is not staged, not a moment that is not false. Review Sentiment:","Review Text: Parker holds true to Wilde's own vision of a pure comedy with absolutely no meaning, and no desire to be anything but a polished, sophisticated entertainment that is in love with its own cleverness. Review Sentiment:","'Review Text: There is not a character in the movie with a shred of plausibility, not an event that is believable, not a confrontation that is not staged, not a moment that is not false. Review Sentiment:'","""Review Text: Parker holds true to Wilde's own vision of a pure comedy with absolutely no meaning, and no desire to be anything but a polished, sophisticated entertainment that is in love with its own cleverness. Review Sentiment:""",52657669657720546578743a205468657265206973206e6f7420612063686172616374657220696e20746865206d6f76696520776974682061207368726564206f6620706c6175736962696c6974792c206e6f7420616e206576656e7420746861742069732062656c69657661626c652c206e6f74206120636f6e66726f6e746174696f6e2074686174206973206e6f74207374616765642c206e6f742061206d6f6d656e742074686174206973206e6f742066616c73652e205265766965772053656e74696d656e743a,52657669657720546578743a205061726b657220686f6c6473207472756520746f2057696c64652773206f776e20766973696f6e206f662061207075726520636f6d6564792077697468206162736f6c7574656c79206e6f206d65616e696e672c20616e64206e6f2064657369726520746f20626520616e797468696e6720627574206120706f6c69736865642c20736f706869737469636174656420656e7465727461696e6d656e74207468617420697320696e206c6f7665207769746820697473206f776e20636c657665726e6573732e205265766965772053656e74696d656e743a,f41d11c11dba91105e0035bf17375105e4c819bce128c90266fb02452700ff38,28084cdbff2fdb80a475c1b5baf14f89cb93a573b8c3b44998f94b6485e62955,"[19432, 2918, 25, 2619, 374, 537, 264, 3668, 304, 279, 5700, 448, 264, 97762, 315, 625, 11855, 3147, 11, 537, 458, 1538, 429, 374, 91395, 11, 537, 264, 47753, 429, 374, 537, 50057, 11, 537, 264, 4445, 429, 374, 537, 895, 13, 10294, 23361, 3819, 25]","[19432, 2918, 25, 28206, 9982, 830, 311, 88923, 594, 1828, 11129, 315, 264, 10526, 22358, 448, 10875, 902, 7290, 11, 323, 902, 12591, 311, 387, 4113, 714, 264, 43361, 11, 26779, 16517, 429, 374, 304, 2948, 448, 1181, 1828, 27699, 2090, 13, 10294, 23361, 3819, 25]",46,46,True,"There is not a character in the movie with a shred of plausibility, not an event that is believable, not a confrontation that is not staged, not a moment that is not false.","Parker holds true to Wilde's own vision of a pure comedy with absolutely no meaning, and no desire to be anything but a polished, sophisticated entertainment that is in love with its own cleverness.",tigges,True
sst_tigges_pythia_correct_test,424,sst-389,sst-8193,1,0,"Review Text: Though of particular interest to students and enthusiast of international dance and world music, the film is designed to make viewers of all ages, cultural backgrounds and rhythmic ability want to get up and dance. Review Sentiment:","Review Text: The premise is in extremely bad taste, and the film's supposed insights are so poorly thought-out and substance-free that even a high school senior taking his or her first psychology class could dismiss them. Review Sentiment:","'Review Text: Though of particular interest to students and enthusiast of international dance and world music, the film is designed to make viewers of all ages, cultural backgrounds and rhythmic ability want to get up and dance. Review Sentiment:'","""Review Text: The premise is in extremely bad taste, and the film's supposed insights are so poorly thought-out and substance-free that even a high school senior taking his or her first psychology class could dismiss them. Review Sentiment:""",52657669657720546578743a2054686f756768206f6620706172746963756c617220696e74657265737420746f2073747564656e747320616e6420656e7468757369617374206f6620696e7465726e6174696f6e616c2064616e636520616e6420776f726c64206d757369632c207468652066696c6d2069732064657369676e656420746f206d616b652076696577657273206f6620616c6c20616765732c2063756c747572616c206261636b67726f756e647320616e642072687974686d6963206162696c6974792077616e7420746f2067657420757020616e642064616e63652e205265766965772053656e74696d656e743a,52657669657720546578743a20546865207072656d69736520697320696e2065787472656d656c79206261642074617374652c20616e64207468652066696c6d277320737570706f73656420696e7369676874732061726520736f20706f6f726c792074686f756768742d6f757420616e64207375627374616e63652d667265652074686174206576656e20612068696768207363686f6f6c2073656e696f722074616b696e6720686973206f72206865722066697273742070737963686f6c6f677920636c61737320636f756c64206469736d697373207468656d2e205265766965772053656e74696d656e743a,eed9e18bf4400770e1e81956cb1655420379733791f1fb78217a9b8dc8fcd4aa,1db25b65e3ca2af1420037a1b72fdcbd9d0aa5ca7e8b15c000a17bec71242681,"[19432, 2918, 25, 17594, 315, 3953, 2734, 311, 4143, 323, 60812, 315, 6489, 15254, 323, 1879, 4627, 11, 279, 4531, 374, 6188, 311, 1281, 21762, 315, 678, 16639, 11, 12752, 35476, 323, 28071, 21220, 5726, 1366, 311, 633, 705, 323, 15254, 13, 10294, 23361, 3819, 25]","[19432, 2918, 25, 576, 40202, 374, 304, 9016, 3873, 12656, 11, 323, 279, 4531, 594, 9966, 25709, 525, 773, 30455, 3381, 9794, 323, 19699, 12577, 429, 1496, 264, 1550, 2906, 9990, 4633, 806, 476, 1059, 1156, 29918, 536, 1410, 13432, 1105, 13, 10294, 23361, 3819, 25]",46,46,True,"Though of particular interest to students and enthusiast of international dance and world music, the film is designed to make viewers of all ages, cultural backgrounds and rhythmic ability want to get up and dance.","The premise is in extremely bad taste, and the film's supposed insights are so poorly thought-out and substance-free that even a high school senior taking his or her first psychology class could dismiss them.",tigges,True
sst_tigges_pythia_correct_test,425,sst-8193,sst-389,0,1,"Review Text: The premise is in extremely bad taste, and the film's supposed insights are so poorly thought-out and substance-free that even a high school senior taking his or her first psychology class could dismiss them. Review Sentiment:","Review Text: Though of particular interest to students and enthusiast of international dance and world music, the film is designed to make viewers of all ages, cultural backgrounds and rhythmic ability want to get up and dance. Review Sentiment:","""Review Text: The premise is in extremely bad taste, and the film's supposed insights are so poorly thought-out and substance-free that even a high school senior taking his or her first psychology class could dismiss them. Review Sentiment:""","'Review Text: Though of particular interest to students and enthusiast of international dance and world music, the film is designed to make viewers of all ages, cultural backgrounds and rhythmic ability want to get up and dance. Review Sentiment:'",52657669657720546578743a20546865207072656d69736520697320696e2065787472656d656c79206261642074617374652c20616e64207468652066696c6d277320737570706f73656420696e7369676874732061726520736f20706f6f726c792074686f756768742d6f757420616e64207375627374616e63652d667265652074686174206576656e20612068696768207363686f6f6c2073656e696f722074616b696e6720686973206f72206865722066697273742070737963686f6c6f677920636c61737320636f756c64206469736d697373207468656d2e205265766965772053656e74696d656e743a,52657669657720546578743a2054686f756768206f6620706172746963756c617220696e74657265737420746f2073747564656e747320616e6420656e7468757369617374206f6620696e7465726e6174696f6e616c2064616e636520616e6420776f726c64206d757369632c207468652066696c6d2069732064657369676e656420746f206d616b652076696577657273206f6620616c6c20616765732c2063756c747572616c206261636b67726f756e647320616e642072687974686d6963206162696c6974792077616e7420746f2067657420757020616e642064616e63652e205265766965772053656e74696d656e743a,1db25b65e3ca2af1420037a1b72fdcbd9d0aa5ca7e8b15c000a17bec71242681,eed9e18bf4400770e1e81956cb1655420379733791f1fb78217a9b8dc8fcd4aa,"[19432, 2918, 25, 576, 40202, 374, 304, 9016, 3873, 12656, 11, 323, 279, 4531, 594, 9966, 25709, 525, 773, 30455, 3381, 9794, 323, 19699, 12577, 429, 1496, 264, 1550, 2906, 9990, 4633, 806, 476, 1059, 1156, 29918, 536, 1410, 13432, 1105, 13, 10294, 23361, 3819, 25]","[19432, 2918, 25, 17594, 315, 3953, 2734, 311, 4143, 323, 60812, 315, 6489, 15254, 323, 1879, 4627, 11, 279, 4531, 374, 6188, 311, 1281, 21762, 315, 678, 16639, 11, 12752, 35476, 323, 28071, 21220, 5726, 1366, 311, 633, 705, 323, 15254, 13, 10294, 23361, 3819, 25]",46,46,True,"The premise is in extremely bad taste, and the film's supposed insights are so poorly thought-out and substance-free that even a high school senior taking his or her first psychology class could dismiss them.","Though of particular interest to students and enthusiast of international dance and world music, the film is designed to make viewers of all ages, cultural backgrounds and rhythmic ability want to get up and dance.",tigges,True
sst_tigges_pythia_correct_test,426,sst-23,sst-8754,1,0,"Review Text: With a cast that includes some of the top actors working in independent film, Lovely & Amazing involves us because it is so incisive, so bleakly amusing about how we go about our lives. Review Sentiment:","Review Text: Liman, of Swingers and Go, makes his big-budget action film debut something of a clunker as he delivers a long, low-heat chase, interrupted by a middling car chase. Review Sentiment:","'Review Text: With a cast that includes some of the top actors working in independent film, Lovely & Amazing involves us because it is so incisive, so bleakly amusing about how we go about our lives. Review Sentiment:'","'Review Text: Liman, of Swingers and Go, makes his big-budget action film debut something of a clunker as he delivers a long, low-heat chase, interrupted by a middling car chase. Review Sentiment:'",52657669657720546578743a205769746820612063617374207468617420696e636c7564657320736f6d65206f662074686520746f70206163746f727320776f726b696e6720696e20696e646570656e64656e742066696c6d2c204c6f76656c79202620416d617a696e6720696e766f6c766573207573206265636175736520697420697320736f20696e6369736976652c20736f20626c65616b6c7920616d7573696e672061626f757420686f7720776520676f2061626f7574206f7572206c697665732e205265766965772053656e74696d656e743a,52657669657720546578743a204c696d616e2c206f66205377696e6765727320616e6420476f2c206d616b657320686973206269672d62756467657420616374696f6e2066696c6d20646562757420736f6d657468696e67206f66206120636c756e6b65722061732068652064656c69766572732061206c6f6e672c206c6f772d686561742063686173652c20696e7465727275707465642062792061206d6964646c696e67206361722063686173652e205265766965772053656e74696d656e743a,70ed6711daf23428b9319c6ed50afb3cf33053fb6662792378683674e6777ba6,c6797cef4e70fc67d1f33173d7a13150c9fb7e240d63cfd6b3c43312f922d9d3,"[19432, 2918, 25, 3085, 264, 6311, 429, 5646, 1045, 315, 279, 1909, 19571, 3238, 304, 9489, 4531, 11, 64365, 609, 36533, 17601, 601, 1576, 432, 374, 773, 3625, 285, 533, 11, 773, 75267, 398, 59886, 911, 1246, 582, 728, 911, 1039, 6305, 13, 10294, 23361, 3819, 25]","[19432, 2918, 25, 13589, 276, 11, 315, 4492, 14105, 323, 5994, 11, 3643, 806, 2409, 94752, 1917, 4531, 17306, 2494, 315, 264, 1185, 79929, 438, 566, 27321, 264, 1293, 11, 3347, 12, 19963, 32486, 11, 36783, 553, 264, 64603, 2718, 1803, 32486, 13, 10294, 23361, 3819, 25]",47,47,True,"With a cast that includes some of the top actors working in independent film, Lovely & Amazing involves us because it is so incisive, so bleakly amusing about how we go about our lives.","Liman, of Swingers and Go, makes his big-budget action film debut something of a clunker as he delivers a long, low-heat chase, interrupted by a middling car chase.",tigges,True
sst_tigges_pythia_correct_test,427,sst-8754,sst-23,0,1,"Review Text: Liman, of Swingers and Go, makes his big-budget action film debut something of a clunker as he delivers a long, low-heat chase, interrupted by a middling car chase. Review Sentiment:","Review Text: With a cast that includes some of the top actors working in independent film, Lovely & Amazing involves us because it is so incisive, so bleakly amusing about how we go about our lives. Review Sentiment:","'Review Text: Liman, of Swingers and Go, makes his big-budget action film debut something of a clunker as he delivers a long, low-heat chase, interrupted by a middling car chase. Review Sentiment:'","'Review Text: With a cast that includes some of the top actors working in independent film, Lovely & Amazing involves us because it is so incisive, so bleakly amusing about how we go about our lives. Review Sentiment:'",52657669657720546578743a204c696d616e2c206f66205377696e6765727320616e6420476f2c206d616b657320686973206269672d62756467657420616374696f6e2066696c6d20646562757420736f6d657468696e67206f66206120636c756e6b65722061732068652064656c69766572732061206c6f6e672c206c6f772d686561742063686173652c20696e7465727275707465642062792061206d6964646c696e67206361722063686173652e205265766965772053656e74696d656e743a,52657669657720546578743a205769746820612063617374207468617420696e636c7564657320736f6d65206f662074686520746f70206163746f727320776f726b696e6720696e20696e646570656e64656e742066696c6d2c204c6f76656c79202620416d617a696e6720696e766f6c766573207573206265636175736520697420697320736f20696e6369736976652c20736f20626c65616b6c7920616d7573696e672061626f757420686f7720776520676f2061626f7574206f7572206c697665732e205265766965772053656e74696d656e743a,c6797cef4e70fc67d1f33173d7a13150c9fb7e240d63cfd6b3c43312f922d9d3,70ed6711daf23428b9319c6ed50afb3cf33053fb6662792378683674e6777ba6,"[19432, 2918, 25, 13589, 276, 11, 315, 4492, 14105, 323, 5994, 11, 3643, 806, 2409, 94752, 1917, 4531, 17306, 2494, 315, 264, 1185, 79929, 438, 566, 27321, 264, 1293, 11, 3347, 12, 19963, 32486, 11, 36783, 553, 264, 64603, 2718, 1803, 32486, 13, 10294, 23361, 3819, 25]","[19432, 2918, 25, 3085, 264, 6311, 429, 5646, 1045, 315, 279, 1909, 19571, 3238, 304, 9489, 4531, 11, 64365, 609, 36533, 17601, 601, 1576, 432, 374, 773, 3625, 285, 533, 11, 773, 75267, 398, 59886, 911, 1246, 582, 728, 911, 1039, 6305, 13, 10294, 23361, 3819, 25]",47,47,True,"Liman, of Swingers and Go, makes his big-budget action film debut something of a clunker as he delivers a long, low-heat chase, interrupted by a middling car chase.","With a cast that includes some of the top actors working in independent film, Lovely & Amazing involves us because it is so incisive, so bleakly amusing about how we go about our lives.",tigges,True
sst_tigges_pythia_correct_test,428,sst-513,sst-8115,1,0,"Review Text: Although very much like the first movie based on J.K. Rowling's phenomenal fantasy best sellers, this second go-round possesses a quite pleasing, headlong thrust and a likably delinquent attitude. Review Sentiment:","Review Text: The filmmakers juggle and juxtapose three story lines but fail to come up with one cogent point, unless it's that life stinks, especially for sensitive married women who really love other women. Review Sentiment:","""Review Text: Although very much like the first movie based on J.K. Rowling's phenomenal fantasy best sellers, this second go-round possesses a quite pleasing, headlong thrust and a likably delinquent attitude. Review Sentiment:""","""Review Text: The filmmakers juggle and juxtapose three story lines but fail to come up with one cogent point, unless it's that life stinks, especially for sensitive married women who really love other women. Review Sentiment:""",52657669657720546578743a20416c74686f7567682076657279206d756368206c696b6520746865206669727374206d6f766965206261736564206f6e204a2e4b2e20526f776c696e672773207068656e6f6d656e616c2066616e7461737920626573742073656c6c6572732c2074686973207365636f6e6420676f2d726f756e6420706f73736573736573206120717569746520706c656173696e672c20686561646c6f6e672074687275737420616e642061206c696b61626c792064656c696e7175656e742061747469747564652e205265766965772053656e74696d656e743a,52657669657720546578743a205468652066696c6d6d616b657273206a7567676c6520616e64206a75787461706f73652074687265652073746f7279206c696e657320627574206661696c20746f20636f6d652075702077697468206f6e6520636f67656e7420706f696e742c20756e6c65737320697427732074686174206c696665207374696e6b732c20657370656369616c6c7920666f722073656e736974697665206d61727269656420776f6d656e2077686f207265616c6c79206c6f7665206f7468657220776f6d656e2e205265766965772053656e74696d656e743a,cc21c0faf68880d158d8ea95ae6bef6616fb19391e9a93cc46de34114c5b43be,e1855cc0ceae93a8c611607faefc4309e1bffa83f4be7bf776cabfbef329e7ee,"[19432, 2918, 25, 10328, 1602, 1753, 1075, 279, 1156, 5700, 3118, 389, 619, 11352, 13, 95507, 594, 56392, 18378, 1850, 36149, 11, 419, 2086, 728, 21015, 49226, 264, 5008, 53699, 11, 1968, 4825, 29885, 323, 264, 3130, 2845, 1594, 258, 16769, 18915, 13, 10294, 23361, 3819, 25]","[19432, 2918, 25, 576, 62103, 502, 49328, 323, 97853, 960, 2326, 3364, 5128, 714, 3690, 311, 2525, 705, 448, 825, 61566, 306, 1459, 11, 7241, 432, 594, 429, 2272, 357, 15504, 11, 5310, 369, 16216, 12224, 3198, 879, 2167, 2948, 1008, 3198, 13, 10294, 23361, 3819, 25]",47,47,True,"Although very much like the first movie based on J.K. Rowling's phenomenal fantasy best sellers, this second go-round possesses a quite pleasing, headlong thrust and a likably delinquent attitude.","The filmmakers juggle and juxtapose three story lines but fail to come up with one cogent point, unless it's that life stinks, especially for sensitive married women who really love other women.",tigges,True
sst_tigges_pythia_correct_test,429,sst-8115,sst-513,0,1,"Review Text: The filmmakers juggle and juxtapose three story lines but fail to come up with one cogent point, unless it's that life stinks, especially for sensitive married women who really love other women. Review Sentiment:","Review Text: Although very much like the first movie based on J.K. Rowling's phenomenal fantasy best sellers, this second go-round possesses a quite pleasing, headlong thrust and a likably delinquent attitude. Review Sentiment:","""Review Text: The filmmakers juggle and juxtapose three story lines but fail to come up with one cogent point, unless it's that life stinks, especially for sensitive married women who really love other women. Review Sentiment:""","""Review Text: Although very much like the first movie based on J.K. Rowling's phenomenal fantasy best sellers, this second go-round possesses a quite pleasing, headlong thrust and a likably delinquent attitude. Review Sentiment:""",52657669657720546578743a205468652066696c6d6d616b657273206a7567676c6520616e64206a75787461706f73652074687265652073746f7279206c696e657320627574206661696c20746f20636f6d652075702077697468206f6e6520636f67656e7420706f696e742c20756e6c65737320697427732074686174206c696665207374696e6b732c20657370656369616c6c7920666f722073656e736974697665206d61727269656420776f6d656e2077686f207265616c6c79206c6f7665206f7468657220776f6d656e2e205265766965772053656e74696d656e743a,52657669657720546578743a20416c74686f7567682076657279206d756368206c696b6520746865206669727374206d6f766965206261736564206f6e204a2e4b2e20526f776c696e672773207068656e6f6d656e616c2066616e7461737920626573742073656c6c6572732c2074686973207365636f6e6420676f2d726f756e6420706f73736573736573206120717569746520706c656173696e672c20686561646c6f6e672074687275737420616e642061206c696b61626c792064656c696e7175656e742061747469747564652e205265766965772053656e74696d656e743a,e1855cc0ceae93a8c611607faefc4309e1bffa83f4be7bf776cabfbef329e7ee,cc21c0faf68880d158d8ea95ae6bef6616fb19391e9a93cc46de34114c5b43be,"[19432, 2918, 25, 576, 62103, 502, 49328, 323, 97853, 960, 2326, 3364, 5128, 714, 3690, 311, 2525, 705, 448, 825, 61566, 306, 1459, 11, 7241, 432, 594, 429, 2272, 357, 15504, 11, 5310, 369, 16216, 12224, 3198, 879, 2167, 2948, 1008, 3198, 13, 10294, 23361, 3819, 25]","[19432, 2918, 25, 10328, 1602, 1753, 1075, 279, 1156, 5700, 3118, 389, 619, 11352, 13, 95507, 594, 56392, 18378, 1850, 36149, 11, 419, 2086, 728, 21015, 49226, 264, 5008, 53699, 11, 1968, 4825, 29885, 323, 264, 3130, 2845, 1594, 258, 16769, 18915, 13, 10294, 23361, 3819, 25]",47,47,True,"The filmmakers juggle and juxtapose three story lines but fail to come up with one cogent point, unless it's that life stinks, especially for sensitive married women who really love other women.","Although very much like the first movie based on J.K. Rowling's phenomenal fantasy best sellers, this second go-round possesses a quite pleasing, headlong thrust and a likably delinquent attitude.",tigges,True
sst_tigges_pythia_correct_test,430,sst-700,sst-369,1,0,"Review Text: It's an example of sophisticated, challenging filmmaking that stands, despite its noticeable lack of emotional heft, in welcome contrast to the indulgent dead-end experimentation of the director's previous Full Frontal. Review Sentiment:","Review Text: Audiences conditioned to getting weepy over saucer-eyed, downy-cheeked moppets and their empathetic caretakers will probably feel emotionally cheated by the film's tart, sugar-free wit. Review Sentiment:","""Review Text: It's an example of sophisticated, challenging filmmaking that stands, despite its noticeable lack of emotional heft, in welcome contrast to the indulgent dead-end experimentation of the director's previous Full Frontal. Review Sentiment:""","""Review Text: Audiences conditioned to getting weepy over saucer-eyed, downy-cheeked moppets and their empathetic caretakers will probably feel emotionally cheated by the film's tart, sugar-free wit. Review Sentiment:""",52657669657720546578743a204974277320616e206578616d706c65206f6620736f70686973746963617465642c206368616c6c656e67696e672066696c6d6d616b696e672074686174207374616e64732c206465737069746520697473206e6f7469636561626c65206c61636b206f6620656d6f74696f6e616c20686566742c20696e2077656c636f6d6520636f6e747261737420746f2074686520696e64756c67656e7420646561642d656e64206578706572696d656e746174696f6e206f6620746865206469726563746f7227732070726576696f75732046756c6c2046726f6e74616c2e205265766965772053656e74696d656e743a,52657669657720546578743a2041756469656e63657320636f6e646974696f6e656420746f2067657474696e67207765657079206f766572207361756365722d657965642c20646f776e792d636865656b6564206d6f707065747320616e6420746865697220656d7061746865746963206361726574616b6572732077696c6c2070726f6261626c79206665656c20656d6f74696f6e616c6c792063686561746564206279207468652066696c6d277320746172742c2073756761722d66726565207769742e205265766965772053656e74696d656e743a,e6455ad10d3f8d661ed0899f3fad17c440333ece03a1426ef47c466f078f7b75,cac38edaf60e69120db0dc682f6e12f24143a2d34cf56cce1440351e904f9d61,"[19432, 2918, 25, 1084, 594, 458, 3110, 315, 26779, 11, 17003, 33526, 1765, 429, 13352, 11, 8818, 1181, 42326, 6853, 315, 14269, 566, 723, 11, 304, 10565, 12872, 311, 279, 36860, 15772, 5593, 13068, 65096, 315, 279, 7538, 594, 3681, 8627, 14902, 278, 13, 10294, 23361, 3819, 25]","[19432, 2918, 25, 15066, 11975, 65631, 311, 3709, 582, 70548, 916, 822, 59396, 52513, 11, 1495, 88, 36740, 1225, 291, 296, 4775, 1415, 323, 862, 35581, 5298, 52301, 8312, 686, 4658, 2666, 37583, 77678, 553, 279, 4531, 594, 44815, 11, 13163, 12577, 37367, 13, 10294, 23361, 3819, 25]",48,48,True,"It's an example of sophisticated, challenging filmmaking that stands, despite its noticeable lack of emotional heft, in welcome contrast to the indulgent dead-end experimentation of the director's previous Full Frontal.","Audiences conditioned to getting weepy over saucer-eyed, downy-cheeked moppets and their empathetic caretakers will probably feel emotionally cheated by the film's tart, sugar-free wit.",tigges,True
sst_tigges_pythia_correct_test,431,sst-369,sst-700,0,1,"Review Text: Audiences conditioned to getting weepy over saucer-eyed, downy-cheeked moppets and their empathetic caretakers will probably feel emotionally cheated by the film's tart, sugar-free wit. Review Sentiment:","Review Text: It's an example of sophisticated, challenging filmmaking that stands, despite its noticeable lack of emotional heft, in welcome contrast to the indulgent dead-end experimentation of the director's previous Full Frontal. Review Sentiment:","""Review Text: Audiences conditioned to getting weepy over saucer-eyed, downy-cheeked moppets and their empathetic caretakers will probably feel emotionally cheated by the film's tart, sugar-free wit. Review Sentiment:""","""Review Text: It's an example of sophisticated, challenging filmmaking that stands, despite its noticeable lack of emotional heft, in welcome contrast to the indulgent dead-end experimentation of the director's previous Full Frontal. Review Sentiment:""",52657669657720546578743a2041756469656e63657320636f6e646974696f6e656420746f2067657474696e67207765657079206f766572207361756365722d657965642c20646f776e792d636865656b6564206d6f707065747320616e6420746865697220656d7061746865746963206361726574616b6572732077696c6c2070726f6261626c79206665656c20656d6f74696f6e616c6c792063686561746564206279207468652066696c6d277320746172742c2073756761722d66726565207769742e205265766965772053656e74696d656e743a,52657669657720546578743a204974277320616e206578616d706c65206f6620736f70686973746963617465642c206368616c6c656e67696e672066696c6d6d616b696e672074686174207374616e64732c206465737069746520697473206e6f7469636561626c65206c61636b206f6620656d6f74696f6e616c20686566742c20696e2077656c636f6d6520636f6e747261737420746f2074686520696e64756c67656e7420646561642d656e64206578706572696d656e746174696f6e206f6620746865206469726563746f7227732070726576696f75732046756c6c2046726f6e74616c2e205265766965772053656e74696d656e743a,cac38edaf60e69120db0dc682f6e12f24143a2d34cf56cce1440351e904f9d61,e6455ad10d3f8d661ed0899f3fad17c440333ece03a1426ef47c466f078f7b75,"[19432, 2918, 25, 15066, 11975, 65631, 311, 3709, 582, 70548, 916, 822, 59396, 52513, 11, 1495, 88, 36740, 1225, 291, 296, 4775, 1415, 323, 862, 35581, 5298, 52301, 8312, 686, 4658, 2666, 37583, 77678, 553, 279, 4531, 594, 44815, 11, 13163, 12577, 37367, 13, 10294, 23361, 3819, 25]","[19432, 2918, 25, 1084, 594, 458, 3110, 315, 26779, 11, 17003, 33526, 1765, 429, 13352, 11, 8818, 1181, 42326, 6853, 315, 14269, 566, 723, 11, 304, 10565, 12872, 311, 279, 36860, 15772, 5593, 13068, 65096, 315, 279, 7538, 594, 3681, 8627, 14902, 278, 13, 10294, 23361, 3819, 25]",48,48,True,"Audiences conditioned to getting weepy over saucer-eyed, downy-cheeked moppets and their empathetic caretakers will probably feel emotionally cheated by the film's tart, sugar-free wit.","It's an example of sophisticated, challenging filmmaking that stands, despite its noticeable lack of emotional heft, in welcome contrast to the indulgent dead-end experimentation of the director's previous Full Frontal.",tigges,True
sst_tigges_pythia_correct_test,432,sst-690,sst-9060,1,0,"Review Text: It is a film that will have people walking out halfway through, will encourage others to stand up and applaud, and will, undoubtedly, leave both camps engaged in a ferocious debate for years to come. Review Sentiment:","Review Text: Hardly makes the kind of points Egoyan wanted to make, nor does it exist as the kind of monument he wanted to build, to victims whose voices have never gained the ears of the world. Review Sentiment:","'Review Text: It is a film that will have people walking out halfway through, will encourage others to stand up and applaud, and will, undoubtedly, leave both camps engaged in a ferocious debate for years to come. Review Sentiment:'","'Review Text: Hardly makes the kind of points Egoyan wanted to make, nor does it exist as the kind of monument he wanted to build, to victims whose voices have never gained the ears of the world. Review Sentiment:'",52657669657720546578743a20497420697320612066696c6d20746861742077696c6c20686176652070656f706c652077616c6b696e67206f75742068616c66776179207468726f7567682c2077696c6c20656e636f7572616765206f746865727320746f207374616e6420757020616e64206170706c6175642c20616e642077696c6c2c20756e646f75627465646c792c206c6561766520626f74682063616d707320656e676167656420696e2061206665726f63696f75732064656261746520666f7220796561727320746f20636f6d652e205265766965772053656e74696d656e743a,52657669657720546578743a20486172646c79206d616b657320746865206b696e64206f6620706f696e74732045676f79616e2077616e74656420746f206d616b652c206e6f7220646f657320697420657869737420617320746865206b696e64206f66206d6f6e756d656e742068652077616e74656420746f206275696c642c20746f2076696374696d732077686f736520766f696365732068617665206e65766572206761696e6564207468652065617273206f662074686520776f726c642e205265766965772053656e74696d656e743a,5fbf14d9182a79ae52ed61392c73db7ef284c9bc481889126e7ad448a632f6ea,3c917150228d7d06cb319057eeb5384f755b19d52571f8068eea9e0e7e9b9f02,"[19432, 2918, 25, 1084, 374, 264, 4531, 429, 686, 614, 1251, 11435, 700, 41336, 1526, 11, 686, 14907, 3800, 311, 2498, 705, 323, 51390, 11, 323, 686, 11, 36948, 11, 5274, 2176, 28035, 16634, 304, 264, 18227, 77187, 11004, 369, 1635, 311, 2525, 13, 10294, 23361, 3819, 25]","[19432, 2918, 25, 11232, 398, 3643, 279, 3093, 315, 3501, 38075, 2253, 276, 4829, 311, 1281, 11, 6329, 1558, 432, 3000, 438, 279, 3093, 315, 36897, 566, 4829, 311, 1936, 11, 311, 12415, 6693, 23314, 614, 2581, 18163, 279, 24230, 315, 279, 1879, 13, 10294, 23361, 3819, 25]",48,48,True,"It is a film that will have people walking out halfway through, will encourage others to stand up and applaud, and will, undoubtedly, leave both camps engaged in a ferocious debate for years to come.","Hardly makes the kind of points Egoyan wanted to make, nor does it exist as the kind of monument he wanted to build, to victims whose voices have never gained the ears of the world.",tigges,True
sst_tigges_pythia_correct_test,433,sst-9060,sst-690,0,1,"Review Text: Hardly makes the kind of points Egoyan wanted to make, nor does it exist as the kind of monument he wanted to build, to victims whose voices have never gained the ears of the world. Review Sentiment:","Review Text: It is a film that will have people walking out halfway through, will encourage others to stand up and applaud, and will, undoubtedly, leave both camps engaged in a ferocious debate for years to come. Review Sentiment:","'Review Text: Hardly makes the kind of points Egoyan wanted to make, nor does it exist as the kind of monument he wanted to build, to victims whose voices have never gained the ears of the world. Review Sentiment:'","'Review Text: It is a film that will have people walking out halfway through, will encourage others to stand up and applaud, and will, undoubtedly, leave both camps engaged in a ferocious debate for years to come. Review Sentiment:'",52657669657720546578743a20486172646c79206d616b657320746865206b696e64206f6620706f696e74732045676f79616e2077616e74656420746f206d616b652c206e6f7220646f657320697420657869737420617320746865206b696e64206f66206d6f6e756d656e742068652077616e74656420746f206275696c642c20746f2076696374696d732077686f736520766f696365732068617665206e65766572206761696e6564207468652065617273206f662074686520776f726c642e205265766965772053656e74696d656e743a,52657669657720546578743a20497420697320612066696c6d20746861742077696c6c20686176652070656f706c652077616c6b696e67206f75742068616c66776179207468726f7567682c2077696c6c20656e636f7572616765206f746865727320746f207374616e6420757020616e64206170706c6175642c20616e642077696c6c2c20756e646f75627465646c792c206c6561766520626f74682063616d707320656e676167656420696e2061206665726f63696f75732064656261746520666f7220796561727320746f20636f6d652e205265766965772053656e74696d656e743a,3c917150228d7d06cb319057eeb5384f755b19d52571f8068eea9e0e7e9b9f02,5fbf14d9182a79ae52ed61392c73db7ef284c9bc481889126e7ad448a632f6ea,"[19432, 2918, 25, 11232, 398, 3643, 279, 3093, 315, 3501, 38075, 2253, 276, 4829, 311, 1281, 11, 6329, 1558, 432, 3000, 438, 279, 3093, 315, 36897, 566, 4829, 311, 1936, 11, 311, 12415, 6693, 23314, 614, 2581, 18163, 279, 24230, 315, 279, 1879, 13, 10294, 23361, 3819, 25]","[19432, 2918, 25, 1084, 374, 264, 4531, 429, 686, 614, 1251, 11435, 700, 41336, 1526, 11, 686, 14907, 3800, 311, 2498, 705, 323, 51390, 11, 323, 686, 11, 36948, 11, 5274, 2176, 28035, 16634, 304, 264, 18227, 77187, 11004, 369, 1635, 311, 2525, 13, 10294, 23361, 3819, 25]",48,48,True,"Hardly makes the kind of points Egoyan wanted to make, nor does it exist as the kind of monument he wanted to build, to victims whose voices have never gained the ears of the world.","It is a film that will have people walking out halfway through, will encourage others to stand up and applaud, and will, undoubtedly, leave both camps engaged in a ferocious debate for years to come.",tigges,True
sst_tigges_pythia_correct_test,434,sst-98,sst-8610,1,0,"Review Text: Katz uses archival footage, horrifying documents of lynchings, still photographs and charming old reel-to-reel recordings of Meeropol entertaining his children to create his song history, but most powerful of all is the song itself Review Sentiment:","Review Text: The acting is stiff, the story lacks all trace of wit, the sets look like they were borrowed from Gilligan's Island--and the CGI Scooby might well be the worst special-effects creation of the year. Review Sentiment:","'Review Text: Katz uses archival footage, horrifying documents of lynchings, still photographs and charming old reel-to-reel recordings of Meeropol entertaining his children to create his song history, but most powerful of all is the song itself Review Sentiment:'","""Review Text: The acting is stiff, the story lacks all trace of wit, the sets look like they were borrowed from Gilligan's Island--and the CGI Scooby might well be the worst special-effects creation of the year. Review Sentiment:""",52657669657720546578743a204b61747a207573657320617263686976616c20666f6f746167652c20686f7272696679696e6720646f63756d656e7473206f66206c796e6368696e67732c207374696c6c2070686f746f67726170687320616e6420636861726d696e67206f6c64207265656c2d746f2d7265656c207265636f7264696e6773206f66204d6565726f706f6c20656e7465727461696e696e6720686973206368696c6472656e20746f206372656174652068697320736f6e6720686973746f72792c20627574206d6f737420706f77657266756c206f6620616c6c2069732074686520736f6e6720697473656c66205265766965772053656e74696d656e743a,52657669657720546578743a2054686520616374696e672069732073746966662c207468652073746f7279206c61636b7320616c6c207472616365206f66207769742c207468652073657473206c6f6f6b206c696b652074686579207765726520626f72726f7765642066726f6d2047696c6c6967616e27732049736c616e642d2d616e6420746865204347492053636f6f6279206d696768742077656c6c2062652074686520776f727374207370656369616c2d65666665637473206372656174696f6e206f662074686520796561722e205265766965772053656e74696d656e743a,894dafef48a586629b1b04a756fcf7d3951d53c90b7edebf26380fa9c401e4f7,9c1367881b19e6fe57d034c77f60d9bfde7ec95d58f0dc93568881efa300ab90,"[19432, 2918, 25, 77109, 5711, 93947, 21852, 11, 77550, 9293, 315, 326, 68481, 819, 11, 2058, 24248, 323, 34409, 2310, 56282, 4686, 5504, 301, 37040, 315, 94716, 27665, 29211, 806, 2841, 311, 1855, 806, 5492, 3840, 11, 714, 1429, 7988, 315, 678, 374, 279, 5492, 5086, 10294, 23361, 3819, 25]","[19432, 2918, 25, 576, 15358, 374, 30061, 11, 279, 3364, 36756, 678, 11655, 315, 37367, 11, 279, 7289, 1401, 1075, 807, 1033, 45564, 504, 32726, 10881, 594, 10720, 313, 437, 279, 63427, 49059, 27015, 2578, 1632, 387, 279, 11785, 3281, 74788, 9688, 315, 279, 1042, 13, 10294, 23361, 3819, 25]",50,50,True,"Katz uses archival footage, horrifying documents of lynchings, still photographs and charming old reel-to-reel recordings of Meeropol entertaining his children to create his song history, but most powerful of all is the song itself","The acting is stiff, the story lacks all trace of wit, the sets look like they were borrowed from Gilligan's Island--and the CGI Scooby might well be the worst special-effects creation of the year.",tigges,True
sst_tigges_pythia_correct_test,435,sst-8610,sst-98,0,1,"Review Text: The acting is stiff, the story lacks all trace of wit, the sets look like they were borrowed from Gilligan's Island--and the CGI Scooby might well be the worst special-effects creation of the year. Review Sentiment:","Review Text: Katz uses archival footage, horrifying documents of lynchings, still photographs and charming old reel-to-reel recordings of Meeropol entertaining his children to create his song history, but most powerful of all is the song itself Review Sentiment:","""Review Text: The acting is stiff, the story lacks all trace of wit, the sets look like they were borrowed from Gilligan's Island--and the CGI Scooby might well be the worst special-effects creation of the year. Review Sentiment:""","'Review Text: Katz uses archival footage, horrifying documents of lynchings, still photographs and charming old reel-to-reel recordings of Meeropol entertaining his children to create his song history, but most powerful of all is the song itself Review Sentiment:'",52657669657720546578743a2054686520616374696e672069732073746966662c207468652073746f7279206c61636b7320616c6c207472616365206f66207769742c207468652073657473206c6f6f6b206c696b652074686579207765726520626f72726f7765642066726f6d2047696c6c6967616e27732049736c616e642d2d616e6420746865204347492053636f6f6279206d696768742077656c6c2062652074686520776f727374207370656369616c2d65666665637473206372656174696f6e206f662074686520796561722e205265766965772053656e74696d656e743a,52657669657720546578743a204b61747a207573657320617263686976616c20666f6f746167652c20686f7272696679696e6720646f63756d656e7473206f66206c796e6368696e67732c207374696c6c2070686f746f67726170687320616e6420636861726d696e67206f6c64207265656c2d746f2d7265656c207265636f7264696e6773206f66204d6565726f706f6c20656e7465727461696e696e6720686973206368696c6472656e20746f206372656174652068697320736f6e6720686973746f72792c20627574206d6f737420706f77657266756c206f6620616c6c2069732074686520736f6e6720697473656c66205265766965772053656e74696d656e743a,9c1367881b19e6fe57d034c77f60d9bfde7ec95d58f0dc93568881efa300ab90,894dafef48a586629b1b04a756fcf7d3951d53c90b7edebf26380fa9c401e4f7,"[19432, 2918, 25, 576, 15358, 374, 30061, 11, 279, 3364, 36756, 678, 11655, 315, 37367, 11, 279, 7289, 1401, 1075, 807, 1033, 45564, 504, 32726, 10881, 594, 10720, 313, 437, 279, 63427, 49059, 27015, 2578, 1632, 387, 279, 11785, 3281, 74788, 9688, 315, 279, 1042, 13, 10294, 23361, 3819, 25]","[19432, 2918, 25, 77109, 5711, 93947, 21852, 11, 77550, 9293, 315, 326, 68481, 819, 11, 2058, 24248, 323, 34409, 2310, 56282, 4686, 5504, 301, 37040, 315, 94716, 27665, 29211, 806, 2841, 311, 1855, 806, 5492, 3840, 11, 714, 1429, 7988, 315, 678, 374, 279, 5492, 5086, 10294, 23361, 3819, 25]",50,50,True,"The acting is stiff, the story lacks all trace of wit, the sets look like they were borrowed from Gilligan's Island--and the CGI Scooby might well be the worst special-effects creation of the year.","Katz uses archival footage, horrifying documents of lynchings, still photographs and charming old reel-to-reel recordings of Meeropol entertaining his children to create his song history, but most powerful of all is the song itself",tigges,True
sst_tigges_pythia_correct_test,436,sst-110,sst-8175,1,0,"Review Text: On the surface, it's a lovers-on-the-run crime flick, but it has a lot in common with Piesiewicz's and Kieslowski's earlier work, films like The Double Life of Veronique. Review Sentiment:","Review Text: A dreary, incoherent, self-indulgent mess of a movie in which a bunch of pompous windbags drone on inanely for two hours... a cacophony of pretentious, meaningless prattle. Review Sentiment:","""Review Text: On the surface, it's a lovers-on-the-run crime flick, but it has a lot in common with Piesiewicz's and Kieslowski's earlier work, films like The Double Life of Veronique. Review Sentiment:""","'Review Text: A dreary, incoherent, self-indulgent mess of a movie in which a bunch of pompous windbags drone on inanely for two hours... a cacophony of pretentious, meaningless prattle. Review Sentiment:'",52657669657720546578743a204f6e2074686520737572666163652c20697427732061206c6f766572732d6f6e2d7468652d72756e206372696d6520666c69636b2c20627574206974206861732061206c6f7420696e20636f6d6d6f6e2077697468205069657369657769637a277320616e64204b6965736c6f77736b692773206561726c69657220776f726b2c2066696c6d73206c696b652054686520446f75626c65204c696665206f66205665726f6e697175652e205265766965772053656e74696d656e743a,52657669657720546578743a2041206472656172792c20696e636f686572656e742c2073656c662d696e64756c67656e74206d657373206f662061206d6f76696520696e20776869636820612062756e6368206f6620706f6d706f75732077696e64626167732064726f6e65206f6e20696e616e656c7920666f722074776f20686f7572732e2e2e2061206361636f70686f6e79206f662070726574656e74696f75732c206d65616e696e676c6573732070726174746c652e205265766965772053656e74696d656e743a,eca38719d2ea0adc7b9d09c20c0aded2127ecc125fde6a65dc89928226f86eb2,d9d521308a8ecce766dffd8c06068d69edfd3bed9d95d3db2c7d4c2db027e6db,"[19432, 2918, 25, 1913, 279, 7329, 11, 432, 594, 264, 32118, 10326, 10603, 22973, 9778, 28347, 11, 714, 432, 702, 264, 2696, 304, 4185, 448, 393, 550, 570, 52222, 594, 323, 730, 550, 75, 28284, 594, 6788, 975, 11, 12351, 1075, 576, 7093, 9414, 315, 6250, 263, 2372, 13, 10294, 23361, 3819, 25]","[19432, 2918, 25, 362, 32101, 658, 11, 304, 1015, 37538, 11, 656, 17776, 360, 15772, 9435, 315, 264, 5700, 304, 892, 264, 15493, 315, 72770, 782, 9956, 52394, 26713, 389, 304, 276, 974, 369, 1378, 4115, 1112, 264, 82881, 5127, 3549, 315, 4410, 97881, 11, 55926, 548, 4626, 13, 10294, 23361, 3819, 25]",53,53,True,"On the surface, it's a lovers-on-the-run crime flick, but it has a lot in common with Piesiewicz's and Kieslowski's earlier work, films like The Double Life of Veronique.","A dreary, incoherent, self-indulgent mess of a movie in which a bunch of pompous windbags drone on inanely for two hours... a cacophony of pretentious, meaningless prattle.",tigges,True
sst_tigges_pythia_correct_test,437,sst-8175,sst-110,0,1,"Review Text: A dreary, incoherent, self-indulgent mess of a movie in which a bunch of pompous windbags drone on inanely for two hours... a cacophony of pretentious, meaningless prattle. Review Sentiment:","Review Text: On the surface, it's a lovers-on-the-run crime flick, but it has a lot in common with Piesiewicz's and Kieslowski's earlier work, films like The Double Life of Veronique. Review Sentiment:","'Review Text: A dreary, incoherent, self-indulgent mess of a movie in which a bunch of pompous windbags drone on inanely for two hours... a cacophony of pretentious, meaningless prattle. Review Sentiment:'","""Review Text: On the surface, it's a lovers-on-the-run crime flick, but it has a lot in common with Piesiewicz's and Kieslowski's earlier work, films like The Double Life of Veronique. Review Sentiment:""",52657669657720546578743a2041206472656172792c20696e636f686572656e742c2073656c662d696e64756c67656e74206d657373206f662061206d6f76696520696e20776869636820612062756e6368206f6620706f6d706f75732077696e64626167732064726f6e65206f6e20696e616e656c7920666f722074776f20686f7572732e2e2e2061206361636f70686f6e79206f662070726574656e74696f75732c206d65616e696e676c6573732070726174746c652e205265766965772053656e74696d656e743a,52657669657720546578743a204f6e2074686520737572666163652c20697427732061206c6f766572732d6f6e2d7468652d72756e206372696d6520666c69636b2c20627574206974206861732061206c6f7420696e20636f6d6d6f6e2077697468205069657369657769637a277320616e64204b6965736c6f77736b692773206561726c69657220776f726b2c2066696c6d73206c696b652054686520446f75626c65204c696665206f66205665726f6e697175652e205265766965772053656e74696d656e743a,d9d521308a8ecce766dffd8c06068d69edfd3bed9d95d3db2c7d4c2db027e6db,eca38719d2ea0adc7b9d09c20c0aded2127ecc125fde6a65dc89928226f86eb2,"[19432, 2918, 25, 362, 32101, 658, 11, 304, 1015, 37538, 11, 656, 17776, 360, 15772, 9435, 315, 264, 5700, 304, 892, 264, 15493, 315, 72770, 782, 9956, 52394, 26713, 389, 304, 276, 974, 369, 1378, 4115, 1112, 264, 82881, 5127, 3549, 315, 4410, 97881, 11, 55926, 548, 4626, 13, 10294, 23361, 3819, 25]","[19432, 2918, 25, 1913, 279, 7329, 11, 432, 594, 264, 32118, 10326, 10603, 22973, 9778, 28347, 11, 714, 432, 702, 264, 2696, 304, 4185, 448, 393, 550, 570, 52222, 594, 323, 730, 550, 75, 28284, 594, 6788, 975, 11, 12351, 1075, 576, 7093, 9414, 315, 6250, 263, 2372, 13, 10294, 23361, 3819, 25]",53,53,True,"A dreary, incoherent, self-indulgent mess of a movie in which a bunch of pompous windbags drone on inanely for two hours... a cacophony of pretentious, meaningless prattle.","On the surface, it's a lovers-on-the-run crime flick, but it has a lot in common with Piesiewicz's and Kieslowski's earlier work, films like The Double Life of Veronique.",tigges,True
sst_tigges_pythia_correct_test,438,sst-968,sst-8226,1,0,"Review Text: Greene delivers a typically solid performance in a role that is a bit of a departure from the noble characters he has played in the past, and he is matched by Schweig, who carries the film on his broad, handsome shoulders. Review Sentiment:","Review Text: Offensive in the way it exploits the hot-button issue of domestic abuse for cheap thrills and disgusting in the manner it repeatedly puts a small child in jeopardy, treating her as little more than a prop to be cruelly tormented. Review Sentiment:","'Review Text: Greene delivers a typically solid performance in a role that is a bit of a departure from the noble characters he has played in the past, and he is matched by Schweig, who carries the film on his broad, handsome shoulders. Review Sentiment:'","'Review Text: Offensive in the way it exploits the hot-button issue of domestic abuse for cheap thrills and disgusting in the manner it repeatedly puts a small child in jeopardy, treating her as little more than a prop to be cruelly tormented. Review Sentiment:'",52657669657720546578743a20477265656e652064656c69766572732061207479706963616c6c7920736f6c696420706572666f726d616e636520696e206120726f6c652074686174206973206120626974206f662061206465706172747572652066726f6d20746865206e6f626c6520636861726163746572732068652068617320706c6179656420696e2074686520706173742c20616e64206865206973206d61746368656420627920536368776569672c2077686f2063617272696573207468652066696c6d206f6e206869732062726f61642c2068616e64736f6d652073686f756c646572732e205265766965772053656e74696d656e743a,52657669657720546578743a204f6666656e7369766520696e2074686520776179206974206578706c6f6974732074686520686f742d627574746f6e206973737565206f6620646f6d657374696320616275736520666f7220636865617020746872696c6c7320616e642064697367757374696e6720696e20746865206d616e6e65722069742072657065617465646c792070757473206120736d616c6c206368696c6420696e206a656f70617264792c207472656174696e6720686572206173206c6974746c65206d6f7265207468616e20612070726f7020746f20626520637275656c6c7920746f726d656e7465642e205265766965772053656e74696d656e743a,e1ec5fa0fbec2ef03d6e1ed9b06706a95babd3281308703f503e2449e4a1d785,85f0fd5e7ce98905c15517cc8b93a7ad30eb1aad453e526fc2115bc55f13c2ce,"[19432, 2918, 25, 58074, 27321, 264, 11136, 6437, 5068, 304, 264, 3476, 429, 374, 264, 2699, 315, 264, 24915, 504, 279, 34382, 5766, 566, 702, 6342, 304, 279, 3267, 11, 323, 566, 374, 18054, 553, 55734, 343, 11, 879, 23377, 279, 4531, 389, 806, 7205, 11, 43777, 26906, 13, 10294, 23361, 3819, 25]","[19432, 2918, 25, 75489, 304, 279, 1616, 432, 62388, 279, 4017, 12444, 4265, 315, 12728, 11480, 369, 11872, 8807, 3305, 323, 53666, 304, 279, 11566, 432, 18822, 9521, 264, 2613, 1682, 304, 89604, 11, 26625, 1059, 438, 2632, 803, 1091, 264, 2004, 311, 387, 27030, 398, 5683, 26980, 13, 10294, 23361, 3819, 25]",53,53,True,"Greene delivers a typically solid performance in a role that is a bit of a departure from the noble characters he has played in the past, and he is matched by Schweig, who carries the film on his broad, handsome shoulders.","Offensive in the way it exploits the hot-button issue of domestic abuse for cheap thrills and disgusting in the manner it repeatedly puts a small child in jeopardy, treating her as little more than a prop to be cruelly tormented.",tigges,True
sst_tigges_pythia_correct_test,439,sst-8226,sst-968,0,1,"Review Text: Offensive in the way it exploits the hot-button issue of domestic abuse for cheap thrills and disgusting in the manner it repeatedly puts a small child in jeopardy, treating her as little more than a prop to be cruelly tormented. Review Sentiment:","Review Text: Greene delivers a typically solid performance in a role that is a bit of a departure from the noble characters he has played in the past, and he is matched by Schweig, who carries the film on his broad, handsome shoulders. Review Sentiment:","'Review Text: Offensive in the way it exploits the hot-button issue of domestic abuse for cheap thrills and disgusting in the manner it repeatedly puts a small child in jeopardy, treating her as little more than a prop to be cruelly tormented. Review Sentiment:'","'Review Text: Greene delivers a typically solid performance in a role that is a bit of a departure from the noble characters he has played in the past, and he is matched by Schweig, who carries the film on his broad, handsome shoulders. Review Sentiment:'",52657669657720546578743a204f6666656e7369766520696e2074686520776179206974206578706c6f6974732074686520686f742d627574746f6e206973737565206f6620646f6d657374696320616275736520666f7220636865617020746872696c6c7320616e642064697367757374696e6720696e20746865206d616e6e65722069742072657065617465646c792070757473206120736d616c6c206368696c6420696e206a656f70617264792c207472656174696e6720686572206173206c6974746c65206d6f7265207468616e20612070726f7020746f20626520637275656c6c7920746f726d656e7465642e205265766965772053656e74696d656e743a,52657669657720546578743a20477265656e652064656c69766572732061207479706963616c6c7920736f6c696420706572666f726d616e636520696e206120726f6c652074686174206973206120626974206f662061206465706172747572652066726f6d20746865206e6f626c6520636861726163746572732068652068617320706c6179656420696e2074686520706173742c20616e64206865206973206d61746368656420627920536368776569672c2077686f2063617272696573207468652066696c6d206f6e206869732062726f61642c2068616e64736f6d652073686f756c646572732e205265766965772053656e74696d656e743a,85f0fd5e7ce98905c15517cc8b93a7ad30eb1aad453e526fc2115bc55f13c2ce,e1ec5fa0fbec2ef03d6e1ed9b06706a95babd3281308703f503e2449e4a1d785,"[19432, 2918, 25, 75489, 304, 279, 1616, 432, 62388, 279, 4017, 12444, 4265, 315, 12728, 11480, 369, 11872, 8807, 3305, 323, 53666, 304, 279, 11566, 432, 18822, 9521, 264, 2613, 1682, 304, 89604, 11, 26625, 1059, 438, 2632, 803, 1091, 264, 2004, 311, 387, 27030, 398, 5683, 26980, 13, 10294, 23361, 3819, 25]","[19432, 2918, 25, 58074, 27321, 264, 11136, 6437, 5068, 304, 264, 3476, 429, 374, 264, 2699, 315, 264, 24915, 504, 279, 34382, 5766, 566, 702, 6342, 304, 279, 3267, 11, 323, 566, 374, 18054, 553, 55734, 343, 11, 879, 23377, 279, 4531, 389, 806, 7205, 11, 43777, 26906, 13, 10294, 23361, 3819, 25]",53,53,True,"Offensive in the way it exploits the hot-button issue of domestic abuse for cheap thrills and disgusting in the manner it repeatedly puts a small child in jeopardy, treating her as little more than a prop to be cruelly tormented.","Greene delivers a typically solid performance in a role that is a bit of a departure from the noble characters he has played in the past, and he is matched by Schweig, who carries the film on his broad, handsome shoulders.",tigges,True
sst_tigges_pythia_correct_test,440,sst-8526,sst-8267,1,0,"Review Text: A tough go, but Leigh's depth and rigor, and his skill at inspiring accomplished portrayals that are all the more impressive for their lack of showiness, offsets to a notable degree the film's often-mined and despairing milieu. Review Sentiment:","Review Text: Writhing under dialogue like ` You're from two different worlds' and ` Tonight the maid is a lie and this, this is who you are,' this schlock-filled fairy tale hits new depths of unoriginality and predictability. Review Sentiment:","""Review Text: A tough go, but Leigh's depth and rigor, and his skill at inspiring accomplished portrayals that are all the more impressive for their lack of showiness, offsets to a notable degree the film's often-mined and despairing milieu. Review Sentiment:""","""Review Text: Writhing under dialogue like ` You're from two different worlds' and ` Tonight the maid is a lie and this, this is who you are,' this schlock-filled fairy tale hits new depths of unoriginality and predictability. Review Sentiment:""",52657669657720546578743a204120746f75676820676f2c20627574204c65696768277320646570746820616e64207269676f722c20616e642068697320736b696c6c20617420696e73706972696e67206163636f6d706c697368656420706f7274726179616c7320746861742061726520616c6c20746865206d6f726520696d707265737369766520666f72207468656972206c61636b206f662073686f77696e6573732c206f66667365747320746f2061206e6f7461626c6520646567726565207468652066696c6d2773206f6674656e2d6d696e656420616e642064657370616972696e67206d696c6965752e205265766965772053656e74696d656e743a,52657669657720546578743a205772697468696e6720756e646572206469616c6f677565206c696b65206020596f752772652066726f6d2074776f20646966666572656e7420776f726c64732720616e64206020546f6e6967687420746865206d6169642069732061206c696520616e6420746869732c20746869732069732077686f20796f75206172652c272074686973207363686c6f636b2d66696c6c65642066616972792074616c652068697473206e657720646570746873206f6620756e6f726967696e616c69747920616e6420707265646963746162696c6974792e205265766965772053656e74696d656e743a,acb8720b588a2b3e464e5b454612390568ec8ab1568dacf0d7269ed555a803d3,4f61f9c1b4c715a8a7c5410614c0ebc39b419d74ff6bbfebe1ae623c77982010,"[19432, 2918, 25, 362, 11045, 728, 11, 714, 73022, 594, 7990, 323, 77377, 11, 323, 806, 9947, 518, 33047, 26237, 24878, 1127, 429, 525, 678, 279, 803, 15978, 369, 862, 6853, 315, 1473, 1880, 11, 35046, 311, 264, 27190, 8381, 279, 4531, 594, 3545, 13398, 291, 323, 45896, 287, 82159, 13, 10294, 23361, 3819, 25]","[19432, 2918, 25, 31630, 410, 287, 1212, 21276, 1075, 1565, 1446, 2299, 504, 1378, 2155, 23859, 6, 323, 1565, 54214, 279, 42065, 374, 264, 10246, 323, 419, 11, 419, 374, 879, 498, 525, 2894, 419, 5699, 1023, 43418, 44486, 23281, 12983, 501, 42857, 315, 650, 9889, 487, 323, 7023, 2897, 13, 10294, 23361, 3819, 25]",55,55,True,"A tough go, but Leigh's depth and rigor, and his skill at inspiring accomplished portrayals that are all the more impressive for their lack of showiness, offsets to a notable degree the film's often-mined and despairing milieu.","Writhing under dialogue like ` You're from two different worlds' and ` Tonight the maid is a lie and this, this is who you are,' this schlock-filled fairy tale hits new depths of unoriginality and predictability.",tigges,True
sst_tigges_pythia_correct_test,441,sst-8267,sst-8526,0,1,"Review Text: Writhing under dialogue like ` You're from two different worlds' and ` Tonight the maid is a lie and this, this is who you are,' this schlock-filled fairy tale hits new depths of unoriginality and predictability. Review Sentiment:","Review Text: A tough go, but Leigh's depth and rigor, and his skill at inspiring accomplished portrayals that are all the more impressive for their lack of showiness, offsets to a notable degree the film's often-mined and despairing milieu. Review Sentiment:","""Review Text: Writhing under dialogue like ` You're from two different worlds' and ` Tonight the maid is a lie and this, this is who you are,' this schlock-filled fairy tale hits new depths of unoriginality and predictability. Review Sentiment:""","""Review Text: A tough go, but Leigh's depth and rigor, and his skill at inspiring accomplished portrayals that are all the more impressive for their lack of showiness, offsets to a notable degree the film's often-mined and despairing milieu. Review Sentiment:""",52657669657720546578743a205772697468696e6720756e646572206469616c6f677565206c696b65206020596f752772652066726f6d2074776f20646966666572656e7420776f726c64732720616e64206020546f6e6967687420746865206d6169642069732061206c696520616e6420746869732c20746869732069732077686f20796f75206172652c272074686973207363686c6f636b2d66696c6c65642066616972792074616c652068697473206e657720646570746873206f6620756e6f726967696e616c69747920616e6420707265646963746162696c6974792e205265766965772053656e74696d656e743a,52657669657720546578743a204120746f75676820676f2c20627574204c65696768277320646570746820616e64207269676f722c20616e642068697320736b696c6c20617420696e73706972696e67206163636f6d706c697368656420706f7274726179616c7320746861742061726520616c6c20746865206d6f726520696d707265737369766520666f72207468656972206c61636b206f662073686f77696e6573732c206f66667365747320746f2061206e6f7461626c6520646567726565207468652066696c6d2773206f6674656e2d6d696e656420616e642064657370616972696e67206d696c6965752e205265766965772053656e74696d656e743a,4f61f9c1b4c715a8a7c5410614c0ebc39b419d74ff6bbfebe1ae623c77982010,acb8720b588a2b3e464e5b454612390568ec8ab1568dacf0d7269ed555a803d3,"[19432, 2918, 25, 31630, 410, 287, 1212, 21276, 1075, 1565, 1446, 2299, 504, 1378, 2155, 23859, 6, 323, 1565, 54214, 279, 42065, 374, 264, 10246, 323, 419, 11, 419, 374, 879, 498, 525, 2894, 419, 5699, 1023, 43418, 44486, 23281, 12983, 501, 42857, 315, 650, 9889, 487, 323, 7023, 2897, 13, 10294, 23361, 3819, 25]","[19432, 2918, 25, 362, 11045, 728, 11, 714, 73022, 594, 7990, 323, 77377, 11, 323, 806, 9947, 518, 33047, 26237, 24878, 1127, 429, 525, 678, 279, 803, 15978, 369, 862, 6853, 315, 1473, 1880, 11, 35046, 311, 264, 27190, 8381, 279, 4531, 594, 3545, 13398, 291, 323, 45896, 287, 82159, 13, 10294, 23361, 3819, 25]",55,55,True,"Writhing under dialogue like ` You're from two different worlds' and ` Tonight the maid is a lie and this, this is who you are,' this schlock-filled fairy tale hits new depths of unoriginality and predictability.","A tough go, but Leigh's depth and rigor, and his skill at inspiring accomplished portrayals that are all the more impressive for their lack of showiness, offsets to a notable degree the film's often-mined and despairing milieu.",tigges,True
sst_tigges_pythia_correct_test,442,sst-433,sst-8124,1,0,"Review Text: Its scenes and sensibility are all more than familiar, but it exudes a kind of nostalgic spy-movie charm and, at the same time, is so fresh and free of the usual thriller nonsense that it all seems to be happening for the first time. Review Sentiment:","Review Text: There's no denying the elaborateness of the artist's conceptions, nor his ability to depict them with outrageous elan, but really the whole series is so much pretentious nonsense, lavishly praised by those who equate obscurity with profundity. Review Sentiment:","'Review Text: Its scenes and sensibility are all more than familiar, but it exudes a kind of nostalgic spy-movie charm and, at the same time, is so fresh and free of the usual thriller nonsense that it all seems to be happening for the first time. Review Sentiment:'","""Review Text: There's no denying the elaborateness of the artist's conceptions, nor his ability to depict them with outrageous elan, but really the whole series is so much pretentious nonsense, lavishly praised by those who equate obscurity with profundity. Review Sentiment:""",52657669657720546578743a20497473207363656e657320616e642073656e736962696c6974792061726520616c6c206d6f7265207468616e2066616d696c6961722c20627574206974206578756465732061206b696e64206f66206e6f7374616c676963207370792d6d6f76696520636861726d20616e642c206174207468652073616d652074696d652c20697320736f20667265736820616e642066726565206f662074686520757375616c20746872696c6c6572206e6f6e73656e7365207468617420697420616c6c207365656d7320746f2062652068617070656e696e6720666f72207468652066697273742074696d652e205265766965772053656e74696d656e743a,52657669657720546578743a2054686572652773206e6f2064656e79696e672074686520656c61626f726174656e657373206f662074686520617274697374277320636f6e63657074696f6e732c206e6f7220686973206162696c69747920746f20646570696374207468656d2077697468206f7574726167656f757320656c616e2c20627574207265616c6c79207468652077686f6c652073657269657320697320736f206d7563682070726574656e74696f7573206e6f6e73656e73652c206c61766973686c7920707261697365642062792074686f73652077686f20657175617465206f627363757269747920776974682070726f66756e646974792e205265766965772053656e74696d656e743a,b2e8d934a16baab6384768f2c2198d3d0d9dd4271347fd75e5c7b5fcb3ab0ef8,8d446f25f5825a5212b2816c7e35cbd4f13e7e3d41262b2606abcd87c8385c4a,"[19432, 2918, 25, 11445, 16065, 323, 6097, 3147, 525, 678, 803, 1091, 11285, 11, 714, 432, 505, 28146, 264, 3093, 315, 82274, 21236, 1448, 6327, 31253, 323, 11, 518, 279, 1852, 882, 11, 374, 773, 7722, 323, 1910, 315, 279, 13475, 53361, 40802, 429, 432, 678, 4977, 311, 387, 12482, 369, 279, 1156, 882, 13, 10294, 23361, 3819, 25]","[19432, 2918, 25, 2619, 594, 902, 40466, 279, 24940, 13518, 433, 315, 279, 10049, 594, 390, 34928, 11, 6329, 806, 5726, 311, 42404, 1105, 448, 54488, 655, 276, 11, 714, 2167, 279, 4361, 4013, 374, 773, 1753, 4410, 97881, 40802, 11, 29483, 64823, 36375, 553, 1846, 879, 3232, 349, 7448, 3666, 448, 97570, 487, 13, 10294, 23361, 3819, 25]",59,59,True,"Its scenes and sensibility are all more than familiar, but it exudes a kind of nostalgic spy-movie charm and, at the same time, is so fresh and free of the usual thriller nonsense that it all seems to be happening for the first time.","There's no denying the elaborateness of the artist's conceptions, nor his ability to depict them with outrageous elan, but really the whole series is so much pretentious nonsense, lavishly praised by those who equate obscurity with profundity.",tigges,True
sst_tigges_pythia_correct_test,443,sst-8124,sst-433,0,1,"Review Text: There's no denying the elaborateness of the artist's conceptions, nor his ability to depict them with outrageous elan, but really the whole series is so much pretentious nonsense, lavishly praised by those who equate obscurity with profundity. Review Sentiment:","Review Text: Its scenes and sensibility are all more than familiar, but it exudes a kind of nostalgic spy-movie charm and, at the same time, is so fresh and free of the usual thriller nonsense that it all seems to be happening for the first time. Review Sentiment:","""Review Text: There's no denying the elaborateness of the artist's conceptions, nor his ability to depict them with outrageous elan, but really the whole series is so much pretentious nonsense, lavishly praised by those who equate obscurity with profundity. Review Sentiment:""","'Review Text: Its scenes and sensibility are all more than familiar, but it exudes a kind of nostalgic spy-movie charm and, at the same time, is so fresh and free of the usual thriller nonsense that it all seems to be happening for the first time. Review Sentiment:'",52657669657720546578743a2054686572652773206e6f2064656e79696e672074686520656c61626f726174656e657373206f662074686520617274697374277320636f6e63657074696f6e732c206e6f7220686973206162696c69747920746f20646570696374207468656d2077697468206f7574726167656f757320656c616e2c20627574207265616c6c79207468652077686f6c652073657269657320697320736f206d7563682070726574656e74696f7573206e6f6e73656e73652c206c61766973686c7920707261697365642062792074686f73652077686f20657175617465206f627363757269747920776974682070726f66756e646974792e205265766965772053656e74696d656e743a,52657669657720546578743a20497473207363656e657320616e642073656e736962696c6974792061726520616c6c206d6f7265207468616e2066616d696c6961722c20627574206974206578756465732061206b696e64206f66206e6f7374616c676963207370792d6d6f76696520636861726d20616e642c206174207468652073616d652074696d652c20697320736f20667265736820616e642066726565206f662074686520757375616c20746872696c6c6572206e6f6e73656e7365207468617420697420616c6c207365656d7320746f2062652068617070656e696e6720666f72207468652066697273742074696d652e205265766965772053656e74696d656e743a,8d446f25f5825a5212b2816c7e35cbd4f13e7e3d41262b2606abcd87c8385c4a,b2e8d934a16baab6384768f2c2198d3d0d9dd4271347fd75e5c7b5fcb3ab0ef8,"[19432, 2918, 25, 2619, 594, 902, 40466, 279, 24940, 13518, 433, 315, 279, 10049, 594, 390, 34928, 11, 6329, 806, 5726, 311, 42404, 1105, 448, 54488, 655, 276, 11, 714, 2167, 279, 4361, 4013, 374, 773, 1753, 4410, 97881, 40802, 11, 29483, 64823, 36375, 553, 1846, 879, 3232, 349, 7448, 3666, 448, 97570, 487, 13, 10294, 23361, 3819, 25]","[19432, 2918, 25, 11445, 16065, 323, 6097, 3147, 525, 678, 803, 1091, 11285, 11, 714, 432, 505, 28146, 264, 3093, 315, 82274, 21236, 1448, 6327, 31253, 323, 11, 518, 279, 1852, 882, 11, 374, 773, 7722, 323, 1910, 315, 279, 13475, 53361, 40802, 429, 432, 678, 4977, 311, 387, 12482, 369, 279, 1156, 882, 13, 10294, 23361, 3819, 25]",59,59,True,"There's no denying the elaborateness of the artist's conceptions, nor his ability to depict them with outrageous elan, but really the whole series is so much pretentious nonsense, lavishly praised by those who equate obscurity with profundity.","Its scenes and sensibility are all more than familiar, but it exudes a kind of nostalgic spy-movie charm and, at the same time, is so fresh and free of the usual thriller nonsense that it all seems to be happening for the first time.",tigges,True
